statistics_code;statistics_label;time_code;time_label;time;1_variable_code;1_variable_label;1_variable_attribute_code;1_variable_attribute_label;2_variable_code;2_variable_label;2_variable_attribute_code;2_variable_attribute_label;value;value_unit;value_variable_code;value_variable_label
14111;Allgemeine Bundestagswahlstatistik;STAG;Stichtag;1994-10-16;DINSG;Deutschland;DG;Deutschland;;;;;60452009;Anzahl;WAHL01;Wahlberechtigte
14111;;;;1994-10-16;DINSG;;DG;;;;;;79,0;Prozent;WAHLSR;Wahlbeteiligung
14111;;;;1994-10-16;DLAND;;01;Schleswig-Holstein;;;;;2113279;Anzahl;WAHL01;Wahlberechtigte
14111;;;;1994-10-16;DLAND;;01;;;;;;80,9;Prozent;WAHLSR;Wahlbeteiligung
14111;;;;1994-10-16;DLAND;;02;Hamburg;;;;;1241912;Anzahl;WAHL01;Wahlberechtigte
14111;;;;1994-10-16;DLAND;;02;;;;;;79,7;Prozent;WAHLSR;Wahlbeteiligung
14111;;;;1994-10-16;DLAND;;03;Niedersachsen;;;;;5886587;Anzahl;WAHL01;Wahlberechtigte
14111;;;;1994-10-16;DLAND;;03;;;;;;81,8;Prozent;WAHLSR;Wahlbeteiligung
14111;;;;1994-10-16;DLAND;;04;Bremen;;;;;510027;Anzahl;WAHL01;Wahlberechtigte
14111;;;;1994-10-16;DLAND;;04;;;;;;78,6;Prozent;WAHLSR;Wahlbeteiligung
14111;;;;1994-10-16;DLAND;;05;Nordrhein-Westfalen;;;;;13089684;Anzahl;WAHL01;Wahlberechtigte
14111;;;;1994-10-16;DLAND;;05;;;;;;81,9;Prozent;WAHLSR;Wahlbeteiligung
14111;;;;1994-10-16;DLAND;;06;Hessen;;;;;4290259;Anzahl;WAHL01;Wahlberechtigte
14111;;;;1994-10-16;DLAND;;06;;;;;;82,3;Prozent;WAHLSR;Wahlbeteiligung
14111;;;;1994-10-16;DLAND;;07;Rheinland-Pfalz;;;;;2985384;Anzahl;WAHL01;Wahlberechtigte
14111;;;;1994-10-16;DLAND;;07;;;;;;82,3;Prozent;WAHLSR;Wahlbeteiligung
14111;;;;1994-10-16;DLAND;;08;Baden-Württemberg;;;;;7205183;Anzahl;WAHL01;Wahlberechtigte
14111;;;;1994-10-16;DLAND;;08;;;;;;79,7;Prozent;WAHLSR;Wahlbeteiligung
14111;;;;1994-10-16;DLAND;;09;Bayern;;;;;8767500;Anzahl;WAHL01;Wahlberechtigte
14111;;;;1994-10-16;DLAND;;09;;;;;;76,9;Prozent;WAHLSR;Wahlbeteiligung
14111;;;;1994-10-16;DLAND;;10;Saarland;;;;;838131;Anzahl;WAHL01;Wahlberechtigte
14111;;;;1994-10-16;DLAND;;10;;;;;;83,5;Prozent;WAHLSR;Wahlbeteiligung
14111;;;;1994-10-16;DLAND;;11;Berlin;;;;;2505857;Anzahl;WAHL01;Wahlberechtigte
14111;;;;1994-10-16;DLAND;;11;;;;;;78,6;Prozent;WAHLSR;Wahlbeteiligung
14111;;;;1994-10-16;DLAND;;12;Brandenburg;;;;;1934963;Anzahl;WAHL01;Wahlberechtigte
14111;;;;1994-10-16;DLAND;;12;;;;;;71,5;Prozent;WAHLSR;Wahlbeteiligung
14111;;;;1994-10-16;DLAND;;13;Mecklenburg-Vorpommern;;;;;1379175;Anzahl;WAHL01;Wahlberechtigte
14111;;;;1994-10-16;DLAND;;13;;;;;;72,8;Prozent;WAHLSR;Wahlbeteiligung
14111;;;;1994-10-16;DLAND;;14;Sachsen;;;;;3592066;Anzahl;WAHL01;Wahlberechtigte
14111;;;;1994-10-16;DLAND;;14;;;;;;72,0;Prozent;WAHLSR;Wahlbeteiligung
14111;;;;1994-10-16;DLAND;;15;Sachsen-Anhalt;;;;;2156706;Anzahl;WAHL01;Wahlberechtigte
14111;;;;1994-10-16;DLAND;;15;;;;;;70,4;Prozent;WAHLSR;Wahlbeteiligung
14111;;;;1994-10-16;DLAND;;16;Thüringen;;;;;1955586;Anzahl;WAHL01;Wahlberechtigte
14111;;;;1994-10-16;DLAND;;16;;;;;;74,9;Prozent;WAHLSR;Wahlbeteiligung
14111;;;;1994-10-16;KREISE;;01001;Flensburg, kreisfreie Stadt;;;;;75,9;Prozent;WAHLSR;Wahlbeteiligung
14111;;;;1994-10-16;KREISE;;01001;;;;;;68987;Anzahl;WAHL01;Wahlberechtigte
14111;;;;1994-10-16;KREISE;;01002;Kiel, kreisfreie Stadt;;;;;78,6;Prozent;WAHLSR;Wahlbeteiligung
14111;;;;1994-10-16;KREISE;;01002;;;;;;190268;Anzahl;WAHL01;Wahlberechtigte
14111;;;;1994-10-16;KREISE;;01003;Lübeck, kreisfreie Stadt, Hansestadt;;;;;77,4;Prozent;WAHLSR;Wahlbeteiligung
14111;;;;1994-10-16;KREISE;;01003;;;;;;171209;Anzahl;WAHL01;Wahlberechtigte
14111;;;;1994-10-16;KREISE;;01004;Neumünster, kreisfreie Stadt;;;;;75,4;Prozent;WAHLSR;Wahlbeteiligung
14111;;;;1994-10-16;KREISE;;01004;;;;;;64327;Anzahl;WAHL01;Wahlberechtigte
14111;;;;1994-10-16;KREISE;;01051;Dithmarschen, Kreis;;;;;79,5;Prozent;WAHLSR;Wahlbeteiligung
14111;;;;1994-10-16;KREISE;;01051;;;;;;104806;Anzahl;WAHL01;Wahlberechtigte
14111;;;;1994-10-16;KREISE;;01053;Herzogtum Lauenburg, Kreis;;;;;82,7;Prozent;WAHLSR;Wahlbeteiligung
14111;;;;1994-10-16;KREISE;;01053;;;;;;131597;Anzahl;WAHL01;Wahlberechtigte
14111;;;;1994-10-16;KREISE;;01054;Nordfriesland, Kreis;;;;;78,6;Prozent;WAHLSR;Wahlbeteiligung
14111;;;;1994-10-16;KREISE;;01054;;;;;;123188;Anzahl;WAHL01;Wahlberechtigte
14111;;;;1994-10-16;KREISE;;01055;Ostholstein, Kreis;;;;;80,7;Prozent;WAHLSR;Wahlbeteiligung
14111;;;;1994-10-16;KREISE;;01055;;;;;;154611;Anzahl;WAHL01;Wahlberechtigte
14111;;;;1994-10-16;KREISE;;01056;Pinneberg, Kreis;;;;;83,7;Prozent;WAHLSR;Wahlbeteiligung
14111;;;;1994-10-16;KREISE;;01056;;;;;;216646;Anzahl;WAHL01;Wahlberechtigte
14111;;;;1994-10-16;KREISE;;01057;Plön, Kreis;;;;;84,0;Prozent;WAHLSR;Wahlbeteiligung
14111;;;;1994-10-16;KREISE;;01057;;;;;;95813;Anzahl;WAHL01;Wahlberechtigte
14111;;;;1994-10-16;KREISE;;01058;Rendsburg-Eckernförde, Kreis;;;;;82,3;Prozent;WAHLSR;Wahlbeteiligung
14111;;;;1994-10-16;KREISE;;01058;;;;;;200647;Anzahl;WAHL01;Wahlberechtigte
14111;;;;1994-10-16;KREISE;;01059;Schleswig-Flensburg, Kreis;;;;;81,3;Prozent;WAHLSR;Wahlbeteiligung
14111;;;;1994-10-16;KREISE;;01059;;;;;;143199;Anzahl;WAHL01;Wahlberechtigte
14111;;;;1994-10-16;KREISE;;01060;Segeberg, Kreis;;;;;81,2;Prozent;WAHLSR;Wahlbeteiligung
14111;;;;1994-10-16;KREISE;;01060;;;;;;180916;Anzahl;WAHL01;Wahlberechtigte
14111;;;;1994-10-16;KREISE;;01061;Steinburg, Kreis;;;;;80,8;Prozent;WAHLSR;Wahlbeteiligung
14111;;;;1994-10-16;KREISE;;01061;;;;;;103406;Anzahl;WAHL01;Wahlberechtigte
14111;;;;1994-10-16;KREISE;;01062;Stormarn, Kreis;;;;;84,5;Prozent;WAHLSR;Wahlbeteiligung
14111;;;;1994-10-16;KREISE;;01062;;;;;;163659;Anzahl;WAHL01;Wahlberechtigte
14111;;;;1994-10-16;KREISE;;02000;Hamburg, kreisfreie Stadt, Freie und Hansestadt;;;;;79,7;Prozent;WAHLSR;Wahlbeteiligung
14111;;;;1994-10-16;KREISE;;02000;;;;;;1241912;Anzahl;WAHL01;Wahlberechtigte
14111;;;;1994-10-16;KREISE;;03101;Braunschweig, kreisfreie Stadt;;;;;81,4;Prozent;WAHLSR;Wahlbeteiligung
14111;;;;1994-10-16;KREISE;;03101;;;;;;201833;Anzahl;WAHL01;Wahlberechtigte
14111;;;;1994-10-16;KREISE;;03102;Salzgitter, kreisfreie Stadt;;;;;80,4;Prozent;WAHLSR;Wahlbeteiligung
14111;;;;1994-10-16;KREISE;;03102;;;;;;86840;Anzahl;WAHL01;Wahlberechtigte
14111;;;;1994-10-16;KREISE;;03103;Wolfsburg, kreisfreie Stadt;;;;;81,8;Prozent;WAHLSR;Wahlbeteiligung
14111;;;;1994-10-16;KREISE;;03103;;;;;;95445;Anzahl;WAHL01;Wahlberechtigte
14111;;;;1994-10-16;KREISE;;03151;Gifhorn, Landkreis;;;;;82,8;Prozent;WAHLSR;Wahlbeteiligung
14111;;;;1994-10-16;KREISE;;03151;;;;;;116522;Anzahl;WAHL01;Wahlberechtigte
14111;;;;1994-10-16;KREISE;;03152;Göttingen, Landkreis;;;;;83,4;Prozent;WAHLSR;Wahlbeteiligung
14111;;;;1994-10-16;KREISE;;03152;;;;;;202552;Anzahl;WAHL01;Wahlberechtigte
14111;;;;1994-10-16;KREISE;;03153;Goslar, Landkreis;;;;;81,9;Prozent;WAHLSR;Wahlbeteiligung
14111;;;;1994-10-16;KREISE;;03153;;;;;;127719;Anzahl;WAHL01;Wahlberechtigte
14111;;;;1994-10-16;KREISE;;03154;Helmstedt, Landkreis;;;;;82,1;Prozent;WAHLSR;Wahlbeteiligung
14111;;;;1994-10-16;KREISE;;03154;;;;;;79967;Anzahl;WAHL01;Wahlberechtigte
14111;;;;1994-10-16;KREISE;;03155;Northeim, Landkreis;;;;;83,8;Prozent;WAHLSR;Wahlbeteiligung
14111;;;;1994-10-16;KREISE;;03155;;;;;;120676;Anzahl;WAHL01;Wahlberechtigte
14111;;;;1994-10-16;KREISE;;03156;Osterode am Harz, Landkreis;;;;;81,7;Prozent;WAHLSR;Wahlbeteiligung
14111;;;;1994-10-16;KREISE;;03156;;;;;;70604;Anzahl;WAHL01;Wahlberechtigte
14111;;;;1994-10-16;KREISE;;03157;Peine, Landkreis;;;;;83,7;Prozent;WAHLSR;Wahlbeteiligung
14111;;;;1994-10-16;KREISE;;03157;;;;;;97179;Anzahl;WAHL01;Wahlberechtigte
14111;;;;1994-10-16;KREISE;;03158;Wolfenbüttel, Landkreis;;;;;84,7;Prozent;WAHLSR;Wahlbeteiligung
14111;;;;1994-10-16;KREISE;;03158;;;;;;94635;Anzahl;WAHL01;Wahlberechtigte
14111;;;;1994-10-16;KREISE;;03159;Göttingen, Landkreis;;;;;-;Prozent;WAHLSR;Wahlbeteiligung
14111;;;;1994-10-16;KREISE;;03159;;;;;;-;Anzahl;WAHL01;Wahlberechtigte
14111;;;;1994-10-16;KREISE;;03241;Region Hannover, Landkreis;;;;;82,7;Prozent;WAHLSR;Wahlbeteiligung
14111;;;;1994-10-16;KREISE;;03241;;;;;;837865;Anzahl;WAHL01;Wahlberechtigte
14111;;;;1994-10-16;KREISE;;03241001;Hannover, Landeshauptstadt;;;;;-;Prozent;WAHLSR;Wahlbeteiligung
14111;;;;1994-10-16;KREISE;;03241001;;;;;;-;Anzahl;WAHL01;Wahlberechtigte
14111;;;;1994-10-16;KREISE;;03251;Diepholz, Landkreis;;;;;79,5;Prozent;WAHLSR;Wahlbeteiligung
14111;;;;1994-10-16;KREISE;;03251;;;;;;155958;Anzahl;WAHL01;Wahlberechtigte
14111;;;;1994-10-16;KREISE;;03252;Hameln-Pyrmont, Landkreis;;;;;82,2;Prozent;WAHLSR;Wahlbeteiligung
14111;;;;1994-10-16;KREISE;;03252;;;;;;126168;Anzahl;WAHL01;Wahlberechtigte
14111;;;;1994-10-16;KREISE;;03254;Hildesheim, Landkreis;;;;;84,0;Prozent;WAHLSR;Wahlbeteiligung
14111;;;;1994-10-16;KREISE;;03254;;;;;;224843;Anzahl;WAHL01;Wahlberechtigte
14111;;;;1994-10-16;KREISE;;03255;Holzminden, Landkreis;;;;;83,9;Prozent;WAHLSR;Wahlbeteiligung
14111;;;;1994-10-16;KREISE;;03255;;;;;;65366;Anzahl;WAHL01;Wahlberechtigte
14111;;;;1994-10-16;KREISE;;03256;Nienburg (Weser), Landkreis;;;;;78,3;Prozent;WAHLSR;Wahlbeteiligung
14111;;;;1994-10-16;KREISE;;03256;;;;;;93916;Anzahl;WAHL01;Wahlberechtigte
14111;;;;1994-10-16;KREISE;;03257;Schaumburg, Landkreis;;;;;82,6;Prozent;WAHLSR;Wahlbeteiligung
14111;;;;1994-10-16;KREISE;;03257;;;;;;123437;Anzahl;WAHL01;Wahlberechtigte
14111;;;;1994-10-16;KREISE;;03351;Celle, Landkreis;;;;;81,0;Prozent;WAHLSR;Wahlbeteiligung
14111;;;;1994-10-16;KREISE;;03351;;;;;;134795;Anzahl;WAHL01;Wahlberechtigte
14111;;;;1994-10-16;KREISE;;03352;Cuxhaven, Landkreis;;;;;81,2;Prozent;WAHLSR;Wahlbeteiligung
14111;;;;1994-10-16;KREISE;;03352;;;;;;154262;Anzahl;WAHL01;Wahlberechtigte
14111;;;;1994-10-16;KREISE;;03353;Harburg, Landkreis;;;;;84,9;Prozent;WAHLSR;Wahlbeteiligung
14111;;;;1994-10-16;KREISE;;03353;;;;;;164634;Anzahl;WAHL01;Wahlberechtigte
14111;;;;1994-10-16;KREISE;;03354;Lüchow-Dannenberg, Landkreis;;;;;79,5;Prozent;WAHLSR;Wahlbeteiligung
14111;;;;1994-10-16;KREISE;;03354;;;;;;40717;Anzahl;WAHL01;Wahlberechtigte
14111;;;;1994-10-16;KREISE;;03355;Lüneburg, Landkreis;;;;;80,9;Prozent;WAHLSR;Wahlbeteiligung
14111;;;;1994-10-16;KREISE;;03355;;;;;;118607;Anzahl;WAHL01;Wahlberechtigte
14111;;;;1994-10-16;KREISE;;03356;Osterholz, Landkreis;;;;;82,4;Prozent;WAHLSR;Wahlbeteiligung
14111;;;;1994-10-16;KREISE;;03356;;;;;;81427;Anzahl;WAHL01;Wahlberechtigte
14111;;;;1994-10-16;KREISE;;03357;Rotenburg (Wümme), Landkreis;;;;;80,7;Prozent;WAHLSR;Wahlbeteiligung
14111;;;;1994-10-16;KREISE;;03357;;;;;;115150;Anzahl;WAHL01;Wahlberechtigte
14111;;;;1994-10-16;KREISE;;03358;Heidekreis;;;;;80,4;Prozent;WAHLSR;Wahlbeteiligung
14111;;;;1994-10-16;KREISE;;03358;;;;;;101776;Anzahl;WAHL01;Wahlberechtigte
14111;;;;1994-10-16;KREISE;;03359;Stade, Landkreis;;;;;81,4;Prozent;WAHLSR;Wahlbeteiligung
14111;;;;1994-10-16;KREISE;;03359;;;;;;138730;Anzahl;WAHL01;Wahlberechtigte
14111;;;;1994-10-16;KREISE;;03360;Uelzen, Landkreis;;;;;81,7;Prozent;WAHLSR;Wahlbeteiligung
14111;;;;1994-10-16;KREISE;;03360;;;;;;76784;Anzahl;WAHL01;Wahlberechtigte
14111;;;;1994-10-16;KREISE;;03361;Verden, Landkreis;;;;;82,1;Prozent;WAHLSR;Wahlbeteiligung
14111;;;;1994-10-16;KREISE;;03361;;;;;;95792;Anzahl;WAHL01;Wahlberechtigte
14111;;;;1994-10-16;KREISE;;03401;Delmenhorst, kreisfreie Stadt;;;;;78,2;Prozent;WAHLSR;Wahlbeteiligung
14111;;;;1994-10-16;KREISE;;03401;;;;;;59010;Anzahl;WAHL01;Wahlberechtigte
14111;;;;1994-10-16;KREISE;;03402;Emden, kreisfreie Stadt;;;;;77,7;Prozent;WAHLSR;Wahlbeteiligung
14111;;;;1994-10-16;KREISE;;03402;;;;;;39720;Anzahl;WAHL01;Wahlberechtigte
14111;;;;1994-10-16;KREISE;;03403;Oldenburg (Oldb), kreisfreie Stadt;;;;;80,1;Prozent;WAHLSR;Wahlbeteiligung
14111;;;;1994-10-16;KREISE;;03403;;;;;;117085;Anzahl;WAHL01;Wahlberechtigte
14111;;;;1994-10-16;KREISE;;03404;Osnabrück, kreisfreie Stadt;;;;;81,4;Prozent;WAHLSR;Wahlbeteiligung
14111;;;;1994-10-16;KREISE;;03404;;;;;;123002;Anzahl;WAHL01;Wahlberechtigte
14111;;;;1994-10-16;KREISE;;03405;Wilhelmshaven, kreisfreie Stadt;;;;;79,5;Prozent;WAHLSR;Wahlbeteiligung
14111;;;;1994-10-16;KREISE;;03405;;;;;;71365;Anzahl;WAHL01;Wahlberechtigte
14111;;;;1994-10-16;KREISE;;03451;Ammerland, Landkreis;;;;;79,0;Prozent;WAHLSR;Wahlbeteiligung
14111;;;;1994-10-16;KREISE;;03451;;;;;;78995;Anzahl;WAHL01;Wahlberechtigte
14111;;;;1994-10-16;KREISE;;03452;Aurich, Landkreis;;;;;80,2;Prozent;WAHLSR;Wahlbeteiligung
14111;;;;1994-10-16;KREISE;;03452;;;;;;138469;Anzahl;WAHL01;Wahlberechtigte
14111;;;;1994-10-16;KREISE;;03453;Cloppenburg, Landkreis;;;;;79,5;Prozent;WAHLSR;Wahlbeteiligung
14111;;;;1994-10-16;KREISE;;03453;;;;;;98220;Anzahl;WAHL01;Wahlberechtigte
14111;;;;1994-10-16;KREISE;;03454;Emsland, Landkreis;;;;;81,7;Prozent;WAHLSR;Wahlbeteiligung
14111;;;;1994-10-16;KREISE;;03454;;;;;;206839;Anzahl;WAHL01;Wahlberechtigte
14111;;;;1994-10-16;KREISE;;03455;Friesland, Landkreis;;;;;80,6;Prozent;WAHLSR;Wahlbeteiligung
14111;;;;1994-10-16;KREISE;;03455;;;;;;76142;Anzahl;WAHL01;Wahlberechtigte
14111;;;;1994-10-16;KREISE;;03456;Grafschaft Bentheim, Landkreis;;;;;82,9;Prozent;WAHLSR;Wahlbeteiligung
14111;;;;1994-10-16;KREISE;;03456;;;;;;90006;Anzahl;WAHL01;Wahlberechtigte
14111;;;;1994-10-16;KREISE;;03457;Leer, Landkreis;;;;;79,0;Prozent;WAHLSR;Wahlbeteiligung
14111;;;;1994-10-16;KREISE;;03457;;;;;;116079;Anzahl;WAHL01;Wahlberechtigte
14111;;;;1994-10-16;KREISE;;03458;Oldenburg, Landkreis;;;;;81,3;Prozent;WAHLSR;Wahlbeteiligung
14111;;;;1994-10-16;KREISE;;03458;;;;;;85353;Anzahl;WAHL01;Wahlberechtigte
14111;;;;1994-10-16;KREISE;;03459;Osnabrück, Landkreis;;;;;84,0;Prozent;WAHLSR;Wahlbeteiligung
14111;;;;1994-10-16;KREISE;;03459;;;;;;247077;Anzahl;WAHL01;Wahlberechtigte
14111;;;;1994-10-16;KREISE;;03460;Vechta, Landkreis;;;;;82,6;Prozent;WAHLSR;Wahlbeteiligung
14111;;;;1994-10-16;KREISE;;03460;;;;;;81615;Anzahl;WAHL01;Wahlberechtigte
14111;;;;1994-10-16;KREISE;;03461;Wesermarsch, Landkreis;;;;;78,9;Prozent;WAHLSR;Wahlbeteiligung
14111;;;;1994-10-16;KREISE;;03461;;;;;;71408;Anzahl;WAHL01;Wahlberechtigte
14111;;;;1994-10-16;KREISE;;03462;Wittmund, Landkreis;;;;;76,5;Prozent;WAHLSR;Wahlbeteiligung
14111;;;;1994-10-16;KREISE;;03462;;;;;;42003;Anzahl;WAHL01;Wahlberechtigte
14111;;;;1994-10-16;KREISE;;04011;Bremen, kreisfreie Stadt;;;;;79,3;Prozent;WAHLSR;Wahlbeteiligung
14111;;;;1994-10-16;KREISE;;04011;;;;;;413297;Anzahl;WAHL01;Wahlberechtigte
14111;;;;1994-10-16;KREISE;;04012;Bremerhaven, kreisfreie Stadt;;;;;75,4;Prozent;WAHLSR;Wahlbeteiligung
14111;;;;1994-10-16;KREISE;;04012;;;;;;96730;Anzahl;WAHL01;Wahlberechtigte
14111;;;;1994-10-16;KREISE;;05111;Düsseldorf, kreisfreie Stadt;;;;;79,6;Prozent;WAHLSR;Wahlbeteiligung
14111;;;;1994-10-16;KREISE;;05111;;;;;;422916;Anzahl;WAHL01;Wahlberechtigte
14111;;;;1994-10-16;KREISE;;05112;Duisburg, kreisfreie Stadt;;;;;78,3;Prozent;WAHLSR;Wahlbeteiligung
14111;;;;1994-10-16;KREISE;;05112;;;;;;379804;Anzahl;WAHL01;Wahlberechtigte
14111;;;;1994-10-16;KREISE;;05113;Essen, kreisfreie Stadt;;;;;78,7;Prozent;WAHLSR;Wahlbeteiligung
14111;;;;1994-10-16;KREISE;;05113;;;;;;479248;Anzahl;WAHL01;Wahlberechtigte
14111;;;;1994-10-16;KREISE;;05114;Krefeld, kreisfreie Stadt;;;;;78,4;Prozent;WAHLSR;Wahlbeteiligung
14111;;;;1994-10-16;KREISE;;05114;;;;;;173638;Anzahl;WAHL01;Wahlberechtigte
14111;;;;1994-10-16;KREISE;;05116;Mönchengladbach, kreisfreie Stadt;;;;;76,0;Prozent;WAHLSR;Wahlbeteiligung
14111;;;;1994-10-16;KREISE;;05116;;;;;;199897;Anzahl;WAHL01;Wahlberechtigte
14111;;;;1994-10-16;KREISE;;05117;Mülheim an der Ruhr, kreisfreie Stadt;;;;;83,2;Prozent;WAHLSR;Wahlbeteiligung
14111;;;;1994-10-16;KREISE;;05117;;;;;;136968;Anzahl;WAHL01;Wahlberechtigte
14111;;;;1994-10-16;KREISE;;05119;Oberhausen, kreisfreie Stadt;;;;;79,3;Prozent;WAHLSR;Wahlbeteiligung
14111;;;;1994-10-16;KREISE;;05119;;;;;;168207;Anzahl;WAHL01;Wahlberechtigte
14111;;;;1994-10-16;KREISE;;05120;Remscheid, kreisfreie Stadt;;;;;79,3;Prozent;WAHLSR;Wahlbeteiligung
14111;;;;1994-10-16;KREISE;;05120;;;;;;87742;Anzahl;WAHL01;Wahlberechtigte
14111;;;;1994-10-16;KREISE;;05122;Solingen, kreisfreie Stadt;;;;;80,3;Prozent;WAHLSR;Wahlbeteiligung
14111;;;;1994-10-16;KREISE;;05122;;;;;;118579;Anzahl;WAHL01;Wahlberechtigte
14111;;;;1994-10-16;KREISE;;05124;Wuppertal, kreisfreie Stadt;;;;;80,0;Prozent;WAHLSR;Wahlbeteiligung
14111;;;;1994-10-16;KREISE;;05124;;;;;;276966;Anzahl;WAHL01;Wahlberechtigte
14111;;;;1994-10-16;KREISE;;05154;Kleve, Kreis;;;;;82,6;Prozent;WAHLSR;Wahlbeteiligung
14111;;;;1994-10-16;KREISE;;05154;;;;;;203993;Anzahl;WAHL01;Wahlberechtigte
14111;;;;1994-10-16;KREISE;;05158;Mettmann, Kreis;;;;;82,9;Prozent;WAHLSR;Wahlbeteiligung
14111;;;;1994-10-16;KREISE;;05158;;;;;;373921;Anzahl;WAHL01;Wahlberechtigte
14111;;;;1994-10-16;KREISE;;05162;Rhein-Kreis Neuss;;;;;83,0;Prozent;WAHLSR;Wahlbeteiligung
14111;;;;1994-10-16;KREISE;;05162;;;;;;316560;Anzahl;WAHL01;Wahlberechtigte
14111;;;;1994-10-16;KREISE;;05166;Viersen, Kreis;;;;;81,4;Prozent;WAHLSR;Wahlbeteiligung
14111;;;;1994-10-16;KREISE;;05166;;;;;;209870;Anzahl;WAHL01;Wahlberechtigte
14111;;;;1994-10-16;KREISE;;05170;Wesel, Kreis;;;;;82,6;Prozent;WAHLSR;Wahlbeteiligung
14111;;;;1994-10-16;KREISE;;05170;;;;;;338532;Anzahl;WAHL01;Wahlberechtigte
14111;;;;1994-10-16;KREISE;;05313;Aachen, Stadt (alt);;;;;-;Prozent;WAHLSR;Wahlbeteiligung
14111;;;;1994-10-16;KREISE;;05313;;;;;;-;Anzahl;WAHL01;Wahlberechtigte
14111;;;;1994-10-16;KREISE;;05314;Bonn, kreisfreie Stadt;;;;;84,3;Prozent;WAHLSR;Wahlbeteiligung
14111;;;;1994-10-16;KREISE;;05314;;;;;;218877;Anzahl;WAHL01;Wahlberechtigte
14111;;;;1994-10-16;KREISE;;05315;Köln, kreisfreie Stadt;;;;;79,1;Prozent;WAHLSR;Wahlbeteiligung
14111;;;;1994-10-16;KREISE;;05315;;;;;;672483;Anzahl;WAHL01;Wahlberechtigte
14111;;;;1994-10-16;KREISE;;05316;Leverkusen, kreisfreie Stadt;;;;;81,2;Prozent;WAHLSR;Wahlbeteiligung
14111;;;;1994-10-16;KREISE;;05316;;;;;;119080;Anzahl;WAHL01;Wahlberechtigte
14111;;;;1994-10-16;KREISE;;05334;Städteregion Aachen, Kreis;;;;;-;Prozent;WAHLSR;Wahlbeteiligung
14111;;;;1994-10-16;KREISE;;05334;;;;;;-;Anzahl;WAHL01;Wahlberechtigte
14111;;;;1994-10-16;KREISE;;05334002;Aachen, kreisfreie Stadt;;;;;82,7;Prozent;WAHLSR;Wahlbeteiligung
14111;;;;1994-10-16;KREISE;;05334002;;;;;;171634;Anzahl;WAHL01;Wahlberechtigte
14111;;;;1994-10-16;KREISE;;05354;Aachen, Kreis;;;;;84,1;Prozent;WAHLSR;Wahlbeteiligung
14111;;;;1994-10-16;KREISE;;05354;;;;;;221483;Anzahl;WAHL01;Wahlberechtigte
14111;;;;1994-10-16;KREISE;;05358;Düren, Kreis;;;;;83,7;Prozent;WAHLSR;Wahlbeteiligung
14111;;;;1994-10-16;KREISE;;05358;;;;;;188853;Anzahl;WAHL01;Wahlberechtigte
14111;;;;1994-10-16;KREISE;;05362;Rhein-Erft-Kreis;;;;;83,8;Prozent;WAHLSR;Wahlbeteiligung
14111;;;;1994-10-16;KREISE;;05362;;;;;;319745;Anzahl;WAHL01;Wahlberechtigte
14111;;;;1994-10-16;KREISE;;05366;Euskirchen, Kreis;;;;;83,5;Prozent;WAHLSR;Wahlbeteiligung
14111;;;;1994-10-16;KREISE;;05366;;;;;;135279;Anzahl;WAHL01;Wahlberechtigte
14111;;;;1994-10-16;KREISE;;05370;Heinsberg, Kreis;;;;;83,9;Prozent;WAHLSR;Wahlbeteiligung
14111;;;;1994-10-16;KREISE;;05370;;;;;;169767;Anzahl;WAHL01;Wahlberechtigte
14111;;;;1994-10-16;KREISE;;05374;Oberbergischer Kreis;;;;;83,1;Prozent;WAHLSR;Wahlbeteiligung
14111;;;;1994-10-16;KREISE;;05374;;;;;;201690;Anzahl;WAHL01;Wahlberechtigte
14111;;;;1994-10-16;KREISE;;05378;Rheinisch-Bergischer Kreis;;;;;85,3;Prozent;WAHLSR;Wahlbeteiligung
14111;;;;1994-10-16;KREISE;;05378;;;;;;202147;Anzahl;WAHL01;Wahlberechtigte
14111;;;;1994-10-16;KREISE;;05382;Rhein-Sieg-Kreis;;;;;84,9;Prozent;WAHLSR;Wahlbeteiligung
14111;;;;1994-10-16;KREISE;;05382;;;;;;392822;Anzahl;WAHL01;Wahlberechtigte
14111;;;;1994-10-16;KREISE;;05512;Bottrop, kreisfreie Stadt;;;;;82,5;Prozent;WAHLSR;Wahlbeteiligung
14111;;;;1994-10-16;KREISE;;05512;;;;;;90843;Anzahl;WAHL01;Wahlberechtigte
14111;;;;1994-10-16;KREISE;;05513;Gelsenkirchen, kreisfreie Stadt;;;;;77,3;Prozent;WAHLSR;Wahlbeteiligung
14111;;;;1994-10-16;KREISE;;05513;;;;;;213505;Anzahl;WAHL01;Wahlberechtigte
14111;;;;1994-10-16;KREISE;;05515;Münster, kreisfreie Stadt;;;;;85,1;Prozent;WAHLSR;Wahlbeteiligung
14111;;;;1994-10-16;KREISE;;05515;;;;;;204928;Anzahl;WAHL01;Wahlberechtigte
14111;;;;1994-10-16;KREISE;;05554;Borken, Kreis;;;;;83,1;Prozent;WAHLSR;Wahlbeteiligung
14111;;;;1994-10-16;KREISE;;05554;;;;;;240610;Anzahl;WAHL01;Wahlberechtigte
14111;;;;1994-10-16;KREISE;;05558;Coesfeld, Kreis;;;;;85,1;Prozent;WAHLSR;Wahlbeteiligung
14111;;;;1994-10-16;KREISE;;05558;;;;;;146282;Anzahl;WAHL01;Wahlberechtigte
14111;;;;1994-10-16;KREISE;;05562;Recklinghausen, Kreis;;;;;81,8;Prozent;WAHLSR;Wahlbeteiligung
14111;;;;1994-10-16;KREISE;;05562;;;;;;495376;Anzahl;WAHL01;Wahlberechtigte
14111;;;;1994-10-16;KREISE;;05566;Steinfurt, Kreis;;;;;83,8;Prozent;WAHLSR;Wahlbeteiligung
14111;;;;1994-10-16;KREISE;;05566;;;;;;303616;Anzahl;WAHL01;Wahlberechtigte
14111;;;;1994-10-16;KREISE;;05570;Warendorf, Kreis;;;;;84,4;Prozent;WAHLSR;Wahlbeteiligung
14111;;;;1994-10-16;KREISE;;05570;;;;;;196791;Anzahl;WAHL01;Wahlberechtigte
14111;;;;1994-10-16;KREISE;;05711;Bielefeld, kreisfreie Stadt;;;;;82,8;Prozent;WAHLSR;Wahlbeteiligung
14111;;;;1994-10-16;KREISE;;05711;;;;;;238615;Anzahl;WAHL01;Wahlberechtigte
14111;;;;1994-10-16;KREISE;;05754;Gütersloh, Kreis;;;;;82,3;Prozent;WAHLSR;Wahlbeteiligung
14111;;;;1994-10-16;KREISE;;05754;;;;;;235637;Anzahl;WAHL01;Wahlberechtigte
14111;;;;1994-10-16;KREISE;;05758;Herford, Kreis;;;;;82,8;Prozent;WAHLSR;Wahlbeteiligung
14111;;;;1994-10-16;KREISE;;05758;;;;;;189745;Anzahl;WAHL01;Wahlberechtigte
14111;;;;1994-10-16;KREISE;;05762;Höxter, Kreis;;;;;84,8;Prozent;WAHLSR;Wahlbeteiligung
14111;;;;1994-10-16;KREISE;;05762;;;;;;115446;Anzahl;WAHL01;Wahlberechtigte
14111;;;;1994-10-16;KREISE;;05766;Lippe, Kreis;;;;;83,0;Prozent;WAHLSR;Wahlbeteiligung
14111;;;;1994-10-16;KREISE;;05766;;;;;;270988;Anzahl;WAHL01;Wahlberechtigte
14111;;;;1994-10-16;KREISE;;05770;Minden-Lübbecke, Kreis;;;;;81,5;Prozent;WAHLSR;Wahlbeteiligung
14111;;;;1994-10-16;KREISE;;05770;;;;;;239848;Anzahl;WAHL01;Wahlberechtigte
14111;;;;1994-10-16;KREISE;;05774;Paderborn, Kreis;;;;;81,9;Prozent;WAHLSR;Wahlbeteiligung
14111;;;;1994-10-16;KREISE;;05774;;;;;;196227;Anzahl;WAHL01;Wahlberechtigte
14111;;;;1994-10-16;KREISE;;05911;Bochum, kreisfreie Stadt;;;;;81,8;Prozent;WAHLSR;Wahlbeteiligung
14111;;;;1994-10-16;KREISE;;05911;;;;;;302833;Anzahl;WAHL01;Wahlberechtigte
14111;;;;1994-10-16;KREISE;;05913;Dortmund, kreisfreie Stadt;;;;;80,7;Prozent;WAHLSR;Wahlbeteiligung
14111;;;;1994-10-16;KREISE;;05913;;;;;;443709;Anzahl;WAHL01;Wahlberechtigte
14111;;;;1994-10-16;KREISE;;05914;Hagen, kreisfreie Stadt;;;;;79,2;Prozent;WAHLSR;Wahlbeteiligung
14111;;;;1994-10-16;KREISE;;05914;;;;;;156899;Anzahl;WAHL01;Wahlberechtigte
14111;;;;1994-10-16;KREISE;;05915;Hamm, kreisfreie Stadt;;;;;81,1;Prozent;WAHLSR;Wahlbeteiligung
14111;;;;1994-10-16;KREISE;;05915;;;;;;131778;Anzahl;WAHL01;Wahlberechtigte
14111;;;;1994-10-16;KREISE;;05916;Herne, kreisfreie Stadt;;;;;79,4;Prozent;WAHLSR;Wahlbeteiligung
14111;;;;1994-10-16;KREISE;;05916;;;;;;130014;Anzahl;WAHL01;Wahlberechtigte
14111;;;;1994-10-16;KREISE;;05954;Ennepe-Ruhr-Kreis;;;;;83,7;Prozent;WAHLSR;Wahlbeteiligung
14111;;;;1994-10-16;KREISE;;05954;;;;;;269230;Anzahl;WAHL01;Wahlberechtigte
14111;;;;1994-10-16;KREISE;;05958;Hochsauerlandkreis;;;;;84,2;Prozent;WAHLSR;Wahlbeteiligung
14111;;;;1994-10-16;KREISE;;05958;;;;;;208553;Anzahl;WAHL01;Wahlberechtigte
14111;;;;1994-10-16;KREISE;;05962;Märkischer Kreis;;;;;80,2;Prozent;WAHLSR;Wahlbeteiligung
14111;;;;1994-10-16;KREISE;;05962;;;;;;324811;Anzahl;WAHL01;Wahlberechtigte
14111;;;;1994-10-16;KREISE;;05966;Olpe, Kreis;;;;;84,2;Prozent;WAHLSR;Wahlbeteiligung
14111;;;;1994-10-16;KREISE;;05966;;;;;;98823;Anzahl;WAHL01;Wahlberechtigte
14111;;;;1994-10-16;KREISE;;05970;Siegen-Wittgenstein, Kreis;;;;;83,7;Prozent;WAHLSR;Wahlbeteiligung
14111;;;;1994-10-16;KREISE;;05970;;;;;;220024;Anzahl;WAHL01;Wahlberechtigte
14111;;;;1994-10-16;KREISE;;05974;Soest, Kreis;;;;;82,4;Prozent;WAHLSR;Wahlbeteiligung
14111;;;;1994-10-16;KREISE;;05974;;;;;;215381;Anzahl;WAHL01;Wahlberechtigte
14111;;;;1994-10-16;KREISE;;05978;Unna, Kreis;;;;;83,3;Prozent;WAHLSR;Wahlbeteiligung
14111;;;;1994-10-16;KREISE;;05978;;;;;;308471;Anzahl;WAHL01;Wahlberechtigte
14111;;;;1994-10-16;KREISE;;06411;Darmstadt, kreisfreie Stadt, Wissenschaftsstadt;;;;;81,5;Prozent;WAHLSR;Wahlbeteiligung
14111;;;;1994-10-16;KREISE;;06411;;;;;;99713;Anzahl;WAHL01;Wahlberechtigte
14111;;;;1994-10-16;KREISE;;06412;Frankfurt am Main, kreisfreie Stadt;;;;;80,0;Prozent;WAHLSR;Wahlbeteiligung
14111;;;;1994-10-16;KREISE;;06412;;;;;;390584;Anzahl;WAHL01;Wahlberechtigte
14111;;;;1994-10-16;KREISE;;06413;Offenbach am Main, kreisfreie Stadt;;;;;78,4;Prozent;WAHLSR;Wahlbeteiligung
14111;;;;1994-10-16;KREISE;;06413;;;;;;73014;Anzahl;WAHL01;Wahlberechtigte
14111;;;;1994-10-16;KREISE;;06414;Wiesbaden, kreisfreie Stadt, Landeshauptstadt;;;;;80,8;Prozent;WAHLSR;Wahlbeteiligung
14111;;;;1994-10-16;KREISE;;06414;;;;;;189145;Anzahl;WAHL01;Wahlberechtigte
14111;;;;1994-10-16;KREISE;;06415;Hanau, kreisfreie Stadt;;;;;-;Prozent;WAHLSR;Wahlbeteiligung
14111;;;;1994-10-16;KREISE;;06415;;;;;;-;Anzahl;WAHL01;Wahlberechtigte
14111;;;;1994-10-16;KREISE;;06431;Bergstraße, Landkreis;;;;;83,1;Prozent;WAHLSR;Wahlbeteiligung
14111;;;;1994-10-16;KREISE;;06431;;;;;;193117;Anzahl;WAHL01;Wahlberechtigte
14111;;;;1994-10-16;KREISE;;06432;Darmstadt-Dieburg, Landkreis;;;;;83,8;Prozent;WAHLSR;Wahlbeteiligung
14111;;;;1994-10-16;KREISE;;06432;;;;;;198114;Anzahl;WAHL01;Wahlberechtigte
14111;;;;1994-10-16;KREISE;;06433;Groß-Gerau, Landkreis;;;;;83,7;Prozent;WAHLSR;Wahlbeteiligung
14111;;;;1994-10-16;KREISE;;06433;;;;;;165491;Anzahl;WAHL01;Wahlberechtigte
14111;;;;1994-10-16;KREISE;;06434;Hochtaunuskreis;;;;;84,8;Prozent;WAHLSR;Wahlbeteiligung
14111;;;;1994-10-16;KREISE;;06434;;;;;;161149;Anzahl;WAHL01;Wahlberechtigte
14111;;;;1994-10-16;KREISE;;06435;Main-Kinzig-Kreis;;;;;81,5;Prozent;WAHLSR;Wahlbeteiligung
14111;;;;1994-10-16;KREISE;;06435;;;;;;287026;Anzahl;WAHL01;Wahlberechtigte
14111;;;;1994-10-16;KREISE;;06436;Main-Taunus-Kreis;;;;;85,4;Prozent;WAHLSR;Wahlbeteiligung
14111;;;;1994-10-16;KREISE;;06436;;;;;;156012;Anzahl;WAHL01;Wahlberechtigte
14111;;;;1994-10-16;KREISE;;06437;Odenwaldkreis;;;;;82,5;Prozent;WAHLSR;Wahlbeteiligung
14111;;;;1994-10-16;KREISE;;06437;;;;;;70210;Anzahl;WAHL01;Wahlberechtigte
14111;;;;1994-10-16;KREISE;;06438;Offenbach, Landkreis;;;;;84,1;Prozent;WAHLSR;Wahlbeteiligung
14111;;;;1994-10-16;KREISE;;06438;;;;;;229903;Anzahl;WAHL01;Wahlberechtigte
14111;;;;1994-10-16;KREISE;;06439;Rheingau-Taunus-Kreis;;;;;83,4;Prozent;WAHLSR;Wahlbeteiligung
14111;;;;1994-10-16;KREISE;;06439;;;;;;133010;Anzahl;WAHL01;Wahlberechtigte
14111;;;;1994-10-16;KREISE;;06440;Wetteraukreis;;;;;81,7;Prozent;WAHLSR;Wahlbeteiligung
14111;;;;1994-10-16;KREISE;;06440;;;;;;207477;Anzahl;WAHL01;Wahlberechtigte
14111;;;;1994-10-16;KREISE;;06531;Gießen, Landkreis;;;;;82,0;Prozent;WAHLSR;Wahlbeteiligung
14111;;;;1994-10-16;KREISE;;06531;;;;;;183270;Anzahl;WAHL01;Wahlberechtigte
14111;;;;1994-10-16;KREISE;;06532;Lahn-Dill-Kreis;;;;;77,8;Prozent;WAHLSR;Wahlbeteiligung
14111;;;;1994-10-16;KREISE;;06532;;;;;;191754;Anzahl;WAHL01;Wahlberechtigte
14111;;;;1994-10-16;KREISE;;06533;Limburg-Weilburg, Landkreis;;;;;81,8;Prozent;WAHLSR;Wahlbeteiligung
14111;;;;1994-10-16;KREISE;;06533;;;;;;126461;Anzahl;WAHL01;Wahlberechtigte
14111;;;;1994-10-16;KREISE;;06534;Marburg-Biedenkopf, Landkreis;;;;;82,7;Prozent;WAHLSR;Wahlbeteiligung
14111;;;;1994-10-16;KREISE;;06534;;;;;;181254;Anzahl;WAHL01;Wahlberechtigte
14111;;;;1994-10-16;KREISE;;06535;Vogelsbergkreis;;;;;81,3;Prozent;WAHLSR;Wahlbeteiligung
14111;;;;1994-10-16;KREISE;;06535;;;;;;91278;Anzahl;WAHL01;Wahlberechtigte
14111;;;;1994-10-16;KREISE;;06611;Kassel, kreisfreie Stadt, documenta-Stadt;;;;;79,6;Prozent;WAHLSR;Wahlbeteiligung
14111;;;;1994-10-16;KREISE;;06611;;;;;;145538;Anzahl;WAHL01;Wahlberechtigte
14111;;;;1994-10-16;KREISE;;06631;Fulda, Landkreis;;;;;84,4;Prozent;WAHLSR;Wahlbeteiligung
14111;;;;1994-10-16;KREISE;;06631;;;;;;156845;Anzahl;WAHL01;Wahlberechtigte
14111;;;;1994-10-16;KREISE;;06632;Hersfeld-Rotenburg, Landkreis;;;;;83,6;Prozent;WAHLSR;Wahlbeteiligung
14111;;;;1994-10-16;KREISE;;06632;;;;;;103223;Anzahl;WAHL01;Wahlberechtigte
14111;;;;1994-10-16;KREISE;;06633;Kassel, Landkreis;;;;;85,2;Prozent;WAHLSR;Wahlbeteiligung
14111;;;;1994-10-16;KREISE;;06633;;;;;;187904;Anzahl;WAHL01;Wahlberechtigte
14111;;;;1994-10-16;KREISE;;06634;Schwalm-Eder-Kreis;;;;;85,1;Prozent;WAHLSR;Wahlbeteiligung
14111;;;;1994-10-16;KREISE;;06634;;;;;;147881;Anzahl;WAHL01;Wahlberechtigte
14111;;;;1994-10-16;KREISE;;06635;Waldeck-Frankenberg, Landkreis;;;;;81,0;Prozent;WAHLSR;Wahlbeteiligung
14111;;;;1994-10-16;KREISE;;06635;;;;;;127850;Anzahl;WAHL01;Wahlberechtigte
14111;;;;1994-10-16;KREISE;;06636;Werra-Meißner-Kreis;;;;;83,5;Prozent;WAHLSR;Wahlbeteiligung
14111;;;;1994-10-16;KREISE;;06636;;;;;;93036;Anzahl;WAHL01;Wahlberechtigte
14111;;;;1994-10-16;KREISE;;07111;Koblenz, kreisfreie Stadt;;;;;80,9;Prozent;WAHLSR;Wahlbeteiligung
14111;;;;1994-10-16;KREISE;;07111;;;;;;85474;Anzahl;WAHL01;Wahlberechtigte
14111;;;;1994-10-16;KREISE;;07131;Ahrweiler, Landkreis;;;;;83,0;Prozent;WAHLSR;Wahlbeteiligung
14111;;;;1994-10-16;KREISE;;07131;;;;;;93244;Anzahl;WAHL01;Wahlberechtigte
14111;;;;1994-10-16;KREISE;;07132;Altenkirchen (Westerwald), Landkreis;;;;;82,9;Prozent;WAHLSR;Wahlbeteiligung
14111;;;;1994-10-16;KREISE;;07132;;;;;;99949;Anzahl;WAHL01;Wahlberechtigte
14111;;;;1994-10-16;KREISE;;07133;Bad Kreuznach, Landkreis;;;;;81,7;Prozent;WAHLSR;Wahlbeteiligung
14111;;;;1994-10-16;KREISE;;07133;;;;;;118140;Anzahl;WAHL01;Wahlberechtigte
14111;;;;1994-10-16;KREISE;;07134;Birkenfeld, Landkreis;;;;;79,2;Prozent;WAHLSR;Wahlbeteiligung
14111;;;;1994-10-16;KREISE;;07134;;;;;;71070;Anzahl;WAHL01;Wahlberechtigte
14111;;;;1994-10-16;KREISE;;07135;Cochem-Zell, Landkreis;;;;;84,7;Prozent;WAHLSR;Wahlbeteiligung
14111;;;;1994-10-16;KREISE;;07135;;;;;;51327;Anzahl;WAHL01;Wahlberechtigte
14111;;;;1994-10-16;KREISE;;07137;Mayen-Koblenz, Landkreis;;;;;81,9;Prozent;WAHLSR;Wahlbeteiligung
14111;;;;1994-10-16;KREISE;;07137;;;;;;155709;Anzahl;WAHL01;Wahlberechtigte
14111;;;;1994-10-16;KREISE;;07138;Neuwied, Landkreis;;;;;82,0;Prozent;WAHLSR;Wahlbeteiligung
14111;;;;1994-10-16;KREISE;;07138;;;;;;132428;Anzahl;WAHL01;Wahlberechtigte
14111;;;;1994-10-16;KREISE;;07140;Rhein-Hunsrück-Kreis;;;;;83,6;Prozent;WAHLSR;Wahlbeteiligung
14111;;;;1994-10-16;KREISE;;07140;;;;;;77766;Anzahl;WAHL01;Wahlberechtigte
14111;;;;1994-10-16;KREISE;;07141;Rhein-Lahn-Kreis;;;;;83,2;Prozent;WAHLSR;Wahlbeteiligung
14111;;;;1994-10-16;KREISE;;07141;;;;;;97743;Anzahl;WAHL01;Wahlberechtigte
14111;;;;1994-10-16;KREISE;;07143;Westerwaldkreis;;;;;82,7;Prozent;WAHLSR;Wahlbeteiligung
14111;;;;1994-10-16;KREISE;;07143;;;;;;143628;Anzahl;WAHL01;Wahlberechtigte
14111;;;;1994-10-16;KREISE;;07211;Trier, kreisfreie Stadt;;;;;77,7;Prozent;WAHLSR;Wahlbeteiligung
14111;;;;1994-10-16;KREISE;;07211;;;;;;76883;Anzahl;WAHL01;Wahlberechtigte
14111;;;;1994-10-16;KREISE;;07231;Bernkastel-Wittlich, Landkreis;;;;;81,3;Prozent;WAHLSR;Wahlbeteiligung
14111;;;;1994-10-16;KREISE;;07231;;;;;;88014;Anzahl;WAHL01;Wahlberechtigte
14111;;;;1994-10-16;KREISE;;07232;Eifelkreis Bitburg-Prüm;;;;;81,4;Prozent;WAHLSR;Wahlbeteiligung
14111;;;;1994-10-16;KREISE;;07232;;;;;;73408;Anzahl;WAHL01;Wahlberechtigte
14111;;;;1994-10-16;KREISE;;07233;Vulkaneifel, Landkreis;;;;;82,4;Prozent;WAHLSR;Wahlbeteiligung
14111;;;;1994-10-16;KREISE;;07233;;;;;;48222;Anzahl;WAHL01;Wahlberechtigte
14111;;;;1994-10-16;KREISE;;07235;Trier-Saarburg, Landkreis;;;;;84,8;Prozent;WAHLSR;Wahlbeteiligung
14111;;;;1994-10-16;KREISE;;07235;;;;;;103107;Anzahl;WAHL01;Wahlberechtigte
14111;;;;1994-10-16;KREISE;;07311;Frankenthal (Pfalz), kreisfreie Stadt;;;;;81,2;Prozent;WAHLSR;Wahlbeteiligung
14111;;;;1994-10-16;KREISE;;07311;;;;;;34559;Anzahl;WAHL01;Wahlberechtigte
14111;;;;1994-10-16;KREISE;;07312;Kaiserslautern, kreisfreie Stadt;;;;;76,3;Prozent;WAHLSR;Wahlbeteiligung
14111;;;;1994-10-16;KREISE;;07312;;;;;;76301;Anzahl;WAHL01;Wahlberechtigte
14111;;;;1994-10-16;KREISE;;07313;Landau in der Pfalz, kreisfreie Stadt;;;;;80,4;Prozent;WAHLSR;Wahlbeteiligung
14111;;;;1994-10-16;KREISE;;07313;;;;;;29898;Anzahl;WAHL01;Wahlberechtigte
14111;;;;1994-10-16;KREISE;;07314;Ludwigshafen am Rhein, kreisfreie Stadt;;;;;79,9;Prozent;WAHLSR;Wahlbeteiligung
14111;;;;1994-10-16;KREISE;;07314;;;;;;112858;Anzahl;WAHL01;Wahlberechtigte
14111;;;;1994-10-16;KREISE;;07315;Mainz, kreisfreie Stadt;;;;;81,6;Prozent;WAHLSR;Wahlbeteiligung
14111;;;;1994-10-16;KREISE;;07315;;;;;;130065;Anzahl;WAHL01;Wahlberechtigte
14111;;;;1994-10-16;KREISE;;07316;Neustadt an der Weinstraße, kreisfreie Stadt;;;;;82,8;Prozent;WAHLSR;Wahlbeteiligung
14111;;;;1994-10-16;KREISE;;07316;;;;;;41683;Anzahl;WAHL01;Wahlberechtigte
14111;;;;1994-10-16;KREISE;;07317;Pirmasens, kreisfreie Stadt;;;;;73,9;Prozent;WAHLSR;Wahlbeteiligung
14111;;;;1994-10-16;KREISE;;07317;;;;;;39099;Anzahl;WAHL01;Wahlberechtigte
14111;;;;1994-10-16;KREISE;;07318;Speyer, kreisfreie Stadt;;;;;79,7;Prozent;WAHLSR;Wahlbeteiligung
14111;;;;1994-10-16;KREISE;;07318;;;;;;35990;Anzahl;WAHL01;Wahlberechtigte
14111;;;;1994-10-16;KREISE;;07319;Worms, kreisfreie Stadt;;;;;77,4;Prozent;WAHLSR;Wahlbeteiligung
14111;;;;1994-10-16;KREISE;;07319;;;;;;59467;Anzahl;WAHL01;Wahlberechtigte
14111;;;;1994-10-16;KREISE;;07320;Zweibrücken, kreisfreie Stadt;;;;;78,7;Prozent;WAHLSR;Wahlbeteiligung
14111;;;;1994-10-16;KREISE;;07320;;;;;;28077;Anzahl;WAHL01;Wahlberechtigte
14111;;;;1994-10-16;KREISE;;07331;Alzey-Worms, Landkreis;;;;;83,8;Prozent;WAHLSR;Wahlbeteiligung
14111;;;;1994-10-16;KREISE;;07331;;;;;;85475;Anzahl;WAHL01;Wahlberechtigte
14111;;;;1994-10-16;KREISE;;07332;Bad Dürkheim, Landkreis;;;;;84,5;Prozent;WAHLSR;Wahlbeteiligung
14111;;;;1994-10-16;KREISE;;07332;;;;;;99899;Anzahl;WAHL01;Wahlberechtigte
14111;;;;1994-10-16;KREISE;;07333;Donnersbergkreis;;;;;82,0;Prozent;WAHLSR;Wahlbeteiligung
14111;;;;1994-10-16;KREISE;;07333;;;;;;56488;Anzahl;WAHL01;Wahlberechtigte
14111;;;;1994-10-16;KREISE;;07334;Germersheim, Landkreis;;;;;83,9;Prozent;WAHLSR;Wahlbeteiligung
14111;;;;1994-10-16;KREISE;;07334;;;;;;84262;Anzahl;WAHL01;Wahlberechtigte
14111;;;;1994-10-16;KREISE;;07335;Kaiserslautern, Landkreis;;;;;83,5;Prozent;WAHLSR;Wahlbeteiligung
14111;;;;1994-10-16;KREISE;;07335;;;;;;81327;Anzahl;WAHL01;Wahlberechtigte
14111;;;;1994-10-16;KREISE;;07336;Kusel, Landkreis;;;;;82,0;Prozent;WAHLSR;Wahlbeteiligung
14111;;;;1994-10-16;KREISE;;07336;;;;;;62180;Anzahl;WAHL01;Wahlberechtigte
14111;;;;1994-10-16;KREISE;;07337;Südliche Weinstraße, Landkreis;;;;;85,1;Prozent;WAHLSR;Wahlbeteiligung
14111;;;;1994-10-16;KREISE;;07337;;;;;;81384;Anzahl;WAHL01;Wahlberechtigte
14111;;;;1994-10-16;KREISE;;07338;Rhein-Pfalz-Kreis;;;;;87,0;Prozent;WAHLSR;Wahlbeteiligung
14111;;;;1994-10-16;KREISE;;07338;;;;;;108373;Anzahl;WAHL01;Wahlberechtigte
14111;;;;1994-10-16;KREISE;;07339;Mainz-Bingen, Landkreis;;;;;85,0;Prozent;WAHLSR;Wahlbeteiligung
14111;;;;1994-10-16;KREISE;;07339;;;;;;139876;Anzahl;WAHL01;Wahlberechtigte
14111;;;;1994-10-16;KREISE;;07340;Südwestpfalz, Landkreis;;;;;85,5;Prozent;WAHLSR;Wahlbeteiligung
14111;;;;1994-10-16;KREISE;;07340;;;;;;82011;Anzahl;WAHL01;Wahlberechtigte
14111;;;;1994-10-16;KREISE;;08111;Stuttgart, Stadtkreis;;;;;80,4;Prozent;WAHLSR;Wahlbeteiligung
14111;;;;1994-10-16;KREISE;;08111;;;;;;372622;Anzahl;WAHL01;Wahlberechtigte
14111;;;;1994-10-16;KREISE;;08115;Böblingen, Landkreis;;;;;82,1;Prozent;WAHLSR;Wahlbeteiligung
14111;;;;1994-10-16;KREISE;;08115;;;;;;236022;Anzahl;WAHL01;Wahlberechtigte
14111;;;;1994-10-16;KREISE;;08116;Esslingen, Landkreis;;;;;82,5;Prozent;WAHLSR;Wahlbeteiligung
14111;;;;1994-10-16;KREISE;;08116;;;;;;338704;Anzahl;WAHL01;Wahlberechtigte
14111;;;;1994-10-16;KREISE;;08117;Göppingen, Landkreis;;;;;79,6;Prozent;WAHLSR;Wahlbeteiligung
14111;;;;1994-10-16;KREISE;;08117;;;;;;176878;Anzahl;WAHL01;Wahlberechtigte
14111;;;;1994-10-16;KREISE;;08118;Ludwigsburg, Landkreis;;;;;82,0;Prozent;WAHLSR;Wahlbeteiligung
14111;;;;1994-10-16;KREISE;;08118;;;;;;331127;Anzahl;WAHL01;Wahlberechtigte
14111;;;;1994-10-16;KREISE;;08119;Rems-Murr-Kreis, Landkreis;;;;;80,3;Prozent;WAHLSR;Wahlbeteiligung
14111;;;;1994-10-16;KREISE;;08119;;;;;;277384;Anzahl;WAHL01;Wahlberechtigte
14111;;;;1994-10-16;KREISE;;08121;Heilbronn, Stadtkreis;;;;;78,0;Prozent;WAHLSR;Wahlbeteiligung
14111;;;;1994-10-16;KREISE;;08121;;;;;;80959;Anzahl;WAHL01;Wahlberechtigte
14111;;;;1994-10-16;KREISE;;08125;Heilbronn, Landkreis;;;;;79,8;Prozent;WAHLSR;Wahlbeteiligung
14111;;;;1994-10-16;KREISE;;08125;;;;;;210449;Anzahl;WAHL01;Wahlberechtigte
14111;;;;1994-10-16;KREISE;;08126;Hohenlohekreis, Landkreis;;;;;78,8;Prozent;WAHLSR;Wahlbeteiligung
14111;;;;1994-10-16;KREISE;;08126;;;;;;72963;Anzahl;WAHL01;Wahlberechtigte
14111;;;;1994-10-16;KREISE;;08127;Schwäbisch Hall, Landkreis;;;;;76,9;Prozent;WAHLSR;Wahlbeteiligung
14111;;;;1994-10-16;KREISE;;08127;;;;;;128512;Anzahl;WAHL01;Wahlberechtigte
14111;;;;1994-10-16;KREISE;;08128;Main-Tauber-Kreis, Landkreis;;;;;79,8;Prozent;WAHLSR;Wahlbeteiligung
14111;;;;1994-10-16;KREISE;;08128;;;;;;100768;Anzahl;WAHL01;Wahlberechtigte
14111;;;;1994-10-16;KREISE;;08135;Heidenheim, Landkreis;;;;;79,7;Prozent;WAHLSR;Wahlbeteiligung
14111;;;;1994-10-16;KREISE;;08135;;;;;;96268;Anzahl;WAHL01;Wahlberechtigte
14111;;;;1994-10-16;KREISE;;08136;Ostalbkreis, Landkreis;;;;;79,7;Prozent;WAHLSR;Wahlbeteiligung
14111;;;;1994-10-16;KREISE;;08136;;;;;;220717;Anzahl;WAHL01;Wahlberechtigte
14111;;;;1994-10-16;KREISE;;08211;Baden-Baden, Stadtkreis;;;;;78,1;Prozent;WAHLSR;Wahlbeteiligung
14111;;;;1994-10-16;KREISE;;08211;;;;;;39630;Anzahl;WAHL01;Wahlberechtigte
14111;;;;1994-10-16;KREISE;;08212;Karlsruhe, Stadtkreis;;;;;77,8;Prozent;WAHLSR;Wahlbeteiligung
14111;;;;1994-10-16;KREISE;;08212;;;;;;203359;Anzahl;WAHL01;Wahlberechtigte
14111;;;;1994-10-16;KREISE;;08215;Karlsruhe, Landkreis;;;;;81,5;Prozent;WAHLSR;Wahlbeteiligung
14111;;;;1994-10-16;KREISE;;08215;;;;;;292601;Anzahl;WAHL01;Wahlberechtigte
14111;;;;1994-10-16;KREISE;;08216;Rastatt, Landkreis;;;;;77,9;Prozent;WAHLSR;Wahlbeteiligung
14111;;;;1994-10-16;KREISE;;08216;;;;;;158940;Anzahl;WAHL01;Wahlberechtigte
14111;;;;1994-10-16;KREISE;;08221;Heidelberg, Stadtkreis;;;;;81,1;Prozent;WAHLSR;Wahlbeteiligung
14111;;;;1994-10-16;KREISE;;08221;;;;;;94926;Anzahl;WAHL01;Wahlberechtigte
14111;;;;1994-10-16;KREISE;;08222;Mannheim, Stadtkreis;;;;;76,3;Prozent;WAHLSR;Wahlbeteiligung
14111;;;;1994-10-16;KREISE;;08222;;;;;;206485;Anzahl;WAHL01;Wahlberechtigte
14111;;;;1994-10-16;KREISE;;08225;Neckar-Odenwald-Kreis, Landkreis;;;;;79,8;Prozent;WAHLSR;Wahlbeteiligung
14111;;;;1994-10-16;KREISE;;08225;;;;;;105372;Anzahl;WAHL01;Wahlberechtigte
14111;;;;1994-10-16;KREISE;;08226;Rhein-Neckar-Kreis, Landkreis;;;;;83,3;Prozent;WAHLSR;Wahlbeteiligung
14111;;;;1994-10-16;KREISE;;08226;;;;;;371567;Anzahl;WAHL01;Wahlberechtigte
14111;;;;1994-10-16;KREISE;;08231;Pforzheim, Stadtkreis;;;;;75,4;Prozent;WAHLSR;Wahlbeteiligung
14111;;;;1994-10-16;KREISE;;08231;;;;;;80167;Anzahl;WAHL01;Wahlberechtigte
14111;;;;1994-10-16;KREISE;;08235;Calw, Landkreis;;;;;78,9;Prozent;WAHLSR;Wahlbeteiligung
14111;;;;1994-10-16;KREISE;;08235;;;;;;105709;Anzahl;WAHL01;Wahlberechtigte
14111;;;;1994-10-16;KREISE;;08236;Enzkreis, Landkreis;;;;;81,0;Prozent;WAHLSR;Wahlbeteiligung
14111;;;;1994-10-16;KREISE;;08236;;;;;;131264;Anzahl;WAHL01;Wahlberechtigte
14111;;;;1994-10-16;KREISE;;08237;Freudenstadt, Landkreis;;;;;77,0;Prozent;WAHLSR;Wahlbeteiligung
14111;;;;1994-10-16;KREISE;;08237;;;;;;83070;Anzahl;WAHL01;Wahlberechtigte
14111;;;;1994-10-16;KREISE;;08311;Freiburg im Breisgau, Stadtkreis;;;;;79,8;Prozent;WAHLSR;Wahlbeteiligung
14111;;;;1994-10-16;KREISE;;08311;;;;;;137569;Anzahl;WAHL01;Wahlberechtigte
14111;;;;1994-10-16;KREISE;;08315;Breisgau-Hochschwarzwald, Landkreis;;;;;80,5;Prozent;WAHLSR;Wahlbeteiligung
14111;;;;1994-10-16;KREISE;;08315;;;;;;167135;Anzahl;WAHL01;Wahlberechtigte
14111;;;;1994-10-16;KREISE;;08316;Emmendingen, Landkreis;;;;;78,9;Prozent;WAHLSR;Wahlbeteiligung
14111;;;;1994-10-16;KREISE;;08316;;;;;;108208;Anzahl;WAHL01;Wahlberechtigte
14111;;;;1994-10-16;KREISE;;08317;Ortenaukreis, Landkreis;;;;;76,7;Prozent;WAHLSR;Wahlbeteiligung
14111;;;;1994-10-16;KREISE;;08317;;;;;;290778;Anzahl;WAHL01;Wahlberechtigte
14111;;;;1994-10-16;KREISE;;08325;Rottweil, Landkreis;;;;;78,0;Prozent;WAHLSR;Wahlbeteiligung
14111;;;;1994-10-16;KREISE;;08325;;;;;;100522;Anzahl;WAHL01;Wahlberechtigte
14111;;;;1994-10-16;KREISE;;08326;Schwarzwald-Baar-Kreis, Landkreis;;;;;77,5;Prozent;WAHLSR;Wahlbeteiligung
14111;;;;1994-10-16;KREISE;;08326;;;;;;148010;Anzahl;WAHL01;Wahlberechtigte
14111;;;;1994-10-16;KREISE;;08327;Tuttlingen, Landkreis;;;;;79,2;Prozent;WAHLSR;Wahlbeteiligung
14111;;;;1994-10-16;KREISE;;08327;;;;;;90087;Anzahl;WAHL01;Wahlberechtigte
14111;;;;1994-10-16;KREISE;;08335;Konstanz, Landkreis;;;;;77,8;Prozent;WAHLSR;Wahlbeteiligung
14111;;;;1994-10-16;KREISE;;08335;;;;;;182435;Anzahl;WAHL01;Wahlberechtigte
14111;;;;1994-10-16;KREISE;;08336;Lörrach, Landkreis;;;;;76,5;Prozent;WAHLSR;Wahlbeteiligung
14111;;;;1994-10-16;KREISE;;08336;;;;;;150398;Anzahl;WAHL01;Wahlberechtigte
14111;;;;1994-10-16;KREISE;;08337;Waldshut, Landkreis;;;;;76,3;Prozent;WAHLSR;Wahlbeteiligung
14111;;;;1994-10-16;KREISE;;08337;;;;;;113755;Anzahl;WAHL01;Wahlberechtigte
14111;;;;1994-10-16;KREISE;;08415;Reutlingen, Landkreis;;;;;81,4;Prozent;WAHLSR;Wahlbeteiligung
14111;;;;1994-10-16;KREISE;;08415;;;;;;187353;Anzahl;WAHL01;Wahlberechtigte
14111;;;;1994-10-16;KREISE;;08416;Tübingen, Landkreis;;;;;83,2;Prozent;WAHLSR;Wahlbeteiligung
14111;;;;1994-10-16;KREISE;;08416;;;;;;134380;Anzahl;WAHL01;Wahlberechtigte
14111;;;;1994-10-16;KREISE;;08417;Zollernalbkreis, Landkreis;;;;;77,9;Prozent;WAHLSR;Wahlbeteiligung
14111;;;;1994-10-16;KREISE;;08417;;;;;;137249;Anzahl;WAHL01;Wahlberechtigte
14111;;;;1994-10-16;KREISE;;08421;Ulm, Stadtkreis;;;;;80,0;Prozent;WAHLSR;Wahlbeteiligung
14111;;;;1994-10-16;KREISE;;08421;;;;;;77302;Anzahl;WAHL01;Wahlberechtigte
14111;;;;1994-10-16;KREISE;;08425;Alb-Donau-Kreis, Landkreis;;;;;81,7;Prozent;WAHLSR;Wahlbeteiligung
14111;;;;1994-10-16;KREISE;;08425;;;;;;125627;Anzahl;WAHL01;Wahlberechtigte
14111;;;;1994-10-16;KREISE;;08426;Biberach, Landkreis;;;;;79,8;Prozent;WAHLSR;Wahlbeteiligung
14111;;;;1994-10-16;KREISE;;08426;;;;;;125334;Anzahl;WAHL01;Wahlberechtigte
14111;;;;1994-10-16;KREISE;;08435;Bodenseekreis, Landkreis;;;;;79,0;Prozent;WAHLSR;Wahlbeteiligung
14111;;;;1994-10-16;KREISE;;08435;;;;;;137726;Anzahl;WAHL01;Wahlberechtigte
14111;;;;1994-10-16;KREISE;;08436;Ravensburg, Landkreis;;;;;78,1;Prozent;WAHLSR;Wahlbeteiligung
14111;;;;1994-10-16;KREISE;;08436;;;;;;184077;Anzahl;WAHL01;Wahlberechtigte
14111;;;;1994-10-16;KREISE;;08437;Sigmaringen, Landkreis;;;;;77,9;Prozent;WAHLSR;Wahlbeteiligung
14111;;;;1994-10-16;KREISE;;08437;;;;;;90775;Anzahl;WAHL01;Wahlberechtigte
14111;;;;1994-10-16;KREISE;;09161;Ingolstadt, kreisfreie Stadt;;;;;72,8;Prozent;WAHLSR;Wahlbeteiligung
14111;;;;1994-10-16;KREISE;;09161;;;;;;78741;Anzahl;WAHL01;Wahlberechtigte
14111;;;;1994-10-16;KREISE;;09162;München, kreisfreie Stadt;;;;;74,7;Prozent;WAHLSR;Wahlbeteiligung
14111;;;;1994-10-16;KREISE;;09162;;;;;;847667;Anzahl;WAHL01;Wahlberechtigte
14111;;;;1994-10-16;KREISE;;09163;Rosenheim, kreisfreie Stadt;;;;;70,8;Prozent;WAHLSR;Wahlbeteiligung
14111;;;;1994-10-16;KREISE;;09163;;;;;;40961;Anzahl;WAHL01;Wahlberechtigte
14111;;;;1994-10-16;KREISE;;09171;Altötting, Landkreis;;;;;76,1;Prozent;WAHLSR;Wahlbeteiligung
14111;;;;1994-10-16;KREISE;;09171;;;;;;77962;Anzahl;WAHL01;Wahlberechtigte
14111;;;;1994-10-16;KREISE;;09172;Berchtesgadener Land, Landkreis;;;;;75,4;Prozent;WAHLSR;Wahlbeteiligung
14111;;;;1994-10-16;KREISE;;09172;;;;;;72013;Anzahl;WAHL01;Wahlberechtigte
14111;;;;1994-10-16;KREISE;;09173;Bad Tölz-Wolfratshausen, Landkreis;;;;;78,0;Prozent;WAHLSR;Wahlbeteiligung
14111;;;;1994-10-16;KREISE;;09173;;;;;;80701;Anzahl;WAHL01;Wahlberechtigte
14111;;;;1994-10-16;KREISE;;09174;Dachau, Landkreis;;;;;78,6;Prozent;WAHLSR;Wahlbeteiligung
14111;;;;1994-10-16;KREISE;;09174;;;;;;86457;Anzahl;WAHL01;Wahlberechtigte
14111;;;;1994-10-16;KREISE;;09175;Ebersberg, Landkreis;;;;;81,3;Prozent;WAHLSR;Wahlbeteiligung
14111;;;;1994-10-16;KREISE;;09175;;;;;;79678;Anzahl;WAHL01;Wahlberechtigte
14111;;;;1994-10-16;KREISE;;09176;Eichstätt, Landkreis;;;;;81,6;Prozent;WAHLSR;Wahlbeteiligung
14111;;;;1994-10-16;KREISE;;09176;;;;;;79809;Anzahl;WAHL01;Wahlberechtigte
14111;;;;1994-10-16;KREISE;;09177;Erding, Landkreis;;;;;76,0;Prozent;WAHLSR;Wahlbeteiligung
14111;;;;1994-10-16;KREISE;;09177;;;;;;73923;Anzahl;WAHL01;Wahlberechtigte
14111;;;;1994-10-16;KREISE;;09178;Freising, Landkreis;;;;;76,8;Prozent;WAHLSR;Wahlbeteiligung
14111;;;;1994-10-16;KREISE;;09178;;;;;;96398;Anzahl;WAHL01;Wahlberechtigte
14111;;;;1994-10-16;KREISE;;09179;Fürstenfeldbruck, Landkreis;;;;;80,4;Prozent;WAHLSR;Wahlbeteiligung
14111;;;;1994-10-16;KREISE;;09179;;;;;;138454;Anzahl;WAHL01;Wahlberechtigte
14111;;;;1994-10-16;KREISE;;09180;Garmisch-Partenkirchen, Landkreis;;;;;77,1;Prozent;WAHLSR;Wahlbeteiligung
14111;;;;1994-10-16;KREISE;;09180;;;;;;63791;Anzahl;WAHL01;Wahlberechtigte
14111;;;;1994-10-16;KREISE;;09181;Landsberg am Lech, Landkreis;;;;;76,6;Prozent;WAHLSR;Wahlbeteiligung
14111;;;;1994-10-16;KREISE;;09181;;;;;;71294;Anzahl;WAHL01;Wahlberechtigte
14111;;;;1994-10-16;KREISE;;09182;Miesbach, Landkreis;;;;;78,1;Prozent;WAHLSR;Wahlbeteiligung
14111;;;;1994-10-16;KREISE;;09182;;;;;;65907;Anzahl;WAHL01;Wahlberechtigte
14111;;;;1994-10-16;KREISE;;09183;Mühldorf a.Inn, Landkreis;;;;;73,7;Prozent;WAHLSR;Wahlbeteiligung
14111;;;;1994-10-16;KREISE;;09183;;;;;;77643;Anzahl;WAHL01;Wahlberechtigte
14111;;;;1994-10-16;KREISE;;09184;München, Landkreis;;;;;81,7;Prozent;WAHLSR;Wahlbeteiligung
14111;;;;1994-10-16;KREISE;;09184;;;;;;201957;Anzahl;WAHL01;Wahlberechtigte
14111;;;;1994-10-16;KREISE;;09185;Neuburg-Schrobenhausen, Landkreis;;;;;74,7;Prozent;WAHLSR;Wahlbeteiligung
14111;;;;1994-10-16;KREISE;;09185;;;;;;62995;Anzahl;WAHL01;Wahlberechtigte
14111;;;;1994-10-16;KREISE;;09186;Pfaffenhofen a.d.Ilm, Landkreis;;;;;75,6;Prozent;WAHLSR;Wahlbeteiligung
14111;;;;1994-10-16;KREISE;;09186;;;;;;75612;Anzahl;WAHL01;Wahlberechtigte
14111;;;;1994-10-16;KREISE;;09187;Rosenheim, Landkreis;;;;;76,7;Prozent;WAHLSR;Wahlbeteiligung
14111;;;;1994-10-16;KREISE;;09187;;;;;;160775;Anzahl;WAHL01;Wahlberechtigte
14111;;;;1994-10-16;KREISE;;09188;Starnberg, Landkreis;;;;;82,3;Prozent;WAHLSR;Wahlbeteiligung
14111;;;;1994-10-16;KREISE;;09188;;;;;;88811;Anzahl;WAHL01;Wahlberechtigte
14111;;;;1994-10-16;KREISE;;09189;Traunstein, Landkreis;;;;;76,3;Prozent;WAHLSR;Wahlbeteiligung
14111;;;;1994-10-16;KREISE;;09189;;;;;;120719;Anzahl;WAHL01;Wahlberechtigte
14111;;;;1994-10-16;KREISE;;09190;Weilheim-Schongau, Landkreis;;;;;77,7;Prozent;WAHLSR;Wahlbeteiligung
14111;;;;1994-10-16;KREISE;;09190;;;;;;87975;Anzahl;WAHL01;Wahlberechtigte
14111;;;;1994-10-16;KREISE;;09261;Landshut, kreisfreie Stadt;;;;;73,7;Prozent;WAHLSR;Wahlbeteiligung
14111;;;;1994-10-16;KREISE;;09261;;;;;;45874;Anzahl;WAHL01;Wahlberechtigte
14111;;;;1994-10-16;KREISE;;09262;Passau, kreisfreie Stadt;;;;;72,7;Prozent;WAHLSR;Wahlbeteiligung
14111;;;;1994-10-16;KREISE;;09262;;;;;;39203;Anzahl;WAHL01;Wahlberechtigte
14111;;;;1994-10-16;KREISE;;09263;Straubing, kreisfreie Stadt;;;;;67,6;Prozent;WAHLSR;Wahlbeteiligung
14111;;;;1994-10-16;KREISE;;09263;;;;;;33883;Anzahl;WAHL01;Wahlberechtigte
14111;;;;1994-10-16;KREISE;;09271;Deggendorf, Landkreis;;;;;69,6;Prozent;WAHLSR;Wahlbeteiligung
14111;;;;1994-10-16;KREISE;;09271;;;;;;83359;Anzahl;WAHL01;Wahlberechtigte
14111;;;;1994-10-16;KREISE;;09272;Freyung-Grafenau, Landkreis;;;;;67,4;Prozent;WAHLSR;Wahlbeteiligung
14111;;;;1994-10-16;KREISE;;09272;;;;;;62111;Anzahl;WAHL01;Wahlberechtigte
14111;;;;1994-10-16;KREISE;;09273;Kelheim, Landkreis;;;;;74,2;Prozent;WAHLSR;Wahlbeteiligung
14111;;;;1994-10-16;KREISE;;09273;;;;;;75173;Anzahl;WAHL01;Wahlberechtigte
14111;;;;1994-10-16;KREISE;;09274;Landshut, Landkreis;;;;;75,0;Prozent;WAHLSR;Wahlbeteiligung
14111;;;;1994-10-16;KREISE;;09274;;;;;;97402;Anzahl;WAHL01;Wahlberechtigte
14111;;;;1994-10-16;KREISE;;09275;Passau, Landkreis;;;;;71,5;Prozent;WAHLSR;Wahlbeteiligung
14111;;;;1994-10-16;KREISE;;09275;;;;;;135127;Anzahl;WAHL01;Wahlberechtigte
14111;;;;1994-10-16;KREISE;;09276;Regen, Landkreis;;;;;68,7;Prozent;WAHLSR;Wahlbeteiligung
14111;;;;1994-10-16;KREISE;;09276;;;;;;62513;Anzahl;WAHL01;Wahlberechtigte
14111;;;;1994-10-16;KREISE;;09277;Rottal-Inn, Landkreis;;;;;70,5;Prozent;WAHLSR;Wahlbeteiligung
14111;;;;1994-10-16;KREISE;;09277;;;;;;86600;Anzahl;WAHL01;Wahlberechtigte
14111;;;;1994-10-16;KREISE;;09278;Straubing-Bogen, Landkreis;;;;;75,8;Prozent;WAHLSR;Wahlbeteiligung
14111;;;;1994-10-16;KREISE;;09278;;;;;;67242;Anzahl;WAHL01;Wahlberechtigte
14111;;;;1994-10-16;KREISE;;09279;Dingolfing-Landau, Landkreis;;;;;72,4;Prozent;WAHLSR;Wahlbeteiligung
14111;;;;1994-10-16;KREISE;;09279;;;;;;63460;Anzahl;WAHL01;Wahlberechtigte
14111;;;;1994-10-16;KREISE;;09361;Amberg, kreisfreie Stadt;;;;;74,1;Prozent;WAHLSR;Wahlbeteiligung
14111;;;;1994-10-16;KREISE;;09361;;;;;;33542;Anzahl;WAHL01;Wahlberechtigte
14111;;;;1994-10-16;KREISE;;09362;Regensburg, kreisfreie Stadt;;;;;74,1;Prozent;WAHLSR;Wahlbeteiligung
14111;;;;1994-10-16;KREISE;;09362;;;;;;95566;Anzahl;WAHL01;Wahlberechtigte
14111;;;;1994-10-16;KREISE;;09363;Weiden i.d.OPf., kreisfreie Stadt;;;;;74,7;Prozent;WAHLSR;Wahlbeteiligung
14111;;;;1994-10-16;KREISE;;09363;;;;;;34377;Anzahl;WAHL01;Wahlberechtigte
14111;;;;1994-10-16;KREISE;;09371;Amberg-Sulzbach, Landkreis;;;;;78,8;Prozent;WAHLSR;Wahlbeteiligung
14111;;;;1994-10-16;KREISE;;09371;;;;;;79047;Anzahl;WAHL01;Wahlberechtigte
14111;;;;1994-10-16;KREISE;;09372;Cham, Landkreis;;;;;70,2;Prozent;WAHLSR;Wahlbeteiligung
14111;;;;1994-10-16;KREISE;;09372;;;;;;97471;Anzahl;WAHL01;Wahlberechtigte
14111;;;;1994-10-16;KREISE;;09373;Neumarkt i.d.OPf., Landkreis;;;;;79,7;Prozent;WAHLSR;Wahlbeteiligung
14111;;;;1994-10-16;KREISE;;09373;;;;;;87078;Anzahl;WAHL01;Wahlberechtigte
14111;;;;1994-10-16;KREISE;;09374;Neustadt a.d.Waldnaab, Landkreis;;;;;80,0;Prozent;WAHLSR;Wahlbeteiligung
14111;;;;1994-10-16;KREISE;;09374;;;;;;74304;Anzahl;WAHL01;Wahlberechtigte
14111;;;;1994-10-16;KREISE;;09375;Regensburg, Landkreis;;;;;77,6;Prozent;WAHLSR;Wahlbeteiligung
14111;;;;1994-10-16;KREISE;;09375;;;;;;124093;Anzahl;WAHL01;Wahlberechtigte
14111;;;;1994-10-16;KREISE;;09376;Schwandorf, Landkreis;;;;;76,5;Prozent;WAHLSR;Wahlbeteiligung
14111;;;;1994-10-16;KREISE;;09376;;;;;;108160;Anzahl;WAHL01;Wahlberechtigte
14111;;;;1994-10-16;KREISE;;09377;Tirschenreuth, Landkreis;;;;;79,1;Prozent;WAHLSR;Wahlbeteiligung
14111;;;;1994-10-16;KREISE;;09377;;;;;;62347;Anzahl;WAHL01;Wahlberechtigte
14111;;;;1994-10-16;KREISE;;09461;Bamberg, kreisfreie Stadt;;;;;74,7;Prozent;WAHLSR;Wahlbeteiligung
14111;;;;1994-10-16;KREISE;;09461;;;;;;54075;Anzahl;WAHL01;Wahlberechtigte
14111;;;;1994-10-16;KREISE;;09462;Bayreuth, kreisfreie Stadt;;;;;75,1;Prozent;WAHLSR;Wahlbeteiligung
14111;;;;1994-10-16;KREISE;;09462;;;;;;56903;Anzahl;WAHL01;Wahlberechtigte
14111;;;;1994-10-16;KREISE;;09463;Coburg, kreisfreie Stadt;;;;;76,4;Prozent;WAHLSR;Wahlbeteiligung
14111;;;;1994-10-16;KREISE;;09463;;;;;;34037;Anzahl;WAHL01;Wahlberechtigte
14111;;;;1994-10-16;KREISE;;09464;Hof, kreisfreie Stadt;;;;;73,4;Prozent;WAHLSR;Wahlbeteiligung
14111;;;;1994-10-16;KREISE;;09464;;;;;;39880;Anzahl;WAHL01;Wahlberechtigte
14111;;;;1994-10-16;KREISE;;09471;Bamberg, Landkreis;;;;;79,3;Prozent;WAHLSR;Wahlbeteiligung
14111;;;;1994-10-16;KREISE;;09471;;;;;;101158;Anzahl;WAHL01;Wahlberechtigte
14111;;;;1994-10-16;KREISE;;09472;Bayreuth, Landkreis;;;;;78,5;Prozent;WAHLSR;Wahlbeteiligung
14111;;;;1994-10-16;KREISE;;09472;;;;;;82145;Anzahl;WAHL01;Wahlberechtigte
14111;;;;1994-10-16;KREISE;;09473;Coburg, Landkreis;;;;;81,2;Prozent;WAHLSR;Wahlbeteiligung
14111;;;;1994-10-16;KREISE;;09473;;;;;;68895;Anzahl;WAHL01;Wahlberechtigte
14111;;;;1994-10-16;KREISE;;09474;Forchheim, Landkreis;;;;;80,2;Prozent;WAHLSR;Wahlbeteiligung
14111;;;;1994-10-16;KREISE;;09474;;;;;;80841;Anzahl;WAHL01;Wahlberechtigte
14111;;;;1994-10-16;KREISE;;09475;Hof, Landkreis;;;;;79,3;Prozent;WAHLSR;Wahlbeteiligung
14111;;;;1994-10-16;KREISE;;09475;;;;;;86932;Anzahl;WAHL01;Wahlberechtigte
14111;;;;1994-10-16;KREISE;;09476;Kronach, Landkreis;;;;;81,7;Prozent;WAHLSR;Wahlbeteiligung
14111;;;;1994-10-16;KREISE;;09476;;;;;;61026;Anzahl;WAHL01;Wahlberechtigte
14111;;;;1994-10-16;KREISE;;09477;Kulmbach, Landkreis;;;;;79,6;Prozent;WAHLSR;Wahlbeteiligung
14111;;;;1994-10-16;KREISE;;09477;;;;;;61371;Anzahl;WAHL01;Wahlberechtigte
14111;;;;1994-10-16;KREISE;;09478;Lichtenfels, Landkreis;;;;;79,2;Prozent;WAHLSR;Wahlbeteiligung
14111;;;;1994-10-16;KREISE;;09478;;;;;;53798;Anzahl;WAHL01;Wahlberechtigte
14111;;;;1994-10-16;KREISE;;09479;Wunsiedel i.Fichtelgebirge, Landkreis;;;;;78,1;Prozent;WAHLSR;Wahlbeteiligung
14111;;;;1994-10-16;KREISE;;09479;;;;;;70787;Anzahl;WAHL01;Wahlberechtigte
14111;;;;1994-10-16;KREISE;;09561;Ansbach, kreisfreie Stadt;;;;;75,8;Prozent;WAHLSR;Wahlbeteiligung
14111;;;;1994-10-16;KREISE;;09561;;;;;;30015;Anzahl;WAHL01;Wahlberechtigte
14111;;;;1994-10-16;KREISE;;09562;Erlangen, kreisfreie Stadt;;;;;80,8;Prozent;WAHLSR;Wahlbeteiligung
14111;;;;1994-10-16;KREISE;;09562;;;;;;73340;Anzahl;WAHL01;Wahlberechtigte
14111;;;;1994-10-16;KREISE;;09563;Fürth, kreisfreie Stadt;;;;;73,4;Prozent;WAHLSR;Wahlbeteiligung
14111;;;;1994-10-16;KREISE;;09563;;;;;;77566;Anzahl;WAHL01;Wahlberechtigte
14111;;;;1994-10-16;KREISE;;09564;Nürnberg, kreisfreie Stadt;;;;;77,1;Prozent;WAHLSR;Wahlbeteiligung
14111;;;;1994-10-16;KREISE;;09564;;;;;;354624;Anzahl;WAHL01;Wahlberechtigte
14111;;;;1994-10-16;KREISE;;09565;Schwabach, kreisfreie Stadt;;;;;76,8;Prozent;WAHLSR;Wahlbeteiligung
14111;;;;1994-10-16;KREISE;;09565;;;;;;28210;Anzahl;WAHL01;Wahlberechtigte
14111;;;;1994-10-16;KREISE;;09571;Ansbach, Landkreis;;;;;78,6;Prozent;WAHLSR;Wahlbeteiligung
14111;;;;1994-10-16;KREISE;;09571;;;;;;129356;Anzahl;WAHL01;Wahlberechtigte
14111;;;;1994-10-16;KREISE;;09572;Erlangen-Höchstadt, Landkreis;;;;;81,7;Prozent;WAHLSR;Wahlbeteiligung
14111;;;;1994-10-16;KREISE;;09572;;;;;;90077;Anzahl;WAHL01;Wahlberechtigte
14111;;;;1994-10-16;KREISE;;09573;Fürth, Landkreis;;;;;81,9;Prozent;WAHLSR;Wahlbeteiligung
14111;;;;1994-10-16;KREISE;;09573;;;;;;81593;Anzahl;WAHL01;Wahlberechtigte
14111;;;;1994-10-16;KREISE;;09574;Nürnberger Land, Landkreis;;;;;80,9;Prozent;WAHLSR;Wahlbeteiligung
14111;;;;1994-10-16;KREISE;;09574;;;;;;124077;Anzahl;WAHL01;Wahlberechtigte
14111;;;;1994-10-16;KREISE;;09575;Neustadt a.d.Aisch-Bad Windsheim, Landkreis;;;;;76,9;Prozent;WAHLSR;Wahlbeteiligung
14111;;;;1994-10-16;KREISE;;09575;;;;;;71162;Anzahl;WAHL01;Wahlberechtigte
14111;;;;1994-10-16;KREISE;;09576;Roth, Landkreis;;;;;81,1;Prozent;WAHLSR;Wahlbeteiligung
14111;;;;1994-10-16;KREISE;;09576;;;;;;88257;Anzahl;WAHL01;Wahlberechtigte
14111;;;;1994-10-16;KREISE;;09577;Weißenburg-Gunzenhausen, Landkreis;;;;;77,2;Prozent;WAHLSR;Wahlbeteiligung
14111;;;;1994-10-16;KREISE;;09577;;;;;;70092;Anzahl;WAHL01;Wahlberechtigte
14111;;;;1994-10-16;KREISE;;09661;Aschaffenburg, kreisfreie Stadt;;;;;73,9;Prozent;WAHLSR;Wahlbeteiligung
14111;;;;1994-10-16;KREISE;;09661;;;;;;47877;Anzahl;WAHL01;Wahlberechtigte
14111;;;;1994-10-16;KREISE;;09662;Schweinfurt, kreisfreie Stadt;;;;;76,2;Prozent;WAHLSR;Wahlbeteiligung
14111;;;;1994-10-16;KREISE;;09662;;;;;;41149;Anzahl;WAHL01;Wahlberechtigte
14111;;;;1994-10-16;KREISE;;09663;Würzburg, kreisfreie Stadt;;;;;78,0;Prozent;WAHLSR;Wahlbeteiligung
14111;;;;1994-10-16;KREISE;;09663;;;;;;96433;Anzahl;WAHL01;Wahlberechtigte
14111;;;;1994-10-16;KREISE;;09671;Aschaffenburg, Landkreis;;;;;80,5;Prozent;WAHLSR;Wahlbeteiligung
14111;;;;1994-10-16;KREISE;;09671;;;;;;124779;Anzahl;WAHL01;Wahlberechtigte
14111;;;;1994-10-16;KREISE;;09672;Bad Kissingen, Landkreis;;;;;79,5;Prozent;WAHLSR;Wahlbeteiligung
14111;;;;1994-10-16;KREISE;;09672;;;;;;83669;Anzahl;WAHL01;Wahlberechtigte
14111;;;;1994-10-16;KREISE;;09673;Rhön-Grabfeld, Landkreis;;;;;80,2;Prozent;WAHLSR;Wahlbeteiligung
14111;;;;1994-10-16;KREISE;;09673;;;;;;63836;Anzahl;WAHL01;Wahlberechtigte
14111;;;;1994-10-16;KREISE;;09674;Haßberge, Landkreis;;;;;80,6;Prozent;WAHLSR;Wahlbeteiligung
14111;;;;1994-10-16;KREISE;;09674;;;;;;65654;Anzahl;WAHL01;Wahlberechtigte
14111;;;;1994-10-16;KREISE;;09675;Kitzingen, Landkreis;;;;;77,1;Prozent;WAHLSR;Wahlbeteiligung
14111;;;;1994-10-16;KREISE;;09675;;;;;;64377;Anzahl;WAHL01;Wahlberechtigte
14111;;;;1994-10-16;KREISE;;09676;Miltenberg, Landkreis;;;;;80,7;Prozent;WAHLSR;Wahlbeteiligung
14111;;;;1994-10-16;KREISE;;09676;;;;;;89871;Anzahl;WAHL01;Wahlberechtigte
14111;;;;1994-10-16;KREISE;;09677;Main-Spessart, Landkreis;;;;;80,3;Prozent;WAHLSR;Wahlbeteiligung
14111;;;;1994-10-16;KREISE;;09677;;;;;;98423;Anzahl;WAHL01;Wahlberechtigte
14111;;;;1994-10-16;KREISE;;09678;Schweinfurt, Landkreis;;;;;82,3;Prozent;WAHLSR;Wahlbeteiligung
14111;;;;1994-10-16;KREISE;;09678;;;;;;86192;Anzahl;WAHL01;Wahlberechtigte
14111;;;;1994-10-16;KREISE;;09679;Würzburg, Landkreis;;;;;83,5;Prozent;WAHLSR;Wahlbeteiligung
14111;;;;1994-10-16;KREISE;;09679;;;;;;114628;Anzahl;WAHL01;Wahlberechtigte
14111;;;;1994-10-16;KREISE;;09761;Augsburg, kreisfreie Stadt;;;;;74,0;Prozent;WAHLSR;Wahlbeteiligung
14111;;;;1994-10-16;KREISE;;09761;;;;;;183961;Anzahl;WAHL01;Wahlberechtigte
14111;;;;1994-10-16;KREISE;;09762;Kaufbeuren, kreisfreie Stadt;;;;;74,8;Prozent;WAHLSR;Wahlbeteiligung
14111;;;;1994-10-16;KREISE;;09762;;;;;;31794;Anzahl;WAHL01;Wahlberechtigte
14111;;;;1994-10-16;KREISE;;09763;Kempten (Allgäu), kreisfreie Stadt;;;;;74,0;Prozent;WAHLSR;Wahlbeteiligung
14111;;;;1994-10-16;KREISE;;09763;;;;;;45913;Anzahl;WAHL01;Wahlberechtigte
14111;;;;1994-10-16;KREISE;;09764;Memmingen, kreisfreie Stadt;;;;;75,8;Prozent;WAHLSR;Wahlbeteiligung
14111;;;;1994-10-16;KREISE;;09764;;;;;;28925;Anzahl;WAHL01;Wahlberechtigte
14111;;;;1994-10-16;KREISE;;09771;Aichach-Friedberg, Landkreis;;;;;77,5;Prozent;WAHLSR;Wahlbeteiligung
14111;;;;1994-10-16;KREISE;;09771;;;;;;85461;Anzahl;WAHL01;Wahlberechtigte
14111;;;;1994-10-16;KREISE;;09772;Augsburg, Landkreis;;;;;77,5;Prozent;WAHLSR;Wahlbeteiligung
14111;;;;1994-10-16;KREISE;;09772;;;;;;162080;Anzahl;WAHL01;Wahlberechtigte
14111;;;;1994-10-16;KREISE;;09773;Dillingen a.d.Donau, Landkreis;;;;;73,8;Prozent;WAHLSR;Wahlbeteiligung
14111;;;;1994-10-16;KREISE;;09773;;;;;;65324;Anzahl;WAHL01;Wahlberechtigte
14111;;;;1994-10-16;KREISE;;09774;Günzburg, Landkreis;;;;;73,5;Prozent;WAHLSR;Wahlbeteiligung
14111;;;;1994-10-16;KREISE;;09774;;;;;;84166;Anzahl;WAHL01;Wahlberechtigte
14111;;;;1994-10-16;KREISE;;09775;Neu-Ulm, Landkreis;;;;;76,2;Prozent;WAHLSR;Wahlbeteiligung
14111;;;;1994-10-16;KREISE;;09775;;;;;;110929;Anzahl;WAHL01;Wahlberechtigte
14111;;;;1994-10-16;KREISE;;09776;Lindau (Bodensee), Landkreis;;;;;76,9;Prozent;WAHLSR;Wahlbeteiligung
14111;;;;1994-10-16;KREISE;;09776;;;;;;54842;Anzahl;WAHL01;Wahlberechtigte
14111;;;;1994-10-16;KREISE;;09777;Ostallgäu, Landkreis;;;;;76,1;Prozent;WAHLSR;Wahlbeteiligung
14111;;;;1994-10-16;KREISE;;09777;;;;;;92866;Anzahl;WAHL01;Wahlberechtigte
14111;;;;1994-10-16;KREISE;;09778;Unterallgäu, Landkreis;;;;;75,4;Prozent;WAHLSR;Wahlbeteiligung
14111;;;;1994-10-16;KREISE;;09778;;;;;;95709;Anzahl;WAHL01;Wahlberechtigte
14111;;;;1994-10-16;KREISE;;09779;Donau-Ries, Landkreis;;;;;77,3;Prozent;WAHLSR;Wahlbeteiligung
14111;;;;1994-10-16;KREISE;;09779;;;;;;93668;Anzahl;WAHL01;Wahlberechtigte
14111;;;;1994-10-16;KREISE;;09780;Oberallgäu, Landkreis;;;;;78,1;Prozent;WAHLSR;Wahlbeteiligung
14111;;;;1994-10-16;KREISE;;09780;;;;;;106582;Anzahl;WAHL01;Wahlberechtigte
14111;;;;1994-10-16;KREISE;;10041;Saarbrücken, Regionalverband;;;;;81,0;Prozent;WAHLSR;Wahlbeteiligung
14111;;;;1994-10-16;KREISE;;10041;;;;;;275796;Anzahl;WAHL01;Wahlberechtigte
14111;;;;1994-10-16;KREISE;;10041100;Saarbrücken, Landeshauptstadt;;;;;-;Prozent;WAHLSR;Wahlbeteiligung
14111;;;;1994-10-16;KREISE;;10041100;;;;;;-;Anzahl;WAHL01;Wahlberechtigte
14111;;;;1994-10-16;KREISE;;10042;Merzig-Wadern, Landkreis;;;;;85,2;Prozent;WAHLSR;Wahlbeteiligung
14111;;;;1994-10-16;KREISE;;10042;;;;;;81590;Anzahl;WAHL01;Wahlberechtigte
14111;;;;1994-10-16;KREISE;;10043;Neunkirchen, Landkreis;;;;;83,5;Prozent;WAHLSR;Wahlbeteiligung
14111;;;;1994-10-16;KREISE;;10043;;;;;;118000;Anzahl;WAHL01;Wahlberechtigte
14111;;;;1994-10-16;KREISE;;10044;Saarlouis, Landkreis;;;;;84,3;Prozent;WAHLSR;Wahlbeteiligung
14111;;;;1994-10-16;KREISE;;10044;;;;;;163907;Anzahl;WAHL01;Wahlberechtigte
14111;;;;1994-10-16;KREISE;;10045;Saarpfalz-Kreis;;;;;84,1;Prozent;WAHLSR;Wahlbeteiligung
14111;;;;1994-10-16;KREISE;;10045;;;;;;122872;Anzahl;WAHL01;Wahlberechtigte
14111;;;;1994-10-16;KREISE;;10046;St. Wendel, Landkreis;;;;;88,2;Prozent;WAHLSR;Wahlbeteiligung
14111;;;;1994-10-16;KREISE;;10046;;;;;;75966;Anzahl;WAHL01;Wahlberechtigte
14111;;;;1994-10-16;KREISE;;11000;Berlin, kreisfreie Stadt;;;;;78,6;Prozent;WAHLSR;Wahlbeteiligung
14111;;;;1994-10-16;KREISE;;11000;;;;;;2505857;Anzahl;WAHL01;Wahlberechtigte
14111;;;;1994-10-16;KREISE;;11001001;Berlin-Mitte;;;;;-;Prozent;WAHLSR;Wahlbeteiligung
14111;;;;1994-10-16;KREISE;;11001001;;;;;;-;Anzahl;WAHL01;Wahlberechtigte
14111;;;;1994-10-16;KREISE;;11002002;Berlin-Friedrichshain-Kreuzberg;;;;;-;Prozent;WAHLSR;Wahlbeteiligung
14111;;;;1994-10-16;KREISE;;11002002;;;;;;-;Anzahl;WAHL01;Wahlberechtigte
14111;;;;1994-10-16;KREISE;;11003003;Berlin-Pankow;;;;;-;Prozent;WAHLSR;Wahlbeteiligung
14111;;;;1994-10-16;KREISE;;11003003;;;;;;-;Anzahl;WAHL01;Wahlberechtigte
14111;;;;1994-10-16;KREISE;;11004004;Berlin-Charlottenburg-Wilmersdorf;;;;;-;Prozent;WAHLSR;Wahlbeteiligung
14111;;;;1994-10-16;KREISE;;11004004;;;;;;-;Anzahl;WAHL01;Wahlberechtigte
14111;;;;1994-10-16;KREISE;;11005005;Berlin-Spandau;;;;;-;Prozent;WAHLSR;Wahlbeteiligung
14111;;;;1994-10-16;KREISE;;11005005;;;;;;-;Anzahl;WAHL01;Wahlberechtigte
14111;;;;1994-10-16;KREISE;;11006006;Berlin-Steglitz-Zehlendorf;;;;;-;Prozent;WAHLSR;Wahlbeteiligung
14111;;;;1994-10-16;KREISE;;11006006;;;;;;-;Anzahl;WAHL01;Wahlberechtigte
14111;;;;1994-10-16;KREISE;;11007007;Berlin-Tempelhof-Schöneberg;;;;;-;Prozent;WAHLSR;Wahlbeteiligung
14111;;;;1994-10-16;KREISE;;11007007;;;;;;-;Anzahl;WAHL01;Wahlberechtigte
14111;;;;1994-10-16;KREISE;;11008008;Berlin-Neukölln;;;;;-;Prozent;WAHLSR;Wahlbeteiligung
14111;;;;1994-10-16;KREISE;;11008008;;;;;;-;Anzahl;WAHL01;Wahlberechtigte
14111;;;;1994-10-16;KREISE;;11009009;Berlin-Treptow-Köpenick;;;;;-;Prozent;WAHLSR;Wahlbeteiligung
14111;;;;1994-10-16;KREISE;;11009009;;;;;;-;Anzahl;WAHL01;Wahlberechtigte
14111;;;;1994-10-16;KREISE;;11010010;Berlin-Marzahn-Hellersdorf;;;;;-;Prozent;WAHLSR;Wahlbeteiligung
14111;;;;1994-10-16;KREISE;;11010010;;;;;;-;Anzahl;WAHL01;Wahlberechtigte
14111;;;;1994-10-16;KREISE;;11011011;Berlin-Lichtenberg;;;;;-;Prozent;WAHLSR;Wahlbeteiligung
14111;;;;1994-10-16;KREISE;;11011011;;;;;;-;Anzahl;WAHL01;Wahlberechtigte
14111;;;;1994-10-16;KREISE;;11012012;Berlin-Reinickendorf;;;;;-;Prozent;WAHLSR;Wahlbeteiligung
14111;;;;1994-10-16;KREISE;;11012012;;;;;;-;Anzahl;WAHL01;Wahlberechtigte
14111;;;;1994-10-16;KREISE;;12051;Brandenburg an der Havel, kreisfreie Stadt;;;;;61,7;Prozent;WAHLSR;Wahlbeteiligung
14111;;;;1994-10-16;KREISE;;12051;;;;;;70340;Anzahl;WAHL01;Wahlberechtigte
14111;;;;1994-10-16;KREISE;;12052;Cottbus, kreisfreie Stadt;;;;;67,2;Prozent;WAHLSR;Wahlbeteiligung
14111;;;;1994-10-16;KREISE;;12052;;;;;;94841;Anzahl;WAHL01;Wahlberechtigte
14111;;;;1994-10-16;KREISE;;12053;Frankfurt (Oder), kreisfreie Stadt;;;;;64,9;Prozent;WAHLSR;Wahlbeteiligung
14111;;;;1994-10-16;KREISE;;12053;;;;;;61819;Anzahl;WAHL01;Wahlberechtigte
14111;;;;1994-10-16;KREISE;;12054;Potsdam, kreisfreie Stadt;;;;;70,1;Prozent;WAHLSR;Wahlbeteiligung
14111;;;;1994-10-16;KREISE;;12054;;;;;;105395;Anzahl;WAHL01;Wahlberechtigte
14111;;;;1994-10-16;KREISE;;12060;Barnim, Landkreis;;;;;64,7;Prozent;WAHLSR;Wahlbeteiligung
14111;;;;1994-10-16;KREISE;;12060;;;;;;114477;Anzahl;WAHL01;Wahlberechtigte
14111;;;;1994-10-16;KREISE;;12061;Dahme-Spreewald, Landkreis;;;;;72,0;Prozent;WAHLSR;Wahlbeteiligung
14111;;;;1994-10-16;KREISE;;12061;;;;;;109525;Anzahl;WAHL01;Wahlberechtigte
14111;;;;1994-10-16;KREISE;;12062;Elbe-Elster, Landkreis;;;;;69,4;Prozent;WAHLSR;Wahlbeteiligung
14111;;;;1994-10-16;KREISE;;12062;;;;;;106521;Anzahl;WAHL01;Wahlberechtigte
14111;;;;1994-10-16;KREISE;;12063;Havelland, Landkreis;;;;;67,2;Prozent;WAHLSR;Wahlbeteiligung
14111;;;;1994-10-16;KREISE;;12063;;;;;;99793;Anzahl;WAHL01;Wahlberechtigte
14111;;;;1994-10-16;KREISE;;12064;Märkisch-Oderland, Landkreis;;;;;66,7;Prozent;WAHLSR;Wahlbeteiligung
14111;;;;1994-10-16;KREISE;;12064;;;;;;128845;Anzahl;WAHL01;Wahlberechtigte
14111;;;;1994-10-16;KREISE;;12065;Oberhavel, Landkreis;;;;;67,8;Prozent;WAHLSR;Wahlbeteiligung
14111;;;;1994-10-16;KREISE;;12065;;;;;;129901;Anzahl;WAHL01;Wahlberechtigte
14111;;;;1994-10-16;KREISE;;12066;Oberspreewald-Lausitz, Landkreis;;;;;65,6;Prozent;WAHLSR;Wahlbeteiligung
14111;;;;1994-10-16;KREISE;;12066;;;;;;121375;Anzahl;WAHL01;Wahlberechtigte
14111;;;;1994-10-16;KREISE;;12067;Oder-Spree, Landkreis;;;;;67,6;Prozent;WAHLSR;Wahlbeteiligung
14111;;;;1994-10-16;KREISE;;12067;;;;;;143499;Anzahl;WAHL01;Wahlberechtigte
14111;;;;1994-10-16;KREISE;;12068;Ostprignitz-Ruppin, Landkreis;;;;;65,5;Prozent;WAHLSR;Wahlbeteiligung
14111;;;;1994-10-16;KREISE;;12068;;;;;;86317;Anzahl;WAHL01;Wahlberechtigte
14111;;;;1994-10-16;KREISE;;12069;Potsdam-Mittelmark, Landkreis;;;;;70,2;Prozent;WAHLSR;Wahlbeteiligung
14111;;;;1994-10-16;KREISE;;12069;;;;;;133967;Anzahl;WAHL01;Wahlberechtigte
14111;;;;1994-10-16;KREISE;;12070;Prignitz, Landkreis;;;;;69,1;Prozent;WAHLSR;Wahlbeteiligung
14111;;;;1994-10-16;KREISE;;12070;;;;;;79388;Anzahl;WAHL01;Wahlberechtigte
14111;;;;1994-10-16;KREISE;;12071;Spree-Neiße, Landkreis;;;;;67,1;Prozent;WAHLSR;Wahlbeteiligung
14111;;;;1994-10-16;KREISE;;12071;;;;;;115253;Anzahl;WAHL01;Wahlberechtigte
14111;;;;1994-10-16;KREISE;;12072;Teltow-Fläming, Landkreis;;;;;68,8;Prozent;WAHLSR;Wahlbeteiligung
14111;;;;1994-10-16;KREISE;;12072;;;;;;112127;Anzahl;WAHL01;Wahlberechtigte
14111;;;;1994-10-16;KREISE;;12073;Uckermark, Landkreis;;;;;63,7;Prozent;WAHLSR;Wahlbeteiligung
14111;;;;1994-10-16;KREISE;;12073;;;;;;121580;Anzahl;WAHL01;Wahlberechtigte
14111;;;;1994-10-16;KREISE;;13001;Greifswald, Hansestadt, kreisfreie Stadt;;;;;71,8;Prozent;WAHLSR;Wahlbeteiligung
14111;;;;1994-10-16;KREISE;;13001;;;;;;46293;Anzahl;WAHL01;Wahlberechtigte
14111;;;;1994-10-16;KREISE;;13002;Neubrandenburg, Stadt,  kreisfreie Stadt;;;;;76,6;Prozent;WAHLSR;Wahlbeteiligung
14111;;;;1994-10-16;KREISE;;13002;;;;;;62088;Anzahl;WAHL01;Wahlberechtigte
14111;;;;1994-10-16;KREISE;;13003;Rostock, kreisfreie Stadt;;;;;74,1;Prozent;WAHLSR;Wahlbeteiligung
14111;;;;1994-10-16;KREISE;;13003;;;;;;178485;Anzahl;WAHL01;Wahlberechtigte
14111;;;;1994-10-16;KREISE;;13004;Schwerin, kreisfreie Stadt;;;;;75,2;Prozent;WAHLSR;Wahlbeteiligung
14111;;;;1994-10-16;KREISE;;13004;;;;;;90985;Anzahl;WAHL01;Wahlberechtigte
14111;;;;1994-10-16;KREISE;;13005;Stralsund, Hansestadt,  kreisfreie Stadt;;;;;72,1;Prozent;WAHLSR;Wahlbeteiligung
14111;;;;1994-10-16;KREISE;;13005;;;;;;53059;Anzahl;WAHL01;Wahlberechtigte
14111;;;;1994-10-16;KREISE;;13006;Wismar, Hansestadt,  kreisfreie Stadt;;;;;72,7;Prozent;WAHLSR;Wahlbeteiligung
14111;;;;1994-10-16;KREISE;;13006;;;;;;39326;Anzahl;WAHL01;Wahlberechtigte
14111;;;;1994-10-16;KREISE;;13051;Bad Doberan, Landkreis;;;;;72,8;Prozent;WAHLSR;Wahlbeteiligung
14111;;;;1994-10-16;KREISE;;13051;;;;;;70198;Anzahl;WAHL01;Wahlberechtigte
14111;;;;1994-10-16;KREISE;;13052;Landkreis Demmin;;;;;73,5;Prozent;WAHLSR;Wahlbeteiligung
14111;;;;1994-10-16;KREISE;;13052;;;;;;74668;Anzahl;WAHL01;Wahlberechtigte
14111;;;;1994-10-16;KREISE;;13053;Güstrow, Landkreis;;;;;73,3;Prozent;WAHLSR;Wahlbeteiligung
14111;;;;1994-10-16;KREISE;;13053;;;;;;87078;Anzahl;WAHL01;Wahlberechtigte
14111;;;;1994-10-16;KREISE;;13054;Landkreis Ludwigslust;;;;;73,8;Prozent;WAHLSR;Wahlbeteiligung
14111;;;;1994-10-16;KREISE;;13054;;;;;;94163;Anzahl;WAHL01;Wahlberechtigte
14111;;;;1994-10-16;KREISE;;13055;Mecklenburg-Strelitz, Landkreis;;;;;73,3;Prozent;WAHLSR;Wahlbeteiligung
14111;;;;1994-10-16;KREISE;;13055;;;;;;63970;Anzahl;WAHL01;Wahlberechtigte
14111;;;;1994-10-16;KREISE;;13056;Landkreis Müritz;;;;;74,3;Prozent;WAHLSR;Wahlbeteiligung
14111;;;;1994-10-16;KREISE;;13056;;;;;;53528;Anzahl;WAHL01;Wahlberechtigte
14111;;;;1994-10-16;KREISE;;13057;Nordvorpommern, Landkreis;;;;;70,7;Prozent;WAHLSR;Wahlbeteiligung
14111;;;;1994-10-16;KREISE;;13057;;;;;;88020;Anzahl;WAHL01;Wahlberechtigte
14111;;;;1994-10-16;KREISE;;13058;Landkreis Nordwestmecklenburg;;;;;70,0;Prozent;WAHLSR;Wahlbeteiligung
14111;;;;1994-10-16;KREISE;;13058;;;;;;82517;Anzahl;WAHL01;Wahlberechtigte
14111;;;;1994-10-16;KREISE;;13059;Ostvorpommern, Landkreis;;;;;71,0;Prozent;WAHLSR;Wahlbeteiligung
14111;;;;1994-10-16;KREISE;;13059;;;;;;87406;Anzahl;WAHL01;Wahlberechtigte
14111;;;;1994-10-16;KREISE;;13060;Landkreis Parchim;;;;;72,8;Prozent;WAHLSR;Wahlbeteiligung
14111;;;;1994-10-16;KREISE;;13060;;;;;;79163;Anzahl;WAHL01;Wahlberechtigte
14111;;;;1994-10-16;KREISE;;13061;Rügen, Landkreis;;;;;68,0;Prozent;WAHLSR;Wahlbeteiligung
14111;;;;1994-10-16;KREISE;;13061;;;;;;60317;Anzahl;WAHL01;Wahlberechtigte
14111;;;;1994-10-16;KREISE;;13062;Landkreis Uecker-Randow;;;;;72,6;Prozent;WAHLSR;Wahlbeteiligung
14111;;;;1994-10-16;KREISE;;13062;;;;;;67911;Anzahl;WAHL01;Wahlberechtigte
14111;;;;1994-10-16;KREISE;;13071;Mecklenburgische Seenplatte, Landkreis;;;;;-;Prozent;WAHLSR;Wahlbeteiligung
14111;;;;1994-10-16;KREISE;;13071;;;;;;-;Anzahl;WAHL01;Wahlberechtigte
14111;;;;1994-10-16;KREISE;;13072;Landkreis Rostock;;;;;-;Prozent;WAHLSR;Wahlbeteiligung
14111;;;;1994-10-16;KREISE;;13072;;;;;;-;Anzahl;WAHL01;Wahlberechtigte
14111;;;;1994-10-16;KREISE;;13073;Vorpommern-Rügen, Landkreis;;;;;-;Prozent;WAHLSR;Wahlbeteiligung
14111;;;;1994-10-16;KREISE;;13073;;;;;;-;Anzahl;WAHL01;Wahlberechtigte
14111;;;;1994-10-16;KREISE;;13074;Nordwestmecklenburg, Landkreis;;;;;-;Prozent;WAHLSR;Wahlbeteiligung
14111;;;;1994-10-16;KREISE;;13074;;;;;;-;Anzahl;WAHL01;Wahlberechtigte
14111;;;;1994-10-16;KREISE;;13075;Vorpommern-Greifswald, Landkreis;;;;;-;Prozent;WAHLSR;Wahlbeteiligung
14111;;;;1994-10-16;KREISE;;13075;;;;;;-;Anzahl;WAHL01;Wahlberechtigte
14111;;;;1994-10-16;KREISE;;13076;Ludwigslust-Parchim, Landkreis;;;;;-;Prozent;WAHLSR;Wahlbeteiligung
14111;;;;1994-10-16;KREISE;;13076;;;;;;-;Anzahl;WAHL01;Wahlberechtigte
14111;;;;1994-10-16;KREISE;;14161;Chemnitz, kreisfreie Stadt;;;;;64,9;Prozent;WAHLSR;Wahlbeteiligung
14111;;;;1994-10-16;KREISE;;14161;;;;;;220347;Anzahl;WAHL01;Wahlberechtigte
14111;;;;1994-10-16;KREISE;;14166;Plauen, kreisfreie Stadt;;;;;62,6;Prozent;WAHLSR;Wahlbeteiligung
14111;;;;1994-10-16;KREISE;;14166;;;;;;55989;Anzahl;WAHL01;Wahlberechtigte
14111;;;;1994-10-16;KREISE;;14167;Zwickau, kreisfreie Stadt;;;;;62,4;Prozent;WAHLSR;Wahlbeteiligung
14111;;;;1994-10-16;KREISE;;14167;;;;;;85553;Anzahl;WAHL01;Wahlberechtigte
14111;;;;1994-10-16;KREISE;;14171;Annaberg, Landkreis;;;;;67,7;Prozent;WAHLSR;Wahlbeteiligung
14111;;;;1994-10-16;KREISE;;14171;;;;;;72576;Anzahl;WAHL01;Wahlberechtigte
14111;;;;1994-10-16;KREISE;;14173;Chemnitzer Land, Landkreis;;;;;66,2;Prozent;WAHLSR;Wahlbeteiligung
14111;;;;1994-10-16;KREISE;;14173;;;;;;121309;Anzahl;WAHL01;Wahlberechtigte
14111;;;;1994-10-16;KREISE;;14177;Freiberg, Landkreis;;;;;64,9;Prozent;WAHLSR;Wahlbeteiligung
14111;;;;1994-10-16;KREISE;;14177;;;;;;119977;Anzahl;WAHL01;Wahlberechtigte
14111;;;;1994-10-16;KREISE;;14178;Vogtlandkreis;;;;;66,0;Prozent;WAHLSR;Wahlbeteiligung
14111;;;;1994-10-16;KREISE;;14178;;;;;;174147;Anzahl;WAHL01;Wahlberechtigte
14111;;;;1994-10-16;KREISE;;14181;Mittlerer Erzgebirgskreis;;;;;69,0;Prozent;WAHLSR;Wahlbeteiligung
14111;;;;1994-10-16;KREISE;;14181;;;;;;76948;Anzahl;WAHL01;Wahlberechtigte
14111;;;;1994-10-16;KREISE;;14182;Mittweida, Landkreis;;;;;67,4;Prozent;WAHLSR;Wahlbeteiligung
14111;;;;1994-10-16;KREISE;;14182;;;;;;114143;Anzahl;WAHL01;Wahlberechtigte
14111;;;;1994-10-16;KREISE;;14188;Stollberg, Landkreis;;;;;67,7;Prozent;WAHLSR;Wahlbeteiligung
14111;;;;1994-10-16;KREISE;;14188;;;;;;79142;Anzahl;WAHL01;Wahlberechtigte
14111;;;;1994-10-16;KREISE;;14191;Aue-Schwarzenberg, Landkreis;;;;;64,6;Prozent;WAHLSR;Wahlbeteiligung
14111;;;;1994-10-16;KREISE;;14191;;;;;;119540;Anzahl;WAHL01;Wahlberechtigte
14111;;;;1994-10-16;KREISE;;14193;Zwickauer Land, Landkreis;;;;;62,2;Prozent;WAHLSR;Wahlbeteiligung
14111;;;;1994-10-16;KREISE;;14193;;;;;;114994;Anzahl;WAHL01;Wahlberechtigte
14111;;;;1994-10-16;KREISE;;14262;Dresden, kreisfreie Stadt;;;;;61,1;Prozent;WAHLSR;Wahlbeteiligung
14111;;;;1994-10-16;KREISE;;14262;;;;;;370242;Anzahl;WAHL01;Wahlberechtigte
14111;;;;1994-10-16;KREISE;;14263;Görlitz, kreisfreie Stadt;;;;;60,3;Prozent;WAHLSR;Wahlbeteiligung
14111;;;;1994-10-16;KREISE;;14263;;;;;;53379;Anzahl;WAHL01;Wahlberechtigte
14111;;;;1994-10-16;KREISE;;14264;Hoyerswerda, kreisfreie Stadt;;;;;58,9;Prozent;WAHLSR;Wahlbeteiligung
14111;;;;1994-10-16;KREISE;;14264;;;;;;47856;Anzahl;WAHL01;Wahlberechtigte
14111;;;;1994-10-16;KREISE;;14272;Bautzen, Landkreis;;;;;67,7;Prozent;WAHLSR;Wahlbeteiligung
14111;;;;1994-10-16;KREISE;;14272;;;;;;124986;Anzahl;WAHL01;Wahlberechtigte
14111;;;;1994-10-16;KREISE;;14280;Meißen, Landkreis;;;;;65,0;Prozent;WAHLSR;Wahlbeteiligung
14111;;;;1994-10-16;KREISE;;14280;;;;;;126799;Anzahl;WAHL01;Wahlberechtigte
14111;;;;1994-10-16;KREISE;;14284;Niederschlesischer Oberlausitzkreis;;;;;63,3;Prozent;WAHLSR;Wahlbeteiligung
14111;;;;1994-10-16;KREISE;;14284;;;;;;83030;Anzahl;WAHL01;Wahlberechtigte
14111;;;;1994-10-16;KREISE;;14285;Riesa-Großenhain, Landkreis;;;;;61,2;Prozent;WAHLSR;Wahlbeteiligung
14111;;;;1994-10-16;KREISE;;14285;;;;;;97689;Anzahl;WAHL01;Wahlberechtigte
14111;;;;1994-10-16;KREISE;;14286;Löbau-Zittau, Landkreis;;;;;65,0;Prozent;WAHLSR;Wahlbeteiligung
14111;;;;1994-10-16;KREISE;;14286;;;;;;129277;Anzahl;WAHL01;Wahlberechtigte
14111;;;;1994-10-16;KREISE;;14287;Sächsische Schweiz, Landkreis;;;;;65,6;Prozent;WAHLSR;Wahlbeteiligung
14111;;;;1994-10-16;KREISE;;14287;;;;;;123709;Anzahl;WAHL01;Wahlberechtigte
14111;;;;1994-10-16;KREISE;;14290;Weißeritzkreis;;;;;64,8;Prozent;WAHLSR;Wahlbeteiligung
14111;;;;1994-10-16;KREISE;;14290;;;;;;88017;Anzahl;WAHL01;Wahlberechtigte
14111;;;;1994-10-16;KREISE;;14292;Kamenz, Landkreis;;;;;69,2;Prozent;WAHLSR;Wahlbeteiligung
14111;;;;1994-10-16;KREISE;;14292;;;;;;120551;Anzahl;WAHL01;Wahlberechtigte
14111;;;;1994-10-16;KREISE;;14365;Leipzig, kreisfreie Stadt;;;;;57,6;Prozent;WAHLSR;Wahlbeteiligung
14111;;;;1994-10-16;KREISE;;14365;;;;;;381185;Anzahl;WAHL01;Wahlberechtigte
14111;;;;1994-10-16;KREISE;;14374;Delitzsch, Landkreis;;;;;61,5;Prozent;WAHLSR;Wahlbeteiligung
14111;;;;1994-10-16;KREISE;;14374;;;;;;73224;Anzahl;WAHL01;Wahlberechtigte
14111;;;;1994-10-16;KREISE;;14375;Döbeln, Landkreis;;;;;57,7;Prozent;WAHLSR;Wahlbeteiligung
14111;;;;1994-10-16;KREISE;;14375;;;;;;64707;Anzahl;WAHL01;Wahlberechtigte
14111;;;;1994-10-16;KREISE;;14379;Leipziger Land, Landkreis;;;;;61,9;Prozent;WAHLSR;Wahlbeteiligung
14111;;;;1994-10-16;KREISE;;14379;;;;;;179918;Anzahl;WAHL01;Wahlberechtigte
14111;;;;1994-10-16;KREISE;;14383;Muldentalkreis;;;;;61,9;Prozent;WAHLSR;Wahlbeteiligung
14111;;;;1994-10-16;KREISE;;14383;;;;;;92757;Anzahl;WAHL01;Wahlberechtigte
14111;;;;1994-10-16;KREISE;;14389;Torgau-Oschatz, Landkreis;;;;;62,0;Prozent;WAHLSR;Wahlbeteiligung
14111;;;;1994-10-16;KREISE;;14389;;;;;;80075;Anzahl;WAHL01;Wahlberechtigte
14111;;;;1994-10-16;KREISE;;14511;Chemnitz, kreisfreie Stadt;;;;;73,5;Prozent;WAHLSR;Wahlbeteiligung
14111;;;;1994-10-16;KREISE;;14511;;;;;;236213;Anzahl;WAHL01;Wahlberechtigte
14111;;;;1994-10-16;KREISE;;14521;Erzgebirgskreis;;;;;75,0;Prozent;WAHLSR;Wahlbeteiligung
14111;;;;1994-10-16;KREISE;;14521;;;;;;343051;Anzahl;WAHL01;Wahlberechtigte
14111;;;;1994-10-16;KREISE;;14522;Mittelsachsen, Landkreis;;;;;72,8;Prozent;WAHLSR;Wahlbeteiligung
14111;;;;1994-10-16;KREISE;;14522;;;;;;295496;Anzahl;WAHL01;Wahlberechtigte
14111;;;;1994-10-16;KREISE;;14523;Vogtlandkreis;;;;;72,1;Prozent;WAHLSR;Wahlbeteiligung
14111;;;;1994-10-16;KREISE;;14523;;;;;;230136;Anzahl;WAHL01;Wahlberechtigte
14111;;;;1994-10-16;KREISE;;14524;Zwickau, Landkreis;;;;;72,0;Prozent;WAHLSR;Wahlbeteiligung
14111;;;;1994-10-16;KREISE;;14524;;;;;;314851;Anzahl;WAHL01;Wahlberechtigte
14111;;;;1994-10-16;KREISE;;14612;Dresden, kreisfreie Stadt;;;;;74,0;Prozent;WAHLSR;Wahlbeteiligung
14111;;;;1994-10-16;KREISE;;14612;;;;;;387887;Anzahl;WAHL01;Wahlberechtigte
14111;;;;1994-10-16;KREISE;;14625;Bautzen, Landkreis;;;;;73,6;Prozent;WAHLSR;Wahlbeteiligung
14111;;;;1994-10-16;KREISE;;14625;;;;;;287037;Anzahl;WAHL01;Wahlberechtigte
14111;;;;1994-10-16;KREISE;;14626;Görlitz, Landkreis;;;;;70,9;Prozent;WAHLSR;Wahlbeteiligung
14111;;;;1994-10-16;KREISE;;14626;;;;;;265774;Anzahl;WAHL01;Wahlberechtigte
14111;;;;1994-10-16;KREISE;;14627;Meißen, Landkreis;;;;;71,3;Prozent;WAHLSR;Wahlbeteiligung
14111;;;;1994-10-16;KREISE;;14627;;;;;;215132;Anzahl;WAHL01;Wahlberechtigte
14111;;;;1994-10-16;KREISE;;14628;Sächsische Schweiz-Osterzgebirge, Landkreis;;;;;73,0;Prozent;WAHLSR;Wahlbeteiligung
14111;;;;1994-10-16;KREISE;;14628;;;;;;209705;Anzahl;WAHL01;Wahlberechtigte
14111;;;;1994-10-16;KREISE;;14713;Leipzig, kreisfreie Stadt;;;;;68,0;Prozent;WAHLSR;Wahlbeteiligung
14111;;;;1994-10-16;KREISE;;14713;;;;;;417544;Anzahl;WAHL01;Wahlberechtigte
14111;;;;1994-10-16;KREISE;;14729;Leipzig, Landkreis;;;;;70,4;Prozent;WAHLSR;Wahlbeteiligung
14111;;;;1994-10-16;KREISE;;14729;;;;;;213562;Anzahl;WAHL01;Wahlberechtigte
14111;;;;1994-10-16;KREISE;;14730;Nordsachsen, Landkreis;;;;;69,2;Prozent;WAHLSR;Wahlbeteiligung
14111;;;;1994-10-16;KREISE;;14730;;;;;;175678;Anzahl;WAHL01;Wahlberechtigte
14111;;;;1994-10-16;KREISE;;15001;Dessau-Roßlau, kreisfreie Stadt;;;;;.;Prozent;WAHLSR;Wahlbeteiligung
14111;;;;1994-10-16;KREISE;;15001;;;;;;.;Anzahl;WAHL01;Wahlberechtigte
14111;;;;1994-10-16;KREISE;;15002;Halle (Saale), kreisfreie Stadt;;;;;69,7;Prozent;WAHLSR;Wahlbeteiligung
14111;;;;1994-10-16;KREISE;;15002;;;;;;226809;Anzahl;WAHL01;Wahlberechtigte
14111;;;;1994-10-16;KREISE;;15003;Magdeburg, kreisfreie Stadt, Landeshauptstadt;;;;;71,7;Prozent;WAHLSR;Wahlbeteiligung
14111;;;;1994-10-16;KREISE;;15003;;;;;;211022;Anzahl;WAHL01;Wahlberechtigte
14111;;;;1994-10-16;KREISE;;15081;Altmarkkreis Salzwedel;;;;;71,8;Prozent;WAHLSR;Wahlbeteiligung
14111;;;;1994-10-16;KREISE;;15081;;;;;;78196;Anzahl;WAHL01;Wahlberechtigte
14111;;;;1994-10-16;KREISE;;15082;Anhalt-Bitterfeld, Landkreis;;;;;.;Prozent;WAHLSR;Wahlbeteiligung
14111;;;;1994-10-16;KREISE;;15082;;;;;;.;Anzahl;WAHL01;Wahlberechtigte
14111;;;;1994-10-16;KREISE;;15083;Börde, Landkreis;;;;;.;Prozent;WAHLSR;Wahlbeteiligung
14111;;;;1994-10-16;KREISE;;15083;;;;;;.;Anzahl;WAHL01;Wahlberechtigte
14111;;;;1994-10-16;KREISE;;15084;Burgenlandkreis;;;;;.;Prozent;WAHLSR;Wahlbeteiligung
14111;;;;1994-10-16;KREISE;;15084;;;;;;.;Anzahl;WAHL01;Wahlberechtigte
14111;;;;1994-10-16;KREISE;;15085;Harz, Landkreis;;;;;.;Prozent;WAHLSR;Wahlbeteiligung
14111;;;;1994-10-16;KREISE;;15085;;;;;;.;Anzahl;WAHL01;Wahlberechtigte
14111;;;;1994-10-16;KREISE;;15086;Jerichower Land, Landkreis;;;;;.;Prozent;WAHLSR;Wahlbeteiligung
14111;;;;1994-10-16;KREISE;;15086;;;;;;.;Anzahl;WAHL01;Wahlberechtigte
14111;;;;1994-10-16;KREISE;;15087;Mansfeld-Südharz, Landkreis;;;;;.;Prozent;WAHLSR;Wahlbeteiligung
14111;;;;1994-10-16;KREISE;;15087;;;;;;.;Anzahl;WAHL01;Wahlberechtigte
14111;;;;1994-10-16;KREISE;;15088;Saalekreis;;;;;.;Prozent;WAHLSR;Wahlbeteiligung
14111;;;;1994-10-16;KREISE;;15088;;;;;;.;Anzahl;WAHL01;Wahlberechtigte
14111;;;;1994-10-16;KREISE;;15089;Salzlandkreis;;;;;.;Prozent;WAHLSR;Wahlbeteiligung
14111;;;;1994-10-16;KREISE;;15089;;;;;;.;Anzahl;WAHL01;Wahlberechtigte
14111;;;;1994-10-16;KREISE;;15090;Stendal, Landkreis;;;;;70,8;Prozent;WAHLSR;Wahlbeteiligung
14111;;;;1994-10-16;KREISE;;15090;;;;;;112580;Anzahl;WAHL01;Wahlberechtigte
14111;;;;1994-10-16;KREISE;;15091;Wittenberg, Landkreis;;;;;.;Prozent;WAHLSR;Wahlbeteiligung
14111;;;;1994-10-16;KREISE;;15091;;;;;;.;Anzahl;WAHL01;Wahlberechtigte
14111;;;;1994-10-16;KREISE;;15101;Dessau, kreisfreie Stadt;;;;;70,4;Prozent;WAHLSR;Wahlbeteiligung
14111;;;;1994-10-16;KREISE;;15101;;;;;;74101;Anzahl;WAHL01;Wahlberechtigte
14111;;;;1994-10-16;KREISE;;15151;Anhalt-Zerbst, Kreis;;;;;70,7;Prozent;WAHLSR;Wahlbeteiligung
14111;;;;1994-10-16;KREISE;;15151;;;;;;62549;Anzahl;WAHL01;Wahlberechtigte
14111;;;;1994-10-16;KREISE;;15153;Bernburg, Kreis;;;;;68,9;Prozent;WAHLSR;Wahlbeteiligung
14111;;;;1994-10-16;KREISE;;15153;;;;;;59200;Anzahl;WAHL01;Wahlberechtigte
14111;;;;1994-10-16;KREISE;;15154;Bitterfeld, Kreis;;;;;68,8;Prozent;WAHLSR;Wahlbeteiligung
14111;;;;1994-10-16;KREISE;;15154;;;;;;92302;Anzahl;WAHL01;Wahlberechtigte
14111;;;;1994-10-16;KREISE;;15159;Köthen, Kreis;;;;;68,7;Prozent;WAHLSR;Wahlbeteiligung
14111;;;;1994-10-16;KREISE;;15159;;;;;;56949;Anzahl;WAHL01;Wahlberechtigte
14111;;;;1994-10-16;KREISE;;15171;Wittenberg, Kreis;;;;;71,3;Prozent;WAHLSR;Wahlbeteiligung
14111;;;;1994-10-16;KREISE;;15171;;;;;;108432;Anzahl;WAHL01;Wahlberechtigte
14111;;;;1994-10-16;KREISE;;15202;Halle (Saale), kreisfreie Stadt;;;;;69,7;Prozent;WAHLSR;Wahlbeteiligung
14111;;;;1994-10-16;KREISE;;15202;;;;;;226809;Anzahl;WAHL01;Wahlberechtigte
14111;;;;1994-10-16;KREISE;;15256;Burgenlandkreis;;;;;70,1;Prozent;WAHLSR;Wahlbeteiligung
14111;;;;1994-10-16;KREISE;;15256;;;;;;119250;Anzahl;WAHL01;Wahlberechtigte
14111;;;;1994-10-16;KREISE;;15260;Mansfelder Land, Kreis;;;;;70,4;Prozent;WAHLSR;Wahlbeteiligung
14111;;;;1994-10-16;KREISE;;15260;;;;;;91890;Anzahl;WAHL01;Wahlberechtigte
14111;;;;1994-10-16;KREISE;;15261;Merseburg-Querfurt, Kreis;;;;;68,7;Prozent;WAHLSR;Wahlbeteiligung
14111;;;;1994-10-16;KREISE;;15261;;;;;;109457;Anzahl;WAHL01;Wahlberechtigte
14111;;;;1994-10-16;KREISE;;15265;Saalkreis;;;;;70,9;Prozent;WAHLSR;Wahlbeteiligung
14111;;;;1994-10-16;KREISE;;15265;;;;;;50663;Anzahl;WAHL01;Wahlberechtigte
14111;;;;1994-10-16;KREISE;;15266;Sangerhausen, Kreis;;;;;72,2;Prozent;WAHLSR;Wahlbeteiligung
14111;;;;1994-10-16;KREISE;;15266;;;;;;57168;Anzahl;WAHL01;Wahlberechtigte
14111;;;;1994-10-16;KREISE;;15268;Weißenfels, Kreis;;;;;68,7;Prozent;WAHLSR;Wahlbeteiligung
14111;;;;1994-10-16;KREISE;;15268;;;;;;65230;Anzahl;WAHL01;Wahlberechtigte
14111;;;;1994-10-16;KREISE;;15303;Magdeburg, kreisfreie Stadt;;;;;71,7;Prozent;WAHLSR;Wahlbeteiligung
14111;;;;1994-10-16;KREISE;;15303;;;;;;211022;Anzahl;WAHL01;Wahlberechtigte
14111;;;;1994-10-16;KREISE;;15352;Aschersleben-Staßfurt, Kreis;;;;;68,9;Prozent;WAHLSR;Wahlbeteiligung
14111;;;;1994-10-16;KREISE;;15352;;;;;;86871;Anzahl;WAHL01;Wahlberechtigte
14111;;;;1994-10-16;KREISE;;15355;Bördekreis;;;;;71,5;Prozent;WAHLSR;Wahlbeteiligung
14111;;;;1994-10-16;KREISE;;15355;;;;;;63261;Anzahl;WAHL01;Wahlberechtigte
14111;;;;1994-10-16;KREISE;;15357;Halberstadt, Kreis;;;;;70,8;Prozent;WAHLSR;Wahlbeteiligung
14111;;;;1994-10-16;KREISE;;15357;;;;;;65080;Anzahl;WAHL01;Wahlberechtigte
14111;;;;1994-10-16;KREISE;;15358;Jerichower Land, Kreis;;;;;69,5;Prozent;WAHLSR;Wahlbeteiligung
14111;;;;1994-10-16;KREISE;;15358;;;;;;75642;Anzahl;WAHL01;Wahlberechtigte
14111;;;;1994-10-16;KREISE;;15362;Ohrekreis;;;;;71,3;Prozent;WAHLSR;Wahlbeteiligung
14111;;;;1994-10-16;KREISE;;15362;;;;;;82912;Anzahl;WAHL01;Wahlberechtigte
14111;;;;1994-10-16;KREISE;;15363;Stendal, Kreis;;;;;70,8;Prozent;WAHLSR;Wahlbeteiligung
14111;;;;1994-10-16;KREISE;;15363;;;;;;112580;Anzahl;WAHL01;Wahlberechtigte
14111;;;;1994-10-16;KREISE;;15364;Quedlinburg, Kreis;;;;;69,7;Prozent;WAHLSR;Wahlbeteiligung
14111;;;;1994-10-16;KREISE;;15364;;;;;;65894;Anzahl;WAHL01;Wahlberechtigte
14111;;;;1994-10-16;KREISE;;15367;Schönebeck, Kreis;;;;;69,3;Prozent;WAHLSR;Wahlbeteiligung
14111;;;;1994-10-16;KREISE;;15367;;;;;;63902;Anzahl;WAHL01;Wahlberechtigte
14111;;;;1994-10-16;KREISE;;15369;Wernigerode, Kreis;;;;;75,1;Prozent;WAHLSR;Wahlbeteiligung
14111;;;;1994-10-16;KREISE;;15369;;;;;;77346;Anzahl;WAHL01;Wahlberechtigte
14111;;;;1994-10-16;KREISE;;15370;Altmarkkreis Salzwedel, Kreis;;;;;71,8;Prozent;WAHLSR;Wahlbeteiligung
14111;;;;1994-10-16;KREISE;;15370;;;;;;78196;Anzahl;WAHL01;Wahlberechtigte
14111;;;;1994-10-16;KREISE;;16051;Erfurt, kreisfreie Stadt;;;;;72,9;Prozent;WAHLSR;Wahlbeteiligung
14111;;;;1994-10-16;KREISE;;16051;;;;;;166982;Anzahl;WAHL01;Wahlberechtigte
14111;;;;1994-10-16;KREISE;;16052;Gera, kreisfreie Stadt;;;;;73,6;Prozent;WAHLSR;Wahlbeteiligung
14111;;;;1994-10-16;KREISE;;16052;;;;;;98057;Anzahl;WAHL01;Wahlberechtigte
14111;;;;1994-10-16;KREISE;;16053;Jena, kreisfreie Stadt;;;;;76,0;Prozent;WAHLSR;Wahlbeteiligung
14111;;;;1994-10-16;KREISE;;16053;;;;;;79318;Anzahl;WAHL01;Wahlberechtigte
14111;;;;1994-10-16;KREISE;;16054;Suhl, kreisfreie Stadt;;;;;74,9;Prozent;WAHLSR;Wahlbeteiligung
14111;;;;1994-10-16;KREISE;;16054;;;;;;41676;Anzahl;WAHL01;Wahlberechtigte
14111;;;;1994-10-16;KREISE;;16055;Weimar, kreisfreie Stadt;;;;;74,1;Prozent;WAHLSR;Wahlbeteiligung
14111;;;;1994-10-16;KREISE;;16055;;;;;;48225;Anzahl;WAHL01;Wahlberechtigte
14111;;;;1994-10-16;KREISE;;16056;Eisenach, kreisfreie Stadt;;;;;.;Prozent;WAHLSR;Wahlbeteiligung
14111;;;;1994-10-16;KREISE;;16056;;;;;;.;Anzahl;WAHL01;Wahlberechtigte
14111;;;;1994-10-16;KREISE;;16061;Eichsfeld, Landkreis;;;;;81,5;Prozent;WAHLSR;Wahlbeteiligung
14111;;;;1994-10-16;KREISE;;16061;;;;;;85445;Anzahl;WAHL01;Wahlberechtigte
14111;;;;1994-10-16;KREISE;;16062;Nordhausen, Landkreis;;;;;74,0;Prozent;WAHLSR;Wahlbeteiligung
14111;;;;1994-10-16;KREISE;;16062;;;;;;79887;Anzahl;WAHL01;Wahlberechtigte
14111;;;;1994-10-16;KREISE;;16063;Wartburgkreis;;;;;75,4;Prozent;WAHLSR;Wahlbeteiligung
14111;;;;1994-10-16;KREISE;;16063;;;;;;151919;Anzahl;WAHL01;Wahlberechtigte
14111;;;;1994-10-16;KREISE;;16064;Unstrut-Hainich-Kreis;;;;;76,0;Prozent;WAHLSR;Wahlbeteiligung
14111;;;;1994-10-16;KREISE;;16064;;;;;;94397;Anzahl;WAHL01;Wahlberechtigte
14111;;;;1994-10-16;KREISE;;16065;Kyffhäuserkreis;;;;;73,1;Prozent;WAHLSR;Wahlbeteiligung
14111;;;;1994-10-16;KREISE;;16065;;;;;;77080;Anzahl;WAHL01;Wahlberechtigte
14111;;;;1994-10-16;KREISE;;16066;Schmalkalden-Meiningen, Landkreis;;;;;75,8;Prozent;WAHLSR;Wahlbeteiligung
14111;;;;1994-10-16;KREISE;;16066;;;;;;115667;Anzahl;WAHL01;Wahlberechtigte
14111;;;;1994-10-16;KREISE;;16067;Gotha, Landkreis;;;;;74,9;Prozent;WAHLSR;Wahlbeteiligung
14111;;;;1994-10-16;KREISE;;16067;;;;;;116804;Anzahl;WAHL01;Wahlberechtigte
14111;;;;1994-10-16;KREISE;;16068;Sömmerda, Landkreis;;;;;73,9;Prozent;WAHLSR;Wahlbeteiligung
14111;;;;1994-10-16;KREISE;;16068;;;;;;63416;Anzahl;WAHL01;Wahlberechtigte
14111;;;;1994-10-16;KREISE;;16069;Hildburghausen, Landkreis;;;;;75,1;Prozent;WAHLSR;Wahlbeteiligung
14111;;;;1994-10-16;KREISE;;16069;;;;;;57852;Anzahl;WAHL01;Wahlberechtigte
14111;;;;1994-10-16;KREISE;;16070;Ilm-Kreis;;;;;76,3;Prozent;WAHLSR;Wahlbeteiligung
14111;;;;1994-10-16;KREISE;;16070;;;;;;96881;Anzahl;WAHL01;Wahlberechtigte
14111;;;;1994-10-16;KREISE;;16071;Weimarer Land, Landkreis;;;;;75,2;Prozent;WAHLSR;Wahlbeteiligung
14111;;;;1994-10-16;KREISE;;16071;;;;;;66975;Anzahl;WAHL01;Wahlberechtigte
14111;;;;1994-10-16;KREISE;;16072;Sonneberg, Landkreis;;;;;76,0;Prozent;WAHLSR;Wahlbeteiligung
14111;;;;1994-10-16;KREISE;;16072;;;;;;56903;Anzahl;WAHL01;Wahlberechtigte
14111;;;;1994-10-16;KREISE;;16073;Saalfeld-Rudolstadt, Landkreis;;;;;74,2;Prozent;WAHLSR;Wahlbeteiligung
14111;;;;1994-10-16;KREISE;;16073;;;;;;110049;Anzahl;WAHL01;Wahlberechtigte
14111;;;;1994-10-16;KREISE;;16074;Saale-Holzland-Kreis;;;;;75,6;Prozent;WAHLSR;Wahlbeteiligung
14111;;;;1994-10-16;KREISE;;16074;;;;;;70952;Anzahl;WAHL01;Wahlberechtigte
14111;;;;1994-10-16;KREISE;;16075;Saale-Orla-Kreis;;;;;75,1;Prozent;WAHLSR;Wahlbeteiligung
14111;;;;1994-10-16;KREISE;;16075;;;;;;79601;Anzahl;WAHL01;Wahlberechtigte
14111;;;;1994-10-16;KREISE;;16076;Greiz, Landkreis;;;;;73,7;Prozent;WAHLSR;Wahlbeteiligung
14111;;;;1994-10-16;KREISE;;16076;;;;;;100247;Anzahl;WAHL01;Wahlberechtigte
14111;;;;1994-10-16;KREISE;;16077;Altenburger Land, Landkreis;;;;;71,6;Prozent;WAHLSR;Wahlbeteiligung
14111;;;;1994-10-16;KREISE;;16077;;;;;;97253;Anzahl;WAHL01;Wahlberechtigte
14111;;;;1998-09-27;DINSG;;DG;;;;;;60762751;Anzahl;WAHL01;Wahlberechtigte
14111;;;;1998-09-27;DINSG;;DG;;;;;;82,2;Prozent;WAHLSR;Wahlbeteiligung
14111;;;;1998-09-27;DLAND;;01;;;;;;2135992;Anzahl;WAHL01;Wahlberechtigte
14111;;;;1998-09-27;DLAND;;01;;;;;;82,4;Prozent;WAHLSR;Wahlbeteiligung
14111;;;;1998-09-27;DLAND;;02;;;;;;1213821;Anzahl;WAHL01;Wahlberechtigte
14111;;;;1998-09-27;DLAND;;02;;;;;;81,1;Prozent;WAHLSR;Wahlbeteiligung
14111;;;;1998-09-27;DLAND;;03;;;;;;5954567;Anzahl;WAHL01;Wahlberechtigte
14111;;;;1998-09-27;DLAND;;03;;;;;;83,9;Prozent;WAHLSR;Wahlbeteiligung
14111;;;;1998-09-27;DLAND;;04;;;;;;494809;Anzahl;WAHL01;Wahlberechtigte
14111;;;;1998-09-27;DLAND;;04;;;;;;82,1;Prozent;WAHLSR;Wahlbeteiligung
14111;;;;1998-09-27;DLAND;;05;;;;;;13086397;Anzahl;WAHL01;Wahlberechtigte
14111;;;;1998-09-27;DLAND;;05;;;;;;83,9;Prozent;WAHLSR;Wahlbeteiligung
14111;;;;1998-09-27;DLAND;;06;;;;;;4297202;Anzahl;WAHL01;Wahlberechtigte
14111;;;;1998-09-27;DLAND;;06;;;;;;84,2;Prozent;WAHLSR;Wahlbeteiligung
14111;;;;1998-09-27;DLAND;;07;;;;;;3016036;Anzahl;WAHL01;Wahlberechtigte
14111;;;;1998-09-27;DLAND;;07;;;;;;83,9;Prozent;WAHLSR;Wahlbeteiligung
14111;;;;1998-09-27;DLAND;;08;;;;;;7256933;Anzahl;WAHL01;Wahlberechtigte
14111;;;;1998-09-27;DLAND;;08;;;;;;83,1;Prozent;WAHLSR;Wahlbeteiligung
14111;;;;1998-09-27;DLAND;;09;;;;;;8875328;Anzahl;WAHL01;Wahlberechtigte
14111;;;;1998-09-27;DLAND;;09;;;;;;79,2;Prozent;WAHLSR;Wahlbeteiligung
14111;;;;1998-09-27;DLAND;;10;;;;;;828507;Anzahl;WAHL01;Wahlberechtigte
14111;;;;1998-09-27;DLAND;;10;;;;;;84,8;Prozent;WAHLSR;Wahlbeteiligung
14111;;;;1998-09-27;DLAND;;11;;;;;;2442929;Anzahl;WAHL01;Wahlberechtigte
14111;;;;1998-09-27;DLAND;;11;;;;;;81,1;Prozent;WAHLSR;Wahlbeteiligung
14111;;;;1998-09-27;DLAND;;12;;;;;;2032303;Anzahl;WAHL01;Wahlberechtigte
14111;;;;1998-09-27;DLAND;;12;;;;;;78,1;Prozent;WAHLSR;Wahlbeteiligung
14111;;;;1998-09-27;DLAND;;13;;;;;;1407661;Anzahl;WAHL01;Wahlberechtigte
14111;;;;1998-09-27;DLAND;;13;;;;;;79,4;Prozent;WAHLSR;Wahlbeteiligung
14111;;;;1998-09-27;DLAND;;14;;;;;;3602458;Anzahl;WAHL01;Wahlberechtigte
14111;;;;1998-09-27;DLAND;;14;;;;;;81,6;Prozent;WAHLSR;Wahlbeteiligung
14111;;;;1998-09-27;DLAND;;15;;;;;;2149785;Anzahl;WAHL01;Wahlberechtigte
14111;;;;1998-09-27;DLAND;;15;;;;;;77,1;Prozent;WAHLSR;Wahlbeteiligung
14111;;;;1998-09-27;DLAND;;16;;;;;;1968023;Anzahl;WAHL01;Wahlberechtigte
14111;;;;1998-09-27;DLAND;;16;;;;;;82,3;Prozent;WAHLSR;Wahlbeteiligung
14111;;;;1998-09-27;KREISE;;01001;;;;;;76,9;Prozent;WAHLSR;Wahlbeteiligung
14111;;;;1998-09-27;KREISE;;01001;;;;;;65755;Anzahl;WAHL01;Wahlberechtigte
14111;;;;1998-09-27;KREISE;;01002;;;;;;79,7;Prozent;WAHLSR;Wahlbeteiligung
14111;;;;1998-09-27;KREISE;;01002;;;;;;181661;Anzahl;WAHL01;Wahlberechtigte
14111;;;;1998-09-27;KREISE;;01003;;;;;;78,5;Prozent;WAHLSR;Wahlbeteiligung
14111;;;;1998-09-27;KREISE;;01003;;;;;;166635;Anzahl;WAHL01;Wahlberechtigte
14111;;;;1998-09-27;KREISE;;01004;;;;;;77,2;Prozent;WAHLSR;Wahlbeteiligung
14111;;;;1998-09-27;KREISE;;01004;;;;;;62826;Anzahl;WAHL01;Wahlberechtigte
14111;;;;1998-09-27;KREISE;;01051;;;;;;81,0;Prozent;WAHLSR;Wahlbeteiligung
14111;;;;1998-09-27;KREISE;;01051;;;;;;106240;Anzahl;WAHL01;Wahlberechtigte
14111;;;;1998-09-27;KREISE;;01053;;;;;;84,3;Prozent;WAHLSR;Wahlbeteiligung
14111;;;;1998-09-27;KREISE;;01053;;;;;;136156;Anzahl;WAHL01;Wahlberechtigte
14111;;;;1998-09-27;KREISE;;01054;;;;;;81,2;Prozent;WAHLSR;Wahlbeteiligung
14111;;;;1998-09-27;KREISE;;01054;;;;;;125446;Anzahl;WAHL01;Wahlberechtigte
14111;;;;1998-09-27;KREISE;;01055;;;;;;82,6;Prozent;WAHLSR;Wahlbeteiligung
14111;;;;1998-09-27;KREISE;;01055;;;;;;156827;Anzahl;WAHL01;Wahlberechtigte
14111;;;;1998-09-27;KREISE;;01056;;;;;;84,7;Prozent;WAHLSR;Wahlbeteiligung
14111;;;;1998-09-27;KREISE;;01056;;;;;;219335;Anzahl;WAHL01;Wahlberechtigte
14111;;;;1998-09-27;KREISE;;01057;;;;;;85,8;Prozent;WAHLSR;Wahlbeteiligung
14111;;;;1998-09-27;KREISE;;01057;;;;;;98946;Anzahl;WAHL01;Wahlberechtigte
14111;;;;1998-09-27;KREISE;;01058;;;;;;83,6;Prozent;WAHLSR;Wahlbeteiligung
14111;;;;1998-09-27;KREISE;;01058;;;;;;206958;Anzahl;WAHL01;Wahlberechtigte
14111;;;;1998-09-27;KREISE;;01059;;;;;;82,9;Prozent;WAHLSR;Wahlbeteiligung
14111;;;;1998-09-27;KREISE;;01059;;;;;;148231;Anzahl;WAHL01;Wahlberechtigte
14111;;;;1998-09-27;KREISE;;01060;;;;;;83,1;Prozent;WAHLSR;Wahlbeteiligung
14111;;;;1998-09-27;KREISE;;01060;;;;;;187643;Anzahl;WAHL01;Wahlberechtigte
14111;;;;1998-09-27;KREISE;;01061;;;;;;82,7;Prozent;WAHLSR;Wahlbeteiligung
14111;;;;1998-09-27;KREISE;;01061;;;;;;104312;Anzahl;WAHL01;Wahlberechtigte
14111;;;;1998-09-27;KREISE;;01062;;;;;;85,8;Prozent;WAHLSR;Wahlbeteiligung
14111;;;;1998-09-27;KREISE;;01062;;;;;;169021;Anzahl;WAHL01;Wahlberechtigte
14111;;;;1998-09-27;KREISE;;02000;;;;;;81,1;Prozent;WAHLSR;Wahlbeteiligung
14111;;;;1998-09-27;KREISE;;02000;;;;;;1213821;Anzahl;WAHL01;Wahlberechtigte
14111;;;;1998-09-27;KREISE;;03101;;;;;;82,9;Prozent;WAHLSR;Wahlbeteiligung
14111;;;;1998-09-27;KREISE;;03101;;;;;;192242;Anzahl;WAHL01;Wahlberechtigte
14111;;;;1998-09-27;KREISE;;03102;;;;;;82,2;Prozent;WAHLSR;Wahlbeteiligung
14111;;;;1998-09-27;KREISE;;03102;;;;;;84138;Anzahl;WAHL01;Wahlberechtigte
14111;;;;1998-09-27;KREISE;;03103;;;;;;83,3;Prozent;WAHLSR;Wahlbeteiligung
14111;;;;1998-09-27;KREISE;;03103;;;;;;91842;Anzahl;WAHL01;Wahlberechtigte
14111;;;;1998-09-27;KREISE;;03151;;;;;;85,1;Prozent;WAHLSR;Wahlbeteiligung
14111;;;;1998-09-27;KREISE;;03151;;;;;;123558;Anzahl;WAHL01;Wahlberechtigte
14111;;;;1998-09-27;KREISE;;03152;;;;;;84,3;Prozent;WAHLSR;Wahlbeteiligung
14111;;;;1998-09-27;KREISE;;03152;;;;;;200220;Anzahl;WAHL01;Wahlberechtigte
14111;;;;1998-09-27;KREISE;;03153;;;;;;83,4;Prozent;WAHLSR;Wahlbeteiligung
14111;;;;1998-09-27;KREISE;;03153;;;;;;123789;Anzahl;WAHL01;Wahlberechtigte
14111;;;;1998-09-27;KREISE;;03154;;;;;;83,8;Prozent;WAHLSR;Wahlbeteiligung
14111;;;;1998-09-27;KREISE;;03154;;;;;;78842;Anzahl;WAHL01;Wahlberechtigte
14111;;;;1998-09-27;KREISE;;03155;;;;;;85,7;Prozent;WAHLSR;Wahlbeteiligung
14111;;;;1998-09-27;KREISE;;03155;;;;;;119476;Anzahl;WAHL01;Wahlberechtigte
14111;;;;1998-09-27;KREISE;;03156;;;;;;83,6;Prozent;WAHLSR;Wahlbeteiligung
14111;;;;1998-09-27;KREISE;;03156;;;;;;69353;Anzahl;WAHL01;Wahlberechtigte
14111;;;;1998-09-27;KREISE;;03157;;;;;;86,0;Prozent;WAHLSR;Wahlbeteiligung
14111;;;;1998-09-27;KREISE;;03157;;;;;;99298;Anzahl;WAHL01;Wahlberechtigte
14111;;;;1998-09-27;KREISE;;03158;;;;;;85,3;Prozent;WAHLSR;Wahlbeteiligung
14111;;;;1998-09-27;KREISE;;03158;;;;;;96876;Anzahl;WAHL01;Wahlberechtigte
14111;;;;1998-09-27;KREISE;;03159;;;;;;-;Prozent;WAHLSR;Wahlbeteiligung
14111;;;;1998-09-27;KREISE;;03159;;;;;;-;Anzahl;WAHL01;Wahlberechtigte
14111;;;;1998-09-27;KREISE;;03241;;;;;;84,7;Prozent;WAHLSR;Wahlbeteiligung
14111;;;;1998-09-27;KREISE;;03241;;;;;;829961;Anzahl;WAHL01;Wahlberechtigte
14111;;;;1998-09-27;KREISE;;03241001;;;;;;-;Prozent;WAHLSR;Wahlbeteiligung
14111;;;;1998-09-27;KREISE;;03241001;;;;;;-;Anzahl;WAHL01;Wahlberechtigte
14111;;;;1998-09-27;KREISE;;03251;;;;;;83,0;Prozent;WAHLSR;Wahlbeteiligung
14111;;;;1998-09-27;KREISE;;03251;;;;;;160150;Anzahl;WAHL01;Wahlberechtigte
14111;;;;1998-09-27;KREISE;;03252;;;;;;84,2;Prozent;WAHLSR;Wahlbeteiligung
14111;;;;1998-09-27;KREISE;;03252;;;;;;125019;Anzahl;WAHL01;Wahlberechtigte
14111;;;;1998-09-27;KREISE;;03254;;;;;;86,0;Prozent;WAHLSR;Wahlbeteiligung
14111;;;;1998-09-27;KREISE;;03254;;;;;;224617;Anzahl;WAHL01;Wahlberechtigte
14111;;;;1998-09-27;KREISE;;03255;;;;;;85,5;Prozent;WAHLSR;Wahlbeteiligung
14111;;;;1998-09-27;KREISE;;03255;;;;;;64816;Anzahl;WAHL01;Wahlberechtigte
14111;;;;1998-09-27;KREISE;;03256;;;;;;81,4;Prozent;WAHLSR;Wahlbeteiligung
14111;;;;1998-09-27;KREISE;;03256;;;;;;95765;Anzahl;WAHL01;Wahlberechtigte
14111;;;;1998-09-27;KREISE;;03257;;;;;;84,3;Prozent;WAHLSR;Wahlbeteiligung
14111;;;;1998-09-27;KREISE;;03257;;;;;;125217;Anzahl;WAHL01;Wahlberechtigte
14111;;;;1998-09-27;KREISE;;03351;;;;;;83,1;Prozent;WAHLSR;Wahlbeteiligung
14111;;;;1998-09-27;KREISE;;03351;;;;;;137006;Anzahl;WAHL01;Wahlberechtigte
14111;;;;1998-09-27;KREISE;;03352;;;;;;83,1;Prozent;WAHLSR;Wahlbeteiligung
14111;;;;1998-09-27;KREISE;;03352;;;;;;156787;Anzahl;WAHL01;Wahlberechtigte
14111;;;;1998-09-27;KREISE;;03353;;;;;;86,8;Prozent;WAHLSR;Wahlbeteiligung
14111;;;;1998-09-27;KREISE;;03353;;;;;;174064;Anzahl;WAHL01;Wahlberechtigte
14111;;;;1998-09-27;KREISE;;03354;;;;;;83,2;Prozent;WAHLSR;Wahlbeteiligung
14111;;;;1998-09-27;KREISE;;03354;;;;;;41407;Anzahl;WAHL01;Wahlberechtigte
14111;;;;1998-09-27;KREISE;;03355;;;;;;83,0;Prozent;WAHLSR;Wahlbeteiligung
14111;;;;1998-09-27;KREISE;;03355;;;;;;123711;Anzahl;WAHL01;Wahlberechtigte
14111;;;;1998-09-27;KREISE;;03356;;;;;;84,6;Prozent;WAHLSR;Wahlbeteiligung
14111;;;;1998-09-27;KREISE;;03356;;;;;;83543;Anzahl;WAHL01;Wahlberechtigte
14111;;;;1998-09-27;KREISE;;03357;;;;;;83,5;Prozent;WAHLSR;Wahlbeteiligung
14111;;;;1998-09-27;KREISE;;03357;;;;;;119880;Anzahl;WAHL01;Wahlberechtigte
14111;;;;1998-09-27;KREISE;;03358;;;;;;82,8;Prozent;WAHLSR;Wahlbeteiligung
14111;;;;1998-09-27;KREISE;;03358;;;;;;104923;Anzahl;WAHL01;Wahlberechtigte
14111;;;;1998-09-27;KREISE;;03359;;;;;;83,2;Prozent;WAHLSR;Wahlbeteiligung
14111;;;;1998-09-27;KREISE;;03359;;;;;;143788;Anzahl;WAHL01;Wahlberechtigte
14111;;;;1998-09-27;KREISE;;03360;;;;;;83,9;Prozent;WAHLSR;Wahlbeteiligung
14111;;;;1998-09-27;KREISE;;03360;;;;;;77288;Anzahl;WAHL01;Wahlberechtigte
14111;;;;1998-09-27;KREISE;;03361;;;;;;84,6;Prozent;WAHLSR;Wahlbeteiligung
14111;;;;1998-09-27;KREISE;;03361;;;;;;99144;Anzahl;WAHL01;Wahlberechtigte
14111;;;;1998-09-27;KREISE;;03401;;;;;;81,0;Prozent;WAHLSR;Wahlbeteiligung
14111;;;;1998-09-27;KREISE;;03401;;;;;;58088;Anzahl;WAHL01;Wahlberechtigte
14111;;;;1998-09-27;KREISE;;03402;;;;;;80,3;Prozent;WAHLSR;Wahlbeteiligung
14111;;;;1998-09-27;KREISE;;03402;;;;;;38947;Anzahl;WAHL01;Wahlberechtigte
14111;;;;1998-09-27;KREISE;;03403;;;;;;82,4;Prozent;WAHLSR;Wahlbeteiligung
14111;;;;1998-09-27;KREISE;;03403;;;;;;118116;Anzahl;WAHL01;Wahlberechtigte
14111;;;;1998-09-27;KREISE;;03404;;;;;;82,4;Prozent;WAHLSR;Wahlbeteiligung
14111;;;;1998-09-27;KREISE;;03404;;;;;;119936;Anzahl;WAHL01;Wahlberechtigte
14111;;;;1998-09-27;KREISE;;03405;;;;;;80,8;Prozent;WAHLSR;Wahlbeteiligung
14111;;;;1998-09-27;KREISE;;03405;;;;;;68722;Anzahl;WAHL01;Wahlberechtigte
14111;;;;1998-09-27;KREISE;;03451;;;;;;82,7;Prozent;WAHLSR;Wahlbeteiligung
14111;;;;1998-09-27;KREISE;;03451;;;;;;82593;Anzahl;WAHL01;Wahlberechtigte
14111;;;;1998-09-27;KREISE;;03452;;;;;;82,7;Prozent;WAHLSR;Wahlbeteiligung
14111;;;;1998-09-27;KREISE;;03452;;;;;;142091;Anzahl;WAHL01;Wahlberechtigte
14111;;;;1998-09-27;KREISE;;03453;;;;;;83,3;Prozent;WAHLSR;Wahlbeteiligung
14111;;;;1998-09-27;KREISE;;03453;;;;;;104594;Anzahl;WAHL01;Wahlberechtigte
14111;;;;1998-09-27;KREISE;;03454;;;;;;84,2;Prozent;WAHLSR;Wahlbeteiligung
14111;;;;1998-09-27;KREISE;;03454;;;;;;217624;Anzahl;WAHL01;Wahlberechtigte
14111;;;;1998-09-27;KREISE;;03455;;;;;;82,8;Prozent;WAHLSR;Wahlbeteiligung
14111;;;;1998-09-27;KREISE;;03455;;;;;;77602;Anzahl;WAHL01;Wahlberechtigte
14111;;;;1998-09-27;KREISE;;03456;;;;;;84,6;Prozent;WAHLSR;Wahlbeteiligung
14111;;;;1998-09-27;KREISE;;03456;;;;;;92642;Anzahl;WAHL01;Wahlberechtigte
14111;;;;1998-09-27;KREISE;;03457;;;;;;82,6;Prozent;WAHLSR;Wahlbeteiligung
14111;;;;1998-09-27;KREISE;;03457;;;;;;119562;Anzahl;WAHL01;Wahlberechtigte
14111;;;;1998-09-27;KREISE;;03458;;;;;;83,9;Prozent;WAHLSR;Wahlbeteiligung
14111;;;;1998-09-27;KREISE;;03458;;;;;;89217;Anzahl;WAHL01;Wahlberechtigte
14111;;;;1998-09-27;KREISE;;03459;;;;;;85,7;Prozent;WAHLSR;Wahlbeteiligung
14111;;;;1998-09-27;KREISE;;03459;;;;;;256641;Anzahl;WAHL01;Wahlberechtigte
14111;;;;1998-09-27;KREISE;;03460;;;;;;84,4;Prozent;WAHLSR;Wahlbeteiligung
14111;;;;1998-09-27;KREISE;;03460;;;;;;86600;Anzahl;WAHL01;Wahlberechtigte
14111;;;;1998-09-27;KREISE;;03461;;;;;;81,8;Prozent;WAHLSR;Wahlbeteiligung
14111;;;;1998-09-27;KREISE;;03461;;;;;;71565;Anzahl;WAHL01;Wahlberechtigte
14111;;;;1998-09-27;KREISE;;03462;;;;;;79,2;Prozent;WAHLSR;Wahlbeteiligung
14111;;;;1998-09-27;KREISE;;03462;;;;;;43307;Anzahl;WAHL01;Wahlberechtigte
14111;;;;1998-09-27;KREISE;;04011;;;;;;82,8;Prozent;WAHLSR;Wahlbeteiligung
14111;;;;1998-09-27;KREISE;;04011;;;;;;403347;Anzahl;WAHL01;Wahlberechtigte
14111;;;;1998-09-27;KREISE;;04012;;;;;;79,0;Prozent;WAHLSR;Wahlbeteiligung
14111;;;;1998-09-27;KREISE;;04012;;;;;;91462;Anzahl;WAHL01;Wahlberechtigte
14111;;;;1998-09-27;KREISE;;05111;;;;;;81,5;Prozent;WAHLSR;Wahlbeteiligung
14111;;;;1998-09-27;KREISE;;05111;;;;;;414001;Anzahl;WAHL01;Wahlberechtigte
14111;;;;1998-09-27;KREISE;;05112;;;;;;81,2;Prozent;WAHLSR;Wahlbeteiligung
14111;;;;1998-09-27;KREISE;;05112;;;;;;366989;Anzahl;WAHL01;Wahlberechtigte
14111;;;;1998-09-27;KREISE;;05113;;;;;;82,0;Prozent;WAHLSR;Wahlbeteiligung
14111;;;;1998-09-27;KREISE;;05113;;;;;;460974;Anzahl;WAHL01;Wahlberechtigte
14111;;;;1998-09-27;KREISE;;05114;;;;;;80,7;Prozent;WAHLSR;Wahlbeteiligung
14111;;;;1998-09-27;KREISE;;05114;;;;;;168482;Anzahl;WAHL01;Wahlberechtigte
14111;;;;1998-09-27;KREISE;;05116;;;;;;78,5;Prozent;WAHLSR;Wahlbeteiligung
14111;;;;1998-09-27;KREISE;;05116;;;;;;196587;Anzahl;WAHL01;Wahlberechtigte
14111;;;;1998-09-27;KREISE;;05117;;;;;;85,4;Prozent;WAHLSR;Wahlbeteiligung
14111;;;;1998-09-27;KREISE;;05117;;;;;;134026;Anzahl;WAHL01;Wahlberechtigte
14111;;;;1998-09-27;KREISE;;05119;;;;;;81,7;Prozent;WAHLSR;Wahlbeteiligung
14111;;;;1998-09-27;KREISE;;05119;;;;;;164266;Anzahl;WAHL01;Wahlberechtigte
14111;;;;1998-09-27;KREISE;;05120;;;;;;81,7;Prozent;WAHLSR;Wahlbeteiligung
14111;;;;1998-09-27;KREISE;;05120;;;;;;85582;Anzahl;WAHL01;Wahlberechtigte
14111;;;;1998-09-27;KREISE;;05122;;;;;;82,2;Prozent;WAHLSR;Wahlbeteiligung
14111;;;;1998-09-27;KREISE;;05122;;;;;;116213;Anzahl;WAHL01;Wahlberechtigte
14111;;;;1998-09-27;KREISE;;05124;;;;;;82,3;Prozent;WAHLSR;Wahlbeteiligung
14111;;;;1998-09-27;KREISE;;05124;;;;;;264550;Anzahl;WAHL01;Wahlberechtigte
14111;;;;1998-09-27;KREISE;;05154;;;;;;83,8;Prozent;WAHLSR;Wahlbeteiligung
14111;;;;1998-09-27;KREISE;;05154;;;;;;211060;Anzahl;WAHL01;Wahlberechtigte
14111;;;;1998-09-27;KREISE;;05158;;;;;;85,1;Prozent;WAHLSR;Wahlbeteiligung
14111;;;;1998-09-27;KREISE;;05158;;;;;;372462;Anzahl;WAHL01;Wahlberechtigte
14111;;;;1998-09-27;KREISE;;05162;;;;;;84,8;Prozent;WAHLSR;Wahlbeteiligung
14111;;;;1998-09-27;KREISE;;05162;;;;;;321548;Anzahl;WAHL01;Wahlberechtigte
14111;;;;1998-09-27;KREISE;;05166;;;;;;83,4;Prozent;WAHLSR;Wahlbeteiligung
14111;;;;1998-09-27;KREISE;;05166;;;;;;216060;Anzahl;WAHL01;Wahlberechtigte
14111;;;;1998-09-27;KREISE;;05170;;;;;;84,7;Prozent;WAHLSR;Wahlbeteiligung
14111;;;;1998-09-27;KREISE;;05170;;;;;;345865;Anzahl;WAHL01;Wahlberechtigte
14111;;;;1998-09-27;KREISE;;05313;;;;;;-;Prozent;WAHLSR;Wahlbeteiligung
14111;;;;1998-09-27;KREISE;;05313;;;;;;-;Anzahl;WAHL01;Wahlberechtigte
14111;;;;1998-09-27;KREISE;;05314;;;;;;85,4;Prozent;WAHLSR;Wahlbeteiligung
14111;;;;1998-09-27;KREISE;;05314;;;;;;217218;Anzahl;WAHL01;Wahlberechtigte
14111;;;;1998-09-27;KREISE;;05315;;;;;;81,5;Prozent;WAHLSR;Wahlbeteiligung
14111;;;;1998-09-27;KREISE;;05315;;;;;;662124;Anzahl;WAHL01;Wahlberechtigte
14111;;;;1998-09-27;KREISE;;05316;;;;;;83,4;Prozent;WAHLSR;Wahlbeteiligung
14111;;;;1998-09-27;KREISE;;05316;;;;;;117505;Anzahl;WAHL01;Wahlberechtigte
14111;;;;1998-09-27;KREISE;;05334;;;;;;-;Prozent;WAHLSR;Wahlbeteiligung
14111;;;;1998-09-27;KREISE;;05334;;;;;;-;Anzahl;WAHL01;Wahlberechtigte
14111;;;;1998-09-27;KREISE;;05334002;;;;;;84,1;Prozent;WAHLSR;Wahlbeteiligung
14111;;;;1998-09-27;KREISE;;05334002;;;;;;166969;Anzahl;WAHL01;Wahlberechtigte
14111;;;;1998-09-27;KREISE;;05354;;;;;;85,0;Prozent;WAHLSR;Wahlbeteiligung
14111;;;;1998-09-27;KREISE;;05354;;;;;;222563;Anzahl;WAHL01;Wahlberechtigte
14111;;;;1998-09-27;KREISE;;05358;;;;;;84,4;Prozent;WAHLSR;Wahlbeteiligung
14111;;;;1998-09-27;KREISE;;05358;;;;;;192156;Anzahl;WAHL01;Wahlberechtigte
14111;;;;1998-09-27;KREISE;;05362;;;;;;85,0;Prozent;WAHLSR;Wahlbeteiligung
14111;;;;1998-09-27;KREISE;;05362;;;;;;324235;Anzahl;WAHL01;Wahlberechtigte
14111;;;;1998-09-27;KREISE;;05366;;;;;;83,1;Prozent;WAHLSR;Wahlbeteiligung
14111;;;;1998-09-27;KREISE;;05366;;;;;;139489;Anzahl;WAHL01;Wahlberechtigte
14111;;;;1998-09-27;KREISE;;05370;;;;;;84,2;Prozent;WAHLSR;Wahlbeteiligung
14111;;;;1998-09-27;KREISE;;05370;;;;;;175607;Anzahl;WAHL01;Wahlberechtigte
14111;;;;1998-09-27;KREISE;;05374;;;;;;84,6;Prozent;WAHLSR;Wahlbeteiligung
14111;;;;1998-09-27;KREISE;;05374;;;;;;205296;Anzahl;WAHL01;Wahlberechtigte
14111;;;;1998-09-27;KREISE;;05378;;;;;;86,6;Prozent;WAHLSR;Wahlbeteiligung
14111;;;;1998-09-27;KREISE;;05378;;;;;;205879;Anzahl;WAHL01;Wahlberechtigte
14111;;;;1998-09-27;KREISE;;05382;;;;;;85,9;Prozent;WAHLSR;Wahlbeteiligung
14111;;;;1998-09-27;KREISE;;05382;;;;;;409762;Anzahl;WAHL01;Wahlberechtigte
14111;;;;1998-09-27;KREISE;;05512;;;;;;85,0;Prozent;WAHLSR;Wahlbeteiligung
14111;;;;1998-09-27;KREISE;;05512;;;;;;91307;Anzahl;WAHL01;Wahlberechtigte
14111;;;;1998-09-27;KREISE;;05513;;;;;;80,3;Prozent;WAHLSR;Wahlbeteiligung
14111;;;;1998-09-27;KREISE;;05513;;;;;;205594;Anzahl;WAHL01;Wahlberechtigte
14111;;;;1998-09-27;KREISE;;05515;;;;;;86,8;Prozent;WAHLSR;Wahlbeteiligung
14111;;;;1998-09-27;KREISE;;05515;;;;;;200200;Anzahl;WAHL01;Wahlberechtigte
14111;;;;1998-09-27;KREISE;;05554;;;;;;84,9;Prozent;WAHLSR;Wahlbeteiligung
14111;;;;1998-09-27;KREISE;;05554;;;;;;250764;Anzahl;WAHL01;Wahlberechtigte
14111;;;;1998-09-27;KREISE;;05558;;;;;;87,0;Prozent;WAHLSR;Wahlbeteiligung
14111;;;;1998-09-27;KREISE;;05558;;;;;;154179;Anzahl;WAHL01;Wahlberechtigte
14111;;;;1998-09-27;KREISE;;05562;;;;;;84,6;Prozent;WAHLSR;Wahlbeteiligung
14111;;;;1998-09-27;KREISE;;05562;;;;;;492187;Anzahl;WAHL01;Wahlberechtigte
14111;;;;1998-09-27;KREISE;;05566;;;;;;85,8;Prozent;WAHLSR;Wahlbeteiligung
14111;;;;1998-09-27;KREISE;;05566;;;;;;313915;Anzahl;WAHL01;Wahlberechtigte
14111;;;;1998-09-27;KREISE;;05570;;;;;;86,8;Prozent;WAHLSR;Wahlbeteiligung
14111;;;;1998-09-27;KREISE;;05570;;;;;;200813;Anzahl;WAHL01;Wahlberechtigte
14111;;;;1998-09-27;KREISE;;05711;;;;;;85,3;Prozent;WAHLSR;Wahlbeteiligung
14111;;;;1998-09-27;KREISE;;05711;;;;;;235444;Anzahl;WAHL01;Wahlberechtigte
14111;;;;1998-09-27;KREISE;;05754;;;;;;85,2;Prozent;WAHLSR;Wahlbeteiligung
14111;;;;1998-09-27;KREISE;;05754;;;;;;244701;Anzahl;WAHL01;Wahlberechtigte
14111;;;;1998-09-27;KREISE;;05758;;;;;;85,1;Prozent;WAHLSR;Wahlbeteiligung
14111;;;;1998-09-27;KREISE;;05758;;;;;;191909;Anzahl;WAHL01;Wahlberechtigte
14111;;;;1998-09-27;KREISE;;05762;;;;;;86,1;Prozent;WAHLSR;Wahlbeteiligung
14111;;;;1998-09-27;KREISE;;05762;;;;;;116685;Anzahl;WAHL01;Wahlberechtigte
14111;;;;1998-09-27;KREISE;;05766;;;;;;85,2;Prozent;WAHLSR;Wahlbeteiligung
14111;;;;1998-09-27;KREISE;;05766;;;;;;273689;Anzahl;WAHL01;Wahlberechtigte
14111;;;;1998-09-27;KREISE;;05770;;;;;;83,7;Prozent;WAHLSR;Wahlbeteiligung
14111;;;;1998-09-27;KREISE;;05770;;;;;;243814;Anzahl;WAHL01;Wahlberechtigte
14111;;;;1998-09-27;KREISE;;05774;;;;;;84,0;Prozent;WAHLSR;Wahlbeteiligung
14111;;;;1998-09-27;KREISE;;05774;;;;;;205311;Anzahl;WAHL01;Wahlberechtigte
14111;;;;1998-09-27;KREISE;;05911;;;;;;84,6;Prozent;WAHLSR;Wahlbeteiligung
14111;;;;1998-09-27;KREISE;;05911;;;;;;294739;Anzahl;WAHL01;Wahlberechtigte
14111;;;;1998-09-27;KREISE;;05913;;;;;;83,1;Prozent;WAHLSR;Wahlbeteiligung
14111;;;;1998-09-27;KREISE;;05913;;;;;;429998;Anzahl;WAHL01;Wahlberechtigte
14111;;;;1998-09-27;KREISE;;05914;;;;;;81,5;Prozent;WAHLSR;Wahlbeteiligung
14111;;;;1998-09-27;KREISE;;05914;;;;;;150667;Anzahl;WAHL01;Wahlberechtigte
14111;;;;1998-09-27;KREISE;;05915;;;;;;82,9;Prozent;WAHLSR;Wahlbeteiligung
14111;;;;1998-09-27;KREISE;;05915;;;;;;130190;Anzahl;WAHL01;Wahlberechtigte
14111;;;;1998-09-27;KREISE;;05916;;;;;;82,5;Prozent;WAHLSR;Wahlbeteiligung
14111;;;;1998-09-27;KREISE;;05916;;;;;;125842;Anzahl;WAHL01;Wahlberechtigte
14111;;;;1998-09-27;KREISE;;05954;;;;;;85,5;Prozent;WAHLSR;Wahlbeteiligung
14111;;;;1998-09-27;KREISE;;05954;;;;;;267395;Anzahl;WAHL01;Wahlberechtigte
14111;;;;1998-09-27;KREISE;;05958;;;;;;85,5;Prozent;WAHLSR;Wahlbeteiligung
14111;;;;1998-09-27;KREISE;;05958;;;;;;210499;Anzahl;WAHL01;Wahlberechtigte
14111;;;;1998-09-27;KREISE;;05962;;;;;;82,9;Prozent;WAHLSR;Wahlbeteiligung
14111;;;;1998-09-27;KREISE;;05962;;;;;;325208;Anzahl;WAHL01;Wahlberechtigte
14111;;;;1998-09-27;KREISE;;05966;;;;;;84,8;Prozent;WAHLSR;Wahlbeteiligung
14111;;;;1998-09-27;KREISE;;05966;;;;;;100716;Anzahl;WAHL01;Wahlberechtigte
14111;;;;1998-09-27;KREISE;;05970;;;;;;84,5;Prozent;WAHLSR;Wahlbeteiligung
14111;;;;1998-09-27;KREISE;;05970;;;;;;219164;Anzahl;WAHL01;Wahlberechtigte
14111;;;;1998-09-27;KREISE;;05974;;;;;;84,5;Prozent;WAHLSR;Wahlbeteiligung
14111;;;;1998-09-27;KREISE;;05974;;;;;;222469;Anzahl;WAHL01;Wahlberechtigte
14111;;;;1998-09-27;KREISE;;05978;;;;;;85,6;Prozent;WAHLSR;Wahlbeteiligung
14111;;;;1998-09-27;KREISE;;05978;;;;;;311530;Anzahl;WAHL01;Wahlberechtigte
14111;;;;1998-09-27;KREISE;;06411;;;;;;83,0;Prozent;WAHLSR;Wahlbeteiligung
14111;;;;1998-09-27;KREISE;;06411;;;;;;97353;Anzahl;WAHL01;Wahlberechtigte
14111;;;;1998-09-27;KREISE;;06412;;;;;;80,7;Prozent;WAHLSR;Wahlbeteiligung
14111;;;;1998-09-27;KREISE;;06412;;;;;;381829;Anzahl;WAHL01;Wahlberechtigte
14111;;;;1998-09-27;KREISE;;06413;;;;;;79,1;Prozent;WAHLSR;Wahlbeteiligung
14111;;;;1998-09-27;KREISE;;06413;;;;;;68630;Anzahl;WAHL01;Wahlberechtigte
14111;;;;1998-09-27;KREISE;;06414;;;;;;81,6;Prozent;WAHLSR;Wahlbeteiligung
14111;;;;1998-09-27;KREISE;;06414;;;;;;185832;Anzahl;WAHL01;Wahlberechtigte
14111;;;;1998-09-27;KREISE;;06415;;;;;;-;Prozent;WAHLSR;Wahlbeteiligung
14111;;;;1998-09-27;KREISE;;06415;;;;;;-;Anzahl;WAHL01;Wahlberechtigte
14111;;;;1998-09-27;KREISE;;06431;;;;;;85,0;Prozent;WAHLSR;Wahlbeteiligung
14111;;;;1998-09-27;KREISE;;06431;;;;;;193655;Anzahl;WAHL01;Wahlberechtigte
14111;;;;1998-09-27;KREISE;;06432;;;;;;85,2;Prozent;WAHLSR;Wahlbeteiligung
14111;;;;1998-09-27;KREISE;;06432;;;;;;202388;Anzahl;WAHL01;Wahlberechtigte
14111;;;;1998-09-27;KREISE;;06433;;;;;;84,9;Prozent;WAHLSR;Wahlbeteiligung
14111;;;;1998-09-27;KREISE;;06433;;;;;;166121;Anzahl;WAHL01;Wahlberechtigte
14111;;;;1998-09-27;KREISE;;06434;;;;;;86,5;Prozent;WAHLSR;Wahlbeteiligung
14111;;;;1998-09-27;KREISE;;06434;;;;;;162108;Anzahl;WAHL01;Wahlberechtigte
14111;;;;1998-09-27;KREISE;;06435;;;;;;84,1;Prozent;WAHLSR;Wahlbeteiligung
14111;;;;1998-09-27;KREISE;;06435;;;;;;289817;Anzahl;WAHL01;Wahlberechtigte
14111;;;;1998-09-27;KREISE;;06436;;;;;;86,9;Prozent;WAHLSR;Wahlbeteiligung
14111;;;;1998-09-27;KREISE;;06436;;;;;;157716;Anzahl;WAHL01;Wahlberechtigte
14111;;;;1998-09-27;KREISE;;06437;;;;;;85,0;Prozent;WAHLSR;Wahlbeteiligung
14111;;;;1998-09-27;KREISE;;06437;;;;;;71232;Anzahl;WAHL01;Wahlberechtigte
14111;;;;1998-09-27;KREISE;;06438;;;;;;85,3;Prozent;WAHLSR;Wahlbeteiligung
14111;;;;1998-09-27;KREISE;;06438;;;;;;231478;Anzahl;WAHL01;Wahlberechtigte
14111;;;;1998-09-27;KREISE;;06439;;;;;;85,5;Prozent;WAHLSR;Wahlbeteiligung
14111;;;;1998-09-27;KREISE;;06439;;;;;;134103;Anzahl;WAHL01;Wahlberechtigte
14111;;;;1998-09-27;KREISE;;06440;;;;;;83,9;Prozent;WAHLSR;Wahlbeteiligung
14111;;;;1998-09-27;KREISE;;06440;;;;;;211682;Anzahl;WAHL01;Wahlberechtigte
14111;;;;1998-09-27;KREISE;;06531;;;;;;83,5;Prozent;WAHLSR;Wahlbeteiligung
14111;;;;1998-09-27;KREISE;;06531;;;;;;184034;Anzahl;WAHL01;Wahlberechtigte
14111;;;;1998-09-27;KREISE;;06532;;;;;;81,3;Prozent;WAHLSR;Wahlbeteiligung
14111;;;;1998-09-27;KREISE;;06532;;;;;;192449;Anzahl;WAHL01;Wahlberechtigte
14111;;;;1998-09-27;KREISE;;06533;;;;;;83,6;Prozent;WAHLSR;Wahlbeteiligung
14111;;;;1998-09-27;KREISE;;06533;;;;;;128317;Anzahl;WAHL01;Wahlberechtigte
14111;;;;1998-09-27;KREISE;;06534;;;;;;84,6;Prozent;WAHLSR;Wahlbeteiligung
14111;;;;1998-09-27;KREISE;;06534;;;;;;181430;Anzahl;WAHL01;Wahlberechtigte
14111;;;;1998-09-27;KREISE;;06535;;;;;;84,3;Prozent;WAHLSR;Wahlbeteiligung
14111;;;;1998-09-27;KREISE;;06535;;;;;;91406;Anzahl;WAHL01;Wahlberechtigte
14111;;;;1998-09-27;KREISE;;06611;;;;;;82,4;Prozent;WAHLSR;Wahlbeteiligung
14111;;;;1998-09-27;KREISE;;06611;;;;;;140372;Anzahl;WAHL01;Wahlberechtigte
14111;;;;1998-09-27;KREISE;;06631;;;;;;86,0;Prozent;WAHLSR;Wahlbeteiligung
14111;;;;1998-09-27;KREISE;;06631;;;;;;160839;Anzahl;WAHL01;Wahlberechtigte
14111;;;;1998-09-27;KREISE;;06632;;;;;;86,1;Prozent;WAHLSR;Wahlbeteiligung
14111;;;;1998-09-27;KREISE;;06632;;;;;;102716;Anzahl;WAHL01;Wahlberechtigte
14111;;;;1998-09-27;KREISE;;06633;;;;;;87,6;Prozent;WAHLSR;Wahlbeteiligung
14111;;;;1998-09-27;KREISE;;06633;;;;;;190870;Anzahl;WAHL01;Wahlberechtigte
14111;;;;1998-09-27;KREISE;;06634;;;;;;87,1;Prozent;WAHLSR;Wahlbeteiligung
14111;;;;1998-09-27;KREISE;;06634;;;;;;149857;Anzahl;WAHL01;Wahlberechtigte
14111;;;;1998-09-27;KREISE;;06635;;;;;;83,9;Prozent;WAHLSR;Wahlbeteiligung
14111;;;;1998-09-27;KREISE;;06635;;;;;;129433;Anzahl;WAHL01;Wahlberechtigte
14111;;;;1998-09-27;KREISE;;06636;;;;;;86,1;Prozent;WAHLSR;Wahlbeteiligung
14111;;;;1998-09-27;KREISE;;06636;;;;;;91535;Anzahl;WAHL01;Wahlberechtigte
14111;;;;1998-09-27;KREISE;;07111;;;;;;81,8;Prozent;WAHLSR;Wahlbeteiligung
14111;;;;1998-09-27;KREISE;;07111;;;;;;83678;Anzahl;WAHL01;Wahlberechtigte
14111;;;;1998-09-27;KREISE;;07131;;;;;;84,5;Prozent;WAHLSR;Wahlbeteiligung
14111;;;;1998-09-27;KREISE;;07131;;;;;;95798;Anzahl;WAHL01;Wahlberechtigte
14111;;;;1998-09-27;KREISE;;07132;;;;;;83,5;Prozent;WAHLSR;Wahlbeteiligung
14111;;;;1998-09-27;KREISE;;07132;;;;;;101523;Anzahl;WAHL01;Wahlberechtigte
14111;;;;1998-09-27;KREISE;;07133;;;;;;83,6;Prozent;WAHLSR;Wahlbeteiligung
14111;;;;1998-09-27;KREISE;;07133;;;;;;119204;Anzahl;WAHL01;Wahlberechtigte
14111;;;;1998-09-27;KREISE;;07134;;;;;;80,9;Prozent;WAHLSR;Wahlbeteiligung
14111;;;;1998-09-27;KREISE;;07134;;;;;;71068;Anzahl;WAHL01;Wahlberechtigte
14111;;;;1998-09-27;KREISE;;07135;;;;;;86,2;Prozent;WAHLSR;Wahlbeteiligung
14111;;;;1998-09-27;KREISE;;07135;;;;;;51503;Anzahl;WAHL01;Wahlberechtigte
14111;;;;1998-09-27;KREISE;;07137;;;;;;83,7;Prozent;WAHLSR;Wahlbeteiligung
14111;;;;1998-09-27;KREISE;;07137;;;;;;159390;Anzahl;WAHL01;Wahlberechtigte
14111;;;;1998-09-27;KREISE;;07138;;;;;;84,2;Prozent;WAHLSR;Wahlbeteiligung
14111;;;;1998-09-27;KREISE;;07138;;;;;;135849;Anzahl;WAHL01;Wahlberechtigte
14111;;;;1998-09-27;KREISE;;07140;;;;;;84,0;Prozent;WAHLSR;Wahlbeteiligung
14111;;;;1998-09-27;KREISE;;07140;;;;;;79618;Anzahl;WAHL01;Wahlberechtigte
14111;;;;1998-09-27;KREISE;;07141;;;;;;84,0;Prozent;WAHLSR;Wahlbeteiligung
14111;;;;1998-09-27;KREISE;;07141;;;;;;98685;Anzahl;WAHL01;Wahlberechtigte
14111;;;;1998-09-27;KREISE;;07143;;;;;;84,4;Prozent;WAHLSR;Wahlbeteiligung
14111;;;;1998-09-27;KREISE;;07143;;;;;;148264;Anzahl;WAHL01;Wahlberechtigte
14111;;;;1998-09-27;KREISE;;07211;;;;;;78,8;Prozent;WAHLSR;Wahlbeteiligung
14111;;;;1998-09-27;KREISE;;07211;;;;;;75854;Anzahl;WAHL01;Wahlberechtigte
14111;;;;1998-09-27;KREISE;;07231;;;;;;83,2;Prozent;WAHLSR;Wahlbeteiligung
14111;;;;1998-09-27;KREISE;;07231;;;;;;88820;Anzahl;WAHL01;Wahlberechtigte
14111;;;;1998-09-27;KREISE;;07232;;;;;;82,7;Prozent;WAHLSR;Wahlbeteiligung
14111;;;;1998-09-27;KREISE;;07232;;;;;;74039;Anzahl;WAHL01;Wahlberechtigte
14111;;;;1998-09-27;KREISE;;07233;;;;;;84,2;Prozent;WAHLSR;Wahlbeteiligung
14111;;;;1998-09-27;KREISE;;07233;;;;;;49507;Anzahl;WAHL01;Wahlberechtigte
14111;;;;1998-09-27;KREISE;;07235;;;;;;86,1;Prozent;WAHLSR;Wahlbeteiligung
14111;;;;1998-09-27;KREISE;;07235;;;;;;105415;Anzahl;WAHL01;Wahlberechtigte
14111;;;;1998-09-27;KREISE;;07311;;;;;;83,1;Prozent;WAHLSR;Wahlbeteiligung
14111;;;;1998-09-27;KREISE;;07311;;;;;;34396;Anzahl;WAHL01;Wahlberechtigte
14111;;;;1998-09-27;KREISE;;07312;;;;;;78,0;Prozent;WAHLSR;Wahlbeteiligung
14111;;;;1998-09-27;KREISE;;07312;;;;;;74344;Anzahl;WAHL01;Wahlberechtigte
14111;;;;1998-09-27;KREISE;;07313;;;;;;81,5;Prozent;WAHLSR;Wahlbeteiligung
14111;;;;1998-09-27;KREISE;;07313;;;;;;30303;Anzahl;WAHL01;Wahlberechtigte
14111;;;;1998-09-27;KREISE;;07314;;;;;;81,7;Prozent;WAHLSR;Wahlbeteiligung
14111;;;;1998-09-27;KREISE;;07314;;;;;;106853;Anzahl;WAHL01;Wahlberechtigte
14111;;;;1998-09-27;KREISE;;07315;;;;;;83,6;Prozent;WAHLSR;Wahlbeteiligung
14111;;;;1998-09-27;KREISE;;07315;;;;;;128143;Anzahl;WAHL01;Wahlberechtigte
14111;;;;1998-09-27;KREISE;;07316;;;;;;83,9;Prozent;WAHLSR;Wahlbeteiligung
14111;;;;1998-09-27;KREISE;;07316;;;;;;41411;Anzahl;WAHL01;Wahlberechtigte
14111;;;;1998-09-27;KREISE;;07317;;;;;;77,5;Prozent;WAHLSR;Wahlbeteiligung
14111;;;;1998-09-27;KREISE;;07317;;;;;;37342;Anzahl;WAHL01;Wahlberechtigte
14111;;;;1998-09-27;KREISE;;07318;;;;;;81,8;Prozent;WAHLSR;Wahlbeteiligung
14111;;;;1998-09-27;KREISE;;07318;;;;;;35920;Anzahl;WAHL01;Wahlberechtigte
14111;;;;1998-09-27;KREISE;;07319;;;;;;80,0;Prozent;WAHLSR;Wahlbeteiligung
14111;;;;1998-09-27;KREISE;;07319;;;;;;58942;Anzahl;WAHL01;Wahlberechtigte
14111;;;;1998-09-27;KREISE;;07320;;;;;;81,6;Prozent;WAHLSR;Wahlbeteiligung
14111;;;;1998-09-27;KREISE;;07320;;;;;;28002;Anzahl;WAHL01;Wahlberechtigte
14111;;;;1998-09-27;KREISE;;07331;;;;;;85,5;Prozent;WAHLSR;Wahlbeteiligung
14111;;;;1998-09-27;KREISE;;07331;;;;;;89865;Anzahl;WAHL01;Wahlberechtigte
14111;;;;1998-09-27;KREISE;;07332;;;;;;85,8;Prozent;WAHLSR;Wahlbeteiligung
14111;;;;1998-09-27;KREISE;;07332;;;;;;102236;Anzahl;WAHL01;Wahlberechtigte
14111;;;;1998-09-27;KREISE;;07333;;;;;;83,5;Prozent;WAHLSR;Wahlbeteiligung
14111;;;;1998-09-27;KREISE;;07333;;;;;;57972;Anzahl;WAHL01;Wahlberechtigte
14111;;;;1998-09-27;KREISE;;07334;;;;;;85,7;Prozent;WAHLSR;Wahlbeteiligung
14111;;;;1998-09-27;KREISE;;07334;;;;;;86614;Anzahl;WAHL01;Wahlberechtigte
14111;;;;1998-09-27;KREISE;;07335;;;;;;84,4;Prozent;WAHLSR;Wahlbeteiligung
14111;;;;1998-09-27;KREISE;;07335;;;;;;82891;Anzahl;WAHL01;Wahlberechtigte
14111;;;;1998-09-27;KREISE;;07336;;;;;;83,8;Prozent;WAHLSR;Wahlbeteiligung
14111;;;;1998-09-27;KREISE;;07336;;;;;;62266;Anzahl;WAHL01;Wahlberechtigte
14111;;;;1998-09-27;KREISE;;07337;;;;;;86,0;Prozent;WAHLSR;Wahlbeteiligung
14111;;;;1998-09-27;KREISE;;07337;;;;;;82891;Anzahl;WAHL01;Wahlberechtigte
14111;;;;1998-09-27;KREISE;;07338;;;;;;88,8;Prozent;WAHLSR;Wahlbeteiligung
14111;;;;1998-09-27;KREISE;;07338;;;;;;110519;Anzahl;WAHL01;Wahlberechtigte
14111;;;;1998-09-27;KREISE;;07339;;;;;;86,4;Prozent;WAHLSR;Wahlbeteiligung
14111;;;;1998-09-27;KREISE;;07339;;;;;;144201;Anzahl;WAHL01;Wahlberechtigte
14111;;;;1998-09-27;KREISE;;07340;;;;;;86,9;Prozent;WAHLSR;Wahlbeteiligung
14111;;;;1998-09-27;KREISE;;07340;;;;;;82710;Anzahl;WAHL01;Wahlberechtigte
14111;;;;1998-09-27;KREISE;;08111;;;;;;82,9;Prozent;WAHLSR;Wahlbeteiligung
14111;;;;1998-09-27;KREISE;;08111;;;;;;358554;Anzahl;WAHL01;Wahlberechtigte
14111;;;;1998-09-27;KREISE;;08115;;;;;;85,2;Prozent;WAHLSR;Wahlbeteiligung
14111;;;;1998-09-27;KREISE;;08115;;;;;;239572;Anzahl;WAHL01;Wahlberechtigte
14111;;;;1998-09-27;KREISE;;08116;;;;;;85,5;Prozent;WAHLSR;Wahlbeteiligung
14111;;;;1998-09-27;KREISE;;08116;;;;;;339560;Anzahl;WAHL01;Wahlberechtigte
14111;;;;1998-09-27;KREISE;;08117;;;;;;83,2;Prozent;WAHLSR;Wahlbeteiligung
14111;;;;1998-09-27;KREISE;;08117;;;;;;176627;Anzahl;WAHL01;Wahlberechtigte
14111;;;;1998-09-27;KREISE;;08118;;;;;;85,2;Prozent;WAHLSR;Wahlbeteiligung
14111;;;;1998-09-27;KREISE;;08118;;;;;;331558;Anzahl;WAHL01;Wahlberechtigte
14111;;;;1998-09-27;KREISE;;08119;;;;;;83,8;Prozent;WAHLSR;Wahlbeteiligung
14111;;;;1998-09-27;KREISE;;08119;;;;;;279792;Anzahl;WAHL01;Wahlberechtigte
14111;;;;1998-09-27;KREISE;;08121;;;;;;81,3;Prozent;WAHLSR;Wahlbeteiligung
14111;;;;1998-09-27;KREISE;;08121;;;;;;78059;Anzahl;WAHL01;Wahlberechtigte
14111;;;;1998-09-27;KREISE;;08125;;;;;;84,4;Prozent;WAHLSR;Wahlbeteiligung
14111;;;;1998-09-27;KREISE;;08125;;;;;;216879;Anzahl;WAHL01;Wahlberechtigte
14111;;;;1998-09-27;KREISE;;08126;;;;;;82,9;Prozent;WAHLSR;Wahlbeteiligung
14111;;;;1998-09-27;KREISE;;08126;;;;;;76481;Anzahl;WAHL01;Wahlberechtigte
14111;;;;1998-09-27;KREISE;;08127;;;;;;81,3;Prozent;WAHLSR;Wahlbeteiligung
14111;;;;1998-09-27;KREISE;;08127;;;;;;132272;Anzahl;WAHL01;Wahlberechtigte
14111;;;;1998-09-27;KREISE;;08128;;;;;;83,5;Prozent;WAHLSR;Wahlbeteiligung
14111;;;;1998-09-27;KREISE;;08128;;;;;;102469;Anzahl;WAHL01;Wahlberechtigte
14111;;;;1998-09-27;KREISE;;08135;;;;;;83,1;Prozent;WAHLSR;Wahlbeteiligung
14111;;;;1998-09-27;KREISE;;08135;;;;;;96396;Anzahl;WAHL01;Wahlberechtigte
14111;;;;1998-09-27;KREISE;;08136;;;;;;83,0;Prozent;WAHLSR;Wahlbeteiligung
14111;;;;1998-09-27;KREISE;;08136;;;;;;222975;Anzahl;WAHL01;Wahlberechtigte
14111;;;;1998-09-27;KREISE;;08211;;;;;;82,0;Prozent;WAHLSR;Wahlbeteiligung
14111;;;;1998-09-27;KREISE;;08211;;;;;;39342;Anzahl;WAHL01;Wahlberechtigte
14111;;;;1998-09-27;KREISE;;08212;;;;;;80,6;Prozent;WAHLSR;Wahlbeteiligung
14111;;;;1998-09-27;KREISE;;08212;;;;;;197500;Anzahl;WAHL01;Wahlberechtigte
14111;;;;1998-09-27;KREISE;;08215;;;;;;84,8;Prozent;WAHLSR;Wahlbeteiligung
14111;;;;1998-09-27;KREISE;;08215;;;;;;299732;Anzahl;WAHL01;Wahlberechtigte
14111;;;;1998-09-27;KREISE;;08216;;;;;;81,8;Prozent;WAHLSR;Wahlbeteiligung
14111;;;;1998-09-27;KREISE;;08216;;;;;;161402;Anzahl;WAHL01;Wahlberechtigte
14111;;;;1998-09-27;KREISE;;08221;;;;;;83,7;Prozent;WAHLSR;Wahlbeteiligung
14111;;;;1998-09-27;KREISE;;08221;;;;;;93670;Anzahl;WAHL01;Wahlberechtigte
14111;;;;1998-09-27;KREISE;;08222;;;;;;80,0;Prozent;WAHLSR;Wahlbeteiligung
14111;;;;1998-09-27;KREISE;;08222;;;;;;200197;Anzahl;WAHL01;Wahlberechtigte
14111;;;;1998-09-27;KREISE;;08225;;;;;;82,9;Prozent;WAHLSR;Wahlbeteiligung
14111;;;;1998-09-27;KREISE;;08225;;;;;;107256;Anzahl;WAHL01;Wahlberechtigte
14111;;;;1998-09-27;KREISE;;08226;;;;;;86,1;Prozent;WAHLSR;Wahlbeteiligung
14111;;;;1998-09-27;KREISE;;08226;;;;;;375327;Anzahl;WAHL01;Wahlberechtigte
14111;;;;1998-09-27;KREISE;;08231;;;;;;79,5;Prozent;WAHLSR;Wahlbeteiligung
14111;;;;1998-09-27;KREISE;;08231;;;;;;78996;Anzahl;WAHL01;Wahlberechtigte
14111;;;;1998-09-27;KREISE;;08235;;;;;;83,2;Prozent;WAHLSR;Wahlbeteiligung
14111;;;;1998-09-27;KREISE;;08235;;;;;;105852;Anzahl;WAHL01;Wahlberechtigte
14111;;;;1998-09-27;KREISE;;08236;;;;;;84,7;Prozent;WAHLSR;Wahlbeteiligung
14111;;;;1998-09-27;KREISE;;08236;;;;;;133821;Anzahl;WAHL01;Wahlberechtigte
14111;;;;1998-09-27;KREISE;;08237;;;;;;81,4;Prozent;WAHLSR;Wahlbeteiligung
14111;;;;1998-09-27;KREISE;;08237;;;;;;84061;Anzahl;WAHL01;Wahlberechtigte
14111;;;;1998-09-27;KREISE;;08311;;;;;;82,6;Prozent;WAHLSR;Wahlbeteiligung
14111;;;;1998-09-27;KREISE;;08311;;;;;;136112;Anzahl;WAHL01;Wahlberechtigte
14111;;;;1998-09-27;KREISE;;08315;;;;;;83,9;Prozent;WAHLSR;Wahlbeteiligung
14111;;;;1998-09-27;KREISE;;08315;;;;;;172992;Anzahl;WAHL01;Wahlberechtigte
14111;;;;1998-09-27;KREISE;;08316;;;;;;82,3;Prozent;WAHLSR;Wahlbeteiligung
14111;;;;1998-09-27;KREISE;;08316;;;;;;110483;Anzahl;WAHL01;Wahlberechtigte
14111;;;;1998-09-27;KREISE;;08317;;;;;;79,7;Prozent;WAHLSR;Wahlbeteiligung
14111;;;;1998-09-27;KREISE;;08317;;;;;;300527;Anzahl;WAHL01;Wahlberechtigte
14111;;;;1998-09-27;KREISE;;08325;;;;;;82,0;Prozent;WAHLSR;Wahlbeteiligung
14111;;;;1998-09-27;KREISE;;08325;;;;;;101255;Anzahl;WAHL01;Wahlberechtigte
14111;;;;1998-09-27;KREISE;;08326;;;;;;82,1;Prozent;WAHLSR;Wahlbeteiligung
14111;;;;1998-09-27;KREISE;;08326;;;;;;147356;Anzahl;WAHL01;Wahlberechtigte
14111;;;;1998-09-27;KREISE;;08327;;;;;;83,5;Prozent;WAHLSR;Wahlbeteiligung
14111;;;;1998-09-27;KREISE;;08327;;;;;;91634;Anzahl;WAHL01;Wahlberechtigte
14111;;;;1998-09-27;KREISE;;08335;;;;;;81,5;Prozent;WAHLSR;Wahlbeteiligung
14111;;;;1998-09-27;KREISE;;08335;;;;;;184648;Anzahl;WAHL01;Wahlberechtigte
14111;;;;1998-09-27;KREISE;;08336;;;;;;80,5;Prozent;WAHLSR;Wahlbeteiligung
14111;;;;1998-09-27;KREISE;;08336;;;;;;152174;Anzahl;WAHL01;Wahlberechtigte
14111;;;;1998-09-27;KREISE;;08337;;;;;;80,3;Prozent;WAHLSR;Wahlbeteiligung
14111;;;;1998-09-27;KREISE;;08337;;;;;;114587;Anzahl;WAHL01;Wahlberechtigte
14111;;;;1998-09-27;KREISE;;08415;;;;;;84,2;Prozent;WAHLSR;Wahlbeteiligung
14111;;;;1998-09-27;KREISE;;08415;;;;;;189056;Anzahl;WAHL01;Wahlberechtigte
14111;;;;1998-09-27;KREISE;;08416;;;;;;85,9;Prozent;WAHLSR;Wahlbeteiligung
14111;;;;1998-09-27;KREISE;;08416;;;;;;135781;Anzahl;WAHL01;Wahlberechtigte
14111;;;;1998-09-27;KREISE;;08417;;;;;;81,9;Prozent;WAHLSR;Wahlbeteiligung
14111;;;;1998-09-27;KREISE;;08417;;;;;;137571;Anzahl;WAHL01;Wahlberechtigte
14111;;;;1998-09-27;KREISE;;08421;;;;;;82,7;Prozent;WAHLSR;Wahlbeteiligung
14111;;;;1998-09-27;KREISE;;08421;;;;;;76247;Anzahl;WAHL01;Wahlberechtigte
14111;;;;1998-09-27;KREISE;;08425;;;;;;84,7;Prozent;WAHLSR;Wahlbeteiligung
14111;;;;1998-09-27;KREISE;;08425;;;;;;128656;Anzahl;WAHL01;Wahlberechtigte
14111;;;;1998-09-27;KREISE;;08426;;;;;;83,7;Prozent;WAHLSR;Wahlbeteiligung
14111;;;;1998-09-27;KREISE;;08426;;;;;;129590;Anzahl;WAHL01;Wahlberechtigte
14111;;;;1998-09-27;KREISE;;08435;;;;;;82,5;Prozent;WAHLSR;Wahlbeteiligung
14111;;;;1998-09-27;KREISE;;08435;;;;;;140062;Anzahl;WAHL01;Wahlberechtigte
14111;;;;1998-09-27;KREISE;;08436;;;;;;81,9;Prozent;WAHLSR;Wahlbeteiligung
14111;;;;1998-09-27;KREISE;;08436;;;;;;186848;Anzahl;WAHL01;Wahlberechtigte
14111;;;;1998-09-27;KREISE;;08437;;;;;;82,2;Prozent;WAHLSR;Wahlbeteiligung
14111;;;;1998-09-27;KREISE;;08437;;;;;;93004;Anzahl;WAHL01;Wahlberechtigte
14111;;;;1998-09-27;KREISE;;09161;;;;;;73,9;Prozent;WAHLSR;Wahlbeteiligung
14111;;;;1998-09-27;KREISE;;09161;;;;;;80462;Anzahl;WAHL01;Wahlberechtigte
14111;;;;1998-09-27;KREISE;;09162;;;;;;77,7;Prozent;WAHLSR;Wahlbeteiligung
14111;;;;1998-09-27;KREISE;;09162;;;;;;823395;Anzahl;WAHL01;Wahlberechtigte
14111;;;;1998-09-27;KREISE;;09163;;;;;;73,3;Prozent;WAHLSR;Wahlbeteiligung
14111;;;;1998-09-27;KREISE;;09163;;;;;;40266;Anzahl;WAHL01;Wahlberechtigte
14111;;;;1998-09-27;KREISE;;09171;;;;;;77,7;Prozent;WAHLSR;Wahlbeteiligung
14111;;;;1998-09-27;KREISE;;09171;;;;;;80273;Anzahl;WAHL01;Wahlberechtigte
14111;;;;1998-09-27;KREISE;;09172;;;;;;77,6;Prozent;WAHLSR;Wahlbeteiligung
14111;;;;1998-09-27;KREISE;;09172;;;;;;71607;Anzahl;WAHL01;Wahlberechtigte
14111;;;;1998-09-27;KREISE;;09173;;;;;;79,1;Prozent;WAHLSR;Wahlbeteiligung
14111;;;;1998-09-27;KREISE;;09173;;;;;;82925;Anzahl;WAHL01;Wahlberechtigte
14111;;;;1998-09-27;KREISE;;09174;;;;;;80,6;Prozent;WAHLSR;Wahlbeteiligung
14111;;;;1998-09-27;KREISE;;09174;;;;;;89371;Anzahl;WAHL01;Wahlberechtigte
14111;;;;1998-09-27;KREISE;;09175;;;;;;82,8;Prozent;WAHLSR;Wahlbeteiligung
14111;;;;1998-09-27;KREISE;;09175;;;;;;83243;Anzahl;WAHL01;Wahlberechtigte
14111;;;;1998-09-27;KREISE;;09176;;;;;;83,1;Prozent;WAHLSR;Wahlbeteiligung
14111;;;;1998-09-27;KREISE;;09176;;;;;;83763;Anzahl;WAHL01;Wahlberechtigte
14111;;;;1998-09-27;KREISE;;09177;;;;;;78,5;Prozent;WAHLSR;Wahlbeteiligung
14111;;;;1998-09-27;KREISE;;09177;;;;;;79292;Anzahl;WAHL01;Wahlberechtigte
14111;;;;1998-09-27;KREISE;;09178;;;;;;79,3;Prozent;WAHLSR;Wahlbeteiligung
14111;;;;1998-09-27;KREISE;;09178;;;;;;101250;Anzahl;WAHL01;Wahlberechtigte
14111;;;;1998-09-27;KREISE;;09179;;;;;;82,1;Prozent;WAHLSR;Wahlbeteiligung
14111;;;;1998-09-27;KREISE;;09179;;;;;;139843;Anzahl;WAHL01;Wahlberechtigte
14111;;;;1998-09-27;KREISE;;09180;;;;;;79,4;Prozent;WAHLSR;Wahlbeteiligung
14111;;;;1998-09-27;KREISE;;09180;;;;;;63575;Anzahl;WAHL01;Wahlberechtigte
14111;;;;1998-09-27;KREISE;;09181;;;;;;79,7;Prozent;WAHLSR;Wahlbeteiligung
14111;;;;1998-09-27;KREISE;;09181;;;;;;74669;Anzahl;WAHL01;Wahlberechtigte
14111;;;;1998-09-27;KREISE;;09182;;;;;;80,1;Prozent;WAHLSR;Wahlbeteiligung
14111;;;;1998-09-27;KREISE;;09182;;;;;;66180;Anzahl;WAHL01;Wahlberechtigte
14111;;;;1998-09-27;KREISE;;09183;;;;;;75,4;Prozent;WAHLSR;Wahlbeteiligung
14111;;;;1998-09-27;KREISE;;09183;;;;;;79715;Anzahl;WAHL01;Wahlberechtigte
14111;;;;1998-09-27;KREISE;;09184;;;;;;83,5;Prozent;WAHLSR;Wahlbeteiligung
14111;;;;1998-09-27;KREISE;;09184;;;;;;205940;Anzahl;WAHL01;Wahlberechtigte
14111;;;;1998-09-27;KREISE;;09185;;;;;;77,8;Prozent;WAHLSR;Wahlbeteiligung
14111;;;;1998-09-27;KREISE;;09185;;;;;;65012;Anzahl;WAHL01;Wahlberechtigte
14111;;;;1998-09-27;KREISE;;09186;;;;;;78,4;Prozent;WAHLSR;Wahlbeteiligung
14111;;;;1998-09-27;KREISE;;09186;;;;;;79120;Anzahl;WAHL01;Wahlberechtigte
14111;;;;1998-09-27;KREISE;;09187;;;;;;79,1;Prozent;WAHLSR;Wahlbeteiligung
14111;;;;1998-09-27;KREISE;;09187;;;;;;166366;Anzahl;WAHL01;Wahlberechtigte
14111;;;;1998-09-27;KREISE;;09188;;;;;;84,1;Prozent;WAHLSR;Wahlbeteiligung
14111;;;;1998-09-27;KREISE;;09188;;;;;;89768;Anzahl;WAHL01;Wahlberechtigte
14111;;;;1998-09-27;KREISE;;09189;;;;;;77,9;Prozent;WAHLSR;Wahlbeteiligung
14111;;;;1998-09-27;KREISE;;09189;;;;;;124019;Anzahl;WAHL01;Wahlberechtigte
14111;;;;1998-09-27;KREISE;;09190;;;;;;80,2;Prozent;WAHLSR;Wahlbeteiligung
14111;;;;1998-09-27;KREISE;;09190;;;;;;90939;Anzahl;WAHL01;Wahlberechtigte
14111;;;;1998-09-27;KREISE;;09261;;;;;;75,2;Prozent;WAHLSR;Wahlbeteiligung
14111;;;;1998-09-27;KREISE;;09261;;;;;;44539;Anzahl;WAHL01;Wahlberechtigte
14111;;;;1998-09-27;KREISE;;09262;;;;;;74,5;Prozent;WAHLSR;Wahlbeteiligung
14111;;;;1998-09-27;KREISE;;09262;;;;;;38370;Anzahl;WAHL01;Wahlberechtigte
14111;;;;1998-09-27;KREISE;;09263;;;;;;70,6;Prozent;WAHLSR;Wahlbeteiligung
14111;;;;1998-09-27;KREISE;;09263;;;;;;33369;Anzahl;WAHL01;Wahlberechtigte
14111;;;;1998-09-27;KREISE;;09271;;;;;;72,7;Prozent;WAHLSR;Wahlbeteiligung
14111;;;;1998-09-27;KREISE;;09271;;;;;;85857;Anzahl;WAHL01;Wahlberechtigte
14111;;;;1998-09-27;KREISE;;09272;;;;;;72,2;Prozent;WAHLSR;Wahlbeteiligung
14111;;;;1998-09-27;KREISE;;09272;;;;;;62974;Anzahl;WAHL01;Wahlberechtigte
14111;;;;1998-09-27;KREISE;;09273;;;;;;76,0;Prozent;WAHLSR;Wahlbeteiligung
14111;;;;1998-09-27;KREISE;;09273;;;;;;78831;Anzahl;WAHL01;Wahlberechtigte
14111;;;;1998-09-27;KREISE;;09274;;;;;;77,8;Prozent;WAHLSR;Wahlbeteiligung
14111;;;;1998-09-27;KREISE;;09274;;;;;;102565;Anzahl;WAHL01;Wahlberechtigte
14111;;;;1998-09-27;KREISE;;09275;;;;;;74,0;Prozent;WAHLSR;Wahlbeteiligung
14111;;;;1998-09-27;KREISE;;09275;;;;;;140118;Anzahl;WAHL01;Wahlberechtigte
14111;;;;1998-09-27;KREISE;;09276;;;;;;72,7;Prozent;WAHLSR;Wahlbeteiligung
14111;;;;1998-09-27;KREISE;;09276;;;;;;63404;Anzahl;WAHL01;Wahlberechtigte
14111;;;;1998-09-27;KREISE;;09277;;;;;;72,8;Prozent;WAHLSR;Wahlbeteiligung
14111;;;;1998-09-27;KREISE;;09277;;;;;;88513;Anzahl;WAHL01;Wahlberechtigte
14111;;;;1998-09-27;KREISE;;09278;;;;;;78,5;Prozent;WAHLSR;Wahlbeteiligung
14111;;;;1998-09-27;KREISE;;09278;;;;;;69882;Anzahl;WAHL01;Wahlberechtigte
14111;;;;1998-09-27;KREISE;;09279;;;;;;75,0;Prozent;WAHLSR;Wahlbeteiligung
14111;;;;1998-09-27;KREISE;;09279;;;;;;67001;Anzahl;WAHL01;Wahlberechtigte
14111;;;;1998-09-27;KREISE;;09361;;;;;;75,0;Prozent;WAHLSR;Wahlbeteiligung
14111;;;;1998-09-27;KREISE;;09361;;;;;;33174;Anzahl;WAHL01;Wahlberechtigte
14111;;;;1998-09-27;KREISE;;09362;;;;;;75,8;Prozent;WAHLSR;Wahlbeteiligung
14111;;;;1998-09-27;KREISE;;09362;;;;;;94762;Anzahl;WAHL01;Wahlberechtigte
14111;;;;1998-09-27;KREISE;;09363;;;;;;76,8;Prozent;WAHLSR;Wahlbeteiligung
14111;;;;1998-09-27;KREISE;;09363;;;;;;33891;Anzahl;WAHL01;Wahlberechtigte
14111;;;;1998-09-27;KREISE;;09371;;;;;;80,8;Prozent;WAHLSR;Wahlbeteiligung
14111;;;;1998-09-27;KREISE;;09371;;;;;;80852;Anzahl;WAHL01;Wahlberechtigte
14111;;;;1998-09-27;KREISE;;09372;;;;;;74,0;Prozent;WAHLSR;Wahlbeteiligung
14111;;;;1998-09-27;KREISE;;09372;;;;;;99298;Anzahl;WAHL01;Wahlberechtigte
14111;;;;1998-09-27;KREISE;;09373;;;;;;81,1;Prozent;WAHLSR;Wahlbeteiligung
14111;;;;1998-09-27;KREISE;;09373;;;;;;90842;Anzahl;WAHL01;Wahlberechtigte
14111;;;;1998-09-27;KREISE;;09374;;;;;;82,9;Prozent;WAHLSR;Wahlbeteiligung
14111;;;;1998-09-27;KREISE;;09374;;;;;;75724;Anzahl;WAHL01;Wahlberechtigte
14111;;;;1998-09-27;KREISE;;09375;;;;;;80,0;Prozent;WAHLSR;Wahlbeteiligung
14111;;;;1998-09-27;KREISE;;09375;;;;;;129739;Anzahl;WAHL01;Wahlberechtigte
14111;;;;1998-09-27;KREISE;;09376;;;;;;78,4;Prozent;WAHLSR;Wahlbeteiligung
14111;;;;1998-09-27;KREISE;;09376;;;;;;110834;Anzahl;WAHL01;Wahlberechtigte
14111;;;;1998-09-27;KREISE;;09377;;;;;;82,2;Prozent;WAHLSR;Wahlbeteiligung
14111;;;;1998-09-27;KREISE;;09377;;;;;;62462;Anzahl;WAHL01;Wahlberechtigte
14111;;;;1998-09-27;KREISE;;09461;;;;;;76,8;Prozent;WAHLSR;Wahlbeteiligung
14111;;;;1998-09-27;KREISE;;09461;;;;;;52425;Anzahl;WAHL01;Wahlberechtigte
14111;;;;1998-09-27;KREISE;;09462;;;;;;77,0;Prozent;WAHLSR;Wahlbeteiligung
14111;;;;1998-09-27;KREISE;;09462;;;;;;56651;Anzahl;WAHL01;Wahlberechtigte
14111;;;;1998-09-27;KREISE;;09463;;;;;;77,8;Prozent;WAHLSR;Wahlbeteiligung
14111;;;;1998-09-27;KREISE;;09463;;;;;;33346;Anzahl;WAHL01;Wahlberechtigte
14111;;;;1998-09-27;KREISE;;09464;;;;;;74,8;Prozent;WAHLSR;Wahlbeteiligung
14111;;;;1998-09-27;KREISE;;09464;;;;;;38602;Anzahl;WAHL01;Wahlberechtigte
14111;;;;1998-09-27;KREISE;;09471;;;;;;81,3;Prozent;WAHLSR;Wahlbeteiligung
14111;;;;1998-09-27;KREISE;;09471;;;;;;105615;Anzahl;WAHL01;Wahlberechtigte
14111;;;;1998-09-27;KREISE;;09472;;;;;;81,0;Prozent;WAHLSR;Wahlbeteiligung
14111;;;;1998-09-27;KREISE;;09472;;;;;;83881;Anzahl;WAHL01;Wahlberechtigte
14111;;;;1998-09-27;KREISE;;09473;;;;;;82,2;Prozent;WAHLSR;Wahlbeteiligung
14111;;;;1998-09-27;KREISE;;09473;;;;;;70586;Anzahl;WAHL01;Wahlberechtigte
14111;;;;1998-09-27;KREISE;;09474;;;;;;82,3;Prozent;WAHLSR;Wahlbeteiligung
14111;;;;1998-09-27;KREISE;;09474;;;;;;82780;Anzahl;WAHL01;Wahlberechtigte
14111;;;;1998-09-27;KREISE;;09475;;;;;;81,2;Prozent;WAHLSR;Wahlbeteiligung
14111;;;;1998-09-27;KREISE;;09475;;;;;;86471;Anzahl;WAHL01;Wahlberechtigte
14111;;;;1998-09-27;KREISE;;09476;;;;;;82,9;Prozent;WAHLSR;Wahlbeteiligung
14111;;;;1998-09-27;KREISE;;09476;;;;;;60673;Anzahl;WAHL01;Wahlberechtigte
14111;;;;1998-09-27;KREISE;;09477;;;;;;80,1;Prozent;WAHLSR;Wahlbeteiligung
14111;;;;1998-09-27;KREISE;;09477;;;;;;62321;Anzahl;WAHL01;Wahlberechtigte
14111;;;;1998-09-27;KREISE;;09478;;;;;;80,7;Prozent;WAHLSR;Wahlbeteiligung
14111;;;;1998-09-27;KREISE;;09478;;;;;;54408;Anzahl;WAHL01;Wahlberechtigte
14111;;;;1998-09-27;KREISE;;09479;;;;;;80,1;Prozent;WAHLSR;Wahlbeteiligung
14111;;;;1998-09-27;KREISE;;09479;;;;;;69015;Anzahl;WAHL01;Wahlberechtigte
14111;;;;1998-09-27;KREISE;;09561;;;;;;76,6;Prozent;WAHLSR;Wahlbeteiligung
14111;;;;1998-09-27;KREISE;;09561;;;;;;30001;Anzahl;WAHL01;Wahlberechtigte
14111;;;;1998-09-27;KREISE;;09562;;;;;;81,7;Prozent;WAHLSR;Wahlbeteiligung
14111;;;;1998-09-27;KREISE;;09562;;;;;;72373;Anzahl;WAHL01;Wahlberechtigte
14111;;;;1998-09-27;KREISE;;09563;;;;;;76,3;Prozent;WAHLSR;Wahlbeteiligung
14111;;;;1998-09-27;KREISE;;09563;;;;;;77972;Anzahl;WAHL01;Wahlberechtigte
14111;;;;1998-09-27;KREISE;;09564;;;;;;78,7;Prozent;WAHLSR;Wahlbeteiligung
14111;;;;1998-09-27;KREISE;;09564;;;;;;339353;Anzahl;WAHL01;Wahlberechtigte
14111;;;;1998-09-27;KREISE;;09565;;;;;;78,9;Prozent;WAHLSR;Wahlbeteiligung
14111;;;;1998-09-27;KREISE;;09565;;;;;;28028;Anzahl;WAHL01;Wahlberechtigte
14111;;;;1998-09-27;KREISE;;09571;;;;;;79,8;Prozent;WAHLSR;Wahlbeteiligung
14111;;;;1998-09-27;KREISE;;09571;;;;;;133435;Anzahl;WAHL01;Wahlberechtigte
14111;;;;1998-09-27;KREISE;;09572;;;;;;83,6;Prozent;WAHLSR;Wahlbeteiligung
14111;;;;1998-09-27;KREISE;;09572;;;;;;93497;Anzahl;WAHL01;Wahlberechtigte
14111;;;;1998-09-27;KREISE;;09573;;;;;;83,9;Prozent;WAHLSR;Wahlbeteiligung
14111;;;;1998-09-27;KREISE;;09573;;;;;;84254;Anzahl;WAHL01;Wahlberechtigte
14111;;;;1998-09-27;KREISE;;09574;;;;;;83,1;Prozent;WAHLSR;Wahlbeteiligung
14111;;;;1998-09-27;KREISE;;09574;;;;;;124880;Anzahl;WAHL01;Wahlberechtigte
14111;;;;1998-09-27;KREISE;;09575;;;;;;79,3;Prozent;WAHLSR;Wahlbeteiligung
14111;;;;1998-09-27;KREISE;;09575;;;;;;73815;Anzahl;WAHL01;Wahlberechtigte
14111;;;;1998-09-27;KREISE;;09576;;;;;;83,2;Prozent;WAHLSR;Wahlbeteiligung
14111;;;;1998-09-27;KREISE;;09576;;;;;;91214;Anzahl;WAHL01;Wahlberechtigte
14111;;;;1998-09-27;KREISE;;09577;;;;;;79,1;Prozent;WAHLSR;Wahlbeteiligung
14111;;;;1998-09-27;KREISE;;09577;;;;;;71332;Anzahl;WAHL01;Wahlberechtigte
14111;;;;1998-09-27;KREISE;;09661;;;;;;75,8;Prozent;WAHLSR;Wahlbeteiligung
14111;;;;1998-09-27;KREISE;;09661;;;;;;47871;Anzahl;WAHL01;Wahlberechtigte
14111;;;;1998-09-27;KREISE;;09662;;;;;;78,3;Prozent;WAHLSR;Wahlbeteiligung
14111;;;;1998-09-27;KREISE;;09662;;;;;;40259;Anzahl;WAHL01;Wahlberechtigte
14111;;;;1998-09-27;KREISE;;09663;;;;;;79,3;Prozent;WAHLSR;Wahlbeteiligung
14111;;;;1998-09-27;KREISE;;09663;;;;;;93661;Anzahl;WAHL01;Wahlberechtigte
14111;;;;1998-09-27;KREISE;;09671;;;;;;82,4;Prozent;WAHLSR;Wahlbeteiligung
14111;;;;1998-09-27;KREISE;;09671;;;;;;127733;Anzahl;WAHL01;Wahlberechtigte
14111;;;;1998-09-27;KREISE;;09672;;;;;;81,9;Prozent;WAHLSR;Wahlbeteiligung
14111;;;;1998-09-27;KREISE;;09672;;;;;;84856;Anzahl;WAHL01;Wahlberechtigte
14111;;;;1998-09-27;KREISE;;09673;;;;;;81,5;Prozent;WAHLSR;Wahlbeteiligung
14111;;;;1998-09-27;KREISE;;09673;;;;;;64975;Anzahl;WAHL01;Wahlberechtigte
14111;;;;1998-09-27;KREISE;;09674;;;;;;82,0;Prozent;WAHLSR;Wahlbeteiligung
14111;;;;1998-09-27;KREISE;;09674;;;;;;66874;Anzahl;WAHL01;Wahlberechtigte
14111;;;;1998-09-27;KREISE;;09675;;;;;;80,9;Prozent;WAHLSR;Wahlbeteiligung
14111;;;;1998-09-27;KREISE;;09675;;;;;;65888;Anzahl;WAHL01;Wahlberechtigte
14111;;;;1998-09-27;KREISE;;09676;;;;;;82,5;Prozent;WAHLSR;Wahlbeteiligung
14111;;;;1998-09-27;KREISE;;09676;;;;;;92461;Anzahl;WAHL01;Wahlberechtigte
14111;;;;1998-09-27;KREISE;;09677;;;;;;82,5;Prozent;WAHLSR;Wahlbeteiligung
14111;;;;1998-09-27;KREISE;;09677;;;;;;100199;Anzahl;WAHL01;Wahlberechtigte
14111;;;;1998-09-27;KREISE;;09678;;;;;;83,8;Prozent;WAHLSR;Wahlbeteiligung
14111;;;;1998-09-27;KREISE;;09678;;;;;;88240;Anzahl;WAHL01;Wahlberechtigte
14111;;;;1998-09-27;KREISE;;09679;;;;;;85,4;Prozent;WAHLSR;Wahlbeteiligung
14111;;;;1998-09-27;KREISE;;09679;;;;;;118757;Anzahl;WAHL01;Wahlberechtigte
14111;;;;1998-09-27;KREISE;;09761;;;;;;76,2;Prozent;WAHLSR;Wahlbeteiligung
14111;;;;1998-09-27;KREISE;;09761;;;;;;176614;Anzahl;WAHL01;Wahlberechtigte
14111;;;;1998-09-27;KREISE;;09762;;;;;;76,0;Prozent;WAHLSR;Wahlbeteiligung
14111;;;;1998-09-27;KREISE;;09762;;;;;;31192;Anzahl;WAHL01;Wahlberechtigte
14111;;;;1998-09-27;KREISE;;09763;;;;;;75,4;Prozent;WAHLSR;Wahlbeteiligung
14111;;;;1998-09-27;KREISE;;09763;;;;;;45595;Anzahl;WAHL01;Wahlberechtigte
14111;;;;1998-09-27;KREISE;;09764;;;;;;76,7;Prozent;WAHLSR;Wahlbeteiligung
14111;;;;1998-09-27;KREISE;;09764;;;;;;29192;Anzahl;WAHL01;Wahlberechtigte
14111;;;;1998-09-27;KREISE;;09771;;;;;;80,0;Prozent;WAHLSR;Wahlbeteiligung
14111;;;;1998-09-27;KREISE;;09771;;;;;;88626;Anzahl;WAHL01;Wahlberechtigte
14111;;;;1998-09-27;KREISE;;09772;;;;;;80,0;Prozent;WAHLSR;Wahlbeteiligung
14111;;;;1998-09-27;KREISE;;09772;;;;;;169490;Anzahl;WAHL01;Wahlberechtigte
14111;;;;1998-09-27;KREISE;;09773;;;;;;77,3;Prozent;WAHLSR;Wahlbeteiligung
14111;;;;1998-09-27;KREISE;;09773;;;;;;68173;Anzahl;WAHL01;Wahlberechtigte
14111;;;;1998-09-27;KREISE;;09774;;;;;;76,5;Prozent;WAHLSR;Wahlbeteiligung
14111;;;;1998-09-27;KREISE;;09774;;;;;;85849;Anzahl;WAHL01;Wahlberechtigte
14111;;;;1998-09-27;KREISE;;09775;;;;;;79,8;Prozent;WAHLSR;Wahlbeteiligung
14111;;;;1998-09-27;KREISE;;09775;;;;;;112663;Anzahl;WAHL01;Wahlberechtigte
14111;;;;1998-09-27;KREISE;;09776;;;;;;79,2;Prozent;WAHLSR;Wahlbeteiligung
14111;;;;1998-09-27;KREISE;;09776;;;;;;54736;Anzahl;WAHL01;Wahlberechtigte
14111;;;;1998-09-27;KREISE;;09777;;;;;;79,0;Prozent;WAHLSR;Wahlbeteiligung
14111;;;;1998-09-27;KREISE;;09777;;;;;;95016;Anzahl;WAHL01;Wahlberechtigte
14111;;;;1998-09-27;KREISE;;09778;;;;;;78,1;Prozent;WAHLSR;Wahlbeteiligung
14111;;;;1998-09-27;KREISE;;09778;;;;;;97850;Anzahl;WAHL01;Wahlberechtigte
14111;;;;1998-09-27;KREISE;;09779;;;;;;80,6;Prozent;WAHLSR;Wahlbeteiligung
14111;;;;1998-09-27;KREISE;;09779;;;;;;95252;Anzahl;WAHL01;Wahlberechtigte
14111;;;;1998-09-27;KREISE;;09780;;;;;;80,1;Prozent;WAHLSR;Wahlbeteiligung
14111;;;;1998-09-27;KREISE;;09780;;;;;;108384;Anzahl;WAHL01;Wahlberechtigte
14111;;;;1998-09-27;KREISE;;10041;;;;;;82,6;Prozent;WAHLSR;Wahlbeteiligung
14111;;;;1998-09-27;KREISE;;10041;;;;;;268398;Anzahl;WAHL01;Wahlberechtigte
14111;;;;1998-09-27;KREISE;;10041100;;;;;;-;Prozent;WAHLSR;Wahlbeteiligung
14111;;;;1998-09-27;KREISE;;10041100;;;;;;-;Anzahl;WAHL01;Wahlberechtigte
14111;;;;1998-09-27;KREISE;;10042;;;;;;85,8;Prozent;WAHLSR;Wahlbeteiligung
14111;;;;1998-09-27;KREISE;;10042;;;;;;82223;Anzahl;WAHL01;Wahlberechtigte
14111;;;;1998-09-27;KREISE;;10043;;;;;;84,9;Prozent;WAHLSR;Wahlbeteiligung
14111;;;;1998-09-27;KREISE;;10043;;;;;;116711;Anzahl;WAHL01;Wahlberechtigte
14111;;;;1998-09-27;KREISE;;10044;;;;;;85,6;Prozent;WAHLSR;Wahlbeteiligung
14111;;;;1998-09-27;KREISE;;10044;;;;;;162990;Anzahl;WAHL01;Wahlberechtigte
14111;;;;1998-09-27;KREISE;;10045;;;;;;85,5;Prozent;WAHLSR;Wahlbeteiligung
14111;;;;1998-09-27;KREISE;;10045;;;;;;121879;Anzahl;WAHL01;Wahlberechtigte
14111;;;;1998-09-27;KREISE;;10046;;;;;;88,8;Prozent;WAHLSR;Wahlbeteiligung
14111;;;;1998-09-27;KREISE;;10046;;;;;;76306;Anzahl;WAHL01;Wahlberechtigte
14111;;;;1998-09-27;KREISE;;11000;;;;;;81,1;Prozent;WAHLSR;Wahlbeteiligung
14111;;;;1998-09-27;KREISE;;11000;;;;;;2442929;Anzahl;WAHL01;Wahlberechtigte
14111;;;;1998-09-27;KREISE;;11001001;;;;;;-;Prozent;WAHLSR;Wahlbeteiligung
14111;;;;1998-09-27;KREISE;;11001001;;;;;;-;Anzahl;WAHL01;Wahlberechtigte
14111;;;;1998-09-27;KREISE;;11002002;;;;;;-;Prozent;WAHLSR;Wahlbeteiligung
14111;;;;1998-09-27;KREISE;;11002002;;;;;;-;Anzahl;WAHL01;Wahlberechtigte
14111;;;;1998-09-27;KREISE;;11003003;;;;;;-;Prozent;WAHLSR;Wahlbeteiligung
14111;;;;1998-09-27;KREISE;;11003003;;;;;;-;Anzahl;WAHL01;Wahlberechtigte
14111;;;;1998-09-27;KREISE;;11004004;;;;;;-;Prozent;WAHLSR;Wahlbeteiligung
14111;;;;1998-09-27;KREISE;;11004004;;;;;;-;Anzahl;WAHL01;Wahlberechtigte
14111;;;;1998-09-27;KREISE;;11005005;;;;;;-;Prozent;WAHLSR;Wahlbeteiligung
14111;;;;1998-09-27;KREISE;;11005005;;;;;;-;Anzahl;WAHL01;Wahlberechtigte
14111;;;;1998-09-27;KREISE;;11006006;;;;;;-;Prozent;WAHLSR;Wahlbeteiligung
14111;;;;1998-09-27;KREISE;;11006006;;;;;;-;Anzahl;WAHL01;Wahlberechtigte
14111;;;;1998-09-27;KREISE;;11007007;;;;;;-;Prozent;WAHLSR;Wahlbeteiligung
14111;;;;1998-09-27;KREISE;;11007007;;;;;;-;Anzahl;WAHL01;Wahlberechtigte
14111;;;;1998-09-27;KREISE;;11008008;;;;;;-;Prozent;WAHLSR;Wahlbeteiligung
14111;;;;1998-09-27;KREISE;;11008008;;;;;;-;Anzahl;WAHL01;Wahlberechtigte
14111;;;;1998-09-27;KREISE;;11009009;;;;;;-;Prozent;WAHLSR;Wahlbeteiligung
14111;;;;1998-09-27;KREISE;;11009009;;;;;;-;Anzahl;WAHL01;Wahlberechtigte
14111;;;;1998-09-27;KREISE;;11010010;;;;;;-;Prozent;WAHLSR;Wahlbeteiligung
14111;;;;1998-09-27;KREISE;;11010010;;;;;;-;Anzahl;WAHL01;Wahlberechtigte
14111;;;;1998-09-27;KREISE;;11011011;;;;;;-;Prozent;WAHLSR;Wahlbeteiligung
14111;;;;1998-09-27;KREISE;;11011011;;;;;;-;Anzahl;WAHL01;Wahlberechtigte
14111;;;;1998-09-27;KREISE;;11012012;;;;;;-;Prozent;WAHLSR;Wahlbeteiligung
14111;;;;1998-09-27;KREISE;;11012012;;;;;;-;Anzahl;WAHL01;Wahlberechtigte
14111;;;;1998-09-27;KREISE;;12051;;;;;;67,9;Prozent;WAHLSR;Wahlbeteiligung
14111;;;;1998-09-27;KREISE;;12051;;;;;;65802;Anzahl;WAHL01;Wahlberechtigte
14111;;;;1998-09-27;KREISE;;12052;;;;;;70,8;Prozent;WAHLSR;Wahlbeteiligung
14111;;;;1998-09-27;KREISE;;12052;;;;;;90667;Anzahl;WAHL01;Wahlberechtigte
14111;;;;1998-09-27;KREISE;;12053;;;;;;67,8;Prozent;WAHLSR;Wahlbeteiligung
14111;;;;1998-09-27;KREISE;;12053;;;;;;59556;Anzahl;WAHL01;Wahlberechtigte
14111;;;;1998-09-27;KREISE;;12054;;;;;;70,2;Prozent;WAHLSR;Wahlbeteiligung
14111;;;;1998-09-27;KREISE;;12054;;;;;;102650;Anzahl;WAHL01;Wahlberechtigte
14111;;;;1998-09-27;KREISE;;12060;;;;;;70,5;Prozent;WAHLSR;Wahlbeteiligung
14111;;;;1998-09-27;KREISE;;12060;;;;;;128692;Anzahl;WAHL01;Wahlberechtigte
14111;;;;1998-09-27;KREISE;;12061;;;;;;75,1;Prozent;WAHLSR;Wahlbeteiligung
14111;;;;1998-09-27;KREISE;;12061;;;;;;121565;Anzahl;WAHL01;Wahlberechtigte
14111;;;;1998-09-27;KREISE;;12062;;;;;;74,4;Prozent;WAHLSR;Wahlbeteiligung
14111;;;;1998-09-27;KREISE;;12062;;;;;;107391;Anzahl;WAHL01;Wahlberechtigte
14111;;;;1998-09-27;KREISE;;12063;;;;;;71,9;Prozent;WAHLSR;Wahlbeteiligung
14111;;;;1998-09-27;KREISE;;12063;;;;;;109251;Anzahl;WAHL01;Wahlberechtigte
14111;;;;1998-09-27;KREISE;;12064;;;;;;71,4;Prozent;WAHLSR;Wahlbeteiligung
14111;;;;1998-09-27;KREISE;;12064;;;;;;142102;Anzahl;WAHL01;Wahlberechtigte
14111;;;;1998-09-27;KREISE;;12065;;;;;;71,8;Prozent;WAHLSR;Wahlbeteiligung
14111;;;;1998-09-27;KREISE;;12065;;;;;;144791;Anzahl;WAHL01;Wahlberechtigte
14111;;;;1998-09-27;KREISE;;12066;;;;;;71,0;Prozent;WAHLSR;Wahlbeteiligung
14111;;;;1998-09-27;KREISE;;12066;;;;;;120099;Anzahl;WAHL01;Wahlberechtigte
14111;;;;1998-09-27;KREISE;;12067;;;;;;70,8;Prozent;WAHLSR;Wahlbeteiligung
14111;;;;1998-09-27;KREISE;;12067;;;;;;153189;Anzahl;WAHL01;Wahlberechtigte
14111;;;;1998-09-27;KREISE;;12068;;;;;;70,1;Prozent;WAHLSR;Wahlbeteiligung
14111;;;;1998-09-27;KREISE;;12068;;;;;;89486;Anzahl;WAHL01;Wahlberechtigte
14111;;;;1998-09-27;KREISE;;12069;;;;;;73,6;Prozent;WAHLSR;Wahlbeteiligung
14111;;;;1998-09-27;KREISE;;12069;;;;;;153746;Anzahl;WAHL01;Wahlberechtigte
14111;;;;1998-09-27;KREISE;;12070;;;;;;73,2;Prozent;WAHLSR;Wahlbeteiligung
14111;;;;1998-09-27;KREISE;;12070;;;;;;78446;Anzahl;WAHL01;Wahlberechtigte
14111;;;;1998-09-27;KREISE;;12071;;;;;;73,1;Prozent;WAHLSR;Wahlbeteiligung
14111;;;;1998-09-27;KREISE;;12071;;;;;;121860;Anzahl;WAHL01;Wahlberechtigte
14111;;;;1998-09-27;KREISE;;12072;;;;;;72,2;Prozent;WAHLSR;Wahlbeteiligung
14111;;;;1998-09-27;KREISE;;12072;;;;;;121777;Anzahl;WAHL01;Wahlberechtigte
14111;;;;1998-09-27;KREISE;;12073;;;;;;71,1;Prozent;WAHLSR;Wahlbeteiligung
14111;;;;1998-09-27;KREISE;;12073;;;;;;121233;Anzahl;WAHL01;Wahlberechtigte
14111;;;;1998-09-27;KREISE;;13001;;;;;;77,6;Prozent;WAHLSR;Wahlbeteiligung
14111;;;;1998-09-27;KREISE;;13001;;;;;;43861;Anzahl;WAHL01;Wahlberechtigte
14111;;;;1998-09-27;KREISE;;13002;;;;;;80,4;Prozent;WAHLSR;Wahlbeteiligung
14111;;;;1998-09-27;KREISE;;13002;;;;;;60198;Anzahl;WAHL01;Wahlberechtigte
14111;;;;1998-09-27;KREISE;;13003;;;;;;79,1;Prozent;WAHLSR;Wahlbeteiligung
14111;;;;1998-09-27;KREISE;;13003;;;;;;167365;Anzahl;WAHL01;Wahlberechtigte
14111;;;;1998-09-27;KREISE;;13004;;;;;;79,1;Prozent;WAHLSR;Wahlbeteiligung
14111;;;;1998-09-27;KREISE;;13004;;;;;;84596;Anzahl;WAHL01;Wahlberechtigte
14111;;;;1998-09-27;KREISE;;13005;;;;;;77,3;Prozent;WAHLSR;Wahlbeteiligung
14111;;;;1998-09-27;KREISE;;13005;;;;;;50054;Anzahl;WAHL01;Wahlberechtigte
14111;;;;1998-09-27;KREISE;;13006;;;;;;78,6;Prozent;WAHLSR;Wahlbeteiligung
14111;;;;1998-09-27;KREISE;;13006;;;;;;37820;Anzahl;WAHL01;Wahlberechtigte
14111;;;;1998-09-27;KREISE;;13051;;;;;;81,7;Prozent;WAHLSR;Wahlbeteiligung
14111;;;;1998-09-27;KREISE;;13051;;;;;;86317;Anzahl;WAHL01;Wahlberechtigte
14111;;;;1998-09-27;KREISE;;13052;;;;;;79,9;Prozent;WAHLSR;Wahlbeteiligung
14111;;;;1998-09-27;KREISE;;13052;;;;;;75482;Anzahl;WAHL01;Wahlberechtigte
14111;;;;1998-09-27;KREISE;;13053;;;;;;80,1;Prozent;WAHLSR;Wahlbeteiligung
14111;;;;1998-09-27;KREISE;;13053;;;;;;88778;Anzahl;WAHL01;Wahlberechtigte
14111;;;;1998-09-27;KREISE;;13054;;;;;;80,1;Prozent;WAHLSR;Wahlbeteiligung
14111;;;;1998-09-27;KREISE;;13054;;;;;;101076;Anzahl;WAHL01;Wahlberechtigte
14111;;;;1998-09-27;KREISE;;13055;;;;;;81,2;Prozent;WAHLSR;Wahlbeteiligung
14111;;;;1998-09-27;KREISE;;13055;;;;;;69063;Anzahl;WAHL01;Wahlberechtigte
14111;;;;1998-09-27;KREISE;;13056;;;;;;81,8;Prozent;WAHLSR;Wahlbeteiligung
14111;;;;1998-09-27;KREISE;;13056;;;;;;55214;Anzahl;WAHL01;Wahlberechtigte
14111;;;;1998-09-27;KREISE;;13057;;;;;;78,4;Prozent;WAHLSR;Wahlbeteiligung
14111;;;;1998-09-27;KREISE;;13057;;;;;;93339;Anzahl;WAHL01;Wahlberechtigte
14111;;;;1998-09-27;KREISE;;13058;;;;;;78,1;Prozent;WAHLSR;Wahlbeteiligung
14111;;;;1998-09-27;KREISE;;13058;;;;;;91410;Anzahl;WAHL01;Wahlberechtigte
14111;;;;1998-09-27;KREISE;;13059;;;;;;79,2;Prozent;WAHLSR;Wahlbeteiligung
14111;;;;1998-09-27;KREISE;;13059;;;;;;90384;Anzahl;WAHL01;Wahlberechtigte
14111;;;;1998-09-27;KREISE;;13060;;;;;;79,9;Prozent;WAHLSR;Wahlbeteiligung
14111;;;;1998-09-27;KREISE;;13060;;;;;;84364;Anzahl;WAHL01;Wahlberechtigte
14111;;;;1998-09-27;KREISE;;13061;;;;;;76,5;Prozent;WAHLSR;Wahlbeteiligung
14111;;;;1998-09-27;KREISE;;13061;;;;;;59975;Anzahl;WAHL01;Wahlberechtigte
14111;;;;1998-09-27;KREISE;;13062;;;;;;78,8;Prozent;WAHLSR;Wahlbeteiligung
14111;;;;1998-09-27;KREISE;;13062;;;;;;68365;Anzahl;WAHL01;Wahlberechtigte
14111;;;;1998-09-27;KREISE;;13071;;;;;;-;Prozent;WAHLSR;Wahlbeteiligung
14111;;;;1998-09-27;KREISE;;13071;;;;;;-;Anzahl;WAHL01;Wahlberechtigte
14111;;;;1998-09-27;KREISE;;13072;;;;;;-;Prozent;WAHLSR;Wahlbeteiligung
14111;;;;1998-09-27;KREISE;;13072;;;;;;-;Anzahl;WAHL01;Wahlberechtigte
14111;;;;1998-09-27;KREISE;;13073;;;;;;-;Prozent;WAHLSR;Wahlbeteiligung
14111;;;;1998-09-27;KREISE;;13073;;;;;;-;Anzahl;WAHL01;Wahlberechtigte
14111;;;;1998-09-27;KREISE;;13074;;;;;;-;Prozent;WAHLSR;Wahlbeteiligung
14111;;;;1998-09-27;KREISE;;13074;;;;;;-;Anzahl;WAHL01;Wahlberechtigte
14111;;;;1998-09-27;KREISE;;13075;;;;;;-;Prozent;WAHLSR;Wahlbeteiligung
14111;;;;1998-09-27;KREISE;;13075;;;;;;-;Anzahl;WAHL01;Wahlberechtigte
14111;;;;1998-09-27;KREISE;;13076;;;;;;-;Prozent;WAHLSR;Wahlbeteiligung
14111;;;;1998-09-27;KREISE;;13076;;;;;;-;Anzahl;WAHL01;Wahlberechtigte
14111;;;;1998-09-27;KREISE;;14161;;;;;;82,3;Prozent;WAHLSR;Wahlbeteiligung
14111;;;;1998-09-27;KREISE;;14161;;;;;;221872;Anzahl;WAHL01;Wahlberechtigte
14111;;;;1998-09-27;KREISE;;14166;;;;;;81,8;Prozent;WAHLSR;Wahlbeteiligung
14111;;;;1998-09-27;KREISE;;14166;;;;;;59322;Anzahl;WAHL01;Wahlberechtigte
14111;;;;1998-09-27;KREISE;;14167;;;;;;80,3;Prozent;WAHLSR;Wahlbeteiligung
14111;;;;1998-09-27;KREISE;;14167;;;;;;87376;Anzahl;WAHL01;Wahlberechtigte
14111;;;;1998-09-27;KREISE;;14171;;;;;;85,0;Prozent;WAHLSR;Wahlbeteiligung
14111;;;;1998-09-27;KREISE;;14171;;;;;;73035;Anzahl;WAHL01;Wahlberechtigte
14111;;;;1998-09-27;KREISE;;14173;;;;;;82,4;Prozent;WAHLSR;Wahlbeteiligung
14111;;;;1998-09-27;KREISE;;14173;;;;;;116613;Anzahl;WAHL01;Wahlberechtigte
14111;;;;1998-09-27;KREISE;;14177;;;;;;83,6;Prozent;WAHLSR;Wahlbeteiligung
14111;;;;1998-09-27;KREISE;;14177;;;;;;123494;Anzahl;WAHL01;Wahlberechtigte
14111;;;;1998-09-27;KREISE;;14178;;;;;;80,4;Prozent;WAHLSR;Wahlbeteiligung
14111;;;;1998-09-27;KREISE;;14178;;;;;;169367;Anzahl;WAHL01;Wahlberechtigte
14111;;;;1998-09-27;KREISE;;14181;;;;;;84,8;Prozent;WAHLSR;Wahlbeteiligung
14111;;;;1998-09-27;KREISE;;14181;;;;;;76930;Anzahl;WAHL01;Wahlberechtigte
14111;;;;1998-09-27;KREISE;;14182;;;;;;83,8;Prozent;WAHLSR;Wahlbeteiligung
14111;;;;1998-09-27;KREISE;;14182;;;;;;113413;Anzahl;WAHL01;Wahlberechtigte
14111;;;;1998-09-27;KREISE;;14188;;;;;;84,3;Prozent;WAHLSR;Wahlbeteiligung
14111;;;;1998-09-27;KREISE;;14188;;;;;;77128;Anzahl;WAHL01;Wahlberechtigte
14111;;;;1998-09-27;KREISE;;14191;;;;;;83,5;Prozent;WAHLSR;Wahlbeteiligung
14111;;;;1998-09-27;KREISE;;14191;;;;;;117575;Anzahl;WAHL01;Wahlberechtigte
14111;;;;1998-09-27;KREISE;;14193;;;;;;83,1;Prozent;WAHLSR;Wahlbeteiligung
14111;;;;1998-09-27;KREISE;;14193;;;;;;111621;Anzahl;WAHL01;Wahlberechtigte
14111;;;;1998-09-27;KREISE;;14262;;;;;;82,5;Prozent;WAHLSR;Wahlbeteiligung
14111;;;;1998-09-27;KREISE;;14262;;;;;;383778;Anzahl;WAHL01;Wahlberechtigte
14111;;;;1998-09-27;KREISE;;14263;;;;;;77,1;Prozent;WAHLSR;Wahlbeteiligung
14111;;;;1998-09-27;KREISE;;14263;;;;;;51433;Anzahl;WAHL01;Wahlberechtigte
14111;;;;1998-09-27;KREISE;;14264;;;;;;77,2;Prozent;WAHLSR;Wahlbeteiligung
14111;;;;1998-09-27;KREISE;;14264;;;;;;44323;Anzahl;WAHL01;Wahlberechtigte
14111;;;;1998-09-27;KREISE;;14272;;;;;;82,9;Prozent;WAHLSR;Wahlbeteiligung
14111;;;;1998-09-27;KREISE;;14272;;;;;;127253;Anzahl;WAHL01;Wahlberechtigte
14111;;;;1998-09-27;KREISE;;14280;;;;;;81,1;Prozent;WAHLSR;Wahlbeteiligung
14111;;;;1998-09-27;KREISE;;14280;;;;;;123036;Anzahl;WAHL01;Wahlberechtigte
14111;;;;1998-09-27;KREISE;;14284;;;;;;81,0;Prozent;WAHLSR;Wahlbeteiligung
14111;;;;1998-09-27;KREISE;;14284;;;;;;85085;Anzahl;WAHL01;Wahlberechtigte
14111;;;;1998-09-27;KREISE;;14285;;;;;;81,3;Prozent;WAHLSR;Wahlbeteiligung
14111;;;;1998-09-27;KREISE;;14285;;;;;;99355;Anzahl;WAHL01;Wahlberechtigte
14111;;;;1998-09-27;KREISE;;14286;;;;;;81,6;Prozent;WAHLSR;Wahlbeteiligung
14111;;;;1998-09-27;KREISE;;14286;;;;;;127539;Anzahl;WAHL01;Wahlberechtigte
14111;;;;1998-09-27;KREISE;;14287;;;;;;82,8;Prozent;WAHLSR;Wahlbeteiligung
14111;;;;1998-09-27;KREISE;;14287;;;;;;120866;Anzahl;WAHL01;Wahlberechtigte
14111;;;;1998-09-27;KREISE;;14290;;;;;;83,5;Prozent;WAHLSR;Wahlbeteiligung
14111;;;;1998-09-27;KREISE;;14290;;;;;;98380;Anzahl;WAHL01;Wahlberechtigte
14111;;;;1998-09-27;KREISE;;14292;;;;;;83,0;Prozent;WAHLSR;Wahlbeteiligung
14111;;;;1998-09-27;KREISE;;14292;;;;;;123033;Anzahl;WAHL01;Wahlberechtigte
14111;;;;1998-09-27;KREISE;;14365;;;;;;77,6;Prozent;WAHLSR;Wahlbeteiligung
14111;;;;1998-09-27;KREISE;;14365;;;;;;387546;Anzahl;WAHL01;Wahlberechtigte
14111;;;;1998-09-27;KREISE;;14374;;;;;;80,7;Prozent;WAHLSR;Wahlbeteiligung
14111;;;;1998-09-27;KREISE;;14374;;;;;;100136;Anzahl;WAHL01;Wahlberechtigte
14111;;;;1998-09-27;KREISE;;14375;;;;;;81,0;Prozent;WAHLSR;Wahlbeteiligung
14111;;;;1998-09-27;KREISE;;14375;;;;;;64314;Anzahl;WAHL01;Wahlberechtigte
14111;;;;1998-09-27;KREISE;;14379;;;;;;81,4;Prozent;WAHLSR;Wahlbeteiligung
14111;;;;1998-09-27;KREISE;;14379;;;;;;128809;Anzahl;WAHL01;Wahlberechtigte
14111;;;;1998-09-27;KREISE;;14383;;;;;;81,6;Prozent;WAHLSR;Wahlbeteiligung
14111;;;;1998-09-27;KREISE;;14383;;;;;;107882;Anzahl;WAHL01;Wahlberechtigte
14111;;;;1998-09-27;KREISE;;14389;;;;;;80,5;Prozent;WAHLSR;Wahlbeteiligung
14111;;;;1998-09-27;KREISE;;14389;;;;;;81944;Anzahl;WAHL01;Wahlberechtigte
14111;;;;1998-09-27;KREISE;;14511;;;;;;82,3;Prozent;WAHLSR;Wahlbeteiligung
14111;;;;1998-09-27;KREISE;;14511;;;;;;221872;Anzahl;WAHL01;Wahlberechtigte
14111;;;;1998-09-27;KREISE;;14521;;;;;;84,3;Prozent;WAHLSR;Wahlbeteiligung
14111;;;;1998-09-27;KREISE;;14521;;;;;;344668;Anzahl;WAHL01;Wahlberechtigte
14111;;;;1998-09-27;KREISE;;14522;;;;;;83,1;Prozent;WAHLSR;Wahlbeteiligung
14111;;;;1998-09-27;KREISE;;14522;;;;;;301221;Anzahl;WAHL01;Wahlberechtigte
14111;;;;1998-09-27;KREISE;;14523;;;;;;80,7;Prozent;WAHLSR;Wahlbeteiligung
14111;;;;1998-09-27;KREISE;;14523;;;;;;228689;Anzahl;WAHL01;Wahlberechtigte
14111;;;;1998-09-27;KREISE;;14524;;;;;;82,1;Prozent;WAHLSR;Wahlbeteiligung
14111;;;;1998-09-27;KREISE;;14524;;;;;;315610;Anzahl;WAHL01;Wahlberechtigte
14111;;;;1998-09-27;KREISE;;14612;;;;;;82,5;Prozent;WAHLSR;Wahlbeteiligung
14111;;;;1998-09-27;KREISE;;14612;;;;;;383778;Anzahl;WAHL01;Wahlberechtigte
14111;;;;1998-09-27;KREISE;;14625;;;;;;82,1;Prozent;WAHLSR;Wahlbeteiligung
14111;;;;1998-09-27;KREISE;;14625;;;;;;294609;Anzahl;WAHL01;Wahlberechtigte
14111;;;;1998-09-27;KREISE;;14626;;;;;;80,5;Prozent;WAHLSR;Wahlbeteiligung
14111;;;;1998-09-27;KREISE;;14626;;;;;;264057;Anzahl;WAHL01;Wahlberechtigte
14111;;;;1998-09-27;KREISE;;14627;;;;;;81,2;Prozent;WAHLSR;Wahlbeteiligung
14111;;;;1998-09-27;KREISE;;14627;;;;;;222391;Anzahl;WAHL01;Wahlberechtigte
14111;;;;1998-09-27;KREISE;;14628;;;;;;83,1;Prozent;WAHLSR;Wahlbeteiligung
14111;;;;1998-09-27;KREISE;;14628;;;;;;219246;Anzahl;WAHL01;Wahlberechtigte
14111;;;;1998-09-27;KREISE;;14713;;;;;;77,7;Prozent;WAHLSR;Wahlbeteiligung
14111;;;;1998-09-27;KREISE;;14713;;;;;;390969;Anzahl;WAHL01;Wahlberechtigte
14111;;;;1998-09-27;KREISE;;14729;;;;;;81,4;Prozent;WAHLSR;Wahlbeteiligung
14111;;;;1998-09-27;KREISE;;14729;;;;;;231695;Anzahl;WAHL01;Wahlberechtigte
14111;;;;1998-09-27;KREISE;;14730;;;;;;80,6;Prozent;WAHLSR;Wahlbeteiligung
14111;;;;1998-09-27;KREISE;;14730;;;;;;183653;Anzahl;WAHL01;Wahlberechtigte
14111;;;;1998-09-27;KREISE;;15001;;;;;;.;Prozent;WAHLSR;Wahlbeteiligung
14111;;;;1998-09-27;KREISE;;15001;;;;;;.;Anzahl;WAHL01;Wahlberechtigte
14111;;;;1998-09-27;KREISE;;15002;;;;;;76,6;Prozent;WAHLSR;Wahlbeteiligung
14111;;;;1998-09-27;KREISE;;15002;;;;;;209813;Anzahl;WAHL01;Wahlberechtigte
14111;;;;1998-09-27;KREISE;;15003;;;;;;76,6;Prozent;WAHLSR;Wahlbeteiligung
14111;;;;1998-09-27;KREISE;;15003;;;;;;194923;Anzahl;WAHL01;Wahlberechtigte
14111;;;;1998-09-27;KREISE;;15081;;;;;;78,1;Prozent;WAHLSR;Wahlbeteiligung
14111;;;;1998-09-27;KREISE;;15081;;;;;;79834;Anzahl;WAHL01;Wahlberechtigte
14111;;;;1998-09-27;KREISE;;15082;;;;;;.;Prozent;WAHLSR;Wahlbeteiligung
14111;;;;1998-09-27;KREISE;;15082;;;;;;.;Anzahl;WAHL01;Wahlberechtigte
14111;;;;1998-09-27;KREISE;;15083;;;;;;.;Prozent;WAHLSR;Wahlbeteiligung
14111;;;;1998-09-27;KREISE;;15083;;;;;;.;Anzahl;WAHL01;Wahlberechtigte
14111;;;;1998-09-27;KREISE;;15084;;;;;;.;Prozent;WAHLSR;Wahlbeteiligung
14111;;;;1998-09-27;KREISE;;15084;;;;;;.;Anzahl;WAHL01;Wahlberechtigte
14111;;;;1998-09-27;KREISE;;15085;;;;;;.;Prozent;WAHLSR;Wahlbeteiligung
14111;;;;1998-09-27;KREISE;;15085;;;;;;.;Anzahl;WAHL01;Wahlberechtigte
14111;;;;1998-09-27;KREISE;;15086;;;;;;.;Prozent;WAHLSR;Wahlbeteiligung
14111;;;;1998-09-27;KREISE;;15086;;;;;;.;Anzahl;WAHL01;Wahlberechtigte
14111;;;;1998-09-27;KREISE;;15087;;;;;;.;Prozent;WAHLSR;Wahlbeteiligung
14111;;;;1998-09-27;KREISE;;15087;;;;;;.;Anzahl;WAHL01;Wahlberechtigte
14111;;;;1998-09-27;KREISE;;15088;;;;;;.;Prozent;WAHLSR;Wahlbeteiligung
14111;;;;1998-09-27;KREISE;;15088;;;;;;.;Anzahl;WAHL01;Wahlberechtigte
14111;;;;1998-09-27;KREISE;;15089;;;;;;.;Prozent;WAHLSR;Wahlbeteiligung
14111;;;;1998-09-27;KREISE;;15089;;;;;;.;Anzahl;WAHL01;Wahlberechtigte
14111;;;;1998-09-27;KREISE;;15090;;;;;;76,6;Prozent;WAHLSR;Wahlbeteiligung
14111;;;;1998-09-27;KREISE;;15090;;;;;;111771;Anzahl;WAHL01;Wahlberechtigte
14111;;;;1998-09-27;KREISE;;15091;;;;;;.;Prozent;WAHLSR;Wahlbeteiligung
14111;;;;1998-09-27;KREISE;;15091;;;;;;.;Anzahl;WAHL01;Wahlberechtigte
14111;;;;1998-09-27;KREISE;;15101;;;;;;78,0;Prozent;WAHLSR;Wahlbeteiligung
14111;;;;1998-09-27;KREISE;;15101;;;;;;71576;Anzahl;WAHL01;Wahlberechtigte
14111;;;;1998-09-27;KREISE;;15151;;;;;;76,6;Prozent;WAHLSR;Wahlbeteiligung
14111;;;;1998-09-27;KREISE;;15151;;;;;;63774;Anzahl;WAHL01;Wahlberechtigte
14111;;;;1998-09-27;KREISE;;15153;;;;;;76,7;Prozent;WAHLSR;Wahlbeteiligung
14111;;;;1998-09-27;KREISE;;15153;;;;;;58804;Anzahl;WAHL01;Wahlberechtigte
14111;;;;1998-09-27;KREISE;;15154;;;;;;78,2;Prozent;WAHLSR;Wahlbeteiligung
14111;;;;1998-09-27;KREISE;;15154;;;;;;91434;Anzahl;WAHL01;Wahlberechtigte
14111;;;;1998-09-27;KREISE;;15159;;;;;;76,5;Prozent;WAHLSR;Wahlbeteiligung
14111;;;;1998-09-27;KREISE;;15159;;;;;;57081;Anzahl;WAHL01;Wahlberechtigte
14111;;;;1998-09-27;KREISE;;15171;;;;;;78,8;Prozent;WAHLSR;Wahlbeteiligung
14111;;;;1998-09-27;KREISE;;15171;;;;;;108796;Anzahl;WAHL01;Wahlberechtigte
14111;;;;1998-09-27;KREISE;;15202;;;;;;76,6;Prozent;WAHLSR;Wahlbeteiligung
14111;;;;1998-09-27;KREISE;;15202;;;;;;209813;Anzahl;WAHL01;Wahlberechtigte
14111;;;;1998-09-27;KREISE;;15256;;;;;;77,8;Prozent;WAHLSR;Wahlbeteiligung
14111;;;;1998-09-27;KREISE;;15256;;;;;;118676;Anzahl;WAHL01;Wahlberechtigte
14111;;;;1998-09-27;KREISE;;15260;;;;;;76,8;Prozent;WAHLSR;Wahlbeteiligung
14111;;;;1998-09-27;KREISE;;15260;;;;;;91170;Anzahl;WAHL01;Wahlberechtigte
14111;;;;1998-09-27;KREISE;;15261;;;;;;76,3;Prozent;WAHLSR;Wahlbeteiligung
14111;;;;1998-09-27;KREISE;;15261;;;;;;110901;Anzahl;WAHL01;Wahlberechtigte
14111;;;;1998-09-27;KREISE;;15265;;;;;;79,0;Prozent;WAHLSR;Wahlbeteiligung
14111;;;;1998-09-27;KREISE;;15265;;;;;;61961;Anzahl;WAHL01;Wahlberechtigte
14111;;;;1998-09-27;KREISE;;15266;;;;;;78,3;Prozent;WAHLSR;Wahlbeteiligung
14111;;;;1998-09-27;KREISE;;15266;;;;;;56860;Anzahl;WAHL01;Wahlberechtigte
14111;;;;1998-09-27;KREISE;;15268;;;;;;76,9;Prozent;WAHLSR;Wahlbeteiligung
14111;;;;1998-09-27;KREISE;;15268;;;;;;65318;Anzahl;WAHL01;Wahlberechtigte
14111;;;;1998-09-27;KREISE;;15303;;;;;;76,6;Prozent;WAHLSR;Wahlbeteiligung
14111;;;;1998-09-27;KREISE;;15303;;;;;;194923;Anzahl;WAHL01;Wahlberechtigte
14111;;;;1998-09-27;KREISE;;15352;;;;;;75,5;Prozent;WAHLSR;Wahlbeteiligung
14111;;;;1998-09-27;KREISE;;15352;;;;;;86197;Anzahl;WAHL01;Wahlberechtigte
14111;;;;1998-09-27;KREISE;;15355;;;;;;76,8;Prozent;WAHLSR;Wahlbeteiligung
14111;;;;1998-09-27;KREISE;;15355;;;;;;65218;Anzahl;WAHL01;Wahlberechtigte
14111;;;;1998-09-27;KREISE;;15357;;;;;;76,0;Prozent;WAHLSR;Wahlbeteiligung
14111;;;;1998-09-27;KREISE;;15357;;;;;;65331;Anzahl;WAHL01;Wahlberechtigte
14111;;;;1998-09-27;KREISE;;15358;;;;;;76,8;Prozent;WAHLSR;Wahlbeteiligung
14111;;;;1998-09-27;KREISE;;15358;;;;;;80707;Anzahl;WAHL01;Wahlberechtigte
14111;;;;1998-09-27;KREISE;;15362;;;;;;76,8;Prozent;WAHLSR;Wahlbeteiligung
14111;;;;1998-09-27;KREISE;;15362;;;;;;92277;Anzahl;WAHL01;Wahlberechtigte
14111;;;;1998-09-27;KREISE;;15363;;;;;;76,6;Prozent;WAHLSR;Wahlbeteiligung
14111;;;;1998-09-27;KREISE;;15363;;;;;;111771;Anzahl;WAHL01;Wahlberechtigte
14111;;;;1998-09-27;KREISE;;15364;;;;;;76,8;Prozent;WAHLSR;Wahlbeteiligung
14111;;;;1998-09-27;KREISE;;15364;;;;;;65233;Anzahl;WAHL01;Wahlberechtigte
14111;;;;1998-09-27;KREISE;;15367;;;;;;75,3;Prozent;WAHLSR;Wahlbeteiligung
14111;;;;1998-09-27;KREISE;;15367;;;;;;63488;Anzahl;WAHL01;Wahlberechtigte
14111;;;;1998-09-27;KREISE;;15369;;;;;;79,8;Prozent;WAHLSR;Wahlbeteiligung
14111;;;;1998-09-27;KREISE;;15369;;;;;;78642;Anzahl;WAHL01;Wahlberechtigte
14111;;;;1998-09-27;KREISE;;15370;;;;;;78,1;Prozent;WAHLSR;Wahlbeteiligung
14111;;;;1998-09-27;KREISE;;15370;;;;;;79834;Anzahl;WAHL01;Wahlberechtigte
14111;;;;1998-09-27;KREISE;;16051;;;;;;80,3;Prozent;WAHLSR;Wahlbeteiligung
14111;;;;1998-09-27;KREISE;;16051;;;;;;163353;Anzahl;WAHL01;Wahlberechtigte
14111;;;;1998-09-27;KREISE;;16052;;;;;;79,7;Prozent;WAHLSR;Wahlbeteiligung
14111;;;;1998-09-27;KREISE;;16052;;;;;;93928;Anzahl;WAHL01;Wahlberechtigte
14111;;;;1998-09-27;KREISE;;16053;;;;;;82,8;Prozent;WAHLSR;Wahlbeteiligung
14111;;;;1998-09-27;KREISE;;16053;;;;;;77048;Anzahl;WAHL01;Wahlberechtigte
14111;;;;1998-09-27;KREISE;;16054;;;;;;81,2;Prozent;WAHLSR;Wahlbeteiligung
14111;;;;1998-09-27;KREISE;;16054;;;;;;40041;Anzahl;WAHL01;Wahlberechtigte
14111;;;;1998-09-27;KREISE;;16055;;;;;;81,8;Prozent;WAHLSR;Wahlbeteiligung
14111;;;;1998-09-27;KREISE;;16055;;;;;;48762;Anzahl;WAHL01;Wahlberechtigte
14111;;;;1998-09-27;KREISE;;16056;;;;;;80,7;Prozent;WAHLSR;Wahlbeteiligung
14111;;;;1998-09-27;KREISE;;16056;;;;;;35967;Anzahl;WAHL01;Wahlberechtigte
14111;;;;1998-09-27;KREISE;;16061;;;;;;85,0;Prozent;WAHLSR;Wahlbeteiligung
14111;;;;1998-09-27;KREISE;;16061;;;;;;87165;Anzahl;WAHL01;Wahlberechtigte
14111;;;;1998-09-27;KREISE;;16062;;;;;;82,0;Prozent;WAHLSR;Wahlbeteiligung
14111;;;;1998-09-27;KREISE;;16062;;;;;;79865;Anzahl;WAHL01;Wahlberechtigte
14111;;;;1998-09-27;KREISE;;16063;;;;;;82,9;Prozent;WAHLSR;Wahlbeteiligung
14111;;;;1998-09-27;KREISE;;16063;;;;;;116823;Anzahl;WAHL01;Wahlberechtigte
14111;;;;1998-09-27;KREISE;;16064;;;;;;82,7;Prozent;WAHLSR;Wahlbeteiligung
14111;;;;1998-09-27;KREISE;;16064;;;;;;95427;Anzahl;WAHL01;Wahlberechtigte
14111;;;;1998-09-27;KREISE;;16065;;;;;;81,7;Prozent;WAHLSR;Wahlbeteiligung
14111;;;;1998-09-27;KREISE;;16065;;;;;;77385;Anzahl;WAHL01;Wahlberechtigte
14111;;;;1998-09-27;KREISE;;16066;;;;;;82,5;Prozent;WAHLSR;Wahlbeteiligung
14111;;;;1998-09-27;KREISE;;16066;;;;;;117205;Anzahl;WAHL01;Wahlberechtigte
14111;;;;1998-09-27;KREISE;;16067;;;;;;82,9;Prozent;WAHLSR;Wahlbeteiligung
14111;;;;1998-09-27;KREISE;;16067;;;;;;120363;Anzahl;WAHL01;Wahlberechtigte
14111;;;;1998-09-27;KREISE;;16068;;;;;;82,2;Prozent;WAHLSR;Wahlbeteiligung
14111;;;;1998-09-27;KREISE;;16068;;;;;;65313;Anzahl;WAHL01;Wahlberechtigte
14111;;;;1998-09-27;KREISE;;16069;;;;;;82,4;Prozent;WAHLSR;Wahlbeteiligung
14111;;;;1998-09-27;KREISE;;16069;;;;;;59333;Anzahl;WAHL01;Wahlberechtigte
14111;;;;1998-09-27;KREISE;;16070;;;;;;83,7;Prozent;WAHLSR;Wahlbeteiligung
14111;;;;1998-09-27;KREISE;;16070;;;;;;98625;Anzahl;WAHL01;Wahlberechtigte
14111;;;;1998-09-27;KREISE;;16071;;;;;;83,4;Prozent;WAHLSR;Wahlbeteiligung
14111;;;;1998-09-27;KREISE;;16071;;;;;;71950;Anzahl;WAHL01;Wahlberechtigte
14111;;;;1998-09-27;KREISE;;16072;;;;;;81,7;Prozent;WAHLSR;Wahlbeteiligung
14111;;;;1998-09-27;KREISE;;16072;;;;;;56691;Anzahl;WAHL01;Wahlberechtigte
14111;;;;1998-09-27;KREISE;;16073;;;;;;82,4;Prozent;WAHLSR;Wahlbeteiligung
14111;;;;1998-09-27;KREISE;;16073;;;;;;109626;Anzahl;WAHL01;Wahlberechtigte
14111;;;;1998-09-27;KREISE;;16074;;;;;;82,8;Prozent;WAHLSR;Wahlbeteiligung
14111;;;;1998-09-27;KREISE;;16074;;;;;;74790;Anzahl;WAHL01;Wahlberechtigte
14111;;;;1998-09-27;KREISE;;16075;;;;;;82,4;Prozent;WAHLSR;Wahlbeteiligung
14111;;;;1998-09-27;KREISE;;16075;;;;;;80237;Anzahl;WAHL01;Wahlberechtigte
14111;;;;1998-09-27;KREISE;;16076;;;;;;82,6;Prozent;WAHLSR;Wahlbeteiligung
14111;;;;1998-09-27;KREISE;;16076;;;;;;101920;Anzahl;WAHL01;Wahlberechtigte
14111;;;;1998-09-27;KREISE;;16077;;;;;;81,5;Prozent;WAHLSR;Wahlbeteiligung
14111;;;;1998-09-27;KREISE;;16077;;;;;;96206;Anzahl;WAHL01;Wahlberechtigte
14111;;;;2002-09-22;DINSG;;DG;;;;;;61432868;Anzahl;WAHL01;Wahlberechtigte
14111;;;;2002-09-22;DINSG;;DG;;;;;;79,1;Prozent;WAHLSR;Wahlbeteiligung
14111;;;;2002-09-22;DLAND;;01;;;;;;2172756;Anzahl;WAHL01;Wahlberechtigte
14111;;;;2002-09-22;DLAND;;01;;;;;;80,7;Prozent;WAHLSR;Wahlbeteiligung
14111;;;;2002-09-22;DLAND;;02;;;;;;1221783;Anzahl;WAHL01;Wahlberechtigte
14111;;;;2002-09-22;DLAND;;02;;;;;;79,6;Prozent;WAHLSR;Wahlbeteiligung
14111;;;;2002-09-22;DLAND;;03;;;;;;6035170;Anzahl;WAHL01;Wahlberechtigte
14111;;;;2002-09-22;DLAND;;03;;;;;;81,0;Prozent;WAHLSR;Wahlbeteiligung
14111;;;;2002-09-22;DLAND;;04;;;;;;484493;Anzahl;WAHL01;Wahlberechtigte
14111;;;;2002-09-22;DLAND;;04;;;;;;78,8;Prozent;WAHLSR;Wahlbeteiligung
14111;;;;2002-09-22;DLAND;;05;;;;;;13179091;Anzahl;WAHL01;Wahlberechtigte
14111;;;;2002-09-22;DLAND;;05;;;;;;80,3;Prozent;WAHLSR;Wahlbeteiligung
14111;;;;2002-09-22;DLAND;;06;;;;;;4344854;Anzahl;WAHL01;Wahlberechtigte
14111;;;;2002-09-22;DLAND;;06;;;;;;80,1;Prozent;WAHLSR;Wahlbeteiligung
14111;;;;2002-09-22;DLAND;;07;;;;;;3051076;Anzahl;WAHL01;Wahlberechtigte
14111;;;;2002-09-22;DLAND;;07;;;;;;80,0;Prozent;WAHLSR;Wahlbeteiligung
14111;;;;2002-09-22;DLAND;;08;;;;;;7418781;Anzahl;WAHL01;Wahlberechtigte
14111;;;;2002-09-22;DLAND;;08;;;;;;81,1;Prozent;WAHLSR;Wahlbeteiligung
14111;;;;2002-09-22;DLAND;;09;;;;;;9101493;Anzahl;WAHL01;Wahlberechtigte
14111;;;;2002-09-22;DLAND;;09;;;;;;81,5;Prozent;WAHLSR;Wahlbeteiligung
14111;;;;2002-09-22;DLAND;;10;;;;;;821218;Anzahl;WAHL01;Wahlberechtigte
14111;;;;2002-09-22;DLAND;;10;;;;;;80,0;Prozent;WAHLSR;Wahlbeteiligung
14111;;;;2002-09-22;DLAND;;11;;;;;;2442795;Anzahl;WAHL01;Wahlberechtigte
14111;;;;2002-09-22;DLAND;;11;;;;;;77,6;Prozent;WAHLSR;Wahlbeteiligung
14111;;;;2002-09-22;DLAND;;12;;;;;;2101025;Anzahl;WAHL01;Wahlberechtigte
14111;;;;2002-09-22;DLAND;;12;;;;;;73,7;Prozent;WAHLSR;Wahlbeteiligung
14111;;;;2002-09-22;DLAND;;13;;;;;;1412019;Anzahl;WAHL01;Wahlberechtigte
14111;;;;2002-09-22;DLAND;;13;;;;;;70,6;Prozent;WAHLSR;Wahlbeteiligung
14111;;;;2002-09-22;DLAND;;14;;;;;;3571995;Anzahl;WAHL01;Wahlberechtigte
14111;;;;2002-09-22;DLAND;;14;;;;;;73,7;Prozent;WAHLSR;Wahlbeteiligung
14111;;;;2002-09-22;DLAND;;15;;;;;;2108941;Anzahl;WAHL01;Wahlberechtigte
14111;;;;2002-09-22;DLAND;;15;;;;;;68,8;Prozent;WAHLSR;Wahlbeteiligung
14111;;;;2002-09-22;DLAND;;16;;;;;;1965378;Anzahl;WAHL01;Wahlberechtigte
14111;;;;2002-09-22;DLAND;;16;;;;;;74,8;Prozent;WAHLSR;Wahlbeteiligung
14111;;;;2002-09-22;KREISE;;01001;;;;;;74,6;Prozent;WAHLSR;Wahlbeteiligung
14111;;;;2002-09-22;KREISE;;01001;;;;;;65740;Anzahl;WAHL01;Wahlberechtigte
14111;;;;2002-09-22;KREISE;;01002;;;;;;78,1;Prozent;WAHLSR;Wahlbeteiligung
14111;;;;2002-09-22;KREISE;;01002;;;;;;176468;Anzahl;WAHL01;Wahlberechtigte
14111;;;;2002-09-22;KREISE;;01003;;;;;;76,4;Prozent;WAHLSR;Wahlbeteiligung
14111;;;;2002-09-22;KREISE;;01003;;;;;;165375;Anzahl;WAHL01;Wahlberechtigte
14111;;;;2002-09-22;KREISE;;01004;;;;;;74,7;Prozent;WAHLSR;Wahlbeteiligung
14111;;;;2002-09-22;KREISE;;01004;;;;;;61909;Anzahl;WAHL01;Wahlberechtigte
14111;;;;2002-09-22;KREISE;;01051;;;;;;77,8;Prozent;WAHLSR;Wahlbeteiligung
14111;;;;2002-09-22;KREISE;;01051;;;;;;107594;Anzahl;WAHL01;Wahlberechtigte
14111;;;;2002-09-22;KREISE;;01053;;;;;;81,8;Prozent;WAHLSR;Wahlbeteiligung
14111;;;;2002-09-22;KREISE;;01053;;;;;;141792;Anzahl;WAHL01;Wahlberechtigte
14111;;;;2002-09-22;KREISE;;01054;;;;;;80,4;Prozent;WAHLSR;Wahlbeteiligung
14111;;;;2002-09-22;KREISE;;01054;;;;;;127562;Anzahl;WAHL01;Wahlberechtigte
14111;;;;2002-09-22;KREISE;;01055;;;;;;80,5;Prozent;WAHLSR;Wahlbeteiligung
14111;;;;2002-09-22;KREISE;;01055;;;;;;160770;Anzahl;WAHL01;Wahlberechtigte
14111;;;;2002-09-22;KREISE;;01056;;;;;;83,7;Prozent;WAHLSR;Wahlbeteiligung
14111;;;;2002-09-22;KREISE;;01056;;;;;;223977;Anzahl;WAHL01;Wahlberechtigte
14111;;;;2002-09-22;KREISE;;01057;;;;;;84,1;Prozent;WAHLSR;Wahlbeteiligung
14111;;;;2002-09-22;KREISE;;01057;;;;;;102080;Anzahl;WAHL01;Wahlberechtigte
14111;;;;2002-09-22;KREISE;;01058;;;;;;82,1;Prozent;WAHLSR;Wahlbeteiligung
14111;;;;2002-09-22;KREISE;;01058;;;;;;212644;Anzahl;WAHL01;Wahlberechtigte
14111;;;;2002-09-22;KREISE;;01059;;;;;;80,8;Prozent;WAHLSR;Wahlbeteiligung
14111;;;;2002-09-22;KREISE;;01059;;;;;;151938;Anzahl;WAHL01;Wahlberechtigte
14111;;;;2002-09-22;KREISE;;01060;;;;;;81,3;Prozent;WAHLSR;Wahlbeteiligung
14111;;;;2002-09-22;KREISE;;01060;;;;;;195800;Anzahl;WAHL01;Wahlberechtigte
14111;;;;2002-09-22;KREISE;;01061;;;;;;80,9;Prozent;WAHLSR;Wahlbeteiligung
14111;;;;2002-09-22;KREISE;;01061;;;;;;105162;Anzahl;WAHL01;Wahlberechtigte
14111;;;;2002-09-22;KREISE;;01062;;;;;;84,6;Prozent;WAHLSR;Wahlbeteiligung
14111;;;;2002-09-22;KREISE;;01062;;;;;;173945;Anzahl;WAHL01;Wahlberechtigte
14111;;;;2002-09-22;KREISE;;02000;;;;;;79,6;Prozent;WAHLSR;Wahlbeteiligung
14111;;;;2002-09-22;KREISE;;02000;;;;;;1221783;Anzahl;WAHL01;Wahlberechtigte
14111;;;;2002-09-22;KREISE;;03101;;;;;;79,7;Prozent;WAHLSR;Wahlbeteiligung
14111;;;;2002-09-22;KREISE;;03101;;;;;;188217;Anzahl;WAHL01;Wahlberechtigte
14111;;;;2002-09-22;KREISE;;03102;;;;;;77,6;Prozent;WAHLSR;Wahlbeteiligung
14111;;;;2002-09-22;KREISE;;03102;;;;;;81987;Anzahl;WAHL01;Wahlberechtigte
14111;;;;2002-09-22;KREISE;;03103;;;;;;79,7;Prozent;WAHLSR;Wahlbeteiligung
14111;;;;2002-09-22;KREISE;;03103;;;;;;91445;Anzahl;WAHL01;Wahlberechtigte
14111;;;;2002-09-22;KREISE;;03151;;;;;;82,4;Prozent;WAHLSR;Wahlbeteiligung
14111;;;;2002-09-22;KREISE;;03151;;;;;;128791;Anzahl;WAHL01;Wahlberechtigte
14111;;;;2002-09-22;KREISE;;03152;;;;;;81,6;Prozent;WAHLSR;Wahlbeteiligung
14111;;;;2002-09-22;KREISE;;03152;;;;;;198017;Anzahl;WAHL01;Wahlberechtigte
14111;;;;2002-09-22;KREISE;;03153;;;;;;79,5;Prozent;WAHLSR;Wahlbeteiligung
14111;;;;2002-09-22;KREISE;;03153;;;;;;121336;Anzahl;WAHL01;Wahlberechtigte
14111;;;;2002-09-22;KREISE;;03154;;;;;;80,3;Prozent;WAHLSR;Wahlbeteiligung
14111;;;;2002-09-22;KREISE;;03154;;;;;;77913;Anzahl;WAHL01;Wahlberechtigte
14111;;;;2002-09-22;KREISE;;03155;;;;;;81,1;Prozent;WAHLSR;Wahlbeteiligung
14111;;;;2002-09-22;KREISE;;03155;;;;;;117963;Anzahl;WAHL01;Wahlberechtigte
14111;;;;2002-09-22;KREISE;;03156;;;;;;79,6;Prozent;WAHLSR;Wahlbeteiligung
14111;;;;2002-09-22;KREISE;;03156;;;;;;67891;Anzahl;WAHL01;Wahlberechtigte
14111;;;;2002-09-22;KREISE;;03157;;;;;;82,4;Prozent;WAHLSR;Wahlbeteiligung
14111;;;;2002-09-22;KREISE;;03157;;;;;;102258;Anzahl;WAHL01;Wahlberechtigte
14111;;;;2002-09-22;KREISE;;03158;;;;;;82,9;Prozent;WAHLSR;Wahlbeteiligung
14111;;;;2002-09-22;KREISE;;03158;;;;;;98869;Anzahl;WAHL01;Wahlberechtigte
14111;;;;2002-09-22;KREISE;;03159;;;;;;-;Prozent;WAHLSR;Wahlbeteiligung
14111;;;;2002-09-22;KREISE;;03159;;;;;;-;Anzahl;WAHL01;Wahlberechtigte
14111;;;;2002-09-22;KREISE;;03241;;;;;;81,9;Prozent;WAHLSR;Wahlbeteiligung
14111;;;;2002-09-22;KREISE;;03241;;;;;;833540;Anzahl;WAHL01;Wahlberechtigte
14111;;;;2002-09-22;KREISE;;03241001;;;;;;-;Prozent;WAHLSR;Wahlbeteiligung
14111;;;;2002-09-22;KREISE;;03241001;;;;;;-;Anzahl;WAHL01;Wahlberechtigte
14111;;;;2002-09-22;KREISE;;03251;;;;;;80,8;Prozent;WAHLSR;Wahlbeteiligung
14111;;;;2002-09-22;KREISE;;03251;;;;;;164997;Anzahl;WAHL01;Wahlberechtigte
14111;;;;2002-09-22;KREISE;;03252;;;;;;80,9;Prozent;WAHLSR;Wahlbeteiligung
14111;;;;2002-09-22;KREISE;;03252;;;;;;124300;Anzahl;WAHL01;Wahlberechtigte
14111;;;;2002-09-22;KREISE;;03254;;;;;;83,1;Prozent;WAHLSR;Wahlbeteiligung
14111;;;;2002-09-22;KREISE;;03254;;;;;;225028;Anzahl;WAHL01;Wahlberechtigte
14111;;;;2002-09-22;KREISE;;03255;;;;;;81,8;Prozent;WAHLSR;Wahlbeteiligung
14111;;;;2002-09-22;KREISE;;03255;;;;;;63355;Anzahl;WAHL01;Wahlberechtigte
14111;;;;2002-09-22;KREISE;;03256;;;;;;78,6;Prozent;WAHLSR;Wahlbeteiligung
14111;;;;2002-09-22;KREISE;;03256;;;;;;96587;Anzahl;WAHL01;Wahlberechtigte
14111;;;;2002-09-22;KREISE;;03257;;;;;;81,7;Prozent;WAHLSR;Wahlbeteiligung
14111;;;;2002-09-22;KREISE;;03257;;;;;;127216;Anzahl;WAHL01;Wahlberechtigte
14111;;;;2002-09-22;KREISE;;03351;;;;;;79,8;Prozent;WAHLSR;Wahlbeteiligung
14111;;;;2002-09-22;KREISE;;03351;;;;;;139133;Anzahl;WAHL01;Wahlberechtigte
14111;;;;2002-09-22;KREISE;;03352;;;;;;80,3;Prozent;WAHLSR;Wahlbeteiligung
14111;;;;2002-09-22;KREISE;;03352;;;;;;159871;Anzahl;WAHL01;Wahlberechtigte
14111;;;;2002-09-22;KREISE;;03353;;;;;;84,9;Prozent;WAHLSR;Wahlbeteiligung
14111;;;;2002-09-22;KREISE;;03353;;;;;;181858;Anzahl;WAHL01;Wahlberechtigte
14111;;;;2002-09-22;KREISE;;03354;;;;;;78,7;Prozent;WAHLSR;Wahlbeteiligung
14111;;;;2002-09-22;KREISE;;03354;;;;;;41362;Anzahl;WAHL01;Wahlberechtigte
14111;;;;2002-09-22;KREISE;;03355;;;;;;81,1;Prozent;WAHLSR;Wahlbeteiligung
14111;;;;2002-09-22;KREISE;;03355;;;;;;130212;Anzahl;WAHL01;Wahlberechtigte
14111;;;;2002-09-22;KREISE;;03356;;;;;;82,2;Prozent;WAHLSR;Wahlbeteiligung
14111;;;;2002-09-22;KREISE;;03356;;;;;;86554;Anzahl;WAHL01;Wahlberechtigte
14111;;;;2002-09-22;KREISE;;03357;;;;;;80,7;Prozent;WAHLSR;Wahlbeteiligung
14111;;;;2002-09-22;KREISE;;03357;;;;;;123665;Anzahl;WAHL01;Wahlberechtigte
14111;;;;2002-09-22;KREISE;;03358;;;;;;79,8;Prozent;WAHLSR;Wahlbeteiligung
14111;;;;2002-09-22;KREISE;;03358;;;;;;107880;Anzahl;WAHL01;Wahlberechtigte
14111;;;;2002-09-22;KREISE;;03359;;;;;;80,4;Prozent;WAHLSR;Wahlbeteiligung
14111;;;;2002-09-22;KREISE;;03359;;;;;;148160;Anzahl;WAHL01;Wahlberechtigte
14111;;;;2002-09-22;KREISE;;03360;;;;;;81,0;Prozent;WAHLSR;Wahlbeteiligung
14111;;;;2002-09-22;KREISE;;03360;;;;;;77506;Anzahl;WAHL01;Wahlberechtigte
14111;;;;2002-09-22;KREISE;;03361;;;;;;81,4;Prozent;WAHLSR;Wahlbeteiligung
14111;;;;2002-09-22;KREISE;;03361;;;;;;101392;Anzahl;WAHL01;Wahlberechtigte
14111;;;;2002-09-22;KREISE;;03401;;;;;;77,2;Prozent;WAHLSR;Wahlbeteiligung
14111;;;;2002-09-22;KREISE;;03401;;;;;;57417;Anzahl;WAHL01;Wahlberechtigte
14111;;;;2002-09-22;KREISE;;03402;;;;;;76,9;Prozent;WAHLSR;Wahlbeteiligung
14111;;;;2002-09-22;KREISE;;03402;;;;;;38581;Anzahl;WAHL01;Wahlberechtigte
14111;;;;2002-09-22;KREISE;;03403;;;;;;79,9;Prozent;WAHLSR;Wahlbeteiligung
14111;;;;2002-09-22;KREISE;;03403;;;;;;119075;Anzahl;WAHL01;Wahlberechtigte
14111;;;;2002-09-22;KREISE;;03404;;;;;;79,5;Prozent;WAHLSR;Wahlbeteiligung
14111;;;;2002-09-22;KREISE;;03404;;;;;;118616;Anzahl;WAHL01;Wahlberechtigte
14111;;;;2002-09-22;KREISE;;03405;;;;;;77,0;Prozent;WAHLSR;Wahlbeteiligung
14111;;;;2002-09-22;KREISE;;03405;;;;;;66299;Anzahl;WAHL01;Wahlberechtigte
14111;;;;2002-09-22;KREISE;;03451;;;;;;80,1;Prozent;WAHLSR;Wahlbeteiligung
14111;;;;2002-09-22;KREISE;;03451;;;;;;86424;Anzahl;WAHL01;Wahlberechtigte
14111;;;;2002-09-22;KREISE;;03452;;;;;;80,4;Prozent;WAHLSR;Wahlbeteiligung
14111;;;;2002-09-22;KREISE;;03452;;;;;;145765;Anzahl;WAHL01;Wahlberechtigte
14111;;;;2002-09-22;KREISE;;03453;;;;;;79,2;Prozent;WAHLSR;Wahlbeteiligung
14111;;;;2002-09-22;KREISE;;03453;;;;;;109365;Anzahl;WAHL01;Wahlberechtigte
14111;;;;2002-09-22;KREISE;;03454;;;;;;81,7;Prozent;WAHLSR;Wahlbeteiligung
14111;;;;2002-09-22;KREISE;;03454;;;;;;225210;Anzahl;WAHL01;Wahlberechtigte
14111;;;;2002-09-22;KREISE;;03455;;;;;;80,3;Prozent;WAHLSR;Wahlbeteiligung
14111;;;;2002-09-22;KREISE;;03455;;;;;;79019;Anzahl;WAHL01;Wahlberechtigte
14111;;;;2002-09-22;KREISE;;03456;;;;;;82,0;Prozent;WAHLSR;Wahlbeteiligung
14111;;;;2002-09-22;KREISE;;03456;;;;;;94531;Anzahl;WAHL01;Wahlberechtigte
14111;;;;2002-09-22;KREISE;;03457;;;;;;78,8;Prozent;WAHLSR;Wahlbeteiligung
14111;;;;2002-09-22;KREISE;;03457;;;;;;123644;Anzahl;WAHL01;Wahlberechtigte
14111;;;;2002-09-22;KREISE;;03458;;;;;;81,7;Prozent;WAHLSR;Wahlbeteiligung
14111;;;;2002-09-22;KREISE;;03458;;;;;;93391;Anzahl;WAHL01;Wahlberechtigte
14111;;;;2002-09-22;KREISE;;03459;;;;;;82,6;Prozent;WAHLSR;Wahlbeteiligung
14111;;;;2002-09-22;KREISE;;03459;;;;;;263903;Anzahl;WAHL01;Wahlberechtigte
14111;;;;2002-09-22;KREISE;;03460;;;;;;81,9;Prozent;WAHLSR;Wahlbeteiligung
14111;;;;2002-09-22;KREISE;;03460;;;;;;91024;Anzahl;WAHL01;Wahlberechtigte
14111;;;;2002-09-22;KREISE;;03461;;;;;;78,5;Prozent;WAHLSR;Wahlbeteiligung
14111;;;;2002-09-22;KREISE;;03461;;;;;;71410;Anzahl;WAHL01;Wahlberechtigte
14111;;;;2002-09-22;KREISE;;03462;;;;;;77,1;Prozent;WAHLSR;Wahlbeteiligung
14111;;;;2002-09-22;KREISE;;03462;;;;;;44193;Anzahl;WAHL01;Wahlberechtigte
14111;;;;2002-09-22;KREISE;;04011;;;;;;79,6;Prozent;WAHLSR;Wahlbeteiligung
14111;;;;2002-09-22;KREISE;;04011;;;;;;397289;Anzahl;WAHL01;Wahlberechtigte
14111;;;;2002-09-22;KREISE;;04012;;;;;;75,4;Prozent;WAHLSR;Wahlbeteiligung
14111;;;;2002-09-22;KREISE;;04012;;;;;;87204;Anzahl;WAHL01;Wahlberechtigte
14111;;;;2002-09-22;KREISE;;05111;;;;;;79,6;Prozent;WAHLSR;Wahlbeteiligung
14111;;;;2002-09-22;KREISE;;05111;;;;;;408471;Anzahl;WAHL01;Wahlberechtigte
14111;;;;2002-09-22;KREISE;;05112;;;;;;76,5;Prozent;WAHLSR;Wahlbeteiligung
14111;;;;2002-09-22;KREISE;;05112;;;;;;357760;Anzahl;WAHL01;Wahlberechtigte
14111;;;;2002-09-22;KREISE;;05113;;;;;;77,9;Prozent;WAHLSR;Wahlbeteiligung
14111;;;;2002-09-22;KREISE;;05113;;;;;;449896;Anzahl;WAHL01;Wahlberechtigte
14111;;;;2002-09-22;KREISE;;05114;;;;;;76,9;Prozent;WAHLSR;Wahlbeteiligung
14111;;;;2002-09-22;KREISE;;05114;;;;;;167333;Anzahl;WAHL01;Wahlberechtigte
14111;;;;2002-09-22;KREISE;;05116;;;;;;74,4;Prozent;WAHLSR;Wahlbeteiligung
14111;;;;2002-09-22;KREISE;;05116;;;;;;195672;Anzahl;WAHL01;Wahlberechtigte
14111;;;;2002-09-22;KREISE;;05117;;;;;;81,9;Prozent;WAHLSR;Wahlbeteiligung
14111;;;;2002-09-22;KREISE;;05117;;;;;;131446;Anzahl;WAHL01;Wahlberechtigte
14111;;;;2002-09-22;KREISE;;05119;;;;;;77,2;Prozent;WAHLSR;Wahlbeteiligung
14111;;;;2002-09-22;KREISE;;05119;;;;;;162896;Anzahl;WAHL01;Wahlberechtigte
14111;;;;2002-09-22;KREISE;;05120;;;;;;77,2;Prozent;WAHLSR;Wahlbeteiligung
14111;;;;2002-09-22;KREISE;;05120;;;;;;84345;Anzahl;WAHL01;Wahlberechtigte
14111;;;;2002-09-22;KREISE;;05122;;;;;;78,7;Prozent;WAHLSR;Wahlbeteiligung
14111;;;;2002-09-22;KREISE;;05122;;;;;;115071;Anzahl;WAHL01;Wahlberechtigte
14111;;;;2002-09-22;KREISE;;05124;;;;;;77,9;Prozent;WAHLSR;Wahlbeteiligung
14111;;;;2002-09-22;KREISE;;05124;;;;;;258070;Anzahl;WAHL01;Wahlberechtigte
14111;;;;2002-09-22;KREISE;;05154;;;;;;80,2;Prozent;WAHLSR;Wahlbeteiligung
14111;;;;2002-09-22;KREISE;;05154;;;;;;219163;Anzahl;WAHL01;Wahlberechtigte
14111;;;;2002-09-22;KREISE;;05158;;;;;;82,2;Prozent;WAHLSR;Wahlbeteiligung
14111;;;;2002-09-22;KREISE;;05158;;;;;;375588;Anzahl;WAHL01;Wahlberechtigte
14111;;;;2002-09-22;KREISE;;05162;;;;;;81,9;Prozent;WAHLSR;Wahlbeteiligung
14111;;;;2002-09-22;KREISE;;05162;;;;;;326640;Anzahl;WAHL01;Wahlberechtigte
14111;;;;2002-09-22;KREISE;;05166;;;;;;80,6;Prozent;WAHLSR;Wahlbeteiligung
14111;;;;2002-09-22;KREISE;;05166;;;;;;222874;Anzahl;WAHL01;Wahlberechtigte
14111;;;;2002-09-22;KREISE;;05170;;;;;;81,5;Prozent;WAHLSR;Wahlbeteiligung
14111;;;;2002-09-22;KREISE;;05170;;;;;;355154;Anzahl;WAHL01;Wahlberechtigte
14111;;;;2002-09-22;KREISE;;05313;;;;;;-;Prozent;WAHLSR;Wahlbeteiligung
14111;;;;2002-09-22;KREISE;;05313;;;;;;-;Anzahl;WAHL01;Wahlberechtigte
14111;;;;2002-09-22;KREISE;;05314;;;;;;83,1;Prozent;WAHLSR;Wahlbeteiligung
14111;;;;2002-09-22;KREISE;;05314;;;;;;212477;Anzahl;WAHL01;Wahlberechtigte
14111;;;;2002-09-22;KREISE;;05315;;;;;;76,9;Prozent;WAHLSR;Wahlbeteiligung
14111;;;;2002-09-22;KREISE;;05315;;;;;;670457;Anzahl;WAHL01;Wahlberechtigte
14111;;;;2002-09-22;KREISE;;05316;;;;;;79,7;Prozent;WAHLSR;Wahlbeteiligung
14111;;;;2002-09-22;KREISE;;05316;;;;;;117587;Anzahl;WAHL01;Wahlberechtigte
14111;;;;2002-09-22;KREISE;;05334;;;;;;-;Prozent;WAHLSR;Wahlbeteiligung
14111;;;;2002-09-22;KREISE;;05334;;;;;;-;Anzahl;WAHL01;Wahlberechtigte
14111;;;;2002-09-22;KREISE;;05334002;;;;;;80,5;Prozent;WAHLSR;Wahlbeteiligung
14111;;;;2002-09-22;KREISE;;05334002;;;;;;165242;Anzahl;WAHL01;Wahlberechtigte
14111;;;;2002-09-22;KREISE;;05354;;;;;;80,5;Prozent;WAHLSR;Wahlbeteiligung
14111;;;;2002-09-22;KREISE;;05354;;;;;;225120;Anzahl;WAHL01;Wahlberechtigte
14111;;;;2002-09-22;KREISE;;05358;;;;;;80,4;Prozent;WAHLSR;Wahlbeteiligung
14111;;;;2002-09-22;KREISE;;05358;;;;;;196789;Anzahl;WAHL01;Wahlberechtigte
14111;;;;2002-09-22;KREISE;;05362;;;;;;81,6;Prozent;WAHLSR;Wahlbeteiligung
14111;;;;2002-09-22;KREISE;;05362;;;;;;332422;Anzahl;WAHL01;Wahlberechtigte
14111;;;;2002-09-22;KREISE;;05366;;;;;;79,6;Prozent;WAHLSR;Wahlbeteiligung
14111;;;;2002-09-22;KREISE;;05366;;;;;;144090;Anzahl;WAHL01;Wahlberechtigte
14111;;;;2002-09-22;KREISE;;05370;;;;;;80,0;Prozent;WAHLSR;Wahlbeteiligung
14111;;;;2002-09-22;KREISE;;05370;;;;;;181929;Anzahl;WAHL01;Wahlberechtigte
14111;;;;2002-09-22;KREISE;;05374;;;;;;81,0;Prozent;WAHLSR;Wahlbeteiligung
14111;;;;2002-09-22;KREISE;;05374;;;;;;210055;Anzahl;WAHL01;Wahlberechtigte
14111;;;;2002-09-22;KREISE;;05378;;;;;;84,3;Prozent;WAHLSR;Wahlbeteiligung
14111;;;;2002-09-22;KREISE;;05378;;;;;;210429;Anzahl;WAHL01;Wahlberechtigte
14111;;;;2002-09-22;KREISE;;05382;;;;;;82,9;Prozent;WAHLSR;Wahlbeteiligung
14111;;;;2002-09-22;KREISE;;05382;;;;;;424822;Anzahl;WAHL01;Wahlberechtigte
14111;;;;2002-09-22;KREISE;;05512;;;;;;80,3;Prozent;WAHLSR;Wahlbeteiligung
14111;;;;2002-09-22;KREISE;;05512;;;;;;91610;Anzahl;WAHL01;Wahlberechtigte
14111;;;;2002-09-22;KREISE;;05513;;;;;;75,0;Prozent;WAHLSR;Wahlbeteiligung
14111;;;;2002-09-22;KREISE;;05513;;;;;;198882;Anzahl;WAHL01;Wahlberechtigte
14111;;;;2002-09-22;KREISE;;05515;;;;;;84,5;Prozent;WAHLSR;Wahlbeteiligung
14111;;;;2002-09-22;KREISE;;05515;;;;;;200908;Anzahl;WAHL01;Wahlberechtigte
14111;;;;2002-09-22;KREISE;;05554;;;;;;82,3;Prozent;WAHLSR;Wahlbeteiligung
14111;;;;2002-09-22;KREISE;;05554;;;;;;261126;Anzahl;WAHL01;Wahlberechtigte
14111;;;;2002-09-22;KREISE;;05558;;;;;;84,5;Prozent;WAHLSR;Wahlbeteiligung
14111;;;;2002-09-22;KREISE;;05558;;;;;;162009;Anzahl;WAHL01;Wahlberechtigte
14111;;;;2002-09-22;KREISE;;05562;;;;;;79,9;Prozent;WAHLSR;Wahlbeteiligung
14111;;;;2002-09-22;KREISE;;05562;;;;;;491698;Anzahl;WAHL01;Wahlberechtigte
14111;;;;2002-09-22;KREISE;;05566;;;;;;82,9;Prozent;WAHLSR;Wahlbeteiligung
14111;;;;2002-09-22;KREISE;;05566;;;;;;323380;Anzahl;WAHL01;Wahlberechtigte
14111;;;;2002-09-22;KREISE;;05570;;;;;;83,6;Prozent;WAHLSR;Wahlbeteiligung
14111;;;;2002-09-22;KREISE;;05570;;;;;;206718;Anzahl;WAHL01;Wahlberechtigte
14111;;;;2002-09-22;KREISE;;05711;;;;;;81,8;Prozent;WAHLSR;Wahlbeteiligung
14111;;;;2002-09-22;KREISE;;05711;;;;;;235551;Anzahl;WAHL01;Wahlberechtigte
14111;;;;2002-09-22;KREISE;;05754;;;;;;81,9;Prozent;WAHLSR;Wahlbeteiligung
14111;;;;2002-09-22;KREISE;;05754;;;;;;252941;Anzahl;WAHL01;Wahlberechtigte
14111;;;;2002-09-22;KREISE;;05758;;;;;;81,4;Prozent;WAHLSR;Wahlbeteiligung
14111;;;;2002-09-22;KREISE;;05758;;;;;;194733;Anzahl;WAHL01;Wahlberechtigte
14111;;;;2002-09-22;KREISE;;05762;;;;;;83,1;Prozent;WAHLSR;Wahlbeteiligung
14111;;;;2002-09-22;KREISE;;05762;;;;;;117460;Anzahl;WAHL01;Wahlberechtigte
14111;;;;2002-09-22;KREISE;;05766;;;;;;82,8;Prozent;WAHLSR;Wahlbeteiligung
14111;;;;2002-09-22;KREISE;;05766;;;;;;276121;Anzahl;WAHL01;Wahlberechtigte
14111;;;;2002-09-22;KREISE;;05770;;;;;;80,6;Prozent;WAHLSR;Wahlbeteiligung
14111;;;;2002-09-22;KREISE;;05770;;;;;;246772;Anzahl;WAHL01;Wahlberechtigte
14111;;;;2002-09-22;KREISE;;05774;;;;;;81,1;Prozent;WAHLSR;Wahlbeteiligung
14111;;;;2002-09-22;KREISE;;05774;;;;;;213014;Anzahl;WAHL01;Wahlberechtigte
14111;;;;2002-09-22;KREISE;;05911;;;;;;80,6;Prozent;WAHLSR;Wahlbeteiligung
14111;;;;2002-09-22;KREISE;;05911;;;;;;289275;Anzahl;WAHL01;Wahlberechtigte
14111;;;;2002-09-22;KREISE;;05913;;;;;;78,8;Prozent;WAHLSR;Wahlbeteiligung
14111;;;;2002-09-22;KREISE;;05913;;;;;;427443;Anzahl;WAHL01;Wahlberechtigte
14111;;;;2002-09-22;KREISE;;05914;;;;;;76,4;Prozent;WAHLSR;Wahlbeteiligung
14111;;;;2002-09-22;KREISE;;05914;;;;;;146415;Anzahl;WAHL01;Wahlberechtigte
14111;;;;2002-09-22;KREISE;;05915;;;;;;78,0;Prozent;WAHLSR;Wahlbeteiligung
14111;;;;2002-09-22;KREISE;;05915;;;;;;129828;Anzahl;WAHL01;Wahlberechtigte
14111;;;;2002-09-22;KREISE;;05916;;;;;;77,1;Prozent;WAHLSR;Wahlbeteiligung
14111;;;;2002-09-22;KREISE;;05916;;;;;;123025;Anzahl;WAHL01;Wahlberechtigte
14111;;;;2002-09-22;KREISE;;05954;;;;;;80,7;Prozent;WAHLSR;Wahlbeteiligung
14111;;;;2002-09-22;KREISE;;05954;;;;;;266508;Anzahl;WAHL01;Wahlberechtigte
14111;;;;2002-09-22;KREISE;;05958;;;;;;82,0;Prozent;WAHLSR;Wahlbeteiligung
14111;;;;2002-09-22;KREISE;;05958;;;;;;211185;Anzahl;WAHL01;Wahlberechtigte
14111;;;;2002-09-22;KREISE;;05962;;;;;;78,4;Prozent;WAHLSR;Wahlbeteiligung
14111;;;;2002-09-22;KREISE;;05962;;;;;;325182;Anzahl;WAHL01;Wahlberechtigte
14111;;;;2002-09-22;KREISE;;05966;;;;;;81,9;Prozent;WAHLSR;Wahlbeteiligung
14111;;;;2002-09-22;KREISE;;05966;;;;;;102888;Anzahl;WAHL01;Wahlberechtigte
14111;;;;2002-09-22;KREISE;;05970;;;;;;80,9;Prozent;WAHLSR;Wahlbeteiligung
14111;;;;2002-09-22;KREISE;;05970;;;;;;218988;Anzahl;WAHL01;Wahlberechtigte
14111;;;;2002-09-22;KREISE;;05974;;;;;;80,6;Prozent;WAHLSR;Wahlbeteiligung
14111;;;;2002-09-22;KREISE;;05974;;;;;;228436;Anzahl;WAHL01;Wahlberechtigte
14111;;;;2002-09-22;KREISE;;05978;;;;;;81,2;Prozent;WAHLSR;Wahlbeteiligung
14111;;;;2002-09-22;KREISE;;05978;;;;;;315197;Anzahl;WAHL01;Wahlberechtigte
14111;;;;2002-09-22;KREISE;;06411;;;;;;79,6;Prozent;WAHLSR;Wahlbeteiligung
14111;;;;2002-09-22;KREISE;;06411;;;;;;97323;Anzahl;WAHL01;Wahlberechtigte
14111;;;;2002-09-22;KREISE;;06412;;;;;;77,0;Prozent;WAHLSR;Wahlbeteiligung
14111;;;;2002-09-22;KREISE;;06412;;;;;;383726;Anzahl;WAHL01;Wahlberechtigte
14111;;;;2002-09-22;KREISE;;06413;;;;;;74,1;Prozent;WAHLSR;Wahlbeteiligung
14111;;;;2002-09-22;KREISE;;06413;;;;;;68061;Anzahl;WAHL01;Wahlberechtigte
14111;;;;2002-09-22;KREISE;;06414;;;;;;77,0;Prozent;WAHLSR;Wahlbeteiligung
14111;;;;2002-09-22;KREISE;;06414;;;;;;186838;Anzahl;WAHL01;Wahlberechtigte
14111;;;;2002-09-22;KREISE;;06415;;;;;;-;Prozent;WAHLSR;Wahlbeteiligung
14111;;;;2002-09-22;KREISE;;06415;;;;;;-;Anzahl;WAHL01;Wahlberechtigte
14111;;;;2002-09-22;KREISE;;06431;;;;;;80,8;Prozent;WAHLSR;Wahlbeteiligung
14111;;;;2002-09-22;KREISE;;06431;;;;;;196599;Anzahl;WAHL01;Wahlberechtigte
14111;;;;2002-09-22;KREISE;;06432;;;;;;82,2;Prozent;WAHLSR;Wahlbeteiligung
14111;;;;2002-09-22;KREISE;;06432;;;;;;208098;Anzahl;WAHL01;Wahlberechtigte
14111;;;;2002-09-22;KREISE;;06433;;;;;;81,0;Prozent;WAHLSR;Wahlbeteiligung
14111;;;;2002-09-22;KREISE;;06433;;;;;;169053;Anzahl;WAHL01;Wahlberechtigte
14111;;;;2002-09-22;KREISE;;06434;;;;;;83,4;Prozent;WAHLSR;Wahlbeteiligung
14111;;;;2002-09-22;KREISE;;06434;;;;;;164196;Anzahl;WAHL01;Wahlberechtigte
14111;;;;2002-09-22;KREISE;;06435;;;;;;80,2;Prozent;WAHLSR;Wahlbeteiligung
14111;;;;2002-09-22;KREISE;;06435;;;;;;294876;Anzahl;WAHL01;Wahlberechtigte
14111;;;;2002-09-22;KREISE;;06436;;;;;;84,3;Prozent;WAHLSR;Wahlbeteiligung
14111;;;;2002-09-22;KREISE;;06436;;;;;;162039;Anzahl;WAHL01;Wahlberechtigte
14111;;;;2002-09-22;KREISE;;06437;;;;;;80,2;Prozent;WAHLSR;Wahlbeteiligung
14111;;;;2002-09-22;KREISE;;06437;;;;;;72928;Anzahl;WAHL01;Wahlberechtigte
14111;;;;2002-09-22;KREISE;;06438;;;;;;82,3;Prozent;WAHLSR;Wahlbeteiligung
14111;;;;2002-09-22;KREISE;;06438;;;;;;235926;Anzahl;WAHL01;Wahlberechtigte
14111;;;;2002-09-22;KREISE;;06439;;;;;;82,4;Prozent;WAHLSR;Wahlbeteiligung
14111;;;;2002-09-22;KREISE;;06439;;;;;;136273;Anzahl;WAHL01;Wahlberechtigte
14111;;;;2002-09-22;KREISE;;06440;;;;;;80,2;Prozent;WAHLSR;Wahlbeteiligung
14111;;;;2002-09-22;KREISE;;06440;;;;;;217333;Anzahl;WAHL01;Wahlberechtigte
14111;;;;2002-09-22;KREISE;;06531;;;;;;80,0;Prozent;WAHLSR;Wahlbeteiligung
14111;;;;2002-09-22;KREISE;;06531;;;;;;187203;Anzahl;WAHL01;Wahlberechtigte
14111;;;;2002-09-22;KREISE;;06532;;;;;;76,7;Prozent;WAHLSR;Wahlbeteiligung
14111;;;;2002-09-22;KREISE;;06532;;;;;;193937;Anzahl;WAHL01;Wahlberechtigte
14111;;;;2002-09-22;KREISE;;06533;;;;;;79,2;Prozent;WAHLSR;Wahlbeteiligung
14111;;;;2002-09-22;KREISE;;06533;;;;;;130838;Anzahl;WAHL01;Wahlberechtigte
14111;;;;2002-09-22;KREISE;;06534;;;;;;79,6;Prozent;WAHLSR;Wahlbeteiligung
14111;;;;2002-09-22;KREISE;;06534;;;;;;181936;Anzahl;WAHL01;Wahlberechtigte
14111;;;;2002-09-22;KREISE;;06535;;;;;;79,3;Prozent;WAHLSR;Wahlbeteiligung
14111;;;;2002-09-22;KREISE;;06535;;;;;;91849;Anzahl;WAHL01;Wahlberechtigte
14111;;;;2002-09-22;KREISE;;06611;;;;;;76,5;Prozent;WAHLSR;Wahlbeteiligung
14111;;;;2002-09-22;KREISE;;06611;;;;;;138007;Anzahl;WAHL01;Wahlberechtigte
14111;;;;2002-09-22;KREISE;;06631;;;;;;81,9;Prozent;WAHLSR;Wahlbeteiligung
14111;;;;2002-09-22;KREISE;;06631;;;;;;163908;Anzahl;WAHL01;Wahlberechtigte
14111;;;;2002-09-22;KREISE;;06632;;;;;;80,6;Prozent;WAHLSR;Wahlbeteiligung
14111;;;;2002-09-22;KREISE;;06632;;;;;;101578;Anzahl;WAHL01;Wahlberechtigte
14111;;;;2002-09-22;KREISE;;06633;;;;;;83,1;Prozent;WAHLSR;Wahlbeteiligung
14111;;;;2002-09-22;KREISE;;06633;;;;;;192323;Anzahl;WAHL01;Wahlberechtigte
14111;;;;2002-09-22;KREISE;;06634;;;;;;81,2;Prozent;WAHLSR;Wahlbeteiligung
14111;;;;2002-09-22;KREISE;;06634;;;;;;150496;Anzahl;WAHL01;Wahlberechtigte
14111;;;;2002-09-22;KREISE;;06635;;;;;;78,0;Prozent;WAHLSR;Wahlbeteiligung
14111;;;;2002-09-22;KREISE;;06635;;;;;;129871;Anzahl;WAHL01;Wahlberechtigte
14111;;;;2002-09-22;KREISE;;06636;;;;;;80,3;Prozent;WAHLSR;Wahlbeteiligung
14111;;;;2002-09-22;KREISE;;06636;;;;;;89639;Anzahl;WAHL01;Wahlberechtigte
14111;;;;2002-09-22;KREISE;;07111;;;;;;77,5;Prozent;WAHLSR;Wahlbeteiligung
14111;;;;2002-09-22;KREISE;;07111;;;;;;82159;Anzahl;WAHL01;Wahlberechtigte
14111;;;;2002-09-22;KREISE;;07131;;;;;;81,4;Prozent;WAHLSR;Wahlbeteiligung
14111;;;;2002-09-22;KREISE;;07131;;;;;;98391;Anzahl;WAHL01;Wahlberechtigte
14111;;;;2002-09-22;KREISE;;07132;;;;;;79,9;Prozent;WAHLSR;Wahlbeteiligung
14111;;;;2002-09-22;KREISE;;07132;;;;;;103109;Anzahl;WAHL01;Wahlberechtigte
14111;;;;2002-09-22;KREISE;;07133;;;;;;79,5;Prozent;WAHLSR;Wahlbeteiligung
14111;;;;2002-09-22;KREISE;;07133;;;;;;120556;Anzahl;WAHL01;Wahlberechtigte
14111;;;;2002-09-22;KREISE;;07134;;;;;;75,0;Prozent;WAHLSR;Wahlbeteiligung
14111;;;;2002-09-22;KREISE;;07134;;;;;;70841;Anzahl;WAHL01;Wahlberechtigte
14111;;;;2002-09-22;KREISE;;07135;;;;;;82,0;Prozent;WAHLSR;Wahlbeteiligung
14111;;;;2002-09-22;KREISE;;07135;;;;;;52169;Anzahl;WAHL01;Wahlberechtigte
14111;;;;2002-09-22;KREISE;;07137;;;;;;79,2;Prozent;WAHLSR;Wahlbeteiligung
14111;;;;2002-09-22;KREISE;;07137;;;;;;163513;Anzahl;WAHL01;Wahlberechtigte
14111;;;;2002-09-22;KREISE;;07138;;;;;;80,0;Prozent;WAHLSR;Wahlbeteiligung
14111;;;;2002-09-22;KREISE;;07138;;;;;;137907;Anzahl;WAHL01;Wahlberechtigte
14111;;;;2002-09-22;KREISE;;07140;;;;;;81,1;Prozent;WAHLSR;Wahlbeteiligung
14111;;;;2002-09-22;KREISE;;07140;;;;;;81259;Anzahl;WAHL01;Wahlberechtigte
14111;;;;2002-09-22;KREISE;;07141;;;;;;80,4;Prozent;WAHLSR;Wahlbeteiligung
14111;;;;2002-09-22;KREISE;;07141;;;;;;99720;Anzahl;WAHL01;Wahlberechtigte
14111;;;;2002-09-22;KREISE;;07143;;;;;;80,7;Prozent;WAHLSR;Wahlbeteiligung
14111;;;;2002-09-22;KREISE;;07143;;;;;;152235;Anzahl;WAHL01;Wahlberechtigte
14111;;;;2002-09-22;KREISE;;07211;;;;;;74,8;Prozent;WAHLSR;Wahlbeteiligung
14111;;;;2002-09-22;KREISE;;07211;;;;;;75732;Anzahl;WAHL01;Wahlberechtigte
14111;;;;2002-09-22;KREISE;;07231;;;;;;79,2;Prozent;WAHLSR;Wahlbeteiligung
14111;;;;2002-09-22;KREISE;;07231;;;;;;89936;Anzahl;WAHL01;Wahlberechtigte
14111;;;;2002-09-22;KREISE;;07232;;;;;;79,2;Prozent;WAHLSR;Wahlbeteiligung
14111;;;;2002-09-22;KREISE;;07232;;;;;;74453;Anzahl;WAHL01;Wahlberechtigte
14111;;;;2002-09-22;KREISE;;07233;;;;;;80,7;Prozent;WAHLSR;Wahlbeteiligung
14111;;;;2002-09-22;KREISE;;07233;;;;;;49992;Anzahl;WAHL01;Wahlberechtigte
14111;;;;2002-09-22;KREISE;;07235;;;;;;82,2;Prozent;WAHLSR;Wahlbeteiligung
14111;;;;2002-09-22;KREISE;;07235;;;;;;107761;Anzahl;WAHL01;Wahlberechtigte
14111;;;;2002-09-22;KREISE;;07311;;;;;;79,0;Prozent;WAHLSR;Wahlbeteiligung
14111;;;;2002-09-22;KREISE;;07311;;;;;;34366;Anzahl;WAHL01;Wahlberechtigte
14111;;;;2002-09-22;KREISE;;07312;;;;;;73,1;Prozent;WAHLSR;Wahlbeteiligung
14111;;;;2002-09-22;KREISE;;07312;;;;;;72941;Anzahl;WAHL01;Wahlberechtigte
14111;;;;2002-09-22;KREISE;;07313;;;;;;78,6;Prozent;WAHLSR;Wahlbeteiligung
14111;;;;2002-09-22;KREISE;;07313;;;;;;31234;Anzahl;WAHL01;Wahlberechtigte
14111;;;;2002-09-22;KREISE;;07314;;;;;;76,5;Prozent;WAHLSR;Wahlbeteiligung
14111;;;;2002-09-22;KREISE;;07314;;;;;;103608;Anzahl;WAHL01;Wahlberechtigte
14111;;;;2002-09-22;KREISE;;07315;;;;;;81,2;Prozent;WAHLSR;Wahlbeteiligung
14111;;;;2002-09-22;KREISE;;07315;;;;;;128322;Anzahl;WAHL01;Wahlberechtigte
14111;;;;2002-09-22;KREISE;;07316;;;;;;81,3;Prozent;WAHLSR;Wahlbeteiligung
14111;;;;2002-09-22;KREISE;;07316;;;;;;41380;Anzahl;WAHL01;Wahlberechtigte
14111;;;;2002-09-22;KREISE;;07317;;;;;;72,7;Prozent;WAHLSR;Wahlbeteiligung
14111;;;;2002-09-22;KREISE;;07317;;;;;;35363;Anzahl;WAHL01;Wahlberechtigte
14111;;;;2002-09-22;KREISE;;07318;;;;;;78,7;Prozent;WAHLSR;Wahlbeteiligung
14111;;;;2002-09-22;KREISE;;07318;;;;;;36046;Anzahl;WAHL01;Wahlberechtigte
14111;;;;2002-09-22;KREISE;;07319;;;;;;75,1;Prozent;WAHLSR;Wahlbeteiligung
14111;;;;2002-09-22;KREISE;;07319;;;;;;58584;Anzahl;WAHL01;Wahlberechtigte
14111;;;;2002-09-22;KREISE;;07320;;;;;;75,4;Prozent;WAHLSR;Wahlbeteiligung
14111;;;;2002-09-22;KREISE;;07320;;;;;;28137;Anzahl;WAHL01;Wahlberechtigte
14111;;;;2002-09-22;KREISE;;07331;;;;;;82,1;Prozent;WAHLSR;Wahlbeteiligung
14111;;;;2002-09-22;KREISE;;07331;;;;;;94058;Anzahl;WAHL01;Wahlberechtigte
14111;;;;2002-09-22;KREISE;;07332;;;;;;82,4;Prozent;WAHLSR;Wahlbeteiligung
14111;;;;2002-09-22;KREISE;;07332;;;;;;104090;Anzahl;WAHL01;Wahlberechtigte
14111;;;;2002-09-22;KREISE;;07333;;;;;;78,6;Prozent;WAHLSR;Wahlbeteiligung
14111;;;;2002-09-22;KREISE;;07333;;;;;;59435;Anzahl;WAHL01;Wahlberechtigte
14111;;;;2002-09-22;KREISE;;07334;;;;;;81,5;Prozent;WAHLSR;Wahlbeteiligung
14111;;;;2002-09-22;KREISE;;07334;;;;;;89717;Anzahl;WAHL01;Wahlberechtigte
14111;;;;2002-09-22;KREISE;;07335;;;;;;80,7;Prozent;WAHLSR;Wahlbeteiligung
14111;;;;2002-09-22;KREISE;;07335;;;;;;83229;Anzahl;WAHL01;Wahlberechtigte
14111;;;;2002-09-22;KREISE;;07336;;;;;;78,4;Prozent;WAHLSR;Wahlbeteiligung
14111;;;;2002-09-22;KREISE;;07336;;;;;;61943;Anzahl;WAHL01;Wahlberechtigte
14111;;;;2002-09-22;KREISE;;07337;;;;;;83,3;Prozent;WAHLSR;Wahlbeteiligung
14111;;;;2002-09-22;KREISE;;07337;;;;;;84752;Anzahl;WAHL01;Wahlberechtigte
14111;;;;2002-09-22;KREISE;;07338;;;;;;84,8;Prozent;WAHLSR;Wahlbeteiligung
14111;;;;2002-09-22;KREISE;;07338;;;;;;112884;Anzahl;WAHL01;Wahlberechtigte
14111;;;;2002-09-22;KREISE;;07339;;;;;;83,9;Prozent;WAHLSR;Wahlbeteiligung
14111;;;;2002-09-22;KREISE;;07339;;;;;;148612;Anzahl;WAHL01;Wahlberechtigte
14111;;;;2002-09-22;KREISE;;07340;;;;;;82,5;Prozent;WAHLSR;Wahlbeteiligung
14111;;;;2002-09-22;KREISE;;07340;;;;;;82642;Anzahl;WAHL01;Wahlberechtigte
14111;;;;2002-09-22;KREISE;;08111;;;;;;81,0;Prozent;WAHLSR;Wahlbeteiligung
14111;;;;2002-09-22;KREISE;;08111;;;;;;357253;Anzahl;WAHL01;Wahlberechtigte
14111;;;;2002-09-22;KREISE;;08115;;;;;;83,4;Prozent;WAHLSR;Wahlbeteiligung
14111;;;;2002-09-22;KREISE;;08115;;;;;;246593;Anzahl;WAHL01;Wahlberechtigte
14111;;;;2002-09-22;KREISE;;08116;;;;;;83,8;Prozent;WAHLSR;Wahlbeteiligung
14111;;;;2002-09-22;KREISE;;08116;;;;;;348818;Anzahl;WAHL01;Wahlberechtigte
14111;;;;2002-09-22;KREISE;;08117;;;;;;81,2;Prozent;WAHLSR;Wahlbeteiligung
14111;;;;2002-09-22;KREISE;;08117;;;;;;179165;Anzahl;WAHL01;Wahlberechtigte
14111;;;;2002-09-22;KREISE;;08118;;;;;;83,8;Prozent;WAHLSR;Wahlbeteiligung
14111;;;;2002-09-22;KREISE;;08118;;;;;;342077;Anzahl;WAHL01;Wahlberechtigte
14111;;;;2002-09-22;KREISE;;08119;;;;;;82,2;Prozent;WAHLSR;Wahlbeteiligung
14111;;;;2002-09-22;KREISE;;08119;;;;;;286027;Anzahl;WAHL01;Wahlberechtigte
14111;;;;2002-09-22;KREISE;;08121;;;;;;77,5;Prozent;WAHLSR;Wahlbeteiligung
14111;;;;2002-09-22;KREISE;;08121;;;;;;77645;Anzahl;WAHL01;Wahlberechtigte
14111;;;;2002-09-22;KREISE;;08125;;;;;;82,2;Prozent;WAHLSR;Wahlbeteiligung
14111;;;;2002-09-22;KREISE;;08125;;;;;;226921;Anzahl;WAHL01;Wahlberechtigte
14111;;;;2002-09-22;KREISE;;08126;;;;;;80,3;Prozent;WAHLSR;Wahlbeteiligung
14111;;;;2002-09-22;KREISE;;08126;;;;;;79196;Anzahl;WAHL01;Wahlberechtigte
14111;;;;2002-09-22;KREISE;;08127;;;;;;77,0;Prozent;WAHLSR;Wahlbeteiligung
14111;;;;2002-09-22;KREISE;;08127;;;;;;138993;Anzahl;WAHL01;Wahlberechtigte
14111;;;;2002-09-22;KREISE;;08128;;;;;;81,6;Prozent;WAHLSR;Wahlbeteiligung
14111;;;;2002-09-22;KREISE;;08128;;;;;;104010;Anzahl;WAHL01;Wahlberechtigte
14111;;;;2002-09-22;KREISE;;08135;;;;;;80,9;Prozent;WAHLSR;Wahlbeteiligung
14111;;;;2002-09-22;KREISE;;08135;;;;;;96978;Anzahl;WAHL01;Wahlberechtigte
14111;;;;2002-09-22;KREISE;;08136;;;;;;80,9;Prozent;WAHLSR;Wahlbeteiligung
14111;;;;2002-09-22;KREISE;;08136;;;;;;228049;Anzahl;WAHL01;Wahlberechtigte
14111;;;;2002-09-22;KREISE;;08211;;;;;;79,5;Prozent;WAHLSR;Wahlbeteiligung
14111;;;;2002-09-22;KREISE;;08211;;;;;;39771;Anzahl;WAHL01;Wahlberechtigte
14111;;;;2002-09-22;KREISE;;08212;;;;;;79,1;Prozent;WAHLSR;Wahlbeteiligung
14111;;;;2002-09-22;KREISE;;08212;;;;;;196039;Anzahl;WAHL01;Wahlberechtigte
14111;;;;2002-09-22;KREISE;;08215;;;;;;82,3;Prozent;WAHLSR;Wahlbeteiligung
14111;;;;2002-09-22;KREISE;;08215;;;;;;310145;Anzahl;WAHL01;Wahlberechtigte
14111;;;;2002-09-22;KREISE;;08216;;;;;;79,6;Prozent;WAHLSR;Wahlbeteiligung
14111;;;;2002-09-22;KREISE;;08216;;;;;;164437;Anzahl;WAHL01;Wahlberechtigte
14111;;;;2002-09-22;KREISE;;08221;;;;;;81,8;Prozent;WAHLSR;Wahlbeteiligung
14111;;;;2002-09-22;KREISE;;08221;;;;;;93086;Anzahl;WAHL01;Wahlberechtigte
14111;;;;2002-09-22;KREISE;;08222;;;;;;76,0;Prozent;WAHLSR;Wahlbeteiligung
14111;;;;2002-09-22;KREISE;;08222;;;;;;198538;Anzahl;WAHL01;Wahlberechtigte
14111;;;;2002-09-22;KREISE;;08225;;;;;;80,2;Prozent;WAHLSR;Wahlbeteiligung
14111;;;;2002-09-22;KREISE;;08225;;;;;;109646;Anzahl;WAHL01;Wahlberechtigte
14111;;;;2002-09-22;KREISE;;08226;;;;;;83,5;Prozent;WAHLSR;Wahlbeteiligung
14111;;;;2002-09-22;KREISE;;08226;;;;;;384739;Anzahl;WAHL01;Wahlberechtigte
14111;;;;2002-09-22;KREISE;;08231;;;;;;75,8;Prozent;WAHLSR;Wahlbeteiligung
14111;;;;2002-09-22;KREISE;;08231;;;;;;78919;Anzahl;WAHL01;Wahlberechtigte
14111;;;;2002-09-22;KREISE;;08235;;;;;;80,6;Prozent;WAHLSR;Wahlbeteiligung
14111;;;;2002-09-22;KREISE;;08235;;;;;;108966;Anzahl;WAHL01;Wahlberechtigte
14111;;;;2002-09-22;KREISE;;08236;;;;;;82,9;Prozent;WAHLSR;Wahlbeteiligung
14111;;;;2002-09-22;KREISE;;08236;;;;;;137451;Anzahl;WAHL01;Wahlberechtigte
14111;;;;2002-09-22;KREISE;;08237;;;;;;79,4;Prozent;WAHLSR;Wahlbeteiligung
14111;;;;2002-09-22;KREISE;;08237;;;;;;86632;Anzahl;WAHL01;Wahlberechtigte
14111;;;;2002-09-22;KREISE;;08311;;;;;;80,9;Prozent;WAHLSR;Wahlbeteiligung
14111;;;;2002-09-22;KREISE;;08311;;;;;;139874;Anzahl;WAHL01;Wahlberechtigte
14111;;;;2002-09-22;KREISE;;08315;;;;;;82,6;Prozent;WAHLSR;Wahlbeteiligung
14111;;;;2002-09-22;KREISE;;08315;;;;;;178951;Anzahl;WAHL01;Wahlberechtigte
14111;;;;2002-09-22;KREISE;;08316;;;;;;81,4;Prozent;WAHLSR;Wahlbeteiligung
14111;;;;2002-09-22;KREISE;;08316;;;;;;114634;Anzahl;WAHL01;Wahlberechtigte
14111;;;;2002-09-22;KREISE;;08317;;;;;;78,9;Prozent;WAHLSR;Wahlbeteiligung
14111;;;;2002-09-22;KREISE;;08317;;;;;;303619;Anzahl;WAHL01;Wahlberechtigte
14111;;;;2002-09-22;KREISE;;08325;;;;;;80,0;Prozent;WAHLSR;Wahlbeteiligung
14111;;;;2002-09-22;KREISE;;08325;;;;;;102879;Anzahl;WAHL01;Wahlberechtigte
14111;;;;2002-09-22;KREISE;;08326;;;;;;79,7;Prozent;WAHLSR;Wahlbeteiligung
14111;;;;2002-09-22;KREISE;;08326;;;;;;149776;Anzahl;WAHL01;Wahlberechtigte
14111;;;;2002-09-22;KREISE;;08327;;;;;;80,2;Prozent;WAHLSR;Wahlbeteiligung
14111;;;;2002-09-22;KREISE;;08327;;;;;;93887;Anzahl;WAHL01;Wahlberechtigte
14111;;;;2002-09-22;KREISE;;08335;;;;;;79,7;Prozent;WAHLSR;Wahlbeteiligung
14111;;;;2002-09-22;KREISE;;08335;;;;;;189541;Anzahl;WAHL01;Wahlberechtigte
14111;;;;2002-09-22;KREISE;;08336;;;;;;78,1;Prozent;WAHLSR;Wahlbeteiligung
14111;;;;2002-09-22;KREISE;;08336;;;;;;156531;Anzahl;WAHL01;Wahlberechtigte
14111;;;;2002-09-22;KREISE;;08337;;;;;;78,2;Prozent;WAHLSR;Wahlbeteiligung
14111;;;;2002-09-22;KREISE;;08337;;;;;;116742;Anzahl;WAHL01;Wahlberechtigte
14111;;;;2002-09-22;KREISE;;08415;;;;;;81,8;Prozent;WAHLSR;Wahlbeteiligung
14111;;;;2002-09-22;KREISE;;08415;;;;;;192797;Anzahl;WAHL01;Wahlberechtigte
14111;;;;2002-09-22;KREISE;;08416;;;;;;83,9;Prozent;WAHLSR;Wahlbeteiligung
14111;;;;2002-09-22;KREISE;;08416;;;;;;141903;Anzahl;WAHL01;Wahlberechtigte
14111;;;;2002-09-22;KREISE;;08417;;;;;;79,4;Prozent;WAHLSR;Wahlbeteiligung
14111;;;;2002-09-22;KREISE;;08417;;;;;;139384;Anzahl;WAHL01;Wahlberechtigte
14111;;;;2002-09-22;KREISE;;08421;;;;;;80,9;Prozent;WAHLSR;Wahlbeteiligung
14111;;;;2002-09-22;KREISE;;08421;;;;;;77998;Anzahl;WAHL01;Wahlberechtigte
14111;;;;2002-09-22;KREISE;;08425;;;;;;83,4;Prozent;WAHLSR;Wahlbeteiligung
14111;;;;2002-09-22;KREISE;;08425;;;;;;132764;Anzahl;WAHL01;Wahlberechtigte
14111;;;;2002-09-22;KREISE;;08426;;;;;;81,7;Prozent;WAHLSR;Wahlbeteiligung
14111;;;;2002-09-22;KREISE;;08426;;;;;;134749;Anzahl;WAHL01;Wahlberechtigte
14111;;;;2002-09-22;KREISE;;08435;;;;;;82,1;Prozent;WAHLSR;Wahlbeteiligung
14111;;;;2002-09-22;KREISE;;08435;;;;;;144978;Anzahl;WAHL01;Wahlberechtigte
14111;;;;2002-09-22;KREISE;;08436;;;;;;80,9;Prozent;WAHLSR;Wahlbeteiligung
14111;;;;2002-09-22;KREISE;;08436;;;;;;192808;Anzahl;WAHL01;Wahlberechtigte
14111;;;;2002-09-22;KREISE;;08437;;;;;;80,3;Prozent;WAHLSR;Wahlbeteiligung
14111;;;;2002-09-22;KREISE;;08437;;;;;;94872;Anzahl;WAHL01;Wahlberechtigte
14111;;;;2002-09-22;KREISE;;09161;;;;;;75,1;Prozent;WAHLSR;Wahlbeteiligung
14111;;;;2002-09-22;KREISE;;09161;;;;;;84026;Anzahl;WAHL01;Wahlberechtigte
14111;;;;2002-09-22;KREISE;;09162;;;;;;80,3;Prozent;WAHLSR;Wahlbeteiligung
14111;;;;2002-09-22;KREISE;;09162;;;;;;837846;Anzahl;WAHL01;Wahlberechtigte
14111;;;;2002-09-22;KREISE;;09163;;;;;;75,9;Prozent;WAHLSR;Wahlbeteiligung
14111;;;;2002-09-22;KREISE;;09163;;;;;;41119;Anzahl;WAHL01;Wahlberechtigte
14111;;;;2002-09-22;KREISE;;09171;;;;;;80,7;Prozent;WAHLSR;Wahlbeteiligung
14111;;;;2002-09-22;KREISE;;09171;;;;;;82275;Anzahl;WAHL01;Wahlberechtigte
14111;;;;2002-09-22;KREISE;;09172;;;;;;80,9;Prozent;WAHLSR;Wahlbeteiligung
14111;;;;2002-09-22;KREISE;;09172;;;;;;72637;Anzahl;WAHL01;Wahlberechtigte
14111;;;;2002-09-22;KREISE;;09173;;;;;;84,1;Prozent;WAHLSR;Wahlbeteiligung
14111;;;;2002-09-22;KREISE;;09173;;;;;;86272;Anzahl;WAHL01;Wahlberechtigte
14111;;;;2002-09-22;KREISE;;09174;;;;;;83,7;Prozent;WAHLSR;Wahlbeteiligung
14111;;;;2002-09-22;KREISE;;09174;;;;;;93294;Anzahl;WAHL01;Wahlberechtigte
14111;;;;2002-09-22;KREISE;;09175;;;;;;86,5;Prozent;WAHLSR;Wahlbeteiligung
14111;;;;2002-09-22;KREISE;;09175;;;;;;87477;Anzahl;WAHL01;Wahlberechtigte
14111;;;;2002-09-22;KREISE;;09176;;;;;;85,4;Prozent;WAHLSR;Wahlbeteiligung
14111;;;;2002-09-22;KREISE;;09176;;;;;;88705;Anzahl;WAHL01;Wahlberechtigte
14111;;;;2002-09-22;KREISE;;09177;;;;;;82,8;Prozent;WAHLSR;Wahlbeteiligung
14111;;;;2002-09-22;KREISE;;09177;;;;;;85962;Anzahl;WAHL01;Wahlberechtigte
14111;;;;2002-09-22;KREISE;;09178;;;;;;83,6;Prozent;WAHLSR;Wahlbeteiligung
14111;;;;2002-09-22;KREISE;;09178;;;;;;107844;Anzahl;WAHL01;Wahlberechtigte
14111;;;;2002-09-22;KREISE;;09179;;;;;;85,2;Prozent;WAHLSR;Wahlbeteiligung
14111;;;;2002-09-22;KREISE;;09179;;;;;;145143;Anzahl;WAHL01;Wahlberechtigte
14111;;;;2002-09-22;KREISE;;09180;;;;;;82,8;Prozent;WAHLSR;Wahlbeteiligung
14111;;;;2002-09-22;KREISE;;09180;;;;;;64638;Anzahl;WAHL01;Wahlberechtigte
14111;;;;2002-09-22;KREISE;;09181;;;;;;84,0;Prozent;WAHLSR;Wahlbeteiligung
14111;;;;2002-09-22;KREISE;;09181;;;;;;78963;Anzahl;WAHL01;Wahlberechtigte
14111;;;;2002-09-22;KREISE;;09182;;;;;;84,1;Prozent;WAHLSR;Wahlbeteiligung
14111;;;;2002-09-22;KREISE;;09182;;;;;;68787;Anzahl;WAHL01;Wahlberechtigte
14111;;;;2002-09-22;KREISE;;09183;;;;;;80,0;Prozent;WAHLSR;Wahlbeteiligung
14111;;;;2002-09-22;KREISE;;09183;;;;;;82140;Anzahl;WAHL01;Wahlberechtigte
14111;;;;2002-09-22;KREISE;;09184;;;;;;86,2;Prozent;WAHLSR;Wahlbeteiligung
14111;;;;2002-09-22;KREISE;;09184;;;;;;216615;Anzahl;WAHL01;Wahlberechtigte
14111;;;;2002-09-22;KREISE;;09185;;;;;;81,0;Prozent;WAHLSR;Wahlbeteiligung
14111;;;;2002-09-22;KREISE;;09185;;;;;;67390;Anzahl;WAHL01;Wahlberechtigte
14111;;;;2002-09-22;KREISE;;09186;;;;;;82,2;Prozent;WAHLSR;Wahlbeteiligung
14111;;;;2002-09-22;KREISE;;09186;;;;;;83703;Anzahl;WAHL01;Wahlberechtigte
14111;;;;2002-09-22;KREISE;;09187;;;;;;83,1;Prozent;WAHLSR;Wahlbeteiligung
14111;;;;2002-09-22;KREISE;;09187;;;;;;175450;Anzahl;WAHL01;Wahlberechtigte
14111;;;;2002-09-22;KREISE;;09188;;;;;;87,2;Prozent;WAHLSR;Wahlbeteiligung
14111;;;;2002-09-22;KREISE;;09188;;;;;;92843;Anzahl;WAHL01;Wahlberechtigte
14111;;;;2002-09-22;KREISE;;09189;;;;;;82,3;Prozent;WAHLSR;Wahlbeteiligung
14111;;;;2002-09-22;KREISE;;09189;;;;;;127332;Anzahl;WAHL01;Wahlberechtigte
14111;;;;2002-09-22;KREISE;;09190;;;;;;83,9;Prozent;WAHLSR;Wahlbeteiligung
14111;;;;2002-09-22;KREISE;;09190;;;;;;94878;Anzahl;WAHL01;Wahlberechtigte
14111;;;;2002-09-22;KREISE;;09261;;;;;;77,7;Prozent;WAHLSR;Wahlbeteiligung
14111;;;;2002-09-22;KREISE;;09261;;;;;;45352;Anzahl;WAHL01;Wahlberechtigte
14111;;;;2002-09-22;KREISE;;09262;;;;;;75,5;Prozent;WAHLSR;Wahlbeteiligung
14111;;;;2002-09-22;KREISE;;09262;;;;;;38784;Anzahl;WAHL01;Wahlberechtigte
14111;;;;2002-09-22;KREISE;;09263;;;;;;73,4;Prozent;WAHLSR;Wahlbeteiligung
14111;;;;2002-09-22;KREISE;;09263;;;;;;33715;Anzahl;WAHL01;Wahlberechtigte
14111;;;;2002-09-22;KREISE;;09271;;;;;;77,5;Prozent;WAHLSR;Wahlbeteiligung
14111;;;;2002-09-22;KREISE;;09271;;;;;;88723;Anzahl;WAHL01;Wahlberechtigte
14111;;;;2002-09-22;KREISE;;09272;;;;;;76,5;Prozent;WAHLSR;Wahlbeteiligung
14111;;;;2002-09-22;KREISE;;09272;;;;;;63947;Anzahl;WAHL01;Wahlberechtigte
14111;;;;2002-09-22;KREISE;;09273;;;;;;80,6;Prozent;WAHLSR;Wahlbeteiligung
14111;;;;2002-09-22;KREISE;;09273;;;;;;82658;Anzahl;WAHL01;Wahlberechtigte
14111;;;;2002-09-22;KREISE;;09274;;;;;;83,2;Prozent;WAHLSR;Wahlbeteiligung
14111;;;;2002-09-22;KREISE;;09274;;;;;;108670;Anzahl;WAHL01;Wahlberechtigte
14111;;;;2002-09-22;KREISE;;09275;;;;;;78,1;Prozent;WAHLSR;Wahlbeteiligung
14111;;;;2002-09-22;KREISE;;09275;;;;;;144161;Anzahl;WAHL01;Wahlberechtigte
14111;;;;2002-09-22;KREISE;;09276;;;;;;77,0;Prozent;WAHLSR;Wahlbeteiligung
14111;;;;2002-09-22;KREISE;;09276;;;;;;63888;Anzahl;WAHL01;Wahlberechtigte
14111;;;;2002-09-22;KREISE;;09277;;;;;;79,1;Prozent;WAHLSR;Wahlbeteiligung
14111;;;;2002-09-22;KREISE;;09277;;;;;;90299;Anzahl;WAHL01;Wahlberechtigte
14111;;;;2002-09-22;KREISE;;09278;;;;;;83,4;Prozent;WAHLSR;Wahlbeteiligung
14111;;;;2002-09-22;KREISE;;09278;;;;;;72812;Anzahl;WAHL01;Wahlberechtigte
14111;;;;2002-09-22;KREISE;;09279;;;;;;79,5;Prozent;WAHLSR;Wahlbeteiligung
14111;;;;2002-09-22;KREISE;;09279;;;;;;68976;Anzahl;WAHL01;Wahlberechtigte
14111;;;;2002-09-22;KREISE;;09361;;;;;;76,1;Prozent;WAHLSR;Wahlbeteiligung
14111;;;;2002-09-22;KREISE;;09361;;;;;;33700;Anzahl;WAHL01;Wahlberechtigte
14111;;;;2002-09-22;KREISE;;09362;;;;;;77,5;Prozent;WAHLSR;Wahlbeteiligung
14111;;;;2002-09-22;KREISE;;09362;;;;;;95646;Anzahl;WAHL01;Wahlberechtigte
14111;;;;2002-09-22;KREISE;;09363;;;;;;77,7;Prozent;WAHLSR;Wahlbeteiligung
14111;;;;2002-09-22;KREISE;;09363;;;;;;33613;Anzahl;WAHL01;Wahlberechtigte
14111;;;;2002-09-22;KREISE;;09371;;;;;;82,6;Prozent;WAHLSR;Wahlbeteiligung
14111;;;;2002-09-22;KREISE;;09371;;;;;;82012;Anzahl;WAHL01;Wahlberechtigte
14111;;;;2002-09-22;KREISE;;09372;;;;;;79,7;Prozent;WAHLSR;Wahlbeteiligung
14111;;;;2002-09-22;KREISE;;09372;;;;;;101149;Anzahl;WAHL01;Wahlberechtigte
14111;;;;2002-09-22;KREISE;;09373;;;;;;84,6;Prozent;WAHLSR;Wahlbeteiligung
14111;;;;2002-09-22;KREISE;;09373;;;;;;94653;Anzahl;WAHL01;Wahlberechtigte
14111;;;;2002-09-22;KREISE;;09374;;;;;;84,7;Prozent;WAHLSR;Wahlbeteiligung
14111;;;;2002-09-22;KREISE;;09374;;;;;;76971;Anzahl;WAHL01;Wahlberechtigte
14111;;;;2002-09-22;KREISE;;09375;;;;;;83,3;Prozent;WAHLSR;Wahlbeteiligung
14111;;;;2002-09-22;KREISE;;09375;;;;;;135937;Anzahl;WAHL01;Wahlberechtigte
14111;;;;2002-09-22;KREISE;;09376;;;;;;80,7;Prozent;WAHLSR;Wahlbeteiligung
14111;;;;2002-09-22;KREISE;;09376;;;;;;113005;Anzahl;WAHL01;Wahlberechtigte
14111;;;;2002-09-22;KREISE;;09377;;;;;;83,1;Prozent;WAHLSR;Wahlbeteiligung
14111;;;;2002-09-22;KREISE;;09377;;;;;;62413;Anzahl;WAHL01;Wahlberechtigte
14111;;;;2002-09-22;KREISE;;09461;;;;;;76,0;Prozent;WAHLSR;Wahlbeteiligung
14111;;;;2002-09-22;KREISE;;09461;;;;;;52718;Anzahl;WAHL01;Wahlberechtigte
14111;;;;2002-09-22;KREISE;;09462;;;;;;76,8;Prozent;WAHLSR;Wahlbeteiligung
14111;;;;2002-09-22;KREISE;;09462;;;;;;57376;Anzahl;WAHL01;Wahlberechtigte
14111;;;;2002-09-22;KREISE;;09463;;;;;;77,6;Prozent;WAHLSR;Wahlbeteiligung
14111;;;;2002-09-22;KREISE;;09463;;;;;;33001;Anzahl;WAHL01;Wahlberechtigte
14111;;;;2002-09-22;KREISE;;09464;;;;;;75,4;Prozent;WAHLSR;Wahlbeteiligung
14111;;;;2002-09-22;KREISE;;09464;;;;;;37562;Anzahl;WAHL01;Wahlberechtigte
14111;;;;2002-09-22;KREISE;;09471;;;;;;83,4;Prozent;WAHLSR;Wahlbeteiligung
14111;;;;2002-09-22;KREISE;;09471;;;;;;109226;Anzahl;WAHL01;Wahlberechtigte
14111;;;;2002-09-22;KREISE;;09472;;;;;;83,6;Prozent;WAHLSR;Wahlbeteiligung
14111;;;;2002-09-22;KREISE;;09472;;;;;;85490;Anzahl;WAHL01;Wahlberechtigte
14111;;;;2002-09-22;KREISE;;09473;;;;;;82,8;Prozent;WAHLSR;Wahlbeteiligung
14111;;;;2002-09-22;KREISE;;09473;;;;;;71292;Anzahl;WAHL01;Wahlberechtigte
14111;;;;2002-09-22;KREISE;;09474;;;;;;84,0;Prozent;WAHLSR;Wahlbeteiligung
14111;;;;2002-09-22;KREISE;;09474;;;;;;85328;Anzahl;WAHL01;Wahlberechtigte
14111;;;;2002-09-22;KREISE;;09475;;;;;;82,0;Prozent;WAHLSR;Wahlbeteiligung
14111;;;;2002-09-22;KREISE;;09475;;;;;;85591;Anzahl;WAHL01;Wahlberechtigte
14111;;;;2002-09-22;KREISE;;09476;;;;;;82,5;Prozent;WAHLSR;Wahlbeteiligung
14111;;;;2002-09-22;KREISE;;09476;;;;;;60304;Anzahl;WAHL01;Wahlberechtigte
14111;;;;2002-09-22;KREISE;;09477;;;;;;81,5;Prozent;WAHLSR;Wahlbeteiligung
14111;;;;2002-09-22;KREISE;;09477;;;;;;62595;Anzahl;WAHL01;Wahlberechtigte
14111;;;;2002-09-22;KREISE;;09478;;;;;;82,1;Prozent;WAHLSR;Wahlbeteiligung
14111;;;;2002-09-22;KREISE;;09478;;;;;;55263;Anzahl;WAHL01;Wahlberechtigte
14111;;;;2002-09-22;KREISE;;09479;;;;;;79,5;Prozent;WAHLSR;Wahlbeteiligung
14111;;;;2002-09-22;KREISE;;09479;;;;;;67206;Anzahl;WAHL01;Wahlberechtigte
14111;;;;2002-09-22;KREISE;;09561;;;;;;75,2;Prozent;WAHLSR;Wahlbeteiligung
14111;;;;2002-09-22;KREISE;;09561;;;;;;30524;Anzahl;WAHL01;Wahlberechtigte
14111;;;;2002-09-22;KREISE;;09562;;;;;;81,7;Prozent;WAHLSR;Wahlbeteiligung
14111;;;;2002-09-22;KREISE;;09562;;;;;;72933;Anzahl;WAHL01;Wahlberechtigte
14111;;;;2002-09-22;KREISE;;09563;;;;;;76,3;Prozent;WAHLSR;Wahlbeteiligung
14111;;;;2002-09-22;KREISE;;09563;;;;;;79344;Anzahl;WAHL01;Wahlberechtigte
14111;;;;2002-09-22;KREISE;;09564;;;;;;78,2;Prozent;WAHLSR;Wahlbeteiligung
14111;;;;2002-09-22;KREISE;;09564;;;;;;337203;Anzahl;WAHL01;Wahlberechtigte
14111;;;;2002-09-22;KREISE;;09565;;;;;;79,9;Prozent;WAHLSR;Wahlbeteiligung
14111;;;;2002-09-22;KREISE;;09565;;;;;;28497;Anzahl;WAHL01;Wahlberechtigte
14111;;;;2002-09-22;KREISE;;09571;;;;;;81,1;Prozent;WAHLSR;Wahlbeteiligung
14111;;;;2002-09-22;KREISE;;09571;;;;;;137021;Anzahl;WAHL01;Wahlberechtigte
14111;;;;2002-09-22;KREISE;;09572;;;;;;85,4;Prozent;WAHLSR;Wahlbeteiligung
14111;;;;2002-09-22;KREISE;;09572;;;;;;97163;Anzahl;WAHL01;Wahlberechtigte
14111;;;;2002-09-22;KREISE;;09573;;;;;;85,1;Prozent;WAHLSR;Wahlbeteiligung
14111;;;;2002-09-22;KREISE;;09573;;;;;;86360;Anzahl;WAHL01;Wahlberechtigte
14111;;;;2002-09-22;KREISE;;09574;;;;;;84,3;Prozent;WAHLSR;Wahlbeteiligung
14111;;;;2002-09-22;KREISE;;09574;;;;;;126871;Anzahl;WAHL01;Wahlberechtigte
14111;;;;2002-09-22;KREISE;;09575;;;;;;81,1;Prozent;WAHLSR;Wahlbeteiligung
14111;;;;2002-09-22;KREISE;;09575;;;;;;75916;Anzahl;WAHL01;Wahlberechtigte
14111;;;;2002-09-22;KREISE;;09576;;;;;;85,0;Prozent;WAHLSR;Wahlbeteiligung
14111;;;;2002-09-22;KREISE;;09576;;;;;;94020;Anzahl;WAHL01;Wahlberechtigte
14111;;;;2002-09-22;KREISE;;09577;;;;;;80,6;Prozent;WAHLSR;Wahlbeteiligung
14111;;;;2002-09-22;KREISE;;09577;;;;;;72315;Anzahl;WAHL01;Wahlberechtigte
14111;;;;2002-09-22;KREISE;;09661;;;;;;76,2;Prozent;WAHLSR;Wahlbeteiligung
14111;;;;2002-09-22;KREISE;;09661;;;;;;49319;Anzahl;WAHL01;Wahlberechtigte
14111;;;;2002-09-22;KREISE;;09662;;;;;;75,6;Prozent;WAHLSR;Wahlbeteiligung
14111;;;;2002-09-22;KREISE;;09662;;;;;;39998;Anzahl;WAHL01;Wahlberechtigte
14111;;;;2002-09-22;KREISE;;09663;;;;;;79,0;Prozent;WAHLSR;Wahlbeteiligung
14111;;;;2002-09-22;KREISE;;09663;;;;;;97154;Anzahl;WAHL01;Wahlberechtigte
14111;;;;2002-09-22;KREISE;;09671;;;;;;83,7;Prozent;WAHLSR;Wahlbeteiligung
14111;;;;2002-09-22;KREISE;;09671;;;;;;130464;Anzahl;WAHL01;Wahlberechtigte
14111;;;;2002-09-22;KREISE;;09672;;;;;;82,4;Prozent;WAHLSR;Wahlbeteiligung
14111;;;;2002-09-22;KREISE;;09672;;;;;;85661;Anzahl;WAHL01;Wahlberechtigte
14111;;;;2002-09-22;KREISE;;09673;;;;;;82,6;Prozent;WAHLSR;Wahlbeteiligung
14111;;;;2002-09-22;KREISE;;09673;;;;;;65485;Anzahl;WAHL01;Wahlberechtigte
14111;;;;2002-09-22;KREISE;;09674;;;;;;83,1;Prozent;WAHLSR;Wahlbeteiligung
14111;;;;2002-09-22;KREISE;;09674;;;;;;68287;Anzahl;WAHL01;Wahlberechtigte
14111;;;;2002-09-22;KREISE;;09675;;;;;;81,8;Prozent;WAHLSR;Wahlbeteiligung
14111;;;;2002-09-22;KREISE;;09675;;;;;;67090;Anzahl;WAHL01;Wahlberechtigte
14111;;;;2002-09-22;KREISE;;09676;;;;;;83,0;Prozent;WAHLSR;Wahlbeteiligung
14111;;;;2002-09-22;KREISE;;09676;;;;;;94829;Anzahl;WAHL01;Wahlberechtigte
14111;;;;2002-09-22;KREISE;;09677;;;;;;83,5;Prozent;WAHLSR;Wahlbeteiligung
14111;;;;2002-09-22;KREISE;;09677;;;;;;101358;Anzahl;WAHL01;Wahlberechtigte
14111;;;;2002-09-22;KREISE;;09678;;;;;;84,7;Prozent;WAHLSR;Wahlbeteiligung
14111;;;;2002-09-22;KREISE;;09678;;;;;;89870;Anzahl;WAHL01;Wahlberechtigte
14111;;;;2002-09-22;KREISE;;09679;;;;;;86,2;Prozent;WAHLSR;Wahlbeteiligung
14111;;;;2002-09-22;KREISE;;09679;;;;;;121731;Anzahl;WAHL01;Wahlberechtigte
14111;;;;2002-09-22;KREISE;;09761;;;;;;77,2;Prozent;WAHLSR;Wahlbeteiligung
14111;;;;2002-09-22;KREISE;;09761;;;;;;177976;Anzahl;WAHL01;Wahlberechtigte
14111;;;;2002-09-22;KREISE;;09762;;;;;;76,3;Prozent;WAHLSR;Wahlbeteiligung
14111;;;;2002-09-22;KREISE;;09762;;;;;;31757;Anzahl;WAHL01;Wahlberechtigte
14111;;;;2002-09-22;KREISE;;09763;;;;;;75,9;Prozent;WAHLSR;Wahlbeteiligung
14111;;;;2002-09-22;KREISE;;09763;;;;;;46011;Anzahl;WAHL01;Wahlberechtigte
14111;;;;2002-09-22;KREISE;;09764;;;;;;77,9;Prozent;WAHLSR;Wahlbeteiligung
14111;;;;2002-09-22;KREISE;;09764;;;;;;29525;Anzahl;WAHL01;Wahlberechtigte
14111;;;;2002-09-22;KREISE;;09771;;;;;;84,1;Prozent;WAHLSR;Wahlbeteiligung
14111;;;;2002-09-22;KREISE;;09771;;;;;;92483;Anzahl;WAHL01;Wahlberechtigte
14111;;;;2002-09-22;KREISE;;09772;;;;;;82,7;Prozent;WAHLSR;Wahlbeteiligung
14111;;;;2002-09-22;KREISE;;09772;;;;;;175961;Anzahl;WAHL01;Wahlberechtigte
14111;;;;2002-09-22;KREISE;;09773;;;;;;79,7;Prozent;WAHLSR;Wahlbeteiligung
14111;;;;2002-09-22;KREISE;;09773;;;;;;70327;Anzahl;WAHL01;Wahlberechtigte
14111;;;;2002-09-22;KREISE;;09774;;;;;;79,0;Prozent;WAHLSR;Wahlbeteiligung
14111;;;;2002-09-22;KREISE;;09774;;;;;;88042;Anzahl;WAHL01;Wahlberechtigte
14111;;;;2002-09-22;KREISE;;09775;;;;;;80,2;Prozent;WAHLSR;Wahlbeteiligung
14111;;;;2002-09-22;KREISE;;09775;;;;;;116618;Anzahl;WAHL01;Wahlberechtigte
14111;;;;2002-09-22;KREISE;;09776;;;;;;80,9;Prozent;WAHLSR;Wahlbeteiligung
14111;;;;2002-09-22;KREISE;;09776;;;;;;55854;Anzahl;WAHL01;Wahlberechtigte
14111;;;;2002-09-22;KREISE;;09777;;;;;;82,5;Prozent;WAHLSR;Wahlbeteiligung
14111;;;;2002-09-22;KREISE;;09777;;;;;;98488;Anzahl;WAHL01;Wahlberechtigte
14111;;;;2002-09-22;KREISE;;09778;;;;;;81,9;Prozent;WAHLSR;Wahlbeteiligung
14111;;;;2002-09-22;KREISE;;09778;;;;;;101106;Anzahl;WAHL01;Wahlberechtigte
14111;;;;2002-09-22;KREISE;;09779;;;;;;82,9;Prozent;WAHLSR;Wahlbeteiligung
14111;;;;2002-09-22;KREISE;;09779;;;;;;97496;Anzahl;WAHL01;Wahlberechtigte
14111;;;;2002-09-22;KREISE;;09780;;;;;;83,1;Prozent;WAHLSR;Wahlbeteiligung
14111;;;;2002-09-22;KREISE;;09780;;;;;;111061;Anzahl;WAHL01;Wahlberechtigte
14111;;;;2002-09-22;KREISE;;10041;;;;;;77,6;Prozent;WAHLSR;Wahlbeteiligung
14111;;;;2002-09-22;KREISE;;10041;;;;;;263391;Anzahl;WAHL01;Wahlberechtigte
14111;;;;2002-09-22;KREISE;;10041100;;;;;;-;Prozent;WAHLSR;Wahlbeteiligung
14111;;;;2002-09-22;KREISE;;10041100;;;;;;-;Anzahl;WAHL01;Wahlberechtigte
14111;;;;2002-09-22;KREISE;;10042;;;;;;81,4;Prozent;WAHLSR;Wahlbeteiligung
14111;;;;2002-09-22;KREISE;;10042;;;;;;82950;Anzahl;WAHL01;Wahlberechtigte
14111;;;;2002-09-22;KREISE;;10043;;;;;;79,8;Prozent;WAHLSR;Wahlbeteiligung
14111;;;;2002-09-22;KREISE;;10043;;;;;;115023;Anzahl;WAHL01;Wahlberechtigte
14111;;;;2002-09-22;KREISE;;10044;;;;;;80,5;Prozent;WAHLSR;Wahlbeteiligung
14111;;;;2002-09-22;KREISE;;10044;;;;;;162218;Anzahl;WAHL01;Wahlberechtigte
14111;;;;2002-09-22;KREISE;;10045;;;;;;81,6;Prozent;WAHLSR;Wahlbeteiligung
14111;;;;2002-09-22;KREISE;;10045;;;;;;121211;Anzahl;WAHL01;Wahlberechtigte
14111;;;;2002-09-22;KREISE;;10046;;;;;;83,5;Prozent;WAHLSR;Wahlbeteiligung
14111;;;;2002-09-22;KREISE;;10046;;;;;;76425;Anzahl;WAHL01;Wahlberechtigte
14111;;;;2002-09-22;KREISE;;11000;;;;;;77,6;Prozent;WAHLSR;Wahlbeteiligung
14111;;;;2002-09-22;KREISE;;11000;;;;;;2442795;Anzahl;WAHL01;Wahlberechtigte
14111;;;;2002-09-22;KREISE;;11001001;;;;;;-;Prozent;WAHLSR;Wahlbeteiligung
14111;;;;2002-09-22;KREISE;;11001001;;;;;;-;Anzahl;WAHL01;Wahlberechtigte
14111;;;;2002-09-22;KREISE;;11002002;;;;;;-;Prozent;WAHLSR;Wahlbeteiligung
14111;;;;2002-09-22;KREISE;;11002002;;;;;;-;Anzahl;WAHL01;Wahlberechtigte
14111;;;;2002-09-22;KREISE;;11003003;;;;;;-;Prozent;WAHLSR;Wahlbeteiligung
14111;;;;2002-09-22;KREISE;;11003003;;;;;;-;Anzahl;WAHL01;Wahlberechtigte
14111;;;;2002-09-22;KREISE;;11004004;;;;;;-;Prozent;WAHLSR;Wahlbeteiligung
14111;;;;2002-09-22;KREISE;;11004004;;;;;;-;Anzahl;WAHL01;Wahlberechtigte
14111;;;;2002-09-22;KREISE;;11005005;;;;;;-;Prozent;WAHLSR;Wahlbeteiligung
14111;;;;2002-09-22;KREISE;;11005005;;;;;;-;Anzahl;WAHL01;Wahlberechtigte
14111;;;;2002-09-22;KREISE;;11006006;;;;;;-;Prozent;WAHLSR;Wahlbeteiligung
14111;;;;2002-09-22;KREISE;;11006006;;;;;;-;Anzahl;WAHL01;Wahlberechtigte
14111;;;;2002-09-22;KREISE;;11007007;;;;;;-;Prozent;WAHLSR;Wahlbeteiligung
14111;;;;2002-09-22;KREISE;;11007007;;;;;;-;Anzahl;WAHL01;Wahlberechtigte
14111;;;;2002-09-22;KREISE;;11008008;;;;;;-;Prozent;WAHLSR;Wahlbeteiligung
14111;;;;2002-09-22;KREISE;;11008008;;;;;;-;Anzahl;WAHL01;Wahlberechtigte
14111;;;;2002-09-22;KREISE;;11009009;;;;;;-;Prozent;WAHLSR;Wahlbeteiligung
14111;;;;2002-09-22;KREISE;;11009009;;;;;;-;Anzahl;WAHL01;Wahlberechtigte
14111;;;;2002-09-22;KREISE;;11010010;;;;;;-;Prozent;WAHLSR;Wahlbeteiligung
14111;;;;2002-09-22;KREISE;;11010010;;;;;;-;Anzahl;WAHL01;Wahlberechtigte
14111;;;;2002-09-22;KREISE;;11011011;;;;;;-;Prozent;WAHLSR;Wahlbeteiligung
14111;;;;2002-09-22;KREISE;;11011011;;;;;;-;Anzahl;WAHL01;Wahlberechtigte
14111;;;;2002-09-22;KREISE;;11012012;;;;;;-;Prozent;WAHLSR;Wahlbeteiligung
14111;;;;2002-09-22;KREISE;;11012012;;;;;;-;Anzahl;WAHL01;Wahlberechtigte
14111;;;;2002-09-22;KREISE;;12051;;;;;;66,1;Prozent;WAHLSR;Wahlbeteiligung
14111;;;;2002-09-22;KREISE;;12051;;;;;;64245;Anzahl;WAHL01;Wahlberechtigte
14111;;;;2002-09-22;KREISE;;12052;;;;;;71,4;Prozent;WAHLSR;Wahlbeteiligung
14111;;;;2002-09-22;KREISE;;12052;;;;;;89367;Anzahl;WAHL01;Wahlberechtigte
14111;;;;2002-09-22;KREISE;;12053;;;;;;70,6;Prozent;WAHLSR;Wahlbeteiligung
14111;;;;2002-09-22;KREISE;;12053;;;;;;55138;Anzahl;WAHL01;Wahlberechtigte
14111;;;;2002-09-22;KREISE;;12054;;;;;;76,7;Prozent;WAHLSR;Wahlbeteiligung
14111;;;;2002-09-22;KREISE;;12054;;;;;;114501;Anzahl;WAHL01;Wahlberechtigte
14111;;;;2002-09-22;KREISE;;12060;;;;;;73,4;Prozent;WAHLSR;Wahlbeteiligung
14111;;;;2002-09-22;KREISE;;12060;;;;;;140667;Anzahl;WAHL01;Wahlberechtigte
14111;;;;2002-09-22;KREISE;;12061;;;;;;77,0;Prozent;WAHLSR;Wahlbeteiligung
14111;;;;2002-09-22;KREISE;;12061;;;;;;130429;Anzahl;WAHL01;Wahlberechtigte
14111;;;;2002-09-22;KREISE;;12062;;;;;;74,6;Prozent;WAHLSR;Wahlbeteiligung
14111;;;;2002-09-22;KREISE;;12062;;;;;;105676;Anzahl;WAHL01;Wahlberechtigte
14111;;;;2002-09-22;KREISE;;12063;;;;;;73,7;Prozent;WAHLSR;Wahlbeteiligung
14111;;;;2002-09-22;KREISE;;12063;;;;;;121579;Anzahl;WAHL01;Wahlberechtigte
14111;;;;2002-09-22;KREISE;;12064;;;;;;73,1;Prozent;WAHLSR;Wahlbeteiligung
14111;;;;2002-09-22;KREISE;;12064;;;;;;154289;Anzahl;WAHL01;Wahlberechtigte
14111;;;;2002-09-22;KREISE;;12065;;;;;;74,8;Prozent;WAHLSR;Wahlbeteiligung
14111;;;;2002-09-22;KREISE;;12065;;;;;;158832;Anzahl;WAHL01;Wahlberechtigte
14111;;;;2002-09-22;KREISE;;12066;;;;;;72,1;Prozent;WAHLSR;Wahlbeteiligung
14111;;;;2002-09-22;KREISE;;12066;;;;;;115241;Anzahl;WAHL01;Wahlberechtigte
14111;;;;2002-09-22;KREISE;;12067;;;;;;73,5;Prozent;WAHLSR;Wahlbeteiligung
14111;;;;2002-09-22;KREISE;;12067;;;;;;158062;Anzahl;WAHL01;Wahlberechtigte
14111;;;;2002-09-22;KREISE;;12068;;;;;;70,9;Prozent;WAHLSR;Wahlbeteiligung
14111;;;;2002-09-22;KREISE;;12068;;;;;;90459;Anzahl;WAHL01;Wahlberechtigte
14111;;;;2002-09-22;KREISE;;12069;;;;;;78,0;Prozent;WAHLSR;Wahlbeteiligung
14111;;;;2002-09-22;KREISE;;12069;;;;;;159647;Anzahl;WAHL01;Wahlberechtigte
14111;;;;2002-09-22;KREISE;;12070;;;;;;72,9;Prozent;WAHLSR;Wahlbeteiligung
14111;;;;2002-09-22;KREISE;;12070;;;;;;76663;Anzahl;WAHL01;Wahlberechtigte
14111;;;;2002-09-22;KREISE;;12071;;;;;;73,7;Prozent;WAHLSR;Wahlbeteiligung
14111;;;;2002-09-22;KREISE;;12071;;;;;;117928;Anzahl;WAHL01;Wahlberechtigte
14111;;;;2002-09-22;KREISE;;12072;;;;;;74,4;Prozent;WAHLSR;Wahlbeteiligung
14111;;;;2002-09-22;KREISE;;12072;;;;;;130109;Anzahl;WAHL01;Wahlberechtigte
14111;;;;2002-09-22;KREISE;;12073;;;;;;71,1;Prozent;WAHLSR;Wahlbeteiligung
14111;;;;2002-09-22;KREISE;;12073;;;;;;118193;Anzahl;WAHL01;Wahlberechtigte
14111;;;;2002-09-22;KREISE;;13001;;;;;;69,5;Prozent;WAHLSR;Wahlbeteiligung
14111;;;;2002-09-22;KREISE;;13001;;;;;;42939;Anzahl;WAHL01;Wahlberechtigte
14111;;;;2002-09-22;KREISE;;13002;;;;;;72,3;Prozent;WAHLSR;Wahlbeteiligung
14111;;;;2002-09-22;KREISE;;13002;;;;;;57897;Anzahl;WAHL01;Wahlberechtigte
14111;;;;2002-09-22;KREISE;;13003;;;;;;71,4;Prozent;WAHLSR;Wahlbeteiligung
14111;;;;2002-09-22;KREISE;;13003;;;;;;161960;Anzahl;WAHL01;Wahlberechtigte
14111;;;;2002-09-22;KREISE;;13004;;;;;;72,8;Prozent;WAHLSR;Wahlbeteiligung
14111;;;;2002-09-22;KREISE;;13004;;;;;;79643;Anzahl;WAHL01;Wahlberechtigte
14111;;;;2002-09-22;KREISE;;13005;;;;;;69,3;Prozent;WAHLSR;Wahlbeteiligung
14111;;;;2002-09-22;KREISE;;13005;;;;;;49014;Anzahl;WAHL01;Wahlberechtigte
14111;;;;2002-09-22;KREISE;;13006;;;;;;71,2;Prozent;WAHLSR;Wahlbeteiligung
14111;;;;2002-09-22;KREISE;;13006;;;;;;36924;Anzahl;WAHL01;Wahlberechtigte
14111;;;;2002-09-22;KREISE;;13051;;;;;;74,0;Prozent;WAHLSR;Wahlbeteiligung
14111;;;;2002-09-22;KREISE;;13051;;;;;;95089;Anzahl;WAHL01;Wahlberechtigte
14111;;;;2002-09-22;KREISE;;13052;;;;;;68,6;Prozent;WAHLSR;Wahlbeteiligung
14111;;;;2002-09-22;KREISE;;13052;;;;;;73883;Anzahl;WAHL01;Wahlberechtigte
14111;;;;2002-09-22;KREISE;;13053;;;;;;69,5;Prozent;WAHLSR;Wahlbeteiligung
14111;;;;2002-09-22;KREISE;;13053;;;;;;88861;Anzahl;WAHL01;Wahlberechtigte
14111;;;;2002-09-22;KREISE;;13054;;;;;;72,4;Prozent;WAHLSR;Wahlbeteiligung
14111;;;;2002-09-22;KREISE;;13054;;;;;;104799;Anzahl;WAHL01;Wahlberechtigte
14111;;;;2002-09-22;KREISE;;13055;;;;;;71,4;Prozent;WAHLSR;Wahlbeteiligung
14111;;;;2002-09-22;KREISE;;13055;;;;;;70228;Anzahl;WAHL01;Wahlberechtigte
14111;;;;2002-09-22;KREISE;;13056;;;;;;71,5;Prozent;WAHLSR;Wahlbeteiligung
14111;;;;2002-09-22;KREISE;;13056;;;;;;56216;Anzahl;WAHL01;Wahlberechtigte
14111;;;;2002-09-22;KREISE;;13057;;;;;;69,1;Prozent;WAHLSR;Wahlbeteiligung
14111;;;;2002-09-22;KREISE;;13057;;;;;;94682;Anzahl;WAHL01;Wahlberechtigte
14111;;;;2002-09-22;KREISE;;13058;;;;;;69,7;Prozent;WAHLSR;Wahlbeteiligung
14111;;;;2002-09-22;KREISE;;13058;;;;;;95495;Anzahl;WAHL01;Wahlberechtigte
14111;;;;2002-09-22;KREISE;;13059;;;;;;68,2;Prozent;WAHLSR;Wahlbeteiligung
14111;;;;2002-09-22;KREISE;;13059;;;;;;91874;Anzahl;WAHL01;Wahlberechtigte
14111;;;;2002-09-22;KREISE;;13060;;;;;;71,9;Prozent;WAHLSR;Wahlbeteiligung
14111;;;;2002-09-22;KREISE;;13060;;;;;;86058;Anzahl;WAHL01;Wahlberechtigte
14111;;;;2002-09-22;KREISE;;13061;;;;;;64,9;Prozent;WAHLSR;Wahlbeteiligung
14111;;;;2002-09-22;KREISE;;13061;;;;;;59961;Anzahl;WAHL01;Wahlberechtigte
14111;;;;2002-09-22;KREISE;;13062;;;;;;70,0;Prozent;WAHLSR;Wahlbeteiligung
14111;;;;2002-09-22;KREISE;;13062;;;;;;66496;Anzahl;WAHL01;Wahlberechtigte
14111;;;;2002-09-22;KREISE;;13071;;;;;;-;Prozent;WAHLSR;Wahlbeteiligung
14111;;;;2002-09-22;KREISE;;13071;;;;;;-;Anzahl;WAHL01;Wahlberechtigte
14111;;;;2002-09-22;KREISE;;13072;;;;;;-;Prozent;WAHLSR;Wahlbeteiligung
14111;;;;2002-09-22;KREISE;;13072;;;;;;-;Anzahl;WAHL01;Wahlberechtigte
14111;;;;2002-09-22;KREISE;;13073;;;;;;-;Prozent;WAHLSR;Wahlbeteiligung
14111;;;;2002-09-22;KREISE;;13073;;;;;;-;Anzahl;WAHL01;Wahlberechtigte
14111;;;;2002-09-22;KREISE;;13074;;;;;;-;Prozent;WAHLSR;Wahlbeteiligung
14111;;;;2002-09-22;KREISE;;13074;;;;;;-;Anzahl;WAHL01;Wahlberechtigte
14111;;;;2002-09-22;KREISE;;13075;;;;;;-;Prozent;WAHLSR;Wahlbeteiligung
14111;;;;2002-09-22;KREISE;;13075;;;;;;-;Anzahl;WAHL01;Wahlberechtigte
14111;;;;2002-09-22;KREISE;;13076;;;;;;-;Prozent;WAHLSR;Wahlbeteiligung
14111;;;;2002-09-22;KREISE;;13076;;;;;;-;Anzahl;WAHL01;Wahlberechtigte
14111;;;;2002-09-22;KREISE;;14161;;;;;;74,5;Prozent;WAHLSR;Wahlbeteiligung
14111;;;;2002-09-22;KREISE;;14161;;;;;;211051;Anzahl;WAHL01;Wahlberechtigte
14111;;;;2002-09-22;KREISE;;14166;;;;;;73,6;Prozent;WAHLSR;Wahlbeteiligung
14111;;;;2002-09-22;KREISE;;14166;;;;;;58824;Anzahl;WAHL01;Wahlberechtigte
14111;;;;2002-09-22;KREISE;;14167;;;;;;70,8;Prozent;WAHLSR;Wahlbeteiligung
14111;;;;2002-09-22;KREISE;;14167;;;;;;85156;Anzahl;WAHL01;Wahlberechtigte
14111;;;;2002-09-22;KREISE;;14171;;;;;;74,4;Prozent;WAHLSR;Wahlbeteiligung
14111;;;;2002-09-22;KREISE;;14171;;;;;;71783;Anzahl;WAHL01;Wahlberechtigte
14111;;;;2002-09-22;KREISE;;14173;;;;;;73,7;Prozent;WAHLSR;Wahlbeteiligung
14111;;;;2002-09-22;KREISE;;14173;;;;;;115425;Anzahl;WAHL01;Wahlberechtigte
14111;;;;2002-09-22;KREISE;;14177;;;;;;75,0;Prozent;WAHLSR;Wahlbeteiligung
14111;;;;2002-09-22;KREISE;;14177;;;;;;122493;Anzahl;WAHL01;Wahlberechtigte
14111;;;;2002-09-22;KREISE;;14178;;;;;;73,3;Prozent;WAHLSR;Wahlbeteiligung
14111;;;;2002-09-22;KREISE;;14178;;;;;;166411;Anzahl;WAHL01;Wahlberechtigte
14111;;;;2002-09-22;KREISE;;14181;;;;;;74,4;Prozent;WAHLSR;Wahlbeteiligung
14111;;;;2002-09-22;KREISE;;14181;;;;;;76481;Anzahl;WAHL01;Wahlberechtigte
14111;;;;2002-09-22;KREISE;;14182;;;;;;75,0;Prozent;WAHLSR;Wahlbeteiligung
14111;;;;2002-09-22;KREISE;;14182;;;;;;112054;Anzahl;WAHL01;Wahlberechtigte
14111;;;;2002-09-22;KREISE;;14188;;;;;;75,4;Prozent;WAHLSR;Wahlbeteiligung
14111;;;;2002-09-22;KREISE;;14188;;;;;;76952;Anzahl;WAHL01;Wahlberechtigte
14111;;;;2002-09-22;KREISE;;14191;;;;;;73,7;Prozent;WAHLSR;Wahlbeteiligung
14111;;;;2002-09-22;KREISE;;14191;;;;;;114254;Anzahl;WAHL01;Wahlberechtigte
14111;;;;2002-09-22;KREISE;;14193;;;;;;74,2;Prozent;WAHLSR;Wahlbeteiligung
14111;;;;2002-09-22;KREISE;;14193;;;;;;110237;Anzahl;WAHL01;Wahlberechtigte
14111;;;;2002-09-22;KREISE;;14262;;;;;;75,0;Prozent;WAHLSR;Wahlbeteiligung
14111;;;;2002-09-22;KREISE;;14262;;;;;;388631;Anzahl;WAHL01;Wahlberechtigte
14111;;;;2002-09-22;KREISE;;14263;;;;;;70,9;Prozent;WAHLSR;Wahlbeteiligung
14111;;;;2002-09-22;KREISE;;14263;;;;;;48708;Anzahl;WAHL01;Wahlberechtigte
14111;;;;2002-09-22;KREISE;;14264;;;;;;71,2;Prozent;WAHLSR;Wahlbeteiligung
14111;;;;2002-09-22;KREISE;;14264;;;;;;38923;Anzahl;WAHL01;Wahlberechtigte
14111;;;;2002-09-22;KREISE;;14272;;;;;;74,7;Prozent;WAHLSR;Wahlbeteiligung
14111;;;;2002-09-22;KREISE;;14272;;;;;;126590;Anzahl;WAHL01;Wahlberechtigte
14111;;;;2002-09-22;KREISE;;14280;;;;;;74,4;Prozent;WAHLSR;Wahlbeteiligung
14111;;;;2002-09-22;KREISE;;14280;;;;;;124359;Anzahl;WAHL01;Wahlberechtigte
14111;;;;2002-09-22;KREISE;;14284;;;;;;73,0;Prozent;WAHLSR;Wahlbeteiligung
14111;;;;2002-09-22;KREISE;;14284;;;;;;83421;Anzahl;WAHL01;Wahlberechtigte
14111;;;;2002-09-22;KREISE;;14285;;;;;;71,8;Prozent;WAHLSR;Wahlbeteiligung
14111;;;;2002-09-22;KREISE;;14285;;;;;;97895;Anzahl;WAHL01;Wahlberechtigte
14111;;;;2002-09-22;KREISE;;14286;;;;;;72,1;Prozent;WAHLSR;Wahlbeteiligung
14111;;;;2002-09-22;KREISE;;14286;;;;;;123894;Anzahl;WAHL01;Wahlberechtigte
14111;;;;2002-09-22;KREISE;;14287;;;;;;72,5;Prozent;WAHLSR;Wahlbeteiligung
14111;;;;2002-09-22;KREISE;;14287;;;;;;119190;Anzahl;WAHL01;Wahlberechtigte
14111;;;;2002-09-22;KREISE;;14290;;;;;;74,5;Prozent;WAHLSR;Wahlbeteiligung
14111;;;;2002-09-22;KREISE;;14290;;;;;;101271;Anzahl;WAHL01;Wahlberechtigte
14111;;;;2002-09-22;KREISE;;14292;;;;;;74,8;Prozent;WAHLSR;Wahlbeteiligung
14111;;;;2002-09-22;KREISE;;14292;;;;;;125207;Anzahl;WAHL01;Wahlberechtigte
14111;;;;2002-09-22;KREISE;;14365;;;;;;73,8;Prozent;WAHLSR;Wahlbeteiligung
14111;;;;2002-09-22;KREISE;;14365;;;;;;390484;Anzahl;WAHL01;Wahlberechtigte
14111;;;;2002-09-22;KREISE;;14374;;;;;;71,8;Prozent;WAHLSR;Wahlbeteiligung
14111;;;;2002-09-22;KREISE;;14374;;;;;;102477;Anzahl;WAHL01;Wahlberechtigte
14111;;;;2002-09-22;KREISE;;14375;;;;;;70,2;Prozent;WAHLSR;Wahlbeteiligung
14111;;;;2002-09-22;KREISE;;14375;;;;;;62709;Anzahl;WAHL01;Wahlberechtigte
14111;;;;2002-09-22;KREISE;;14379;;;;;;74,3;Prozent;WAHLSR;Wahlbeteiligung
14111;;;;2002-09-22;KREISE;;14379;;;;;;124870;Anzahl;WAHL01;Wahlberechtigte
14111;;;;2002-09-22;KREISE;;14383;;;;;;72,9;Prozent;WAHLSR;Wahlbeteiligung
14111;;;;2002-09-22;KREISE;;14383;;;;;;110294;Anzahl;WAHL01;Wahlberechtigte
14111;;;;2002-09-22;KREISE;;14389;;;;;;71,3;Prozent;WAHLSR;Wahlbeteiligung
14111;;;;2002-09-22;KREISE;;14389;;;;;;81951;Anzahl;WAHL01;Wahlberechtigte
14111;;;;2002-09-22;KREISE;;14511;;;;;;74,5;Prozent;WAHLSR;Wahlbeteiligung
14111;;;;2002-09-22;KREISE;;14511;;;;;;211051;Anzahl;WAHL01;Wahlberechtigte
14111;;;;2002-09-22;KREISE;;14521;;;;;;74,4;Prozent;WAHLSR;Wahlbeteiligung
14111;;;;2002-09-22;KREISE;;14521;;;;;;339470;Anzahl;WAHL01;Wahlberechtigte
14111;;;;2002-09-22;KREISE;;14522;;;;;;74,0;Prozent;WAHLSR;Wahlbeteiligung
14111;;;;2002-09-22;KREISE;;14522;;;;;;297256;Anzahl;WAHL01;Wahlberechtigte
14111;;;;2002-09-22;KREISE;;14523;;;;;;73,3;Prozent;WAHLSR;Wahlbeteiligung
14111;;;;2002-09-22;KREISE;;14523;;;;;;225235;Anzahl;WAHL01;Wahlberechtigte
14111;;;;2002-09-22;KREISE;;14524;;;;;;73,1;Prozent;WAHLSR;Wahlbeteiligung
14111;;;;2002-09-22;KREISE;;14524;;;;;;310818;Anzahl;WAHL01;Wahlberechtigte
14111;;;;2002-09-22;KREISE;;14612;;;;;;75,0;Prozent;WAHLSR;Wahlbeteiligung
14111;;;;2002-09-22;KREISE;;14612;;;;;;388631;Anzahl;WAHL01;Wahlberechtigte
14111;;;;2002-09-22;KREISE;;14625;;;;;;74,3;Prozent;WAHLSR;Wahlbeteiligung
14111;;;;2002-09-22;KREISE;;14625;;;;;;290720;Anzahl;WAHL01;Wahlberechtigte
14111;;;;2002-09-22;KREISE;;14626;;;;;;72,2;Prozent;WAHLSR;Wahlbeteiligung
14111;;;;2002-09-22;KREISE;;14626;;;;;;256023;Anzahl;WAHL01;Wahlberechtigte
14111;;;;2002-09-22;KREISE;;14627;;;;;;73,3;Prozent;WAHLSR;Wahlbeteiligung
14111;;;;2002-09-22;KREISE;;14627;;;;;;222254;Anzahl;WAHL01;Wahlberechtigte
14111;;;;2002-09-22;KREISE;;14628;;;;;;73,4;Prozent;WAHLSR;Wahlbeteiligung
14111;;;;2002-09-22;KREISE;;14628;;;;;;220461;Anzahl;WAHL01;Wahlberechtigte
14111;;;;2002-09-22;KREISE;;14713;;;;;;73,8;Prozent;WAHLSR;Wahlbeteiligung
14111;;;;2002-09-22;KREISE;;14713;;;;;;390484;Anzahl;WAHL01;Wahlberechtigte
14111;;;;2002-09-22;KREISE;;14729;;;;;;73,6;Prozent;WAHLSR;Wahlbeteiligung
14111;;;;2002-09-22;KREISE;;14729;;;;;;235164;Anzahl;WAHL01;Wahlberechtigte
14111;;;;2002-09-22;KREISE;;14730;;;;;;71,6;Prozent;WAHLSR;Wahlbeteiligung
14111;;;;2002-09-22;KREISE;;14730;;;;;;184428;Anzahl;WAHL01;Wahlberechtigte
14111;;;;2002-09-22;KREISE;;15001;;;;;;.;Prozent;WAHLSR;Wahlbeteiligung
14111;;;;2002-09-22;KREISE;;15001;;;;;;.;Anzahl;WAHL01;Wahlberechtigte
14111;;;;2002-09-22;KREISE;;15002;;;;;;70,2;Prozent;WAHLSR;Wahlbeteiligung
14111;;;;2002-09-22;KREISE;;15002;;;;;;196174;Anzahl;WAHL01;Wahlberechtigte
14111;;;;2002-09-22;KREISE;;15003;;;;;;68,9;Prozent;WAHLSR;Wahlbeteiligung
14111;;;;2002-09-22;KREISE;;15003;;;;;;189697;Anzahl;WAHL01;Wahlberechtigte
14111;;;;2002-09-22;KREISE;;15081;;;;;;69,5;Prozent;WAHLSR;Wahlbeteiligung
14111;;;;2002-09-22;KREISE;;15081;;;;;;80539;Anzahl;WAHL01;Wahlberechtigte
14111;;;;2002-09-22;KREISE;;15082;;;;;;.;Prozent;WAHLSR;Wahlbeteiligung
14111;;;;2002-09-22;KREISE;;15082;;;;;;.;Anzahl;WAHL01;Wahlberechtigte
14111;;;;2002-09-22;KREISE;;15083;;;;;;.;Prozent;WAHLSR;Wahlbeteiligung
14111;;;;2002-09-22;KREISE;;15083;;;;;;.;Anzahl;WAHL01;Wahlberechtigte
14111;;;;2002-09-22;KREISE;;15084;;;;;;.;Prozent;WAHLSR;Wahlbeteiligung
14111;;;;2002-09-22;KREISE;;15084;;;;;;.;Anzahl;WAHL01;Wahlberechtigte
14111;;;;2002-09-22;KREISE;;15085;;;;;;.;Prozent;WAHLSR;Wahlbeteiligung
14111;;;;2002-09-22;KREISE;;15085;;;;;;.;Anzahl;WAHL01;Wahlberechtigte
14111;;;;2002-09-22;KREISE;;15086;;;;;;.;Prozent;WAHLSR;Wahlbeteiligung
14111;;;;2002-09-22;KREISE;;15086;;;;;;.;Anzahl;WAHL01;Wahlberechtigte
14111;;;;2002-09-22;KREISE;;15087;;;;;;.;Prozent;WAHLSR;Wahlbeteiligung
14111;;;;2002-09-22;KREISE;;15087;;;;;;.;Anzahl;WAHL01;Wahlberechtigte
14111;;;;2002-09-22;KREISE;;15088;;;;;;.;Prozent;WAHLSR;Wahlbeteiligung
14111;;;;2002-09-22;KREISE;;15088;;;;;;.;Anzahl;WAHL01;Wahlberechtigte
14111;;;;2002-09-22;KREISE;;15089;;;;;;.;Prozent;WAHLSR;Wahlbeteiligung
14111;;;;2002-09-22;KREISE;;15089;;;;;;.;Anzahl;WAHL01;Wahlberechtigte
14111;;;;2002-09-22;KREISE;;15090;;;;;;68,5;Prozent;WAHLSR;Wahlbeteiligung
14111;;;;2002-09-22;KREISE;;15090;;;;;;109914;Anzahl;WAHL01;Wahlberechtigte
14111;;;;2002-09-22;KREISE;;15091;;;;;;.;Prozent;WAHLSR;Wahlbeteiligung
14111;;;;2002-09-22;KREISE;;15091;;;;;;.;Anzahl;WAHL01;Wahlberechtigte
14111;;;;2002-09-22;KREISE;;15101;;;;;;70,1;Prozent;WAHLSR;Wahlbeteiligung
14111;;;;2002-09-22;KREISE;;15101;;;;;;67350;Anzahl;WAHL01;Wahlberechtigte
14111;;;;2002-09-22;KREISE;;15151;;;;;;69,0;Prozent;WAHLSR;Wahlbeteiligung
14111;;;;2002-09-22;KREISE;;15151;;;;;;62901;Anzahl;WAHL01;Wahlberechtigte
14111;;;;2002-09-22;KREISE;;15153;;;;;;67,4;Prozent;WAHLSR;Wahlbeteiligung
14111;;;;2002-09-22;KREISE;;15153;;;;;;57348;Anzahl;WAHL01;Wahlberechtigte
14111;;;;2002-09-22;KREISE;;15154;;;;;;68,2;Prozent;WAHLSR;Wahlbeteiligung
14111;;;;2002-09-22;KREISE;;15154;;;;;;87091;Anzahl;WAHL01;Wahlberechtigte
14111;;;;2002-09-22;KREISE;;15159;;;;;;67,7;Prozent;WAHLSR;Wahlbeteiligung
14111;;;;2002-09-22;KREISE;;15159;;;;;;56376;Anzahl;WAHL01;Wahlberechtigte
14111;;;;2002-09-22;KREISE;;15171;;;;;;70,7;Prozent;WAHLSR;Wahlbeteiligung
14111;;;;2002-09-22;KREISE;;15171;;;;;;105815;Anzahl;WAHL01;Wahlberechtigte
14111;;;;2002-09-22;KREISE;;15202;;;;;;70,2;Prozent;WAHLSR;Wahlbeteiligung
14111;;;;2002-09-22;KREISE;;15202;;;;;;196174;Anzahl;WAHL01;Wahlberechtigte
14111;;;;2002-09-22;KREISE;;15256;;;;;;69,1;Prozent;WAHLSR;Wahlbeteiligung
14111;;;;2002-09-22;KREISE;;15256;;;;;;116595;Anzahl;WAHL01;Wahlberechtigte
14111;;;;2002-09-22;KREISE;;15260;;;;;;67,8;Prozent;WAHLSR;Wahlbeteiligung
14111;;;;2002-09-22;KREISE;;15260;;;;;;88594;Anzahl;WAHL01;Wahlberechtigte
14111;;;;2002-09-22;KREISE;;15261;;;;;;68,0;Prozent;WAHLSR;Wahlbeteiligung
14111;;;;2002-09-22;KREISE;;15261;;;;;;109769;Anzahl;WAHL01;Wahlberechtigte
14111;;;;2002-09-22;KREISE;;15265;;;;;;72,9;Prozent;WAHLSR;Wahlbeteiligung
14111;;;;2002-09-22;KREISE;;15265;;;;;;66877;Anzahl;WAHL01;Wahlberechtigte
14111;;;;2002-09-22;KREISE;;15266;;;;;;71,1;Prozent;WAHLSR;Wahlbeteiligung
14111;;;;2002-09-22;KREISE;;15266;;;;;;55350;Anzahl;WAHL01;Wahlberechtigte
14111;;;;2002-09-22;KREISE;;15268;;;;;;67,1;Prozent;WAHLSR;Wahlbeteiligung
14111;;;;2002-09-22;KREISE;;15268;;;;;;64248;Anzahl;WAHL01;Wahlberechtigte
14111;;;;2002-09-22;KREISE;;15303;;;;;;68,9;Prozent;WAHLSR;Wahlbeteiligung
14111;;;;2002-09-22;KREISE;;15303;;;;;;189697;Anzahl;WAHL01;Wahlberechtigte
14111;;;;2002-09-22;KREISE;;15352;;;;;;65,3;Prozent;WAHLSR;Wahlbeteiligung
14111;;;;2002-09-22;KREISE;;15352;;;;;;83280;Anzahl;WAHL01;Wahlberechtigte
14111;;;;2002-09-22;KREISE;;15355;;;;;;67,6;Prozent;WAHLSR;Wahlbeteiligung
14111;;;;2002-09-22;KREISE;;15355;;;;;;64375;Anzahl;WAHL01;Wahlberechtigte
14111;;;;2002-09-22;KREISE;;15357;;;;;;68,1;Prozent;WAHLSR;Wahlbeteiligung
14111;;;;2002-09-22;KREISE;;15357;;;;;;64854;Anzahl;WAHL01;Wahlberechtigte
14111;;;;2002-09-22;KREISE;;15358;;;;;;68,1;Prozent;WAHLSR;Wahlbeteiligung
14111;;;;2002-09-22;KREISE;;15358;;;;;;81442;Anzahl;WAHL01;Wahlberechtigte
14111;;;;2002-09-22;KREISE;;15362;;;;;;68,4;Prozent;WAHLSR;Wahlbeteiligung
14111;;;;2002-09-22;KREISE;;15362;;;;;;95330;Anzahl;WAHL01;Wahlberechtigte
14111;;;;2002-09-22;KREISE;;15363;;;;;;68,5;Prozent;WAHLSR;Wahlbeteiligung
14111;;;;2002-09-22;KREISE;;15363;;;;;;109914;Anzahl;WAHL01;Wahlberechtigte
14111;;;;2002-09-22;KREISE;;15364;;;;;;68,5;Prozent;WAHLSR;Wahlbeteiligung
14111;;;;2002-09-22;KREISE;;15364;;;;;;63910;Anzahl;WAHL01;Wahlberechtigte
14111;;;;2002-09-22;KREISE;;15367;;;;;;64,3;Prozent;WAHLSR;Wahlbeteiligung
14111;;;;2002-09-22;KREISE;;15367;;;;;;62407;Anzahl;WAHL01;Wahlberechtigte
14111;;;;2002-09-22;KREISE;;15369;;;;;;71,9;Prozent;WAHLSR;Wahlbeteiligung
14111;;;;2002-09-22;KREISE;;15369;;;;;;78705;Anzahl;WAHL01;Wahlberechtigte
14111;;;;2002-09-22;KREISE;;15370;;;;;;69,5;Prozent;WAHLSR;Wahlbeteiligung
14111;;;;2002-09-22;KREISE;;15370;;;;;;80539;Anzahl;WAHL01;Wahlberechtigte
14111;;;;2002-09-22;KREISE;;16051;;;;;;75,0;Prozent;WAHLSR;Wahlbeteiligung
14111;;;;2002-09-22;KREISE;;16051;;;;;;161977;Anzahl;WAHL01;Wahlberechtigte
14111;;;;2002-09-22;KREISE;;16052;;;;;;73,9;Prozent;WAHLSR;Wahlbeteiligung
14111;;;;2002-09-22;KREISE;;16052;;;;;;90008;Anzahl;WAHL01;Wahlberechtigte
14111;;;;2002-09-22;KREISE;;16053;;;;;;77,5;Prozent;WAHLSR;Wahlbeteiligung
14111;;;;2002-09-22;KREISE;;16053;;;;;;80414;Anzahl;WAHL01;Wahlberechtigte
14111;;;;2002-09-22;KREISE;;16054;;;;;;73,1;Prozent;WAHLSR;Wahlbeteiligung
14111;;;;2002-09-22;KREISE;;16054;;;;;;37995;Anzahl;WAHL01;Wahlberechtigte
14111;;;;2002-09-22;KREISE;;16055;;;;;;75,7;Prozent;WAHLSR;Wahlbeteiligung
14111;;;;2002-09-22;KREISE;;16055;;;;;;50819;Anzahl;WAHL01;Wahlberechtigte
14111;;;;2002-09-22;KREISE;;16056;;;;;;73,1;Prozent;WAHLSR;Wahlbeteiligung
14111;;;;2002-09-22;KREISE;;16056;;;;;;36279;Anzahl;WAHL01;Wahlberechtigte
14111;;;;2002-09-22;KREISE;;16061;;;;;;78,1;Prozent;WAHLSR;Wahlbeteiligung
14111;;;;2002-09-22;KREISE;;16061;;;;;;88975;Anzahl;WAHL01;Wahlberechtigte
14111;;;;2002-09-22;KREISE;;16062;;;;;;73,6;Prozent;WAHLSR;Wahlbeteiligung
14111;;;;2002-09-22;KREISE;;16062;;;;;;79275;Anzahl;WAHL01;Wahlberechtigte
14111;;;;2002-09-22;KREISE;;16063;;;;;;75,1;Prozent;WAHLSR;Wahlbeteiligung
14111;;;;2002-09-22;KREISE;;16063;;;;;;117505;Anzahl;WAHL01;Wahlberechtigte
14111;;;;2002-09-22;KREISE;;16064;;;;;;74,1;Prozent;WAHLSR;Wahlbeteiligung
14111;;;;2002-09-22;KREISE;;16064;;;;;;95314;Anzahl;WAHL01;Wahlberechtigte
14111;;;;2002-09-22;KREISE;;16065;;;;;;72,1;Prozent;WAHLSR;Wahlbeteiligung
14111;;;;2002-09-22;KREISE;;16065;;;;;;76122;Anzahl;WAHL01;Wahlberechtigte
14111;;;;2002-09-22;KREISE;;16066;;;;;;73,6;Prozent;WAHLSR;Wahlbeteiligung
14111;;;;2002-09-22;KREISE;;16066;;;;;;117541;Anzahl;WAHL01;Wahlberechtigte
14111;;;;2002-09-22;KREISE;;16067;;;;;;74,7;Prozent;WAHLSR;Wahlbeteiligung
14111;;;;2002-09-22;KREISE;;16067;;;;;;121105;Anzahl;WAHL01;Wahlberechtigte
14111;;;;2002-09-22;KREISE;;16068;;;;;;73,6;Prozent;WAHLSR;Wahlbeteiligung
14111;;;;2002-09-22;KREISE;;16068;;;;;;65670;Anzahl;WAHL01;Wahlberechtigte
14111;;;;2002-09-22;KREISE;;16069;;;;;;74,9;Prozent;WAHLSR;Wahlbeteiligung
14111;;;;2002-09-22;KREISE;;16069;;;;;;60147;Anzahl;WAHL01;Wahlberechtigte
14111;;;;2002-09-22;KREISE;;16070;;;;;;76,4;Prozent;WAHLSR;Wahlbeteiligung
14111;;;;2002-09-22;KREISE;;16070;;;;;;98996;Anzahl;WAHL01;Wahlberechtigte
14111;;;;2002-09-22;KREISE;;16071;;;;;;76,0;Prozent;WAHLSR;Wahlbeteiligung
14111;;;;2002-09-22;KREISE;;16071;;;;;;73324;Anzahl;WAHL01;Wahlberechtigte
14111;;;;2002-09-22;KREISE;;16072;;;;;;73,4;Prozent;WAHLSR;Wahlbeteiligung
14111;;;;2002-09-22;KREISE;;16072;;;;;;56229;Anzahl;WAHL01;Wahlberechtigte
14111;;;;2002-09-22;KREISE;;16073;;;;;;74,6;Prozent;WAHLSR;Wahlbeteiligung
14111;;;;2002-09-22;KREISE;;16073;;;;;;107626;Anzahl;WAHL01;Wahlberechtigte
14111;;;;2002-09-22;KREISE;;16074;;;;;;76,9;Prozent;WAHLSR;Wahlbeteiligung
14111;;;;2002-09-22;KREISE;;16074;;;;;;76093;Anzahl;WAHL01;Wahlberechtigte
14111;;;;2002-09-22;KREISE;;16075;;;;;;75,6;Prozent;WAHLSR;Wahlbeteiligung
14111;;;;2002-09-22;KREISE;;16075;;;;;;79540;Anzahl;WAHL01;Wahlberechtigte
14111;;;;2002-09-22;KREISE;;16076;;;;;;76,0;Prozent;WAHLSR;Wahlbeteiligung
14111;;;;2002-09-22;KREISE;;16076;;;;;;101063;Anzahl;WAHL01;Wahlberechtigte
14111;;;;2002-09-22;KREISE;;16077;;;;;;71,7;Prozent;WAHLSR;Wahlbeteiligung
14111;;;;2002-09-22;KREISE;;16077;;;;;;93361;Anzahl;WAHL01;Wahlberechtigte
14111;;;;2005-09-18;DINSG;;DG;;;;;;61870711;Anzahl;WAHL01;Wahlberechtigte
14111;;;;2005-09-18;DINSG;;DG;;;;;;77,7;Prozent;WAHLSR;Wahlbeteiligung
14111;;;;2005-09-18;DLAND;;01;;;;;;2198777;Anzahl;WAHL01;Wahlberechtigte
14111;;;;2005-09-18;DLAND;;01;;;;;;79,1;Prozent;WAHLSR;Wahlbeteiligung
14111;;;;2005-09-18;DLAND;;02;;;;;;1230717;Anzahl;WAHL01;Wahlberechtigte
14111;;;;2005-09-18;DLAND;;02;;;;;;77,5;Prozent;WAHLSR;Wahlbeteiligung
14111;;;;2005-09-18;DLAND;;03;;;;;;6083041;Anzahl;WAHL01;Wahlberechtigte
14111;;;;2005-09-18;DLAND;;03;;;;;;79,4;Prozent;WAHLSR;Wahlbeteiligung
14111;;;;2005-09-18;DLAND;;04;;;;;;486475;Anzahl;WAHL01;Wahlberechtigte
14111;;;;2005-09-18;DLAND;;04;;;;;;75,5;Prozent;WAHLSR;Wahlbeteiligung
14111;;;;2005-09-18;DLAND;;05;;;;;;13257047;Anzahl;WAHL01;Wahlberechtigte
14111;;;;2005-09-18;DLAND;;05;;;;;;78,3;Prozent;WAHLSR;Wahlbeteiligung
14111;;;;2005-09-18;DLAND;;06;;;;;;4366988;Anzahl;WAHL01;Wahlberechtigte
14111;;;;2005-09-18;DLAND;;06;;;;;;78,7;Prozent;WAHLSR;Wahlbeteiligung
14111;;;;2005-09-18;DLAND;;07;;;;;;3084171;Anzahl;WAHL01;Wahlberechtigte
14111;;;;2005-09-18;DLAND;;07;;;;;;78,7;Prozent;WAHLSR;Wahlbeteiligung
14111;;;;2005-09-18;DLAND;;08;;;;;;7529193;Anzahl;WAHL01;Wahlberechtigte
14111;;;;2005-09-18;DLAND;;08;;;;;;78,7;Prozent;WAHLSR;Wahlbeteiligung
14111;;;;2005-09-18;DLAND;;09;;;;;;9222560;Anzahl;WAHL01;Wahlberechtigte
14111;;;;2005-09-18;DLAND;;09;;;;;;77,9;Prozent;WAHLSR;Wahlbeteiligung
14111;;;;2005-09-18;DLAND;;10;;;;;;818478;Anzahl;WAHL01;Wahlberechtigte
14111;;;;2005-09-18;DLAND;;10;;;;;;79,4;Prozent;WAHLSR;Wahlbeteiligung
14111;;;;2005-09-18;DLAND;;11;;;;;;2438902;Anzahl;WAHL01;Wahlberechtigte
14111;;;;2005-09-18;DLAND;;11;;;;;;77,4;Prozent;WAHLSR;Wahlbeteiligung
14111;;;;2005-09-18;DLAND;;12;;;;;;2128352;Anzahl;WAHL01;Wahlberechtigte
14111;;;;2005-09-18;DLAND;;12;;;;;;74,9;Prozent;WAHLSR;Wahlbeteiligung
14111;;;;2005-09-18;DLAND;;13;;;;;;1418790;Anzahl;WAHL01;Wahlberechtigte
14111;;;;2005-09-18;DLAND;;13;;;;;;71,2;Prozent;WAHLSR;Wahlbeteiligung
14111;;;;2005-09-18;DLAND;;14;;;;;;3561357;Anzahl;WAHL01;Wahlberechtigte
14111;;;;2005-09-18;DLAND;;14;;;;;;75,7;Prozent;WAHLSR;Wahlbeteiligung
14111;;;;2005-09-18;DLAND;;15;;;;;;2088108;Anzahl;WAHL01;Wahlberechtigte
14111;;;;2005-09-18;DLAND;;15;;;;;;71,0;Prozent;WAHLSR;Wahlbeteiligung
14111;;;;2005-09-18;DLAND;;16;;;;;;1957755;Anzahl;WAHL01;Wahlberechtigte
14111;;;;2005-09-18;DLAND;;16;;;;;;75,5;Prozent;WAHLSR;Wahlbeteiligung
14111;;;;2005-09-18;KREISE;;01001;;;;;;73,2;Prozent;WAHLSR;Wahlbeteiligung
14111;;;;2005-09-18;KREISE;;01001;;;;;;66970;Anzahl;WAHL01;Wahlberechtigte
14111;;;;2005-09-18;KREISE;;01002;;;;;;77,0;Prozent;WAHLSR;Wahlbeteiligung
14111;;;;2005-09-18;KREISE;;01002;;;;;;177028;Anzahl;WAHL01;Wahlberechtigte
14111;;;;2005-09-18;KREISE;;01003;;;;;;73,1;Prozent;WAHLSR;Wahlbeteiligung
14111;;;;2005-09-18;KREISE;;01003;;;;;;164988;Anzahl;WAHL01;Wahlberechtigte
14111;;;;2005-09-18;KREISE;;01004;;;;;;72,5;Prozent;WAHLSR;Wahlbeteiligung
14111;;;;2005-09-18;KREISE;;01004;;;;;;61191;Anzahl;WAHL01;Wahlberechtigte
14111;;;;2005-09-18;KREISE;;01051;;;;;;77,3;Prozent;WAHLSR;Wahlbeteiligung
14111;;;;2005-09-18;KREISE;;01051;;;;;;108262;Anzahl;WAHL01;Wahlberechtigte
14111;;;;2005-09-18;KREISE;;01053;;;;;;80,5;Prozent;WAHLSR;Wahlbeteiligung
14111;;;;2005-09-18;KREISE;;01053;;;;;;145014;Anzahl;WAHL01;Wahlberechtigte
14111;;;;2005-09-18;KREISE;;01054;;;;;;78,2;Prozent;WAHLSR;Wahlbeteiligung
14111;;;;2005-09-18;KREISE;;01054;;;;;;130118;Anzahl;WAHL01;Wahlberechtigte
14111;;;;2005-09-18;KREISE;;01055;;;;;;79,0;Prozent;WAHLSR;Wahlbeteiligung
14111;;;;2005-09-18;KREISE;;01055;;;;;;163224;Anzahl;WAHL01;Wahlberechtigte
14111;;;;2005-09-18;KREISE;;01056;;;;;;81,7;Prozent;WAHLSR;Wahlbeteiligung
14111;;;;2005-09-18;KREISE;;01056;;;;;;227185;Anzahl;WAHL01;Wahlberechtigte
14111;;;;2005-09-18;KREISE;;01057;;;;;;82,5;Prozent;WAHLSR;Wahlbeteiligung
14111;;;;2005-09-18;KREISE;;01057;;;;;;103573;Anzahl;WAHL01;Wahlberechtigte
14111;;;;2005-09-18;KREISE;;01058;;;;;;80,9;Prozent;WAHLSR;Wahlbeteiligung
14111;;;;2005-09-18;KREISE;;01058;;;;;;214561;Anzahl;WAHL01;Wahlberechtigte
14111;;;;2005-09-18;KREISE;;01059;;;;;;79,8;Prozent;WAHLSR;Wahlbeteiligung
14111;;;;2005-09-18;KREISE;;01059;;;;;;153997;Anzahl;WAHL01;Wahlberechtigte
14111;;;;2005-09-18;KREISE;;01060;;;;;;80,1;Prozent;WAHLSR;Wahlbeteiligung
14111;;;;2005-09-18;KREISE;;01060;;;;;;200158;Anzahl;WAHL01;Wahlberechtigte
14111;;;;2005-09-18;KREISE;;01061;;;;;;79,0;Prozent;WAHLSR;Wahlbeteiligung
14111;;;;2005-09-18;KREISE;;01061;;;;;;105636;Anzahl;WAHL01;Wahlberechtigte
14111;;;;2005-09-18;KREISE;;01062;;;;;;82,8;Prozent;WAHLSR;Wahlbeteiligung
14111;;;;2005-09-18;KREISE;;01062;;;;;;176872;Anzahl;WAHL01;Wahlberechtigte
14111;;;;2005-09-18;KREISE;;02000;;;;;;77,5;Prozent;WAHLSR;Wahlbeteiligung
14111;;;;2005-09-18;KREISE;;02000;;;;;;1230717;Anzahl;WAHL01;Wahlberechtigte
14111;;;;2005-09-18;KREISE;;03101;;;;;;78,5;Prozent;WAHLSR;Wahlbeteiligung
14111;;;;2005-09-18;KREISE;;03101;;;;;;187823;Anzahl;WAHL01;Wahlberechtigte
14111;;;;2005-09-18;KREISE;;03102;;;;;;76,8;Prozent;WAHLSR;Wahlbeteiligung
14111;;;;2005-09-18;KREISE;;03102;;;;;;80096;Anzahl;WAHL01;Wahlberechtigte
14111;;;;2005-09-18;KREISE;;03103;;;;;;77,5;Prozent;WAHLSR;Wahlbeteiligung
14111;;;;2005-09-18;KREISE;;03103;;;;;;91590;Anzahl;WAHL01;Wahlberechtigte
14111;;;;2005-09-18;KREISE;;03151;;;;;;80,8;Prozent;WAHLSR;Wahlbeteiligung
14111;;;;2005-09-18;KREISE;;03151;;;;;;131898;Anzahl;WAHL01;Wahlberechtigte
14111;;;;2005-09-18;KREISE;;03152;;;;;;80,2;Prozent;WAHLSR;Wahlbeteiligung
14111;;;;2005-09-18;KREISE;;03152;;;;;;198146;Anzahl;WAHL01;Wahlberechtigte
14111;;;;2005-09-18;KREISE;;03153;;;;;;78,5;Prozent;WAHLSR;Wahlbeteiligung
14111;;;;2005-09-18;KREISE;;03153;;;;;;119373;Anzahl;WAHL01;Wahlberechtigte
14111;;;;2005-09-18;KREISE;;03154;;;;;;78,7;Prozent;WAHLSR;Wahlbeteiligung
14111;;;;2005-09-18;KREISE;;03154;;;;;;77634;Anzahl;WAHL01;Wahlberechtigte
14111;;;;2005-09-18;KREISE;;03155;;;;;;79,8;Prozent;WAHLSR;Wahlbeteiligung
14111;;;;2005-09-18;KREISE;;03155;;;;;;116702;Anzahl;WAHL01;Wahlberechtigte
14111;;;;2005-09-18;KREISE;;03156;;;;;;78,0;Prozent;WAHLSR;Wahlbeteiligung
14111;;;;2005-09-18;KREISE;;03156;;;;;;66805;Anzahl;WAHL01;Wahlberechtigte
14111;;;;2005-09-18;KREISE;;03157;;;;;;81,2;Prozent;WAHLSR;Wahlbeteiligung
14111;;;;2005-09-18;KREISE;;03157;;;;;;103478;Anzahl;WAHL01;Wahlberechtigte
14111;;;;2005-09-18;KREISE;;03158;;;;;;82,0;Prozent;WAHLSR;Wahlbeteiligung
14111;;;;2005-09-18;KREISE;;03158;;;;;;98808;Anzahl;WAHL01;Wahlberechtigte
14111;;;;2005-09-18;KREISE;;03159;;;;;;-;Prozent;WAHLSR;Wahlbeteiligung
14111;;;;2005-09-18;KREISE;;03159;;;;;;-;Anzahl;WAHL01;Wahlberechtigte
14111;;;;2005-09-18;KREISE;;03241;;;;;;80,2;Prozent;WAHLSR;Wahlbeteiligung
14111;;;;2005-09-18;KREISE;;03241;;;;;;837554;Anzahl;WAHL01;Wahlberechtigte
14111;;;;2005-09-18;KREISE;;03241001;;;;;;-;Prozent;WAHLSR;Wahlbeteiligung
14111;;;;2005-09-18;KREISE;;03241001;;;;;;-;Anzahl;WAHL01;Wahlberechtigte
14111;;;;2005-09-18;KREISE;;03251;;;;;;79,3;Prozent;WAHLSR;Wahlbeteiligung
14111;;;;2005-09-18;KREISE;;03251;;;;;;167096;Anzahl;WAHL01;Wahlberechtigte
14111;;;;2005-09-18;KREISE;;03252;;;;;;78,4;Prozent;WAHLSR;Wahlbeteiligung
14111;;;;2005-09-18;KREISE;;03252;;;;;;123450;Anzahl;WAHL01;Wahlberechtigte
14111;;;;2005-09-18;KREISE;;03254;;;;;;81,5;Prozent;WAHLSR;Wahlbeteiligung
14111;;;;2005-09-18;KREISE;;03254;;;;;;223707;Anzahl;WAHL01;Wahlberechtigte
14111;;;;2005-09-18;KREISE;;03255;;;;;;79,7;Prozent;WAHLSR;Wahlbeteiligung
14111;;;;2005-09-18;KREISE;;03255;;;;;;62146;Anzahl;WAHL01;Wahlberechtigte
14111;;;;2005-09-18;KREISE;;03256;;;;;;77,2;Prozent;WAHLSR;Wahlbeteiligung
14111;;;;2005-09-18;KREISE;;03256;;;;;;97084;Anzahl;WAHL01;Wahlberechtigte
14111;;;;2005-09-18;KREISE;;03257;;;;;;80,1;Prozent;WAHLSR;Wahlbeteiligung
14111;;;;2005-09-18;KREISE;;03257;;;;;;127464;Anzahl;WAHL01;Wahlberechtigte
14111;;;;2005-09-18;KREISE;;03351;;;;;;78,8;Prozent;WAHLSR;Wahlbeteiligung
14111;;;;2005-09-18;KREISE;;03351;;;;;;140550;Anzahl;WAHL01;Wahlberechtigte
14111;;;;2005-09-18;KREISE;;03352;;;;;;78,5;Prozent;WAHLSR;Wahlbeteiligung
14111;;;;2005-09-18;KREISE;;03352;;;;;;160777;Anzahl;WAHL01;Wahlberechtigte
14111;;;;2005-09-18;KREISE;;03353;;;;;;83,0;Prozent;WAHLSR;Wahlbeteiligung
14111;;;;2005-09-18;KREISE;;03353;;;;;;185646;Anzahl;WAHL01;Wahlberechtigte
14111;;;;2005-09-18;KREISE;;03354;;;;;;77,4;Prozent;WAHLSR;Wahlbeteiligung
14111;;;;2005-09-18;KREISE;;03354;;;;;;41409;Anzahl;WAHL01;Wahlberechtigte
14111;;;;2005-09-18;KREISE;;03355;;;;;;79,8;Prozent;WAHLSR;Wahlbeteiligung
14111;;;;2005-09-18;KREISE;;03355;;;;;;133974;Anzahl;WAHL01;Wahlberechtigte
14111;;;;2005-09-18;KREISE;;03356;;;;;;80,5;Prozent;WAHLSR;Wahlbeteiligung
14111;;;;2005-09-18;KREISE;;03356;;;;;;87767;Anzahl;WAHL01;Wahlberechtigte
14111;;;;2005-09-18;KREISE;;03357;;;;;;79,3;Prozent;WAHLSR;Wahlbeteiligung
14111;;;;2005-09-18;KREISE;;03357;;;;;;125961;Anzahl;WAHL01;Wahlberechtigte
14111;;;;2005-09-18;KREISE;;03358;;;;;;78,7;Prozent;WAHLSR;Wahlbeteiligung
14111;;;;2005-09-18;KREISE;;03358;;;;;;109427;Anzahl;WAHL01;Wahlberechtigte
14111;;;;2005-09-18;KREISE;;03359;;;;;;79,2;Prozent;WAHLSR;Wahlbeteiligung
14111;;;;2005-09-18;KREISE;;03359;;;;;;150790;Anzahl;WAHL01;Wahlberechtigte
14111;;;;2005-09-18;KREISE;;03360;;;;;;79,4;Prozent;WAHLSR;Wahlbeteiligung
14111;;;;2005-09-18;KREISE;;03360;;;;;;77403;Anzahl;WAHL01;Wahlberechtigte
14111;;;;2005-09-18;KREISE;;03361;;;;;;79,8;Prozent;WAHLSR;Wahlbeteiligung
14111;;;;2005-09-18;KREISE;;03361;;;;;;102642;Anzahl;WAHL01;Wahlberechtigte
14111;;;;2005-09-18;KREISE;;03401;;;;;;74,9;Prozent;WAHLSR;Wahlbeteiligung
14111;;;;2005-09-18;KREISE;;03401;;;;;;57570;Anzahl;WAHL01;Wahlberechtigte
14111;;;;2005-09-18;KREISE;;03402;;;;;;74,9;Prozent;WAHLSR;Wahlbeteiligung
14111;;;;2005-09-18;KREISE;;03402;;;;;;38809;Anzahl;WAHL01;Wahlberechtigte
14111;;;;2005-09-18;KREISE;;03403;;;;;;79,0;Prozent;WAHLSR;Wahlbeteiligung
14111;;;;2005-09-18;KREISE;;03403;;;;;;120878;Anzahl;WAHL01;Wahlberechtigte
14111;;;;2005-09-18;KREISE;;03404;;;;;;78,1;Prozent;WAHLSR;Wahlbeteiligung
14111;;;;2005-09-18;KREISE;;03404;;;;;;118413;Anzahl;WAHL01;Wahlberechtigte
14111;;;;2005-09-18;KREISE;;03405;;;;;;75,3;Prozent;WAHLSR;Wahlbeteiligung
14111;;;;2005-09-18;KREISE;;03405;;;;;;66113;Anzahl;WAHL01;Wahlberechtigte
14111;;;;2005-09-18;KREISE;;03451;;;;;;79,3;Prozent;WAHLSR;Wahlbeteiligung
14111;;;;2005-09-18;KREISE;;03451;;;;;;89190;Anzahl;WAHL01;Wahlberechtigte
14111;;;;2005-09-18;KREISE;;03452;;;;;;77,9;Prozent;WAHLSR;Wahlbeteiligung
14111;;;;2005-09-18;KREISE;;03452;;;;;;148222;Anzahl;WAHL01;Wahlberechtigte
14111;;;;2005-09-18;KREISE;;03453;;;;;;76,1;Prozent;WAHLSR;Wahlbeteiligung
14111;;;;2005-09-18;KREISE;;03453;;;;;;112427;Anzahl;WAHL01;Wahlberechtigte
14111;;;;2005-09-18;KREISE;;03454;;;;;;80,1;Prozent;WAHLSR;Wahlbeteiligung
14111;;;;2005-09-18;KREISE;;03454;;;;;;229663;Anzahl;WAHL01;Wahlberechtigte
14111;;;;2005-09-18;KREISE;;03455;;;;;;79,0;Prozent;WAHLSR;Wahlbeteiligung
14111;;;;2005-09-18;KREISE;;03455;;;;;;79850;Anzahl;WAHL01;Wahlberechtigte
14111;;;;2005-09-18;KREISE;;03456;;;;;;80,4;Prozent;WAHLSR;Wahlbeteiligung
14111;;;;2005-09-18;KREISE;;03456;;;;;;95156;Anzahl;WAHL01;Wahlberechtigte
14111;;;;2005-09-18;KREISE;;03457;;;;;;77,3;Prozent;WAHLSR;Wahlbeteiligung
14111;;;;2005-09-18;KREISE;;03457;;;;;;125465;Anzahl;WAHL01;Wahlberechtigte
14111;;;;2005-09-18;KREISE;;03458;;;;;;80,7;Prozent;WAHLSR;Wahlbeteiligung
14111;;;;2005-09-18;KREISE;;03458;;;;;;95568;Anzahl;WAHL01;Wahlberechtigte
14111;;;;2005-09-18;KREISE;;03459;;;;;;80,7;Prozent;WAHLSR;Wahlbeteiligung
14111;;;;2005-09-18;KREISE;;03459;;;;;;267999;Anzahl;WAHL01;Wahlberechtigte
14111;;;;2005-09-18;KREISE;;03460;;;;;;79,5;Prozent;WAHLSR;Wahlbeteiligung
14111;;;;2005-09-18;KREISE;;03460;;;;;;93918;Anzahl;WAHL01;Wahlberechtigte
14111;;;;2005-09-18;KREISE;;03461;;;;;;76,9;Prozent;WAHLSR;Wahlbeteiligung
14111;;;;2005-09-18;KREISE;;03461;;;;;;71598;Anzahl;WAHL01;Wahlberechtigte
14111;;;;2005-09-18;KREISE;;03462;;;;;;74,9;Prozent;WAHLSR;Wahlbeteiligung
14111;;;;2005-09-18;KREISE;;03462;;;;;;45002;Anzahl;WAHL01;Wahlberechtigte
14111;;;;2005-09-18;KREISE;;04011;;;;;;76,2;Prozent;WAHLSR;Wahlbeteiligung
14111;;;;2005-09-18;KREISE;;04011;;;;;;400550;Anzahl;WAHL01;Wahlberechtigte
14111;;;;2005-09-18;KREISE;;04012;;;;;;72,2;Prozent;WAHLSR;Wahlbeteiligung
14111;;;;2005-09-18;KREISE;;04012;;;;;;85925;Anzahl;WAHL01;Wahlberechtigte
14111;;;;2005-09-18;KREISE;;05111;;;;;;77,4;Prozent;WAHLSR;Wahlbeteiligung
14111;;;;2005-09-18;KREISE;;05111;;;;;;409052;Anzahl;WAHL01;Wahlberechtigte
14111;;;;2005-09-18;KREISE;;05112;;;;;;74,5;Prozent;WAHLSR;Wahlbeteiligung
14111;;;;2005-09-18;KREISE;;05112;;;;;;351834;Anzahl;WAHL01;Wahlberechtigte
14111;;;;2005-09-18;KREISE;;05113;;;;;;77,4;Prozent;WAHLSR;Wahlbeteiligung
14111;;;;2005-09-18;KREISE;;05113;;;;;;442385;Anzahl;WAHL01;Wahlberechtigte
14111;;;;2005-09-18;KREISE;;05114;;;;;;75,0;Prozent;WAHLSR;Wahlbeteiligung
14111;;;;2005-09-18;KREISE;;05114;;;;;;167753;Anzahl;WAHL01;Wahlberechtigte
14111;;;;2005-09-18;KREISE;;05116;;;;;;72,5;Prozent;WAHLSR;Wahlbeteiligung
14111;;;;2005-09-18;KREISE;;05116;;;;;;195069;Anzahl;WAHL01;Wahlberechtigte
14111;;;;2005-09-18;KREISE;;05117;;;;;;80,7;Prozent;WAHLSR;Wahlbeteiligung
14111;;;;2005-09-18;KREISE;;05117;;;;;;129911;Anzahl;WAHL01;Wahlberechtigte
14111;;;;2005-09-18;KREISE;;05119;;;;;;76,8;Prozent;WAHLSR;Wahlbeteiligung
14111;;;;2005-09-18;KREISE;;05119;;;;;;161219;Anzahl;WAHL01;Wahlberechtigte
14111;;;;2005-09-18;KREISE;;05120;;;;;;75,4;Prozent;WAHLSR;Wahlbeteiligung
14111;;;;2005-09-18;KREISE;;05120;;;;;;83240;Anzahl;WAHL01;Wahlberechtigte
14111;;;;2005-09-18;KREISE;;05122;;;;;;77,0;Prozent;WAHLSR;Wahlbeteiligung
14111;;;;2005-09-18;KREISE;;05122;;;;;;114839;Anzahl;WAHL01;Wahlberechtigte
14111;;;;2005-09-18;KREISE;;05124;;;;;;76,3;Prozent;WAHLSR;Wahlbeteiligung
14111;;;;2005-09-18;KREISE;;05124;;;;;;254780;Anzahl;WAHL01;Wahlberechtigte
14111;;;;2005-09-18;KREISE;;05154;;;;;;77,9;Prozent;WAHLSR;Wahlbeteiligung
14111;;;;2005-09-18;KREISE;;05154;;;;;;223341;Anzahl;WAHL01;Wahlberechtigte
14111;;;;2005-09-18;KREISE;;05158;;;;;;79,9;Prozent;WAHLSR;Wahlbeteiligung
14111;;;;2005-09-18;KREISE;;05158;;;;;;375810;Anzahl;WAHL01;Wahlberechtigte
14111;;;;2005-09-18;KREISE;;05162;;;;;;79,5;Prozent;WAHLSR;Wahlbeteiligung
14111;;;;2005-09-18;KREISE;;05162;;;;;;329569;Anzahl;WAHL01;Wahlberechtigte
14111;;;;2005-09-18;KREISE;;05166;;;;;;78,5;Prozent;WAHLSR;Wahlbeteiligung
14111;;;;2005-09-18;KREISE;;05166;;;;;;225763;Anzahl;WAHL01;Wahlberechtigte
14111;;;;2005-09-18;KREISE;;05170;;;;;;80,2;Prozent;WAHLSR;Wahlbeteiligung
14111;;;;2005-09-18;KREISE;;05170;;;;;;358798;Anzahl;WAHL01;Wahlberechtigte
14111;;;;2005-09-18;KREISE;;05313;;;;;;-;Prozent;WAHLSR;Wahlbeteiligung
14111;;;;2005-09-18;KREISE;;05313;;;;;;-;Anzahl;WAHL01;Wahlberechtigte
14111;;;;2005-09-18;KREISE;;05314;;;;;;81,3;Prozent;WAHLSR;Wahlbeteiligung
14111;;;;2005-09-18;KREISE;;05314;;;;;;212584;Anzahl;WAHL01;Wahlberechtigte
14111;;;;2005-09-18;KREISE;;05315;;;;;;76,2;Prozent;WAHLSR;Wahlbeteiligung
14111;;;;2005-09-18;KREISE;;05315;;;;;;686538;Anzahl;WAHL01;Wahlberechtigte
14111;;;;2005-09-18;KREISE;;05316;;;;;;78,2;Prozent;WAHLSR;Wahlbeteiligung
14111;;;;2005-09-18;KREISE;;05316;;;;;;117748;Anzahl;WAHL01;Wahlberechtigte
14111;;;;2005-09-18;KREISE;;05334;;;;;;-;Prozent;WAHLSR;Wahlbeteiligung
14111;;;;2005-09-18;KREISE;;05334;;;;;;-;Anzahl;WAHL01;Wahlberechtigte
14111;;;;2005-09-18;KREISE;;05334002;;;;;;78,8;Prozent;WAHLSR;Wahlbeteiligung
14111;;;;2005-09-18;KREISE;;05334002;;;;;;174998;Anzahl;WAHL01;Wahlberechtigte
14111;;;;2005-09-18;KREISE;;05354;;;;;;77,8;Prozent;WAHLSR;Wahlbeteiligung
14111;;;;2005-09-18;KREISE;;05354;;;;;;227154;Anzahl;WAHL01;Wahlberechtigte
14111;;;;2005-09-18;KREISE;;05358;;;;;;77,6;Prozent;WAHLSR;Wahlbeteiligung
14111;;;;2005-09-18;KREISE;;05358;;;;;;198643;Anzahl;WAHL01;Wahlberechtigte
14111;;;;2005-09-18;KREISE;;05362;;;;;;79,7;Prozent;WAHLSR;Wahlbeteiligung
14111;;;;2005-09-18;KREISE;;05362;;;;;;336823;Anzahl;WAHL01;Wahlberechtigte
14111;;;;2005-09-18;KREISE;;05366;;;;;;77,2;Prozent;WAHLSR;Wahlbeteiligung
14111;;;;2005-09-18;KREISE;;05366;;;;;;147194;Anzahl;WAHL01;Wahlberechtigte
14111;;;;2005-09-18;KREISE;;05370;;;;;;77,3;Prozent;WAHLSR;Wahlbeteiligung
14111;;;;2005-09-18;KREISE;;05370;;;;;;185273;Anzahl;WAHL01;Wahlberechtigte
14111;;;;2005-09-18;KREISE;;05374;;;;;;77,6;Prozent;WAHLSR;Wahlbeteiligung
14111;;;;2005-09-18;KREISE;;05374;;;;;;212632;Anzahl;WAHL01;Wahlberechtigte
14111;;;;2005-09-18;KREISE;;05378;;;;;;82,9;Prozent;WAHLSR;Wahlbeteiligung
14111;;;;2005-09-18;KREISE;;05378;;;;;;213615;Anzahl;WAHL01;Wahlberechtigte
14111;;;;2005-09-18;KREISE;;05382;;;;;;80,5;Prozent;WAHLSR;Wahlbeteiligung
14111;;;;2005-09-18;KREISE;;05382;;;;;;435569;Anzahl;WAHL01;Wahlberechtigte
14111;;;;2005-09-18;KREISE;;05512;;;;;;79,6;Prozent;WAHLSR;Wahlbeteiligung
14111;;;;2005-09-18;KREISE;;05512;;;;;;91292;Anzahl;WAHL01;Wahlberechtigte
14111;;;;2005-09-18;KREISE;;05513;;;;;;73,6;Prozent;WAHLSR;Wahlbeteiligung
14111;;;;2005-09-18;KREISE;;05513;;;;;;193519;Anzahl;WAHL01;Wahlberechtigte
14111;;;;2005-09-18;KREISE;;05515;;;;;;83,0;Prozent;WAHLSR;Wahlbeteiligung
14111;;;;2005-09-18;KREISE;;05515;;;;;;204797;Anzahl;WAHL01;Wahlberechtigte
14111;;;;2005-09-18;KREISE;;05554;;;;;;80,7;Prozent;WAHLSR;Wahlbeteiligung
14111;;;;2005-09-18;KREISE;;05554;;;;;;267182;Anzahl;WAHL01;Wahlberechtigte
14111;;;;2005-09-18;KREISE;;05558;;;;;;82,8;Prozent;WAHLSR;Wahlbeteiligung
14111;;;;2005-09-18;KREISE;;05558;;;;;;166319;Anzahl;WAHL01;Wahlberechtigte
14111;;;;2005-09-18;KREISE;;05562;;;;;;78,2;Prozent;WAHLSR;Wahlbeteiligung
14111;;;;2005-09-18;KREISE;;05562;;;;;;490913;Anzahl;WAHL01;Wahlberechtigte
14111;;;;2005-09-18;KREISE;;05566;;;;;;80,9;Prozent;WAHLSR;Wahlbeteiligung
14111;;;;2005-09-18;KREISE;;05566;;;;;;329797;Anzahl;WAHL01;Wahlberechtigte
14111;;;;2005-09-18;KREISE;;05570;;;;;;81,0;Prozent;WAHLSR;Wahlbeteiligung
14111;;;;2005-09-18;KREISE;;05570;;;;;;209515;Anzahl;WAHL01;Wahlberechtigte
14111;;;;2005-09-18;KREISE;;05711;;;;;;79,9;Prozent;WAHLSR;Wahlbeteiligung
14111;;;;2005-09-18;KREISE;;05711;;;;;;239126;Anzahl;WAHL01;Wahlberechtigte
14111;;;;2005-09-18;KREISE;;05754;;;;;;79,7;Prozent;WAHLSR;Wahlbeteiligung
14111;;;;2005-09-18;KREISE;;05754;;;;;;256946;Anzahl;WAHL01;Wahlberechtigte
14111;;;;2005-09-18;KREISE;;05758;;;;;;78,5;Prozent;WAHLSR;Wahlbeteiligung
14111;;;;2005-09-18;KREISE;;05758;;;;;;195703;Anzahl;WAHL01;Wahlberechtigte
14111;;;;2005-09-18;KREISE;;05762;;;;;;80,5;Prozent;WAHLSR;Wahlbeteiligung
14111;;;;2005-09-18;KREISE;;05762;;;;;;117537;Anzahl;WAHL01;Wahlberechtigte
14111;;;;2005-09-18;KREISE;;05766;;;;;;79,7;Prozent;WAHLSR;Wahlbeteiligung
14111;;;;2005-09-18;KREISE;;05766;;;;;;276298;Anzahl;WAHL01;Wahlberechtigte
14111;;;;2005-09-18;KREISE;;05770;;;;;;78,0;Prozent;WAHLSR;Wahlbeteiligung
14111;;;;2005-09-18;KREISE;;05770;;;;;;247990;Anzahl;WAHL01;Wahlberechtigte
14111;;;;2005-09-18;KREISE;;05774;;;;;;78,5;Prozent;WAHLSR;Wahlbeteiligung
14111;;;;2005-09-18;KREISE;;05774;;;;;;218325;Anzahl;WAHL01;Wahlberechtigte
14111;;;;2005-09-18;KREISE;;05911;;;;;;78,9;Prozent;WAHLSR;Wahlbeteiligung
14111;;;;2005-09-18;KREISE;;05911;;;;;;289357;Anzahl;WAHL01;Wahlberechtigte
14111;;;;2005-09-18;KREISE;;05913;;;;;;75,3;Prozent;WAHLSR;Wahlbeteiligung
14111;;;;2005-09-18;KREISE;;05913;;;;;;426790;Anzahl;WAHL01;Wahlberechtigte
14111;;;;2005-09-18;KREISE;;05914;;;;;;75,5;Prozent;WAHLSR;Wahlbeteiligung
14111;;;;2005-09-18;KREISE;;05914;;;;;;143053;Anzahl;WAHL01;Wahlberechtigte
14111;;;;2005-09-18;KREISE;;05915;;;;;;76,0;Prozent;WAHLSR;Wahlbeteiligung
14111;;;;2005-09-18;KREISE;;05915;;;;;;129980;Anzahl;WAHL01;Wahlberechtigte
14111;;;;2005-09-18;KREISE;;05916;;;;;;75,7;Prozent;WAHLSR;Wahlbeteiligung
14111;;;;2005-09-18;KREISE;;05916;;;;;;121036;Anzahl;WAHL01;Wahlberechtigte
14111;;;;2005-09-18;KREISE;;05954;;;;;;79,7;Prozent;WAHLSR;Wahlbeteiligung
14111;;;;2005-09-18;KREISE;;05954;;;;;;264544;Anzahl;WAHL01;Wahlberechtigte
14111;;;;2005-09-18;KREISE;;05958;;;;;;79,4;Prozent;WAHLSR;Wahlbeteiligung
14111;;;;2005-09-18;KREISE;;05958;;;;;;210773;Anzahl;WAHL01;Wahlberechtigte
14111;;;;2005-09-18;KREISE;;05962;;;;;;76,1;Prozent;WAHLSR;Wahlbeteiligung
14111;;;;2005-09-18;KREISE;;05962;;;;;;324306;Anzahl;WAHL01;Wahlberechtigte
14111;;;;2005-09-18;KREISE;;05966;;;;;;79,4;Prozent;WAHLSR;Wahlbeteiligung
14111;;;;2005-09-18;KREISE;;05966;;;;;;104036;Anzahl;WAHL01;Wahlberechtigte
14111;;;;2005-09-18;KREISE;;05970;;;;;;78,1;Prozent;WAHLSR;Wahlbeteiligung
14111;;;;2005-09-18;KREISE;;05970;;;;;;219343;Anzahl;WAHL01;Wahlberechtigte
14111;;;;2005-09-18;KREISE;;05974;;;;;;78,3;Prozent;WAHLSR;Wahlbeteiligung
14111;;;;2005-09-18;KREISE;;05974;;;;;;230957;Anzahl;WAHL01;Wahlberechtigte
14111;;;;2005-09-18;KREISE;;05978;;;;;;79,3;Prozent;WAHLSR;Wahlbeteiligung
14111;;;;2005-09-18;KREISE;;05978;;;;;;315479;Anzahl;WAHL01;Wahlberechtigte
14111;;;;2005-09-18;KREISE;;06411;;;;;;78,1;Prozent;WAHLSR;Wahlbeteiligung
14111;;;;2005-09-18;KREISE;;06411;;;;;;96914;Anzahl;WAHL01;Wahlberechtigte
14111;;;;2005-09-18;KREISE;;06412;;;;;;75,8;Prozent;WAHLSR;Wahlbeteiligung
14111;;;;2005-09-18;KREISE;;06412;;;;;;386909;Anzahl;WAHL01;Wahlberechtigte
14111;;;;2005-09-18;KREISE;;06413;;;;;;71,2;Prozent;WAHLSR;Wahlbeteiligung
14111;;;;2005-09-18;KREISE;;06413;;;;;;67244;Anzahl;WAHL01;Wahlberechtigte
14111;;;;2005-09-18;KREISE;;06414;;;;;;75,6;Prozent;WAHLSR;Wahlbeteiligung
14111;;;;2005-09-18;KREISE;;06414;;;;;;186409;Anzahl;WAHL01;Wahlberechtigte
14111;;;;2005-09-18;KREISE;;06415;;;;;;-;Prozent;WAHLSR;Wahlbeteiligung
14111;;;;2005-09-18;KREISE;;06415;;;;;;-;Anzahl;WAHL01;Wahlberechtigte
14111;;;;2005-09-18;KREISE;;06431;;;;;;79,4;Prozent;WAHLSR;Wahlbeteiligung
14111;;;;2005-09-18;KREISE;;06431;;;;;;199215;Anzahl;WAHL01;Wahlberechtigte
14111;;;;2005-09-18;KREISE;;06432;;;;;;80,9;Prozent;WAHLSR;Wahlbeteiligung
14111;;;;2005-09-18;KREISE;;06432;;;;;;209868;Anzahl;WAHL01;Wahlberechtigte
14111;;;;2005-09-18;KREISE;;06433;;;;;;80,0;Prozent;WAHLSR;Wahlbeteiligung
14111;;;;2005-09-18;KREISE;;06433;;;;;;169776;Anzahl;WAHL01;Wahlberechtigte
14111;;;;2005-09-18;KREISE;;06434;;;;;;83,4;Prozent;WAHLSR;Wahlbeteiligung
14111;;;;2005-09-18;KREISE;;06434;;;;;;163980;Anzahl;WAHL01;Wahlberechtigte
14111;;;;2005-09-18;KREISE;;06435;;;;;;78,5;Prozent;WAHLSR;Wahlbeteiligung
14111;;;;2005-09-18;KREISE;;06435;;;;;;296771;Anzahl;WAHL01;Wahlberechtigte
14111;;;;2005-09-18;KREISE;;06436;;;;;;83,1;Prozent;WAHLSR;Wahlbeteiligung
14111;;;;2005-09-18;KREISE;;06436;;;;;;162297;Anzahl;WAHL01;Wahlberechtigte
14111;;;;2005-09-18;KREISE;;06437;;;;;;77,9;Prozent;WAHLSR;Wahlbeteiligung
14111;;;;2005-09-18;KREISE;;06437;;;;;;73849;Anzahl;WAHL01;Wahlberechtigte
14111;;;;2005-09-18;KREISE;;06438;;;;;;80,5;Prozent;WAHLSR;Wahlbeteiligung
14111;;;;2005-09-18;KREISE;;06438;;;;;;236585;Anzahl;WAHL01;Wahlberechtigte
14111;;;;2005-09-18;KREISE;;06439;;;;;;81,3;Prozent;WAHLSR;Wahlbeteiligung
14111;;;;2005-09-18;KREISE;;06439;;;;;;137739;Anzahl;WAHL01;Wahlberechtigte
14111;;;;2005-09-18;KREISE;;06440;;;;;;78,9;Prozent;WAHLSR;Wahlbeteiligung
14111;;;;2005-09-18;KREISE;;06440;;;;;;219529;Anzahl;WAHL01;Wahlberechtigte
14111;;;;2005-09-18;KREISE;;06531;;;;;;77,5;Prozent;WAHLSR;Wahlbeteiligung
14111;;;;2005-09-18;KREISE;;06531;;;;;;190194;Anzahl;WAHL01;Wahlberechtigte
14111;;;;2005-09-18;KREISE;;06532;;;;;;75,1;Prozent;WAHLSR;Wahlbeteiligung
14111;;;;2005-09-18;KREISE;;06532;;;;;;194449;Anzahl;WAHL01;Wahlberechtigte
14111;;;;2005-09-18;KREISE;;06533;;;;;;77,2;Prozent;WAHLSR;Wahlbeteiligung
14111;;;;2005-09-18;KREISE;;06533;;;;;;132241;Anzahl;WAHL01;Wahlberechtigte
14111;;;;2005-09-18;KREISE;;06534;;;;;;78,3;Prozent;WAHLSR;Wahlbeteiligung
14111;;;;2005-09-18;KREISE;;06534;;;;;;183984;Anzahl;WAHL01;Wahlberechtigte
14111;;;;2005-09-18;KREISE;;06535;;;;;;78,0;Prozent;WAHLSR;Wahlbeteiligung
14111;;;;2005-09-18;KREISE;;06535;;;;;;91736;Anzahl;WAHL01;Wahlberechtigte
14111;;;;2005-09-18;KREISE;;06611;;;;;;75,6;Prozent;WAHLSR;Wahlbeteiligung
14111;;;;2005-09-18;KREISE;;06611;;;;;;139073;Anzahl;WAHL01;Wahlberechtigte
14111;;;;2005-09-18;KREISE;;06631;;;;;;79,7;Prozent;WAHLSR;Wahlbeteiligung
14111;;;;2005-09-18;KREISE;;06631;;;;;;166621;Anzahl;WAHL01;Wahlberechtigte
14111;;;;2005-09-18;KREISE;;06632;;;;;;78,9;Prozent;WAHLSR;Wahlbeteiligung
14111;;;;2005-09-18;KREISE;;06632;;;;;;100591;Anzahl;WAHL01;Wahlberechtigte
14111;;;;2005-09-18;KREISE;;06633;;;;;;82,1;Prozent;WAHLSR;Wahlbeteiligung
14111;;;;2005-09-18;KREISE;;06633;;;;;;192784;Anzahl;WAHL01;Wahlberechtigte
14111;;;;2005-09-18;KREISE;;06634;;;;;;80,8;Prozent;WAHLSR;Wahlbeteiligung
14111;;;;2005-09-18;KREISE;;06634;;;;;;149878;Anzahl;WAHL01;Wahlberechtigte
14111;;;;2005-09-18;KREISE;;06635;;;;;;77,0;Prozent;WAHLSR;Wahlbeteiligung
14111;;;;2005-09-18;KREISE;;06635;;;;;;130039;Anzahl;WAHL01;Wahlberechtigte
14111;;;;2005-09-18;KREISE;;06636;;;;;;79,4;Prozent;WAHLSR;Wahlbeteiligung
14111;;;;2005-09-18;KREISE;;06636;;;;;;88313;Anzahl;WAHL01;Wahlberechtigte
14111;;;;2005-09-18;KREISE;;07111;;;;;;75,3;Prozent;WAHLSR;Wahlbeteiligung
14111;;;;2005-09-18;KREISE;;07111;;;;;;81754;Anzahl;WAHL01;Wahlberechtigte
14111;;;;2005-09-18;KREISE;;07131;;;;;;80,5;Prozent;WAHLSR;Wahlbeteiligung
14111;;;;2005-09-18;KREISE;;07131;;;;;;99987;Anzahl;WAHL01;Wahlberechtigte
14111;;;;2005-09-18;KREISE;;07132;;;;;;77,4;Prozent;WAHLSR;Wahlbeteiligung
14111;;;;2005-09-18;KREISE;;07132;;;;;;103519;Anzahl;WAHL01;Wahlberechtigte
14111;;;;2005-09-18;KREISE;;07133;;;;;;78,3;Prozent;WAHLSR;Wahlbeteiligung
14111;;;;2005-09-18;KREISE;;07133;;;;;;121658;Anzahl;WAHL01;Wahlberechtigte
14111;;;;2005-09-18;KREISE;;07134;;;;;;74,8;Prozent;WAHLSR;Wahlbeteiligung
14111;;;;2005-09-18;KREISE;;07134;;;;;;70206;Anzahl;WAHL01;Wahlberechtigte
14111;;;;2005-09-18;KREISE;;07135;;;;;;80,4;Prozent;WAHLSR;Wahlbeteiligung
14111;;;;2005-09-18;KREISE;;07135;;;;;;52623;Anzahl;WAHL01;Wahlberechtigte
14111;;;;2005-09-18;KREISE;;07137;;;;;;78,1;Prozent;WAHLSR;Wahlbeteiligung
14111;;;;2005-09-18;KREISE;;07137;;;;;;165788;Anzahl;WAHL01;Wahlberechtigte
14111;;;;2005-09-18;KREISE;;07138;;;;;;79,2;Prozent;WAHLSR;Wahlbeteiligung
14111;;;;2005-09-18;KREISE;;07138;;;;;;139174;Anzahl;WAHL01;Wahlberechtigte
14111;;;;2005-09-18;KREISE;;07140;;;;;;79,4;Prozent;WAHLSR;Wahlbeteiligung
14111;;;;2005-09-18;KREISE;;07140;;;;;;82168;Anzahl;WAHL01;Wahlberechtigte
14111;;;;2005-09-18;KREISE;;07141;;;;;;78,3;Prozent;WAHLSR;Wahlbeteiligung
14111;;;;2005-09-18;KREISE;;07141;;;;;;99899;Anzahl;WAHL01;Wahlberechtigte
14111;;;;2005-09-18;KREISE;;07143;;;;;;79,0;Prozent;WAHLSR;Wahlbeteiligung
14111;;;;2005-09-18;KREISE;;07143;;;;;;154862;Anzahl;WAHL01;Wahlberechtigte
14111;;;;2005-09-18;KREISE;;07211;;;;;;72,4;Prozent;WAHLSR;Wahlbeteiligung
14111;;;;2005-09-18;KREISE;;07211;;;;;;76049;Anzahl;WAHL01;Wahlberechtigte
14111;;;;2005-09-18;KREISE;;07231;;;;;;78,4;Prozent;WAHLSR;Wahlbeteiligung
14111;;;;2005-09-18;KREISE;;07231;;;;;;90175;Anzahl;WAHL01;Wahlberechtigte
14111;;;;2005-09-18;KREISE;;07232;;;;;;78,1;Prozent;WAHLSR;Wahlbeteiligung
14111;;;;2005-09-18;KREISE;;07232;;;;;;74843;Anzahl;WAHL01;Wahlberechtigte
14111;;;;2005-09-18;KREISE;;07233;;;;;;79,3;Prozent;WAHLSR;Wahlbeteiligung
14111;;;;2005-09-18;KREISE;;07233;;;;;;50230;Anzahl;WAHL01;Wahlberechtigte
14111;;;;2005-09-18;KREISE;;07235;;;;;;81,2;Prozent;WAHLSR;Wahlbeteiligung
14111;;;;2005-09-18;KREISE;;07235;;;;;;109388;Anzahl;WAHL01;Wahlberechtigte
14111;;;;2005-09-18;KREISE;;07311;;;;;;76,5;Prozent;WAHLSR;Wahlbeteiligung
14111;;;;2005-09-18;KREISE;;07311;;;;;;34278;Anzahl;WAHL01;Wahlberechtigte
14111;;;;2005-09-18;KREISE;;07312;;;;;;71,7;Prozent;WAHLSR;Wahlbeteiligung
14111;;;;2005-09-18;KREISE;;07312;;;;;;72218;Anzahl;WAHL01;Wahlberechtigte
14111;;;;2005-09-18;KREISE;;07313;;;;;;76,4;Prozent;WAHLSR;Wahlbeteiligung
14111;;;;2005-09-18;KREISE;;07313;;;;;;31970;Anzahl;WAHL01;Wahlberechtigte
14111;;;;2005-09-18;KREISE;;07314;;;;;;74,7;Prozent;WAHLSR;Wahlbeteiligung
14111;;;;2005-09-18;KREISE;;07314;;;;;;103937;Anzahl;WAHL01;Wahlberechtigte
14111;;;;2005-09-18;KREISE;;07315;;;;;;80,1;Prozent;WAHLSR;Wahlbeteiligung
14111;;;;2005-09-18;KREISE;;07315;;;;;;136480;Anzahl;WAHL01;Wahlberechtigte
14111;;;;2005-09-18;KREISE;;07316;;;;;;79,7;Prozent;WAHLSR;Wahlbeteiligung
14111;;;;2005-09-18;KREISE;;07316;;;;;;41724;Anzahl;WAHL01;Wahlberechtigte
14111;;;;2005-09-18;KREISE;;07317;;;;;;71,6;Prozent;WAHLSR;Wahlbeteiligung
14111;;;;2005-09-18;KREISE;;07317;;;;;;34681;Anzahl;WAHL01;Wahlberechtigte
14111;;;;2005-09-18;KREISE;;07318;;;;;;76,2;Prozent;WAHLSR;Wahlbeteiligung
14111;;;;2005-09-18;KREISE;;07318;;;;;;36586;Anzahl;WAHL01;Wahlberechtigte
14111;;;;2005-09-18;KREISE;;07319;;;;;;73,4;Prozent;WAHLSR;Wahlbeteiligung
14111;;;;2005-09-18;KREISE;;07319;;;;;;59226;Anzahl;WAHL01;Wahlberechtigte
14111;;;;2005-09-18;KREISE;;07320;;;;;;73,1;Prozent;WAHLSR;Wahlbeteiligung
14111;;;;2005-09-18;KREISE;;07320;;;;;;27926;Anzahl;WAHL01;Wahlberechtigte
14111;;;;2005-09-18;KREISE;;07331;;;;;;80,8;Prozent;WAHLSR;Wahlbeteiligung
14111;;;;2005-09-18;KREISE;;07331;;;;;;95768;Anzahl;WAHL01;Wahlberechtigte
14111;;;;2005-09-18;KREISE;;07332;;;;;;81,9;Prozent;WAHLSR;Wahlbeteiligung
14111;;;;2005-09-18;KREISE;;07332;;;;;;105047;Anzahl;WAHL01;Wahlberechtigte
14111;;;;2005-09-18;KREISE;;07333;;;;;;77,7;Prozent;WAHLSR;Wahlbeteiligung
14111;;;;2005-09-18;KREISE;;07333;;;;;;60059;Anzahl;WAHL01;Wahlberechtigte
14111;;;;2005-09-18;KREISE;;07334;;;;;;79,7;Prozent;WAHLSR;Wahlbeteiligung
14111;;;;2005-09-18;KREISE;;07334;;;;;;91643;Anzahl;WAHL01;Wahlberechtigte
14111;;;;2005-09-18;KREISE;;07335;;;;;;79,8;Prozent;WAHLSR;Wahlbeteiligung
14111;;;;2005-09-18;KREISE;;07335;;;;;;83534;Anzahl;WAHL01;Wahlberechtigte
14111;;;;2005-09-18;KREISE;;07336;;;;;;77,9;Prozent;WAHLSR;Wahlbeteiligung
14111;;;;2005-09-18;KREISE;;07336;;;;;;61585;Anzahl;WAHL01;Wahlberechtigte
14111;;;;2005-09-18;KREISE;;07337;;;;;;81,5;Prozent;WAHLSR;Wahlbeteiligung
14111;;;;2005-09-18;KREISE;;07337;;;;;;86282;Anzahl;WAHL01;Wahlberechtigte
14111;;;;2005-09-18;KREISE;;07338;;;;;;84,2;Prozent;WAHLSR;Wahlbeteiligung
14111;;;;2005-09-18;KREISE;;07338;;;;;;114438;Anzahl;WAHL01;Wahlberechtigte
14111;;;;2005-09-18;KREISE;;07339;;;;;;83,0;Prozent;WAHLSR;Wahlbeteiligung
14111;;;;2005-09-18;KREISE;;07339;;;;;;151935;Anzahl;WAHL01;Wahlberechtigte
14111;;;;2005-09-18;KREISE;;07340;;;;;;82,0;Prozent;WAHLSR;Wahlbeteiligung
14111;;;;2005-09-18;KREISE;;07340;;;;;;82531;Anzahl;WAHL01;Wahlberechtigte
14111;;;;2005-09-18;KREISE;;08111;;;;;;79,1;Prozent;WAHLSR;Wahlbeteiligung
14111;;;;2005-09-18;KREISE;;08111;;;;;;358910;Anzahl;WAHL01;Wahlberechtigte
14111;;;;2005-09-18;KREISE;;08115;;;;;;81,6;Prozent;WAHLSR;Wahlbeteiligung
14111;;;;2005-09-18;KREISE;;08115;;;;;;251187;Anzahl;WAHL01;Wahlberechtigte
14111;;;;2005-09-18;KREISE;;08116;;;;;;81,9;Prozent;WAHLSR;Wahlbeteiligung
14111;;;;2005-09-18;KREISE;;08116;;;;;;354800;Anzahl;WAHL01;Wahlberechtigte
14111;;;;2005-09-18;KREISE;;08117;;;;;;78,8;Prozent;WAHLSR;Wahlbeteiligung
14111;;;;2005-09-18;KREISE;;08117;;;;;;180833;Anzahl;WAHL01;Wahlberechtigte
14111;;;;2005-09-18;KREISE;;08118;;;;;;81,5;Prozent;WAHLSR;Wahlbeteiligung
14111;;;;2005-09-18;KREISE;;08118;;;;;;349457;Anzahl;WAHL01;Wahlberechtigte
14111;;;;2005-09-18;KREISE;;08119;;;;;;80,4;Prozent;WAHLSR;Wahlbeteiligung
14111;;;;2005-09-18;KREISE;;08119;;;;;;290119;Anzahl;WAHL01;Wahlberechtigte
14111;;;;2005-09-18;KREISE;;08121;;;;;;74,3;Prozent;WAHLSR;Wahlbeteiligung
14111;;;;2005-09-18;KREISE;;08121;;;;;;77641;Anzahl;WAHL01;Wahlberechtigte
14111;;;;2005-09-18;KREISE;;08125;;;;;;79,6;Prozent;WAHLSR;Wahlbeteiligung
14111;;;;2005-09-18;KREISE;;08125;;;;;;232447;Anzahl;WAHL01;Wahlberechtigte
14111;;;;2005-09-18;KREISE;;08126;;;;;;77,4;Prozent;WAHLSR;Wahlbeteiligung
14111;;;;2005-09-18;KREISE;;08126;;;;;;80598;Anzahl;WAHL01;Wahlberechtigte
14111;;;;2005-09-18;KREISE;;08127;;;;;;73,9;Prozent;WAHLSR;Wahlbeteiligung
14111;;;;2005-09-18;KREISE;;08127;;;;;;139566;Anzahl;WAHL01;Wahlberechtigte
14111;;;;2005-09-18;KREISE;;08128;;;;;;78,9;Prozent;WAHLSR;Wahlbeteiligung
14111;;;;2005-09-18;KREISE;;08128;;;;;;104947;Anzahl;WAHL01;Wahlberechtigte
14111;;;;2005-09-18;KREISE;;08135;;;;;;77,5;Prozent;WAHLSR;Wahlbeteiligung
14111;;;;2005-09-18;KREISE;;08135;;;;;;97065;Anzahl;WAHL01;Wahlberechtigte
14111;;;;2005-09-18;KREISE;;08136;;;;;;77,9;Prozent;WAHLSR;Wahlbeteiligung
14111;;;;2005-09-18;KREISE;;08136;;;;;;230628;Anzahl;WAHL01;Wahlberechtigte
14111;;;;2005-09-18;KREISE;;08211;;;;;;76,8;Prozent;WAHLSR;Wahlbeteiligung
14111;;;;2005-09-18;KREISE;;08211;;;;;;40168;Anzahl;WAHL01;Wahlberechtigte
14111;;;;2005-09-18;KREISE;;08212;;;;;;76,1;Prozent;WAHLSR;Wahlbeteiligung
14111;;;;2005-09-18;KREISE;;08212;;;;;;197356;Anzahl;WAHL01;Wahlberechtigte
14111;;;;2005-09-18;KREISE;;08215;;;;;;80,3;Prozent;WAHLSR;Wahlbeteiligung
14111;;;;2005-09-18;KREISE;;08215;;;;;;315426;Anzahl;WAHL01;Wahlberechtigte
14111;;;;2005-09-18;KREISE;;08216;;;;;;76,3;Prozent;WAHLSR;Wahlbeteiligung
14111;;;;2005-09-18;KREISE;;08216;;;;;;167108;Anzahl;WAHL01;Wahlberechtigte
14111;;;;2005-09-18;KREISE;;08221;;;;;;79,6;Prozent;WAHLSR;Wahlbeteiligung
14111;;;;2005-09-18;KREISE;;08221;;;;;;93116;Anzahl;WAHL01;Wahlberechtigte
14111;;;;2005-09-18;KREISE;;08222;;;;;;73,7;Prozent;WAHLSR;Wahlbeteiligung
14111;;;;2005-09-18;KREISE;;08222;;;;;;198518;Anzahl;WAHL01;Wahlberechtigte
14111;;;;2005-09-18;KREISE;;08225;;;;;;77,0;Prozent;WAHLSR;Wahlbeteiligung
14111;;;;2005-09-18;KREISE;;08225;;;;;;111104;Anzahl;WAHL01;Wahlberechtigte
14111;;;;2005-09-18;KREISE;;08226;;;;;;81,6;Prozent;WAHLSR;Wahlbeteiligung
14111;;;;2005-09-18;KREISE;;08226;;;;;;389469;Anzahl;WAHL01;Wahlberechtigte
14111;;;;2005-09-18;KREISE;;08231;;;;;;71,7;Prozent;WAHLSR;Wahlbeteiligung
14111;;;;2005-09-18;KREISE;;08231;;;;;;78736;Anzahl;WAHL01;Wahlberechtigte
14111;;;;2005-09-18;KREISE;;08235;;;;;;78,5;Prozent;WAHLSR;Wahlbeteiligung
14111;;;;2005-09-18;KREISE;;08235;;;;;;110772;Anzahl;WAHL01;Wahlberechtigte
14111;;;;2005-09-18;KREISE;;08236;;;;;;80,6;Prozent;WAHLSR;Wahlbeteiligung
14111;;;;2005-09-18;KREISE;;08236;;;;;;140219;Anzahl;WAHL01;Wahlberechtigte
14111;;;;2005-09-18;KREISE;;08237;;;;;;76,2;Prozent;WAHLSR;Wahlbeteiligung
14111;;;;2005-09-18;KREISE;;08237;;;;;;87822;Anzahl;WAHL01;Wahlberechtigte
14111;;;;2005-09-18;KREISE;;08311;;;;;;79,3;Prozent;WAHLSR;Wahlbeteiligung
14111;;;;2005-09-18;KREISE;;08311;;;;;;143045;Anzahl;WAHL01;Wahlberechtigte
14111;;;;2005-09-18;KREISE;;08315;;;;;;81,0;Prozent;WAHLSR;Wahlbeteiligung
14111;;;;2005-09-18;KREISE;;08315;;;;;;183770;Anzahl;WAHL01;Wahlberechtigte
14111;;;;2005-09-18;KREISE;;08316;;;;;;79,1;Prozent;WAHLSR;Wahlbeteiligung
14111;;;;2005-09-18;KREISE;;08316;;;;;;117316;Anzahl;WAHL01;Wahlberechtigte
14111;;;;2005-09-18;KREISE;;08317;;;;;;75,2;Prozent;WAHLSR;Wahlbeteiligung
14111;;;;2005-09-18;KREISE;;08317;;;;;;309218;Anzahl;WAHL01;Wahlberechtigte
14111;;;;2005-09-18;KREISE;;08325;;;;;;76,6;Prozent;WAHLSR;Wahlbeteiligung
14111;;;;2005-09-18;KREISE;;08325;;;;;;103743;Anzahl;WAHL01;Wahlberechtigte
14111;;;;2005-09-18;KREISE;;08326;;;;;;77,0;Prozent;WAHLSR;Wahlbeteiligung
14111;;;;2005-09-18;KREISE;;08326;;;;;;151659;Anzahl;WAHL01;Wahlberechtigte
14111;;;;2005-09-18;KREISE;;08327;;;;;;77,3;Prozent;WAHLSR;Wahlbeteiligung
14111;;;;2005-09-18;KREISE;;08327;;;;;;95397;Anzahl;WAHL01;Wahlberechtigte
14111;;;;2005-09-18;KREISE;;08335;;;;;;77,9;Prozent;WAHLSR;Wahlbeteiligung
14111;;;;2005-09-18;KREISE;;08335;;;;;;193465;Anzahl;WAHL01;Wahlberechtigte
14111;;;;2005-09-18;KREISE;;08336;;;;;;75,8;Prozent;WAHLSR;Wahlbeteiligung
14111;;;;2005-09-18;KREISE;;08336;;;;;;157729;Anzahl;WAHL01;Wahlberechtigte
14111;;;;2005-09-18;KREISE;;08337;;;;;;75,4;Prozent;WAHLSR;Wahlbeteiligung
14111;;;;2005-09-18;KREISE;;08337;;;;;;118100;Anzahl;WAHL01;Wahlberechtigte
14111;;;;2005-09-18;KREISE;;08415;;;;;;79,9;Prozent;WAHLSR;Wahlbeteiligung
14111;;;;2005-09-18;KREISE;;08415;;;;;;195834;Anzahl;WAHL01;Wahlberechtigte
14111;;;;2005-09-18;KREISE;;08416;;;;;;82,0;Prozent;WAHLSR;Wahlbeteiligung
14111;;;;2005-09-18;KREISE;;08416;;;;;;146226;Anzahl;WAHL01;Wahlberechtigte
14111;;;;2005-09-18;KREISE;;08417;;;;;;76,3;Prozent;WAHLSR;Wahlbeteiligung
14111;;;;2005-09-18;KREISE;;08417;;;;;;140486;Anzahl;WAHL01;Wahlberechtigte
14111;;;;2005-09-18;KREISE;;08421;;;;;;78,5;Prozent;WAHLSR;Wahlbeteiligung
14111;;;;2005-09-18;KREISE;;08421;;;;;;79237;Anzahl;WAHL01;Wahlberechtigte
14111;;;;2005-09-18;KREISE;;08425;;;;;;80,9;Prozent;WAHLSR;Wahlbeteiligung
14111;;;;2005-09-18;KREISE;;08425;;;;;;135671;Anzahl;WAHL01;Wahlberechtigte
14111;;;;2005-09-18;KREISE;;08426;;;;;;79,1;Prozent;WAHLSR;Wahlbeteiligung
14111;;;;2005-09-18;KREISE;;08426;;;;;;138144;Anzahl;WAHL01;Wahlberechtigte
14111;;;;2005-09-18;KREISE;;08435;;;;;;80,0;Prozent;WAHLSR;Wahlbeteiligung
14111;;;;2005-09-18;KREISE;;08435;;;;;;148427;Anzahl;WAHL01;Wahlberechtigte
14111;;;;2005-09-18;KREISE;;08436;;;;;;78,2;Prozent;WAHLSR;Wahlbeteiligung
14111;;;;2005-09-18;KREISE;;08436;;;;;;197512;Anzahl;WAHL01;Wahlberechtigte
14111;;;;2005-09-18;KREISE;;08437;;;;;;76,8;Prozent;WAHLSR;Wahlbeteiligung
14111;;;;2005-09-18;KREISE;;08437;;;;;;96202;Anzahl;WAHL01;Wahlberechtigte
14111;;;;2005-09-18;KREISE;;09161;;;;;;69,8;Prozent;WAHLSR;Wahlbeteiligung
14111;;;;2005-09-18;KREISE;;09161;;;;;;86164;Anzahl;WAHL01;Wahlberechtigte
14111;;;;2005-09-18;KREISE;;09162;;;;;;76,9;Prozent;WAHLSR;Wahlbeteiligung
14111;;;;2005-09-18;KREISE;;09162;;;;;;840166;Anzahl;WAHL01;Wahlberechtigte
14111;;;;2005-09-18;KREISE;;09163;;;;;;72,2;Prozent;WAHLSR;Wahlbeteiligung
14111;;;;2005-09-18;KREISE;;09163;;;;;;41101;Anzahl;WAHL01;Wahlberechtigte
14111;;;;2005-09-18;KREISE;;09171;;;;;;75,5;Prozent;WAHLSR;Wahlbeteiligung
14111;;;;2005-09-18;KREISE;;09171;;;;;;82929;Anzahl;WAHL01;Wahlberechtigte
14111;;;;2005-09-18;KREISE;;09172;;;;;;76,7;Prozent;WAHLSR;Wahlbeteiligung
14111;;;;2005-09-18;KREISE;;09172;;;;;;73636;Anzahl;WAHL01;Wahlberechtigte
14111;;;;2005-09-18;KREISE;;09173;;;;;;79,9;Prozent;WAHLSR;Wahlbeteiligung
14111;;;;2005-09-18;KREISE;;09173;;;;;;88777;Anzahl;WAHL01;Wahlberechtigte
14111;;;;2005-09-18;KREISE;;09174;;;;;;81,1;Prozent;WAHLSR;Wahlbeteiligung
14111;;;;2005-09-18;KREISE;;09174;;;;;;95529;Anzahl;WAHL01;Wahlberechtigte
14111;;;;2005-09-18;KREISE;;09175;;;;;;83,6;Prozent;WAHLSR;Wahlbeteiligung
14111;;;;2005-09-18;KREISE;;09175;;;;;;89850;Anzahl;WAHL01;Wahlberechtigte
14111;;;;2005-09-18;KREISE;;09176;;;;;;81,2;Prozent;WAHLSR;Wahlbeteiligung
14111;;;;2005-09-18;KREISE;;09176;;;;;;91266;Anzahl;WAHL01;Wahlberechtigte
14111;;;;2005-09-18;KREISE;;09177;;;;;;79,5;Prozent;WAHLSR;Wahlbeteiligung
14111;;;;2005-09-18;KREISE;;09177;;;;;;89531;Anzahl;WAHL01;Wahlberechtigte
14111;;;;2005-09-18;KREISE;;09178;;;;;;80,4;Prozent;WAHLSR;Wahlbeteiligung
14111;;;;2005-09-18;KREISE;;09178;;;;;;111510;Anzahl;WAHL01;Wahlberechtigte
14111;;;;2005-09-18;KREISE;;09179;;;;;;82,6;Prozent;WAHLSR;Wahlbeteiligung
14111;;;;2005-09-18;KREISE;;09179;;;;;;147411;Anzahl;WAHL01;Wahlberechtigte
14111;;;;2005-09-18;KREISE;;09180;;;;;;78,9;Prozent;WAHLSR;Wahlbeteiligung
14111;;;;2005-09-18;KREISE;;09180;;;;;;65163;Anzahl;WAHL01;Wahlberechtigte
14111;;;;2005-09-18;KREISE;;09181;;;;;;80,9;Prozent;WAHLSR;Wahlbeteiligung
14111;;;;2005-09-18;KREISE;;09181;;;;;;82124;Anzahl;WAHL01;Wahlberechtigte
14111;;;;2005-09-18;KREISE;;09182;;;;;;80,3;Prozent;WAHLSR;Wahlbeteiligung
14111;;;;2005-09-18;KREISE;;09182;;;;;;70354;Anzahl;WAHL01;Wahlberechtigte
14111;;;;2005-09-18;KREISE;;09183;;;;;;74,8;Prozent;WAHLSR;Wahlbeteiligung
14111;;;;2005-09-18;KREISE;;09183;;;;;;83283;Anzahl;WAHL01;Wahlberechtigte
14111;;;;2005-09-18;KREISE;;09184;;;;;;83,4;Prozent;WAHLSR;Wahlbeteiligung
14111;;;;2005-09-18;KREISE;;09184;;;;;;221199;Anzahl;WAHL01;Wahlberechtigte
14111;;;;2005-09-18;KREISE;;09185;;;;;;77,5;Prozent;WAHLSR;Wahlbeteiligung
14111;;;;2005-09-18;KREISE;;09185;;;;;;68469;Anzahl;WAHL01;Wahlberechtigte
14111;;;;2005-09-18;KREISE;;09186;;;;;;78,3;Prozent;WAHLSR;Wahlbeteiligung
14111;;;;2005-09-18;KREISE;;09186;;;;;;86031;Anzahl;WAHL01;Wahlberechtigte
14111;;;;2005-09-18;KREISE;;09187;;;;;;79,3;Prozent;WAHLSR;Wahlbeteiligung
14111;;;;2005-09-18;KREISE;;09187;;;;;;180919;Anzahl;WAHL01;Wahlberechtigte
14111;;;;2005-09-18;KREISE;;09188;;;;;;84,3;Prozent;WAHLSR;Wahlbeteiligung
14111;;;;2005-09-18;KREISE;;09188;;;;;;94199;Anzahl;WAHL01;Wahlberechtigte
14111;;;;2005-09-18;KREISE;;09189;;;;;;78,2;Prozent;WAHLSR;Wahlbeteiligung
14111;;;;2005-09-18;KREISE;;09189;;;;;;129311;Anzahl;WAHL01;Wahlberechtigte
14111;;;;2005-09-18;KREISE;;09190;;;;;;80,1;Prozent;WAHLSR;Wahlbeteiligung
14111;;;;2005-09-18;KREISE;;09190;;;;;;97075;Anzahl;WAHL01;Wahlberechtigte
14111;;;;2005-09-18;KREISE;;09261;;;;;;73,9;Prozent;WAHLSR;Wahlbeteiligung
14111;;;;2005-09-18;KREISE;;09261;;;;;;45842;Anzahl;WAHL01;Wahlberechtigte
14111;;;;2005-09-18;KREISE;;09262;;;;;;71,1;Prozent;WAHLSR;Wahlbeteiligung
14111;;;;2005-09-18;KREISE;;09262;;;;;;38367;Anzahl;WAHL01;Wahlberechtigte
14111;;;;2005-09-18;KREISE;;09263;;;;;;68,7;Prozent;WAHLSR;Wahlbeteiligung
14111;;;;2005-09-18;KREISE;;09263;;;;;;34179;Anzahl;WAHL01;Wahlberechtigte
14111;;;;2005-09-18;KREISE;;09271;;;;;;71,6;Prozent;WAHLSR;Wahlbeteiligung
14111;;;;2005-09-18;KREISE;;09271;;;;;;89987;Anzahl;WAHL01;Wahlberechtigte
14111;;;;2005-09-18;KREISE;;09272;;;;;;69,7;Prozent;WAHLSR;Wahlbeteiligung
14111;;;;2005-09-18;KREISE;;09272;;;;;;64167;Anzahl;WAHL01;Wahlberechtigte
14111;;;;2005-09-18;KREISE;;09273;;;;;;75,9;Prozent;WAHLSR;Wahlbeteiligung
14111;;;;2005-09-18;KREISE;;09273;;;;;;84521;Anzahl;WAHL01;Wahlberechtigte
14111;;;;2005-09-18;KREISE;;09274;;;;;;78,8;Prozent;WAHLSR;Wahlbeteiligung
14111;;;;2005-09-18;KREISE;;09274;;;;;;111739;Anzahl;WAHL01;Wahlberechtigte
14111;;;;2005-09-18;KREISE;;09275;;;;;;71,8;Prozent;WAHLSR;Wahlbeteiligung
14111;;;;2005-09-18;KREISE;;09275;;;;;;146361;Anzahl;WAHL01;Wahlberechtigte
14111;;;;2005-09-18;KREISE;;09276;;;;;;70,9;Prozent;WAHLSR;Wahlbeteiligung
14111;;;;2005-09-18;KREISE;;09276;;;;;;63904;Anzahl;WAHL01;Wahlberechtigte
14111;;;;2005-09-18;KREISE;;09277;;;;;;73,8;Prozent;WAHLSR;Wahlbeteiligung
14111;;;;2005-09-18;KREISE;;09277;;;;;;91631;Anzahl;WAHL01;Wahlberechtigte
14111;;;;2005-09-18;KREISE;;09278;;;;;;78,5;Prozent;WAHLSR;Wahlbeteiligung
14111;;;;2005-09-18;KREISE;;09278;;;;;;74533;Anzahl;WAHL01;Wahlberechtigte
14111;;;;2005-09-18;KREISE;;09279;;;;;;74,4;Prozent;WAHLSR;Wahlbeteiligung
14111;;;;2005-09-18;KREISE;;09279;;;;;;69922;Anzahl;WAHL01;Wahlberechtigte
14111;;;;2005-09-18;KREISE;;09361;;;;;;71,6;Prozent;WAHLSR;Wahlbeteiligung
14111;;;;2005-09-18;KREISE;;09361;;;;;;33863;Anzahl;WAHL01;Wahlberechtigte
14111;;;;2005-09-18;KREISE;;09362;;;;;;72,9;Prozent;WAHLSR;Wahlbeteiligung
14111;;;;2005-09-18;KREISE;;09362;;;;;;96827;Anzahl;WAHL01;Wahlberechtigte
14111;;;;2005-09-18;KREISE;;09363;;;;;;71,9;Prozent;WAHLSR;Wahlbeteiligung
14111;;;;2005-09-18;KREISE;;09363;;;;;;33516;Anzahl;WAHL01;Wahlberechtigte
14111;;;;2005-09-18;KREISE;;09371;;;;;;78,3;Prozent;WAHLSR;Wahlbeteiligung
14111;;;;2005-09-18;KREISE;;09371;;;;;;82860;Anzahl;WAHL01;Wahlberechtigte
14111;;;;2005-09-18;KREISE;;09372;;;;;;73,3;Prozent;WAHLSR;Wahlbeteiligung
14111;;;;2005-09-18;KREISE;;09372;;;;;;101722;Anzahl;WAHL01;Wahlberechtigte
14111;;;;2005-09-18;KREISE;;09373;;;;;;80,2;Prozent;WAHLSR;Wahlbeteiligung
14111;;;;2005-09-18;KREISE;;09373;;;;;;96433;Anzahl;WAHL01;Wahlberechtigte
14111;;;;2005-09-18;KREISE;;09374;;;;;;79,7;Prozent;WAHLSR;Wahlbeteiligung
14111;;;;2005-09-18;KREISE;;09374;;;;;;77294;Anzahl;WAHL01;Wahlberechtigte
14111;;;;2005-09-18;KREISE;;09375;;;;;;78,8;Prozent;WAHLSR;Wahlbeteiligung
14111;;;;2005-09-18;KREISE;;09375;;;;;;139592;Anzahl;WAHL01;Wahlberechtigte
14111;;;;2005-09-18;KREISE;;09376;;;;;;75,5;Prozent;WAHLSR;Wahlbeteiligung
14111;;;;2005-09-18;KREISE;;09376;;;;;;113755;Anzahl;WAHL01;Wahlberechtigte
14111;;;;2005-09-18;KREISE;;09377;;;;;;78,9;Prozent;WAHLSR;Wahlbeteiligung
14111;;;;2005-09-18;KREISE;;09377;;;;;;61997;Anzahl;WAHL01;Wahlberechtigte
14111;;;;2005-09-18;KREISE;;09461;;;;;;73,7;Prozent;WAHLSR;Wahlbeteiligung
14111;;;;2005-09-18;KREISE;;09461;;;;;;53164;Anzahl;WAHL01;Wahlberechtigte
14111;;;;2005-09-18;KREISE;;09462;;;;;;73,2;Prozent;WAHLSR;Wahlbeteiligung
14111;;;;2005-09-18;KREISE;;09462;;;;;;57300;Anzahl;WAHL01;Wahlberechtigte
14111;;;;2005-09-18;KREISE;;09463;;;;;;74,0;Prozent;WAHLSR;Wahlbeteiligung
14111;;;;2005-09-18;KREISE;;09463;;;;;;32874;Anzahl;WAHL01;Wahlberechtigte
14111;;;;2005-09-18;KREISE;;09464;;;;;;72,3;Prozent;WAHLSR;Wahlbeteiligung
14111;;;;2005-09-18;KREISE;;09464;;;;;;36752;Anzahl;WAHL01;Wahlberechtigte
14111;;;;2005-09-18;KREISE;;09471;;;;;;80,6;Prozent;WAHLSR;Wahlbeteiligung
14111;;;;2005-09-18;KREISE;;09471;;;;;;111662;Anzahl;WAHL01;Wahlberechtigte
14111;;;;2005-09-18;KREISE;;09472;;;;;;79,9;Prozent;WAHLSR;Wahlbeteiligung
14111;;;;2005-09-18;KREISE;;09472;;;;;;85960;Anzahl;WAHL01;Wahlberechtigte
14111;;;;2005-09-18;KREISE;;09473;;;;;;79,4;Prozent;WAHLSR;Wahlbeteiligung
14111;;;;2005-09-18;KREISE;;09473;;;;;;71852;Anzahl;WAHL01;Wahlberechtigte
14111;;;;2005-09-18;KREISE;;09474;;;;;;81,2;Prozent;WAHLSR;Wahlbeteiligung
14111;;;;2005-09-18;KREISE;;09474;;;;;;86715;Anzahl;WAHL01;Wahlberechtigte
14111;;;;2005-09-18;KREISE;;09475;;;;;;78,1;Prozent;WAHLSR;Wahlbeteiligung
14111;;;;2005-09-18;KREISE;;09475;;;;;;84329;Anzahl;WAHL01;Wahlberechtigte
14111;;;;2005-09-18;KREISE;;09476;;;;;;78,1;Prozent;WAHLSR;Wahlbeteiligung
14111;;;;2005-09-18;KREISE;;09476;;;;;;59816;Anzahl;WAHL01;Wahlberechtigte
14111;;;;2005-09-18;KREISE;;09477;;;;;;78,1;Prozent;WAHLSR;Wahlbeteiligung
14111;;;;2005-09-18;KREISE;;09477;;;;;;62383;Anzahl;WAHL01;Wahlberechtigte
14111;;;;2005-09-18;KREISE;;09478;;;;;;77,8;Prozent;WAHLSR;Wahlbeteiligung
14111;;;;2005-09-18;KREISE;;09478;;;;;;55406;Anzahl;WAHL01;Wahlberechtigte
14111;;;;2005-09-18;KREISE;;09479;;;;;;75,0;Prozent;WAHLSR;Wahlbeteiligung
14111;;;;2005-09-18;KREISE;;09479;;;;;;65562;Anzahl;WAHL01;Wahlberechtigte
14111;;;;2005-09-18;KREISE;;09561;;;;;;72,8;Prozent;WAHLSR;Wahlbeteiligung
14111;;;;2005-09-18;KREISE;;09561;;;;;;30941;Anzahl;WAHL01;Wahlberechtigte
14111;;;;2005-09-18;KREISE;;09562;;;;;;78,9;Prozent;WAHLSR;Wahlbeteiligung
14111;;;;2005-09-18;KREISE;;09562;;;;;;73870;Anzahl;WAHL01;Wahlberechtigte
14111;;;;2005-09-18;KREISE;;09563;;;;;;72,5;Prozent;WAHLSR;Wahlbeteiligung
14111;;;;2005-09-18;KREISE;;09563;;;;;;81226;Anzahl;WAHL01;Wahlberechtigte
14111;;;;2005-09-18;KREISE;;09564;;;;;;75,3;Prozent;WAHLSR;Wahlbeteiligung
14111;;;;2005-09-18;KREISE;;09564;;;;;;338386;Anzahl;WAHL01;Wahlberechtigte
14111;;;;2005-09-18;KREISE;;09565;;;;;;77,4;Prozent;WAHLSR;Wahlbeteiligung
14111;;;;2005-09-18;KREISE;;09565;;;;;;28942;Anzahl;WAHL01;Wahlberechtigte
14111;;;;2005-09-18;KREISE;;09571;;;;;;78,0;Prozent;WAHLSR;Wahlbeteiligung
14111;;;;2005-09-18;KREISE;;09571;;;;;;139238;Anzahl;WAHL01;Wahlberechtigte
14111;;;;2005-09-18;KREISE;;09572;;;;;;82,6;Prozent;WAHLSR;Wahlbeteiligung
14111;;;;2005-09-18;KREISE;;09572;;;;;;98785;Anzahl;WAHL01;Wahlberechtigte
14111;;;;2005-09-18;KREISE;;09573;;;;;;82,2;Prozent;WAHLSR;Wahlbeteiligung
14111;;;;2005-09-18;KREISE;;09573;;;;;;87663;Anzahl;WAHL01;Wahlberechtigte
14111;;;;2005-09-18;KREISE;;09574;;;;;;81,8;Prozent;WAHLSR;Wahlbeteiligung
14111;;;;2005-09-18;KREISE;;09574;;;;;;127822;Anzahl;WAHL01;Wahlberechtigte
14111;;;;2005-09-18;KREISE;;09575;;;;;;77,7;Prozent;WAHLSR;Wahlbeteiligung
14111;;;;2005-09-18;KREISE;;09575;;;;;;77072;Anzahl;WAHL01;Wahlberechtigte
14111;;;;2005-09-18;KREISE;;09576;;;;;;82,4;Prozent;WAHLSR;Wahlbeteiligung
14111;;;;2005-09-18;KREISE;;09576;;;;;;95472;Anzahl;WAHL01;Wahlberechtigte
14111;;;;2005-09-18;KREISE;;09577;;;;;;77,7;Prozent;WAHLSR;Wahlbeteiligung
14111;;;;2005-09-18;KREISE;;09577;;;;;;72577;Anzahl;WAHL01;Wahlberechtigte
14111;;;;2005-09-18;KREISE;;09661;;;;;;73,0;Prozent;WAHLSR;Wahlbeteiligung
14111;;;;2005-09-18;KREISE;;09661;;;;;;49859;Anzahl;WAHL01;Wahlberechtigte
14111;;;;2005-09-18;KREISE;;09662;;;;;;71,3;Prozent;WAHLSR;Wahlbeteiligung
14111;;;;2005-09-18;KREISE;;09662;;;;;;39663;Anzahl;WAHL01;Wahlberechtigte
14111;;;;2005-09-18;KREISE;;09663;;;;;;76,2;Prozent;WAHLSR;Wahlbeteiligung
14111;;;;2005-09-18;KREISE;;09663;;;;;;98365;Anzahl;WAHL01;Wahlberechtigte
14111;;;;2005-09-18;KREISE;;09671;;;;;;81,5;Prozent;WAHLSR;Wahlbeteiligung
14111;;;;2005-09-18;KREISE;;09671;;;;;;132365;Anzahl;WAHL01;Wahlberechtigte
14111;;;;2005-09-18;KREISE;;09672;;;;;;78,8;Prozent;WAHLSR;Wahlbeteiligung
14111;;;;2005-09-18;KREISE;;09672;;;;;;86077;Anzahl;WAHL01;Wahlberechtigte
14111;;;;2005-09-18;KREISE;;09673;;;;;;79,4;Prozent;WAHLSR;Wahlbeteiligung
14111;;;;2005-09-18;KREISE;;09673;;;;;;65823;Anzahl;WAHL01;Wahlberechtigte
14111;;;;2005-09-18;KREISE;;09674;;;;;;80,3;Prozent;WAHLSR;Wahlbeteiligung
14111;;;;2005-09-18;KREISE;;09674;;;;;;68682;Anzahl;WAHL01;Wahlberechtigte
14111;;;;2005-09-18;KREISE;;09675;;;;;;78,9;Prozent;WAHLSR;Wahlbeteiligung
14111;;;;2005-09-18;KREISE;;09675;;;;;;67878;Anzahl;WAHL01;Wahlberechtigte
14111;;;;2005-09-18;KREISE;;09676;;;;;;79,6;Prozent;WAHLSR;Wahlbeteiligung
14111;;;;2005-09-18;KREISE;;09676;;;;;;95989;Anzahl;WAHL01;Wahlberechtigte
14111;;;;2005-09-18;KREISE;;09677;;;;;;80,6;Prozent;WAHLSR;Wahlbeteiligung
14111;;;;2005-09-18;KREISE;;09677;;;;;;101718;Anzahl;WAHL01;Wahlberechtigte
14111;;;;2005-09-18;KREISE;;09678;;;;;;82,3;Prozent;WAHLSR;Wahlbeteiligung
14111;;;;2005-09-18;KREISE;;09678;;;;;;90704;Anzahl;WAHL01;Wahlberechtigte
14111;;;;2005-09-18;KREISE;;09679;;;;;;83,6;Prozent;WAHLSR;Wahlbeteiligung
14111;;;;2005-09-18;KREISE;;09679;;;;;;123722;Anzahl;WAHL01;Wahlberechtigte
14111;;;;2005-09-18;KREISE;;09761;;;;;;73,3;Prozent;WAHLSR;Wahlbeteiligung
14111;;;;2005-09-18;KREISE;;09761;;;;;;182835;Anzahl;WAHL01;Wahlberechtigte
14111;;;;2005-09-18;KREISE;;09762;;;;;;72,6;Prozent;WAHLSR;Wahlbeteiligung
14111;;;;2005-09-18;KREISE;;09762;;;;;;31886;Anzahl;WAHL01;Wahlberechtigte
14111;;;;2005-09-18;KREISE;;09763;;;;;;72,0;Prozent;WAHLSR;Wahlbeteiligung
14111;;;;2005-09-18;KREISE;;09763;;;;;;46442;Anzahl;WAHL01;Wahlberechtigte
14111;;;;2005-09-18;KREISE;;09764;;;;;;74,7;Prozent;WAHLSR;Wahlbeteiligung
14111;;;;2005-09-18;KREISE;;09764;;;;;;29715;Anzahl;WAHL01;Wahlberechtigte
14111;;;;2005-09-18;KREISE;;09771;;;;;;81,5;Prozent;WAHLSR;Wahlbeteiligung
14111;;;;2005-09-18;KREISE;;09771;;;;;;94771;Anzahl;WAHL01;Wahlberechtigte
14111;;;;2005-09-18;KREISE;;09772;;;;;;80,0;Prozent;WAHLSR;Wahlbeteiligung
14111;;;;2005-09-18;KREISE;;09772;;;;;;179571;Anzahl;WAHL01;Wahlberechtigte
14111;;;;2005-09-18;KREISE;;09773;;;;;;77,1;Prozent;WAHLSR;Wahlbeteiligung
14111;;;;2005-09-18;KREISE;;09773;;;;;;71585;Anzahl;WAHL01;Wahlberechtigte
14111;;;;2005-09-18;KREISE;;09774;;;;;;75,5;Prozent;WAHLSR;Wahlbeteiligung
14111;;;;2005-09-18;KREISE;;09774;;;;;;89033;Anzahl;WAHL01;Wahlberechtigte
14111;;;;2005-09-18;KREISE;;09775;;;;;;77,7;Prozent;WAHLSR;Wahlbeteiligung
14111;;;;2005-09-18;KREISE;;09775;;;;;;118377;Anzahl;WAHL01;Wahlberechtigte
14111;;;;2005-09-18;KREISE;;09776;;;;;;78,4;Prozent;WAHLSR;Wahlbeteiligung
14111;;;;2005-09-18;KREISE;;09776;;;;;;57087;Anzahl;WAHL01;Wahlberechtigte
14111;;;;2005-09-18;KREISE;;09777;;;;;;79,6;Prozent;WAHLSR;Wahlbeteiligung
14111;;;;2005-09-18;KREISE;;09777;;;;;;100813;Anzahl;WAHL01;Wahlberechtigte
14111;;;;2005-09-18;KREISE;;09778;;;;;;78,8;Prozent;WAHLSR;Wahlbeteiligung
14111;;;;2005-09-18;KREISE;;09778;;;;;;102593;Anzahl;WAHL01;Wahlberechtigte
14111;;;;2005-09-18;KREISE;;09779;;;;;;79,3;Prozent;WAHLSR;Wahlbeteiligung
14111;;;;2005-09-18;KREISE;;09779;;;;;;98600;Anzahl;WAHL01;Wahlberechtigte
14111;;;;2005-09-18;KREISE;;09780;;;;;;80,5;Prozent;WAHLSR;Wahlbeteiligung
14111;;;;2005-09-18;KREISE;;09780;;;;;;113629;Anzahl;WAHL01;Wahlberechtigte
14111;;;;2005-09-18;KREISE;;10041;;;;;;77,3;Prozent;WAHLSR;Wahlbeteiligung
14111;;;;2005-09-18;KREISE;;10041;;;;;;260245;Anzahl;WAHL01;Wahlberechtigte
14111;;;;2005-09-18;KREISE;;10041100;;;;;;-;Prozent;WAHLSR;Wahlbeteiligung
14111;;;;2005-09-18;KREISE;;10041100;;;;;;-;Anzahl;WAHL01;Wahlberechtigte
14111;;;;2005-09-18;KREISE;;10042;;;;;;80,2;Prozent;WAHLSR;Wahlbeteiligung
14111;;;;2005-09-18;KREISE;;10042;;;;;;83353;Anzahl;WAHL01;Wahlberechtigte
14111;;;;2005-09-18;KREISE;;10043;;;;;;78,9;Prozent;WAHLSR;Wahlbeteiligung
14111;;;;2005-09-18;KREISE;;10043;;;;;;114678;Anzahl;WAHL01;Wahlberechtigte
14111;;;;2005-09-18;KREISE;;10044;;;;;;80,0;Prozent;WAHLSR;Wahlbeteiligung
14111;;;;2005-09-18;KREISE;;10044;;;;;;162766;Anzahl;WAHL01;Wahlberechtigte
14111;;;;2005-09-18;KREISE;;10045;;;;;;80,6;Prozent;WAHLSR;Wahlbeteiligung
14111;;;;2005-09-18;KREISE;;10045;;;;;;120928;Anzahl;WAHL01;Wahlberechtigte
14111;;;;2005-09-18;KREISE;;10046;;;;;;83,4;Prozent;WAHLSR;Wahlbeteiligung
14111;;;;2005-09-18;KREISE;;10046;;;;;;76508;Anzahl;WAHL01;Wahlberechtigte
14111;;;;2005-09-18;KREISE;;11000;;;;;;77,4;Prozent;WAHLSR;Wahlbeteiligung
14111;;;;2005-09-18;KREISE;;11000;;;;;;2438902;Anzahl;WAHL01;Wahlberechtigte
14111;;;;2005-09-18;KREISE;;11001001;;;;;;-;Prozent;WAHLSR;Wahlbeteiligung
14111;;;;2005-09-18;KREISE;;11001001;;;;;;-;Anzahl;WAHL01;Wahlberechtigte
14111;;;;2005-09-18;KREISE;;11002002;;;;;;-;Prozent;WAHLSR;Wahlbeteiligung
14111;;;;2005-09-18;KREISE;;11002002;;;;;;-;Anzahl;WAHL01;Wahlberechtigte
14111;;;;2005-09-18;KREISE;;11003003;;;;;;-;Prozent;WAHLSR;Wahlbeteiligung
14111;;;;2005-09-18;KREISE;;11003003;;;;;;-;Anzahl;WAHL01;Wahlberechtigte
14111;;;;2005-09-18;KREISE;;11004004;;;;;;-;Prozent;WAHLSR;Wahlbeteiligung
14111;;;;2005-09-18;KREISE;;11004004;;;;;;-;Anzahl;WAHL01;Wahlberechtigte
14111;;;;2005-09-18;KREISE;;11005005;;;;;;-;Prozent;WAHLSR;Wahlbeteiligung
14111;;;;2005-09-18;KREISE;;11005005;;;;;;-;Anzahl;WAHL01;Wahlberechtigte
14111;;;;2005-09-18;KREISE;;11006006;;;;;;-;Prozent;WAHLSR;Wahlbeteiligung
14111;;;;2005-09-18;KREISE;;11006006;;;;;;-;Anzahl;WAHL01;Wahlberechtigte
14111;;;;2005-09-18;KREISE;;11007007;;;;;;-;Prozent;WAHLSR;Wahlbeteiligung
14111;;;;2005-09-18;KREISE;;11007007;;;;;;-;Anzahl;WAHL01;Wahlberechtigte
14111;;;;2005-09-18;KREISE;;11008008;;;;;;-;Prozent;WAHLSR;Wahlbeteiligung
14111;;;;2005-09-18;KREISE;;11008008;;;;;;-;Anzahl;WAHL01;Wahlberechtigte
14111;;;;2005-09-18;KREISE;;11009009;;;;;;-;Prozent;WAHLSR;Wahlbeteiligung
14111;;;;2005-09-18;KREISE;;11009009;;;;;;-;Anzahl;WAHL01;Wahlberechtigte
14111;;;;2005-09-18;KREISE;;11010010;;;;;;-;Prozent;WAHLSR;Wahlbeteiligung
14111;;;;2005-09-18;KREISE;;11010010;;;;;;-;Anzahl;WAHL01;Wahlberechtigte
14111;;;;2005-09-18;KREISE;;11011011;;;;;;-;Prozent;WAHLSR;Wahlbeteiligung
14111;;;;2005-09-18;KREISE;;11011011;;;;;;-;Anzahl;WAHL01;Wahlberechtigte
14111;;;;2005-09-18;KREISE;;11012012;;;;;;-;Prozent;WAHLSR;Wahlbeteiligung
14111;;;;2005-09-18;KREISE;;11012012;;;;;;-;Anzahl;WAHL01;Wahlberechtigte
14111;;;;2005-09-18;KREISE;;12051;;;;;;68,4;Prozent;WAHLSR;Wahlbeteiligung
14111;;;;2005-09-18;KREISE;;12051;;;;;;63725;Anzahl;WAHL01;Wahlberechtigte
14111;;;;2005-09-18;KREISE;;12052;;;;;;72,0;Prozent;WAHLSR;Wahlbeteiligung
14111;;;;2005-09-18;KREISE;;12052;;;;;;87624;Anzahl;WAHL01;Wahlberechtigte
14111;;;;2005-09-18;KREISE;;12053;;;;;;72,8;Prozent;WAHLSR;Wahlbeteiligung
14111;;;;2005-09-18;KREISE;;12053;;;;;;52865;Anzahl;WAHL01;Wahlberechtigte
14111;;;;2005-09-18;KREISE;;12054;;;;;;78,8;Prozent;WAHLSR;Wahlbeteiligung
14111;;;;2005-09-18;KREISE;;12054;;;;;;119241;Anzahl;WAHL01;Wahlberechtigte
14111;;;;2005-09-18;KREISE;;12060;;;;;;75,3;Prozent;WAHLSR;Wahlbeteiligung
14111;;;;2005-09-18;KREISE;;12060;;;;;;147549;Anzahl;WAHL01;Wahlberechtigte
14111;;;;2005-09-18;KREISE;;12061;;;;;;77,3;Prozent;WAHLSR;Wahlbeteiligung
14111;;;;2005-09-18;KREISE;;12061;;;;;;134371;Anzahl;WAHL01;Wahlberechtigte
14111;;;;2005-09-18;KREISE;;12062;;;;;;75,6;Prozent;WAHLSR;Wahlbeteiligung
14111;;;;2005-09-18;KREISE;;12062;;;;;;103994;Anzahl;WAHL01;Wahlberechtigte
14111;;;;2005-09-18;KREISE;;12063;;;;;;75,3;Prozent;WAHLSR;Wahlbeteiligung
14111;;;;2005-09-18;KREISE;;12063;;;;;;125835;Anzahl;WAHL01;Wahlberechtigte
14111;;;;2005-09-18;KREISE;;12064;;;;;;75,3;Prozent;WAHLSR;Wahlbeteiligung
14111;;;;2005-09-18;KREISE;;12064;;;;;;160013;Anzahl;WAHL01;Wahlberechtigte
14111;;;;2005-09-18;KREISE;;12065;;;;;;76,3;Prozent;WAHLSR;Wahlbeteiligung
14111;;;;2005-09-18;KREISE;;12065;;;;;;164628;Anzahl;WAHL01;Wahlberechtigte
14111;;;;2005-09-18;KREISE;;12066;;;;;;73,4;Prozent;WAHLSR;Wahlbeteiligung
14111;;;;2005-09-18;KREISE;;12066;;;;;;112038;Anzahl;WAHL01;Wahlberechtigte
14111;;;;2005-09-18;KREISE;;12067;;;;;;75,7;Prozent;WAHLSR;Wahlbeteiligung
14111;;;;2005-09-18;KREISE;;12067;;;;;;159230;Anzahl;WAHL01;Wahlberechtigte
14111;;;;2005-09-18;KREISE;;12068;;;;;;70,2;Prozent;WAHLSR;Wahlbeteiligung
14111;;;;2005-09-18;KREISE;;12068;;;;;;90590;Anzahl;WAHL01;Wahlberechtigte
14111;;;;2005-09-18;KREISE;;12069;;;;;;78,4;Prozent;WAHLSR;Wahlbeteiligung
14111;;;;2005-09-18;KREISE;;12069;;;;;;166077;Anzahl;WAHL01;Wahlberechtigte
14111;;;;2005-09-18;KREISE;;12070;;;;;;73,5;Prozent;WAHLSR;Wahlbeteiligung
14111;;;;2005-09-18;KREISE;;12070;;;;;;75316;Anzahl;WAHL01;Wahlberechtigte
14111;;;;2005-09-18;KREISE;;12071;;;;;;74,4;Prozent;WAHLSR;Wahlbeteiligung
14111;;;;2005-09-18;KREISE;;12071;;;;;;115599;Anzahl;WAHL01;Wahlberechtigte
14111;;;;2005-09-18;KREISE;;12072;;;;;;75,3;Prozent;WAHLSR;Wahlbeteiligung
14111;;;;2005-09-18;KREISE;;12072;;;;;;133880;Anzahl;WAHL01;Wahlberechtigte
14111;;;;2005-09-18;KREISE;;12073;;;;;;71,4;Prozent;WAHLSR;Wahlbeteiligung
14111;;;;2005-09-18;KREISE;;12073;;;;;;115777;Anzahl;WAHL01;Wahlberechtigte
14111;;;;2005-09-18;KREISE;;13001;;;;;;69,9;Prozent;WAHLSR;Wahlbeteiligung
14111;;;;2005-09-18;KREISE;;13001;;;;;;43292;Anzahl;WAHL01;Wahlberechtigte
14111;;;;2005-09-18;KREISE;;13002;;;;;;72,6;Prozent;WAHLSR;Wahlbeteiligung
14111;;;;2005-09-18;KREISE;;13002;;;;;;57475;Anzahl;WAHL01;Wahlberechtigte
14111;;;;2005-09-18;KREISE;;13003;;;;;;71,6;Prozent;WAHLSR;Wahlbeteiligung
14111;;;;2005-09-18;KREISE;;13003;;;;;;165436;Anzahl;WAHL01;Wahlberechtigte
14111;;;;2005-09-18;KREISE;;13004;;;;;;71,8;Prozent;WAHLSR;Wahlbeteiligung
14111;;;;2005-09-18;KREISE;;13004;;;;;;78805;Anzahl;WAHL01;Wahlberechtigte
14111;;;;2005-09-18;KREISE;;13005;;;;;;70,4;Prozent;WAHLSR;Wahlbeteiligung
14111;;;;2005-09-18;KREISE;;13005;;;;;;49381;Anzahl;WAHL01;Wahlberechtigte
14111;;;;2005-09-18;KREISE;;13006;;;;;;69,9;Prozent;WAHLSR;Wahlbeteiligung
14111;;;;2005-09-18;KREISE;;13006;;;;;;36674;Anzahl;WAHL01;Wahlberechtigte
14111;;;;2005-09-18;KREISE;;13051;;;;;;75,1;Prozent;WAHLSR;Wahlbeteiligung
14111;;;;2005-09-18;KREISE;;13051;;;;;;98942;Anzahl;WAHL01;Wahlberechtigte
14111;;;;2005-09-18;KREISE;;13052;;;;;;69,2;Prozent;WAHLSR;Wahlbeteiligung
14111;;;;2005-09-18;KREISE;;13052;;;;;;72691;Anzahl;WAHL01;Wahlberechtigte
14111;;;;2005-09-18;KREISE;;13053;;;;;;69,7;Prozent;WAHLSR;Wahlbeteiligung
14111;;;;2005-09-18;KREISE;;13053;;;;;;88095;Anzahl;WAHL01;Wahlberechtigte
14111;;;;2005-09-18;KREISE;;13054;;;;;;73,5;Prozent;WAHLSR;Wahlbeteiligung
14111;;;;2005-09-18;KREISE;;13054;;;;;;106287;Anzahl;WAHL01;Wahlberechtigte
14111;;;;2005-09-18;KREISE;;13055;;;;;;72,8;Prozent;WAHLSR;Wahlbeteiligung
14111;;;;2005-09-18;KREISE;;13055;;;;;;70195;Anzahl;WAHL01;Wahlberechtigte
14111;;;;2005-09-18;KREISE;;13056;;;;;;70,8;Prozent;WAHLSR;Wahlbeteiligung
14111;;;;2005-09-18;KREISE;;13056;;;;;;56667;Anzahl;WAHL01;Wahlberechtigte
14111;;;;2005-09-18;KREISE;;13057;;;;;;70,2;Prozent;WAHLSR;Wahlbeteiligung
14111;;;;2005-09-18;KREISE;;13057;;;;;;94201;Anzahl;WAHL01;Wahlberechtigte
14111;;;;2005-09-18;KREISE;;13058;;;;;;71,2;Prozent;WAHLSR;Wahlbeteiligung
14111;;;;2005-09-18;KREISE;;13058;;;;;;97711;Anzahl;WAHL01;Wahlberechtigte
14111;;;;2005-09-18;KREISE;;13059;;;;;;70,2;Prozent;WAHLSR;Wahlbeteiligung
14111;;;;2005-09-18;KREISE;;13059;;;;;;92627;Anzahl;WAHL01;Wahlberechtigte
14111;;;;2005-09-18;KREISE;;13060;;;;;;71,9;Prozent;WAHLSR;Wahlbeteiligung
14111;;;;2005-09-18;KREISE;;13060;;;;;;85402;Anzahl;WAHL01;Wahlberechtigte
14111;;;;2005-09-18;KREISE;;13061;;;;;;67,3;Prozent;WAHLSR;Wahlbeteiligung
14111;;;;2005-09-18;KREISE;;13061;;;;;;60107;Anzahl;WAHL01;Wahlberechtigte
14111;;;;2005-09-18;KREISE;;13062;;;;;;70,1;Prozent;WAHLSR;Wahlbeteiligung
14111;;;;2005-09-18;KREISE;;13062;;;;;;64802;Anzahl;WAHL01;Wahlberechtigte
14111;;;;2005-09-18;KREISE;;13071;;;;;;-;Prozent;WAHLSR;Wahlbeteiligung
14111;;;;2005-09-18;KREISE;;13071;;;;;;-;Anzahl;WAHL01;Wahlberechtigte
14111;;;;2005-09-18;KREISE;;13072;;;;;;-;Prozent;WAHLSR;Wahlbeteiligung
14111;;;;2005-09-18;KREISE;;13072;;;;;;-;Anzahl;WAHL01;Wahlberechtigte
14111;;;;2005-09-18;KREISE;;13073;;;;;;-;Prozent;WAHLSR;Wahlbeteiligung
14111;;;;2005-09-18;KREISE;;13073;;;;;;-;Anzahl;WAHL01;Wahlberechtigte
14111;;;;2005-09-18;KREISE;;13074;;;;;;-;Prozent;WAHLSR;Wahlbeteiligung
14111;;;;2005-09-18;KREISE;;13074;;;;;;-;Anzahl;WAHL01;Wahlberechtigte
14111;;;;2005-09-18;KREISE;;13075;;;;;;-;Prozent;WAHLSR;Wahlbeteiligung
14111;;;;2005-09-18;KREISE;;13075;;;;;;-;Anzahl;WAHL01;Wahlberechtigte
14111;;;;2005-09-18;KREISE;;13076;;;;;;-;Prozent;WAHLSR;Wahlbeteiligung
14111;;;;2005-09-18;KREISE;;13076;;;;;;-;Anzahl;WAHL01;Wahlberechtigte
14111;;;;2005-09-18;KREISE;;14161;;;;;;76,0;Prozent;WAHLSR;Wahlbeteiligung
14111;;;;2005-09-18;KREISE;;14161;;;;;;207889;Anzahl;WAHL01;Wahlberechtigte
14111;;;;2005-09-18;KREISE;;14166;;;;;;74,7;Prozent;WAHLSR;Wahlbeteiligung
14111;;;;2005-09-18;KREISE;;14166;;;;;;58265;Anzahl;WAHL01;Wahlberechtigte
14111;;;;2005-09-18;KREISE;;14167;;;;;;72,7;Prozent;WAHLSR;Wahlbeteiligung
14111;;;;2005-09-18;KREISE;;14167;;;;;;84047;Anzahl;WAHL01;Wahlberechtigte
14111;;;;2005-09-18;KREISE;;14171;;;;;;76,8;Prozent;WAHLSR;Wahlbeteiligung
14111;;;;2005-09-18;KREISE;;14171;;;;;;70633;Anzahl;WAHL01;Wahlberechtigte
14111;;;;2005-09-18;KREISE;;14173;;;;;;75,8;Prozent;WAHLSR;Wahlbeteiligung
14111;;;;2005-09-18;KREISE;;14173;;;;;;114099;Anzahl;WAHL01;Wahlberechtigte
14111;;;;2005-09-18;KREISE;;14177;;;;;;77,4;Prozent;WAHLSR;Wahlbeteiligung
14111;;;;2005-09-18;KREISE;;14177;;;;;;121188;Anzahl;WAHL01;Wahlberechtigte
14111;;;;2005-09-18;KREISE;;14178;;;;;;75,1;Prozent;WAHLSR;Wahlbeteiligung
14111;;;;2005-09-18;KREISE;;14178;;;;;;163465;Anzahl;WAHL01;Wahlberechtigte
14111;;;;2005-09-18;KREISE;;14181;;;;;;77,7;Prozent;WAHLSR;Wahlbeteiligung
14111;;;;2005-09-18;KREISE;;14181;;;;;;75738;Anzahl;WAHL01;Wahlberechtigte
14111;;;;2005-09-18;KREISE;;14182;;;;;;76,9;Prozent;WAHLSR;Wahlbeteiligung
14111;;;;2005-09-18;KREISE;;14182;;;;;;110519;Anzahl;WAHL01;Wahlberechtigte
14111;;;;2005-09-18;KREISE;;14188;;;;;;77,9;Prozent;WAHLSR;Wahlbeteiligung
14111;;;;2005-09-18;KREISE;;14188;;;;;;75924;Anzahl;WAHL01;Wahlberechtigte
14111;;;;2005-09-18;KREISE;;14191;;;;;;76,3;Prozent;WAHLSR;Wahlbeteiligung
14111;;;;2005-09-18;KREISE;;14191;;;;;;111815;Anzahl;WAHL01;Wahlberechtigte
14111;;;;2005-09-18;KREISE;;14193;;;;;;76,4;Prozent;WAHLSR;Wahlbeteiligung
14111;;;;2005-09-18;KREISE;;14193;;;;;;109173;Anzahl;WAHL01;Wahlberechtigte
14111;;;;2005-09-18;KREISE;;14262;;;;;;74,5;Prozent;WAHLSR;Wahlbeteiligung
14111;;;;2005-09-18;KREISE;;14262;;;;;;398043;Anzahl;WAHL01;Wahlberechtigte
14111;;;;2005-09-18;KREISE;;14263;;;;;;71,7;Prozent;WAHLSR;Wahlbeteiligung
14111;;;;2005-09-18;KREISE;;14263;;;;;;47700;Anzahl;WAHL01;Wahlberechtigte
14111;;;;2005-09-18;KREISE;;14264;;;;;;72,6;Prozent;WAHLSR;Wahlbeteiligung
14111;;;;2005-09-18;KREISE;;14264;;;;;;36718;Anzahl;WAHL01;Wahlberechtigte
14111;;;;2005-09-18;KREISE;;14272;;;;;;76,6;Prozent;WAHLSR;Wahlbeteiligung
14111;;;;2005-09-18;KREISE;;14272;;;;;;126442;Anzahl;WAHL01;Wahlberechtigte
14111;;;;2005-09-18;KREISE;;14280;;;;;;77,7;Prozent;WAHLSR;Wahlbeteiligung
14111;;;;2005-09-18;KREISE;;14280;;;;;;125339;Anzahl;WAHL01;Wahlberechtigte
14111;;;;2005-09-18;KREISE;;14284;;;;;;75,0;Prozent;WAHLSR;Wahlbeteiligung
14111;;;;2005-09-18;KREISE;;14284;;;;;;81276;Anzahl;WAHL01;Wahlberechtigte
14111;;;;2005-09-18;KREISE;;14285;;;;;;75,5;Prozent;WAHLSR;Wahlbeteiligung
14111;;;;2005-09-18;KREISE;;14285;;;;;;96632;Anzahl;WAHL01;Wahlberechtigte
14111;;;;2005-09-18;KREISE;;14286;;;;;;74,7;Prozent;WAHLSR;Wahlbeteiligung
14111;;;;2005-09-18;KREISE;;14286;;;;;;121062;Anzahl;WAHL01;Wahlberechtigte
14111;;;;2005-09-18;KREISE;;14287;;;;;;76,9;Prozent;WAHLSR;Wahlbeteiligung
14111;;;;2005-09-18;KREISE;;14287;;;;;;117949;Anzahl;WAHL01;Wahlberechtigte
14111;;;;2005-09-18;KREISE;;14290;;;;;;78,4;Prozent;WAHLSR;Wahlbeteiligung
14111;;;;2005-09-18;KREISE;;14290;;;;;;101820;Anzahl;WAHL01;Wahlberechtigte
14111;;;;2005-09-18;KREISE;;14292;;;;;;78,1;Prozent;WAHLSR;Wahlbeteiligung
14111;;;;2005-09-18;KREISE;;14292;;;;;;125206;Anzahl;WAHL01;Wahlberechtigte
14111;;;;2005-09-18;KREISE;;14365;;;;;;74,6;Prozent;WAHLSR;Wahlbeteiligung
14111;;;;2005-09-18;KREISE;;14365;;;;;;399808;Anzahl;WAHL01;Wahlberechtigte
14111;;;;2005-09-18;KREISE;;14374;;;;;;74,4;Prozent;WAHLSR;Wahlbeteiligung
14111;;;;2005-09-18;KREISE;;14374;;;;;;102452;Anzahl;WAHL01;Wahlberechtigte
14111;;;;2005-09-18;KREISE;;14375;;;;;;74,7;Prozent;WAHLSR;Wahlbeteiligung
14111;;;;2005-09-18;KREISE;;14375;;;;;;61737;Anzahl;WAHL01;Wahlberechtigte
14111;;;;2005-09-18;KREISE;;14379;;;;;;76,0;Prozent;WAHLSR;Wahlbeteiligung
14111;;;;2005-09-18;KREISE;;14379;;;;;;124696;Anzahl;WAHL01;Wahlberechtigte
14111;;;;2005-09-18;KREISE;;14383;;;;;;75,9;Prozent;WAHLSR;Wahlbeteiligung
14111;;;;2005-09-18;KREISE;;14383;;;;;;110595;Anzahl;WAHL01;Wahlberechtigte
14111;;;;2005-09-18;KREISE;;14389;;;;;;74,4;Prozent;WAHLSR;Wahlbeteiligung
14111;;;;2005-09-18;KREISE;;14389;;;;;;81127;Anzahl;WAHL01;Wahlberechtigte
14111;;;;2005-09-18;KREISE;;14511;;;;;;76,0;Prozent;WAHLSR;Wahlbeteiligung
14111;;;;2005-09-18;KREISE;;14511;;;;;;207889;Anzahl;WAHL01;Wahlberechtigte
14111;;;;2005-09-18;KREISE;;14521;;;;;;77,1;Prozent;WAHLSR;Wahlbeteiligung
14111;;;;2005-09-18;KREISE;;14521;;;;;;334110;Anzahl;WAHL01;Wahlberechtigte
14111;;;;2005-09-18;KREISE;;14522;;;;;;76,7;Prozent;WAHLSR;Wahlbeteiligung
14111;;;;2005-09-18;KREISE;;14522;;;;;;293444;Anzahl;WAHL01;Wahlberechtigte
14111;;;;2005-09-18;KREISE;;14523;;;;;;75,0;Prozent;WAHLSR;Wahlbeteiligung
14111;;;;2005-09-18;KREISE;;14523;;;;;;221730;Anzahl;WAHL01;Wahlberechtigte
14111;;;;2005-09-18;KREISE;;14524;;;;;;75,2;Prozent;WAHLSR;Wahlbeteiligung
14111;;;;2005-09-18;KREISE;;14524;;;;;;307319;Anzahl;WAHL01;Wahlberechtigte
14111;;;;2005-09-18;KREISE;;14612;;;;;;74,5;Prozent;WAHLSR;Wahlbeteiligung
14111;;;;2005-09-18;KREISE;;14612;;;;;;398043;Anzahl;WAHL01;Wahlberechtigte
14111;;;;2005-09-18;KREISE;;14625;;;;;;76,7;Prozent;WAHLSR;Wahlbeteiligung
14111;;;;2005-09-18;KREISE;;14625;;;;;;288366;Anzahl;WAHL01;Wahlberechtigte
14111;;;;2005-09-18;KREISE;;14626;;;;;;74,2;Prozent;WAHLSR;Wahlbeteiligung
14111;;;;2005-09-18;KREISE;;14626;;;;;;250038;Anzahl;WAHL01;Wahlberechtigte
14111;;;;2005-09-18;KREISE;;14627;;;;;;76,7;Prozent;WAHLSR;Wahlbeteiligung
14111;;;;2005-09-18;KREISE;;14627;;;;;;221971;Anzahl;WAHL01;Wahlberechtigte
14111;;;;2005-09-18;KREISE;;14628;;;;;;77,6;Prozent;WAHLSR;Wahlbeteiligung
14111;;;;2005-09-18;KREISE;;14628;;;;;;219769;Anzahl;WAHL01;Wahlberechtigte
14111;;;;2005-09-18;KREISE;;14713;;;;;;74,6;Prozent;WAHLSR;Wahlbeteiligung
14111;;;;2005-09-18;KREISE;;14713;;;;;;399808;Anzahl;WAHL01;Wahlberechtigte
14111;;;;2005-09-18;KREISE;;14729;;;;;;76,0;Prozent;WAHLSR;Wahlbeteiligung
14111;;;;2005-09-18;KREISE;;14729;;;;;;235291;Anzahl;WAHL01;Wahlberechtigte
14111;;;;2005-09-18;KREISE;;14730;;;;;;74,4;Prozent;WAHLSR;Wahlbeteiligung
14111;;;;2005-09-18;KREISE;;14730;;;;;;183579;Anzahl;WAHL01;Wahlberechtigte
14111;;;;2005-09-18;KREISE;;15001;;;;;;72,3;Prozent;WAHLSR;Wahlbeteiligung
14111;;;;2005-09-18;KREISE;;15001;;;;;;79337;Anzahl;WAHL01;Wahlberechtigte
14111;;;;2005-09-18;KREISE;;15002;;;;;;71,2;Prozent;WAHLSR;Wahlbeteiligung
14111;;;;2005-09-18;KREISE;;15002;;;;;;196249;Anzahl;WAHL01;Wahlberechtigte
14111;;;;2005-09-18;KREISE;;15003;;;;;;71,2;Prozent;WAHLSR;Wahlbeteiligung
14111;;;;2005-09-18;KREISE;;15003;;;;;;192472;Anzahl;WAHL01;Wahlberechtigte
14111;;;;2005-09-18;KREISE;;15081;;;;;;72,2;Prozent;WAHLSR;Wahlbeteiligung
14111;;;;2005-09-18;KREISE;;15081;;;;;;79983;Anzahl;WAHL01;Wahlberechtigte
14111;;;;2005-09-18;KREISE;;15082;;;;;;70,5;Prozent;WAHLSR;Wahlbeteiligung
14111;;;;2005-09-18;KREISE;;15082;;;;;;161893;Anzahl;WAHL01;Wahlberechtigte
14111;;;;2005-09-18;KREISE;;15083;;;;;;70,6;Prozent;WAHLSR;Wahlbeteiligung
14111;;;;2005-09-18;KREISE;;15083;;;;;;159770;Anzahl;WAHL01;Wahlberechtigte
14111;;;;2005-09-18;KREISE;;15084;;;;;;70,0;Prozent;WAHLSR;Wahlbeteiligung
14111;;;;2005-09-18;KREISE;;15084;;;;;;177440;Anzahl;WAHL01;Wahlberechtigte
14111;;;;2005-09-18;KREISE;;15085;;;;;;71,3;Prozent;WAHLSR;Wahlbeteiligung
14111;;;;2005-09-18;KREISE;;15085;;;;;;210986;Anzahl;WAHL01;Wahlberechtigte
14111;;;;2005-09-18;KREISE;;15086;;;;;;71,7;Prozent;WAHLSR;Wahlbeteiligung
14111;;;;2005-09-18;KREISE;;15086;;;;;;86632;Anzahl;WAHL01;Wahlberechtigte
14111;;;;2005-09-18;KREISE;;15087;;;;;;70,3;Prozent;WAHLSR;Wahlbeteiligung
14111;;;;2005-09-18;KREISE;;15087;;;;;;140864;Anzahl;WAHL01;Wahlberechtigte
14111;;;;2005-09-18;KREISE;;15088;;;;;;71,9;Prozent;WAHLSR;Wahlbeteiligung
14111;;;;2005-09-18;KREISE;;15088;;;;;;175822;Anzahl;WAHL01;Wahlberechtigte
14111;;;;2005-09-18;KREISE;;15089;;;;;;68,4;Prozent;WAHLSR;Wahlbeteiligung
14111;;;;2005-09-18;KREISE;;15089;;;;;;192950;Anzahl;WAHL01;Wahlberechtigte
14111;;;;2005-09-18;KREISE;;15090;;;;;;71,3;Prozent;WAHLSR;Wahlbeteiligung
14111;;;;2005-09-18;KREISE;;15090;;;;;;108664;Anzahl;WAHL01;Wahlberechtigte
14111;;;;2005-09-18;KREISE;;15091;;;;;;73,1;Prozent;WAHLSR;Wahlbeteiligung
14111;;;;2005-09-18;KREISE;;15091;;;;;;125046;Anzahl;WAHL01;Wahlberechtigte
14111;;;;2005-09-18;KREISE;;15101;;;;;;72,4;Prozent;WAHLSR;Wahlbeteiligung
14111;;;;2005-09-18;KREISE;;15101;;;;;;67404;Anzahl;WAHL01;Wahlberechtigte
14111;;;;2005-09-18;KREISE;;15151;;;;;;71,2;Prozent;WAHLSR;Wahlbeteiligung
14111;;;;2005-09-18;KREISE;;15151;;;;;;58848;Anzahl;WAHL01;Wahlberechtigte
14111;;;;2005-09-18;KREISE;;15153;;;;;;69,4;Prozent;WAHLSR;Wahlbeteiligung
14111;;;;2005-09-18;KREISE;;15153;;;;;;56042;Anzahl;WAHL01;Wahlberechtigte
14111;;;;2005-09-18;KREISE;;15154;;;;;;71,1;Prozent;WAHLSR;Wahlbeteiligung
14111;;;;2005-09-18;KREISE;;15154;;;;;;85068;Anzahl;WAHL01;Wahlberechtigte
14111;;;;2005-09-18;KREISE;;15159;;;;;;70,7;Prozent;WAHLSR;Wahlbeteiligung
14111;;;;2005-09-18;KREISE;;15159;;;;;;55302;Anzahl;WAHL01;Wahlberechtigte
14111;;;;2005-09-18;KREISE;;15171;;;;;;72,6;Prozent;WAHLSR;Wahlbeteiligung
14111;;;;2005-09-18;KREISE;;15171;;;;;;104038;Anzahl;WAHL01;Wahlberechtigte
14111;;;;2005-09-18;KREISE;;15202;;;;;;71,2;Prozent;WAHLSR;Wahlbeteiligung
14111;;;;2005-09-18;KREISE;;15202;;;;;;196249;Anzahl;WAHL01;Wahlberechtigte
14111;;;;2005-09-18;KREISE;;15256;;;;;;70,0;Prozent;WAHLSR;Wahlbeteiligung
14111;;;;2005-09-18;KREISE;;15256;;;;;;114432;Anzahl;WAHL01;Wahlberechtigte
14111;;;;2005-09-18;KREISE;;15260;;;;;;69,2;Prozent;WAHLSR;Wahlbeteiligung
14111;;;;2005-09-18;KREISE;;15260;;;;;;86489;Anzahl;WAHL01;Wahlberechtigte
14111;;;;2005-09-18;KREISE;;15261;;;;;;70,4;Prozent;WAHLSR;Wahlbeteiligung
14111;;;;2005-09-18;KREISE;;15261;;;;;;111341;Anzahl;WAHL01;Wahlberechtigte
14111;;;;2005-09-18;KREISE;;15265;;;;;;74,6;Prozent;WAHLSR;Wahlbeteiligung
14111;;;;2005-09-18;KREISE;;15265;;;;;;64481;Anzahl;WAHL01;Wahlberechtigte
14111;;;;2005-09-18;KREISE;;15266;;;;;;71,9;Prozent;WAHLSR;Wahlbeteiligung
14111;;;;2005-09-18;KREISE;;15266;;;;;;54375;Anzahl;WAHL01;Wahlberechtigte
14111;;;;2005-09-18;KREISE;;15268;;;;;;70,0;Prozent;WAHLSR;Wahlbeteiligung
14111;;;;2005-09-18;KREISE;;15268;;;;;;63008;Anzahl;WAHL01;Wahlberechtigte
14111;;;;2005-09-18;KREISE;;15303;;;;;;71,2;Prozent;WAHLSR;Wahlbeteiligung
14111;;;;2005-09-18;KREISE;;15303;;;;;;192472;Anzahl;WAHL01;Wahlberechtigte
14111;;;;2005-09-18;KREISE;;15352;;;;;;67,4;Prozent;WAHLSR;Wahlbeteiligung
14111;;;;2005-09-18;KREISE;;15352;;;;;;81143;Anzahl;WAHL01;Wahlberechtigte
14111;;;;2005-09-18;KREISE;;15355;;;;;;69,9;Prozent;WAHLSR;Wahlbeteiligung
14111;;;;2005-09-18;KREISE;;15355;;;;;;63863;Anzahl;WAHL01;Wahlberechtigte
14111;;;;2005-09-18;KREISE;;15357;;;;;;69,3;Prozent;WAHLSR;Wahlbeteiligung
14111;;;;2005-09-18;KREISE;;15357;;;;;;64219;Anzahl;WAHL01;Wahlberechtigte
14111;;;;2005-09-18;KREISE;;15358;;;;;;71,8;Prozent;WAHLSR;Wahlbeteiligung
14111;;;;2005-09-18;KREISE;;15358;;;;;;82248;Anzahl;WAHL01;Wahlberechtigte
14111;;;;2005-09-18;KREISE;;15362;;;;;;71,1;Prozent;WAHLSR;Wahlbeteiligung
14111;;;;2005-09-18;KREISE;;15362;;;;;;95907;Anzahl;WAHL01;Wahlberechtigte
14111;;;;2005-09-18;KREISE;;15363;;;;;;71,3;Prozent;WAHLSR;Wahlbeteiligung
14111;;;;2005-09-18;KREISE;;15363;;;;;;108664;Anzahl;WAHL01;Wahlberechtigte
14111;;;;2005-09-18;KREISE;;15364;;;;;;70,6;Prozent;WAHLSR;Wahlbeteiligung
14111;;;;2005-09-18;KREISE;;15364;;;;;;62833;Anzahl;WAHL01;Wahlberechtigte
14111;;;;2005-09-18;KREISE;;15367;;;;;;69,2;Prozent;WAHLSR;Wahlbeteiligung
14111;;;;2005-09-18;KREISE;;15367;;;;;;61193;Anzahl;WAHL01;Wahlberechtigte
14111;;;;2005-09-18;KREISE;;15369;;;;;;73,4;Prozent;WAHLSR;Wahlbeteiligung
14111;;;;2005-09-18;KREISE;;15369;;;;;;78506;Anzahl;WAHL01;Wahlberechtigte
14111;;;;2005-09-18;KREISE;;15370;;;;;;72,2;Prozent;WAHLSR;Wahlbeteiligung
14111;;;;2005-09-18;KREISE;;15370;;;;;;79983;Anzahl;WAHL01;Wahlberechtigte
14111;;;;2005-09-18;KREISE;;16051;;;;;;75,6;Prozent;WAHLSR;Wahlbeteiligung
14111;;;;2005-09-18;KREISE;;16051;;;;;;165965;Anzahl;WAHL01;Wahlberechtigte
14111;;;;2005-09-18;KREISE;;16052;;;;;;73,9;Prozent;WAHLSR;Wahlbeteiligung
14111;;;;2005-09-18;KREISE;;16052;;;;;;88281;Anzahl;WAHL01;Wahlberechtigte
14111;;;;2005-09-18;KREISE;;16053;;;;;;78,2;Prozent;WAHLSR;Wahlbeteiligung
14111;;;;2005-09-18;KREISE;;16053;;;;;;84117;Anzahl;WAHL01;Wahlberechtigte
14111;;;;2005-09-18;KREISE;;16054;;;;;;73,2;Prozent;WAHLSR;Wahlbeteiligung
14111;;;;2005-09-18;KREISE;;16054;;;;;;36325;Anzahl;WAHL01;Wahlberechtigte
14111;;;;2005-09-18;KREISE;;16055;;;;;;75,9;Prozent;WAHLSR;Wahlbeteiligung
14111;;;;2005-09-18;KREISE;;16055;;;;;;51699;Anzahl;WAHL01;Wahlberechtigte
14111;;;;2005-09-18;KREISE;;16056;;;;;;73,3;Prozent;WAHLSR;Wahlbeteiligung
14111;;;;2005-09-18;KREISE;;16056;;;;;;36390;Anzahl;WAHL01;Wahlberechtigte
14111;;;;2005-09-18;KREISE;;16061;;;;;;78,2;Prozent;WAHLSR;Wahlbeteiligung
14111;;;;2005-09-18;KREISE;;16061;;;;;;89305;Anzahl;WAHL01;Wahlberechtigte
14111;;;;2005-09-18;KREISE;;16062;;;;;;74,5;Prozent;WAHLSR;Wahlbeteiligung
14111;;;;2005-09-18;KREISE;;16062;;;;;;78341;Anzahl;WAHL01;Wahlberechtigte
14111;;;;2005-09-18;KREISE;;16063;;;;;;76,0;Prozent;WAHLSR;Wahlbeteiligung
14111;;;;2005-09-18;KREISE;;16063;;;;;;116676;Anzahl;WAHL01;Wahlberechtigte
14111;;;;2005-09-18;KREISE;;16064;;;;;;74,2;Prozent;WAHLSR;Wahlbeteiligung
14111;;;;2005-09-18;KREISE;;16064;;;;;;94626;Anzahl;WAHL01;Wahlberechtigte
14111;;;;2005-09-18;KREISE;;16065;;;;;;73,4;Prozent;WAHLSR;Wahlbeteiligung
14111;;;;2005-09-18;KREISE;;16065;;;;;;74841;Anzahl;WAHL01;Wahlberechtigte
14111;;;;2005-09-18;KREISE;;16066;;;;;;74,0;Prozent;WAHLSR;Wahlbeteiligung
14111;;;;2005-09-18;KREISE;;16066;;;;;;117124;Anzahl;WAHL01;Wahlberechtigte
14111;;;;2005-09-18;KREISE;;16067;;;;;;75,1;Prozent;WAHLSR;Wahlbeteiligung
14111;;;;2005-09-18;KREISE;;16067;;;;;;120654;Anzahl;WAHL01;Wahlberechtigte
14111;;;;2005-09-18;KREISE;;16068;;;;;;74,8;Prozent;WAHLSR;Wahlbeteiligung
14111;;;;2005-09-18;KREISE;;16068;;;;;;65005;Anzahl;WAHL01;Wahlberechtigte
14111;;;;2005-09-18;KREISE;;16069;;;;;;74,6;Prozent;WAHLSR;Wahlbeteiligung
14111;;;;2005-09-18;KREISE;;16069;;;;;;60076;Anzahl;WAHL01;Wahlberechtigte
14111;;;;2005-09-18;KREISE;;16070;;;;;;76,6;Prozent;WAHLSR;Wahlbeteiligung
14111;;;;2005-09-18;KREISE;;16070;;;;;;98209;Anzahl;WAHL01;Wahlberechtigte
14111;;;;2005-09-18;KREISE;;16071;;;;;;76,5;Prozent;WAHLSR;Wahlbeteiligung
14111;;;;2005-09-18;KREISE;;16071;;;;;;73268;Anzahl;WAHL01;Wahlberechtigte
14111;;;;2005-09-18;KREISE;;16072;;;;;;73,0;Prozent;WAHLSR;Wahlbeteiligung
14111;;;;2005-09-18;KREISE;;16072;;;;;;55264;Anzahl;WAHL01;Wahlberechtigte
14111;;;;2005-09-18;KREISE;;16073;;;;;;75,7;Prozent;WAHLSR;Wahlbeteiligung
14111;;;;2005-09-18;KREISE;;16073;;;;;;106052;Anzahl;WAHL01;Wahlberechtigte
14111;;;;2005-09-18;KREISE;;16074;;;;;;78,1;Prozent;WAHLSR;Wahlbeteiligung
14111;;;;2005-09-18;KREISE;;16074;;;;;;76132;Anzahl;WAHL01;Wahlberechtigte
14111;;;;2005-09-18;KREISE;;16075;;;;;;76,9;Prozent;WAHLSR;Wahlbeteiligung
14111;;;;2005-09-18;KREISE;;16075;;;;;;78642;Anzahl;WAHL01;Wahlberechtigte
14111;;;;2005-09-18;KREISE;;16076;;;;;;77,7;Prozent;WAHLSR;Wahlbeteiligung
14111;;;;2005-09-18;KREISE;;16076;;;;;;99427;Anzahl;WAHL01;Wahlberechtigte
14111;;;;2005-09-18;KREISE;;16077;;;;;;73,5;Prozent;WAHLSR;Wahlbeteiligung
14111;;;;2005-09-18;KREISE;;16077;;;;;;91336;Anzahl;WAHL01;Wahlberechtigte
14111;;;;2009-09-27;DINSG;;DG;;;;;;62168489;Anzahl;WAHL01;Wahlberechtigte
14111;;;;2009-09-27;DINSG;;DG;;;;;;70,8;Prozent;WAHLSR;Wahlbeteiligung
14111;;;;2009-09-27;DLAND;;01;;;;;;2234720;Anzahl;WAHL01;Wahlberechtigte
14111;;;;2009-09-27;DLAND;;01;;;;;;73,6;Prozent;WAHLSR;Wahlbeteiligung
14111;;;;2009-09-27;DLAND;;02;;;;;;1256634;Anzahl;WAHL01;Wahlberechtigte
14111;;;;2009-09-27;DLAND;;02;;;;;;71,3;Prozent;WAHLSR;Wahlbeteiligung
14111;;;;2009-09-27;DLAND;;03;;;;;;6112110;Anzahl;WAHL01;Wahlberechtigte
14111;;;;2009-09-27;DLAND;;03;;;;;;73,3;Prozent;WAHLSR;Wahlbeteiligung
14111;;;;2009-09-27;DLAND;;04;;;;;;487978;Anzahl;WAHL01;Wahlberechtigte
14111;;;;2009-09-27;DLAND;;04;;;;;;70,3;Prozent;WAHLSR;Wahlbeteiligung
14111;;;;2009-09-27;DLAND;;05;;;;;;13288291;Anzahl;WAHL01;Wahlberechtigte
14111;;;;2009-09-27;DLAND;;05;;;;;;71,4;Prozent;WAHLSR;Wahlbeteiligung
14111;;;;2009-09-27;DLAND;;06;;;;;;4398919;Anzahl;WAHL01;Wahlberechtigte
14111;;;;2009-09-27;DLAND;;06;;;;;;73,8;Prozent;WAHLSR;Wahlbeteiligung
14111;;;;2009-09-27;DLAND;;07;;;;;;3103878;Anzahl;WAHL01;Wahlberechtigte
14111;;;;2009-09-27;DLAND;;07;;;;;;72,0;Prozent;WAHLSR;Wahlbeteiligung
14111;;;;2009-09-27;DLAND;;08;;;;;;7633818;Anzahl;WAHL01;Wahlberechtigte
14111;;;;2009-09-27;DLAND;;08;;;;;;72,4;Prozent;WAHLSR;Wahlbeteiligung
14111;;;;2009-09-27;DLAND;;09;;;;;;9382583;Anzahl;WAHL01;Wahlberechtigte
14111;;;;2009-09-27;DLAND;;09;;;;;;71,6;Prozent;WAHLSR;Wahlbeteiligung
14111;;;;2009-09-27;DLAND;;10;;;;;;808554;Anzahl;WAHL01;Wahlberechtigte
14111;;;;2009-09-27;DLAND;;10;;;;;;73,7;Prozent;WAHLSR;Wahlbeteiligung
14111;;;;2009-09-27;DLAND;;11;;;;;;2471665;Anzahl;WAHL01;Wahlberechtigte
14111;;;;2009-09-27;DLAND;;11;;;;;;70,9;Prozent;WAHLSR;Wahlbeteiligung
14111;;;;2009-09-27;DLAND;;12;;;;;;2128715;Anzahl;WAHL01;Wahlberechtigte
14111;;;;2009-09-27;DLAND;;12;;;;;;67,0;Prozent;WAHLSR;Wahlbeteiligung
14111;;;;2009-09-27;DLAND;;13;;;;;;1400298;Anzahl;WAHL01;Wahlberechtigte
14111;;;;2009-09-27;DLAND;;13;;;;;;63,0;Prozent;WAHLSR;Wahlbeteiligung
14111;;;;2009-09-27;DLAND;;14;;;;;;3518195;Anzahl;WAHL01;Wahlberechtigte
14111;;;;2009-09-27;DLAND;;14;;;;;;65,0;Prozent;WAHLSR;Wahlbeteiligung
14111;;;;2009-09-27;DLAND;;15;;;;;;2028572;Anzahl;WAHL01;Wahlberechtigte
14111;;;;2009-09-27;DLAND;;15;;;;;;60,5;Prozent;WAHLSR;Wahlbeteiligung
14111;;;;2009-09-27;DLAND;;16;;;;;;1913559;Anzahl;WAHL01;Wahlberechtigte
14111;;;;2009-09-27;DLAND;;16;;;;;;65,2;Prozent;WAHLSR;Wahlbeteiligung
14111;;;;2009-09-27;KREISE;;01001;;;;;;67,4;Prozent;WAHLSR;Wahlbeteiligung
14111;;;;2009-09-27;KREISE;;01001;;;;;;69075;Anzahl;WAHL01;Wahlberechtigte
14111;;;;2009-09-27;KREISE;;01002;;;;;;71,7;Prozent;WAHLSR;Wahlbeteiligung
14111;;;;2009-09-27;KREISE;;01002;;;;;;182726;Anzahl;WAHL01;Wahlberechtigte
14111;;;;2009-09-27;KREISE;;01003;;;;;;68,3;Prozent;WAHLSR;Wahlbeteiligung
14111;;;;2009-09-27;KREISE;;01003;;;;;;165928;Anzahl;WAHL01;Wahlberechtigte
14111;;;;2009-09-27;KREISE;;01004;;;;;;65,4;Prozent;WAHLSR;Wahlbeteiligung
14111;;;;2009-09-27;KREISE;;01004;;;;;;61004;Anzahl;WAHL01;Wahlberechtigte
14111;;;;2009-09-27;KREISE;;01051;;;;;;71,1;Prozent;WAHLSR;Wahlbeteiligung
14111;;;;2009-09-27;KREISE;;01051;;;;;;108459;Anzahl;WAHL01;Wahlberechtigte
14111;;;;2009-09-27;KREISE;;01053;;;;;;75,6;Prozent;WAHLSR;Wahlbeteiligung
14111;;;;2009-09-27;KREISE;;01053;;;;;;147554;Anzahl;WAHL01;Wahlberechtigte
14111;;;;2009-09-27;KREISE;;01054;;;;;;72,3;Prozent;WAHLSR;Wahlbeteiligung
14111;;;;2009-09-27;KREISE;;01054;;;;;;131982;Anzahl;WAHL01;Wahlberechtigte
14111;;;;2009-09-27;KREISE;;01055;;;;;;73,0;Prozent;WAHLSR;Wahlbeteiligung
14111;;;;2009-09-27;KREISE;;01055;;;;;;164965;Anzahl;WAHL01;Wahlberechtigte
14111;;;;2009-09-27;KREISE;;01056;;;;;;75,6;Prozent;WAHLSR;Wahlbeteiligung
14111;;;;2009-09-27;KREISE;;01056;;;;;;232899;Anzahl;WAHL01;Wahlberechtigte
14111;;;;2009-09-27;KREISE;;01057;;;;;;77,7;Prozent;WAHLSR;Wahlbeteiligung
14111;;;;2009-09-27;KREISE;;01057;;;;;;104617;Anzahl;WAHL01;Wahlberechtigte
14111;;;;2009-09-27;KREISE;;01058;;;;;;76,0;Prozent;WAHLSR;Wahlbeteiligung
14111;;;;2009-09-27;KREISE;;01058;;;;;;216531;Anzahl;WAHL01;Wahlberechtigte
14111;;;;2009-09-27;KREISE;;01059;;;;;;74,8;Prozent;WAHLSR;Wahlbeteiligung
14111;;;;2009-09-27;KREISE;;01059;;;;;;156141;Anzahl;WAHL01;Wahlberechtigte
14111;;;;2009-09-27;KREISE;;01060;;;;;;74,3;Prozent;WAHLSR;Wahlbeteiligung
14111;;;;2009-09-27;KREISE;;01060;;;;;;205240;Anzahl;WAHL01;Wahlberechtigte
14111;;;;2009-09-27;KREISE;;01061;;;;;;72,8;Prozent;WAHLSR;Wahlbeteiligung
14111;;;;2009-09-27;KREISE;;01061;;;;;;105865;Anzahl;WAHL01;Wahlberechtigte
14111;;;;2009-09-27;KREISE;;01062;;;;;;77,5;Prozent;WAHLSR;Wahlbeteiligung
14111;;;;2009-09-27;KREISE;;01062;;;;;;181734;Anzahl;WAHL01;Wahlberechtigte
14111;;;;2009-09-27;KREISE;;02000;;;;;;71,3;Prozent;WAHLSR;Wahlbeteiligung
14111;;;;2009-09-27;KREISE;;02000;;;;;;1256634;Anzahl;WAHL01;Wahlberechtigte
14111;;;;2009-09-27;KREISE;;03101;;;;;;73,7;Prozent;WAHLSR;Wahlbeteiligung
14111;;;;2009-09-27;KREISE;;03101;;;;;;189975;Anzahl;WAHL01;Wahlberechtigte
14111;;;;2009-09-27;KREISE;;03102;;;;;;70,4;Prozent;WAHLSR;Wahlbeteiligung
14111;;;;2009-09-27;KREISE;;03102;;;;;;77479;Anzahl;WAHL01;Wahlberechtigte
14111;;;;2009-09-27;KREISE;;03103;;;;;;70,6;Prozent;WAHLSR;Wahlbeteiligung
14111;;;;2009-09-27;KREISE;;03103;;;;;;91838;Anzahl;WAHL01;Wahlberechtigte
14111;;;;2009-09-27;KREISE;;03151;;;;;;73,6;Prozent;WAHLSR;Wahlbeteiligung
14111;;;;2009-09-27;KREISE;;03151;;;;;;133727;Anzahl;WAHL01;Wahlberechtigte
14111;;;;2009-09-27;KREISE;;03152;;;;;;74,6;Prozent;WAHLSR;Wahlbeteiligung
14111;;;;2009-09-27;KREISE;;03152;;;;;;197105;Anzahl;WAHL01;Wahlberechtigte
14111;;;;2009-09-27;KREISE;;03153;;;;;;72,1;Prozent;WAHLSR;Wahlbeteiligung
14111;;;;2009-09-27;KREISE;;03153;;;;;;115674;Anzahl;WAHL01;Wahlberechtigte
14111;;;;2009-09-27;KREISE;;03154;;;;;;73,1;Prozent;WAHLSR;Wahlbeteiligung
14111;;;;2009-09-27;KREISE;;03154;;;;;;76178;Anzahl;WAHL01;Wahlberechtigte
14111;;;;2009-09-27;KREISE;;03155;;;;;;73,8;Prozent;WAHLSR;Wahlbeteiligung
14111;;;;2009-09-27;KREISE;;03155;;;;;;114154;Anzahl;WAHL01;Wahlberechtigte
14111;;;;2009-09-27;KREISE;;03156;;;;;;71,5;Prozent;WAHLSR;Wahlbeteiligung
14111;;;;2009-09-27;KREISE;;03156;;;;;;64863;Anzahl;WAHL01;Wahlberechtigte
14111;;;;2009-09-27;KREISE;;03157;;;;;;75,1;Prozent;WAHLSR;Wahlbeteiligung
14111;;;;2009-09-27;KREISE;;03157;;;;;;103045;Anzahl;WAHL01;Wahlberechtigte
14111;;;;2009-09-27;KREISE;;03158;;;;;;77,3;Prozent;WAHLSR;Wahlbeteiligung
14111;;;;2009-09-27;KREISE;;03158;;;;;;97965;Anzahl;WAHL01;Wahlberechtigte
14111;;;;2009-09-27;KREISE;;03159;;;;;;-;Prozent;WAHLSR;Wahlbeteiligung
14111;;;;2009-09-27;KREISE;;03159;;;;;;-;Anzahl;WAHL01;Wahlberechtigte
14111;;;;2009-09-27;KREISE;;03241;;;;;;74,9;Prozent;WAHLSR;Wahlbeteiligung
14111;;;;2009-09-27;KREISE;;03241;;;;;;842375;Anzahl;WAHL01;Wahlberechtigte
14111;;;;2009-09-27;KREISE;;03241001;;;;;;73,4;Prozent;WAHLSR;Wahlbeteiligung
14111;;;;2009-09-27;KREISE;;03241001;;;;;;370711;Anzahl;WAHL01;Wahlberechtigte
14111;;;;2009-09-27;KREISE;;03251;;;;;;73,7;Prozent;WAHLSR;Wahlbeteiligung
14111;;;;2009-09-27;KREISE;;03251;;;;;;168221;Anzahl;WAHL01;Wahlberechtigte
14111;;;;2009-09-27;KREISE;;03252;;;;;;72,3;Prozent;WAHLSR;Wahlbeteiligung
14111;;;;2009-09-27;KREISE;;03252;;;;;;121842;Anzahl;WAHL01;Wahlberechtigte
14111;;;;2009-09-27;KREISE;;03254;;;;;;75,2;Prozent;WAHLSR;Wahlbeteiligung
14111;;;;2009-09-27;KREISE;;03254;;;;;;222804;Anzahl;WAHL01;Wahlberechtigte
14111;;;;2009-09-27;KREISE;;03255;;;;;;72,8;Prozent;WAHLSR;Wahlbeteiligung
14111;;;;2009-09-27;KREISE;;03255;;;;;;60318;Anzahl;WAHL01;Wahlberechtigte
14111;;;;2009-09-27;KREISE;;03256;;;;;;69,7;Prozent;WAHLSR;Wahlbeteiligung
14111;;;;2009-09-27;KREISE;;03256;;;;;;96647;Anzahl;WAHL01;Wahlberechtigte
14111;;;;2009-09-27;KREISE;;03257;;;;;;74,0;Prozent;WAHLSR;Wahlbeteiligung
14111;;;;2009-09-27;KREISE;;03257;;;;;;126919;Anzahl;WAHL01;Wahlberechtigte
14111;;;;2009-09-27;KREISE;;03351;;;;;;71,9;Prozent;WAHLSR;Wahlbeteiligung
14111;;;;2009-09-27;KREISE;;03351;;;;;;140679;Anzahl;WAHL01;Wahlberechtigte
14111;;;;2009-09-27;KREISE;;03352;;;;;;72,2;Prozent;WAHLSR;Wahlbeteiligung
14111;;;;2009-09-27;KREISE;;03352;;;;;;159889;Anzahl;WAHL01;Wahlberechtigte
14111;;;;2009-09-27;KREISE;;03353;;;;;;77,9;Prozent;WAHLSR;Wahlbeteiligung
14111;;;;2009-09-27;KREISE;;03353;;;;;;191159;Anzahl;WAHL01;Wahlberechtigte
14111;;;;2009-09-27;KREISE;;03354;;;;;;72,3;Prozent;WAHLSR;Wahlbeteiligung
14111;;;;2009-09-27;KREISE;;03354;;;;;;40462;Anzahl;WAHL01;Wahlberechtigte
14111;;;;2009-09-27;KREISE;;03355;;;;;;74,8;Prozent;WAHLSR;Wahlbeteiligung
14111;;;;2009-09-27;KREISE;;03355;;;;;;136636;Anzahl;WAHL01;Wahlberechtigte
14111;;;;2009-09-27;KREISE;;03356;;;;;;75,7;Prozent;WAHLSR;Wahlbeteiligung
14111;;;;2009-09-27;KREISE;;03356;;;;;;88697;Anzahl;WAHL01;Wahlberechtigte
14111;;;;2009-09-27;KREISE;;03357;;;;;;73,3;Prozent;WAHLSR;Wahlbeteiligung
14111;;;;2009-09-27;KREISE;;03357;;;;;;128089;Anzahl;WAHL01;Wahlberechtigte
14111;;;;2009-09-27;KREISE;;03358;;;;;;72,0;Prozent;WAHLSR;Wahlbeteiligung
14111;;;;2009-09-27;KREISE;;03358;;;;;;109239;Anzahl;WAHL01;Wahlberechtigte
14111;;;;2009-09-27;KREISE;;03359;;;;;;73,0;Prozent;WAHLSR;Wahlbeteiligung
14111;;;;2009-09-27;KREISE;;03359;;;;;;153370;Anzahl;WAHL01;Wahlberechtigte
14111;;;;2009-09-27;KREISE;;03360;;;;;;73,1;Prozent;WAHLSR;Wahlbeteiligung
14111;;;;2009-09-27;KREISE;;03360;;;;;;76637;Anzahl;WAHL01;Wahlberechtigte
14111;;;;2009-09-27;KREISE;;03361;;;;;;75,0;Prozent;WAHLSR;Wahlbeteiligung
14111;;;;2009-09-27;KREISE;;03361;;;;;;103623;Anzahl;WAHL01;Wahlberechtigte
14111;;;;2009-09-27;KREISE;;03401;;;;;;67,5;Prozent;WAHLSR;Wahlbeteiligung
14111;;;;2009-09-27;KREISE;;03401;;;;;;57518;Anzahl;WAHL01;Wahlberechtigte
14111;;;;2009-09-27;KREISE;;03402;;;;;;67,1;Prozent;WAHLSR;Wahlbeteiligung
14111;;;;2009-09-27;KREISE;;03402;;;;;;39153;Anzahl;WAHL01;Wahlberechtigte
14111;;;;2009-09-27;KREISE;;03403;;;;;;73,6;Prozent;WAHLSR;Wahlbeteiligung
14111;;;;2009-09-27;KREISE;;03403;;;;;;123651;Anzahl;WAHL01;Wahlberechtigte
14111;;;;2009-09-27;KREISE;;03404;;;;;;72,8;Prozent;WAHLSR;Wahlbeteiligung
14111;;;;2009-09-27;KREISE;;03404;;;;;;118299;Anzahl;WAHL01;Wahlberechtigte
14111;;;;2009-09-27;KREISE;;03405;;;;;;67,7;Prozent;WAHLSR;Wahlbeteiligung
14111;;;;2009-09-27;KREISE;;03405;;;;;;64799;Anzahl;WAHL01;Wahlberechtigte
14111;;;;2009-09-27;KREISE;;03451;;;;;;73,3;Prozent;WAHLSR;Wahlbeteiligung
14111;;;;2009-09-27;KREISE;;03451;;;;;;91940;Anzahl;WAHL01;Wahlberechtigte
14111;;;;2009-09-27;KREISE;;03452;;;;;;70,8;Prozent;WAHLSR;Wahlbeteiligung
14111;;;;2009-09-27;KREISE;;03452;;;;;;150651;Anzahl;WAHL01;Wahlberechtigte
14111;;;;2009-09-27;KREISE;;03453;;;;;;68,0;Prozent;WAHLSR;Wahlbeteiligung
14111;;;;2009-09-27;KREISE;;03453;;;;;;115385;Anzahl;WAHL01;Wahlberechtigte
14111;;;;2009-09-27;KREISE;;03454;;;;;;73,7;Prozent;WAHLSR;Wahlbeteiligung
14111;;;;2009-09-27;KREISE;;03454;;;;;;234531;Anzahl;WAHL01;Wahlberechtigte
14111;;;;2009-09-27;KREISE;;03455;;;;;;72,4;Prozent;WAHLSR;Wahlbeteiligung
14111;;;;2009-09-27;KREISE;;03455;;;;;;80130;Anzahl;WAHL01;Wahlberechtigte
14111;;;;2009-09-27;KREISE;;03456;;;;;;73,8;Prozent;WAHLSR;Wahlbeteiligung
14111;;;;2009-09-27;KREISE;;03456;;;;;;96302;Anzahl;WAHL01;Wahlberechtigte
14111;;;;2009-09-27;KREISE;;03457;;;;;;70,6;Prozent;WAHLSR;Wahlbeteiligung
14111;;;;2009-09-27;KREISE;;03457;;;;;;127222;Anzahl;WAHL01;Wahlberechtigte
14111;;;;2009-09-27;KREISE;;03458;;;;;;74,8;Prozent;WAHLSR;Wahlbeteiligung
14111;;;;2009-09-27;KREISE;;03458;;;;;;97811;Anzahl;WAHL01;Wahlberechtigte
14111;;;;2009-09-27;KREISE;;03459;;;;;;74,5;Prozent;WAHLSR;Wahlbeteiligung
14111;;;;2009-09-27;KREISE;;03459;;;;;;271317;Anzahl;WAHL01;Wahlberechtigte
14111;;;;2009-09-27;KREISE;;03460;;;;;;72,6;Prozent;WAHLSR;Wahlbeteiligung
14111;;;;2009-09-27;KREISE;;03460;;;;;;97064;Anzahl;WAHL01;Wahlberechtigte
14111;;;;2009-09-27;KREISE;;03461;;;;;;69,8;Prozent;WAHLSR;Wahlbeteiligung
14111;;;;2009-09-27;KREISE;;03461;;;;;;71111;Anzahl;WAHL01;Wahlberechtigte
14111;;;;2009-09-27;KREISE;;03462;;;;;;67,7;Prozent;WAHLSR;Wahlbeteiligung
14111;;;;2009-09-27;KREISE;;03462;;;;;;45617;Anzahl;WAHL01;Wahlberechtigte
14111;;;;2009-09-27;KREISE;;04011;;;;;;71,4;Prozent;WAHLSR;Wahlbeteiligung
14111;;;;2009-09-27;KREISE;;04011;;;;;;402884;Anzahl;WAHL01;Wahlberechtigte
14111;;;;2009-09-27;KREISE;;04012;;;;;;65,1;Prozent;WAHLSR;Wahlbeteiligung
14111;;;;2009-09-27;KREISE;;04012;;;;;;85094;Anzahl;WAHL01;Wahlberechtigte
14111;;;;2009-09-27;KREISE;;05111;;;;;;71,1;Prozent;WAHLSR;Wahlbeteiligung
14111;;;;2009-09-27;KREISE;;05111;;;;;;414125;Anzahl;WAHL01;Wahlberechtigte
14111;;;;2009-09-27;KREISE;;05112;;;;;;64,8;Prozent;WAHLSR;Wahlbeteiligung
14111;;;;2009-09-27;KREISE;;05112;;;;;;345343;Anzahl;WAHL01;Wahlberechtigte
14111;;;;2009-09-27;KREISE;;05113;;;;;;69,7;Prozent;WAHLSR;Wahlbeteiligung
14111;;;;2009-09-27;KREISE;;05113;;;;;;435602;Anzahl;WAHL01;Wahlberechtigte
14111;;;;2009-09-27;KREISE;;05114;;;;;;68,1;Prozent;WAHLSR;Wahlbeteiligung
14111;;;;2009-09-27;KREISE;;05114;;;;;;168093;Anzahl;WAHL01;Wahlberechtigte
14111;;;;2009-09-27;KREISE;;05116;;;;;;63,9;Prozent;WAHLSR;Wahlbeteiligung
14111;;;;2009-09-27;KREISE;;05116;;;;;;194294;Anzahl;WAHL01;Wahlberechtigte
14111;;;;2009-09-27;KREISE;;05117;;;;;;73,7;Prozent;WAHLSR;Wahlbeteiligung
14111;;;;2009-09-27;KREISE;;05117;;;;;;128222;Anzahl;WAHL01;Wahlberechtigte
14111;;;;2009-09-27;KREISE;;05119;;;;;;68,5;Prozent;WAHLSR;Wahlbeteiligung
14111;;;;2009-09-27;KREISE;;05119;;;;;;158666;Anzahl;WAHL01;Wahlberechtigte
14111;;;;2009-09-27;KREISE;;05120;;;;;;68,9;Prozent;WAHLSR;Wahlbeteiligung
14111;;;;2009-09-27;KREISE;;05120;;;;;;81358;Anzahl;WAHL01;Wahlberechtigte
14111;;;;2009-09-27;KREISE;;05122;;;;;;70,1;Prozent;WAHLSR;Wahlbeteiligung
14111;;;;2009-09-27;KREISE;;05122;;;;;;114569;Anzahl;WAHL01;Wahlberechtigte
14111;;;;2009-09-27;KREISE;;05124;;;;;;68,2;Prozent;WAHLSR;Wahlbeteiligung
14111;;;;2009-09-27;KREISE;;05124;;;;;;250614;Anzahl;WAHL01;Wahlberechtigte
14111;;;;2009-09-27;KREISE;;05154;;;;;;70,1;Prozent;WAHLSR;Wahlbeteiligung
14111;;;;2009-09-27;KREISE;;05154;;;;;;226029;Anzahl;WAHL01;Wahlberechtigte
14111;;;;2009-09-27;KREISE;;05158;;;;;;73,3;Prozent;WAHLSR;Wahlbeteiligung
14111;;;;2009-09-27;KREISE;;05158;;;;;;372852;Anzahl;WAHL01;Wahlberechtigte
14111;;;;2009-09-27;KREISE;;05162;;;;;;72,9;Prozent;WAHLSR;Wahlbeteiligung
14111;;;;2009-09-27;KREISE;;05162;;;;;;331783;Anzahl;WAHL01;Wahlberechtigte
14111;;;;2009-09-27;KREISE;;05166;;;;;;72,2;Prozent;WAHLSR;Wahlbeteiligung
14111;;;;2009-09-27;KREISE;;05166;;;;;;227805;Anzahl;WAHL01;Wahlberechtigte
14111;;;;2009-09-27;KREISE;;05170;;;;;;72,8;Prozent;WAHLSR;Wahlbeteiligung
14111;;;;2009-09-27;KREISE;;05170;;;;;;362311;Anzahl;WAHL01;Wahlberechtigte
14111;;;;2009-09-27;KREISE;;05313;;;;;;-;Prozent;WAHLSR;Wahlbeteiligung
14111;;;;2009-09-27;KREISE;;05313;;;;;;-;Anzahl;WAHL01;Wahlberechtigte
14111;;;;2009-09-27;KREISE;;05314;;;;;;76,4;Prozent;WAHLSR;Wahlbeteiligung
14111;;;;2009-09-27;KREISE;;05314;;;;;;219218;Anzahl;WAHL01;Wahlberechtigte
14111;;;;2009-09-27;KREISE;;05315;;;;;;70,6;Prozent;WAHLSR;Wahlbeteiligung
14111;;;;2009-09-27;KREISE;;05315;;;;;;703424;Anzahl;WAHL01;Wahlberechtigte
14111;;;;2009-09-27;KREISE;;05316;;;;;;71,1;Prozent;WAHLSR;Wahlbeteiligung
14111;;;;2009-09-27;KREISE;;05316;;;;;;118130;Anzahl;WAHL01;Wahlberechtigte
14111;;;;2009-09-27;KREISE;;05334;;;;;;-;Prozent;WAHLSR;Wahlbeteiligung
14111;;;;2009-09-27;KREISE;;05334;;;;;;-;Anzahl;WAHL01;Wahlberechtigte
14111;;;;2009-09-27;KREISE;;05334002;;;;;;73,6;Prozent;WAHLSR;Wahlbeteiligung
14111;;;;2009-09-27;KREISE;;05334002;;;;;;176885;Anzahl;WAHL01;Wahlberechtigte
14111;;;;2009-09-27;KREISE;;05354;;;;;;70,4;Prozent;WAHLSR;Wahlbeteiligung
14111;;;;2009-09-27;KREISE;;05354;;;;;;228546;Anzahl;WAHL01;Wahlberechtigte
14111;;;;2009-09-27;KREISE;;05358;;;;;;72,1;Prozent;WAHLSR;Wahlbeteiligung
14111;;;;2009-09-27;KREISE;;05358;;;;;;199907;Anzahl;WAHL01;Wahlberechtigte
14111;;;;2009-09-27;KREISE;;05362;;;;;;73,5;Prozent;WAHLSR;Wahlbeteiligung
14111;;;;2009-09-27;KREISE;;05362;;;;;;341857;Anzahl;WAHL01;Wahlberechtigte
14111;;;;2009-09-27;KREISE;;05366;;;;;;70,5;Prozent;WAHLSR;Wahlbeteiligung
14111;;;;2009-09-27;KREISE;;05366;;;;;;148942;Anzahl;WAHL01;Wahlberechtigte
14111;;;;2009-09-27;KREISE;;05370;;;;;;70,2;Prozent;WAHLSR;Wahlbeteiligung
14111;;;;2009-09-27;KREISE;;05370;;;;;;187605;Anzahl;WAHL01;Wahlberechtigte
14111;;;;2009-09-27;KREISE;;05374;;;;;;71,1;Prozent;WAHLSR;Wahlbeteiligung
14111;;;;2009-09-27;KREISE;;05374;;;;;;211963;Anzahl;WAHL01;Wahlberechtigte
14111;;;;2009-09-27;KREISE;;05378;;;;;;77,3;Prozent;WAHLSR;Wahlbeteiligung
14111;;;;2009-09-27;KREISE;;05378;;;;;;215582;Anzahl;WAHL01;Wahlberechtigte
14111;;;;2009-09-27;KREISE;;05382;;;;;;74,2;Prozent;WAHLSR;Wahlbeteiligung
14111;;;;2009-09-27;KREISE;;05382;;;;;;443263;Anzahl;WAHL01;Wahlberechtigte
14111;;;;2009-09-27;KREISE;;05512;;;;;;71,2;Prozent;WAHLSR;Wahlbeteiligung
14111;;;;2009-09-27;KREISE;;05512;;;;;;90873;Anzahl;WAHL01;Wahlberechtigte
14111;;;;2009-09-27;KREISE;;05513;;;;;;64,9;Prozent;WAHLSR;Wahlbeteiligung
14111;;;;2009-09-27;KREISE;;05513;;;;;;187486;Anzahl;WAHL01;Wahlberechtigte
14111;;;;2009-09-27;KREISE;;05515;;;;;;77,7;Prozent;WAHLSR;Wahlbeteiligung
14111;;;;2009-09-27;KREISE;;05515;;;;;;210934;Anzahl;WAHL01;Wahlberechtigte
14111;;;;2009-09-27;KREISE;;05554;;;;;;73,6;Prozent;WAHLSR;Wahlbeteiligung
14111;;;;2009-09-27;KREISE;;05554;;;;;;273666;Anzahl;WAHL01;Wahlberechtigte
14111;;;;2009-09-27;KREISE;;05558;;;;;;77,1;Prozent;WAHLSR;Wahlbeteiligung
14111;;;;2009-09-27;KREISE;;05558;;;;;;169618;Anzahl;WAHL01;Wahlberechtigte
14111;;;;2009-09-27;KREISE;;05562;;;;;;71,4;Prozent;WAHLSR;Wahlbeteiligung
14111;;;;2009-09-27;KREISE;;05562;;;;;;487548;Anzahl;WAHL01;Wahlberechtigte
14111;;;;2009-09-27;KREISE;;05566;;;;;;74,2;Prozent;WAHLSR;Wahlbeteiligung
14111;;;;2009-09-27;KREISE;;05566;;;;;;335998;Anzahl;WAHL01;Wahlberechtigte
14111;;;;2009-09-27;KREISE;;05570;;;;;;73,9;Prozent;WAHLSR;Wahlbeteiligung
14111;;;;2009-09-27;KREISE;;05570;;;;;;211287;Anzahl;WAHL01;Wahlberechtigte
14111;;;;2009-09-27;KREISE;;05711;;;;;;72,9;Prozent;WAHLSR;Wahlbeteiligung
14111;;;;2009-09-27;KREISE;;05711;;;;;;238268;Anzahl;WAHL01;Wahlberechtigte
14111;;;;2009-09-27;KREISE;;05754;;;;;;72,5;Prozent;WAHLSR;Wahlbeteiligung
14111;;;;2009-09-27;KREISE;;05754;;;;;;261647;Anzahl;WAHL01;Wahlberechtigte
14111;;;;2009-09-27;KREISE;;05758;;;;;;71,0;Prozent;WAHLSR;Wahlbeteiligung
14111;;;;2009-09-27;KREISE;;05758;;;;;;195730;Anzahl;WAHL01;Wahlberechtigte
14111;;;;2009-09-27;KREISE;;05762;;;;;;73,8;Prozent;WAHLSR;Wahlbeteiligung
14111;;;;2009-09-27;KREISE;;05762;;;;;;116613;Anzahl;WAHL01;Wahlberechtigte
14111;;;;2009-09-27;KREISE;;05766;;;;;;72,8;Prozent;WAHLSR;Wahlbeteiligung
14111;;;;2009-09-27;KREISE;;05766;;;;;;274821;Anzahl;WAHL01;Wahlberechtigte
14111;;;;2009-09-27;KREISE;;05770;;;;;;70,2;Prozent;WAHLSR;Wahlbeteiligung
14111;;;;2009-09-27;KREISE;;05770;;;;;;247206;Anzahl;WAHL01;Wahlberechtigte
14111;;;;2009-09-27;KREISE;;05774;;;;;;70,6;Prozent;WAHLSR;Wahlbeteiligung
14111;;;;2009-09-27;KREISE;;05774;;;;;;223556;Anzahl;WAHL01;Wahlberechtigte
14111;;;;2009-09-27;KREISE;;05911;;;;;;71,1;Prozent;WAHLSR;Wahlbeteiligung
14111;;;;2009-09-27;KREISE;;05911;;;;;;284855;Anzahl;WAHL01;Wahlberechtigte
14111;;;;2009-09-27;KREISE;;05913;;;;;;68,7;Prozent;WAHLSR;Wahlbeteiligung
14111;;;;2009-09-27;KREISE;;05913;;;;;;423053;Anzahl;WAHL01;Wahlberechtigte
14111;;;;2009-09-27;KREISE;;05914;;;;;;67,8;Prozent;WAHLSR;Wahlbeteiligung
14111;;;;2009-09-27;KREISE;;05914;;;;;;140145;Anzahl;WAHL01;Wahlberechtigte
14111;;;;2009-09-27;KREISE;;05915;;;;;;69,3;Prozent;WAHLSR;Wahlbeteiligung
14111;;;;2009-09-27;KREISE;;05915;;;;;;129218;Anzahl;WAHL01;Wahlberechtigte
14111;;;;2009-09-27;KREISE;;05916;;;;;;67,4;Prozent;WAHLSR;Wahlbeteiligung
14111;;;;2009-09-27;KREISE;;05916;;;;;;118280;Anzahl;WAHL01;Wahlberechtigte
14111;;;;2009-09-27;KREISE;;05954;;;;;;73,4;Prozent;WAHLSR;Wahlbeteiligung
14111;;;;2009-09-27;KREISE;;05954;;;;;;261058;Anzahl;WAHL01;Wahlberechtigte
14111;;;;2009-09-27;KREISE;;05958;;;;;;72,7;Prozent;WAHLSR;Wahlbeteiligung
14111;;;;2009-09-27;KREISE;;05958;;;;;;209440;Anzahl;WAHL01;Wahlberechtigte
14111;;;;2009-09-27;KREISE;;05962;;;;;;69,1;Prozent;WAHLSR;Wahlbeteiligung
14111;;;;2009-09-27;KREISE;;05962;;;;;;320421;Anzahl;WAHL01;Wahlberechtigte
14111;;;;2009-09-27;KREISE;;05966;;;;;;73,2;Prozent;WAHLSR;Wahlbeteiligung
14111;;;;2009-09-27;KREISE;;05966;;;;;;104768;Anzahl;WAHL01;Wahlberechtigte
14111;;;;2009-09-27;KREISE;;05970;;;;;;71,8;Prozent;WAHLSR;Wahlbeteiligung
14111;;;;2009-09-27;KREISE;;05970;;;;;;218411;Anzahl;WAHL01;Wahlberechtigte
14111;;;;2009-09-27;KREISE;;05974;;;;;;71,0;Prozent;WAHLSR;Wahlbeteiligung
14111;;;;2009-09-27;KREISE;;05974;;;;;;232781;Anzahl;WAHL01;Wahlberechtigte
14111;;;;2009-09-27;KREISE;;05978;;;;;;72,3;Prozent;WAHLSR;Wahlbeteiligung
14111;;;;2009-09-27;KREISE;;05978;;;;;;313622;Anzahl;WAHL01;Wahlberechtigte
14111;;;;2009-09-27;KREISE;;06411;;;;;;74,2;Prozent;WAHLSR;Wahlbeteiligung
14111;;;;2009-09-27;KREISE;;06411;;;;;;99125;Anzahl;WAHL01;Wahlberechtigte
14111;;;;2009-09-27;KREISE;;06412;;;;;;71,8;Prozent;WAHLSR;Wahlbeteiligung
14111;;;;2009-09-27;KREISE;;06412;;;;;;402198;Anzahl;WAHL01;Wahlberechtigte
14111;;;;2009-09-27;KREISE;;06413;;;;;;66,1;Prozent;WAHLSR;Wahlbeteiligung
14111;;;;2009-09-27;KREISE;;06413;;;;;;67209;Anzahl;WAHL01;Wahlberechtigte
14111;;;;2009-09-27;KREISE;;06414;;;;;;71,2;Prozent;WAHLSR;Wahlbeteiligung
14111;;;;2009-09-27;KREISE;;06414;;;;;;187479;Anzahl;WAHL01;Wahlberechtigte
14111;;;;2009-09-27;KREISE;;06415;;;;;;-;Prozent;WAHLSR;Wahlbeteiligung
14111;;;;2009-09-27;KREISE;;06415;;;;;;-;Anzahl;WAHL01;Wahlberechtigte
14111;;;;2009-09-27;KREISE;;06431;;;;;;74,3;Prozent;WAHLSR;Wahlbeteiligung
14111;;;;2009-09-27;KREISE;;06431;;;;;;199708;Anzahl;WAHL01;Wahlberechtigte
14111;;;;2009-09-27;KREISE;;06432;;;;;;76,2;Prozent;WAHLSR;Wahlbeteiligung
14111;;;;2009-09-27;KREISE;;06432;;;;;;212102;Anzahl;WAHL01;Wahlberechtigte
14111;;;;2009-09-27;KREISE;;06433;;;;;;74,4;Prozent;WAHLSR;Wahlbeteiligung
14111;;;;2009-09-27;KREISE;;06433;;;;;;172278;Anzahl;WAHL01;Wahlberechtigte
14111;;;;2009-09-27;KREISE;;06434;;;;;;80,0;Prozent;WAHLSR;Wahlbeteiligung
14111;;;;2009-09-27;KREISE;;06434;;;;;;164545;Anzahl;WAHL01;Wahlberechtigte
14111;;;;2009-09-27;KREISE;;06435;;;;;;73,4;Prozent;WAHLSR;Wahlbeteiligung
14111;;;;2009-09-27;KREISE;;06435;;;;;;299306;Anzahl;WAHL01;Wahlberechtigte
14111;;;;2009-09-27;KREISE;;06436;;;;;;79,3;Prozent;WAHLSR;Wahlbeteiligung
14111;;;;2009-09-27;KREISE;;06436;;;;;;164372;Anzahl;WAHL01;Wahlberechtigte
14111;;;;2009-09-27;KREISE;;06437;;;;;;72,2;Prozent;WAHLSR;Wahlbeteiligung
14111;;;;2009-09-27;KREISE;;06437;;;;;;73386;Anzahl;WAHL01;Wahlberechtigte
14111;;;;2009-09-27;KREISE;;06438;;;;;;75,4;Prozent;WAHLSR;Wahlbeteiligung
14111;;;;2009-09-27;KREISE;;06438;;;;;;237891;Anzahl;WAHL01;Wahlberechtigte
14111;;;;2009-09-27;KREISE;;06439;;;;;;77,6;Prozent;WAHLSR;Wahlbeteiligung
14111;;;;2009-09-27;KREISE;;06439;;;;;;138092;Anzahl;WAHL01;Wahlberechtigte
14111;;;;2009-09-27;KREISE;;06440;;;;;;74,8;Prozent;WAHLSR;Wahlbeteiligung
14111;;;;2009-09-27;KREISE;;06440;;;;;;223046;Anzahl;WAHL01;Wahlberechtigte
14111;;;;2009-09-27;KREISE;;06531;;;;;;72,9;Prozent;WAHLSR;Wahlbeteiligung
14111;;;;2009-09-27;KREISE;;06531;;;;;;194073;Anzahl;WAHL01;Wahlberechtigte
14111;;;;2009-09-27;KREISE;;06532;;;;;;68,9;Prozent;WAHLSR;Wahlbeteiligung
14111;;;;2009-09-27;KREISE;;06532;;;;;;194479;Anzahl;WAHL01;Wahlberechtigte
14111;;;;2009-09-27;KREISE;;06533;;;;;;71,4;Prozent;WAHLSR;Wahlbeteiligung
14111;;;;2009-09-27;KREISE;;06533;;;;;;131968;Anzahl;WAHL01;Wahlberechtigte
14111;;;;2009-09-27;KREISE;;06534;;;;;;73,1;Prozent;WAHLSR;Wahlbeteiligung
14111;;;;2009-09-27;KREISE;;06534;;;;;;185071;Anzahl;WAHL01;Wahlberechtigte
14111;;;;2009-09-27;KREISE;;06535;;;;;;72,9;Prozent;WAHLSR;Wahlbeteiligung
14111;;;;2009-09-27;KREISE;;06535;;;;;;89974;Anzahl;WAHL01;Wahlberechtigte
14111;;;;2009-09-27;KREISE;;06611;;;;;;69,5;Prozent;WAHLSR;Wahlbeteiligung
14111;;;;2009-09-27;KREISE;;06611;;;;;;140827;Anzahl;WAHL01;Wahlberechtigte
14111;;;;2009-09-27;KREISE;;06631;;;;;;74,4;Prozent;WAHLSR;Wahlbeteiligung
14111;;;;2009-09-27;KREISE;;06631;;;;;;168552;Anzahl;WAHL01;Wahlberechtigte
14111;;;;2009-09-27;KREISE;;06632;;;;;;73,4;Prozent;WAHLSR;Wahlbeteiligung
14111;;;;2009-09-27;KREISE;;06632;;;;;;98857;Anzahl;WAHL01;Wahlberechtigte
14111;;;;2009-09-27;KREISE;;06633;;;;;;76,0;Prozent;WAHLSR;Wahlbeteiligung
14111;;;;2009-09-27;KREISE;;06633;;;;;;191915;Anzahl;WAHL01;Wahlberechtigte
14111;;;;2009-09-27;KREISE;;06634;;;;;;74,9;Prozent;WAHLSR;Wahlbeteiligung
14111;;;;2009-09-27;KREISE;;06634;;;;;;148215;Anzahl;WAHL01;Wahlberechtigte
14111;;;;2009-09-27;KREISE;;06635;;;;;;71,2;Prozent;WAHLSR;Wahlbeteiligung
14111;;;;2009-09-27;KREISE;;06635;;;;;;128771;Anzahl;WAHL01;Wahlberechtigte
14111;;;;2009-09-27;KREISE;;06636;;;;;;73,9;Prozent;WAHLSR;Wahlbeteiligung
14111;;;;2009-09-27;KREISE;;06636;;;;;;85480;Anzahl;WAHL01;Wahlberechtigte
14111;;;;2009-09-27;KREISE;;07111;;;;;;68,4;Prozent;WAHLSR;Wahlbeteiligung
14111;;;;2009-09-27;KREISE;;07111;;;;;;82692;Anzahl;WAHL01;Wahlberechtigte
14111;;;;2009-09-27;KREISE;;07131;;;;;;74,1;Prozent;WAHLSR;Wahlbeteiligung
14111;;;;2009-09-27;KREISE;;07131;;;;;;100614;Anzahl;WAHL01;Wahlberechtigte
14111;;;;2009-09-27;KREISE;;07132;;;;;;70,3;Prozent;WAHLSR;Wahlbeteiligung
14111;;;;2009-09-27;KREISE;;07132;;;;;;103285;Anzahl;WAHL01;Wahlberechtigte
14111;;;;2009-09-27;KREISE;;07133;;;;;;71,7;Prozent;WAHLSR;Wahlbeteiligung
14111;;;;2009-09-27;KREISE;;07133;;;;;;121777;Anzahl;WAHL01;Wahlberechtigte
14111;;;;2009-09-27;KREISE;;07134;;;;;;66,8;Prozent;WAHLSR;Wahlbeteiligung
14111;;;;2009-09-27;KREISE;;07134;;;;;;68792;Anzahl;WAHL01;Wahlberechtigte
14111;;;;2009-09-27;KREISE;;07135;;;;;;73,3;Prozent;WAHLSR;Wahlbeteiligung
14111;;;;2009-09-27;KREISE;;07135;;;;;;52051;Anzahl;WAHL01;Wahlberechtigte
14111;;;;2009-09-27;KREISE;;07137;;;;;;70,0;Prozent;WAHLSR;Wahlbeteiligung
14111;;;;2009-09-27;KREISE;;07137;;;;;;167286;Anzahl;WAHL01;Wahlberechtigte
14111;;;;2009-09-27;KREISE;;07138;;;;;;71,9;Prozent;WAHLSR;Wahlbeteiligung
14111;;;;2009-09-27;KREISE;;07138;;;;;;139283;Anzahl;WAHL01;Wahlberechtigte
14111;;;;2009-09-27;KREISE;;07140;;;;;;72,4;Prozent;WAHLSR;Wahlbeteiligung
14111;;;;2009-09-27;KREISE;;07140;;;;;;81702;Anzahl;WAHL01;Wahlberechtigte
14111;;;;2009-09-27;KREISE;;07141;;;;;;72,0;Prozent;WAHLSR;Wahlbeteiligung
14111;;;;2009-09-27;KREISE;;07141;;;;;;99023;Anzahl;WAHL01;Wahlberechtigte
14111;;;;2009-09-27;KREISE;;07143;;;;;;72,5;Prozent;WAHLSR;Wahlbeteiligung
14111;;;;2009-09-27;KREISE;;07143;;;;;;155828;Anzahl;WAHL01;Wahlberechtigte
14111;;;;2009-09-27;KREISE;;07211;;;;;;68,0;Prozent;WAHLSR;Wahlbeteiligung
14111;;;;2009-09-27;KREISE;;07211;;;;;;80780;Anzahl;WAHL01;Wahlberechtigte
14111;;;;2009-09-27;KREISE;;07231;;;;;;71,6;Prozent;WAHLSR;Wahlbeteiligung
14111;;;;2009-09-27;KREISE;;07231;;;;;;89788;Anzahl;WAHL01;Wahlberechtigte
14111;;;;2009-09-27;KREISE;;07232;;;;;;71,3;Prozent;WAHLSR;Wahlbeteiligung
14111;;;;2009-09-27;KREISE;;07232;;;;;;74202;Anzahl;WAHL01;Wahlberechtigte
14111;;;;2009-09-27;KREISE;;07233;;;;;;71,4;Prozent;WAHLSR;Wahlbeteiligung
14111;;;;2009-09-27;KREISE;;07233;;;;;;49987;Anzahl;WAHL01;Wahlberechtigte
14111;;;;2009-09-27;KREISE;;07235;;;;;;75,2;Prozent;WAHLSR;Wahlbeteiligung
14111;;;;2009-09-27;KREISE;;07235;;;;;;110911;Anzahl;WAHL01;Wahlberechtigte
14111;;;;2009-09-27;KREISE;;07311;;;;;;68,8;Prozent;WAHLSR;Wahlbeteiligung
14111;;;;2009-09-27;KREISE;;07311;;;;;;34231;Anzahl;WAHL01;Wahlberechtigte
14111;;;;2009-09-27;KREISE;;07312;;;;;;64,4;Prozent;WAHLSR;Wahlbeteiligung
14111;;;;2009-09-27;KREISE;;07312;;;;;;73328;Anzahl;WAHL01;Wahlberechtigte
14111;;;;2009-09-27;KREISE;;07313;;;;;;69,2;Prozent;WAHLSR;Wahlbeteiligung
14111;;;;2009-09-27;KREISE;;07313;;;;;;33488;Anzahl;WAHL01;Wahlberechtigte
14111;;;;2009-09-27;KREISE;;07314;;;;;;65,9;Prozent;WAHLSR;Wahlbeteiligung
14111;;;;2009-09-27;KREISE;;07314;;;;;;104383;Anzahl;WAHL01;Wahlberechtigte
14111;;;;2009-09-27;KREISE;;07315;;;;;;75,2;Prozent;WAHLSR;Wahlbeteiligung
14111;;;;2009-09-27;KREISE;;07315;;;;;;141588;Anzahl;WAHL01;Wahlberechtigte
14111;;;;2009-09-27;KREISE;;07316;;;;;;72,8;Prozent;WAHLSR;Wahlbeteiligung
14111;;;;2009-09-27;KREISE;;07316;;;;;;41794;Anzahl;WAHL01;Wahlberechtigte
14111;;;;2009-09-27;KREISE;;07317;;;;;;63,3;Prozent;WAHLSR;Wahlbeteiligung
14111;;;;2009-09-27;KREISE;;07317;;;;;;33312;Anzahl;WAHL01;Wahlberechtigte
14111;;;;2009-09-27;KREISE;;07318;;;;;;69,5;Prozent;WAHLSR;Wahlbeteiligung
14111;;;;2009-09-27;KREISE;;07318;;;;;;36786;Anzahl;WAHL01;Wahlberechtigte
14111;;;;2009-09-27;KREISE;;07319;;;;;;65,9;Prozent;WAHLSR;Wahlbeteiligung
14111;;;;2009-09-27;KREISE;;07319;;;;;;60090;Anzahl;WAHL01;Wahlberechtigte
14111;;;;2009-09-27;KREISE;;07320;;;;;;66,8;Prozent;WAHLSR;Wahlbeteiligung
14111;;;;2009-09-27;KREISE;;07320;;;;;;27486;Anzahl;WAHL01;Wahlberechtigte
14111;;;;2009-09-27;KREISE;;07331;;;;;;74,5;Prozent;WAHLSR;Wahlbeteiligung
14111;;;;2009-09-27;KREISE;;07331;;;;;;97060;Anzahl;WAHL01;Wahlberechtigte
14111;;;;2009-09-27;KREISE;;07332;;;;;;75,8;Prozent;WAHLSR;Wahlbeteiligung
14111;;;;2009-09-27;KREISE;;07332;;;;;;105251;Anzahl;WAHL01;Wahlberechtigte
14111;;;;2009-09-27;KREISE;;07333;;;;;;70,8;Prozent;WAHLSR;Wahlbeteiligung
14111;;;;2009-09-27;KREISE;;07333;;;;;;59946;Anzahl;WAHL01;Wahlberechtigte
14111;;;;2009-09-27;KREISE;;07334;;;;;;72,0;Prozent;WAHLSR;Wahlbeteiligung
14111;;;;2009-09-27;KREISE;;07334;;;;;;93625;Anzahl;WAHL01;Wahlberechtigte
14111;;;;2009-09-27;KREISE;;07335;;;;;;72,1;Prozent;WAHLSR;Wahlbeteiligung
14111;;;;2009-09-27;KREISE;;07335;;;;;;83171;Anzahl;WAHL01;Wahlberechtigte
14111;;;;2009-09-27;KREISE;;07336;;;;;;72,0;Prozent;WAHLSR;Wahlbeteiligung
14111;;;;2009-09-27;KREISE;;07336;;;;;;60380;Anzahl;WAHL01;Wahlberechtigte
14111;;;;2009-09-27;KREISE;;07337;;;;;;75,2;Prozent;WAHLSR;Wahlbeteiligung
14111;;;;2009-09-27;KREISE;;07337;;;;;;87102;Anzahl;WAHL01;Wahlberechtigte
14111;;;;2009-09-27;KREISE;;07338;;;;;;77,0;Prozent;WAHLSR;Wahlbeteiligung
14111;;;;2009-09-27;KREISE;;07338;;;;;;115974;Anzahl;WAHL01;Wahlberechtigte
14111;;;;2009-09-27;KREISE;;07339;;;;;;77,4;Prozent;WAHLSR;Wahlbeteiligung
14111;;;;2009-09-27;KREISE;;07339;;;;;;155255;Anzahl;WAHL01;Wahlberechtigte
14111;;;;2009-09-27;KREISE;;07340;;;;;;75,8;Prozent;WAHLSR;Wahlbeteiligung
14111;;;;2009-09-27;KREISE;;07340;;;;;;81627;Anzahl;WAHL01;Wahlberechtigte
14111;;;;2009-09-27;KREISE;;08111;;;;;;74,3;Prozent;WAHLSR;Wahlbeteiligung
14111;;;;2009-09-27;KREISE;;08111;;;;;;365542;Anzahl;WAHL01;Wahlberechtigte
14111;;;;2009-09-27;KREISE;;08115;;;;;;75,6;Prozent;WAHLSR;Wahlbeteiligung
14111;;;;2009-09-27;KREISE;;08115;;;;;;255039;Anzahl;WAHL01;Wahlberechtigte
14111;;;;2009-09-27;KREISE;;08116;;;;;;75,9;Prozent;WAHLSR;Wahlbeteiligung
14111;;;;2009-09-27;KREISE;;08116;;;;;;359181;Anzahl;WAHL01;Wahlberechtigte
14111;;;;2009-09-27;KREISE;;08117;;;;;;72,0;Prozent;WAHLSR;Wahlbeteiligung
14111;;;;2009-09-27;KREISE;;08117;;;;;;180442;Anzahl;WAHL01;Wahlberechtigte
14111;;;;2009-09-27;KREISE;;08118;;;;;;75,7;Prozent;WAHLSR;Wahlbeteiligung
14111;;;;2009-09-27;KREISE;;08118;;;;;;356724;Anzahl;WAHL01;Wahlberechtigte
14111;;;;2009-09-27;KREISE;;08119;;;;;;73,9;Prozent;WAHLSR;Wahlbeteiligung
14111;;;;2009-09-27;KREISE;;08119;;;;;;293343;Anzahl;WAHL01;Wahlberechtigte
14111;;;;2009-09-27;KREISE;;08121;;;;;;67,1;Prozent;WAHLSR;Wahlbeteiligung
14111;;;;2009-09-27;KREISE;;08121;;;;;;78100;Anzahl;WAHL01;Wahlberechtigte
14111;;;;2009-09-27;KREISE;;08125;;;;;;73,1;Prozent;WAHLSR;Wahlbeteiligung
14111;;;;2009-09-27;KREISE;;08125;;;;;;237106;Anzahl;WAHL01;Wahlberechtigte
14111;;;;2009-09-27;KREISE;;08126;;;;;;70,4;Prozent;WAHLSR;Wahlbeteiligung
14111;;;;2009-09-27;KREISE;;08126;;;;;;81788;Anzahl;WAHL01;Wahlberechtigte
14111;;;;2009-09-27;KREISE;;08127;;;;;;68,4;Prozent;WAHLSR;Wahlbeteiligung
14111;;;;2009-09-27;KREISE;;08127;;;;;;141446;Anzahl;WAHL01;Wahlberechtigte
14111;;;;2009-09-27;KREISE;;08128;;;;;;72,1;Prozent;WAHLSR;Wahlbeteiligung
14111;;;;2009-09-27;KREISE;;08128;;;;;;104567;Anzahl;WAHL01;Wahlberechtigte
14111;;;;2009-09-27;KREISE;;08135;;;;;;70,3;Prozent;WAHLSR;Wahlbeteiligung
14111;;;;2009-09-27;KREISE;;08135;;;;;;96561;Anzahl;WAHL01;Wahlberechtigte
14111;;;;2009-09-27;KREISE;;08136;;;;;;72,0;Prozent;WAHLSR;Wahlbeteiligung
14111;;;;2009-09-27;KREISE;;08136;;;;;;231115;Anzahl;WAHL01;Wahlberechtigte
14111;;;;2009-09-27;KREISE;;08211;;;;;;71,1;Prozent;WAHLSR;Wahlbeteiligung
14111;;;;2009-09-27;KREISE;;08211;;;;;;40129;Anzahl;WAHL01;Wahlberechtigte
14111;;;;2009-09-27;KREISE;;08212;;;;;;71,1;Prozent;WAHLSR;Wahlbeteiligung
14111;;;;2009-09-27;KREISE;;08212;;;;;;201833;Anzahl;WAHL01;Wahlberechtigte
14111;;;;2009-09-27;KREISE;;08215;;;;;;73,7;Prozent;WAHLSR;Wahlbeteiligung
14111;;;;2009-09-27;KREISE;;08215;;;;;;321271;Anzahl;WAHL01;Wahlberechtigte
14111;;;;2009-09-27;KREISE;;08216;;;;;;69,8;Prozent;WAHLSR;Wahlbeteiligung
14111;;;;2009-09-27;KREISE;;08216;;;;;;168535;Anzahl;WAHL01;Wahlberechtigte
14111;;;;2009-09-27;KREISE;;08221;;;;;;75,2;Prozent;WAHLSR;Wahlbeteiligung
14111;;;;2009-09-27;KREISE;;08221;;;;;;94575;Anzahl;WAHL01;Wahlberechtigte
14111;;;;2009-09-27;KREISE;;08222;;;;;;67,6;Prozent;WAHLSR;Wahlbeteiligung
14111;;;;2009-09-27;KREISE;;08222;;;;;;198437;Anzahl;WAHL01;Wahlberechtigte
14111;;;;2009-09-27;KREISE;;08225;;;;;;69,9;Prozent;WAHLSR;Wahlbeteiligung
14111;;;;2009-09-27;KREISE;;08225;;;;;;111343;Anzahl;WAHL01;Wahlberechtigte
14111;;;;2009-09-27;KREISE;;08226;;;;;;75,0;Prozent;WAHLSR;Wahlbeteiligung
14111;;;;2009-09-27;KREISE;;08226;;;;;;394890;Anzahl;WAHL01;Wahlberechtigte
14111;;;;2009-09-27;KREISE;;08231;;;;;;63,8;Prozent;WAHLSR;Wahlbeteiligung
14111;;;;2009-09-27;KREISE;;08231;;;;;;78606;Anzahl;WAHL01;Wahlberechtigte
14111;;;;2009-09-27;KREISE;;08235;;;;;;72,9;Prozent;WAHLSR;Wahlbeteiligung
14111;;;;2009-09-27;KREISE;;08235;;;;;;111140;Anzahl;WAHL01;Wahlberechtigte
14111;;;;2009-09-27;KREISE;;08236;;;;;;74,3;Prozent;WAHLSR;Wahlbeteiligung
14111;;;;2009-09-27;KREISE;;08236;;;;;;142271;Anzahl;WAHL01;Wahlberechtigte
14111;;;;2009-09-27;KREISE;;08237;;;;;;70,4;Prozent;WAHLSR;Wahlbeteiligung
14111;;;;2009-09-27;KREISE;;08237;;;;;;87783;Anzahl;WAHL01;Wahlberechtigte
14111;;;;2009-09-27;KREISE;;08311;;;;;;74,1;Prozent;WAHLSR;Wahlbeteiligung
14111;;;;2009-09-27;KREISE;;08311;;;;;;146846;Anzahl;WAHL01;Wahlberechtigte
14111;;;;2009-09-27;KREISE;;08315;;;;;;74,7;Prozent;WAHLSR;Wahlbeteiligung
14111;;;;2009-09-27;KREISE;;08315;;;;;;187070;Anzahl;WAHL01;Wahlberechtigte
14111;;;;2009-09-27;KREISE;;08316;;;;;;72,6;Prozent;WAHLSR;Wahlbeteiligung
14111;;;;2009-09-27;KREISE;;08316;;;;;;119552;Anzahl;WAHL01;Wahlberechtigte
14111;;;;2009-09-27;KREISE;;08317;;;;;;68,9;Prozent;WAHLSR;Wahlbeteiligung
14111;;;;2009-09-27;KREISE;;08317;;;;;;314001;Anzahl;WAHL01;Wahlberechtigte
14111;;;;2009-09-27;KREISE;;08325;;;;;;70,7;Prozent;WAHLSR;Wahlbeteiligung
14111;;;;2009-09-27;KREISE;;08325;;;;;;104415;Anzahl;WAHL01;Wahlberechtigte
14111;;;;2009-09-27;KREISE;;08326;;;;;;69,6;Prozent;WAHLSR;Wahlbeteiligung
14111;;;;2009-09-27;KREISE;;08326;;;;;;151537;Anzahl;WAHL01;Wahlberechtigte
14111;;;;2009-09-27;KREISE;;08327;;;;;;70,2;Prozent;WAHLSR;Wahlbeteiligung
14111;;;;2009-09-27;KREISE;;08327;;;;;;96311;Anzahl;WAHL01;Wahlberechtigte
14111;;;;2009-09-27;KREISE;;08335;;;;;;70,9;Prozent;WAHLSR;Wahlbeteiligung
14111;;;;2009-09-27;KREISE;;08335;;;;;;197671;Anzahl;WAHL01;Wahlberechtigte
14111;;;;2009-09-27;KREISE;;08336;;;;;;68,1;Prozent;WAHLSR;Wahlbeteiligung
14111;;;;2009-09-27;KREISE;;08336;;;;;;160864;Anzahl;WAHL01;Wahlberechtigte
14111;;;;2009-09-27;KREISE;;08337;;;;;;68,4;Prozent;WAHLSR;Wahlbeteiligung
14111;;;;2009-09-27;KREISE;;08337;;;;;;119343;Anzahl;WAHL01;Wahlberechtigte
14111;;;;2009-09-27;KREISE;;08415;;;;;;73,5;Prozent;WAHLSR;Wahlbeteiligung
14111;;;;2009-09-27;KREISE;;08415;;;;;;198466;Anzahl;WAHL01;Wahlberechtigte
14111;;;;2009-09-27;KREISE;;08416;;;;;;77,5;Prozent;WAHLSR;Wahlbeteiligung
14111;;;;2009-09-27;KREISE;;08416;;;;;;152783;Anzahl;WAHL01;Wahlberechtigte
14111;;;;2009-09-27;KREISE;;08417;;;;;;69,8;Prozent;WAHLSR;Wahlbeteiligung
14111;;;;2009-09-27;KREISE;;08417;;;;;;141075;Anzahl;WAHL01;Wahlberechtigte
14111;;;;2009-09-27;KREISE;;08421;;;;;;72,4;Prozent;WAHLSR;Wahlbeteiligung
14111;;;;2009-09-27;KREISE;;08421;;;;;;80608;Anzahl;WAHL01;Wahlberechtigte
14111;;;;2009-09-27;KREISE;;08425;;;;;;74,7;Prozent;WAHLSR;Wahlbeteiligung
14111;;;;2009-09-27;KREISE;;08425;;;;;;138259;Anzahl;WAHL01;Wahlberechtigte
14111;;;;2009-09-27;KREISE;;08426;;;;;;72,2;Prozent;WAHLSR;Wahlbeteiligung
14111;;;;2009-09-27;KREISE;;08426;;;;;;141854;Anzahl;WAHL01;Wahlberechtigte
14111;;;;2009-09-27;KREISE;;08435;;;;;;73,7;Prozent;WAHLSR;Wahlbeteiligung
14111;;;;2009-09-27;KREISE;;08435;;;;;;152612;Anzahl;WAHL01;Wahlberechtigte
14111;;;;2009-09-27;KREISE;;08436;;;;;;71,8;Prozent;WAHLSR;Wahlbeteiligung
14111;;;;2009-09-27;KREISE;;08436;;;;;;202016;Anzahl;WAHL01;Wahlberechtigte
14111;;;;2009-09-27;KREISE;;08437;;;;;;70,0;Prozent;WAHLSR;Wahlbeteiligung
14111;;;;2009-09-27;KREISE;;08437;;;;;;96768;Anzahl;WAHL01;Wahlberechtigte
14111;;;;2009-09-27;KREISE;;09161;;;;;;63,6;Prozent;WAHLSR;Wahlbeteiligung
14111;;;;2009-09-27;KREISE;;09161;;;;;;88713;Anzahl;WAHL01;Wahlberechtigte
14111;;;;2009-09-27;KREISE;;09162;;;;;;73,4;Prozent;WAHLSR;Wahlbeteiligung
14111;;;;2009-09-27;KREISE;;09162;;;;;;895101;Anzahl;WAHL01;Wahlberechtigte
14111;;;;2009-09-27;KREISE;;09163;;;;;;65,3;Prozent;WAHLSR;Wahlbeteiligung
14111;;;;2009-09-27;KREISE;;09163;;;;;;41252;Anzahl;WAHL01;Wahlberechtigte
14111;;;;2009-09-27;KREISE;;09171;;;;;;67,8;Prozent;WAHLSR;Wahlbeteiligung
14111;;;;2009-09-27;KREISE;;09171;;;;;;82825;Anzahl;WAHL01;Wahlberechtigte
14111;;;;2009-09-27;KREISE;;09172;;;;;;68,2;Prozent;WAHLSR;Wahlbeteiligung
14111;;;;2009-09-27;KREISE;;09172;;;;;;74137;Anzahl;WAHL01;Wahlberechtigte
14111;;;;2009-09-27;KREISE;;09173;;;;;;73,1;Prozent;WAHLSR;Wahlbeteiligung
14111;;;;2009-09-27;KREISE;;09173;;;;;;90310;Anzahl;WAHL01;Wahlberechtigte
14111;;;;2009-09-27;KREISE;;09174;;;;;;75,1;Prozent;WAHLSR;Wahlbeteiligung
14111;;;;2009-09-27;KREISE;;09174;;;;;;98431;Anzahl;WAHL01;Wahlberechtigte
14111;;;;2009-09-27;KREISE;;09175;;;;;;77,7;Prozent;WAHLSR;Wahlbeteiligung
14111;;;;2009-09-27;KREISE;;09175;;;;;;93017;Anzahl;WAHL01;Wahlberechtigte
14111;;;;2009-09-27;KREISE;;09176;;;;;;75,3;Prozent;WAHLSR;Wahlbeteiligung
14111;;;;2009-09-27;KREISE;;09176;;;;;;94458;Anzahl;WAHL01;Wahlberechtigte
14111;;;;2009-09-27;KREISE;;09177;;;;;;73,3;Prozent;WAHLSR;Wahlbeteiligung
14111;;;;2009-09-27;KREISE;;09177;;;;;;92944;Anzahl;WAHL01;Wahlberechtigte
14111;;;;2009-09-27;KREISE;;09178;;;;;;73,8;Prozent;WAHLSR;Wahlbeteiligung
14111;;;;2009-09-27;KREISE;;09178;;;;;;117218;Anzahl;WAHL01;Wahlberechtigte
14111;;;;2009-09-27;KREISE;;09179;;;;;;77,2;Prozent;WAHLSR;Wahlbeteiligung
14111;;;;2009-09-27;KREISE;;09179;;;;;;150700;Anzahl;WAHL01;Wahlberechtigte
14111;;;;2009-09-27;KREISE;;09180;;;;;;72,1;Prozent;WAHLSR;Wahlbeteiligung
14111;;;;2009-09-27;KREISE;;09180;;;;;;65324;Anzahl;WAHL01;Wahlberechtigte
14111;;;;2009-09-27;KREISE;;09181;;;;;;74,9;Prozent;WAHLSR;Wahlbeteiligung
14111;;;;2009-09-27;KREISE;;09181;;;;;;85145;Anzahl;WAHL01;Wahlberechtigte
14111;;;;2009-09-27;KREISE;;09182;;;;;;73,8;Prozent;WAHLSR;Wahlbeteiligung
14111;;;;2009-09-27;KREISE;;09182;;;;;;71453;Anzahl;WAHL01;Wahlberechtigte
14111;;;;2009-09-27;KREISE;;09183;;;;;;67,2;Prozent;WAHLSR;Wahlbeteiligung
14111;;;;2009-09-27;KREISE;;09183;;;;;;83950;Anzahl;WAHL01;Wahlberechtigte
14111;;;;2009-09-27;KREISE;;09184;;;;;;79,1;Prozent;WAHLSR;Wahlbeteiligung
14111;;;;2009-09-27;KREISE;;09184;;;;;;228444;Anzahl;WAHL01;Wahlberechtigte
14111;;;;2009-09-27;KREISE;;09185;;;;;;70,1;Prozent;WAHLSR;Wahlbeteiligung
14111;;;;2009-09-27;KREISE;;09185;;;;;;69444;Anzahl;WAHL01;Wahlberechtigte
14111;;;;2009-09-27;KREISE;;09186;;;;;;71,6;Prozent;WAHLSR;Wahlbeteiligung
14111;;;;2009-09-27;KREISE;;09186;;;;;;88313;Anzahl;WAHL01;Wahlberechtigte
14111;;;;2009-09-27;KREISE;;09187;;;;;;72,9;Prozent;WAHLSR;Wahlbeteiligung
14111;;;;2009-09-27;KREISE;;09187;;;;;;185231;Anzahl;WAHL01;Wahlberechtigte
14111;;;;2009-09-27;KREISE;;09188;;;;;;80,0;Prozent;WAHLSR;Wahlbeteiligung
14111;;;;2009-09-27;KREISE;;09188;;;;;;94784;Anzahl;WAHL01;Wahlberechtigte
14111;;;;2009-09-27;KREISE;;09189;;;;;;70,3;Prozent;WAHLSR;Wahlbeteiligung
14111;;;;2009-09-27;KREISE;;09189;;;;;;130978;Anzahl;WAHL01;Wahlberechtigte
14111;;;;2009-09-27;KREISE;;09190;;;;;;74,0;Prozent;WAHLSR;Wahlbeteiligung
14111;;;;2009-09-27;KREISE;;09190;;;;;;98684;Anzahl;WAHL01;Wahlberechtigte
14111;;;;2009-09-27;KREISE;;09261;;;;;;66,7;Prozent;WAHLSR;Wahlbeteiligung
14111;;;;2009-09-27;KREISE;;09261;;;;;;47214;Anzahl;WAHL01;Wahlberechtigte
14111;;;;2009-09-27;KREISE;;09262;;;;;;65,5;Prozent;WAHLSR;Wahlbeteiligung
14111;;;;2009-09-27;KREISE;;09262;;;;;;38176;Anzahl;WAHL01;Wahlberechtigte
14111;;;;2009-09-27;KREISE;;09263;;;;;;60,1;Prozent;WAHLSR;Wahlbeteiligung
14111;;;;2009-09-27;KREISE;;09263;;;;;;34307;Anzahl;WAHL01;Wahlberechtigte
14111;;;;2009-09-27;KREISE;;09271;;;;;;62,2;Prozent;WAHLSR;Wahlbeteiligung
14111;;;;2009-09-27;KREISE;;09271;;;;;;90845;Anzahl;WAHL01;Wahlberechtigte
14111;;;;2009-09-27;KREISE;;09272;;;;;;60,0;Prozent;WAHLSR;Wahlbeteiligung
14111;;;;2009-09-27;KREISE;;09272;;;;;;63922;Anzahl;WAHL01;Wahlberechtigte
14111;;;;2009-09-27;KREISE;;09273;;;;;;68,3;Prozent;WAHLSR;Wahlbeteiligung
14111;;;;2009-09-27;KREISE;;09273;;;;;;85581;Anzahl;WAHL01;Wahlberechtigte
14111;;;;2009-09-27;KREISE;;09274;;;;;;71,1;Prozent;WAHLSR;Wahlbeteiligung
14111;;;;2009-09-27;KREISE;;09274;;;;;;114038;Anzahl;WAHL01;Wahlberechtigte
14111;;;;2009-09-27;KREISE;;09275;;;;;;63,0;Prozent;WAHLSR;Wahlbeteiligung
14111;;;;2009-09-27;KREISE;;09275;;;;;;147892;Anzahl;WAHL01;Wahlberechtigte
14111;;;;2009-09-27;KREISE;;09276;;;;;;60,4;Prozent;WAHLSR;Wahlbeteiligung
14111;;;;2009-09-27;KREISE;;09276;;;;;;63315;Anzahl;WAHL01;Wahlberechtigte
14111;;;;2009-09-27;KREISE;;09277;;;;;;63,9;Prozent;WAHLSR;Wahlbeteiligung
14111;;;;2009-09-27;KREISE;;09277;;;;;;91825;Anzahl;WAHL01;Wahlberechtigte
14111;;;;2009-09-27;KREISE;;09278;;;;;;71,3;Prozent;WAHLSR;Wahlbeteiligung
14111;;;;2009-09-27;KREISE;;09278;;;;;;75446;Anzahl;WAHL01;Wahlberechtigte
14111;;;;2009-09-27;KREISE;;09279;;;;;;65,2;Prozent;WAHLSR;Wahlbeteiligung
14111;;;;2009-09-27;KREISE;;09279;;;;;;70284;Anzahl;WAHL01;Wahlberechtigte
14111;;;;2009-09-27;KREISE;;09361;;;;;;64,3;Prozent;WAHLSR;Wahlbeteiligung
14111;;;;2009-09-27;KREISE;;09361;;;;;;33585;Anzahl;WAHL01;Wahlberechtigte
14111;;;;2009-09-27;KREISE;;09362;;;;;;67,7;Prozent;WAHLSR;Wahlbeteiligung
14111;;;;2009-09-27;KREISE;;09362;;;;;;100178;Anzahl;WAHL01;Wahlberechtigte
14111;;;;2009-09-27;KREISE;;09363;;;;;;66,2;Prozent;WAHLSR;Wahlbeteiligung
14111;;;;2009-09-27;KREISE;;09363;;;;;;33334;Anzahl;WAHL01;Wahlberechtigte
14111;;;;2009-09-27;KREISE;;09371;;;;;;72,0;Prozent;WAHLSR;Wahlbeteiligung
14111;;;;2009-09-27;KREISE;;09371;;;;;;82906;Anzahl;WAHL01;Wahlberechtigte
14111;;;;2009-09-27;KREISE;;09372;;;;;;64,6;Prozent;WAHLSR;Wahlbeteiligung
14111;;;;2009-09-27;KREISE;;09372;;;;;;101906;Anzahl;WAHL01;Wahlberechtigte
14111;;;;2009-09-27;KREISE;;09373;;;;;;73,7;Prozent;WAHLSR;Wahlbeteiligung
14111;;;;2009-09-27;KREISE;;09373;;;;;;98125;Anzahl;WAHL01;Wahlberechtigte
14111;;;;2009-09-27;KREISE;;09374;;;;;;73,9;Prozent;WAHLSR;Wahlbeteiligung
14111;;;;2009-09-27;KREISE;;09374;;;;;;77269;Anzahl;WAHL01;Wahlberechtigte
14111;;;;2009-09-27;KREISE;;09375;;;;;;72,2;Prozent;WAHLSR;Wahlbeteiligung
14111;;;;2009-09-27;KREISE;;09375;;;;;;142905;Anzahl;WAHL01;Wahlberechtigte
14111;;;;2009-09-27;KREISE;;09376;;;;;;68,5;Prozent;WAHLSR;Wahlbeteiligung
14111;;;;2009-09-27;KREISE;;09376;;;;;;114138;Anzahl;WAHL01;Wahlberechtigte
14111;;;;2009-09-27;KREISE;;09377;;;;;;73,0;Prozent;WAHLSR;Wahlbeteiligung
14111;;;;2009-09-27;KREISE;;09377;;;;;;61408;Anzahl;WAHL01;Wahlberechtigte
14111;;;;2009-09-27;KREISE;;09461;;;;;;69,3;Prozent;WAHLSR;Wahlbeteiligung
14111;;;;2009-09-27;KREISE;;09461;;;;;;53916;Anzahl;WAHL01;Wahlberechtigte
14111;;;;2009-09-27;KREISE;;09462;;;;;;67,0;Prozent;WAHLSR;Wahlbeteiligung
14111;;;;2009-09-27;KREISE;;09462;;;;;;56180;Anzahl;WAHL01;Wahlberechtigte
14111;;;;2009-09-27;KREISE;;09463;;;;;;68,6;Prozent;WAHLSR;Wahlbeteiligung
14111;;;;2009-09-27;KREISE;;09463;;;;;;32721;Anzahl;WAHL01;Wahlberechtigte
14111;;;;2009-09-27;KREISE;;09464;;;;;;66,9;Prozent;WAHLSR;Wahlbeteiligung
14111;;;;2009-09-27;KREISE;;09464;;;;;;35645;Anzahl;WAHL01;Wahlberechtigte
14111;;;;2009-09-27;KREISE;;09471;;;;;;74,9;Prozent;WAHLSR;Wahlbeteiligung
14111;;;;2009-09-27;KREISE;;09471;;;;;;113974;Anzahl;WAHL01;Wahlberechtigte
14111;;;;2009-09-27;KREISE;;09472;;;;;;73,6;Prozent;WAHLSR;Wahlbeteiligung
14111;;;;2009-09-27;KREISE;;09472;;;;;;85745;Anzahl;WAHL01;Wahlberechtigte
14111;;;;2009-09-27;KREISE;;09473;;;;;;72,2;Prozent;WAHLSR;Wahlbeteiligung
14111;;;;2009-09-27;KREISE;;09473;;;;;;71590;Anzahl;WAHL01;Wahlberechtigte
14111;;;;2009-09-27;KREISE;;09474;;;;;;75,3;Prozent;WAHLSR;Wahlbeteiligung
14111;;;;2009-09-27;KREISE;;09474;;;;;;88406;Anzahl;WAHL01;Wahlberechtigte
14111;;;;2009-09-27;KREISE;;09475;;;;;;71,7;Prozent;WAHLSR;Wahlbeteiligung
14111;;;;2009-09-27;KREISE;;09475;;;;;;81949;Anzahl;WAHL01;Wahlberechtigte
14111;;;;2009-09-27;KREISE;;09476;;;;;;71,3;Prozent;WAHLSR;Wahlbeteiligung
14111;;;;2009-09-27;KREISE;;09476;;;;;;58523;Anzahl;WAHL01;Wahlberechtigte
14111;;;;2009-09-27;KREISE;;09477;;;;;;73,0;Prozent;WAHLSR;Wahlbeteiligung
14111;;;;2009-09-27;KREISE;;09477;;;;;;61611;Anzahl;WAHL01;Wahlberechtigte
14111;;;;2009-09-27;KREISE;;09478;;;;;;72,2;Prozent;WAHLSR;Wahlbeteiligung
14111;;;;2009-09-27;KREISE;;09478;;;;;;55182;Anzahl;WAHL01;Wahlberechtigte
14111;;;;2009-09-27;KREISE;;09479;;;;;;68,8;Prozent;WAHLSR;Wahlbeteiligung
14111;;;;2009-09-27;KREISE;;09479;;;;;;63141;Anzahl;WAHL01;Wahlberechtigte
14111;;;;2009-09-27;KREISE;;09561;;;;;;64,8;Prozent;WAHLSR;Wahlbeteiligung
14111;;;;2009-09-27;KREISE;;09561;;;;;;31306;Anzahl;WAHL01;Wahlberechtigte
14111;;;;2009-09-27;KREISE;;09562;;;;;;75,8;Prozent;WAHLSR;Wahlbeteiligung
14111;;;;2009-09-27;KREISE;;09562;;;;;;76073;Anzahl;WAHL01;Wahlberechtigte
14111;;;;2009-09-27;KREISE;;09563;;;;;;67,4;Prozent;WAHLSR;Wahlbeteiligung
14111;;;;2009-09-27;KREISE;;09563;;;;;;83231;Anzahl;WAHL01;Wahlberechtigte
14111;;;;2009-09-27;KREISE;;09564;;;;;;69,3;Prozent;WAHLSR;Wahlbeteiligung
14111;;;;2009-09-27;KREISE;;09564;;;;;;345218;Anzahl;WAHL01;Wahlberechtigte
14111;;;;2009-09-27;KREISE;;09565;;;;;;71,0;Prozent;WAHLSR;Wahlbeteiligung
14111;;;;2009-09-27;KREISE;;09565;;;;;;29192;Anzahl;WAHL01;Wahlberechtigte
14111;;;;2009-09-27;KREISE;;09571;;;;;;71,6;Prozent;WAHLSR;Wahlbeteiligung
14111;;;;2009-09-27;KREISE;;09571;;;;;;140048;Anzahl;WAHL01;Wahlberechtigte
14111;;;;2009-09-27;KREISE;;09572;;;;;;77,3;Prozent;WAHLSR;Wahlbeteiligung
14111;;;;2009-09-27;KREISE;;09572;;;;;;101188;Anzahl;WAHL01;Wahlberechtigte
14111;;;;2009-09-27;KREISE;;09573;;;;;;76,8;Prozent;WAHLSR;Wahlbeteiligung
14111;;;;2009-09-27;KREISE;;09573;;;;;;89029;Anzahl;WAHL01;Wahlberechtigte
14111;;;;2009-09-27;KREISE;;09574;;;;;;76,3;Prozent;WAHLSR;Wahlbeteiligung
14111;;;;2009-09-27;KREISE;;09574;;;;;;128435;Anzahl;WAHL01;Wahlberechtigte
14111;;;;2009-09-27;KREISE;;09575;;;;;;71,7;Prozent;WAHLSR;Wahlbeteiligung
14111;;;;2009-09-27;KREISE;;09575;;;;;;77443;Anzahl;WAHL01;Wahlberechtigte
14111;;;;2009-09-27;KREISE;;09576;;;;;;75,7;Prozent;WAHLSR;Wahlbeteiligung
14111;;;;2009-09-27;KREISE;;09576;;;;;;96511;Anzahl;WAHL01;Wahlberechtigte
14111;;;;2009-09-27;KREISE;;09577;;;;;;70,7;Prozent;WAHLSR;Wahlbeteiligung
14111;;;;2009-09-27;KREISE;;09577;;;;;;72599;Anzahl;WAHL01;Wahlberechtigte
14111;;;;2009-09-27;KREISE;;09661;;;;;;67,5;Prozent;WAHLSR;Wahlbeteiligung
14111;;;;2009-09-27;KREISE;;09661;;;;;;49850;Anzahl;WAHL01;Wahlberechtigte
14111;;;;2009-09-27;KREISE;;09662;;;;;;64,0;Prozent;WAHLSR;Wahlbeteiligung
14111;;;;2009-09-27;KREISE;;09662;;;;;;39579;Anzahl;WAHL01;Wahlberechtigte
14111;;;;2009-09-27;KREISE;;09663;;;;;;71,0;Prozent;WAHLSR;Wahlbeteiligung
14111;;;;2009-09-27;KREISE;;09663;;;;;;99834;Anzahl;WAHL01;Wahlberechtigte
14111;;;;2009-09-27;KREISE;;09671;;;;;;75,6;Prozent;WAHLSR;Wahlbeteiligung
14111;;;;2009-09-27;KREISE;;09671;;;;;;134022;Anzahl;WAHL01;Wahlberechtigte
14111;;;;2009-09-27;KREISE;;09672;;;;;;73,5;Prozent;WAHLSR;Wahlbeteiligung
14111;;;;2009-09-27;KREISE;;09672;;;;;;85514;Anzahl;WAHL01;Wahlberechtigte
14111;;;;2009-09-27;KREISE;;09673;;;;;;73,6;Prozent;WAHLSR;Wahlbeteiligung
14111;;;;2009-09-27;KREISE;;09673;;;;;;65476;Anzahl;WAHL01;Wahlberechtigte
14111;;;;2009-09-27;KREISE;;09674;;;;;;74,4;Prozent;WAHLSR;Wahlbeteiligung
14111;;;;2009-09-27;KREISE;;09674;;;;;;68617;Anzahl;WAHL01;Wahlberechtigte
14111;;;;2009-09-27;KREISE;;09675;;;;;;72,8;Prozent;WAHLSR;Wahlbeteiligung
14111;;;;2009-09-27;KREISE;;09675;;;;;;69223;Anzahl;WAHL01;Wahlberechtigte
14111;;;;2009-09-27;KREISE;;09676;;;;;;73,3;Prozent;WAHLSR;Wahlbeteiligung
14111;;;;2009-09-27;KREISE;;09676;;;;;;96774;Anzahl;WAHL01;Wahlberechtigte
14111;;;;2009-09-27;KREISE;;09677;;;;;;74,8;Prozent;WAHLSR;Wahlbeteiligung
14111;;;;2009-09-27;KREISE;;09677;;;;;;102307;Anzahl;WAHL01;Wahlberechtigte
14111;;;;2009-09-27;KREISE;;09678;;;;;;77,0;Prozent;WAHLSR;Wahlbeteiligung
14111;;;;2009-09-27;KREISE;;09678;;;;;;91314;Anzahl;WAHL01;Wahlberechtigte
14111;;;;2009-09-27;KREISE;;09679;;;;;;78,7;Prozent;WAHLSR;Wahlbeteiligung
14111;;;;2009-09-27;KREISE;;09679;;;;;;125973;Anzahl;WAHL01;Wahlberechtigte
14111;;;;2009-09-27;KREISE;;09761;;;;;;65,7;Prozent;WAHLSR;Wahlbeteiligung
14111;;;;2009-09-27;KREISE;;09761;;;;;;185478;Anzahl;WAHL01;Wahlberechtigte
14111;;;;2009-09-27;KREISE;;09762;;;;;;64,5;Prozent;WAHLSR;Wahlbeteiligung
14111;;;;2009-09-27;KREISE;;09762;;;;;;31663;Anzahl;WAHL01;Wahlberechtigte
14111;;;;2009-09-27;KREISE;;09763;;;;;;65,3;Prozent;WAHLSR;Wahlbeteiligung
14111;;;;2009-09-27;KREISE;;09763;;;;;;47475;Anzahl;WAHL01;Wahlberechtigte
14111;;;;2009-09-27;KREISE;;09764;;;;;;67,1;Prozent;WAHLSR;Wahlbeteiligung
14111;;;;2009-09-27;KREISE;;09764;;;;;;29798;Anzahl;WAHL01;Wahlberechtigte
14111;;;;2009-09-27;KREISE;;09771;;;;;;74,3;Prozent;WAHLSR;Wahlbeteiligung
14111;;;;2009-09-27;KREISE;;09771;;;;;;96843;Anzahl;WAHL01;Wahlberechtigte
14111;;;;2009-09-27;KREISE;;09772;;;;;;72,3;Prozent;WAHLSR;Wahlbeteiligung
14111;;;;2009-09-27;KREISE;;09772;;;;;;182218;Anzahl;WAHL01;Wahlberechtigte
14111;;;;2009-09-27;KREISE;;09773;;;;;;68,4;Prozent;WAHLSR;Wahlbeteiligung
14111;;;;2009-09-27;KREISE;;09773;;;;;;72061;Anzahl;WAHL01;Wahlberechtigte
14111;;;;2009-09-27;KREISE;;09774;;;;;;68,2;Prozent;WAHLSR;Wahlbeteiligung
14111;;;;2009-09-27;KREISE;;09774;;;;;;89304;Anzahl;WAHL01;Wahlberechtigte
14111;;;;2009-09-27;KREISE;;09775;;;;;;70,6;Prozent;WAHLSR;Wahlbeteiligung
14111;;;;2009-09-27;KREISE;;09775;;;;;;120795;Anzahl;WAHL01;Wahlberechtigte
14111;;;;2009-09-27;KREISE;;09776;;;;;;72,1;Prozent;WAHLSR;Wahlbeteiligung
14111;;;;2009-09-27;KREISE;;09776;;;;;;58682;Anzahl;WAHL01;Wahlberechtigte
14111;;;;2009-09-27;KREISE;;09777;;;;;;72,5;Prozent;WAHLSR;Wahlbeteiligung
14111;;;;2009-09-27;KREISE;;09777;;;;;;102335;Anzahl;WAHL01;Wahlberechtigte
14111;;;;2009-09-27;KREISE;;09778;;;;;;71,0;Prozent;WAHLSR;Wahlbeteiligung
14111;;;;2009-09-27;KREISE;;09778;;;;;;104221;Anzahl;WAHL01;Wahlberechtigte
14111;;;;2009-09-27;KREISE;;09779;;;;;;72,2;Prozent;WAHLSR;Wahlbeteiligung
14111;;;;2009-09-27;KREISE;;09779;;;;;;99365;Anzahl;WAHL01;Wahlberechtigte
14111;;;;2009-09-27;KREISE;;09780;;;;;;74,1;Prozent;WAHLSR;Wahlbeteiligung
14111;;;;2009-09-27;KREISE;;09780;;;;;;115551;Anzahl;WAHL01;Wahlberechtigte
14111;;;;2009-09-27;KREISE;;10041;;;;;;71,4;Prozent;WAHLSR;Wahlbeteiligung
14111;;;;2009-09-27;KREISE;;10041;;;;;;256577;Anzahl;WAHL01;Wahlberechtigte
14111;;;;2009-09-27;KREISE;;10041100;;;;;;69,9;Prozent;WAHLSR;Wahlbeteiligung
14111;;;;2009-09-27;KREISE;;10041100;;;;;;132798;Anzahl;WAHL01;Wahlberechtigte
14111;;;;2009-09-27;KREISE;;10042;;;;;;74,5;Prozent;WAHLSR;Wahlbeteiligung
14111;;;;2009-09-27;KREISE;;10042;;;;;;82872;Anzahl;WAHL01;Wahlberechtigte
14111;;;;2009-09-27;KREISE;;10043;;;;;;72,6;Prozent;WAHLSR;Wahlbeteiligung
14111;;;;2009-09-27;KREISE;;10043;;;;;;112670;Anzahl;WAHL01;Wahlberechtigte
14111;;;;2009-09-27;KREISE;;10044;;;;;;74,5;Prozent;WAHLSR;Wahlbeteiligung
14111;;;;2009-09-27;KREISE;;10044;;;;;;161209;Anzahl;WAHL01;Wahlberechtigte
14111;;;;2009-09-27;KREISE;;10045;;;;;;75,2;Prozent;WAHLSR;Wahlbeteiligung
14111;;;;2009-09-27;KREISE;;10045;;;;;;119510;Anzahl;WAHL01;Wahlberechtigte
14111;;;;2009-09-27;KREISE;;10046;;;;;;78,5;Prozent;WAHLSR;Wahlbeteiligung
14111;;;;2009-09-27;KREISE;;10046;;;;;;75716;Anzahl;WAHL01;Wahlberechtigte
14111;;;;2009-09-27;KREISE;;11000;;;;;;70,9;Prozent;WAHLSR;Wahlbeteiligung
14111;;;;2009-09-27;KREISE;;11000;;;;;;2471665;Anzahl;WAHL01;Wahlberechtigte
14111;;;;2009-09-27;KREISE;;11001001;;;;;;67,6;Prozent;WAHLSR;Wahlbeteiligung
14111;;;;2009-09-27;KREISE;;11001001;;;;;;197252;Anzahl;WAHL01;Wahlberechtigte
14111;;;;2009-09-27;KREISE;;11002002;;;;;;72,3;Prozent;WAHLSR;Wahlbeteiligung
14111;;;;2009-09-27;KREISE;;11002002;;;;;;171293;Anzahl;WAHL01;Wahlberechtigte
14111;;;;2009-09-27;KREISE;;11003003;;;;;;71,6;Prozent;WAHLSR;Wahlbeteiligung
14111;;;;2009-09-27;KREISE;;11003003;;;;;;283604;Anzahl;WAHL01;Wahlberechtigte
14111;;;;2009-09-27;KREISE;;11004004;;;;;;75,7;Prozent;WAHLSR;Wahlbeteiligung
14111;;;;2009-09-27;KREISE;;11004004;;;;;;218177;Anzahl;WAHL01;Wahlberechtigte
14111;;;;2009-09-27;KREISE;;11005005;;;;;;69,1;Prozent;WAHLSR;Wahlbeteiligung
14111;;;;2009-09-27;KREISE;;11005005;;;;;;162116;Anzahl;WAHL01;Wahlberechtigte
14111;;;;2009-09-27;KREISE;;11006006;;;;;;79,5;Prozent;WAHLSR;Wahlbeteiligung
14111;;;;2009-09-27;KREISE;;11006006;;;;;;217335;Anzahl;WAHL01;Wahlberechtigte
14111;;;;2009-09-27;KREISE;;11007007;;;;;;74,3;Prozent;WAHLSR;Wahlbeteiligung
14111;;;;2009-09-27;KREISE;;11007007;;;;;;232759;Anzahl;WAHL01;Wahlberechtigte
14111;;;;2009-09-27;KREISE;;11008008;;;;;;67,2;Prozent;WAHLSR;Wahlbeteiligung
14111;;;;2009-09-27;KREISE;;11008008;;;;;;197444;Anzahl;WAHL01;Wahlberechtigte
14111;;;;2009-09-27;KREISE;;11009009;;;;;;71,3;Prozent;WAHLSR;Wahlbeteiligung
14111;;;;2009-09-27;KREISE;;11009009;;;;;;200391;Anzahl;WAHL01;Wahlberechtigte
14111;;;;2009-09-27;KREISE;;11010010;;;;;;63,4;Prozent;WAHLSR;Wahlbeteiligung
14111;;;;2009-09-27;KREISE;;11010010;;;;;;203416;Anzahl;WAHL01;Wahlberechtigte
14111;;;;2009-09-27;KREISE;;11011011;;;;;;64,8;Prozent;WAHLSR;Wahlbeteiligung
14111;;;;2009-09-27;KREISE;;11011011;;;;;;204766;Anzahl;WAHL01;Wahlberechtigte
14111;;;;2009-09-27;KREISE;;11012012;;;;;;72,4;Prozent;WAHLSR;Wahlbeteiligung
14111;;;;2009-09-27;KREISE;;11012012;;;;;;183112;Anzahl;WAHL01;Wahlberechtigte
14111;;;;2009-09-27;KREISE;;12051;;;;;;60,1;Prozent;WAHLSR;Wahlbeteiligung
14111;;;;2009-09-27;KREISE;;12051;;;;;;62606;Anzahl;WAHL01;Wahlberechtigte
14111;;;;2009-09-27;KREISE;;12052;;;;;;63,3;Prozent;WAHLSR;Wahlbeteiligung
14111;;;;2009-09-27;KREISE;;12052;;;;;;85352;Anzahl;WAHL01;Wahlberechtigte
14111;;;;2009-09-27;KREISE;;12053;;;;;;64,1;Prozent;WAHLSR;Wahlbeteiligung
14111;;;;2009-09-27;KREISE;;12053;;;;;;50820;Anzahl;WAHL01;Wahlberechtigte
14111;;;;2009-09-27;KREISE;;12054;;;;;;72,0;Prozent;WAHLSR;Wahlbeteiligung
14111;;;;2009-09-27;KREISE;;12054;;;;;;125004;Anzahl;WAHL01;Wahlberechtigte
14111;;;;2009-09-27;KREISE;;12060;;;;;;66,3;Prozent;WAHLSR;Wahlbeteiligung
14111;;;;2009-09-27;KREISE;;12060;;;;;;150447;Anzahl;WAHL01;Wahlberechtigte
14111;;;;2009-09-27;KREISE;;12061;;;;;;70,0;Prozent;WAHLSR;Wahlbeteiligung
14111;;;;2009-09-27;KREISE;;12061;;;;;;137721;Anzahl;WAHL01;Wahlberechtigte
14111;;;;2009-09-27;KREISE;;12062;;;;;;67,3;Prozent;WAHLSR;Wahlbeteiligung
14111;;;;2009-09-27;KREISE;;12062;;;;;;99931;Anzahl;WAHL01;Wahlberechtigte
14111;;;;2009-09-27;KREISE;;12063;;;;;;67,8;Prozent;WAHLSR;Wahlbeteiligung
14111;;;;2009-09-27;KREISE;;12063;;;;;;128630;Anzahl;WAHL01;Wahlberechtigte
14111;;;;2009-09-27;KREISE;;12064;;;;;;67,1;Prozent;WAHLSR;Wahlbeteiligung
14111;;;;2009-09-27;KREISE;;12064;;;;;;163003;Anzahl;WAHL01;Wahlberechtigte
14111;;;;2009-09-27;KREISE;;12065;;;;;;68,0;Prozent;WAHLSR;Wahlbeteiligung
14111;;;;2009-09-27;KREISE;;12065;;;;;;169577;Anzahl;WAHL01;Wahlberechtigte
14111;;;;2009-09-27;KREISE;;12066;;;;;;63,7;Prozent;WAHLSR;Wahlbeteiligung
14111;;;;2009-09-27;KREISE;;12066;;;;;;107772;Anzahl;WAHL01;Wahlberechtigte
14111;;;;2009-09-27;KREISE;;12067;;;;;;67,6;Prozent;WAHLSR;Wahlbeteiligung
14111;;;;2009-09-27;KREISE;;12067;;;;;;157705;Anzahl;WAHL01;Wahlberechtigte
14111;;;;2009-09-27;KREISE;;12068;;;;;;61,7;Prozent;WAHLSR;Wahlbeteiligung
14111;;;;2009-09-27;KREISE;;12068;;;;;;89101;Anzahl;WAHL01;Wahlberechtigte
14111;;;;2009-09-27;KREISE;;12069;;;;;;71,6;Prozent;WAHLSR;Wahlbeteiligung
14111;;;;2009-09-27;KREISE;;12069;;;;;;170167;Anzahl;WAHL01;Wahlberechtigte
14111;;;;2009-09-27;KREISE;;12070;;;;;;64,5;Prozent;WAHLSR;Wahlbeteiligung
14111;;;;2009-09-27;KREISE;;12070;;;;;;72455;Anzahl;WAHL01;Wahlberechtigte
14111;;;;2009-09-27;KREISE;;12071;;;;;;66,8;Prozent;WAHLSR;Wahlbeteiligung
14111;;;;2009-09-27;KREISE;;12071;;;;;;111037;Anzahl;WAHL01;Wahlberechtigte
14111;;;;2009-09-27;KREISE;;12072;;;;;;67,8;Prozent;WAHLSR;Wahlbeteiligung
14111;;;;2009-09-27;KREISE;;12072;;;;;;136388;Anzahl;WAHL01;Wahlberechtigte
14111;;;;2009-09-27;KREISE;;12073;;;;;;63,5;Prozent;WAHLSR;Wahlbeteiligung
14111;;;;2009-09-27;KREISE;;12073;;;;;;110999;Anzahl;WAHL01;Wahlberechtigte
14111;;;;2009-09-27;KREISE;;13001;;;;;;63,8;Prozent;WAHLSR;Wahlbeteiligung
14111;;;;2009-09-27;KREISE;;13001;;;;;;45233;Anzahl;WAHL01;Wahlberechtigte
14111;;;;2009-09-27;KREISE;;13002;;;;;;64,4;Prozent;WAHLSR;Wahlbeteiligung
14111;;;;2009-09-27;KREISE;;13002;;;;;;56278;Anzahl;WAHL01;Wahlberechtigte
14111;;;;2009-09-27;KREISE;;13003;;;;;;65,5;Prozent;WAHLSR;Wahlbeteiligung
14111;;;;2009-09-27;KREISE;;13003;;;;;;169637;Anzahl;WAHL01;Wahlberechtigte
14111;;;;2009-09-27;KREISE;;13004;;;;;;65,8;Prozent;WAHLSR;Wahlbeteiligung
14111;;;;2009-09-27;KREISE;;13004;;;;;;78798;Anzahl;WAHL01;Wahlberechtigte
14111;;;;2009-09-27;KREISE;;13005;;;;;;60,8;Prozent;WAHLSR;Wahlbeteiligung
14111;;;;2009-09-27;KREISE;;13005;;;;;;49186;Anzahl;WAHL01;Wahlberechtigte
14111;;;;2009-09-27;KREISE;;13006;;;;;;61,8;Prozent;WAHLSR;Wahlbeteiligung
14111;;;;2009-09-27;KREISE;;13006;;;;;;36362;Anzahl;WAHL01;Wahlberechtigte
14111;;;;2009-09-27;KREISE;;13051;;;;;;68,1;Prozent;WAHLSR;Wahlbeteiligung
14111;;;;2009-09-27;KREISE;;13051;;;;;;99371;Anzahl;WAHL01;Wahlberechtigte
14111;;;;2009-09-27;KREISE;;13052;;;;;;58,4;Prozent;WAHLSR;Wahlbeteiligung
14111;;;;2009-09-27;KREISE;;13052;;;;;;68891;Anzahl;WAHL01;Wahlberechtigte
14111;;;;2009-09-27;KREISE;;13053;;;;;;59,4;Prozent;WAHLSR;Wahlbeteiligung
14111;;;;2009-09-27;KREISE;;13053;;;;;;85248;Anzahl;WAHL01;Wahlberechtigte
14111;;;;2009-09-27;KREISE;;13054;;;;;;65,6;Prozent;WAHLSR;Wahlbeteiligung
14111;;;;2009-09-27;KREISE;;13054;;;;;;104368;Anzahl;WAHL01;Wahlberechtigte
14111;;;;2009-09-27;KREISE;;13055;;;;;;64,2;Prozent;WAHLSR;Wahlbeteiligung
14111;;;;2009-09-27;KREISE;;13055;;;;;;67853;Anzahl;WAHL01;Wahlberechtigte
14111;;;;2009-09-27;KREISE;;13056;;;;;;61,4;Prozent;WAHLSR;Wahlbeteiligung
14111;;;;2009-09-27;KREISE;;13056;;;;;;55700;Anzahl;WAHL01;Wahlberechtigte
14111;;;;2009-09-27;KREISE;;13057;;;;;;60,6;Prozent;WAHLSR;Wahlbeteiligung
14111;;;;2009-09-27;KREISE;;13057;;;;;;91797;Anzahl;WAHL01;Wahlberechtigte
14111;;;;2009-09-27;KREISE;;13058;;;;;;63,0;Prozent;WAHLSR;Wahlbeteiligung
14111;;;;2009-09-27;KREISE;;13058;;;;;;97512;Anzahl;WAHL01;Wahlberechtigte
14111;;;;2009-09-27;KREISE;;13059;;;;;;60,3;Prozent;WAHLSR;Wahlbeteiligung
14111;;;;2009-09-27;KREISE;;13059;;;;;;90820;Anzahl;WAHL01;Wahlberechtigte
14111;;;;2009-09-27;KREISE;;13060;;;;;;63,9;Prozent;WAHLSR;Wahlbeteiligung
14111;;;;2009-09-27;KREISE;;13060;;;;;;82915;Anzahl;WAHL01;Wahlberechtigte
14111;;;;2009-09-27;KREISE;;13061;;;;;;57,8;Prozent;WAHLSR;Wahlbeteiligung
14111;;;;2009-09-27;KREISE;;13061;;;;;;58534;Anzahl;WAHL01;Wahlberechtigte
14111;;;;2009-09-27;KREISE;;13062;;;;;;62,2;Prozent;WAHLSR;Wahlbeteiligung
14111;;;;2009-09-27;KREISE;;13062;;;;;;61795;Anzahl;WAHL01;Wahlberechtigte
14111;;;;2009-09-27;KREISE;;13071;;;;;;-;Prozent;WAHLSR;Wahlbeteiligung
14111;;;;2009-09-27;KREISE;;13071;;;;;;-;Anzahl;WAHL01;Wahlberechtigte
14111;;;;2009-09-27;KREISE;;13072;;;;;;-;Prozent;WAHLSR;Wahlbeteiligung
14111;;;;2009-09-27;KREISE;;13072;;;;;;-;Anzahl;WAHL01;Wahlberechtigte
14111;;;;2009-09-27;KREISE;;13073;;;;;;-;Prozent;WAHLSR;Wahlbeteiligung
14111;;;;2009-09-27;KREISE;;13073;;;;;;-;Anzahl;WAHL01;Wahlberechtigte
14111;;;;2009-09-27;KREISE;;13074;;;;;;-;Prozent;WAHLSR;Wahlbeteiligung
14111;;;;2009-09-27;KREISE;;13074;;;;;;-;Anzahl;WAHL01;Wahlberechtigte
14111;;;;2009-09-27;KREISE;;13075;;;;;;-;Prozent;WAHLSR;Wahlbeteiligung
14111;;;;2009-09-27;KREISE;;13075;;;;;;-;Anzahl;WAHL01;Wahlberechtigte
14111;;;;2009-09-27;KREISE;;13076;;;;;;-;Prozent;WAHLSR;Wahlbeteiligung
14111;;;;2009-09-27;KREISE;;13076;;;;;;-;Anzahl;WAHL01;Wahlberechtigte
14111;;;;2009-09-27;KREISE;;14161;;;;;;-;Prozent;WAHLSR;Wahlbeteiligung
14111;;;;2009-09-27;KREISE;;14161;;;;;;-;Anzahl;WAHL01;Wahlberechtigte
14111;;;;2009-09-27;KREISE;;14166;;;;;;-;Prozent;WAHLSR;Wahlbeteiligung
14111;;;;2009-09-27;KREISE;;14166;;;;;;-;Anzahl;WAHL01;Wahlberechtigte
14111;;;;2009-09-27;KREISE;;14167;;;;;;-;Prozent;WAHLSR;Wahlbeteiligung
14111;;;;2009-09-27;KREISE;;14167;;;;;;-;Anzahl;WAHL01;Wahlberechtigte
14111;;;;2009-09-27;KREISE;;14171;;;;;;-;Prozent;WAHLSR;Wahlbeteiligung
14111;;;;2009-09-27;KREISE;;14171;;;;;;-;Anzahl;WAHL01;Wahlberechtigte
14111;;;;2009-09-27;KREISE;;14173;;;;;;-;Prozent;WAHLSR;Wahlbeteiligung
14111;;;;2009-09-27;KREISE;;14173;;;;;;-;Anzahl;WAHL01;Wahlberechtigte
14111;;;;2009-09-27;KREISE;;14177;;;;;;-;Prozent;WAHLSR;Wahlbeteiligung
14111;;;;2009-09-27;KREISE;;14177;;;;;;-;Anzahl;WAHL01;Wahlberechtigte
14111;;;;2009-09-27;KREISE;;14178;;;;;;-;Prozent;WAHLSR;Wahlbeteiligung
14111;;;;2009-09-27;KREISE;;14178;;;;;;-;Anzahl;WAHL01;Wahlberechtigte
14111;;;;2009-09-27;KREISE;;14181;;;;;;-;Prozent;WAHLSR;Wahlbeteiligung
14111;;;;2009-09-27;KREISE;;14181;;;;;;-;Anzahl;WAHL01;Wahlberechtigte
14111;;;;2009-09-27;KREISE;;14182;;;;;;-;Prozent;WAHLSR;Wahlbeteiligung
14111;;;;2009-09-27;KREISE;;14182;;;;;;-;Anzahl;WAHL01;Wahlberechtigte
14111;;;;2009-09-27;KREISE;;14188;;;;;;-;Prozent;WAHLSR;Wahlbeteiligung
14111;;;;2009-09-27;KREISE;;14188;;;;;;-;Anzahl;WAHL01;Wahlberechtigte
14111;;;;2009-09-27;KREISE;;14191;;;;;;-;Prozent;WAHLSR;Wahlbeteiligung
14111;;;;2009-09-27;KREISE;;14191;;;;;;-;Anzahl;WAHL01;Wahlberechtigte
14111;;;;2009-09-27;KREISE;;14193;;;;;;-;Prozent;WAHLSR;Wahlbeteiligung
14111;;;;2009-09-27;KREISE;;14193;;;;;;-;Anzahl;WAHL01;Wahlberechtigte
14111;;;;2009-09-27;KREISE;;14262;;;;;;-;Prozent;WAHLSR;Wahlbeteiligung
14111;;;;2009-09-27;KREISE;;14262;;;;;;-;Anzahl;WAHL01;Wahlberechtigte
14111;;;;2009-09-27;KREISE;;14263;;;;;;-;Prozent;WAHLSR;Wahlbeteiligung
14111;;;;2009-09-27;KREISE;;14263;;;;;;-;Anzahl;WAHL01;Wahlberechtigte
14111;;;;2009-09-27;KREISE;;14264;;;;;;-;Prozent;WAHLSR;Wahlbeteiligung
14111;;;;2009-09-27;KREISE;;14264;;;;;;-;Anzahl;WAHL01;Wahlberechtigte
14111;;;;2009-09-27;KREISE;;14272;;;;;;-;Prozent;WAHLSR;Wahlbeteiligung
14111;;;;2009-09-27;KREISE;;14272;;;;;;-;Anzahl;WAHL01;Wahlberechtigte
14111;;;;2009-09-27;KREISE;;14280;;;;;;-;Prozent;WAHLSR;Wahlbeteiligung
14111;;;;2009-09-27;KREISE;;14280;;;;;;-;Anzahl;WAHL01;Wahlberechtigte
14111;;;;2009-09-27;KREISE;;14284;;;;;;-;Prozent;WAHLSR;Wahlbeteiligung
14111;;;;2009-09-27;KREISE;;14284;;;;;;-;Anzahl;WAHL01;Wahlberechtigte
14111;;;;2009-09-27;KREISE;;14285;;;;;;-;Prozent;WAHLSR;Wahlbeteiligung
14111;;;;2009-09-27;KREISE;;14285;;;;;;-;Anzahl;WAHL01;Wahlberechtigte
14111;;;;2009-09-27;KREISE;;14286;;;;;;-;Prozent;WAHLSR;Wahlbeteiligung
14111;;;;2009-09-27;KREISE;;14286;;;;;;-;Anzahl;WAHL01;Wahlberechtigte
14111;;;;2009-09-27;KREISE;;14287;;;;;;-;Prozent;WAHLSR;Wahlbeteiligung
14111;;;;2009-09-27;KREISE;;14287;;;;;;-;Anzahl;WAHL01;Wahlberechtigte
14111;;;;2009-09-27;KREISE;;14290;;;;;;-;Prozent;WAHLSR;Wahlbeteiligung
14111;;;;2009-09-27;KREISE;;14290;;;;;;-;Anzahl;WAHL01;Wahlberechtigte
14111;;;;2009-09-27;KREISE;;14292;;;;;;-;Prozent;WAHLSR;Wahlbeteiligung
14111;;;;2009-09-27;KREISE;;14292;;;;;;-;Anzahl;WAHL01;Wahlberechtigte
14111;;;;2009-09-27;KREISE;;14365;;;;;;-;Prozent;WAHLSR;Wahlbeteiligung
14111;;;;2009-09-27;KREISE;;14365;;;;;;-;Anzahl;WAHL01;Wahlberechtigte
14111;;;;2009-09-27;KREISE;;14374;;;;;;-;Prozent;WAHLSR;Wahlbeteiligung
14111;;;;2009-09-27;KREISE;;14374;;;;;;-;Anzahl;WAHL01;Wahlberechtigte
14111;;;;2009-09-27;KREISE;;14375;;;;;;-;Prozent;WAHLSR;Wahlbeteiligung
14111;;;;2009-09-27;KREISE;;14375;;;;;;-;Anzahl;WAHL01;Wahlberechtigte
14111;;;;2009-09-27;KREISE;;14379;;;;;;-;Prozent;WAHLSR;Wahlbeteiligung
14111;;;;2009-09-27;KREISE;;14379;;;;;;-;Anzahl;WAHL01;Wahlberechtigte
14111;;;;2009-09-27;KREISE;;14383;;;;;;-;Prozent;WAHLSR;Wahlbeteiligung
14111;;;;2009-09-27;KREISE;;14383;;;;;;-;Anzahl;WAHL01;Wahlberechtigte
14111;;;;2009-09-27;KREISE;;14389;;;;;;-;Prozent;WAHLSR;Wahlbeteiligung
14111;;;;2009-09-27;KREISE;;14389;;;;;;-;Anzahl;WAHL01;Wahlberechtigte
14111;;;;2009-09-27;KREISE;;14511;;;;;;66,2;Prozent;WAHLSR;Wahlbeteiligung
14111;;;;2009-09-27;KREISE;;14511;;;;;;205652;Anzahl;WAHL01;Wahlberechtigte
14111;;;;2009-09-27;KREISE;;14521;;;;;;64,7;Prozent;WAHLSR;Wahlbeteiligung
14111;;;;2009-09-27;KREISE;;14521;;;;;;321118;Anzahl;WAHL01;Wahlberechtigte
14111;;;;2009-09-27;KREISE;;14522;;;;;;64,9;Prozent;WAHLSR;Wahlbeteiligung
14111;;;;2009-09-27;KREISE;;14522;;;;;;284421;Anzahl;WAHL01;Wahlberechtigte
14111;;;;2009-09-27;KREISE;;14523;;;;;;64,3;Prozent;WAHLSR;Wahlbeteiligung
14111;;;;2009-09-27;KREISE;;14523;;;;;;213732;Anzahl;WAHL01;Wahlberechtigte
14111;;;;2009-09-27;KREISE;;14524;;;;;;63,9;Prozent;WAHLSR;Wahlbeteiligung
14111;;;;2009-09-27;KREISE;;14524;;;;;;297512;Anzahl;WAHL01;Wahlberechtigte
14111;;;;2009-09-27;KREISE;;14612;;;;;;67,6;Prozent;WAHLSR;Wahlbeteiligung
14111;;;;2009-09-27;KREISE;;14612;;;;;;421639;Anzahl;WAHL01;Wahlberechtigte
14111;;;;2009-09-27;KREISE;;14625;;;;;;65,4;Prozent;WAHLSR;Wahlbeteiligung
14111;;;;2009-09-27;KREISE;;14625;;;;;;278070;Anzahl;WAHL01;Wahlberechtigte
14111;;;;2009-09-27;KREISE;;14626;;;;;;62,7;Prozent;WAHLSR;Wahlbeteiligung
14111;;;;2009-09-27;KREISE;;14626;;;;;;238958;Anzahl;WAHL01;Wahlberechtigte
14111;;;;2009-09-27;KREISE;;14627;;;;;;64,7;Prozent;WAHLSR;Wahlbeteiligung
14111;;;;2009-09-27;KREISE;;14627;;;;;;216629;Anzahl;WAHL01;Wahlberechtigte
14111;;;;2009-09-27;KREISE;;14628;;;;;;65,5;Prozent;WAHLSR;Wahlbeteiligung
14111;;;;2009-09-27;KREISE;;14628;;;;;;215674;Anzahl;WAHL01;Wahlberechtigte
14111;;;;2009-09-27;KREISE;;14713;;;;;;66,1;Prozent;WAHLSR;Wahlbeteiligung
14111;;;;2009-09-27;KREISE;;14713;;;;;;415259;Anzahl;WAHL01;Wahlberechtigte
14111;;;;2009-09-27;KREISE;;14729;;;;;;64,2;Prozent;WAHLSR;Wahlbeteiligung
14111;;;;2009-09-27;KREISE;;14729;;;;;;231084;Anzahl;WAHL01;Wahlberechtigte
14111;;;;2009-09-27;KREISE;;14730;;;;;;61,4;Prozent;WAHLSR;Wahlbeteiligung
14111;;;;2009-09-27;KREISE;;14730;;;;;;178447;Anzahl;WAHL01;Wahlberechtigte
14111;;;;2009-09-27;KREISE;;15001;;;;;;61,7;Prozent;WAHLSR;Wahlbeteiligung
14111;;;;2009-09-27;KREISE;;15001;;;;;;76666;Anzahl;WAHL01;Wahlberechtigte
14111;;;;2009-09-27;KREISE;;15002;;;;;;62,3;Prozent;WAHLSR;Wahlbeteiligung
14111;;;;2009-09-27;KREISE;;15002;;;;;;193175;Anzahl;WAHL01;Wahlberechtigte
14111;;;;2009-09-27;KREISE;;15003;;;;;;61,1;Prozent;WAHLSR;Wahlbeteiligung
14111;;;;2009-09-27;KREISE;;15003;;;;;;195603;Anzahl;WAHL01;Wahlberechtigte
14111;;;;2009-09-27;KREISE;;15081;;;;;;63,0;Prozent;WAHLSR;Wahlbeteiligung
14111;;;;2009-09-27;KREISE;;15081;;;;;;77695;Anzahl;WAHL01;Wahlberechtigte
14111;;;;2009-09-27;KREISE;;15082;;;;;;59,1;Prozent;WAHLSR;Wahlbeteiligung
14111;;;;2009-09-27;KREISE;;15082;;;;;;155465;Anzahl;WAHL01;Wahlberechtigte
14111;;;;2009-09-27;KREISE;;15083;;;;;;61,2;Prozent;WAHLSR;Wahlbeteiligung
14111;;;;2009-09-27;KREISE;;15083;;;;;;155528;Anzahl;WAHL01;Wahlberechtigte
14111;;;;2009-09-27;KREISE;;15084;;;;;;59,6;Prozent;WAHLSR;Wahlbeteiligung
14111;;;;2009-09-27;KREISE;;15084;;;;;;170595;Anzahl;WAHL01;Wahlberechtigte
14111;;;;2009-09-27;KREISE;;15085;;;;;;61,1;Prozent;WAHLSR;Wahlbeteiligung
14111;;;;2009-09-27;KREISE;;15085;;;;;;203909;Anzahl;WAHL01;Wahlberechtigte
14111;;;;2009-09-27;KREISE;;15086;;;;;;60,8;Prozent;WAHLSR;Wahlbeteiligung
14111;;;;2009-09-27;KREISE;;15086;;;;;;83953;Anzahl;WAHL01;Wahlberechtigte
14111;;;;2009-09-27;KREISE;;15087;;;;;;58,6;Prozent;WAHLSR;Wahlbeteiligung
14111;;;;2009-09-27;KREISE;;15087;;;;;;134240;Anzahl;WAHL01;Wahlberechtigte
14111;;;;2009-09-27;KREISE;;15088;;;;;;60,3;Prozent;WAHLSR;Wahlbeteiligung
14111;;;;2009-09-27;KREISE;;15088;;;;;;171425;Anzahl;WAHL01;Wahlberechtigte
14111;;;;2009-09-27;KREISE;;15089;;;;;;56,6;Prozent;WAHLSR;Wahlbeteiligung
14111;;;;2009-09-27;KREISE;;15089;;;;;;184713;Anzahl;WAHL01;Wahlberechtigte
14111;;;;2009-09-27;KREISE;;15090;;;;;;61,0;Prozent;WAHLSR;Wahlbeteiligung
14111;;;;2009-09-27;KREISE;;15090;;;;;;104982;Anzahl;WAHL01;Wahlberechtigte
14111;;;;2009-09-27;KREISE;;15091;;;;;;62,7;Prozent;WAHLSR;Wahlbeteiligung
14111;;;;2009-09-27;KREISE;;15091;;;;;;120623;Anzahl;WAHL01;Wahlberechtigte
14111;;;;2009-09-27;KREISE;;15101;;;;;;-;Prozent;WAHLSR;Wahlbeteiligung
14111;;;;2009-09-27;KREISE;;15101;;;;;;-;Anzahl;WAHL01;Wahlberechtigte
14111;;;;2009-09-27;KREISE;;15151;;;;;;-;Prozent;WAHLSR;Wahlbeteiligung
14111;;;;2009-09-27;KREISE;;15151;;;;;;-;Anzahl;WAHL01;Wahlberechtigte
14111;;;;2009-09-27;KREISE;;15153;;;;;;-;Prozent;WAHLSR;Wahlbeteiligung
14111;;;;2009-09-27;KREISE;;15153;;;;;;-;Anzahl;WAHL01;Wahlberechtigte
14111;;;;2009-09-27;KREISE;;15154;;;;;;-;Prozent;WAHLSR;Wahlbeteiligung
14111;;;;2009-09-27;KREISE;;15154;;;;;;-;Anzahl;WAHL01;Wahlberechtigte
14111;;;;2009-09-27;KREISE;;15159;;;;;;-;Prozent;WAHLSR;Wahlbeteiligung
14111;;;;2009-09-27;KREISE;;15159;;;;;;-;Anzahl;WAHL01;Wahlberechtigte
14111;;;;2009-09-27;KREISE;;15171;;;;;;-;Prozent;WAHLSR;Wahlbeteiligung
14111;;;;2009-09-27;KREISE;;15171;;;;;;-;Anzahl;WAHL01;Wahlberechtigte
14111;;;;2009-09-27;KREISE;;15202;;;;;;-;Prozent;WAHLSR;Wahlbeteiligung
14111;;;;2009-09-27;KREISE;;15202;;;;;;-;Anzahl;WAHL01;Wahlberechtigte
14111;;;;2009-09-27;KREISE;;15256;;;;;;-;Prozent;WAHLSR;Wahlbeteiligung
14111;;;;2009-09-27;KREISE;;15256;;;;;;-;Anzahl;WAHL01;Wahlberechtigte
14111;;;;2009-09-27;KREISE;;15260;;;;;;-;Prozent;WAHLSR;Wahlbeteiligung
14111;;;;2009-09-27;KREISE;;15260;;;;;;-;Anzahl;WAHL01;Wahlberechtigte
14111;;;;2009-09-27;KREISE;;15261;;;;;;-;Prozent;WAHLSR;Wahlbeteiligung
14111;;;;2009-09-27;KREISE;;15261;;;;;;-;Anzahl;WAHL01;Wahlberechtigte
14111;;;;2009-09-27;KREISE;;15265;;;;;;-;Prozent;WAHLSR;Wahlbeteiligung
14111;;;;2009-09-27;KREISE;;15265;;;;;;-;Anzahl;WAHL01;Wahlberechtigte
14111;;;;2009-09-27;KREISE;;15266;;;;;;-;Prozent;WAHLSR;Wahlbeteiligung
14111;;;;2009-09-27;KREISE;;15266;;;;;;-;Anzahl;WAHL01;Wahlberechtigte
14111;;;;2009-09-27;KREISE;;15268;;;;;;-;Prozent;WAHLSR;Wahlbeteiligung
14111;;;;2009-09-27;KREISE;;15268;;;;;;-;Anzahl;WAHL01;Wahlberechtigte
14111;;;;2009-09-27;KREISE;;15303;;;;;;-;Prozent;WAHLSR;Wahlbeteiligung
14111;;;;2009-09-27;KREISE;;15303;;;;;;-;Anzahl;WAHL01;Wahlberechtigte
14111;;;;2009-09-27;KREISE;;15352;;;;;;-;Prozent;WAHLSR;Wahlbeteiligung
14111;;;;2009-09-27;KREISE;;15352;;;;;;-;Anzahl;WAHL01;Wahlberechtigte
14111;;;;2009-09-27;KREISE;;15355;;;;;;-;Prozent;WAHLSR;Wahlbeteiligung
14111;;;;2009-09-27;KREISE;;15355;;;;;;-;Anzahl;WAHL01;Wahlberechtigte
14111;;;;2009-09-27;KREISE;;15357;;;;;;-;Prozent;WAHLSR;Wahlbeteiligung
14111;;;;2009-09-27;KREISE;;15357;;;;;;-;Anzahl;WAHL01;Wahlberechtigte
14111;;;;2009-09-27;KREISE;;15358;;;;;;-;Prozent;WAHLSR;Wahlbeteiligung
14111;;;;2009-09-27;KREISE;;15358;;;;;;-;Anzahl;WAHL01;Wahlberechtigte
14111;;;;2009-09-27;KREISE;;15362;;;;;;-;Prozent;WAHLSR;Wahlbeteiligung
14111;;;;2009-09-27;KREISE;;15362;;;;;;-;Anzahl;WAHL01;Wahlberechtigte
14111;;;;2009-09-27;KREISE;;15363;;;;;;-;Prozent;WAHLSR;Wahlbeteiligung
14111;;;;2009-09-27;KREISE;;15363;;;;;;-;Anzahl;WAHL01;Wahlberechtigte
14111;;;;2009-09-27;KREISE;;15364;;;;;;-;Prozent;WAHLSR;Wahlbeteiligung
14111;;;;2009-09-27;KREISE;;15364;;;;;;-;Anzahl;WAHL01;Wahlberechtigte
14111;;;;2009-09-27;KREISE;;15367;;;;;;-;Prozent;WAHLSR;Wahlbeteiligung
14111;;;;2009-09-27;KREISE;;15367;;;;;;-;Anzahl;WAHL01;Wahlberechtigte
14111;;;;2009-09-27;KREISE;;15369;;;;;;-;Prozent;WAHLSR;Wahlbeteiligung
14111;;;;2009-09-27;KREISE;;15369;;;;;;-;Anzahl;WAHL01;Wahlberechtigte
14111;;;;2009-09-27;KREISE;;15370;;;;;;-;Prozent;WAHLSR;Wahlbeteiligung
14111;;;;2009-09-27;KREISE;;15370;;;;;;-;Anzahl;WAHL01;Wahlberechtigte
14111;;;;2009-09-27;KREISE;;16051;;;;;;66,6;Prozent;WAHLSR;Wahlbeteiligung
14111;;;;2009-09-27;KREISE;;16051;;;;;;168109;Anzahl;WAHL01;Wahlberechtigte
14111;;;;2009-09-27;KREISE;;16052;;;;;;63,7;Prozent;WAHLSR;Wahlbeteiligung
14111;;;;2009-09-27;KREISE;;16052;;;;;;85774;Anzahl;WAHL01;Wahlberechtigte
14111;;;;2009-09-27;KREISE;;16053;;;;;;70,3;Prozent;WAHLSR;Wahlbeteiligung
14111;;;;2009-09-27;KREISE;;16053;;;;;;85182;Anzahl;WAHL01;Wahlberechtigte
14111;;;;2009-09-27;KREISE;;16054;;;;;;64,0;Prozent;WAHLSR;Wahlbeteiligung
14111;;;;2009-09-27;KREISE;;16054;;;;;;34172;Anzahl;WAHL01;Wahlberechtigte
14111;;;;2009-09-27;KREISE;;16055;;;;;;67,9;Prozent;WAHLSR;Wahlbeteiligung
14111;;;;2009-09-27;KREISE;;16055;;;;;;51903;Anzahl;WAHL01;Wahlberechtigte
14111;;;;2009-09-27;KREISE;;16056;;;;;;65,8;Prozent;WAHLSR;Wahlbeteiligung
14111;;;;2009-09-27;KREISE;;16056;;;;;;35698;Anzahl;WAHL01;Wahlberechtigte
14111;;;;2009-09-27;KREISE;;16061;;;;;;70,5;Prozent;WAHLSR;Wahlbeteiligung
14111;;;;2009-09-27;KREISE;;16061;;;;;;88017;Anzahl;WAHL01;Wahlberechtigte
14111;;;;2009-09-27;KREISE;;16062;;;;;;64,3;Prozent;WAHLSR;Wahlbeteiligung
14111;;;;2009-09-27;KREISE;;16062;;;;;;76624;Anzahl;WAHL01;Wahlberechtigte
14111;;;;2009-09-27;KREISE;;16063;;;;;;65,2;Prozent;WAHLSR;Wahlbeteiligung
14111;;;;2009-09-27;KREISE;;16063;;;;;;113572;Anzahl;WAHL01;Wahlberechtigte
14111;;;;2009-09-27;KREISE;;16064;;;;;;63,4;Prozent;WAHLSR;Wahlbeteiligung
14111;;;;2009-09-27;KREISE;;16064;;;;;;92506;Anzahl;WAHL01;Wahlberechtigte
14111;;;;2009-09-27;KREISE;;16065;;;;;;61,6;Prozent;WAHLSR;Wahlbeteiligung
14111;;;;2009-09-27;KREISE;;16065;;;;;;71723;Anzahl;WAHL01;Wahlberechtigte
14111;;;;2009-09-27;KREISE;;16066;;;;;;62,8;Prozent;WAHLSR;Wahlbeteiligung
14111;;;;2009-09-27;KREISE;;16066;;;;;;113998;Anzahl;WAHL01;Wahlberechtigte
14111;;;;2009-09-27;KREISE;;16067;;;;;;64,8;Prozent;WAHLSR;Wahlbeteiligung
14111;;;;2009-09-27;KREISE;;16067;;;;;;118433;Anzahl;WAHL01;Wahlberechtigte
14111;;;;2009-09-27;KREISE;;16068;;;;;;63,7;Prozent;WAHLSR;Wahlbeteiligung
14111;;;;2009-09-27;KREISE;;16068;;;;;;63252;Anzahl;WAHL01;Wahlberechtigte
14111;;;;2009-09-27;KREISE;;16069;;;;;;62,9;Prozent;WAHLSR;Wahlbeteiligung
14111;;;;2009-09-27;KREISE;;16069;;;;;;58842;Anzahl;WAHL01;Wahlberechtigte
14111;;;;2009-09-27;KREISE;;16070;;;;;;65,8;Prozent;WAHLSR;Wahlbeteiligung
14111;;;;2009-09-27;KREISE;;16070;;;;;;96077;Anzahl;WAHL01;Wahlberechtigte
14111;;;;2009-09-27;KREISE;;16071;;;;;;66,4;Prozent;WAHLSR;Wahlbeteiligung
14111;;;;2009-09-27;KREISE;;16071;;;;;;71622;Anzahl;WAHL01;Wahlberechtigte
14111;;;;2009-09-27;KREISE;;16072;;;;;;61,6;Prozent;WAHLSR;Wahlbeteiligung
14111;;;;2009-09-27;KREISE;;16072;;;;;;52911;Anzahl;WAHL01;Wahlberechtigte
14111;;;;2009-09-27;KREISE;;16073;;;;;;64,3;Prozent;WAHLSR;Wahlbeteiligung
14111;;;;2009-09-27;KREISE;;16073;;;;;;102409;Anzahl;WAHL01;Wahlberechtigte
14111;;;;2009-09-27;KREISE;;16074;;;;;;67,7;Prozent;WAHLSR;Wahlbeteiligung
14111;;;;2009-09-27;KREISE;;16074;;;;;;74272;Anzahl;WAHL01;Wahlberechtigte
14111;;;;2009-09-27;KREISE;;16075;;;;;;66,3;Prozent;WAHLSR;Wahlbeteiligung
14111;;;;2009-09-27;KREISE;;16075;;;;;;76127;Anzahl;WAHL01;Wahlberechtigte
14111;;;;2009-09-27;KREISE;;16076;;;;;;66,7;Prozent;WAHLSR;Wahlbeteiligung
14111;;;;2009-09-27;KREISE;;16076;;;;;;95002;Anzahl;WAHL01;Wahlberechtigte
14111;;;;2009-09-27;KREISE;;16077;;;;;;61,4;Prozent;WAHLSR;Wahlbeteiligung
14111;;;;2009-09-27;KREISE;;16077;;;;;;87334;Anzahl;WAHL01;Wahlberechtigte
14111;;;;2013-09-22;DINSG;;DG;;;;;;61946900;Anzahl;WAHL01;Wahlberechtigte
14111;;;;2013-09-22;DINSG;;DG;;;;;;71,5;Prozent;WAHLSR;Wahlbeteiligung
14111;;;;2013-09-22;DLAND;;01;;;;;;2251796;Anzahl;WAHL01;Wahlberechtigte
14111;;;;2013-09-22;DLAND;;01;;;;;;73,1;Prozent;WAHLSR;Wahlbeteiligung
14111;;;;2013-09-22;DLAND;;02;;;;;;1281918;Anzahl;WAHL01;Wahlberechtigte
14111;;;;2013-09-22;DLAND;;02;;;;;;70,3;Prozent;WAHLSR;Wahlbeteiligung
14111;;;;2013-09-22;DLAND;;03;;;;;;6117473;Anzahl;WAHL01;Wahlberechtigte
14111;;;;2013-09-22;DLAND;;03;;;;;;73,4;Prozent;WAHLSR;Wahlbeteiligung
14111;;;;2013-09-22;DLAND;;04;;;;;;483823;Anzahl;WAHL01;Wahlberechtigte
14111;;;;2013-09-22;DLAND;;04;;;;;;68,8;Prozent;WAHLSR;Wahlbeteiligung
14111;;;;2013-09-22;DLAND;;05;;;;;;13253554;Anzahl;WAHL01;Wahlberechtigte
14111;;;;2013-09-22;DLAND;;05;;;;;;72,5;Prozent;WAHLSR;Wahlbeteiligung
14111;;;;2013-09-22;DLAND;;06;;;;;;4413271;Anzahl;WAHL01;Wahlberechtigte
14111;;;;2013-09-22;DLAND;;06;;;;;;73,2;Prozent;WAHLSR;Wahlbeteiligung
14111;;;;2013-09-22;DLAND;;07;;;;;;3092424;Anzahl;WAHL01;Wahlberechtigte
14111;;;;2013-09-22;DLAND;;07;;;;;;72,8;Prozent;WAHLSR;Wahlbeteiligung
14111;;;;2013-09-22;DLAND;;08;;;;;;7689895;Anzahl;WAHL01;Wahlberechtigte
14111;;;;2013-09-22;DLAND;;08;;;;;;74,3;Prozent;WAHLSR;Wahlbeteiligung
14111;;;;2013-09-22;DLAND;;09;;;;;;9472738;Anzahl;WAHL01;Wahlberechtigte
14111;;;;2013-09-22;DLAND;;09;;;;;;70,0;Prozent;WAHLSR;Wahlbeteiligung
14111;;;;2013-09-22;DLAND;;10;;;;;;796072;Anzahl;WAHL01;Wahlberechtigte
14111;;;;2013-09-22;DLAND;;10;;;;;;72,5;Prozent;WAHLSR;Wahlbeteiligung
14111;;;;2013-09-22;DLAND;;11;;;;;;2505718;Anzahl;WAHL01;Wahlberechtigte
14111;;;;2013-09-22;DLAND;;11;;;;;;72,5;Prozent;WAHLSR;Wahlbeteiligung
14111;;;;2013-09-22;DLAND;;12;;;;;;2065944;Anzahl;WAHL01;Wahlberechtigte
14111;;;;2013-09-22;DLAND;;12;;;;;;68,4;Prozent;WAHLSR;Wahlbeteiligung
14111;;;;2013-09-22;DLAND;;13;;;;;;1350705;Anzahl;WAHL01;Wahlberechtigte
14111;;;;2013-09-22;DLAND;;13;;;;;;65,3;Prozent;WAHLSR;Wahlbeteiligung
14111;;;;2013-09-22;DLAND;;14;;;;;;3406430;Anzahl;WAHL01;Wahlberechtigte
14111;;;;2013-09-22;DLAND;;14;;;;;;69,5;Prozent;WAHLSR;Wahlbeteiligung
14111;;;;2013-09-22;DLAND;;15;;;;;;1930880;Anzahl;WAHL01;Wahlberechtigte
14111;;;;2013-09-22;DLAND;;15;;;;;;62,1;Prozent;WAHLSR;Wahlbeteiligung
14111;;;;2013-09-22;DLAND;;16;;;;;;1834259;Anzahl;WAHL01;Wahlberechtigte
14111;;;;2013-09-22;DLAND;;16;;;;;;68,2;Prozent;WAHLSR;Wahlbeteiligung
14111;;;;2013-09-22;KREISE;;01001;;;;;;66,6;Prozent;WAHLSR;Wahlbeteiligung
14111;;;;2013-09-22;KREISE;;01001;;;;;;70321;Anzahl;WAHL01;Wahlberechtigte
14111;;;;2013-09-22;KREISE;;01002;;;;;;70,4;Prozent;WAHLSR;Wahlbeteiligung
14111;;;;2013-09-22;KREISE;;01002;;;;;;187464;Anzahl;WAHL01;Wahlberechtigte
14111;;;;2013-09-22;KREISE;;01003;;;;;;67,8;Prozent;WAHLSR;Wahlbeteiligung
14111;;;;2013-09-22;KREISE;;01003;;;;;;167287;Anzahl;WAHL01;Wahlberechtigte
14111;;;;2013-09-22;KREISE;;01004;;;;;;65,4;Prozent;WAHLSR;Wahlbeteiligung
14111;;;;2013-09-22;KREISE;;01004;;;;;;61095;Anzahl;WAHL01;Wahlberechtigte
14111;;;;2013-09-22;KREISE;;01051;;;;;;69,4;Prozent;WAHLSR;Wahlbeteiligung
14111;;;;2013-09-22;KREISE;;01051;;;;;;107468;Anzahl;WAHL01;Wahlberechtigte
14111;;;;2013-09-22;KREISE;;01053;;;;;;74,6;Prozent;WAHLSR;Wahlbeteiligung
14111;;;;2013-09-22;KREISE;;01053;;;;;;149486;Anzahl;WAHL01;Wahlberechtigte
14111;;;;2013-09-22;KREISE;;01054;;;;;;71,1;Prozent;WAHLSR;Wahlbeteiligung
14111;;;;2013-09-22;KREISE;;01054;;;;;;131157;Anzahl;WAHL01;Wahlberechtigte
14111;;;;2013-09-22;KREISE;;01055;;;;;;73,0;Prozent;WAHLSR;Wahlbeteiligung
14111;;;;2013-09-22;KREISE;;01055;;;;;;164625;Anzahl;WAHL01;Wahlberechtigte
14111;;;;2013-09-22;KREISE;;01056;;;;;;76,0;Prozent;WAHLSR;Wahlbeteiligung
14111;;;;2013-09-22;KREISE;;01056;;;;;;235610;Anzahl;WAHL01;Wahlberechtigte
14111;;;;2013-09-22;KREISE;;01057;;;;;;77,0;Prozent;WAHLSR;Wahlbeteiligung
14111;;;;2013-09-22;KREISE;;01057;;;;;;104178;Anzahl;WAHL01;Wahlberechtigte
14111;;;;2013-09-22;KREISE;;01058;;;;;;75,7;Prozent;WAHLSR;Wahlbeteiligung
14111;;;;2013-09-22;KREISE;;01058;;;;;;216682;Anzahl;WAHL01;Wahlberechtigte
14111;;;;2013-09-22;KREISE;;01059;;;;;;74,0;Prozent;WAHLSR;Wahlbeteiligung
14111;;;;2013-09-22;KREISE;;01059;;;;;;156623;Anzahl;WAHL01;Wahlberechtigte
14111;;;;2013-09-22;KREISE;;01060;;;;;;74,1;Prozent;WAHLSR;Wahlbeteiligung
14111;;;;2013-09-22;KREISE;;01060;;;;;;208464;Anzahl;WAHL01;Wahlberechtigte
14111;;;;2013-09-22;KREISE;;01061;;;;;;72,3;Prozent;WAHLSR;Wahlbeteiligung
14111;;;;2013-09-22;KREISE;;01061;;;;;;105499;Anzahl;WAHL01;Wahlberechtigte
14111;;;;2013-09-22;KREISE;;01062;;;;;;77,4;Prozent;WAHLSR;Wahlbeteiligung
14111;;;;2013-09-22;KREISE;;01062;;;;;;185837;Anzahl;WAHL01;Wahlberechtigte
14111;;;;2013-09-22;KREISE;;02000;;;;;;70,3;Prozent;WAHLSR;Wahlbeteiligung
14111;;;;2013-09-22;KREISE;;02000;;;;;;1281918;Anzahl;WAHL01;Wahlberechtigte
14111;;;;2013-09-22;KREISE;;03101;;;;;;74,2;Prozent;WAHLSR;Wahlbeteiligung
14111;;;;2013-09-22;KREISE;;03101;;;;;;193799;Anzahl;WAHL01;Wahlberechtigte
14111;;;;2013-09-22;KREISE;;03102;;;;;;68,8;Prozent;WAHLSR;Wahlbeteiligung
14111;;;;2013-09-22;KREISE;;03102;;;;;;75402;Anzahl;WAHL01;Wahlberechtigte
14111;;;;2013-09-22;KREISE;;03103;;;;;;69,7;Prozent;WAHLSR;Wahlbeteiligung
14111;;;;2013-09-22;KREISE;;03103;;;;;;92819;Anzahl;WAHL01;Wahlberechtigte
14111;;;;2013-09-22;KREISE;;03151;;;;;;73,9;Prozent;WAHLSR;Wahlbeteiligung
14111;;;;2013-09-22;KREISE;;03151;;;;;;134366;Anzahl;WAHL01;Wahlberechtigte
14111;;;;2013-09-22;KREISE;;03152;;;;;;75,2;Prozent;WAHLSR;Wahlbeteiligung
14111;;;;2013-09-22;KREISE;;03152;;;;;;195780;Anzahl;WAHL01;Wahlberechtigte
14111;;;;2013-09-22;KREISE;;03153;;;;;;70,8;Prozent;WAHLSR;Wahlbeteiligung
14111;;;;2013-09-22;KREISE;;03153;;;;;;112517;Anzahl;WAHL01;Wahlberechtigte
14111;;;;2013-09-22;KREISE;;03154;;;;;;71,9;Prozent;WAHLSR;Wahlbeteiligung
14111;;;;2013-09-22;KREISE;;03154;;;;;;74709;Anzahl;WAHL01;Wahlberechtigte
14111;;;;2013-09-22;KREISE;;03155;;;;;;72,6;Prozent;WAHLSR;Wahlbeteiligung
14111;;;;2013-09-22;KREISE;;03155;;;;;;110737;Anzahl;WAHL01;Wahlberechtigte
14111;;;;2013-09-22;KREISE;;03156;;;;;;71,4;Prozent;WAHLSR;Wahlbeteiligung
14111;;;;2013-09-22;KREISE;;03156;;;;;;62441;Anzahl;WAHL01;Wahlberechtigte
14111;;;;2013-09-22;KREISE;;03157;;;;;;75,4;Prozent;WAHLSR;Wahlbeteiligung
14111;;;;2013-09-22;KREISE;;03157;;;;;;102787;Anzahl;WAHL01;Wahlberechtigte
14111;;;;2013-09-22;KREISE;;03158;;;;;;76,6;Prozent;WAHLSR;Wahlbeteiligung
14111;;;;2013-09-22;KREISE;;03158;;;;;;97192;Anzahl;WAHL01;Wahlberechtigte
14111;;;;2013-09-22;KREISE;;03159;;;;;;-;Prozent;WAHLSR;Wahlbeteiligung
14111;;;;2013-09-22;KREISE;;03159;;;;;;-;Anzahl;WAHL01;Wahlberechtigte
14111;;;;2013-09-22;KREISE;;03241;;;;;;74,4;Prozent;WAHLSR;Wahlbeteiligung
14111;;;;2013-09-22;KREISE;;03241;;;;;;847629;Anzahl;WAHL01;Wahlberechtigte
14111;;;;2013-09-22;KREISE;;03241001;;;;;;72,4;Prozent;WAHLSR;Wahlbeteiligung
14111;;;;2013-09-22;KREISE;;03241001;;;;;;374279;Anzahl;WAHL01;Wahlberechtigte
14111;;;;2013-09-22;KREISE;;03251;;;;;;73,8;Prozent;WAHLSR;Wahlbeteiligung
14111;;;;2013-09-22;KREISE;;03251;;;;;;168362;Anzahl;WAHL01;Wahlberechtigte
14111;;;;2013-09-22;KREISE;;03252;;;;;;71,4;Prozent;WAHLSR;Wahlbeteiligung
14111;;;;2013-09-22;KREISE;;03252;;;;;;119218;Anzahl;WAHL01;Wahlberechtigte
14111;;;;2013-09-22;KREISE;;03254;;;;;;75,1;Prozent;WAHLSR;Wahlbeteiligung
14111;;;;2013-09-22;KREISE;;03254;;;;;;219571;Anzahl;WAHL01;Wahlberechtigte
14111;;;;2013-09-22;KREISE;;03255;;;;;;72,7;Prozent;WAHLSR;Wahlbeteiligung
14111;;;;2013-09-22;KREISE;;03255;;;;;;58096;Anzahl;WAHL01;Wahlberechtigte
14111;;;;2013-09-22;KREISE;;03256;;;;;;71,0;Prozent;WAHLSR;Wahlbeteiligung
14111;;;;2013-09-22;KREISE;;03256;;;;;;95508;Anzahl;WAHL01;Wahlberechtigte
14111;;;;2013-09-22;KREISE;;03257;;;;;;73,5;Prozent;WAHLSR;Wahlbeteiligung
14111;;;;2013-09-22;KREISE;;03257;;;;;;125175;Anzahl;WAHL01;Wahlberechtigte
14111;;;;2013-09-22;KREISE;;03351;;;;;;72,5;Prozent;WAHLSR;Wahlbeteiligung
14111;;;;2013-09-22;KREISE;;03351;;;;;;139513;Anzahl;WAHL01;Wahlberechtigte
14111;;;;2013-09-22;KREISE;;03352;;;;;;73,3;Prozent;WAHLSR;Wahlbeteiligung
14111;;;;2013-09-22;KREISE;;03352;;;;;;158469;Anzahl;WAHL01;Wahlberechtigte
14111;;;;2013-09-22;KREISE;;03353;;;;;;78,4;Prozent;WAHLSR;Wahlbeteiligung
14111;;;;2013-09-22;KREISE;;03353;;;;;;194856;Anzahl;WAHL01;Wahlberechtigte
14111;;;;2013-09-22;KREISE;;03354;;;;;;72,3;Prozent;WAHLSR;Wahlbeteiligung
14111;;;;2013-09-22;KREISE;;03354;;;;;;39827;Anzahl;WAHL01;Wahlberechtigte
14111;;;;2013-09-22;KREISE;;03355;;;;;;75,3;Prozent;WAHLSR;Wahlbeteiligung
14111;;;;2013-09-22;KREISE;;03355;;;;;;139242;Anzahl;WAHL01;Wahlberechtigte
14111;;;;2013-09-22;KREISE;;03356;;;;;;74,9;Prozent;WAHLSR;Wahlbeteiligung
14111;;;;2013-09-22;KREISE;;03356;;;;;;89204;Anzahl;WAHL01;Wahlberechtigte
14111;;;;2013-09-22;KREISE;;03357;;;;;;74,1;Prozent;WAHLSR;Wahlbeteiligung
14111;;;;2013-09-22;KREISE;;03357;;;;;;128090;Anzahl;WAHL01;Wahlberechtigte
14111;;;;2013-09-22;KREISE;;03358;;;;;;72,8;Prozent;WAHLSR;Wahlbeteiligung
14111;;;;2013-09-22;KREISE;;03358;;;;;;108738;Anzahl;WAHL01;Wahlberechtigte
14111;;;;2013-09-22;KREISE;;03359;;;;;;74,0;Prozent;WAHLSR;Wahlbeteiligung
14111;;;;2013-09-22;KREISE;;03359;;;;;;155168;Anzahl;WAHL01;Wahlberechtigte
14111;;;;2013-09-22;KREISE;;03360;;;;;;73,7;Prozent;WAHLSR;Wahlbeteiligung
14111;;;;2013-09-22;KREISE;;03360;;;;;;75772;Anzahl;WAHL01;Wahlberechtigte
14111;;;;2013-09-22;KREISE;;03361;;;;;;74,8;Prozent;WAHLSR;Wahlbeteiligung
14111;;;;2013-09-22;KREISE;;03361;;;;;;104439;Anzahl;WAHL01;Wahlberechtigte
14111;;;;2013-09-22;KREISE;;03401;;;;;;67,4;Prozent;WAHLSR;Wahlbeteiligung
14111;;;;2013-09-22;KREISE;;03401;;;;;;57824;Anzahl;WAHL01;Wahlberechtigte
14111;;;;2013-09-22;KREISE;;03402;;;;;;67,2;Prozent;WAHLSR;Wahlbeteiligung
14111;;;;2013-09-22;KREISE;;03402;;;;;;38946;Anzahl;WAHL01;Wahlberechtigte
14111;;;;2013-09-22;KREISE;;03403;;;;;;74,2;Prozent;WAHLSR;Wahlbeteiligung
14111;;;;2013-09-22;KREISE;;03403;;;;;;125662;Anzahl;WAHL01;Wahlberechtigte
14111;;;;2013-09-22;KREISE;;03404;;;;;;71,5;Prozent;WAHLSR;Wahlbeteiligung
14111;;;;2013-09-22;KREISE;;03404;;;;;;120206;Anzahl;WAHL01;Wahlberechtigte
14111;;;;2013-09-22;KREISE;;03405;;;;;;68,1;Prozent;WAHLSR;Wahlbeteiligung
14111;;;;2013-09-22;KREISE;;03405;;;;;;64203;Anzahl;WAHL01;Wahlberechtigte
14111;;;;2013-09-22;KREISE;;03451;;;;;;74,2;Prozent;WAHLSR;Wahlbeteiligung
14111;;;;2013-09-22;KREISE;;03451;;;;;;94747;Anzahl;WAHL01;Wahlberechtigte
14111;;;;2013-09-22;KREISE;;03452;;;;;;71,1;Prozent;WAHLSR;Wahlbeteiligung
14111;;;;2013-09-22;KREISE;;03452;;;;;;152041;Anzahl;WAHL01;Wahlberechtigte
14111;;;;2013-09-22;KREISE;;03453;;;;;;69,5;Prozent;WAHLSR;Wahlbeteiligung
14111;;;;2013-09-22;KREISE;;03453;;;;;;117226;Anzahl;WAHL01;Wahlberechtigte
14111;;;;2013-09-22;KREISE;;03454;;;;;;73,9;Prozent;WAHLSR;Wahlbeteiligung
14111;;;;2013-09-22;KREISE;;03454;;;;;;235731;Anzahl;WAHL01;Wahlberechtigte
14111;;;;2013-09-22;KREISE;;03455;;;;;;73,5;Prozent;WAHLSR;Wahlbeteiligung
14111;;;;2013-09-22;KREISE;;03455;;;;;;80196;Anzahl;WAHL01;Wahlberechtigte
14111;;;;2013-09-22;KREISE;;03456;;;;;;74,2;Prozent;WAHLSR;Wahlbeteiligung
14111;;;;2013-09-22;KREISE;;03456;;;;;;96649;Anzahl;WAHL01;Wahlberechtigte
14111;;;;2013-09-22;KREISE;;03457;;;;;;71,2;Prozent;WAHLSR;Wahlbeteiligung
14111;;;;2013-09-22;KREISE;;03457;;;;;;128455;Anzahl;WAHL01;Wahlberechtigte
14111;;;;2013-09-22;KREISE;;03458;;;;;;75,5;Prozent;WAHLSR;Wahlbeteiligung
14111;;;;2013-09-22;KREISE;;03458;;;;;;99258;Anzahl;WAHL01;Wahlberechtigte
14111;;;;2013-09-22;KREISE;;03459;;;;;;74,3;Prozent;WAHLSR;Wahlbeteiligung
14111;;;;2013-09-22;KREISE;;03459;;;;;;271557;Anzahl;WAHL01;Wahlberechtigte
14111;;;;2013-09-22;KREISE;;03460;;;;;;73,0;Prozent;WAHLSR;Wahlbeteiligung
14111;;;;2013-09-22;KREISE;;03460;;;;;;99074;Anzahl;WAHL01;Wahlberechtigte
14111;;;;2013-09-22;KREISE;;03461;;;;;;69,0;Prozent;WAHLSR;Wahlbeteiligung
14111;;;;2013-09-22;KREISE;;03461;;;;;;70637;Anzahl;WAHL01;Wahlberechtigte
14111;;;;2013-09-22;KREISE;;03462;;;;;;69,1;Prozent;WAHLSR;Wahlbeteiligung
14111;;;;2013-09-22;KREISE;;03462;;;;;;45635;Anzahl;WAHL01;Wahlberechtigte
14111;;;;2013-09-22;KREISE;;04011;;;;;;69,9;Prozent;WAHLSR;Wahlbeteiligung
14111;;;;2013-09-22;KREISE;;04011;;;;;;400633;Anzahl;WAHL01;Wahlberechtigte
14111;;;;2013-09-22;KREISE;;04012;;;;;;63,8;Prozent;WAHLSR;Wahlbeteiligung
14111;;;;2013-09-22;KREISE;;04012;;;;;;83190;Anzahl;WAHL01;Wahlberechtigte
14111;;;;2013-09-22;KREISE;;05111;;;;;;73,3;Prozent;WAHLSR;Wahlbeteiligung
14111;;;;2013-09-22;KREISE;;05111;;;;;;415139;Anzahl;WAHL01;Wahlberechtigte
14111;;;;2013-09-22;KREISE;;05112;;;;;;67,4;Prozent;WAHLSR;Wahlbeteiligung
14111;;;;2013-09-22;KREISE;;05112;;;;;;337326;Anzahl;WAHL01;Wahlberechtigte
14111;;;;2013-09-22;KREISE;;05113;;;;;;71,3;Prozent;WAHLSR;Wahlbeteiligung
14111;;;;2013-09-22;KREISE;;05113;;;;;;428928;Anzahl;WAHL01;Wahlberechtigte
14111;;;;2013-09-22;KREISE;;05114;;;;;;68,9;Prozent;WAHLSR;Wahlbeteiligung
14111;;;;2013-09-22;KREISE;;05114;;;;;;166103;Anzahl;WAHL01;Wahlberechtigte
14111;;;;2013-09-22;KREISE;;05116;;;;;;66,2;Prozent;WAHLSR;Wahlbeteiligung
14111;;;;2013-09-22;KREISE;;05116;;;;;;192676;Anzahl;WAHL01;Wahlberechtigte
14111;;;;2013-09-22;KREISE;;05117;;;;;;75,1;Prozent;WAHLSR;Wahlbeteiligung
14111;;;;2013-09-22;KREISE;;05117;;;;;;126201;Anzahl;WAHL01;Wahlberechtigte
14111;;;;2013-09-22;KREISE;;05119;;;;;;69,4;Prozent;WAHLSR;Wahlbeteiligung
14111;;;;2013-09-22;KREISE;;05119;;;;;;155788;Anzahl;WAHL01;Wahlberechtigte
14111;;;;2013-09-22;KREISE;;05120;;;;;;69,0;Prozent;WAHLSR;Wahlbeteiligung
14111;;;;2013-09-22;KREISE;;05120;;;;;;79140;Anzahl;WAHL01;Wahlberechtigte
14111;;;;2013-09-22;KREISE;;05122;;;;;;70,9;Prozent;WAHLSR;Wahlbeteiligung
14111;;;;2013-09-22;KREISE;;05122;;;;;;113680;Anzahl;WAHL01;Wahlberechtigte
14111;;;;2013-09-22;KREISE;;05124;;;;;;69,6;Prozent;WAHLSR;Wahlbeteiligung
14111;;;;2013-09-22;KREISE;;05124;;;;;;246429;Anzahl;WAHL01;Wahlberechtigte
14111;;;;2013-09-22;KREISE;;05154;;;;;;71,7;Prozent;WAHLSR;Wahlbeteiligung
14111;;;;2013-09-22;KREISE;;05154;;;;;;225823;Anzahl;WAHL01;Wahlberechtigte
14111;;;;2013-09-22;KREISE;;05158;;;;;;74,8;Prozent;WAHLSR;Wahlbeteiligung
14111;;;;2013-09-22;KREISE;;05158;;;;;;371057;Anzahl;WAHL01;Wahlberechtigte
14111;;;;2013-09-22;KREISE;;05162;;;;;;74,7;Prozent;WAHLSR;Wahlbeteiligung
14111;;;;2013-09-22;KREISE;;05162;;;;;;333345;Anzahl;WAHL01;Wahlberechtigte
14111;;;;2013-09-22;KREISE;;05166;;;;;;73,6;Prozent;WAHLSR;Wahlbeteiligung
14111;;;;2013-09-22;KREISE;;05166;;;;;;227631;Anzahl;WAHL01;Wahlberechtigte
14111;;;;2013-09-22;KREISE;;05170;;;;;;74,0;Prozent;WAHLSR;Wahlbeteiligung
14111;;;;2013-09-22;KREISE;;05170;;;;;;360651;Anzahl;WAHL01;Wahlberechtigte
14111;;;;2013-09-22;KREISE;;05313;;;;;;-;Prozent;WAHLSR;Wahlbeteiligung
14111;;;;2013-09-22;KREISE;;05313;;;;;;-;Anzahl;WAHL01;Wahlberechtigte
14111;;;;2013-09-22;KREISE;;05314;;;;;;77,3;Prozent;WAHLSR;Wahlbeteiligung
14111;;;;2013-09-22;KREISE;;05314;;;;;;226487;Anzahl;WAHL01;Wahlberechtigte
14111;;;;2013-09-22;KREISE;;05315;;;;;;72,5;Prozent;WAHLSR;Wahlbeteiligung
14111;;;;2013-09-22;KREISE;;05315;;;;;;722435;Anzahl;WAHL01;Wahlberechtigte
14111;;;;2013-09-22;KREISE;;05316;;;;;;72,0;Prozent;WAHLSR;Wahlbeteiligung
14111;;;;2013-09-22;KREISE;;05316;;;;;;117980;Anzahl;WAHL01;Wahlberechtigte
14111;;;;2013-09-22;KREISE;;05334;;;;;;73,2;Prozent;WAHLSR;Wahlbeteiligung
14111;;;;2013-09-22;KREISE;;05334;;;;;;408308;Anzahl;WAHL01;Wahlberechtigte
14111;;;;2013-09-22;KREISE;;05334002;;;;;;74,7;Prozent;WAHLSR;Wahlbeteiligung
14111;;;;2013-09-22;KREISE;;05334002;;;;;;179933;Anzahl;WAHL01;Wahlberechtigte
14111;;;;2013-09-22;KREISE;;05354;;;;;;-;Prozent;WAHLSR;Wahlbeteiligung
14111;;;;2013-09-22;KREISE;;05354;;;;;;-;Anzahl;WAHL01;Wahlberechtigte
14111;;;;2013-09-22;KREISE;;05358;;;;;;72,9;Prozent;WAHLSR;Wahlbeteiligung
14111;;;;2013-09-22;KREISE;;05358;;;;;;199550;Anzahl;WAHL01;Wahlberechtigte
14111;;;;2013-09-22;KREISE;;05362;;;;;;73,9;Prozent;WAHLSR;Wahlbeteiligung
14111;;;;2013-09-22;KREISE;;05362;;;;;;344341;Anzahl;WAHL01;Wahlberechtigte
14111;;;;2013-09-22;KREISE;;05366;;;;;;71,7;Prozent;WAHLSR;Wahlbeteiligung
14111;;;;2013-09-22;KREISE;;05366;;;;;;148648;Anzahl;WAHL01;Wahlberechtigte
14111;;;;2013-09-22;KREISE;;05370;;;;;;71,5;Prozent;WAHLSR;Wahlbeteiligung
14111;;;;2013-09-22;KREISE;;05370;;;;;;188266;Anzahl;WAHL01;Wahlberechtigte
14111;;;;2013-09-22;KREISE;;05374;;;;;;72,1;Prozent;WAHLSR;Wahlbeteiligung
14111;;;;2013-09-22;KREISE;;05374;;;;;;209414;Anzahl;WAHL01;Wahlberechtigte
14111;;;;2013-09-22;KREISE;;05378;;;;;;78,2;Prozent;WAHLSR;Wahlbeteiligung
14111;;;;2013-09-22;KREISE;;05378;;;;;;216414;Anzahl;WAHL01;Wahlberechtigte
14111;;;;2013-09-22;KREISE;;05382;;;;;;75,3;Prozent;WAHLSR;Wahlbeteiligung
14111;;;;2013-09-22;KREISE;;05382;;;;;;448168;Anzahl;WAHL01;Wahlberechtigte
14111;;;;2013-09-22;KREISE;;05512;;;;;;71,7;Prozent;WAHLSR;Wahlbeteiligung
14111;;;;2013-09-22;KREISE;;05512;;;;;;89657;Anzahl;WAHL01;Wahlberechtigte
14111;;;;2013-09-22;KREISE;;05513;;;;;;65,3;Prozent;WAHLSR;Wahlbeteiligung
14111;;;;2013-09-22;KREISE;;05513;;;;;;181476;Anzahl;WAHL01;Wahlberechtigte
14111;;;;2013-09-22;KREISE;;05515;;;;;;79,1;Prozent;WAHLSR;Wahlbeteiligung
14111;;;;2013-09-22;KREISE;;05515;;;;;;227762;Anzahl;WAHL01;Wahlberechtigte
14111;;;;2013-09-22;KREISE;;05554;;;;;;74,9;Prozent;WAHLSR;Wahlbeteiligung
14111;;;;2013-09-22;KREISE;;05554;;;;;;275979;Anzahl;WAHL01;Wahlberechtigte
14111;;;;2013-09-22;KREISE;;05558;;;;;;78,3;Prozent;WAHLSR;Wahlbeteiligung
14111;;;;2013-09-22;KREISE;;05558;;;;;;170708;Anzahl;WAHL01;Wahlberechtigte
14111;;;;2013-09-22;KREISE;;05562;;;;;;71,6;Prozent;WAHLSR;Wahlbeteiligung
14111;;;;2013-09-22;KREISE;;05562;;;;;;480075;Anzahl;WAHL01;Wahlberechtigte
14111;;;;2013-09-22;KREISE;;05566;;;;;;75,3;Prozent;WAHLSR;Wahlbeteiligung
14111;;;;2013-09-22;KREISE;;05566;;;;;;337572;Anzahl;WAHL01;Wahlberechtigte
14111;;;;2013-09-22;KREISE;;05570;;;;;;75,2;Prozent;WAHLSR;Wahlbeteiligung
14111;;;;2013-09-22;KREISE;;05570;;;;;;210355;Anzahl;WAHL01;Wahlberechtigte
14111;;;;2013-09-22;KREISE;;05711;;;;;;72,5;Prozent;WAHLSR;Wahlbeteiligung
14111;;;;2013-09-22;KREISE;;05711;;;;;;238358;Anzahl;WAHL01;Wahlberechtigte
14111;;;;2013-09-22;KREISE;;05754;;;;;;72,6;Prozent;WAHLSR;Wahlbeteiligung
14111;;;;2013-09-22;KREISE;;05754;;;;;;262477;Anzahl;WAHL01;Wahlberechtigte
14111;;;;2013-09-22;KREISE;;05758;;;;;;71,1;Prozent;WAHLSR;Wahlbeteiligung
14111;;;;2013-09-22;KREISE;;05758;;;;;;193511;Anzahl;WAHL01;Wahlberechtigte
14111;;;;2013-09-22;KREISE;;05762;;;;;;73,7;Prozent;WAHLSR;Wahlbeteiligung
14111;;;;2013-09-22;KREISE;;05762;;;;;;114147;Anzahl;WAHL01;Wahlberechtigte
14111;;;;2013-09-22;KREISE;;05766;;;;;;72,7;Prozent;WAHLSR;Wahlbeteiligung
14111;;;;2013-09-22;KREISE;;05766;;;;;;271671;Anzahl;WAHL01;Wahlberechtigte
14111;;;;2013-09-22;KREISE;;05770;;;;;;70,4;Prozent;WAHLSR;Wahlbeteiligung
14111;;;;2013-09-22;KREISE;;05770;;;;;;243969;Anzahl;WAHL01;Wahlberechtigte
14111;;;;2013-09-22;KREISE;;05774;;;;;;71,0;Prozent;WAHLSR;Wahlbeteiligung
14111;;;;2013-09-22;KREISE;;05774;;;;;;227078;Anzahl;WAHL01;Wahlberechtigte
14111;;;;2013-09-22;KREISE;;05911;;;;;;72,3;Prozent;WAHLSR;Wahlbeteiligung
14111;;;;2013-09-22;KREISE;;05911;;;;;;279860;Anzahl;WAHL01;Wahlberechtigte
14111;;;;2013-09-22;KREISE;;05913;;;;;;68,1;Prozent;WAHLSR;Wahlbeteiligung
14111;;;;2013-09-22;KREISE;;05913;;;;;;420647;Anzahl;WAHL01;Wahlberechtigte
14111;;;;2013-09-22;KREISE;;05914;;;;;;67,1;Prozent;WAHLSR;Wahlbeteiligung
14111;;;;2013-09-22;KREISE;;05914;;;;;;136908;Anzahl;WAHL01;Wahlberechtigte
14111;;;;2013-09-22;KREISE;;05915;;;;;;69,7;Prozent;WAHLSR;Wahlbeteiligung
14111;;;;2013-09-22;KREISE;;05915;;;;;;128218;Anzahl;WAHL01;Wahlberechtigte
14111;;;;2013-09-22;KREISE;;05916;;;;;;68,3;Prozent;WAHLSR;Wahlbeteiligung
14111;;;;2013-09-22;KREISE;;05916;;;;;;115053;Anzahl;WAHL01;Wahlberechtigte
14111;;;;2013-09-22;KREISE;;05954;;;;;;73,9;Prozent;WAHLSR;Wahlbeteiligung
14111;;;;2013-09-22;KREISE;;05954;;;;;;257169;Anzahl;WAHL01;Wahlberechtigte
14111;;;;2013-09-22;KREISE;;05958;;;;;;73,7;Prozent;WAHLSR;Wahlbeteiligung
14111;;;;2013-09-22;KREISE;;05958;;;;;;205948;Anzahl;WAHL01;Wahlberechtigte
14111;;;;2013-09-22;KREISE;;05962;;;;;;70,0;Prozent;WAHLSR;Wahlbeteiligung
14111;;;;2013-09-22;KREISE;;05962;;;;;;313028;Anzahl;WAHL01;Wahlberechtigte
14111;;;;2013-09-22;KREISE;;05966;;;;;;73,7;Prozent;WAHLSR;Wahlbeteiligung
14111;;;;2013-09-22;KREISE;;05966;;;;;;103997;Anzahl;WAHL01;Wahlberechtigte
14111;;;;2013-09-22;KREISE;;05970;;;;;;72,6;Prozent;WAHLSR;Wahlbeteiligung
14111;;;;2013-09-22;KREISE;;05970;;;;;;215751;Anzahl;WAHL01;Wahlberechtigte
14111;;;;2013-09-22;KREISE;;05974;;;;;;72,3;Prozent;WAHLSR;Wahlbeteiligung
14111;;;;2013-09-22;KREISE;;05974;;;;;;232311;Anzahl;WAHL01;Wahlberechtigte
14111;;;;2013-09-22;KREISE;;05978;;;;;;72,9;Prozent;WAHLSR;Wahlbeteiligung
14111;;;;2013-09-22;KREISE;;05978;;;;;;309941;Anzahl;WAHL01;Wahlberechtigte
14111;;;;2013-09-22;KREISE;;06411;;;;;;74,6;Prozent;WAHLSR;Wahlbeteiligung
14111;;;;2013-09-22;KREISE;;06411;;;;;;104846;Anzahl;WAHL01;Wahlberechtigte
14111;;;;2013-09-22;KREISE;;06412;;;;;;70,7;Prozent;WAHLSR;Wahlbeteiligung
14111;;;;2013-09-22;KREISE;;06412;;;;;;414972;Anzahl;WAHL01;Wahlberechtigte
14111;;;;2013-09-22;KREISE;;06413;;;;;;65,6;Prozent;WAHLSR;Wahlbeteiligung
14111;;;;2013-09-22;KREISE;;06413;;;;;;66773;Anzahl;WAHL01;Wahlberechtigte
14111;;;;2013-09-22;KREISE;;06414;;;;;;69,8;Prozent;WAHLSR;Wahlbeteiligung
14111;;;;2013-09-22;KREISE;;06414;;;;;;189698;Anzahl;WAHL01;Wahlberechtigte
14111;;;;2013-09-22;KREISE;;06415;;;;;;-;Prozent;WAHLSR;Wahlbeteiligung
14111;;;;2013-09-22;KREISE;;06415;;;;;;-;Anzahl;WAHL01;Wahlberechtigte
14111;;;;2013-09-22;KREISE;;06431;;;;;;74,3;Prozent;WAHLSR;Wahlbeteiligung
14111;;;;2013-09-22;KREISE;;06431;;;;;;199685;Anzahl;WAHL01;Wahlberechtigte
14111;;;;2013-09-22;KREISE;;06432;;;;;;76,1;Prozent;WAHLSR;Wahlbeteiligung
14111;;;;2013-09-22;KREISE;;06432;;;;;;213250;Anzahl;WAHL01;Wahlberechtigte
14111;;;;2013-09-22;KREISE;;06433;;;;;;73,2;Prozent;WAHLSR;Wahlbeteiligung
14111;;;;2013-09-22;KREISE;;06433;;;;;;174002;Anzahl;WAHL01;Wahlberechtigte
14111;;;;2013-09-22;KREISE;;06434;;;;;;78,9;Prozent;WAHLSR;Wahlbeteiligung
14111;;;;2013-09-22;KREISE;;06434;;;;;;164977;Anzahl;WAHL01;Wahlberechtigte
14111;;;;2013-09-22;KREISE;;06435;;;;;;72,8;Prozent;WAHLSR;Wahlbeteiligung
14111;;;;2013-09-22;KREISE;;06435;;;;;;300303;Anzahl;WAHL01;Wahlberechtigte
14111;;;;2013-09-22;KREISE;;06436;;;;;;78,7;Prozent;WAHLSR;Wahlbeteiligung
14111;;;;2013-09-22;KREISE;;06436;;;;;;165510;Anzahl;WAHL01;Wahlberechtigte
14111;;;;2013-09-22;KREISE;;06437;;;;;;73,1;Prozent;WAHLSR;Wahlbeteiligung
14111;;;;2013-09-22;KREISE;;06437;;;;;;72165;Anzahl;WAHL01;Wahlberechtigte
14111;;;;2013-09-22;KREISE;;06438;;;;;;75,2;Prozent;WAHLSR;Wahlbeteiligung
14111;;;;2013-09-22;KREISE;;06438;;;;;;238993;Anzahl;WAHL01;Wahlberechtigte
14111;;;;2013-09-22;KREISE;;06439;;;;;;77,6;Prozent;WAHLSR;Wahlbeteiligung
14111;;;;2013-09-22;KREISE;;06439;;;;;;138232;Anzahl;WAHL01;Wahlberechtigte
14111;;;;2013-09-22;KREISE;;06440;;;;;;74,1;Prozent;WAHLSR;Wahlbeteiligung
14111;;;;2013-09-22;KREISE;;06440;;;;;;224114;Anzahl;WAHL01;Wahlberechtigte
14111;;;;2013-09-22;KREISE;;06531;;;;;;73,2;Prozent;WAHLSR;Wahlbeteiligung
14111;;;;2013-09-22;KREISE;;06531;;;;;;195638;Anzahl;WAHL01;Wahlberechtigte
14111;;;;2013-09-22;KREISE;;06532;;;;;;68,9;Prozent;WAHLSR;Wahlbeteiligung
14111;;;;2013-09-22;KREISE;;06532;;;;;;192843;Anzahl;WAHL01;Wahlberechtigte
14111;;;;2013-09-22;KREISE;;06533;;;;;;71,3;Prozent;WAHLSR;Wahlbeteiligung
14111;;;;2013-09-22;KREISE;;06533;;;;;;130580;Anzahl;WAHL01;Wahlberechtigte
14111;;;;2013-09-22;KREISE;;06534;;;;;;70,9;Prozent;WAHLSR;Wahlbeteiligung
14111;;;;2013-09-22;KREISE;;06534;;;;;;184686;Anzahl;WAHL01;Wahlberechtigte
14111;;;;2013-09-22;KREISE;;06535;;;;;;73,0;Prozent;WAHLSR;Wahlbeteiligung
14111;;;;2013-09-22;KREISE;;06535;;;;;;87084;Anzahl;WAHL01;Wahlberechtigte
14111;;;;2013-09-22;KREISE;;06611;;;;;;68,5;Prozent;WAHLSR;Wahlbeteiligung
14111;;;;2013-09-22;KREISE;;06611;;;;;;142558;Anzahl;WAHL01;Wahlberechtigte
14111;;;;2013-09-22;KREISE;;06631;;;;;;73,3;Prozent;WAHLSR;Wahlbeteiligung
14111;;;;2013-09-22;KREISE;;06631;;;;;;169080;Anzahl;WAHL01;Wahlberechtigte
14111;;;;2013-09-22;KREISE;;06632;;;;;;72,6;Prozent;WAHLSR;Wahlbeteiligung
14111;;;;2013-09-22;KREISE;;06632;;;;;;96830;Anzahl;WAHL01;Wahlberechtigte
14111;;;;2013-09-22;KREISE;;06633;;;;;;75,5;Prozent;WAHLSR;Wahlbeteiligung
14111;;;;2013-09-22;KREISE;;06633;;;;;;191012;Anzahl;WAHL01;Wahlberechtigte
14111;;;;2013-09-22;KREISE;;06634;;;;;;75,1;Prozent;WAHLSR;Wahlbeteiligung
14111;;;;2013-09-22;KREISE;;06634;;;;;;145635;Anzahl;WAHL01;Wahlberechtigte
14111;;;;2013-09-22;KREISE;;06635;;;;;;71,0;Prozent;WAHLSR;Wahlbeteiligung
14111;;;;2013-09-22;KREISE;;06635;;;;;;126432;Anzahl;WAHL01;Wahlberechtigte
14111;;;;2013-09-22;KREISE;;06636;;;;;;73,3;Prozent;WAHLSR;Wahlbeteiligung
14111;;;;2013-09-22;KREISE;;06636;;;;;;83373;Anzahl;WAHL01;Wahlberechtigte
14111;;;;2013-09-22;KREISE;;07111;;;;;;70,6;Prozent;WAHLSR;Wahlbeteiligung
14111;;;;2013-09-22;KREISE;;07111;;;;;;85008;Anzahl;WAHL01;Wahlberechtigte
14111;;;;2013-09-22;KREISE;;07131;;;;;;75,3;Prozent;WAHLSR;Wahlbeteiligung
14111;;;;2013-09-22;KREISE;;07131;;;;;;100486;Anzahl;WAHL01;Wahlberechtigte
14111;;;;2013-09-22;KREISE;;07132;;;;;;71,3;Prozent;WAHLSR;Wahlbeteiligung
14111;;;;2013-09-22;KREISE;;07132;;;;;;101640;Anzahl;WAHL01;Wahlberechtigte
14111;;;;2013-09-22;KREISE;;07133;;;;;;72,4;Prozent;WAHLSR;Wahlbeteiligung
14111;;;;2013-09-22;KREISE;;07133;;;;;;121082;Anzahl;WAHL01;Wahlberechtigte
14111;;;;2013-09-22;KREISE;;07134;;;;;;67,2;Prozent;WAHLSR;Wahlbeteiligung
14111;;;;2013-09-22;KREISE;;07134;;;;;;66391;Anzahl;WAHL01;Wahlberechtigte
14111;;;;2013-09-22;KREISE;;07135;;;;;;74,5;Prozent;WAHLSR;Wahlbeteiligung
14111;;;;2013-09-22;KREISE;;07135;;;;;;49935;Anzahl;WAHL01;Wahlberechtigte
14111;;;;2013-09-22;KREISE;;07137;;;;;;72,3;Prozent;WAHLSR;Wahlbeteiligung
14111;;;;2013-09-22;KREISE;;07137;;;;;;166969;Anzahl;WAHL01;Wahlberechtigte
14111;;;;2013-09-22;KREISE;;07138;;;;;;72,9;Prozent;WAHLSR;Wahlbeteiligung
14111;;;;2013-09-22;KREISE;;07138;;;;;;138693;Anzahl;WAHL01;Wahlberechtigte
14111;;;;2013-09-22;KREISE;;07140;;;;;;73,6;Prozent;WAHLSR;Wahlbeteiligung
14111;;;;2013-09-22;KREISE;;07140;;;;;;81511;Anzahl;WAHL01;Wahlberechtigte
14111;;;;2013-09-22;KREISE;;07141;;;;;;72,5;Prozent;WAHLSR;Wahlbeteiligung
14111;;;;2013-09-22;KREISE;;07141;;;;;;97109;Anzahl;WAHL01;Wahlberechtigte
14111;;;;2013-09-22;KREISE;;07143;;;;;;73,7;Prozent;WAHLSR;Wahlbeteiligung
14111;;;;2013-09-22;KREISE;;07143;;;;;;154628;Anzahl;WAHL01;Wahlberechtigte
14111;;;;2013-09-22;KREISE;;07211;;;;;;69,2;Prozent;WAHLSR;Wahlbeteiligung
14111;;;;2013-09-22;KREISE;;07211;;;;;;81697;Anzahl;WAHL01;Wahlberechtigte
14111;;;;2013-09-22;KREISE;;07231;;;;;;72,4;Prozent;WAHLSR;Wahlbeteiligung
14111;;;;2013-09-22;KREISE;;07231;;;;;;87870;Anzahl;WAHL01;Wahlberechtigte
14111;;;;2013-09-22;KREISE;;07232;;;;;;71,9;Prozent;WAHLSR;Wahlbeteiligung
14111;;;;2013-09-22;KREISE;;07232;;;;;;73484;Anzahl;WAHL01;Wahlberechtigte
14111;;;;2013-09-22;KREISE;;07233;;;;;;71,4;Prozent;WAHLSR;Wahlbeteiligung
14111;;;;2013-09-22;KREISE;;07233;;;;;;48954;Anzahl;WAHL01;Wahlberechtigte
14111;;;;2013-09-22;KREISE;;07235;;;;;;75,5;Prozent;WAHLSR;Wahlbeteiligung
14111;;;;2013-09-22;KREISE;;07235;;;;;;112106;Anzahl;WAHL01;Wahlberechtigte
14111;;;;2013-09-22;KREISE;;07311;;;;;;68,5;Prozent;WAHLSR;Wahlbeteiligung
14111;;;;2013-09-22;KREISE;;07311;;;;;;34091;Anzahl;WAHL01;Wahlberechtigte
14111;;;;2013-09-22;KREISE;;07312;;;;;;65,3;Prozent;WAHLSR;Wahlbeteiligung
14111;;;;2013-09-22;KREISE;;07312;;;;;;73692;Anzahl;WAHL01;Wahlberechtigte
14111;;;;2013-09-22;KREISE;;07313;;;;;;71,0;Prozent;WAHLSR;Wahlbeteiligung
14111;;;;2013-09-22;KREISE;;07313;;;;;;34637;Anzahl;WAHL01;Wahlberechtigte
14111;;;;2013-09-22;KREISE;;07314;;;;;;67,0;Prozent;WAHLSR;Wahlbeteiligung
14111;;;;2013-09-22;KREISE;;07314;;;;;;104215;Anzahl;WAHL01;Wahlberechtigte
14111;;;;2013-09-22;KREISE;;07315;;;;;;75,5;Prozent;WAHLSR;Wahlbeteiligung
14111;;;;2013-09-22;KREISE;;07315;;;;;;144870;Anzahl;WAHL01;Wahlberechtigte
14111;;;;2013-09-22;KREISE;;07316;;;;;;74,3;Prozent;WAHLSR;Wahlbeteiligung
14111;;;;2013-09-22;KREISE;;07316;;;;;;41459;Anzahl;WAHL01;Wahlberechtigte
14111;;;;2013-09-22;KREISE;;07317;;;;;;63,8;Prozent;WAHLSR;Wahlbeteiligung
14111;;;;2013-09-22;KREISE;;07317;;;;;;32266;Anzahl;WAHL01;Wahlberechtigte
14111;;;;2013-09-22;KREISE;;07318;;;;;;71,6;Prozent;WAHLSR;Wahlbeteiligung
14111;;;;2013-09-22;KREISE;;07318;;;;;;36773;Anzahl;WAHL01;Wahlberechtigte
14111;;;;2013-09-22;KREISE;;07319;;;;;;67,8;Prozent;WAHLSR;Wahlbeteiligung
14111;;;;2013-09-22;KREISE;;07319;;;;;;59536;Anzahl;WAHL01;Wahlberechtigte
14111;;;;2013-09-22;KREISE;;07320;;;;;;65,2;Prozent;WAHLSR;Wahlbeteiligung
14111;;;;2013-09-22;KREISE;;07320;;;;;;26956;Anzahl;WAHL01;Wahlberechtigte
14111;;;;2013-09-22;KREISE;;07331;;;;;;74,4;Prozent;WAHLSR;Wahlbeteiligung
14111;;;;2013-09-22;KREISE;;07331;;;;;;96910;Anzahl;WAHL01;Wahlberechtigte
14111;;;;2013-09-22;KREISE;;07332;;;;;;75,4;Prozent;WAHLSR;Wahlbeteiligung
14111;;;;2013-09-22;KREISE;;07332;;;;;;104815;Anzahl;WAHL01;Wahlberechtigte
14111;;;;2013-09-22;KREISE;;07333;;;;;;71,2;Prozent;WAHLSR;Wahlbeteiligung
14111;;;;2013-09-22;KREISE;;07333;;;;;;58996;Anzahl;WAHL01;Wahlberechtigte
14111;;;;2013-09-22;KREISE;;07334;;;;;;72,5;Prozent;WAHLSR;Wahlbeteiligung
14111;;;;2013-09-22;KREISE;;07334;;;;;;94121;Anzahl;WAHL01;Wahlberechtigte
14111;;;;2013-09-22;KREISE;;07335;;;;;;73,0;Prozent;WAHLSR;Wahlbeteiligung
14111;;;;2013-09-22;KREISE;;07335;;;;;;81916;Anzahl;WAHL01;Wahlberechtigte
14111;;;;2013-09-22;KREISE;;07336;;;;;;72,5;Prozent;WAHLSR;Wahlbeteiligung
14111;;;;2013-09-22;KREISE;;07336;;;;;;58590;Anzahl;WAHL01;Wahlberechtigte
14111;;;;2013-09-22;KREISE;;07337;;;;;;75,3;Prozent;WAHLSR;Wahlbeteiligung
14111;;;;2013-09-22;KREISE;;07337;;;;;;87379;Anzahl;WAHL01;Wahlberechtigte
14111;;;;2013-09-22;KREISE;;07338;;;;;;78,2;Prozent;WAHLSR;Wahlbeteiligung
14111;;;;2013-09-22;KREISE;;07338;;;;;;116419;Anzahl;WAHL01;Wahlberechtigte
14111;;;;2013-09-22;KREISE;;07339;;;;;;78,5;Prozent;WAHLSR;Wahlbeteiligung
14111;;;;2013-09-22;KREISE;;07339;;;;;;156932;Anzahl;WAHL01;Wahlberechtigte
14111;;;;2013-09-22;KREISE;;07340;;;;;;76,3;Prozent;WAHLSR;Wahlbeteiligung
14111;;;;2013-09-22;KREISE;;07340;;;;;;80288;Anzahl;WAHL01;Wahlberechtigte
14111;;;;2013-09-22;KREISE;;08111;;;;;;76,7;Prozent;WAHLSR;Wahlbeteiligung
14111;;;;2013-09-22;KREISE;;08111;;;;;;374255;Anzahl;WAHL01;Wahlberechtigte
14111;;;;2013-09-22;KREISE;;08115;;;;;;77,4;Prozent;WAHLSR;Wahlbeteiligung
14111;;;;2013-09-22;KREISE;;08115;;;;;;257273;Anzahl;WAHL01;Wahlberechtigte
14111;;;;2013-09-22;KREISE;;08116;;;;;;77,7;Prozent;WAHLSR;Wahlbeteiligung
14111;;;;2013-09-22;KREISE;;08116;;;;;;362586;Anzahl;WAHL01;Wahlberechtigte
14111;;;;2013-09-22;KREISE;;08117;;;;;;74,0;Prozent;WAHLSR;Wahlbeteiligung
14111;;;;2013-09-22;KREISE;;08117;;;;;;179130;Anzahl;WAHL01;Wahlberechtigte
14111;;;;2013-09-22;KREISE;;08118;;;;;;77,7;Prozent;WAHLSR;Wahlbeteiligung
14111;;;;2013-09-22;KREISE;;08118;;;;;;361623;Anzahl;WAHL01;Wahlberechtigte
14111;;;;2013-09-22;KREISE;;08119;;;;;;76,5;Prozent;WAHLSR;Wahlbeteiligung
14111;;;;2013-09-22;KREISE;;08119;;;;;;294420;Anzahl;WAHL01;Wahlberechtigte
14111;;;;2013-09-22;KREISE;;08121;;;;;;68,6;Prozent;WAHLSR;Wahlbeteiligung
14111;;;;2013-09-22;KREISE;;08121;;;;;;78215;Anzahl;WAHL01;Wahlberechtigte
14111;;;;2013-09-22;KREISE;;08125;;;;;;75,1;Prozent;WAHLSR;Wahlbeteiligung
14111;;;;2013-09-22;KREISE;;08125;;;;;;238537;Anzahl;WAHL01;Wahlberechtigte
14111;;;;2013-09-22;KREISE;;08126;;;;;;72,3;Prozent;WAHLSR;Wahlbeteiligung
14111;;;;2013-09-22;KREISE;;08126;;;;;;82210;Anzahl;WAHL01;Wahlberechtigte
14111;;;;2013-09-22;KREISE;;08127;;;;;;69,6;Prozent;WAHLSR;Wahlbeteiligung
14111;;;;2013-09-22;KREISE;;08127;;;;;;142174;Anzahl;WAHL01;Wahlberechtigte
14111;;;;2013-09-22;KREISE;;08128;;;;;;74,0;Prozent;WAHLSR;Wahlbeteiligung
14111;;;;2013-09-22;KREISE;;08128;;;;;;103412;Anzahl;WAHL01;Wahlberechtigte
14111;;;;2013-09-22;KREISE;;08135;;;;;;72,1;Prozent;WAHLSR;Wahlbeteiligung
14111;;;;2013-09-22;KREISE;;08135;;;;;;95364;Anzahl;WAHL01;Wahlberechtigte
14111;;;;2013-09-22;KREISE;;08136;;;;;;74,1;Prozent;WAHLSR;Wahlbeteiligung
14111;;;;2013-09-22;KREISE;;08136;;;;;;230348;Anzahl;WAHL01;Wahlberechtigte
14111;;;;2013-09-22;KREISE;;08211;;;;;;72,0;Prozent;WAHLSR;Wahlbeteiligung
14111;;;;2013-09-22;KREISE;;08211;;;;;;39375;Anzahl;WAHL01;Wahlberechtigte
14111;;;;2013-09-22;KREISE;;08212;;;;;;72,9;Prozent;WAHLSR;Wahlbeteiligung
14111;;;;2013-09-22;KREISE;;08212;;;;;;205735;Anzahl;WAHL01;Wahlberechtigte
14111;;;;2013-09-22;KREISE;;08215;;;;;;75,4;Prozent;WAHLSR;Wahlbeteiligung
14111;;;;2013-09-22;KREISE;;08215;;;;;;323219;Anzahl;WAHL01;Wahlberechtigte
14111;;;;2013-09-22;KREISE;;08216;;;;;;71,2;Prozent;WAHLSR;Wahlbeteiligung
14111;;;;2013-09-22;KREISE;;08216;;;;;;168180;Anzahl;WAHL01;Wahlberechtigte
14111;;;;2013-09-22;KREISE;;08221;;;;;;76,7;Prozent;WAHLSR;Wahlbeteiligung
14111;;;;2013-09-22;KREISE;;08221;;;;;;97398;Anzahl;WAHL01;Wahlberechtigte
14111;;;;2013-09-22;KREISE;;08222;;;;;;69,4;Prozent;WAHLSR;Wahlbeteiligung
14111;;;;2013-09-22;KREISE;;08222;;;;;;198525;Anzahl;WAHL01;Wahlberechtigte
14111;;;;2013-09-22;KREISE;;08225;;;;;;71,9;Prozent;WAHLSR;Wahlbeteiligung
14111;;;;2013-09-22;KREISE;;08225;;;;;;110012;Anzahl;WAHL01;Wahlberechtigte
14111;;;;2013-09-22;KREISE;;08226;;;;;;76,0;Prozent;WAHLSR;Wahlbeteiligung
14111;;;;2013-09-22;KREISE;;08226;;;;;;398436;Anzahl;WAHL01;Wahlberechtigte
14111;;;;2013-09-22;KREISE;;08231;;;;;;65,0;Prozent;WAHLSR;Wahlbeteiligung
14111;;;;2013-09-22;KREISE;;08231;;;;;;77695;Anzahl;WAHL01;Wahlberechtigte
14111;;;;2013-09-22;KREISE;;08235;;;;;;74,5;Prozent;WAHLSR;Wahlbeteiligung
14111;;;;2013-09-22;KREISE;;08235;;;;;;110794;Anzahl;WAHL01;Wahlberechtigte
14111;;;;2013-09-22;KREISE;;08236;;;;;;76,6;Prozent;WAHLSR;Wahlbeteiligung
14111;;;;2013-09-22;KREISE;;08236;;;;;;142281;Anzahl;WAHL01;Wahlberechtigte
14111;;;;2013-09-22;KREISE;;08237;;;;;;72,0;Prozent;WAHLSR;Wahlbeteiligung
14111;;;;2013-09-22;KREISE;;08237;;;;;;86885;Anzahl;WAHL01;Wahlberechtigte
14111;;;;2013-09-22;KREISE;;08311;;;;;;76,1;Prozent;WAHLSR;Wahlbeteiligung
14111;;;;2013-09-22;KREISE;;08311;;;;;;154522;Anzahl;WAHL01;Wahlberechtigte
14111;;;;2013-09-22;KREISE;;08315;;;;;;76,6;Prozent;WAHLSR;Wahlbeteiligung
14111;;;;2013-09-22;KREISE;;08315;;;;;;189733;Anzahl;WAHL01;Wahlberechtigte
14111;;;;2013-09-22;KREISE;;08316;;;;;;74,5;Prozent;WAHLSR;Wahlbeteiligung
14111;;;;2013-09-22;KREISE;;08316;;;;;;121495;Anzahl;WAHL01;Wahlberechtigte
14111;;;;2013-09-22;KREISE;;08317;;;;;;69,9;Prozent;WAHLSR;Wahlbeteiligung
14111;;;;2013-09-22;KREISE;;08317;;;;;;314830;Anzahl;WAHL01;Wahlberechtigte
14111;;;;2013-09-22;KREISE;;08325;;;;;;72,3;Prozent;WAHLSR;Wahlbeteiligung
14111;;;;2013-09-22;KREISE;;08325;;;;;;103229;Anzahl;WAHL01;Wahlberechtigte
14111;;;;2013-09-22;KREISE;;08326;;;;;;71,4;Prozent;WAHLSR;Wahlbeteiligung
14111;;;;2013-09-22;KREISE;;08326;;;;;;150608;Anzahl;WAHL01;Wahlberechtigte
14111;;;;2013-09-22;KREISE;;08327;;;;;;71,7;Prozent;WAHLSR;Wahlbeteiligung
14111;;;;2013-09-22;KREISE;;08327;;;;;;96012;Anzahl;WAHL01;Wahlberechtigte
14111;;;;2013-09-22;KREISE;;08335;;;;;;72,9;Prozent;WAHLSR;Wahlbeteiligung
14111;;;;2013-09-22;KREISE;;08335;;;;;;202393;Anzahl;WAHL01;Wahlberechtigte
14111;;;;2013-09-22;KREISE;;08336;;;;;;70,3;Prozent;WAHLSR;Wahlbeteiligung
14111;;;;2013-09-22;KREISE;;08336;;;;;;162569;Anzahl;WAHL01;Wahlberechtigte
14111;;;;2013-09-22;KREISE;;08337;;;;;;70,6;Prozent;WAHLSR;Wahlbeteiligung
14111;;;;2013-09-22;KREISE;;08337;;;;;;119277;Anzahl;WAHL01;Wahlberechtigte
14111;;;;2013-09-22;KREISE;;08415;;;;;;75,3;Prozent;WAHLSR;Wahlbeteiligung
14111;;;;2013-09-22;KREISE;;08415;;;;;;199091;Anzahl;WAHL01;Wahlberechtigte
14111;;;;2013-09-22;KREISE;;08416;;;;;;79,0;Prozent;WAHLSR;Wahlbeteiligung
14111;;;;2013-09-22;KREISE;;08416;;;;;;156792;Anzahl;WAHL01;Wahlberechtigte
14111;;;;2013-09-22;KREISE;;08417;;;;;;71,4;Prozent;WAHLSR;Wahlbeteiligung
14111;;;;2013-09-22;KREISE;;08417;;;;;;139507;Anzahl;WAHL01;Wahlberechtigte
14111;;;;2013-09-22;KREISE;;08421;;;;;;73,9;Prozent;WAHLSR;Wahlbeteiligung
14111;;;;2013-09-22;KREISE;;08421;;;;;;81980;Anzahl;WAHL01;Wahlberechtigte
14111;;;;2013-09-22;KREISE;;08425;;;;;;76,9;Prozent;WAHLSR;Wahlbeteiligung
14111;;;;2013-09-22;KREISE;;08425;;;;;;138722;Anzahl;WAHL01;Wahlberechtigte
14111;;;;2013-09-22;KREISE;;08426;;;;;;74,4;Prozent;WAHLSR;Wahlbeteiligung
14111;;;;2013-09-22;KREISE;;08426;;;;;;142958;Anzahl;WAHL01;Wahlberechtigte
14111;;;;2013-09-22;KREISE;;08435;;;;;;75,7;Prozent;WAHLSR;Wahlbeteiligung
14111;;;;2013-09-22;KREISE;;08435;;;;;;155758;Anzahl;WAHL01;Wahlberechtigte
14111;;;;2013-09-22;KREISE;;08436;;;;;;73,5;Prozent;WAHLSR;Wahlbeteiligung
14111;;;;2013-09-22;KREISE;;08436;;;;;;205820;Anzahl;WAHL01;Wahlberechtigte
14111;;;;2013-09-22;KREISE;;08437;;;;;;72,5;Prozent;WAHLSR;Wahlbeteiligung
14111;;;;2013-09-22;KREISE;;08437;;;;;;96517;Anzahl;WAHL01;Wahlberechtigte
14111;;;;2013-09-22;KREISE;;09161;;;;;;62,0;Prozent;WAHLSR;Wahlbeteiligung
14111;;;;2013-09-22;KREISE;;09161;;;;;;90203;Anzahl;WAHL01;Wahlberechtigte
14111;;;;2013-09-22;KREISE;;09162;;;;;;71,2;Prozent;WAHLSR;Wahlbeteiligung
14111;;;;2013-09-22;KREISE;;09162;;;;;;917148;Anzahl;WAHL01;Wahlberechtigte
14111;;;;2013-09-22;KREISE;;09163;;;;;;64,8;Prozent;WAHLSR;Wahlbeteiligung
14111;;;;2013-09-22;KREISE;;09163;;;;;;41491;Anzahl;WAHL01;Wahlberechtigte
14111;;;;2013-09-22;KREISE;;09171;;;;;;66,7;Prozent;WAHLSR;Wahlbeteiligung
14111;;;;2013-09-22;KREISE;;09171;;;;;;82824;Anzahl;WAHL01;Wahlberechtigte
14111;;;;2013-09-22;KREISE;;09172;;;;;;67,0;Prozent;WAHLSR;Wahlbeteiligung
14111;;;;2013-09-22;KREISE;;09172;;;;;;74581;Anzahl;WAHL01;Wahlberechtigte
14111;;;;2013-09-22;KREISE;;09173;;;;;;71,7;Prozent;WAHLSR;Wahlbeteiligung
14111;;;;2013-09-22;KREISE;;09173;;;;;;91686;Anzahl;WAHL01;Wahlberechtigte
14111;;;;2013-09-22;KREISE;;09174;;;;;;74,3;Prozent;WAHLSR;Wahlbeteiligung
14111;;;;2013-09-22;KREISE;;09174;;;;;;101801;Anzahl;WAHL01;Wahlberechtigte
14111;;;;2013-09-22;KREISE;;09175;;;;;;77,0;Prozent;WAHLSR;Wahlbeteiligung
14111;;;;2013-09-22;KREISE;;09175;;;;;;96389;Anzahl;WAHL01;Wahlberechtigte
14111;;;;2013-09-22;KREISE;;09176;;;;;;74,6;Prozent;WAHLSR;Wahlbeteiligung
14111;;;;2013-09-22;KREISE;;09176;;;;;;95946;Anzahl;WAHL01;Wahlberechtigte
14111;;;;2013-09-22;KREISE;;09177;;;;;;72,3;Prozent;WAHLSR;Wahlbeteiligung
14111;;;;2013-09-22;KREISE;;09177;;;;;;95996;Anzahl;WAHL01;Wahlberechtigte
14111;;;;2013-09-22;KREISE;;09178;;;;;;73,0;Prozent;WAHLSR;Wahlbeteiligung
14111;;;;2013-09-22;KREISE;;09178;;;;;;119336;Anzahl;WAHL01;Wahlberechtigte
14111;;;;2013-09-22;KREISE;;09179;;;;;;75,5;Prozent;WAHLSR;Wahlbeteiligung
14111;;;;2013-09-22;KREISE;;09179;;;;;;153984;Anzahl;WAHL01;Wahlberechtigte
14111;;;;2013-09-22;KREISE;;09180;;;;;;71,1;Prozent;WAHLSR;Wahlbeteiligung
14111;;;;2013-09-22;KREISE;;09180;;;;;;65339;Anzahl;WAHL01;Wahlberechtigte
14111;;;;2013-09-22;KREISE;;09181;;;;;;74,4;Prozent;WAHLSR;Wahlbeteiligung
14111;;;;2013-09-22;KREISE;;09181;;;;;;87309;Anzahl;WAHL01;Wahlberechtigte
14111;;;;2013-09-22;KREISE;;09182;;;;;;73,4;Prozent;WAHLSR;Wahlbeteiligung
14111;;;;2013-09-22;KREISE;;09182;;;;;;72254;Anzahl;WAHL01;Wahlberechtigte
14111;;;;2013-09-22;KREISE;;09183;;;;;;67,1;Prozent;WAHLSR;Wahlbeteiligung
14111;;;;2013-09-22;KREISE;;09183;;;;;;84336;Anzahl;WAHL01;Wahlberechtigte
14111;;;;2013-09-22;KREISE;;09184;;;;;;77,4;Prozent;WAHLSR;Wahlbeteiligung
14111;;;;2013-09-22;KREISE;;09184;;;;;;233398;Anzahl;WAHL01;Wahlberechtigte
14111;;;;2013-09-22;KREISE;;09185;;;;;;69,0;Prozent;WAHLSR;Wahlbeteiligung
14111;;;;2013-09-22;KREISE;;09185;;;;;;70675;Anzahl;WAHL01;Wahlberechtigte
14111;;;;2013-09-22;KREISE;;09186;;;;;;70,2;Prozent;WAHLSR;Wahlbeteiligung
14111;;;;2013-09-22;KREISE;;09186;;;;;;90579;Anzahl;WAHL01;Wahlberechtigte
14111;;;;2013-09-22;KREISE;;09187;;;;;;71,8;Prozent;WAHLSR;Wahlbeteiligung
14111;;;;2013-09-22;KREISE;;09187;;;;;;189578;Anzahl;WAHL01;Wahlberechtigte
14111;;;;2013-09-22;KREISE;;09188;;;;;;78,2;Prozent;WAHLSR;Wahlbeteiligung
14111;;;;2013-09-22;KREISE;;09188;;;;;;95828;Anzahl;WAHL01;Wahlberechtigte
14111;;;;2013-09-22;KREISE;;09189;;;;;;69,2;Prozent;WAHLSR;Wahlbeteiligung
14111;;;;2013-09-22;KREISE;;09189;;;;;;132287;Anzahl;WAHL01;Wahlberechtigte
14111;;;;2013-09-22;KREISE;;09190;;;;;;72,7;Prozent;WAHLSR;Wahlbeteiligung
14111;;;;2013-09-22;KREISE;;09190;;;;;;100076;Anzahl;WAHL01;Wahlberechtigte
14111;;;;2013-09-22;KREISE;;09261;;;;;;65,6;Prozent;WAHLSR;Wahlbeteiligung
14111;;;;2013-09-22;KREISE;;09261;;;;;;48500;Anzahl;WAHL01;Wahlberechtigte
14111;;;;2013-09-22;KREISE;;09262;;;;;;64,1;Prozent;WAHLSR;Wahlbeteiligung
14111;;;;2013-09-22;KREISE;;09262;;;;;;37827;Anzahl;WAHL01;Wahlberechtigte
14111;;;;2013-09-22;KREISE;;09263;;;;;;57,8;Prozent;WAHLSR;Wahlbeteiligung
14111;;;;2013-09-22;KREISE;;09263;;;;;;34677;Anzahl;WAHL01;Wahlberechtigte
14111;;;;2013-09-22;KREISE;;09271;;;;;;60,7;Prozent;WAHLSR;Wahlbeteiligung
14111;;;;2013-09-22;KREISE;;09271;;;;;;91396;Anzahl;WAHL01;Wahlberechtigte
14111;;;;2013-09-22;KREISE;;09272;;;;;;60,3;Prozent;WAHLSR;Wahlbeteiligung
14111;;;;2013-09-22;KREISE;;09272;;;;;;63686;Anzahl;WAHL01;Wahlberechtigte
14111;;;;2013-09-22;KREISE;;09273;;;;;;67,3;Prozent;WAHLSR;Wahlbeteiligung
14111;;;;2013-09-22;KREISE;;09273;;;;;;87035;Anzahl;WAHL01;Wahlberechtigte
14111;;;;2013-09-22;KREISE;;09274;;;;;;70,2;Prozent;WAHLSR;Wahlbeteiligung
14111;;;;2013-09-22;KREISE;;09274;;;;;;115738;Anzahl;WAHL01;Wahlberechtigte
14111;;;;2013-09-22;KREISE;;09275;;;;;;62,7;Prozent;WAHLSR;Wahlbeteiligung
14111;;;;2013-09-22;KREISE;;09275;;;;;;148565;Anzahl;WAHL01;Wahlberechtigte
14111;;;;2013-09-22;KREISE;;09276;;;;;;60,7;Prozent;WAHLSR;Wahlbeteiligung
14111;;;;2013-09-22;KREISE;;09276;;;;;;62635;Anzahl;WAHL01;Wahlberechtigte
14111;;;;2013-09-22;KREISE;;09277;;;;;;64,3;Prozent;WAHLSR;Wahlbeteiligung
14111;;;;2013-09-22;KREISE;;09277;;;;;;91941;Anzahl;WAHL01;Wahlberechtigte
14111;;;;2013-09-22;KREISE;;09278;;;;;;69,9;Prozent;WAHLSR;Wahlbeteiligung
14111;;;;2013-09-22;KREISE;;09278;;;;;;76461;Anzahl;WAHL01;Wahlberechtigte
14111;;;;2013-09-22;KREISE;;09279;;;;;;62,7;Prozent;WAHLSR;Wahlbeteiligung
14111;;;;2013-09-22;KREISE;;09279;;;;;;71367;Anzahl;WAHL01;Wahlberechtigte
14111;;;;2013-09-22;KREISE;;09361;;;;;;61,1;Prozent;WAHLSR;Wahlbeteiligung
14111;;;;2013-09-22;KREISE;;09361;;;;;;33306;Anzahl;WAHL01;Wahlberechtigte
14111;;;;2013-09-22;KREISE;;09362;;;;;;66,4;Prozent;WAHLSR;Wahlbeteiligung
14111;;;;2013-09-22;KREISE;;09362;;;;;;103098;Anzahl;WAHL01;Wahlberechtigte
14111;;;;2013-09-22;KREISE;;09363;;;;;;62,4;Prozent;WAHLSR;Wahlbeteiligung
14111;;;;2013-09-22;KREISE;;09363;;;;;;33252;Anzahl;WAHL01;Wahlberechtigte
14111;;;;2013-09-22;KREISE;;09371;;;;;;70,9;Prozent;WAHLSR;Wahlbeteiligung
14111;;;;2013-09-22;KREISE;;09371;;;;;;82545;Anzahl;WAHL01;Wahlberechtigte
14111;;;;2013-09-22;KREISE;;09372;;;;;;64,3;Prozent;WAHLSR;Wahlbeteiligung
14111;;;;2013-09-22;KREISE;;09372;;;;;;102044;Anzahl;WAHL01;Wahlberechtigte
14111;;;;2013-09-22;KREISE;;09373;;;;;;72,7;Prozent;WAHLSR;Wahlbeteiligung
14111;;;;2013-09-22;KREISE;;09373;;;;;;99295;Anzahl;WAHL01;Wahlberechtigte
14111;;;;2013-09-22;KREISE;;09374;;;;;;71,8;Prozent;WAHLSR;Wahlbeteiligung
14111;;;;2013-09-22;KREISE;;09374;;;;;;76694;Anzahl;WAHL01;Wahlberechtigte
14111;;;;2013-09-22;KREISE;;09375;;;;;;71,0;Prozent;WAHLSR;Wahlbeteiligung
14111;;;;2013-09-22;KREISE;;09375;;;;;;145722;Anzahl;WAHL01;Wahlberechtigte
14111;;;;2013-09-22;KREISE;;09376;;;;;;66,2;Prozent;WAHLSR;Wahlbeteiligung
14111;;;;2013-09-22;KREISE;;09376;;;;;;114345;Anzahl;WAHL01;Wahlberechtigte
14111;;;;2013-09-22;KREISE;;09377;;;;;;71,2;Prozent;WAHLSR;Wahlbeteiligung
14111;;;;2013-09-22;KREISE;;09377;;;;;;60457;Anzahl;WAHL01;Wahlberechtigte
14111;;;;2013-09-22;KREISE;;09461;;;;;;66,0;Prozent;WAHLSR;Wahlbeteiligung
14111;;;;2013-09-22;KREISE;;09461;;;;;;54621;Anzahl;WAHL01;Wahlberechtigte
14111;;;;2013-09-22;KREISE;;09462;;;;;;66,0;Prozent;WAHLSR;Wahlbeteiligung
14111;;;;2013-09-22;KREISE;;09462;;;;;;56951;Anzahl;WAHL01;Wahlberechtigte
14111;;;;2013-09-22;KREISE;;09463;;;;;;66,4;Prozent;WAHLSR;Wahlbeteiligung
14111;;;;2013-09-22;KREISE;;09463;;;;;;32384;Anzahl;WAHL01;Wahlberechtigte
14111;;;;2013-09-22;KREISE;;09464;;;;;;63,3;Prozent;WAHLSR;Wahlbeteiligung
14111;;;;2013-09-22;KREISE;;09464;;;;;;34371;Anzahl;WAHL01;Wahlberechtigte
14111;;;;2013-09-22;KREISE;;09471;;;;;;72,0;Prozent;WAHLSR;Wahlbeteiligung
14111;;;;2013-09-22;KREISE;;09471;;;;;;115365;Anzahl;WAHL01;Wahlberechtigte
14111;;;;2013-09-22;KREISE;;09472;;;;;;72,3;Prozent;WAHLSR;Wahlbeteiligung
14111;;;;2013-09-22;KREISE;;09472;;;;;;85455;Anzahl;WAHL01;Wahlberechtigte
14111;;;;2013-09-22;KREISE;;09473;;;;;;70,8;Prozent;WAHLSR;Wahlbeteiligung
14111;;;;2013-09-22;KREISE;;09473;;;;;;70831;Anzahl;WAHL01;Wahlberechtigte
14111;;;;2013-09-22;KREISE;;09474;;;;;;73,9;Prozent;WAHLSR;Wahlbeteiligung
14111;;;;2013-09-22;KREISE;;09474;;;;;;89546;Anzahl;WAHL01;Wahlberechtigte
14111;;;;2013-09-22;KREISE;;09475;;;;;;70,7;Prozent;WAHLSR;Wahlbeteiligung
14111;;;;2013-09-22;KREISE;;09475;;;;;;79530;Anzahl;WAHL01;Wahlberechtigte
14111;;;;2013-09-22;KREISE;;09476;;;;;;69,8;Prozent;WAHLSR;Wahlbeteiligung
14111;;;;2013-09-22;KREISE;;09476;;;;;;56888;Anzahl;WAHL01;Wahlberechtigte
14111;;;;2013-09-22;KREISE;;09477;;;;;;69,9;Prozent;WAHLSR;Wahlbeteiligung
14111;;;;2013-09-22;KREISE;;09477;;;;;;60507;Anzahl;WAHL01;Wahlberechtigte
14111;;;;2013-09-22;KREISE;;09478;;;;;;69,0;Prozent;WAHLSR;Wahlbeteiligung
14111;;;;2013-09-22;KREISE;;09478;;;;;;54755;Anzahl;WAHL01;Wahlberechtigte
14111;;;;2013-09-22;KREISE;;09479;;;;;;67,4;Prozent;WAHLSR;Wahlbeteiligung
14111;;;;2013-09-22;KREISE;;09479;;;;;;60668;Anzahl;WAHL01;Wahlberechtigte
14111;;;;2013-09-22;KREISE;;09561;;;;;;62,1;Prozent;WAHLSR;Wahlbeteiligung
14111;;;;2013-09-22;KREISE;;09561;;;;;;31234;Anzahl;WAHL01;Wahlberechtigte
14111;;;;2013-09-22;KREISE;;09562;;;;;;74,2;Prozent;WAHLSR;Wahlbeteiligung
14111;;;;2013-09-22;KREISE;;09562;;;;;;76971;Anzahl;WAHL01;Wahlberechtigte
14111;;;;2013-09-22;KREISE;;09563;;;;;;65,2;Prozent;WAHLSR;Wahlbeteiligung
14111;;;;2013-09-22;KREISE;;09563;;;;;;85689;Anzahl;WAHL01;Wahlberechtigte
14111;;;;2013-09-22;KREISE;;09564;;;;;;66,9;Prozent;WAHLSR;Wahlbeteiligung
14111;;;;2013-09-22;KREISE;;09564;;;;;;348914;Anzahl;WAHL01;Wahlberechtigte
14111;;;;2013-09-22;KREISE;;09565;;;;;;70,8;Prozent;WAHLSR;Wahlbeteiligung
14111;;;;2013-09-22;KREISE;;09565;;;;;;29916;Anzahl;WAHL01;Wahlberechtigte
14111;;;;2013-09-22;KREISE;;09571;;;;;;69,6;Prozent;WAHLSR;Wahlbeteiligung
14111;;;;2013-09-22;KREISE;;09571;;;;;;139866;Anzahl;WAHL01;Wahlberechtigte
14111;;;;2013-09-22;KREISE;;09572;;;;;;76,1;Prozent;WAHLSR;Wahlbeteiligung
14111;;;;2013-09-22;KREISE;;09572;;;;;;102535;Anzahl;WAHL01;Wahlberechtigte
14111;;;;2013-09-22;KREISE;;09573;;;;;;74,7;Prozent;WAHLSR;Wahlbeteiligung
14111;;;;2013-09-22;KREISE;;09573;;;;;;90538;Anzahl;WAHL01;Wahlberechtigte
14111;;;;2013-09-22;KREISE;;09574;;;;;;75,0;Prozent;WAHLSR;Wahlbeteiligung
14111;;;;2013-09-22;KREISE;;09574;;;;;;129036;Anzahl;WAHL01;Wahlberechtigte
14111;;;;2013-09-22;KREISE;;09575;;;;;;70,7;Prozent;WAHLSR;Wahlbeteiligung
14111;;;;2013-09-22;KREISE;;09575;;;;;;77376;Anzahl;WAHL01;Wahlberechtigte
14111;;;;2013-09-22;KREISE;;09576;;;;;;74,1;Prozent;WAHLSR;Wahlbeteiligung
14111;;;;2013-09-22;KREISE;;09576;;;;;;97066;Anzahl;WAHL01;Wahlberechtigte
14111;;;;2013-09-22;KREISE;;09577;;;;;;68,8;Prozent;WAHLSR;Wahlbeteiligung
14111;;;;2013-09-22;KREISE;;09577;;;;;;72543;Anzahl;WAHL01;Wahlberechtigte
14111;;;;2013-09-22;KREISE;;09661;;;;;;65,8;Prozent;WAHLSR;Wahlbeteiligung
14111;;;;2013-09-22;KREISE;;09661;;;;;;50016;Anzahl;WAHL01;Wahlberechtigte
14111;;;;2013-09-22;KREISE;;09662;;;;;;60,1;Prozent;WAHLSR;Wahlbeteiligung
14111;;;;2013-09-22;KREISE;;09662;;;;;;39119;Anzahl;WAHL01;Wahlberechtigte
14111;;;;2013-09-22;KREISE;;09663;;;;;;69,0;Prozent;WAHLSR;Wahlbeteiligung
14111;;;;2013-09-22;KREISE;;09663;;;;;;99818;Anzahl;WAHL01;Wahlberechtigte
14111;;;;2013-09-22;KREISE;;09671;;;;;;73,3;Prozent;WAHLSR;Wahlbeteiligung
14111;;;;2013-09-22;KREISE;;09671;;;;;;134155;Anzahl;WAHL01;Wahlberechtigte
14111;;;;2013-09-22;KREISE;;09672;;;;;;70,7;Prozent;WAHLSR;Wahlbeteiligung
14111;;;;2013-09-22;KREISE;;09672;;;;;;84663;Anzahl;WAHL01;Wahlberechtigte
14111;;;;2013-09-22;KREISE;;09673;;;;;;71,0;Prozent;WAHLSR;Wahlbeteiligung
14111;;;;2013-09-22;KREISE;;09673;;;;;;64940;Anzahl;WAHL01;Wahlberechtigte
14111;;;;2013-09-22;KREISE;;09674;;;;;;72,3;Prozent;WAHLSR;Wahlbeteiligung
14111;;;;2013-09-22;KREISE;;09674;;;;;;68391;Anzahl;WAHL01;Wahlberechtigte
14111;;;;2013-09-22;KREISE;;09675;;;;;;71,2;Prozent;WAHLSR;Wahlbeteiligung
14111;;;;2013-09-22;KREISE;;09675;;;;;;69454;Anzahl;WAHL01;Wahlberechtigte
14111;;;;2013-09-22;KREISE;;09676;;;;;;71,3;Prozent;WAHLSR;Wahlbeteiligung
14111;;;;2013-09-22;KREISE;;09676;;;;;;96417;Anzahl;WAHL01;Wahlberechtigte
14111;;;;2013-09-22;KREISE;;09677;;;;;;73,4;Prozent;WAHLSR;Wahlbeteiligung
14111;;;;2013-09-22;KREISE;;09677;;;;;;101345;Anzahl;WAHL01;Wahlberechtigte
14111;;;;2013-09-22;KREISE;;09678;;;;;;74,6;Prozent;WAHLSR;Wahlbeteiligung
14111;;;;2013-09-22;KREISE;;09678;;;;;;91577;Anzahl;WAHL01;Wahlberechtigte
14111;;;;2013-09-22;KREISE;;09679;;;;;;77,0;Prozent;WAHLSR;Wahlbeteiligung
14111;;;;2013-09-22;KREISE;;09679;;;;;;126779;Anzahl;WAHL01;Wahlberechtigte
14111;;;;2013-09-22;KREISE;;09761;;;;;;63,7;Prozent;WAHLSR;Wahlbeteiligung
14111;;;;2013-09-22;KREISE;;09761;;;;;;187230;Anzahl;WAHL01;Wahlberechtigte
14111;;;;2013-09-22;KREISE;;09762;;;;;;62,5;Prozent;WAHLSR;Wahlbeteiligung
14111;;;;2013-09-22;KREISE;;09762;;;;;;31405;Anzahl;WAHL01;Wahlberechtigte
14111;;;;2013-09-22;KREISE;;09763;;;;;;61,6;Prozent;WAHLSR;Wahlbeteiligung
14111;;;;2013-09-22;KREISE;;09763;;;;;;48019;Anzahl;WAHL01;Wahlberechtigte
14111;;;;2013-09-22;KREISE;;09764;;;;;;63,9;Prozent;WAHLSR;Wahlbeteiligung
14111;;;;2013-09-22;KREISE;;09764;;;;;;29909;Anzahl;WAHL01;Wahlberechtigte
14111;;;;2013-09-22;KREISE;;09771;;;;;;72,4;Prozent;WAHLSR;Wahlbeteiligung
14111;;;;2013-09-22;KREISE;;09771;;;;;;98501;Anzahl;WAHL01;Wahlberechtigte
14111;;;;2013-09-22;KREISE;;09772;;;;;;71,3;Prozent;WAHLSR;Wahlbeteiligung
14111;;;;2013-09-22;KREISE;;09772;;;;;;184614;Anzahl;WAHL01;Wahlberechtigte
14111;;;;2013-09-22;KREISE;;09773;;;;;;67,1;Prozent;WAHLSR;Wahlbeteiligung
14111;;;;2013-09-22;KREISE;;09773;;;;;;72098;Anzahl;WAHL01;Wahlberechtigte
14111;;;;2013-09-22;KREISE;;09774;;;;;;66,0;Prozent;WAHLSR;Wahlbeteiligung
14111;;;;2013-09-22;KREISE;;09774;;;;;;89221;Anzahl;WAHL01;Wahlberechtigte
14111;;;;2013-09-22;KREISE;;09775;;;;;;69,0;Prozent;WAHLSR;Wahlbeteiligung
14111;;;;2013-09-22;KREISE;;09775;;;;;;122438;Anzahl;WAHL01;Wahlberechtigte
14111;;;;2013-09-22;KREISE;;09776;;;;;;69,6;Prozent;WAHLSR;Wahlbeteiligung
14111;;;;2013-09-22;KREISE;;09776;;;;;;59070;Anzahl;WAHL01;Wahlberechtigte
14111;;;;2013-09-22;KREISE;;09777;;;;;;71,4;Prozent;WAHLSR;Wahlbeteiligung
14111;;;;2013-09-22;KREISE;;09777;;;;;;103324;Anzahl;WAHL01;Wahlberechtigte
14111;;;;2013-09-22;KREISE;;09778;;;;;;69,3;Prozent;WAHLSR;Wahlbeteiligung
14111;;;;2013-09-22;KREISE;;09778;;;;;;105895;Anzahl;WAHL01;Wahlberechtigte
14111;;;;2013-09-22;KREISE;;09779;;;;;;70,1;Prozent;WAHLSR;Wahlbeteiligung
14111;;;;2013-09-22;KREISE;;09779;;;;;;99965;Anzahl;WAHL01;Wahlberechtigte
14111;;;;2013-09-22;KREISE;;09780;;;;;;72,5;Prozent;WAHLSR;Wahlbeteiligung
14111;;;;2013-09-22;KREISE;;09780;;;;;;117189;Anzahl;WAHL01;Wahlberechtigte
14111;;;;2013-09-22;KREISE;;10041;;;;;;70,0;Prozent;WAHLSR;Wahlbeteiligung
14111;;;;2013-09-22;KREISE;;10041;;;;;;253130;Anzahl;WAHL01;Wahlberechtigte
14111;;;;2013-09-22;KREISE;;10041100;;;;;;68,3;Prozent;WAHLSR;Wahlbeteiligung
14111;;;;2013-09-22;KREISE;;10041100;;;;;;131860;Anzahl;WAHL01;Wahlberechtigte
14111;;;;2013-09-22;KREISE;;10042;;;;;;73,4;Prozent;WAHLSR;Wahlbeteiligung
14111;;;;2013-09-22;KREISE;;10042;;;;;;81462;Anzahl;WAHL01;Wahlberechtigte
14111;;;;2013-09-22;KREISE;;10043;;;;;;71,2;Prozent;WAHLSR;Wahlbeteiligung
14111;;;;2013-09-22;KREISE;;10043;;;;;;110145;Anzahl;WAHL01;Wahlberechtigte
14111;;;;2013-09-22;KREISE;;10044;;;;;;73,0;Prozent;WAHLSR;Wahlbeteiligung
14111;;;;2013-09-22;KREISE;;10044;;;;;;158618;Anzahl;WAHL01;Wahlberechtigte
14111;;;;2013-09-22;KREISE;;10045;;;;;;74,7;Prozent;WAHLSR;Wahlbeteiligung
14111;;;;2013-09-22;KREISE;;10045;;;;;;118129;Anzahl;WAHL01;Wahlberechtigte
14111;;;;2013-09-22;KREISE;;10046;;;;;;77,9;Prozent;WAHLSR;Wahlbeteiligung
14111;;;;2013-09-22;KREISE;;10046;;;;;;74588;Anzahl;WAHL01;Wahlberechtigte
14111;;;;2013-09-22;KREISE;;11000;;;;;;72,5;Prozent;WAHLSR;Wahlbeteiligung
14111;;;;2013-09-22;KREISE;;11000;;;;;;2505718;Anzahl;WAHL01;Wahlberechtigte
14111;;;;2013-09-22;KREISE;;11001001;;;;;;69,4;Prozent;WAHLSR;Wahlbeteiligung
14111;;;;2013-09-22;KREISE;;11001001;;;;;;204085;Anzahl;WAHL01;Wahlberechtigte
14111;;;;2013-09-22;KREISE;;11002002;;;;;;74,2;Prozent;WAHLSR;Wahlbeteiligung
14111;;;;2013-09-22;KREISE;;11002002;;;;;;174325;Anzahl;WAHL01;Wahlberechtigte
14111;;;;2013-09-22;KREISE;;11003003;;;;;;74,4;Prozent;WAHLSR;Wahlbeteiligung
14111;;;;2013-09-22;KREISE;;11003003;;;;;;287259;Anzahl;WAHL01;Wahlberechtigte
14111;;;;2013-09-22;KREISE;;11004004;;;;;;76,6;Prozent;WAHLSR;Wahlbeteiligung
14111;;;;2013-09-22;KREISE;;11004004;;;;;;220176;Anzahl;WAHL01;Wahlberechtigte
14111;;;;2013-09-22;KREISE;;11005005;;;;;;69,9;Prozent;WAHLSR;Wahlbeteiligung
14111;;;;2013-09-22;KREISE;;11005005;;;;;;164984;Anzahl;WAHL01;Wahlberechtigte
14111;;;;2013-09-22;KREISE;;11006006;;;;;;79,8;Prozent;WAHLSR;Wahlbeteiligung
14111;;;;2013-09-22;KREISE;;11006006;;;;;;220007;Anzahl;WAHL01;Wahlberechtigte
14111;;;;2013-09-22;KREISE;;11007007;;;;;;75,3;Prozent;WAHLSR;Wahlbeteiligung
14111;;;;2013-09-22;KREISE;;11007007;;;;;;235259;Anzahl;WAHL01;Wahlberechtigte
14111;;;;2013-09-22;KREISE;;11008008;;;;;;68,5;Prozent;WAHLSR;Wahlbeteiligung
14111;;;;2013-09-22;KREISE;;11008008;;;;;;205635;Anzahl;WAHL01;Wahlberechtigte
14111;;;;2013-09-22;KREISE;;11009009;;;;;;73,6;Prozent;WAHLSR;Wahlbeteiligung
14111;;;;2013-09-22;KREISE;;11009009;;;;;;201629;Anzahl;WAHL01;Wahlberechtigte
14111;;;;2013-09-22;KREISE;;11010010;;;;;;65,1;Prozent;WAHLSR;Wahlbeteiligung
14111;;;;2013-09-22;KREISE;;11010010;;;;;;203968;Anzahl;WAHL01;Wahlberechtigte
14111;;;;2013-09-22;KREISE;;11011011;;;;;;67,4;Prozent;WAHLSR;Wahlbeteiligung
14111;;;;2013-09-22;KREISE;;11011011;;;;;;205457;Anzahl;WAHL01;Wahlberechtigte
14111;;;;2013-09-22;KREISE;;11012012;;;;;;73,0;Prozent;WAHLSR;Wahlbeteiligung
14111;;;;2013-09-22;KREISE;;11012012;;;;;;182934;Anzahl;WAHL01;Wahlberechtigte
14111;;;;2013-09-22;KREISE;;12051;;;;;;60,7;Prozent;WAHLSR;Wahlbeteiligung
14111;;;;2013-09-22;KREISE;;12051;;;;;;60766;Anzahl;WAHL01;Wahlberechtigte
14111;;;;2013-09-22;KREISE;;12052;;;;;;65,7;Prozent;WAHLSR;Wahlbeteiligung
14111;;;;2013-09-22;KREISE;;12052;;;;;;83462;Anzahl;WAHL01;Wahlberechtigte
14111;;;;2013-09-22;KREISE;;12053;;;;;;64,9;Prozent;WAHLSR;Wahlbeteiligung
14111;;;;2013-09-22;KREISE;;12053;;;;;;47973;Anzahl;WAHL01;Wahlberechtigte
14111;;;;2013-09-22;KREISE;;12054;;;;;;73,6;Prozent;WAHLSR;Wahlbeteiligung
14111;;;;2013-09-22;KREISE;;12054;;;;;;128279;Anzahl;WAHL01;Wahlberechtigte
14111;;;;2013-09-22;KREISE;;12060;;;;;;68,4;Prozent;WAHLSR;Wahlbeteiligung
14111;;;;2013-09-22;KREISE;;12060;;;;;;148254;Anzahl;WAHL01;Wahlberechtigte
14111;;;;2013-09-22;KREISE;;12061;;;;;;72,4;Prozent;WAHLSR;Wahlbeteiligung
14111;;;;2013-09-22;KREISE;;12061;;;;;;134465;Anzahl;WAHL01;Wahlberechtigte
14111;;;;2013-09-22;KREISE;;12062;;;;;;68,0;Prozent;WAHLSR;Wahlbeteiligung
14111;;;;2013-09-22;KREISE;;12062;;;;;;92466;Anzahl;WAHL01;Wahlberechtigte
14111;;;;2013-09-22;KREISE;;12063;;;;;;69,5;Prozent;WAHLSR;Wahlbeteiligung
14111;;;;2013-09-22;KREISE;;12063;;;;;;127579;Anzahl;WAHL01;Wahlberechtigte
14111;;;;2013-09-22;KREISE;;12064;;;;;;67,9;Prozent;WAHLSR;Wahlbeteiligung
14111;;;;2013-09-22;KREISE;;12064;;;;;;158789;Anzahl;WAHL01;Wahlberechtigte
14111;;;;2013-09-22;KREISE;;12065;;;;;;70,1;Prozent;WAHLSR;Wahlbeteiligung
14111;;;;2013-09-22;KREISE;;12065;;;;;;168699;Anzahl;WAHL01;Wahlberechtigte
14111;;;;2013-09-22;KREISE;;12066;;;;;;65,8;Prozent;WAHLSR;Wahlbeteiligung
14111;;;;2013-09-22;KREISE;;12066;;;;;;99396;Anzahl;WAHL01;Wahlberechtigte
14111;;;;2013-09-22;KREISE;;12067;;;;;;68,8;Prozent;WAHLSR;Wahlbeteiligung
14111;;;;2013-09-22;KREISE;;12067;;;;;;151368;Anzahl;WAHL01;Wahlberechtigte
14111;;;;2013-09-22;KREISE;;12068;;;;;;62,7;Prozent;WAHLSR;Wahlbeteiligung
14111;;;;2013-09-22;KREISE;;12068;;;;;;85241;Anzahl;WAHL01;Wahlberechtigte
14111;;;;2013-09-22;KREISE;;12069;;;;;;73,4;Prozent;WAHLSR;Wahlbeteiligung
14111;;;;2013-09-22;KREISE;;12069;;;;;;168912;Anzahl;WAHL01;Wahlberechtigte
14111;;;;2013-09-22;KREISE;;12070;;;;;;65,4;Prozent;WAHLSR;Wahlbeteiligung
14111;;;;2013-09-22;KREISE;;12070;;;;;;67889;Anzahl;WAHL01;Wahlberechtigte
14111;;;;2013-09-22;KREISE;;12071;;;;;;68,5;Prozent;WAHLSR;Wahlbeteiligung
14111;;;;2013-09-22;KREISE;;12071;;;;;;103695;Anzahl;WAHL01;Wahlberechtigte
14111;;;;2013-09-22;KREISE;;12072;;;;;;67,3;Prozent;WAHLSR;Wahlbeteiligung
14111;;;;2013-09-22;KREISE;;12072;;;;;;133937;Anzahl;WAHL01;Wahlberechtigte
14111;;;;2013-09-22;KREISE;;12073;;;;;;63,5;Prozent;WAHLSR;Wahlbeteiligung
14111;;;;2013-09-22;KREISE;;12073;;;;;;104774;Anzahl;WAHL01;Wahlberechtigte
14111;;;;2013-09-22;KREISE;;13001;;;;;;-;Prozent;WAHLSR;Wahlbeteiligung
14111;;;;2013-09-22;KREISE;;13001;;;;;;-;Anzahl;WAHL01;Wahlberechtigte
14111;;;;2013-09-22;KREISE;;13002;;;;;;-;Prozent;WAHLSR;Wahlbeteiligung
14111;;;;2013-09-22;KREISE;;13002;;;;;;-;Anzahl;WAHL01;Wahlberechtigte
14111;;;;2013-09-22;KREISE;;13003;;;;;;67,2;Prozent;WAHLSR;Wahlbeteiligung
14111;;;;2013-09-22;KREISE;;13003;;;;;;169982;Anzahl;WAHL01;Wahlberechtigte
14111;;;;2013-09-22;KREISE;;13004;;;;;;68,1;Prozent;WAHLSR;Wahlbeteiligung
14111;;;;2013-09-22;KREISE;;13004;;;;;;77730;Anzahl;WAHL01;Wahlberechtigte
14111;;;;2013-09-22;KREISE;;13005;;;;;;-;Prozent;WAHLSR;Wahlbeteiligung
14111;;;;2013-09-22;KREISE;;13005;;;;;;-;Anzahl;WAHL01;Wahlberechtigte
14111;;;;2013-09-22;KREISE;;13006;;;;;;-;Prozent;WAHLSR;Wahlbeteiligung
14111;;;;2013-09-22;KREISE;;13006;;;;;;-;Anzahl;WAHL01;Wahlberechtigte
14111;;;;2013-09-22;KREISE;;13051;;;;;;-;Prozent;WAHLSR;Wahlbeteiligung
14111;;;;2013-09-22;KREISE;;13051;;;;;;-;Anzahl;WAHL01;Wahlberechtigte
14111;;;;2013-09-22;KREISE;;13052;;;;;;-;Prozent;WAHLSR;Wahlbeteiligung
14111;;;;2013-09-22;KREISE;;13052;;;;;;-;Anzahl;WAHL01;Wahlberechtigte
14111;;;;2013-09-22;KREISE;;13053;;;;;;-;Prozent;WAHLSR;Wahlbeteiligung
14111;;;;2013-09-22;KREISE;;13053;;;;;;-;Anzahl;WAHL01;Wahlberechtigte
14111;;;;2013-09-22;KREISE;;13054;;;;;;-;Prozent;WAHLSR;Wahlbeteiligung
14111;;;;2013-09-22;KREISE;;13054;;;;;;-;Anzahl;WAHL01;Wahlberechtigte
14111;;;;2013-09-22;KREISE;;13055;;;;;;-;Prozent;WAHLSR;Wahlbeteiligung
14111;;;;2013-09-22;KREISE;;13055;;;;;;-;Anzahl;WAHL01;Wahlberechtigte
14111;;;;2013-09-22;KREISE;;13056;;;;;;-;Prozent;WAHLSR;Wahlbeteiligung
14111;;;;2013-09-22;KREISE;;13056;;;;;;-;Anzahl;WAHL01;Wahlberechtigte
14111;;;;2013-09-22;KREISE;;13057;;;;;;-;Prozent;WAHLSR;Wahlbeteiligung
14111;;;;2013-09-22;KREISE;;13057;;;;;;-;Anzahl;WAHL01;Wahlberechtigte
14111;;;;2013-09-22;KREISE;;13058;;;;;;-;Prozent;WAHLSR;Wahlbeteiligung
14111;;;;2013-09-22;KREISE;;13058;;;;;;-;Anzahl;WAHL01;Wahlberechtigte
14111;;;;2013-09-22;KREISE;;13059;;;;;;-;Prozent;WAHLSR;Wahlbeteiligung
14111;;;;2013-09-22;KREISE;;13059;;;;;;-;Anzahl;WAHL01;Wahlberechtigte
14111;;;;2013-09-22;KREISE;;13060;;;;;;-;Prozent;WAHLSR;Wahlbeteiligung
14111;;;;2013-09-22;KREISE;;13060;;;;;;-;Anzahl;WAHL01;Wahlberechtigte
14111;;;;2013-09-22;KREISE;;13061;;;;;;-;Prozent;WAHLSR;Wahlbeteiligung
14111;;;;2013-09-22;KREISE;;13061;;;;;;-;Anzahl;WAHL01;Wahlberechtigte
14111;;;;2013-09-22;KREISE;;13062;;;;;;-;Prozent;WAHLSR;Wahlbeteiligung
14111;;;;2013-09-22;KREISE;;13062;;;;;;-;Anzahl;WAHL01;Wahlberechtigte
14111;;;;2013-09-22;KREISE;;13071;;;;;;64,3;Prozent;WAHLSR;Wahlbeteiligung
14111;;;;2013-09-22;KREISE;;13071;;;;;;225170;Anzahl;WAHL01;Wahlberechtigte
14111;;;;2013-09-22;KREISE;;13072;;;;;;66,3;Prozent;WAHLSR;Wahlbeteiligung
14111;;;;2013-09-22;KREISE;;13072;;;;;;177980;Anzahl;WAHL01;Wahlberechtigte
14111;;;;2013-09-22;KREISE;;13073;;;;;;63,4;Prozent;WAHLSR;Wahlbeteiligung
14111;;;;2013-09-22;KREISE;;13073;;;;;;191265;Anzahl;WAHL01;Wahlberechtigte
14111;;;;2013-09-22;KREISE;;13074;;;;;;65,0;Prozent;WAHLSR;Wahlbeteiligung
14111;;;;2013-09-22;KREISE;;13074;;;;;;129527;Anzahl;WAHL01;Wahlberechtigte
14111;;;;2013-09-22;KREISE;;13075;;;;;;63,5;Prozent;WAHLSR;Wahlbeteiligung
14111;;;;2013-09-22;KREISE;;13075;;;;;;200404;Anzahl;WAHL01;Wahlberechtigte
14111;;;;2013-09-22;KREISE;;13076;;;;;;66,6;Prozent;WAHLSR;Wahlbeteiligung
14111;;;;2013-09-22;KREISE;;13076;;;;;;178647;Anzahl;WAHL01;Wahlberechtigte
14111;;;;2013-09-22;KREISE;;14161;;;;;;-;Prozent;WAHLSR;Wahlbeteiligung
14111;;;;2013-09-22;KREISE;;14161;;;;;;-;Anzahl;WAHL01;Wahlberechtigte
14111;;;;2013-09-22;KREISE;;14166;;;;;;-;Prozent;WAHLSR;Wahlbeteiligung
14111;;;;2013-09-22;KREISE;;14166;;;;;;-;Anzahl;WAHL01;Wahlberechtigte
14111;;;;2013-09-22;KREISE;;14167;;;;;;-;Prozent;WAHLSR;Wahlbeteiligung
14111;;;;2013-09-22;KREISE;;14167;;;;;;-;Anzahl;WAHL01;Wahlberechtigte
14111;;;;2013-09-22;KREISE;;14171;;;;;;-;Prozent;WAHLSR;Wahlbeteiligung
14111;;;;2013-09-22;KREISE;;14171;;;;;;-;Anzahl;WAHL01;Wahlberechtigte
14111;;;;2013-09-22;KREISE;;14173;;;;;;-;Prozent;WAHLSR;Wahlbeteiligung
14111;;;;2013-09-22;KREISE;;14173;;;;;;-;Anzahl;WAHL01;Wahlberechtigte
14111;;;;2013-09-22;KREISE;;14177;;;;;;-;Prozent;WAHLSR;Wahlbeteiligung
14111;;;;2013-09-22;KREISE;;14177;;;;;;-;Anzahl;WAHL01;Wahlberechtigte
14111;;;;2013-09-22;KREISE;;14178;;;;;;-;Prozent;WAHLSR;Wahlbeteiligung
14111;;;;2013-09-22;KREISE;;14178;;;;;;-;Anzahl;WAHL01;Wahlberechtigte
14111;;;;2013-09-22;KREISE;;14181;;;;;;-;Prozent;WAHLSR;Wahlbeteiligung
14111;;;;2013-09-22;KREISE;;14181;;;;;;-;Anzahl;WAHL01;Wahlberechtigte
14111;;;;2013-09-22;KREISE;;14182;;;;;;-;Prozent;WAHLSR;Wahlbeteiligung
14111;;;;2013-09-22;KREISE;;14182;;;;;;-;Anzahl;WAHL01;Wahlberechtigte
14111;;;;2013-09-22;KREISE;;14188;;;;;;-;Prozent;WAHLSR;Wahlbeteiligung
14111;;;;2013-09-22;KREISE;;14188;;;;;;-;Anzahl;WAHL01;Wahlberechtigte
14111;;;;2013-09-22;KREISE;;14191;;;;;;-;Prozent;WAHLSR;Wahlbeteiligung
14111;;;;2013-09-22;KREISE;;14191;;;;;;-;Anzahl;WAHL01;Wahlberechtigte
14111;;;;2013-09-22;KREISE;;14193;;;;;;-;Prozent;WAHLSR;Wahlbeteiligung
14111;;;;2013-09-22;KREISE;;14193;;;;;;-;Anzahl;WAHL01;Wahlberechtigte
14111;;;;2013-09-22;KREISE;;14262;;;;;;-;Prozent;WAHLSR;Wahlbeteiligung
14111;;;;2013-09-22;KREISE;;14262;;;;;;-;Anzahl;WAHL01;Wahlberechtigte
14111;;;;2013-09-22;KREISE;;14263;;;;;;-;Prozent;WAHLSR;Wahlbeteiligung
14111;;;;2013-09-22;KREISE;;14263;;;;;;-;Anzahl;WAHL01;Wahlberechtigte
14111;;;;2013-09-22;KREISE;;14264;;;;;;-;Prozent;WAHLSR;Wahlbeteiligung
14111;;;;2013-09-22;KREISE;;14264;;;;;;-;Anzahl;WAHL01;Wahlberechtigte
14111;;;;2013-09-22;KREISE;;14272;;;;;;-;Prozent;WAHLSR;Wahlbeteiligung
14111;;;;2013-09-22;KREISE;;14272;;;;;;-;Anzahl;WAHL01;Wahlberechtigte
14111;;;;2013-09-22;KREISE;;14280;;;;;;-;Prozent;WAHLSR;Wahlbeteiligung
14111;;;;2013-09-22;KREISE;;14280;;;;;;-;Anzahl;WAHL01;Wahlberechtigte
14111;;;;2013-09-22;KREISE;;14284;;;;;;-;Prozent;WAHLSR;Wahlbeteiligung
14111;;;;2013-09-22;KREISE;;14284;;;;;;-;Anzahl;WAHL01;Wahlberechtigte
14111;;;;2013-09-22;KREISE;;14285;;;;;;-;Prozent;WAHLSR;Wahlbeteiligung
14111;;;;2013-09-22;KREISE;;14285;;;;;;-;Anzahl;WAHL01;Wahlberechtigte
14111;;;;2013-09-22;KREISE;;14286;;;;;;-;Prozent;WAHLSR;Wahlbeteiligung
14111;;;;2013-09-22;KREISE;;14286;;;;;;-;Anzahl;WAHL01;Wahlberechtigte
14111;;;;2013-09-22;KREISE;;14287;;;;;;-;Prozent;WAHLSR;Wahlbeteiligung
14111;;;;2013-09-22;KREISE;;14287;;;;;;-;Anzahl;WAHL01;Wahlberechtigte
14111;;;;2013-09-22;KREISE;;14290;;;;;;-;Prozent;WAHLSR;Wahlbeteiligung
14111;;;;2013-09-22;KREISE;;14290;;;;;;-;Anzahl;WAHL01;Wahlberechtigte
14111;;;;2013-09-22;KREISE;;14292;;;;;;-;Prozent;WAHLSR;Wahlbeteiligung
14111;;;;2013-09-22;KREISE;;14292;;;;;;-;Anzahl;WAHL01;Wahlberechtigte
14111;;;;2013-09-22;KREISE;;14365;;;;;;-;Prozent;WAHLSR;Wahlbeteiligung
14111;;;;2013-09-22;KREISE;;14365;;;;;;-;Anzahl;WAHL01;Wahlberechtigte
14111;;;;2013-09-22;KREISE;;14374;;;;;;-;Prozent;WAHLSR;Wahlbeteiligung
14111;;;;2013-09-22;KREISE;;14374;;;;;;-;Anzahl;WAHL01;Wahlberechtigte
14111;;;;2013-09-22;KREISE;;14375;;;;;;-;Prozent;WAHLSR;Wahlbeteiligung
14111;;;;2013-09-22;KREISE;;14375;;;;;;-;Anzahl;WAHL01;Wahlberechtigte
14111;;;;2013-09-22;KREISE;;14379;;;;;;-;Prozent;WAHLSR;Wahlbeteiligung
14111;;;;2013-09-22;KREISE;;14379;;;;;;-;Anzahl;WAHL01;Wahlberechtigte
14111;;;;2013-09-22;KREISE;;14383;;;;;;-;Prozent;WAHLSR;Wahlbeteiligung
14111;;;;2013-09-22;KREISE;;14383;;;;;;-;Anzahl;WAHL01;Wahlberechtigte
14111;;;;2013-09-22;KREISE;;14389;;;;;;-;Prozent;WAHLSR;Wahlbeteiligung
14111;;;;2013-09-22;KREISE;;14389;;;;;;-;Anzahl;WAHL01;Wahlberechtigte
14111;;;;2013-09-22;KREISE;;14511;;;;;;67,5;Prozent;WAHLSR;Wahlbeteiligung
14111;;;;2013-09-22;KREISE;;14511;;;;;;201249;Anzahl;WAHL01;Wahlberechtigte
14111;;;;2013-09-22;KREISE;;14521;;;;;;69,8;Prozent;WAHLSR;Wahlbeteiligung
14111;;;;2013-09-22;KREISE;;14521;;;;;;302267;Anzahl;WAHL01;Wahlberechtigte
14111;;;;2013-09-22;KREISE;;14522;;;;;;69,5;Prozent;WAHLSR;Wahlbeteiligung
14111;;;;2013-09-22;KREISE;;14522;;;;;;268349;Anzahl;WAHL01;Wahlberechtigte
14111;;;;2013-09-22;KREISE;;14523;;;;;;68,7;Prozent;WAHLSR;Wahlbeteiligung
14111;;;;2013-09-22;KREISE;;14523;;;;;;201934;Anzahl;WAHL01;Wahlberechtigte
14111;;;;2013-09-22;KREISE;;14524;;;;;;68,3;Prozent;WAHLSR;Wahlbeteiligung
14111;;;;2013-09-22;KREISE;;14524;;;;;;281789;Anzahl;WAHL01;Wahlberechtigte
14111;;;;2013-09-22;KREISE;;14612;;;;;;74,1;Prozent;WAHLSR;Wahlbeteiligung
14111;;;;2013-09-22;KREISE;;14612;;;;;;430136;Anzahl;WAHL01;Wahlberechtigte
14111;;;;2013-09-22;KREISE;;14625;;;;;;69,8;Prozent;WAHLSR;Wahlbeteiligung
14111;;;;2013-09-22;KREISE;;14625;;;;;;262663;Anzahl;WAHL01;Wahlberechtigte
14111;;;;2013-09-22;KREISE;;14626;;;;;;68,4;Prozent;WAHLSR;Wahlbeteiligung
14111;;;;2013-09-22;KREISE;;14626;;;;;;223614;Anzahl;WAHL01;Wahlberechtigte
14111;;;;2013-09-22;KREISE;;14627;;;;;;70,3;Prozent;WAHLSR;Wahlbeteiligung
14111;;;;2013-09-22;KREISE;;14627;;;;;;207261;Anzahl;WAHL01;Wahlberechtigte
14111;;;;2013-09-22;KREISE;;14628;;;;;;71,0;Prozent;WAHLSR;Wahlbeteiligung
14111;;;;2013-09-22;KREISE;;14628;;;;;;207752;Anzahl;WAHL01;Wahlberechtigte
14111;;;;2013-09-22;KREISE;;14713;;;;;;67,9;Prozent;WAHLSR;Wahlbeteiligung
14111;;;;2013-09-22;KREISE;;14713;;;;;;430321;Anzahl;WAHL01;Wahlberechtigte
14111;;;;2013-09-22;KREISE;;14729;;;;;;68,8;Prozent;WAHLSR;Wahlbeteiligung
14111;;;;2013-09-22;KREISE;;14729;;;;;;220400;Anzahl;WAHL01;Wahlberechtigte
14111;;;;2013-09-22;KREISE;;14730;;;;;;66,4;Prozent;WAHLSR;Wahlbeteiligung
14111;;;;2013-09-22;KREISE;;14730;;;;;;168695;Anzahl;WAHL01;Wahlberechtigte
14111;;;;2013-09-22;KREISE;;15001;;;;;;64,5;Prozent;WAHLSR;Wahlbeteiligung
14111;;;;2013-09-22;KREISE;;15001;;;;;;72318;Anzahl;WAHL01;Wahlberechtigte
14111;;;;2013-09-22;KREISE;;15002;;;;;;65,0;Prozent;WAHLSR;Wahlbeteiligung
14111;;;;2013-09-22;KREISE;;15002;;;;;;190752;Anzahl;WAHL01;Wahlberechtigte
14111;;;;2013-09-22;KREISE;;15003;;;;;;63,7;Prozent;WAHLSR;Wahlbeteiligung
14111;;;;2013-09-22;KREISE;;15003;;;;;;194035;Anzahl;WAHL01;Wahlberechtigte
14111;;;;2013-09-22;KREISE;;15081;;;;;;63,2;Prozent;WAHLSR;Wahlbeteiligung
14111;;;;2013-09-22;KREISE;;15081;;;;;;73649;Anzahl;WAHL01;Wahlberechtigte
14111;;;;2013-09-22;KREISE;;15082;;;;;;60,7;Prozent;WAHLSR;Wahlbeteiligung
14111;;;;2013-09-22;KREISE;;15082;;;;;;145333;Anzahl;WAHL01;Wahlberechtigte
14111;;;;2013-09-22;KREISE;;15083;;;;;;61,7;Prozent;WAHLSR;Wahlbeteiligung
14111;;;;2013-09-22;KREISE;;15083;;;;;;148289;Anzahl;WAHL01;Wahlberechtigte
14111;;;;2013-09-22;KREISE;;15084;;;;;;61,4;Prozent;WAHLSR;Wahlbeteiligung
14111;;;;2013-09-22;KREISE;;15084;;;;;;159816;Anzahl;WAHL01;Wahlberechtigte
14111;;;;2013-09-22;KREISE;;15085;;;;;;58,7;Prozent;WAHLSR;Wahlbeteiligung
14111;;;;2013-09-22;KREISE;;15085;;;;;;193368;Anzahl;WAHL01;Wahlberechtigte
14111;;;;2013-09-22;KREISE;;15086;;;;;;63,0;Prozent;WAHLSR;Wahlbeteiligung
14111;;;;2013-09-22;KREISE;;15086;;;;;;79850;Anzahl;WAHL01;Wahlberechtigte
14111;;;;2013-09-22;KREISE;;15087;;;;;;60,5;Prozent;WAHLSR;Wahlbeteiligung
14111;;;;2013-09-22;KREISE;;15087;;;;;;125416;Anzahl;WAHL01;Wahlberechtigte
14111;;;;2013-09-22;KREISE;;15088;;;;;;62,8;Prozent;WAHLSR;Wahlbeteiligung
14111;;;;2013-09-22;KREISE;;15088;;;;;;162509;Anzahl;WAHL01;Wahlberechtigte
14111;;;;2013-09-22;KREISE;;15089;;;;;;59,1;Prozent;WAHLSR;Wahlbeteiligung
14111;;;;2013-09-22;KREISE;;15089;;;;;;173180;Anzahl;WAHL01;Wahlberechtigte
14111;;;;2013-09-22;KREISE;;15090;;;;;;62,1;Prozent;WAHLSR;Wahlbeteiligung
14111;;;;2013-09-22;KREISE;;15090;;;;;;98729;Anzahl;WAHL01;Wahlberechtigte
14111;;;;2013-09-22;KREISE;;15091;;;;;;65,2;Prozent;WAHLSR;Wahlbeteiligung
14111;;;;2013-09-22;KREISE;;15091;;;;;;113636;Anzahl;WAHL01;Wahlberechtigte
14111;;;;2013-09-22;KREISE;;15101;;;;;;-;Prozent;WAHLSR;Wahlbeteiligung
14111;;;;2013-09-22;KREISE;;15101;;;;;;-;Anzahl;WAHL01;Wahlberechtigte
14111;;;;2013-09-22;KREISE;;15151;;;;;;-;Prozent;WAHLSR;Wahlbeteiligung
14111;;;;2013-09-22;KREISE;;15151;;;;;;-;Anzahl;WAHL01;Wahlberechtigte
14111;;;;2013-09-22;KREISE;;15153;;;;;;-;Prozent;WAHLSR;Wahlbeteiligung
14111;;;;2013-09-22;KREISE;;15153;;;;;;-;Anzahl;WAHL01;Wahlberechtigte
14111;;;;2013-09-22;KREISE;;15154;;;;;;-;Prozent;WAHLSR;Wahlbeteiligung
14111;;;;2013-09-22;KREISE;;15154;;;;;;-;Anzahl;WAHL01;Wahlberechtigte
14111;;;;2013-09-22;KREISE;;15159;;;;;;-;Prozent;WAHLSR;Wahlbeteiligung
14111;;;;2013-09-22;KREISE;;15159;;;;;;-;Anzahl;WAHL01;Wahlberechtigte
14111;;;;2013-09-22;KREISE;;15171;;;;;;-;Prozent;WAHLSR;Wahlbeteiligung
14111;;;;2013-09-22;KREISE;;15171;;;;;;-;Anzahl;WAHL01;Wahlberechtigte
14111;;;;2013-09-22;KREISE;;15202;;;;;;-;Prozent;WAHLSR;Wahlbeteiligung
14111;;;;2013-09-22;KREISE;;15202;;;;;;-;Anzahl;WAHL01;Wahlberechtigte
14111;;;;2013-09-22;KREISE;;15256;;;;;;-;Prozent;WAHLSR;Wahlbeteiligung
14111;;;;2013-09-22;KREISE;;15256;;;;;;-;Anzahl;WAHL01;Wahlberechtigte
14111;;;;2013-09-22;KREISE;;15260;;;;;;-;Prozent;WAHLSR;Wahlbeteiligung
14111;;;;2013-09-22;KREISE;;15260;;;;;;-;Anzahl;WAHL01;Wahlberechtigte
14111;;;;2013-09-22;KREISE;;15261;;;;;;-;Prozent;WAHLSR;Wahlbeteiligung
14111;;;;2013-09-22;KREISE;;15261;;;;;;-;Anzahl;WAHL01;Wahlberechtigte
14111;;;;2013-09-22;KREISE;;15265;;;;;;-;Prozent;WAHLSR;Wahlbeteiligung
14111;;;;2013-09-22;KREISE;;15265;;;;;;-;Anzahl;WAHL01;Wahlberechtigte
14111;;;;2013-09-22;KREISE;;15266;;;;;;-;Prozent;WAHLSR;Wahlbeteiligung
14111;;;;2013-09-22;KREISE;;15266;;;;;;-;Anzahl;WAHL01;Wahlberechtigte
14111;;;;2013-09-22;KREISE;;15268;;;;;;-;Prozent;WAHLSR;Wahlbeteiligung
14111;;;;2013-09-22;KREISE;;15268;;;;;;-;Anzahl;WAHL01;Wahlberechtigte
14111;;;;2013-09-22;KREISE;;15303;;;;;;-;Prozent;WAHLSR;Wahlbeteiligung
14111;;;;2013-09-22;KREISE;;15303;;;;;;-;Anzahl;WAHL01;Wahlberechtigte
14111;;;;2013-09-22;KREISE;;15352;;;;;;-;Prozent;WAHLSR;Wahlbeteiligung
14111;;;;2013-09-22;KREISE;;15352;;;;;;-;Anzahl;WAHL01;Wahlberechtigte
14111;;;;2013-09-22;KREISE;;15355;;;;;;-;Prozent;WAHLSR;Wahlbeteiligung
14111;;;;2013-09-22;KREISE;;15355;;;;;;-;Anzahl;WAHL01;Wahlberechtigte
14111;;;;2013-09-22;KREISE;;15357;;;;;;-;Prozent;WAHLSR;Wahlbeteiligung
14111;;;;2013-09-22;KREISE;;15357;;;;;;-;Anzahl;WAHL01;Wahlberechtigte
14111;;;;2013-09-22;KREISE;;15358;;;;;;-;Prozent;WAHLSR;Wahlbeteiligung
14111;;;;2013-09-22;KREISE;;15358;;;;;;-;Anzahl;WAHL01;Wahlberechtigte
14111;;;;2013-09-22;KREISE;;15362;;;;;;-;Prozent;WAHLSR;Wahlbeteiligung
14111;;;;2013-09-22;KREISE;;15362;;;;;;-;Anzahl;WAHL01;Wahlberechtigte
14111;;;;2013-09-22;KREISE;;15363;;;;;;-;Prozent;WAHLSR;Wahlbeteiligung
14111;;;;2013-09-22;KREISE;;15363;;;;;;-;Anzahl;WAHL01;Wahlberechtigte
14111;;;;2013-09-22;KREISE;;15364;;;;;;-;Prozent;WAHLSR;Wahlbeteiligung
14111;;;;2013-09-22;KREISE;;15364;;;;;;-;Anzahl;WAHL01;Wahlberechtigte
14111;;;;2013-09-22;KREISE;;15367;;;;;;-;Prozent;WAHLSR;Wahlbeteiligung
14111;;;;2013-09-22;KREISE;;15367;;;;;;-;Anzahl;WAHL01;Wahlberechtigte
14111;;;;2013-09-22;KREISE;;15369;;;;;;-;Prozent;WAHLSR;Wahlbeteiligung
14111;;;;2013-09-22;KREISE;;15369;;;;;;-;Anzahl;WAHL01;Wahlberechtigte
14111;;;;2013-09-22;KREISE;;15370;;;;;;-;Prozent;WAHLSR;Wahlbeteiligung
14111;;;;2013-09-22;KREISE;;15370;;;;;;-;Anzahl;WAHL01;Wahlberechtigte
14111;;;;2013-09-22;KREISE;;16051;;;;;;66,9;Prozent;WAHLSR;Wahlbeteiligung
14111;;;;2013-09-22;KREISE;;16051;;;;;;167710;Anzahl;WAHL01;Wahlberechtigte
14111;;;;2013-09-22;KREISE;;16052;;;;;;73,4;Prozent;WAHLSR;Wahlbeteiligung
14111;;;;2013-09-22;KREISE;;16052;;;;;;82336;Anzahl;WAHL01;Wahlberechtigte
14111;;;;2013-09-22;KREISE;;16053;;;;;;66,6;Prozent;WAHLSR;Wahlbeteiligung
14111;;;;2013-09-22;KREISE;;16053;;;;;;84723;Anzahl;WAHL01;Wahlberechtigte
14111;;;;2013-09-22;KREISE;;16054;;;;;;70,4;Prozent;WAHLSR;Wahlbeteiligung
14111;;;;2013-09-22;KREISE;;16054;;;;;;31740;Anzahl;WAHL01;Wahlberechtigte
14111;;;;2013-09-22;KREISE;;16055;;;;;;66,8;Prozent;WAHLSR;Wahlbeteiligung
14111;;;;2013-09-22;KREISE;;16055;;;;;;51074;Anzahl;WAHL01;Wahlberechtigte
14111;;;;2013-09-22;KREISE;;16056;;;;;;71,7;Prozent;WAHLSR;Wahlbeteiligung
14111;;;;2013-09-22;KREISE;;16056;;;;;;34657;Anzahl;WAHL01;Wahlberechtigte
14111;;;;2013-09-22;KREISE;;16061;;;;;;59,0;Prozent;WAHLSR;Wahlbeteiligung
14111;;;;2013-09-22;KREISE;;16061;;;;;;84636;Anzahl;WAHL01;Wahlberechtigte
14111;;;;2013-09-22;KREISE;;16062;;;;;;55,2;Prozent;WAHLSR;Wahlbeteiligung
14111;;;;2013-09-22;KREISE;;16062;;;;;;73146;Anzahl;WAHL01;Wahlberechtigte
14111;;;;2013-09-22;KREISE;;16063;;;;;;61,1;Prozent;WAHLSR;Wahlbeteiligung
14111;;;;2013-09-22;KREISE;;16063;;;;;;108030;Anzahl;WAHL01;Wahlberechtigte
14111;;;;2013-09-22;KREISE;;16064;;;;;;61,0;Prozent;WAHLSR;Wahlbeteiligung
14111;;;;2013-09-22;KREISE;;16064;;;;;;88815;Anzahl;WAHL01;Wahlberechtigte
14111;;;;2013-09-22;KREISE;;16065;;;;;;65,7;Prozent;WAHLSR;Wahlbeteiligung
14111;;;;2013-09-22;KREISE;;16065;;;;;;67424;Anzahl;WAHL01;Wahlberechtigte
14111;;;;2013-09-22;KREISE;;16066;;;;;;52,7;Prozent;WAHLSR;Wahlbeteiligung
14111;;;;2013-09-22;KREISE;;16066;;;;;;108570;Anzahl;WAHL01;Wahlberechtigte
14111;;;;2013-09-22;KREISE;;16067;;;;;;69,5;Prozent;WAHLSR;Wahlbeteiligung
14111;;;;2013-09-22;KREISE;;16067;;;;;;113548;Anzahl;WAHL01;Wahlberechtigte
14111;;;;2013-09-22;KREISE;;16068;;;;;;67,1;Prozent;WAHLSR;Wahlbeteiligung
14111;;;;2013-09-22;KREISE;;16068;;;;;;60398;Anzahl;WAHL01;Wahlberechtigte
14111;;;;2013-09-22;KREISE;;16069;;;;;;72,5;Prozent;WAHLSR;Wahlbeteiligung
14111;;;;2013-09-22;KREISE;;16069;;;;;;55761;Anzahl;WAHL01;Wahlberechtigte
14111;;;;2013-09-22;KREISE;;16070;;;;;;71,5;Prozent;WAHLSR;Wahlbeteiligung
14111;;;;2013-09-22;KREISE;;16070;;;;;;92311;Anzahl;WAHL01;Wahlberechtigte
14111;;;;2013-09-22;KREISE;;16071;;;;;;63,1;Prozent;WAHLSR;Wahlbeteiligung
14111;;;;2013-09-22;KREISE;;16071;;;;;;68776;Anzahl;WAHL01;Wahlberechtigte
14111;;;;2013-09-22;KREISE;;16072;;;;;;59,9;Prozent;WAHLSR;Wahlbeteiligung
14111;;;;2013-09-22;KREISE;;16072;;;;;;50134;Anzahl;WAHL01;Wahlberechtigte
14111;;;;2013-09-22;KREISE;;16073;;;;;;72,9;Prozent;WAHLSR;Wahlbeteiligung
14111;;;;2013-09-22;KREISE;;16073;;;;;;96583;Anzahl;WAHL01;Wahlberechtigte
14111;;;;2013-09-22;KREISE;;16074;;;;;;65,8;Prozent;WAHLSR;Wahlbeteiligung
14111;;;;2013-09-22;KREISE;;16074;;;;;;71261;Anzahl;WAHL01;Wahlberechtigte
14111;;;;2013-09-22;KREISE;;16075;;;;;;67,4;Prozent;WAHLSR;Wahlbeteiligung
14111;;;;2013-09-22;KREISE;;16075;;;;;;71880;Anzahl;WAHL01;Wahlberechtigte
14111;;;;2013-09-22;KREISE;;16076;;;;;;60,0;Prozent;WAHLSR;Wahlbeteiligung
14111;;;;2013-09-22;KREISE;;16076;;;;;;88867;Anzahl;WAHL01;Wahlberechtigte
14111;;;;2013-09-22;KREISE;;16077;;;;;;61,0;Prozent;WAHLSR;Wahlbeteiligung
14111;;;;2013-09-22;KREISE;;16077;;;;;;81879;Anzahl;WAHL01;Wahlberechtigte
14111;;;;2017-09-24;DINSG;;DG;;;;;;61688485;Anzahl;WAHL01;Wahlberechtigte
14111;;;;2017-09-24;DINSG;;DG;;;;;;76,2;Prozent;WAHLSR;Wahlbeteiligung
14111;;;;2017-09-24;DLAND;;01;;;;;;2266012;Anzahl;WAHL01;Wahlberechtigte
14111;;;;2017-09-24;DLAND;;01;;;;;;76,3;Prozent;WAHLSR;Wahlbeteiligung
14111;;;;2017-09-24;DLAND;;02;;;;;;1296656;Anzahl;WAHL01;Wahlberechtigte
14111;;;;2017-09-24;DLAND;;02;;;;;;76,0;Prozent;WAHLSR;Wahlbeteiligung
14111;;;;2017-09-24;DLAND;;03;;;;;;6124582;Anzahl;WAHL01;Wahlberechtigte
14111;;;;2017-09-24;DLAND;;03;;;;;;76,4;Prozent;WAHLSR;Wahlbeteiligung
14111;;;;2017-09-24;DLAND;;04;;;;;;474151;Anzahl;WAHL01;Wahlberechtigte
14111;;;;2017-09-24;DLAND;;04;;;;;;70,8;Prozent;WAHLSR;Wahlbeteiligung
14111;;;;2017-09-24;DLAND;;05;;;;;;13174577;Anzahl;WAHL01;Wahlberechtigte
14111;;;;2017-09-24;DLAND;;05;;;;;;75,4;Prozent;WAHLSR;Wahlbeteiligung
14111;;;;2017-09-24;DLAND;;06;;;;;;4408986;Anzahl;WAHL01;Wahlberechtigte
14111;;;;2017-09-24;DLAND;;06;;;;;;77,0;Prozent;WAHLSR;Wahlbeteiligung
14111;;;;2017-09-24;DLAND;;07;;;;;;3080591;Anzahl;WAHL01;Wahlberechtigte
14111;;;;2017-09-24;DLAND;;07;;;;;;77,7;Prozent;WAHLSR;Wahlbeteiligung
14111;;;;2017-09-24;DLAND;;08;;;;;;7732597;Anzahl;WAHL01;Wahlberechtigte
14111;;;;2017-09-24;DLAND;;08;;;;;;78,3;Prozent;WAHLSR;Wahlbeteiligung
14111;;;;2017-09-24;DLAND;;09;;;;;;9522371;Anzahl;WAHL01;Wahlberechtigte
14111;;;;2017-09-24;DLAND;;09;;;;;;78,1;Prozent;WAHLSR;Wahlbeteiligung
14111;;;;2017-09-24;DLAND;;10;;;;;;777264;Anzahl;WAHL01;Wahlberechtigte
14111;;;;2017-09-24;DLAND;;10;;;;;;76,6;Prozent;WAHLSR;Wahlbeteiligung
14111;;;;2017-09-24;DLAND;;11;;;;;;2503070;Anzahl;WAHL01;Wahlberechtigte
14111;;;;2017-09-24;DLAND;;11;;;;;;75,6;Prozent;WAHLSR;Wahlbeteiligung
14111;;;;2017-09-24;DLAND;;12;;;;;;2051559;Anzahl;WAHL01;Wahlberechtigte
14111;;;;2017-09-24;DLAND;;12;;;;;;73,7;Prozent;WAHLSR;Wahlbeteiligung
14111;;;;2017-09-24;DLAND;;13;;;;;;1324614;Anzahl;WAHL01;Wahlberechtigte
14111;;;;2017-09-24;DLAND;;13;;;;;;70,9;Prozent;WAHLSR;Wahlbeteiligung
14111;;;;2017-09-24;DLAND;;14;;;;;;3329550;Anzahl;WAHL01;Wahlberechtigte
14111;;;;2017-09-24;DLAND;;14;;;;;;75,4;Prozent;WAHLSR;Wahlbeteiligung
14111;;;;2017-09-24;DLAND;;15;;;;;;1854891;Anzahl;WAHL01;Wahlberechtigte
14111;;;;2017-09-24;DLAND;;15;;;;;;68,1;Prozent;WAHLSR;Wahlbeteiligung
14111;;;;2017-09-24;DLAND;;16;;;;;;1767014;Anzahl;WAHL01;Wahlberechtigte
14111;;;;2017-09-24;DLAND;;16;;;;;;74,3;Prozent;WAHLSR;Wahlbeteiligung
14111;;;;2017-09-24;KREISE;;01001;;;;;;70,9;Prozent;WAHLSR;Wahlbeteiligung
14111;;;;2017-09-24;KREISE;;01001;;;;;;70105;Anzahl;WAHL01;Wahlberechtigte
14111;;;;2017-09-24;KREISE;;01002;;;;;;74,1;Prozent;WAHLSR;Wahlbeteiligung
14111;;;;2017-09-24;KREISE;;01002;;;;;;186988;Anzahl;WAHL01;Wahlberechtigte
14111;;;;2017-09-24;KREISE;;01003;;;;;;71,4;Prozent;WAHLSR;Wahlbeteiligung
14111;;;;2017-09-24;KREISE;;01003;;;;;;166673;Anzahl;WAHL01;Wahlberechtigte
14111;;;;2017-09-24;KREISE;;01004;;;;;;66,8;Prozent;WAHLSR;Wahlbeteiligung
14111;;;;2017-09-24;KREISE;;01004;;;;;;60378;Anzahl;WAHL01;Wahlberechtigte
14111;;;;2017-09-24;KREISE;;01051;;;;;;72,8;Prozent;WAHLSR;Wahlbeteiligung
14111;;;;2017-09-24;KREISE;;01051;;;;;;107148;Anzahl;WAHL01;Wahlberechtigte
14111;;;;2017-09-24;KREISE;;01053;;;;;;77,4;Prozent;WAHLSR;Wahlbeteiligung
14111;;;;2017-09-24;KREISE;;01053;;;;;;151988;Anzahl;WAHL01;Wahlberechtigte
14111;;;;2017-09-24;KREISE;;01054;;;;;;75,3;Prozent;WAHLSR;Wahlbeteiligung
14111;;;;2017-09-24;KREISE;;01054;;;;;;131595;Anzahl;WAHL01;Wahlberechtigte
14111;;;;2017-09-24;KREISE;;01055;;;;;;75,9;Prozent;WAHLSR;Wahlbeteiligung
14111;;;;2017-09-24;KREISE;;01055;;;;;;165689;Anzahl;WAHL01;Wahlberechtigte
14111;;;;2017-09-24;KREISE;;01056;;;;;;78,7;Prozent;WAHLSR;Wahlbeteiligung
14111;;;;2017-09-24;KREISE;;01056;;;;;;238533;Anzahl;WAHL01;Wahlberechtigte
14111;;;;2017-09-24;KREISE;;01057;;;;;;80,2;Prozent;WAHLSR;Wahlbeteiligung
14111;;;;2017-09-24;KREISE;;01057;;;;;;104905;Anzahl;WAHL01;Wahlberechtigte
14111;;;;2017-09-24;KREISE;;01058;;;;;;78,8;Prozent;WAHLSR;Wahlbeteiligung
14111;;;;2017-09-24;KREISE;;01058;;;;;;218493;Anzahl;WAHL01;Wahlberechtigte
14111;;;;2017-09-24;KREISE;;01059;;;;;;77,2;Prozent;WAHLSR;Wahlbeteiligung
14111;;;;2017-09-24;KREISE;;01059;;;;;;158366;Anzahl;WAHL01;Wahlberechtigte
14111;;;;2017-09-24;KREISE;;01060;;;;;;77,1;Prozent;WAHLSR;Wahlbeteiligung
14111;;;;2017-09-24;KREISE;;01060;;;;;;211659;Anzahl;WAHL01;Wahlberechtigte
14111;;;;2017-09-24;KREISE;;01061;;;;;;75,4;Prozent;WAHLSR;Wahlbeteiligung
14111;;;;2017-09-24;KREISE;;01061;;;;;;105066;Anzahl;WAHL01;Wahlberechtigte
14111;;;;2017-09-24;KREISE;;01062;;;;;;80,9;Prozent;WAHLSR;Wahlbeteiligung
14111;;;;2017-09-24;KREISE;;01062;;;;;;188426;Anzahl;WAHL01;Wahlberechtigte
14111;;;;2017-09-24;KREISE;;02000;;;;;;76,0;Prozent;WAHLSR;Wahlbeteiligung
14111;;;;2017-09-24;KREISE;;02000;;;;;;1296656;Anzahl;WAHL01;Wahlberechtigte
14111;;;;2017-09-24;KREISE;;03101;;;;;;76,9;Prozent;WAHLSR;Wahlbeteiligung
14111;;;;2017-09-24;KREISE;;03101;;;;;;192041;Anzahl;WAHL01;Wahlberechtigte
14111;;;;2017-09-24;KREISE;;03102;;;;;;71,7;Prozent;WAHLSR;Wahlbeteiligung
14111;;;;2017-09-24;KREISE;;03102;;;;;;73810;Anzahl;WAHL01;Wahlberechtigte
14111;;;;2017-09-24;KREISE;;03103;;;;;;73,9;Prozent;WAHLSR;Wahlbeteiligung
14111;;;;2017-09-24;KREISE;;03103;;;;;;89886;Anzahl;WAHL01;Wahlberechtigte
14111;;;;2017-09-24;KREISE;;03151;;;;;;77,3;Prozent;WAHLSR;Wahlbeteiligung
14111;;;;2017-09-24;KREISE;;03151;;;;;;135685;Anzahl;WAHL01;Wahlberechtigte
14111;;;;2017-09-24;KREISE;;03152;;;;;;-;Prozent;WAHLSR;Wahlbeteiligung
14111;;;;2017-09-24;KREISE;;03152;;;;;;-;Anzahl;WAHL01;Wahlberechtigte
14111;;;;2017-09-24;KREISE;;03153;;;;;;74,0;Prozent;WAHLSR;Wahlbeteiligung
14111;;;;2017-09-24;KREISE;;03153;;;;;;109372;Anzahl;WAHL01;Wahlberechtigte
14111;;;;2017-09-24;KREISE;;03154;;;;;;74,5;Prozent;WAHLSR;Wahlbeteiligung
14111;;;;2017-09-24;KREISE;;03154;;;;;;73708;Anzahl;WAHL01;Wahlberechtigte
14111;;;;2017-09-24;KREISE;;03155;;;;;;75,4;Prozent;WAHLSR;Wahlbeteiligung
14111;;;;2017-09-24;KREISE;;03155;;;;;;108355;Anzahl;WAHL01;Wahlberechtigte
14111;;;;2017-09-24;KREISE;;03156;;;;;;-;Prozent;WAHLSR;Wahlbeteiligung
14111;;;;2017-09-24;KREISE;;03156;;;;;;-;Anzahl;WAHL01;Wahlberechtigte
14111;;;;2017-09-24;KREISE;;03157;;;;;;77,5;Prozent;WAHLSR;Wahlbeteiligung
14111;;;;2017-09-24;KREISE;;03157;;;;;;103238;Anzahl;WAHL01;Wahlberechtigte
14111;;;;2017-09-24;KREISE;;03158;;;;;;79,8;Prozent;WAHLSR;Wahlbeteiligung
14111;;;;2017-09-24;KREISE;;03158;;;;;;96897;Anzahl;WAHL01;Wahlberechtigte
14111;;;;2017-09-24;KREISE;;03159;;;;;;76,9;Prozent;WAHLSR;Wahlbeteiligung
14111;;;;2017-09-24;KREISE;;03159;;;;;;255274;Anzahl;WAHL01;Wahlberechtigte
14111;;;;2017-09-24;KREISE;;03241;;;;;;77,3;Prozent;WAHLSR;Wahlbeteiligung
14111;;;;2017-09-24;KREISE;;03241;;;;;;846165;Anzahl;WAHL01;Wahlberechtigte
14111;;;;2017-09-24;KREISE;;03241001;;;;;;76,0;Prozent;WAHLSR;Wahlbeteiligung
14111;;;;2017-09-24;KREISE;;03241001;;;;;;373316;Anzahl;WAHL01;Wahlberechtigte
14111;;;;2017-09-24;KREISE;;03251;;;;;;76,7;Prozent;WAHLSR;Wahlbeteiligung
14111;;;;2017-09-24;KREISE;;03251;;;;;;169438;Anzahl;WAHL01;Wahlberechtigte
14111;;;;2017-09-24;KREISE;;03252;;;;;;74,6;Prozent;WAHLSR;Wahlbeteiligung
14111;;;;2017-09-24;KREISE;;03252;;;;;;116772;Anzahl;WAHL01;Wahlberechtigte
14111;;;;2017-09-24;KREISE;;03254;;;;;;77,7;Prozent;WAHLSR;Wahlbeteiligung
14111;;;;2017-09-24;KREISE;;03254;;;;;;218349;Anzahl;WAHL01;Wahlberechtigte
14111;;;;2017-09-24;KREISE;;03255;;;;;;74,6;Prozent;WAHLSR;Wahlbeteiligung
14111;;;;2017-09-24;KREISE;;03255;;;;;;56413;Anzahl;WAHL01;Wahlberechtigte
14111;;;;2017-09-24;KREISE;;03256;;;;;;73,3;Prozent;WAHLSR;Wahlbeteiligung
14111;;;;2017-09-24;KREISE;;03256;;;;;;94684;Anzahl;WAHL01;Wahlberechtigte
14111;;;;2017-09-24;KREISE;;03257;;;;;;76,7;Prozent;WAHLSR;Wahlbeteiligung
14111;;;;2017-09-24;KREISE;;03257;;;;;;124612;Anzahl;WAHL01;Wahlberechtigte
14111;;;;2017-09-24;KREISE;;03351;;;;;;75,3;Prozent;WAHLSR;Wahlbeteiligung
14111;;;;2017-09-24;KREISE;;03351;;;;;;139291;Anzahl;WAHL01;Wahlberechtigte
14111;;;;2017-09-24;KREISE;;03352;;;;;;75,6;Prozent;WAHLSR;Wahlbeteiligung
14111;;;;2017-09-24;KREISE;;03352;;;;;;158327;Anzahl;WAHL01;Wahlberechtigte
14111;;;;2017-09-24;KREISE;;03353;;;;;;81,3;Prozent;WAHLSR;Wahlbeteiligung
14111;;;;2017-09-24;KREISE;;03353;;;;;;199081;Anzahl;WAHL01;Wahlberechtigte
14111;;;;2017-09-24;KREISE;;03354;;;;;;74,1;Prozent;WAHLSR;Wahlbeteiligung
14111;;;;2017-09-24;KREISE;;03354;;;;;;39216;Anzahl;WAHL01;Wahlberechtigte
14111;;;;2017-09-24;KREISE;;03355;;;;;;79,0;Prozent;WAHLSR;Wahlbeteiligung
14111;;;;2017-09-24;KREISE;;03355;;;;;;141649;Anzahl;WAHL01;Wahlberechtigte
14111;;;;2017-09-24;KREISE;;03356;;;;;;78,4;Prozent;WAHLSR;Wahlbeteiligung
14111;;;;2017-09-24;KREISE;;03356;;;;;;90283;Anzahl;WAHL01;Wahlberechtigte
14111;;;;2017-09-24;KREISE;;03357;;;;;;77,0;Prozent;WAHLSR;Wahlbeteiligung
14111;;;;2017-09-24;KREISE;;03357;;;;;;128993;Anzahl;WAHL01;Wahlberechtigte
14111;;;;2017-09-24;KREISE;;03358;;;;;;75,2;Prozent;WAHLSR;Wahlbeteiligung
14111;;;;2017-09-24;KREISE;;03358;;;;;;108680;Anzahl;WAHL01;Wahlberechtigte
14111;;;;2017-09-24;KREISE;;03359;;;;;;77,1;Prozent;WAHLSR;Wahlbeteiligung
14111;;;;2017-09-24;KREISE;;03359;;;;;;157077;Anzahl;WAHL01;Wahlberechtigte
14111;;;;2017-09-24;KREISE;;03360;;;;;;76,0;Prozent;WAHLSR;Wahlbeteiligung
14111;;;;2017-09-24;KREISE;;03360;;;;;;75321;Anzahl;WAHL01;Wahlberechtigte
14111;;;;2017-09-24;KREISE;;03361;;;;;;77,7;Prozent;WAHLSR;Wahlbeteiligung
14111;;;;2017-09-24;KREISE;;03361;;;;;;105853;Anzahl;WAHL01;Wahlberechtigte
14111;;;;2017-09-24;KREISE;;03401;;;;;;70,3;Prozent;WAHLSR;Wahlbeteiligung
14111;;;;2017-09-24;KREISE;;03401;;;;;;57062;Anzahl;WAHL01;Wahlberechtigte
14111;;;;2017-09-24;KREISE;;03402;;;;;;71,5;Prozent;WAHLSR;Wahlbeteiligung
14111;;;;2017-09-24;KREISE;;03402;;;;;;38327;Anzahl;WAHL01;Wahlberechtigte
14111;;;;2017-09-24;KREISE;;03403;;;;;;77,9;Prozent;WAHLSR;Wahlbeteiligung
14111;;;;2017-09-24;KREISE;;03403;;;;;;129052;Anzahl;WAHL01;Wahlberechtigte
14111;;;;2017-09-24;KREISE;;03404;;;;;;75,9;Prozent;WAHLSR;Wahlbeteiligung
14111;;;;2017-09-24;KREISE;;03404;;;;;;123090;Anzahl;WAHL01;Wahlberechtigte
14111;;;;2017-09-24;KREISE;;03405;;;;;;70,5;Prozent;WAHLSR;Wahlbeteiligung
14111;;;;2017-09-24;KREISE;;03405;;;;;;62279;Anzahl;WAHL01;Wahlberechtigte
14111;;;;2017-09-24;KREISE;;03451;;;;;;77,6;Prozent;WAHLSR;Wahlbeteiligung
14111;;;;2017-09-24;KREISE;;03451;;;;;;97201;Anzahl;WAHL01;Wahlberechtigte
14111;;;;2017-09-24;KREISE;;03452;;;;;;75,2;Prozent;WAHLSR;Wahlbeteiligung
14111;;;;2017-09-24;KREISE;;03452;;;;;;153214;Anzahl;WAHL01;Wahlberechtigte
14111;;;;2017-09-24;KREISE;;03453;;;;;;72,8;Prozent;WAHLSR;Wahlbeteiligung
14111;;;;2017-09-24;KREISE;;03453;;;;;;119275;Anzahl;WAHL01;Wahlberechtigte
14111;;;;2017-09-24;KREISE;;03454;;;;;;77,5;Prozent;WAHLSR;Wahlbeteiligung
14111;;;;2017-09-24;KREISE;;03454;;;;;;237596;Anzahl;WAHL01;Wahlberechtigte
14111;;;;2017-09-24;KREISE;;03455;;;;;;76,0;Prozent;WAHLSR;Wahlbeteiligung
14111;;;;2017-09-24;KREISE;;03455;;;;;;81078;Anzahl;WAHL01;Wahlberechtigte
14111;;;;2017-09-24;KREISE;;03456;;;;;;77,2;Prozent;WAHLSR;Wahlbeteiligung
14111;;;;2017-09-24;KREISE;;03456;;;;;;97190;Anzahl;WAHL01;Wahlberechtigte
14111;;;;2017-09-24;KREISE;;03457;;;;;;74,3;Prozent;WAHLSR;Wahlbeteiligung
14111;;;;2017-09-24;KREISE;;03457;;;;;;130599;Anzahl;WAHL01;Wahlberechtigte
14111;;;;2017-09-24;KREISE;;03458;;;;;;78,8;Prozent;WAHLSR;Wahlbeteiligung
14111;;;;2017-09-24;KREISE;;03458;;;;;;100619;Anzahl;WAHL01;Wahlberechtigte
14111;;;;2017-09-24;KREISE;;03459;;;;;;77,0;Prozent;WAHLSR;Wahlbeteiligung
14111;;;;2017-09-24;KREISE;;03459;;;;;;272761;Anzahl;WAHL01;Wahlberechtigte
14111;;;;2017-09-24;KREISE;;03460;;;;;;76,3;Prozent;WAHLSR;Wahlbeteiligung
14111;;;;2017-09-24;KREISE;;03460;;;;;;100767;Anzahl;WAHL01;Wahlberechtigte
14111;;;;2017-09-24;KREISE;;03461;;;;;;72,5;Prozent;WAHLSR;Wahlbeteiligung
14111;;;;2017-09-24;KREISE;;03461;;;;;;70015;Anzahl;WAHL01;Wahlberechtigte
14111;;;;2017-09-24;KREISE;;03462;;;;;;73,2;Prozent;WAHLSR;Wahlbeteiligung
14111;;;;2017-09-24;KREISE;;03462;;;;;;45987;Anzahl;WAHL01;Wahlberechtigte
14111;;;;2017-09-24;KREISE;;04011;;;;;;72,2;Prozent;WAHLSR;Wahlbeteiligung
14111;;;;2017-09-24;KREISE;;04011;;;;;;393286;Anzahl;WAHL01;Wahlberechtigte
14111;;;;2017-09-24;KREISE;;04012;;;;;;64,1;Prozent;WAHLSR;Wahlbeteiligung
14111;;;;2017-09-24;KREISE;;04012;;;;;;80865;Anzahl;WAHL01;Wahlberechtigte
14111;;;;2017-09-24;KREISE;;05111;;;;;;76,5;Prozent;WAHLSR;Wahlbeteiligung
14111;;;;2017-09-24;KREISE;;05111;;;;;;413939;Anzahl;WAHL01;Wahlberechtigte
14111;;;;2017-09-24;KREISE;;05112;;;;;;68,7;Prozent;WAHLSR;Wahlbeteiligung
14111;;;;2017-09-24;KREISE;;05112;;;;;;328202;Anzahl;WAHL01;Wahlberechtigte
14111;;;;2017-09-24;KREISE;;05113;;;;;;73,9;Prozent;WAHLSR;Wahlbeteiligung
14111;;;;2017-09-24;KREISE;;05113;;;;;;419680;Anzahl;WAHL01;Wahlberechtigte
14111;;;;2017-09-24;KREISE;;05114;;;;;;71,5;Prozent;WAHLSR;Wahlbeteiligung
14111;;;;2017-09-24;KREISE;;05114;;;;;;163278;Anzahl;WAHL01;Wahlberechtigte
14111;;;;2017-09-24;KREISE;;05116;;;;;;69,3;Prozent;WAHLSR;Wahlbeteiligung
14111;;;;2017-09-24;KREISE;;05116;;;;;;190552;Anzahl;WAHL01;Wahlberechtigte
14111;;;;2017-09-24;KREISE;;05117;;;;;;77,5;Prozent;WAHLSR;Wahlbeteiligung
14111;;;;2017-09-24;KREISE;;05117;;;;;;124310;Anzahl;WAHL01;Wahlberechtigte
14111;;;;2017-09-24;KREISE;;05119;;;;;;72,0;Prozent;WAHLSR;Wahlbeteiligung
14111;;;;2017-09-24;KREISE;;05119;;;;;;152264;Anzahl;WAHL01;Wahlberechtigte
14111;;;;2017-09-24;KREISE;;05120;;;;;;71,9;Prozent;WAHLSR;Wahlbeteiligung
14111;;;;2017-09-24;KREISE;;05120;;;;;;77247;Anzahl;WAHL01;Wahlberechtigte
14111;;;;2017-09-24;KREISE;;05122;;;;;;72,8;Prozent;WAHLSR;Wahlbeteiligung
14111;;;;2017-09-24;KREISE;;05122;;;;;;112624;Anzahl;WAHL01;Wahlberechtigte
14111;;;;2017-09-24;KREISE;;05124;;;;;;73,2;Prozent;WAHLSR;Wahlbeteiligung
14111;;;;2017-09-24;KREISE;;05124;;;;;;241103;Anzahl;WAHL01;Wahlberechtigte
14111;;;;2017-09-24;KREISE;;05154;;;;;;74,8;Prozent;WAHLSR;Wahlbeteiligung
14111;;;;2017-09-24;KREISE;;05154;;;;;;226096;Anzahl;WAHL01;Wahlberechtigte
14111;;;;2017-09-24;KREISE;;05158;;;;;;77,6;Prozent;WAHLSR;Wahlbeteiligung
14111;;;;2017-09-24;KREISE;;05158;;;;;;368473;Anzahl;WAHL01;Wahlberechtigte
14111;;;;2017-09-24;KREISE;;05162;;;;;;77,2;Prozent;WAHLSR;Wahlbeteiligung
14111;;;;2017-09-24;KREISE;;05162;;;;;;334133;Anzahl;WAHL01;Wahlberechtigte
14111;;;;2017-09-24;KREISE;;05166;;;;;;76,2;Prozent;WAHLSR;Wahlbeteiligung
14111;;;;2017-09-24;KREISE;;05166;;;;;;227423;Anzahl;WAHL01;Wahlberechtigte
14111;;;;2017-09-24;KREISE;;05170;;;;;;77,1;Prozent;WAHLSR;Wahlbeteiligung
14111;;;;2017-09-24;KREISE;;05170;;;;;;357666;Anzahl;WAHL01;Wahlberechtigte
14111;;;;2017-09-24;KREISE;;05313;;;;;;-;Prozent;WAHLSR;Wahlbeteiligung
14111;;;;2017-09-24;KREISE;;05313;;;;;;-;Anzahl;WAHL01;Wahlberechtigte
14111;;;;2017-09-24;KREISE;;05314;;;;;;79,3;Prozent;WAHLSR;Wahlbeteiligung
14111;;;;2017-09-24;KREISE;;05314;;;;;;227583;Anzahl;WAHL01;Wahlberechtigte
14111;;;;2017-09-24;KREISE;;05315;;;;;;75,8;Prozent;WAHLSR;Wahlbeteiligung
14111;;;;2017-09-24;KREISE;;05315;;;;;;732825;Anzahl;WAHL01;Wahlberechtigte
14111;;;;2017-09-24;KREISE;;05316;;;;;;75,2;Prozent;WAHLSR;Wahlbeteiligung
14111;;;;2017-09-24;KREISE;;05316;;;;;;116593;Anzahl;WAHL01;Wahlberechtigte
14111;;;;2017-09-24;KREISE;;05334;;;;;;77,0;Prozent;WAHLSR;Wahlbeteiligung
14111;;;;2017-09-24;KREISE;;05334;;;;;;407521;Anzahl;WAHL01;Wahlberechtigte
14111;;;;2017-09-24;KREISE;;05334002;;;;;;78,4;Prozent;WAHLSR;Wahlbeteiligung
14111;;;;2017-09-24;KREISE;;05334002;;;;;;179273;Anzahl;WAHL01;Wahlberechtigte
14111;;;;2017-09-24;KREISE;;05354;;;;;;-;Prozent;WAHLSR;Wahlbeteiligung
14111;;;;2017-09-24;KREISE;;05354;;;;;;-;Anzahl;WAHL01;Wahlberechtigte
14111;;;;2017-09-24;KREISE;;05358;;;;;;75,9;Prozent;WAHLSR;Wahlbeteiligung
14111;;;;2017-09-24;KREISE;;05358;;;;;;199675;Anzahl;WAHL01;Wahlberechtigte
14111;;;;2017-09-24;KREISE;;05362;;;;;;77,1;Prozent;WAHLSR;Wahlbeteiligung
14111;;;;2017-09-24;KREISE;;05362;;;;;;345328;Anzahl;WAHL01;Wahlberechtigte
14111;;;;2017-09-24;KREISE;;05366;;;;;;75,1;Prozent;WAHLSR;Wahlbeteiligung
14111;;;;2017-09-24;KREISE;;05366;;;;;;150407;Anzahl;WAHL01;Wahlberechtigte
14111;;;;2017-09-24;KREISE;;05370;;;;;;74,9;Prozent;WAHLSR;Wahlbeteiligung
14111;;;;2017-09-24;KREISE;;05370;;;;;;190051;Anzahl;WAHL01;Wahlberechtigte
14111;;;;2017-09-24;KREISE;;05374;;;;;;75,1;Prozent;WAHLSR;Wahlbeteiligung
14111;;;;2017-09-24;KREISE;;05374;;;;;;208418;Anzahl;WAHL01;Wahlberechtigte
14111;;;;2017-09-24;KREISE;;05378;;;;;;80,2;Prozent;WAHLSR;Wahlbeteiligung
14111;;;;2017-09-24;KREISE;;05378;;;;;;217425;Anzahl;WAHL01;Wahlberechtigte
14111;;;;2017-09-24;KREISE;;05382;;;;;;79,1;Prozent;WAHLSR;Wahlbeteiligung
14111;;;;2017-09-24;KREISE;;05382;;;;;;453435;Anzahl;WAHL01;Wahlberechtigte
14111;;;;2017-09-24;KREISE;;05512;;;;;;75,1;Prozent;WAHLSR;Wahlbeteiligung
14111;;;;2017-09-24;KREISE;;05512;;;;;;88352;Anzahl;WAHL01;Wahlberechtigte
14111;;;;2017-09-24;KREISE;;05513;;;;;;68,2;Prozent;WAHLSR;Wahlbeteiligung
14111;;;;2017-09-24;KREISE;;05513;;;;;;175210;Anzahl;WAHL01;Wahlberechtigte
14111;;;;2017-09-24;KREISE;;05515;;;;;;82,3;Prozent;WAHLSR;Wahlbeteiligung
14111;;;;2017-09-24;KREISE;;05515;;;;;;232294;Anzahl;WAHL01;Wahlberechtigte
14111;;;;2017-09-24;KREISE;;05554;;;;;;78,1;Prozent;WAHLSR;Wahlbeteiligung
14111;;;;2017-09-24;KREISE;;05554;;;;;;278058;Anzahl;WAHL01;Wahlberechtigte
14111;;;;2017-09-24;KREISE;;05558;;;;;;81,1;Prozent;WAHLSR;Wahlbeteiligung
14111;;;;2017-09-24;KREISE;;05558;;;;;;172726;Anzahl;WAHL01;Wahlberechtigte
14111;;;;2017-09-24;KREISE;;05562;;;;;;74,0;Prozent;WAHLSR;Wahlbeteiligung
14111;;;;2017-09-24;KREISE;;05562;;;;;;473084;Anzahl;WAHL01;Wahlberechtigte
14111;;;;2017-09-24;KREISE;;05566;;;;;;77,9;Prozent;WAHLSR;Wahlbeteiligung
14111;;;;2017-09-24;KREISE;;05566;;;;;;339903;Anzahl;WAHL01;Wahlberechtigte
14111;;;;2017-09-24;KREISE;;05570;;;;;;78,0;Prozent;WAHLSR;Wahlbeteiligung
14111;;;;2017-09-24;KREISE;;05570;;;;;;209604;Anzahl;WAHL01;Wahlberechtigte
14111;;;;2017-09-24;KREISE;;05711;;;;;;75,5;Prozent;WAHLSR;Wahlbeteiligung
14111;;;;2017-09-24;KREISE;;05711;;;;;;237576;Anzahl;WAHL01;Wahlberechtigte
14111;;;;2017-09-24;KREISE;;05754;;;;;;75,7;Prozent;WAHLSR;Wahlbeteiligung
14111;;;;2017-09-24;KREISE;;05754;;;;;;263215;Anzahl;WAHL01;Wahlberechtigte
14111;;;;2017-09-24;KREISE;;05758;;;;;;73,8;Prozent;WAHLSR;Wahlbeteiligung
14111;;;;2017-09-24;KREISE;;05758;;;;;;191877;Anzahl;WAHL01;Wahlberechtigte
14111;;;;2017-09-24;KREISE;;05762;;;;;;76,7;Prozent;WAHLSR;Wahlbeteiligung
14111;;;;2017-09-24;KREISE;;05762;;;;;;112543;Anzahl;WAHL01;Wahlberechtigte
14111;;;;2017-09-24;KREISE;;05766;;;;;;75,3;Prozent;WAHLSR;Wahlbeteiligung
14111;;;;2017-09-24;KREISE;;05766;;;;;;268984;Anzahl;WAHL01;Wahlberechtigte
14111;;;;2017-09-24;KREISE;;05770;;;;;;73,9;Prozent;WAHLSR;Wahlbeteiligung
14111;;;;2017-09-24;KREISE;;05770;;;;;;241302;Anzahl;WAHL01;Wahlberechtigte
14111;;;;2017-09-24;KREISE;;05774;;;;;;75,0;Prozent;WAHLSR;Wahlbeteiligung
14111;;;;2017-09-24;KREISE;;05774;;;;;;229056;Anzahl;WAHL01;Wahlberechtigte
14111;;;;2017-09-24;KREISE;;05911;;;;;;75,3;Prozent;WAHLSR;Wahlbeteiligung
14111;;;;2017-09-24;KREISE;;05911;;;;;;273708;Anzahl;WAHL01;Wahlberechtigte
14111;;;;2017-09-24;KREISE;;05913;;;;;;72,3;Prozent;WAHLSR;Wahlbeteiligung
14111;;;;2017-09-24;KREISE;;05913;;;;;;414616;Anzahl;WAHL01;Wahlberechtigte
14111;;;;2017-09-24;KREISE;;05914;;;;;;70,8;Prozent;WAHLSR;Wahlbeteiligung
14111;;;;2017-09-24;KREISE;;05914;;;;;;132850;Anzahl;WAHL01;Wahlberechtigte
14111;;;;2017-09-24;KREISE;;05915;;;;;;72,4;Prozent;WAHLSR;Wahlbeteiligung
14111;;;;2017-09-24;KREISE;;05915;;;;;;126462;Anzahl;WAHL01;Wahlberechtigte
14111;;;;2017-09-24;KREISE;;05916;;;;;;70,4;Prozent;WAHLSR;Wahlbeteiligung
14111;;;;2017-09-24;KREISE;;05916;;;;;;111999;Anzahl;WAHL01;Wahlberechtigte
14111;;;;2017-09-24;KREISE;;05954;;;;;;76,5;Prozent;WAHLSR;Wahlbeteiligung
14111;;;;2017-09-24;KREISE;;05954;;;;;;253040;Anzahl;WAHL01;Wahlberechtigte
14111;;;;2017-09-24;KREISE;;05958;;;;;;76,0;Prozent;WAHLSR;Wahlbeteiligung
14111;;;;2017-09-24;KREISE;;05958;;;;;;202768;Anzahl;WAHL01;Wahlberechtigte
14111;;;;2017-09-24;KREISE;;05962;;;;;;72,1;Prozent;WAHLSR;Wahlbeteiligung
14111;;;;2017-09-24;KREISE;;05962;;;;;;304554;Anzahl;WAHL01;Wahlberechtigte
14111;;;;2017-09-24;KREISE;;05966;;;;;;76,5;Prozent;WAHLSR;Wahlbeteiligung
14111;;;;2017-09-24;KREISE;;05966;;;;;;102708;Anzahl;WAHL01;Wahlberechtigte
14111;;;;2017-09-24;KREISE;;05970;;;;;;76,2;Prozent;WAHLSR;Wahlbeteiligung
14111;;;;2017-09-24;KREISE;;05970;;;;;;212912;Anzahl;WAHL01;Wahlberechtigte
14111;;;;2017-09-24;KREISE;;05974;;;;;;75,1;Prozent;WAHLSR;Wahlbeteiligung
14111;;;;2017-09-24;KREISE;;05974;;;;;;232301;Anzahl;WAHL01;Wahlberechtigte
14111;;;;2017-09-24;KREISE;;05978;;;;;;75,3;Prozent;WAHLSR;Wahlbeteiligung
14111;;;;2017-09-24;KREISE;;05978;;;;;;306624;Anzahl;WAHL01;Wahlberechtigte
14111;;;;2017-09-24;KREISE;;06411;;;;;;78,6;Prozent;WAHLSR;Wahlbeteiligung
14111;;;;2017-09-24;KREISE;;06411;;;;;;106512;Anzahl;WAHL01;Wahlberechtigte
14111;;;;2017-09-24;KREISE;;06412;;;;;;74,9;Prozent;WAHLSR;Wahlbeteiligung
14111;;;;2017-09-24;KREISE;;06412;;;;;;423717;Anzahl;WAHL01;Wahlberechtigte
14111;;;;2017-09-24;KREISE;;06413;;;;;;67,6;Prozent;WAHLSR;Wahlbeteiligung
14111;;;;2017-09-24;KREISE;;06413;;;;;;66812;Anzahl;WAHL01;Wahlberechtigte
14111;;;;2017-09-24;KREISE;;06414;;;;;;73,8;Prozent;WAHLSR;Wahlbeteiligung
14111;;;;2017-09-24;KREISE;;06414;;;;;;189372;Anzahl;WAHL01;Wahlberechtigte
14111;;;;2017-09-24;KREISE;;06415;;;;;;-;Prozent;WAHLSR;Wahlbeteiligung
14111;;;;2017-09-24;KREISE;;06415;;;;;;-;Anzahl;WAHL01;Wahlberechtigte
14111;;;;2017-09-24;KREISE;;06431;;;;;;78,7;Prozent;WAHLSR;Wahlbeteiligung
14111;;;;2017-09-24;KREISE;;06431;;;;;;198418;Anzahl;WAHL01;Wahlberechtigte
14111;;;;2017-09-24;KREISE;;06432;;;;;;79,6;Prozent;WAHLSR;Wahlbeteiligung
14111;;;;2017-09-24;KREISE;;06432;;;;;;215017;Anzahl;WAHL01;Wahlberechtigte
14111;;;;2017-09-24;KREISE;;06433;;;;;;76,3;Prozent;WAHLSR;Wahlbeteiligung
14111;;;;2017-09-24;KREISE;;06433;;;;;;174727;Anzahl;WAHL01;Wahlberechtigte
14111;;;;2017-09-24;KREISE;;06434;;;;;;82,1;Prozent;WAHLSR;Wahlbeteiligung
14111;;;;2017-09-24;KREISE;;06434;;;;;;164970;Anzahl;WAHL01;Wahlberechtigte
14111;;;;2017-09-24;KREISE;;06435;;;;;;76,6;Prozent;WAHLSR;Wahlbeteiligung
14111;;;;2017-09-24;KREISE;;06435;;;;;;299541;Anzahl;WAHL01;Wahlberechtigte
14111;;;;2017-09-24;KREISE;;06436;;;;;;81,3;Prozent;WAHLSR;Wahlbeteiligung
14111;;;;2017-09-24;KREISE;;06436;;;;;;166249;Anzahl;WAHL01;Wahlberechtigte
14111;;;;2017-09-24;KREISE;;06437;;;;;;76,6;Prozent;WAHLSR;Wahlbeteiligung
14111;;;;2017-09-24;KREISE;;06437;;;;;;70995;Anzahl;WAHL01;Wahlberechtigte
14111;;;;2017-09-24;KREISE;;06438;;;;;;78,4;Prozent;WAHLSR;Wahlbeteiligung
14111;;;;2017-09-24;KREISE;;06438;;;;;;237902;Anzahl;WAHL01;Wahlberechtigte
14111;;;;2017-09-24;KREISE;;06439;;;;;;80,4;Prozent;WAHLSR;Wahlbeteiligung
14111;;;;2017-09-24;KREISE;;06439;;;;;;138563;Anzahl;WAHL01;Wahlberechtigte
14111;;;;2017-09-24;KREISE;;06440;;;;;;78,0;Prozent;WAHLSR;Wahlbeteiligung
14111;;;;2017-09-24;KREISE;;06440;;;;;;225174;Anzahl;WAHL01;Wahlberechtigte
14111;;;;2017-09-24;KREISE;;06531;;;;;;76,9;Prozent;WAHLSR;Wahlbeteiligung
14111;;;;2017-09-24;KREISE;;06531;;;;;;199159;Anzahl;WAHL01;Wahlberechtigte
14111;;;;2017-09-24;KREISE;;06532;;;;;;73,6;Prozent;WAHLSR;Wahlbeteiligung
14111;;;;2017-09-24;KREISE;;06532;;;;;;190754;Anzahl;WAHL01;Wahlberechtigte
14111;;;;2017-09-24;KREISE;;06533;;;;;;76,2;Prozent;WAHLSR;Wahlbeteiligung
14111;;;;2017-09-24;KREISE;;06533;;;;;;129367;Anzahl;WAHL01;Wahlberechtigte
14111;;;;2017-09-24;KREISE;;06534;;;;;;77,7;Prozent;WAHLSR;Wahlbeteiligung
14111;;;;2017-09-24;KREISE;;06534;;;;;;183296;Anzahl;WAHL01;Wahlberechtigte
14111;;;;2017-09-24;KREISE;;06535;;;;;;76,0;Prozent;WAHLSR;Wahlbeteiligung
14111;;;;2017-09-24;KREISE;;06535;;;;;;85245;Anzahl;WAHL01;Wahlberechtigte
14111;;;;2017-09-24;KREISE;;06611;;;;;;73,0;Prozent;WAHLSR;Wahlbeteiligung
14111;;;;2017-09-24;KREISE;;06611;;;;;;140832;Anzahl;WAHL01;Wahlberechtigte
14111;;;;2017-09-24;KREISE;;06631;;;;;;77,3;Prozent;WAHLSR;Wahlbeteiligung
14111;;;;2017-09-24;KREISE;;06631;;;;;;169854;Anzahl;WAHL01;Wahlberechtigte
14111;;;;2017-09-24;KREISE;;06632;;;;;;76,2;Prozent;WAHLSR;Wahlbeteiligung
14111;;;;2017-09-24;KREISE;;06632;;;;;;94380;Anzahl;WAHL01;Wahlberechtigte
14111;;;;2017-09-24;KREISE;;06633;;;;;;78,6;Prozent;WAHLSR;Wahlbeteiligung
14111;;;;2017-09-24;KREISE;;06633;;;;;;189184;Anzahl;WAHL01;Wahlberechtigte
14111;;;;2017-09-24;KREISE;;06634;;;;;;78,1;Prozent;WAHLSR;Wahlbeteiligung
14111;;;;2017-09-24;KREISE;;06634;;;;;;143270;Anzahl;WAHL01;Wahlberechtigte
14111;;;;2017-09-24;KREISE;;06635;;;;;;75,0;Prozent;WAHLSR;Wahlbeteiligung
14111;;;;2017-09-24;KREISE;;06635;;;;;;124064;Anzahl;WAHL01;Wahlberechtigte
14111;;;;2017-09-24;KREISE;;06636;;;;;;75,7;Prozent;WAHLSR;Wahlbeteiligung
14111;;;;2017-09-24;KREISE;;06636;;;;;;81612;Anzahl;WAHL01;Wahlberechtigte
14111;;;;2017-09-24;KREISE;;07111;;;;;;75,3;Prozent;WAHLSR;Wahlbeteiligung
14111;;;;2017-09-24;KREISE;;07111;;;;;;84958;Anzahl;WAHL01;Wahlberechtigte
14111;;;;2017-09-24;KREISE;;07131;;;;;;79,3;Prozent;WAHLSR;Wahlbeteiligung
14111;;;;2017-09-24;KREISE;;07131;;;;;;101162;Anzahl;WAHL01;Wahlberechtigte
14111;;;;2017-09-24;KREISE;;07132;;;;;;75,4;Prozent;WAHLSR;Wahlbeteiligung
14111;;;;2017-09-24;KREISE;;07132;;;;;;100773;Anzahl;WAHL01;Wahlberechtigte
14111;;;;2017-09-24;KREISE;;07133;;;;;;76,6;Prozent;WAHLSR;Wahlbeteiligung
14111;;;;2017-09-24;KREISE;;07133;;;;;;120430;Anzahl;WAHL01;Wahlberechtigte
14111;;;;2017-09-24;KREISE;;07134;;;;;;73,6;Prozent;WAHLSR;Wahlbeteiligung
14111;;;;2017-09-24;KREISE;;07134;;;;;;64742;Anzahl;WAHL01;Wahlberechtigte
14111;;;;2017-09-24;KREISE;;07135;;;;;;78,5;Prozent;WAHLSR;Wahlbeteiligung
14111;;;;2017-09-24;KREISE;;07135;;;;;;48925;Anzahl;WAHL01;Wahlberechtigte
14111;;;;2017-09-24;KREISE;;07137;;;;;;76,7;Prozent;WAHLSR;Wahlbeteiligung
14111;;;;2017-09-24;KREISE;;07137;;;;;;166711;Anzahl;WAHL01;Wahlberechtigte
14111;;;;2017-09-24;KREISE;;07138;;;;;;76,3;Prozent;WAHLSR;Wahlbeteiligung
14111;;;;2017-09-24;KREISE;;07138;;;;;;138511;Anzahl;WAHL01;Wahlberechtigte
14111;;;;2017-09-24;KREISE;;07140;;;;;;78,2;Prozent;WAHLSR;Wahlbeteiligung
14111;;;;2017-09-24;KREISE;;07140;;;;;;80985;Anzahl;WAHL01;Wahlberechtigte
14111;;;;2017-09-24;KREISE;;07141;;;;;;77,7;Prozent;WAHLSR;Wahlbeteiligung
14111;;;;2017-09-24;KREISE;;07141;;;;;;95682;Anzahl;WAHL01;Wahlberechtigte
14111;;;;2017-09-24;KREISE;;07143;;;;;;77,7;Prozent;WAHLSR;Wahlbeteiligung
14111;;;;2017-09-24;KREISE;;07143;;;;;;154218;Anzahl;WAHL01;Wahlberechtigte
14111;;;;2017-09-24;KREISE;;07211;;;;;;74,8;Prozent;WAHLSR;Wahlbeteiligung
14111;;;;2017-09-24;KREISE;;07211;;;;;;80382;Anzahl;WAHL01;Wahlberechtigte
14111;;;;2017-09-24;KREISE;;07231;;;;;;78,0;Prozent;WAHLSR;Wahlbeteiligung
14111;;;;2017-09-24;KREISE;;07231;;;;;;86614;Anzahl;WAHL01;Wahlberechtigte
14111;;;;2017-09-24;KREISE;;07232;;;;;;76,6;Prozent;WAHLSR;Wahlbeteiligung
14111;;;;2017-09-24;KREISE;;07232;;;;;;72690;Anzahl;WAHL01;Wahlberechtigte
14111;;;;2017-09-24;KREISE;;07233;;;;;;77,7;Prozent;WAHLSR;Wahlbeteiligung
14111;;;;2017-09-24;KREISE;;07233;;;;;;48142;Anzahl;WAHL01;Wahlberechtigte
14111;;;;2017-09-24;KREISE;;07235;;;;;;81,3;Prozent;WAHLSR;Wahlbeteiligung
14111;;;;2017-09-24;KREISE;;07235;;;;;;112464;Anzahl;WAHL01;Wahlberechtigte
14111;;;;2017-09-24;KREISE;;07311;;;;;;73,7;Prozent;WAHLSR;Wahlbeteiligung
14111;;;;2017-09-24;KREISE;;07311;;;;;;33743;Anzahl;WAHL01;Wahlberechtigte
14111;;;;2017-09-24;KREISE;;07312;;;;;;71,3;Prozent;WAHLSR;Wahlbeteiligung
14111;;;;2017-09-24;KREISE;;07312;;;;;;72154;Anzahl;WAHL01;Wahlberechtigte
14111;;;;2017-09-24;KREISE;;07313;;;;;;77,6;Prozent;WAHLSR;Wahlbeteiligung
14111;;;;2017-09-24;KREISE;;07313;;;;;;35852;Anzahl;WAHL01;Wahlberechtigte
14111;;;;2017-09-24;KREISE;;07314;;;;;;70,3;Prozent;WAHLSR;Wahlbeteiligung
14111;;;;2017-09-24;KREISE;;07314;;;;;;102805;Anzahl;WAHL01;Wahlberechtigte
14111;;;;2017-09-24;KREISE;;07315;;;;;;80,8;Prozent;WAHLSR;Wahlbeteiligung
14111;;;;2017-09-24;KREISE;;07315;;;;;;147529;Anzahl;WAHL01;Wahlberechtigte
14111;;;;2017-09-24;KREISE;;07316;;;;;;78,9;Prozent;WAHLSR;Wahlbeteiligung
14111;;;;2017-09-24;KREISE;;07316;;;;;;40886;Anzahl;WAHL01;Wahlberechtigte
14111;;;;2017-09-24;KREISE;;07317;;;;;;68,4;Prozent;WAHLSR;Wahlbeteiligung
14111;;;;2017-09-24;KREISE;;07317;;;;;;31522;Anzahl;WAHL01;Wahlberechtigte
14111;;;;2017-09-24;KREISE;;07318;;;;;;76,3;Prozent;WAHLSR;Wahlbeteiligung
14111;;;;2017-09-24;KREISE;;07318;;;;;;36553;Anzahl;WAHL01;Wahlberechtigte
14111;;;;2017-09-24;KREISE;;07319;;;;;;73,4;Prozent;WAHLSR;Wahlbeteiligung
14111;;;;2017-09-24;KREISE;;07319;;;;;;58753;Anzahl;WAHL01;Wahlberechtigte
14111;;;;2017-09-24;KREISE;;07320;;;;;;71,5;Prozent;WAHLSR;Wahlbeteiligung
14111;;;;2017-09-24;KREISE;;07320;;;;;;26396;Anzahl;WAHL01;Wahlberechtigte
14111;;;;2017-09-24;KREISE;;07331;;;;;;80,7;Prozent;WAHLSR;Wahlbeteiligung
14111;;;;2017-09-24;KREISE;;07331;;;;;;97517;Anzahl;WAHL01;Wahlberechtigte
14111;;;;2017-09-24;KREISE;;07332;;;;;;81,2;Prozent;WAHLSR;Wahlbeteiligung
14111;;;;2017-09-24;KREISE;;07332;;;;;;105022;Anzahl;WAHL01;Wahlberechtigte
14111;;;;2017-09-24;KREISE;;07333;;;;;;76,2;Prozent;WAHLSR;Wahlbeteiligung
14111;;;;2017-09-24;KREISE;;07333;;;;;;58490;Anzahl;WAHL01;Wahlberechtigte
14111;;;;2017-09-24;KREISE;;07334;;;;;;78,4;Prozent;WAHLSR;Wahlbeteiligung
14111;;;;2017-09-24;KREISE;;07334;;;;;;94287;Anzahl;WAHL01;Wahlberechtigte
14111;;;;2017-09-24;KREISE;;07335;;;;;;77,4;Prozent;WAHLSR;Wahlbeteiligung
14111;;;;2017-09-24;KREISE;;07335;;;;;;81619;Anzahl;WAHL01;Wahlberechtigte
14111;;;;2017-09-24;KREISE;;07336;;;;;;76,8;Prozent;WAHLSR;Wahlbeteiligung
14111;;;;2017-09-24;KREISE;;07336;;;;;;57338;Anzahl;WAHL01;Wahlberechtigte
14111;;;;2017-09-24;KREISE;;07337;;;;;;80,7;Prozent;WAHLSR;Wahlbeteiligung
14111;;;;2017-09-24;KREISE;;07337;;;;;;87494;Anzahl;WAHL01;Wahlberechtigte
14111;;;;2017-09-24;KREISE;;07338;;;;;;81,7;Prozent;WAHLSR;Wahlbeteiligung
14111;;;;2017-09-24;KREISE;;07338;;;;;;117136;Anzahl;WAHL01;Wahlberechtigte
14111;;;;2017-09-24;KREISE;;07339;;;;;;82,6;Prozent;WAHLSR;Wahlbeteiligung
14111;;;;2017-09-24;KREISE;;07339;;;;;;158824;Anzahl;WAHL01;Wahlberechtigte
14111;;;;2017-09-24;KREISE;;07340;;;;;;80,4;Prozent;WAHLSR;Wahlbeteiligung
14111;;;;2017-09-24;KREISE;;07340;;;;;;79282;Anzahl;WAHL01;Wahlberechtigte
14111;;;;2017-09-24;KREISE;;08111;;;;;;79,6;Prozent;WAHLSR;Wahlbeteiligung
14111;;;;2017-09-24;KREISE;;08111;;;;;;376869;Anzahl;WAHL01;Wahlberechtigte
14111;;;;2017-09-24;KREISE;;08115;;;;;;80,2;Prozent;WAHLSR;Wahlbeteiligung
14111;;;;2017-09-24;KREISE;;08115;;;;;;261381;Anzahl;WAHL01;Wahlberechtigte
14111;;;;2017-09-24;KREISE;;08116;;;;;;80,8;Prozent;WAHLSR;Wahlbeteiligung
14111;;;;2017-09-24;KREISE;;08116;;;;;;365559;Anzahl;WAHL01;Wahlberechtigte
14111;;;;2017-09-24;KREISE;;08117;;;;;;77,1;Prozent;WAHLSR;Wahlbeteiligung
14111;;;;2017-09-24;KREISE;;08117;;;;;;178409;Anzahl;WAHL01;Wahlberechtigte
14111;;;;2017-09-24;KREISE;;08118;;;;;;80,6;Prozent;WAHLSR;Wahlbeteiligung
14111;;;;2017-09-24;KREISE;;08118;;;;;;365200;Anzahl;WAHL01;Wahlberechtigte
14111;;;;2017-09-24;KREISE;;08119;;;;;;79,3;Prozent;WAHLSR;Wahlbeteiligung
14111;;;;2017-09-24;KREISE;;08119;;;;;;296469;Anzahl;WAHL01;Wahlberechtigte
14111;;;;2017-09-24;KREISE;;08121;;;;;;73,0;Prozent;WAHLSR;Wahlbeteiligung
14111;;;;2017-09-24;KREISE;;08121;;;;;;77642;Anzahl;WAHL01;Wahlberechtigte
14111;;;;2017-09-24;KREISE;;08125;;;;;;79,4;Prozent;WAHLSR;Wahlbeteiligung
14111;;;;2017-09-24;KREISE;;08125;;;;;;241562;Anzahl;WAHL01;Wahlberechtigte
14111;;;;2017-09-24;KREISE;;08126;;;;;;77,2;Prozent;WAHLSR;Wahlbeteiligung
14111;;;;2017-09-24;KREISE;;08126;;;;;;82646;Anzahl;WAHL01;Wahlberechtigte
14111;;;;2017-09-24;KREISE;;08127;;;;;;75,4;Prozent;WAHLSR;Wahlbeteiligung
14111;;;;2017-09-24;KREISE;;08127;;;;;;143139;Anzahl;WAHL01;Wahlberechtigte
14111;;;;2017-09-24;KREISE;;08128;;;;;;78,6;Prozent;WAHLSR;Wahlbeteiligung
14111;;;;2017-09-24;KREISE;;08128;;;;;;102171;Anzahl;WAHL01;Wahlberechtigte
14111;;;;2017-09-24;KREISE;;08135;;;;;;75,8;Prozent;WAHLSR;Wahlbeteiligung
14111;;;;2017-09-24;KREISE;;08135;;;;;;94168;Anzahl;WAHL01;Wahlberechtigte
14111;;;;2017-09-24;KREISE;;08136;;;;;;77,3;Prozent;WAHLSR;Wahlbeteiligung
14111;;;;2017-09-24;KREISE;;08136;;;;;;231075;Anzahl;WAHL01;Wahlberechtigte
14111;;;;2017-09-24;KREISE;;08211;;;;;;75,6;Prozent;WAHLSR;Wahlbeteiligung
14111;;;;2017-09-24;KREISE;;08211;;;;;;38689;Anzahl;WAHL01;Wahlberechtigte
14111;;;;2017-09-24;KREISE;;08212;;;;;;77,6;Prozent;WAHLSR;Wahlbeteiligung
14111;;;;2017-09-24;KREISE;;08212;;;;;;208868;Anzahl;WAHL01;Wahlberechtigte
14111;;;;2017-09-24;KREISE;;08215;;;;;;79,6;Prozent;WAHLSR;Wahlbeteiligung
14111;;;;2017-09-24;KREISE;;08215;;;;;;323462;Anzahl;WAHL01;Wahlberechtigte
14111;;;;2017-09-24;KREISE;;08216;;;;;;76,2;Prozent;WAHLSR;Wahlbeteiligung
14111;;;;2017-09-24;KREISE;;08216;;;;;;167795;Anzahl;WAHL01;Wahlberechtigte
14111;;;;2017-09-24;KREISE;;08221;;;;;;81,6;Prozent;WAHLSR;Wahlbeteiligung
14111;;;;2017-09-24;KREISE;;08221;;;;;;99213;Anzahl;WAHL01;Wahlberechtigte
14111;;;;2017-09-24;KREISE;;08222;;;;;;73,0;Prozent;WAHLSR;Wahlbeteiligung
14111;;;;2017-09-24;KREISE;;08222;;;;;;197289;Anzahl;WAHL01;Wahlberechtigte
14111;;;;2017-09-24;KREISE;;08225;;;;;;76,4;Prozent;WAHLSR;Wahlbeteiligung
14111;;;;2017-09-24;KREISE;;08225;;;;;;108705;Anzahl;WAHL01;Wahlberechtigte
14111;;;;2017-09-24;KREISE;;08226;;;;;;80,2;Prozent;WAHLSR;Wahlbeteiligung
14111;;;;2017-09-24;KREISE;;08226;;;;;;399677;Anzahl;WAHL01;Wahlberechtigte
14111;;;;2017-09-24;KREISE;;08231;;;;;;69,4;Prozent;WAHLSR;Wahlbeteiligung
14111;;;;2017-09-24;KREISE;;08231;;;;;;76473;Anzahl;WAHL01;Wahlberechtigte
14111;;;;2017-09-24;KREISE;;08235;;;;;;78,1;Prozent;WAHLSR;Wahlbeteiligung
14111;;;;2017-09-24;KREISE;;08235;;;;;;111507;Anzahl;WAHL01;Wahlberechtigte
14111;;;;2017-09-24;KREISE;;08236;;;;;;80,3;Prozent;WAHLSR;Wahlbeteiligung
14111;;;;2017-09-24;KREISE;;08236;;;;;;143104;Anzahl;WAHL01;Wahlberechtigte
14111;;;;2017-09-24;KREISE;;08237;;;;;;76,7;Prozent;WAHLSR;Wahlbeteiligung
14111;;;;2017-09-24;KREISE;;08237;;;;;;86514;Anzahl;WAHL01;Wahlberechtigte
14111;;;;2017-09-24;KREISE;;08311;;;;;;80,9;Prozent;WAHLSR;Wahlbeteiligung
14111;;;;2017-09-24;KREISE;;08311;;;;;;156234;Anzahl;WAHL01;Wahlberechtigte
14111;;;;2017-09-24;KREISE;;08315;;;;;;80,8;Prozent;WAHLSR;Wahlbeteiligung
14111;;;;2017-09-24;KREISE;;08315;;;;;;193133;Anzahl;WAHL01;Wahlberechtigte
14111;;;;2017-09-24;KREISE;;08316;;;;;;79,6;Prozent;WAHLSR;Wahlbeteiligung
14111;;;;2017-09-24;KREISE;;08316;;;;;;123390;Anzahl;WAHL01;Wahlberechtigte
14111;;;;2017-09-24;KREISE;;08317;;;;;;75,4;Prozent;WAHLSR;Wahlbeteiligung
14111;;;;2017-09-24;KREISE;;08317;;;;;;315797;Anzahl;WAHL01;Wahlberechtigte
14111;;;;2017-09-24;KREISE;;08325;;;;;;76,8;Prozent;WAHLSR;Wahlbeteiligung
14111;;;;2017-09-24;KREISE;;08325;;;;;;103246;Anzahl;WAHL01;Wahlberechtigte
14111;;;;2017-09-24;KREISE;;08326;;;;;;75,6;Prozent;WAHLSR;Wahlbeteiligung
14111;;;;2017-09-24;KREISE;;08326;;;;;;149692;Anzahl;WAHL01;Wahlberechtigte
14111;;;;2017-09-24;KREISE;;08327;;;;;;75,7;Prozent;WAHLSR;Wahlbeteiligung
14111;;;;2017-09-24;KREISE;;08327;;;;;;95981;Anzahl;WAHL01;Wahlberechtigte
14111;;;;2017-09-24;KREISE;;08335;;;;;;77,4;Prozent;WAHLSR;Wahlbeteiligung
14111;;;;2017-09-24;KREISE;;08335;;;;;;205135;Anzahl;WAHL01;Wahlberechtigte
14111;;;;2017-09-24;KREISE;;08336;;;;;;75,3;Prozent;WAHLSR;Wahlbeteiligung
14111;;;;2017-09-24;KREISE;;08336;;;;;;163239;Anzahl;WAHL01;Wahlberechtigte
14111;;;;2017-09-24;KREISE;;08337;;;;;;74,7;Prozent;WAHLSR;Wahlbeteiligung
14111;;;;2017-09-24;KREISE;;08337;;;;;;119716;Anzahl;WAHL01;Wahlberechtigte
14111;;;;2017-09-24;KREISE;;08415;;;;;;78,8;Prozent;WAHLSR;Wahlbeteiligung
14111;;;;2017-09-24;KREISE;;08415;;;;;;199934;Anzahl;WAHL01;Wahlberechtigte
14111;;;;2017-09-24;KREISE;;08416;;;;;;82,6;Prozent;WAHLSR;Wahlbeteiligung
14111;;;;2017-09-24;KREISE;;08416;;;;;;160138;Anzahl;WAHL01;Wahlberechtigte
14111;;;;2017-09-24;KREISE;;08417;;;;;;75,3;Prozent;WAHLSR;Wahlbeteiligung
14111;;;;2017-09-24;KREISE;;08417;;;;;;138802;Anzahl;WAHL01;Wahlberechtigte
14111;;;;2017-09-24;KREISE;;08421;;;;;;78,1;Prozent;WAHLSR;Wahlbeteiligung
14111;;;;2017-09-24;KREISE;;08421;;;;;;83048;Anzahl;WAHL01;Wahlberechtigte
14111;;;;2017-09-24;KREISE;;08425;;;;;;80,6;Prozent;WAHLSR;Wahlbeteiligung
14111;;;;2017-09-24;KREISE;;08425;;;;;;139625;Anzahl;WAHL01;Wahlberechtigte
14111;;;;2017-09-24;KREISE;;08426;;;;;;78,9;Prozent;WAHLSR;Wahlbeteiligung
14111;;;;2017-09-24;KREISE;;08426;;;;;;145848;Anzahl;WAHL01;Wahlberechtigte
14111;;;;2017-09-24;KREISE;;08435;;;;;;79,9;Prozent;WAHLSR;Wahlbeteiligung
14111;;;;2017-09-24;KREISE;;08435;;;;;;157226;Anzahl;WAHL01;Wahlberechtigte
14111;;;;2017-09-24;KREISE;;08436;;;;;;78,2;Prozent;WAHLSR;Wahlbeteiligung
14111;;;;2017-09-24;KREISE;;08436;;;;;;208135;Anzahl;WAHL01;Wahlberechtigte
14111;;;;2017-09-24;KREISE;;08437;;;;;;76,5;Prozent;WAHLSR;Wahlbeteiligung
14111;;;;2017-09-24;KREISE;;08437;;;;;;96692;Anzahl;WAHL01;Wahlberechtigte
14111;;;;2017-09-24;KREISE;;09161;;;;;;71,4;Prozent;WAHLSR;Wahlbeteiligung
14111;;;;2017-09-24;KREISE;;09161;;;;;;91076;Anzahl;WAHL01;Wahlberechtigte
14111;;;;2017-09-24;KREISE;;09162;;;;;;78,5;Prozent;WAHLSR;Wahlbeteiligung
14111;;;;2017-09-24;KREISE;;09162;;;;;;923612;Anzahl;WAHL01;Wahlberechtigte
14111;;;;2017-09-24;KREISE;;09163;;;;;;74,2;Prozent;WAHLSR;Wahlbeteiligung
14111;;;;2017-09-24;KREISE;;09163;;;;;;41335;Anzahl;WAHL01;Wahlberechtigte
14111;;;;2017-09-24;KREISE;;09171;;;;;;74,9;Prozent;WAHLSR;Wahlbeteiligung
14111;;;;2017-09-24;KREISE;;09171;;;;;;82790;Anzahl;WAHL01;Wahlberechtigte
14111;;;;2017-09-24;KREISE;;09172;;;;;;75,8;Prozent;WAHLSR;Wahlbeteiligung
14111;;;;2017-09-24;KREISE;;09172;;;;;;74656;Anzahl;WAHL01;Wahlberechtigte
14111;;;;2017-09-24;KREISE;;09173;;;;;;79,9;Prozent;WAHLSR;Wahlbeteiligung
14111;;;;2017-09-24;KREISE;;09173;;;;;;92461;Anzahl;WAHL01;Wahlberechtigte
14111;;;;2017-09-24;KREISE;;09174;;;;;;81,5;Prozent;WAHLSR;Wahlbeteiligung
14111;;;;2017-09-24;KREISE;;09174;;;;;;104757;Anzahl;WAHL01;Wahlberechtigte
14111;;;;2017-09-24;KREISE;;09175;;;;;;84,1;Prozent;WAHLSR;Wahlbeteiligung
14111;;;;2017-09-24;KREISE;;09175;;;;;;98996;Anzahl;WAHL01;Wahlberechtigte
14111;;;;2017-09-24;KREISE;;09176;;;;;;82,2;Prozent;WAHLSR;Wahlbeteiligung
14111;;;;2017-09-24;KREISE;;09176;;;;;;97698;Anzahl;WAHL01;Wahlberechtigte
14111;;;;2017-09-24;KREISE;;09177;;;;;;80,8;Prozent;WAHLSR;Wahlbeteiligung
14111;;;;2017-09-24;KREISE;;09177;;;;;;99202;Anzahl;WAHL01;Wahlberechtigte
14111;;;;2017-09-24;KREISE;;09178;;;;;;80,6;Prozent;WAHLSR;Wahlbeteiligung
14111;;;;2017-09-24;KREISE;;09178;;;;;;121069;Anzahl;WAHL01;Wahlberechtigte
14111;;;;2017-09-24;KREISE;;09179;;;;;;82,4;Prozent;WAHLSR;Wahlbeteiligung
14111;;;;2017-09-24;KREISE;;09179;;;;;;154694;Anzahl;WAHL01;Wahlberechtigte
14111;;;;2017-09-24;KREISE;;09180;;;;;;79,7;Prozent;WAHLSR;Wahlbeteiligung
14111;;;;2017-09-24;KREISE;;09180;;;;;;65566;Anzahl;WAHL01;Wahlberechtigte
14111;;;;2017-09-24;KREISE;;09181;;;;;;81,8;Prozent;WAHLSR;Wahlbeteiligung
14111;;;;2017-09-24;KREISE;;09181;;;;;;89756;Anzahl;WAHL01;Wahlberechtigte
14111;;;;2017-09-24;KREISE;;09182;;;;;;80,4;Prozent;WAHLSR;Wahlbeteiligung
14111;;;;2017-09-24;KREISE;;09182;;;;;;73066;Anzahl;WAHL01;Wahlberechtigte
14111;;;;2017-09-24;KREISE;;09183;;;;;;75,9;Prozent;WAHLSR;Wahlbeteiligung
14111;;;;2017-09-24;KREISE;;09183;;;;;;85431;Anzahl;WAHL01;Wahlberechtigte
14111;;;;2017-09-24;KREISE;;09184;;;;;;83,9;Prozent;WAHLSR;Wahlbeteiligung
14111;;;;2017-09-24;KREISE;;09184;;;;;;235172;Anzahl;WAHL01;Wahlberechtigte
14111;;;;2017-09-24;KREISE;;09185;;;;;;77,8;Prozent;WAHLSR;Wahlbeteiligung
14111;;;;2017-09-24;KREISE;;09185;;;;;;71702;Anzahl;WAHL01;Wahlberechtigte
14111;;;;2017-09-24;KREISE;;09186;;;;;;77,6;Prozent;WAHLSR;Wahlbeteiligung
14111;;;;2017-09-24;KREISE;;09186;;;;;;92806;Anzahl;WAHL01;Wahlberechtigte
14111;;;;2017-09-24;KREISE;;09187;;;;;;80,4;Prozent;WAHLSR;Wahlbeteiligung
14111;;;;2017-09-24;KREISE;;09187;;;;;;193835;Anzahl;WAHL01;Wahlberechtigte
14111;;;;2017-09-24;KREISE;;09188;;;;;;84,4;Prozent;WAHLSR;Wahlbeteiligung
14111;;;;2017-09-24;KREISE;;09188;;;;;;96546;Anzahl;WAHL01;Wahlberechtigte
14111;;;;2017-09-24;KREISE;;09189;;;;;;77,7;Prozent;WAHLSR;Wahlbeteiligung
14111;;;;2017-09-24;KREISE;;09189;;;;;;133810;Anzahl;WAHL01;Wahlberechtigte
14111;;;;2017-09-24;KREISE;;09190;;;;;;80,8;Prozent;WAHLSR;Wahlbeteiligung
14111;;;;2017-09-24;KREISE;;09190;;;;;;101593;Anzahl;WAHL01;Wahlberechtigte
14111;;;;2017-09-24;KREISE;;09261;;;;;;75,1;Prozent;WAHLSR;Wahlbeteiligung
14111;;;;2017-09-24;KREISE;;09261;;;;;;49285;Anzahl;WAHL01;Wahlberechtigte
14111;;;;2017-09-24;KREISE;;09262;;;;;;73,7;Prozent;WAHLSR;Wahlbeteiligung
14111;;;;2017-09-24;KREISE;;09262;;;;;;38052;Anzahl;WAHL01;Wahlberechtigte
14111;;;;2017-09-24;KREISE;;09263;;;;;;67,9;Prozent;WAHLSR;Wahlbeteiligung
14111;;;;2017-09-24;KREISE;;09263;;;;;;34344;Anzahl;WAHL01;Wahlberechtigte
14111;;;;2017-09-24;KREISE;;09271;;;;;;71,3;Prozent;WAHLSR;Wahlbeteiligung
14111;;;;2017-09-24;KREISE;;09271;;;;;;91951;Anzahl;WAHL01;Wahlberechtigte
14111;;;;2017-09-24;KREISE;;09272;;;;;;72,3;Prozent;WAHLSR;Wahlbeteiligung
14111;;;;2017-09-24;KREISE;;09272;;;;;;63822;Anzahl;WAHL01;Wahlberechtigte
14111;;;;2017-09-24;KREISE;;09273;;;;;;76,1;Prozent;WAHLSR;Wahlbeteiligung
14111;;;;2017-09-24;KREISE;;09273;;;;;;88028;Anzahl;WAHL01;Wahlberechtigte
14111;;;;2017-09-24;KREISE;;09274;;;;;;79,1;Prozent;WAHLSR;Wahlbeteiligung
14111;;;;2017-09-24;KREISE;;09274;;;;;;117820;Anzahl;WAHL01;Wahlberechtigte
14111;;;;2017-09-24;KREISE;;09275;;;;;;73,9;Prozent;WAHLSR;Wahlbeteiligung
14111;;;;2017-09-24;KREISE;;09275;;;;;;150221;Anzahl;WAHL01;Wahlberechtigte
14111;;;;2017-09-24;KREISE;;09276;;;;;;73,0;Prozent;WAHLSR;Wahlbeteiligung
14111;;;;2017-09-24;KREISE;;09276;;;;;;62255;Anzahl;WAHL01;Wahlberechtigte
14111;;;;2017-09-24;KREISE;;09277;;;;;;73,9;Prozent;WAHLSR;Wahlbeteiligung
14111;;;;2017-09-24;KREISE;;09277;;;;;;92055;Anzahl;WAHL01;Wahlberechtigte
14111;;;;2017-09-24;KREISE;;09278;;;;;;78,4;Prozent;WAHLSR;Wahlbeteiligung
14111;;;;2017-09-24;KREISE;;09278;;;;;;77354;Anzahl;WAHL01;Wahlberechtigte
14111;;;;2017-09-24;KREISE;;09279;;;;;;73,0;Prozent;WAHLSR;Wahlbeteiligung
14111;;;;2017-09-24;KREISE;;09279;;;;;;71290;Anzahl;WAHL01;Wahlberechtigte
14111;;;;2017-09-24;KREISE;;09361;;;;;;70,7;Prozent;WAHLSR;Wahlbeteiligung
14111;;;;2017-09-24;KREISE;;09361;;;;;;32744;Anzahl;WAHL01;Wahlberechtigte
14111;;;;2017-09-24;KREISE;;09362;;;;;;76,4;Prozent;WAHLSR;Wahlbeteiligung
14111;;;;2017-09-24;KREISE;;09362;;;;;;105833;Anzahl;WAHL01;Wahlberechtigte
14111;;;;2017-09-24;KREISE;;09363;;;;;;70,5;Prozent;WAHLSR;Wahlbeteiligung
14111;;;;2017-09-24;KREISE;;09363;;;;;;32995;Anzahl;WAHL01;Wahlberechtigte
14111;;;;2017-09-24;KREISE;;09371;;;;;;79,1;Prozent;WAHLSR;Wahlbeteiligung
14111;;;;2017-09-24;KREISE;;09371;;;;;;82116;Anzahl;WAHL01;Wahlberechtigte
14111;;;;2017-09-24;KREISE;;09372;;;;;;74,0;Prozent;WAHLSR;Wahlbeteiligung
14111;;;;2017-09-24;KREISE;;09372;;;;;;101946;Anzahl;WAHL01;Wahlberechtigte
14111;;;;2017-09-24;KREISE;;09373;;;;;;80,6;Prozent;WAHLSR;Wahlbeteiligung
14111;;;;2017-09-24;KREISE;;09373;;;;;;101016;Anzahl;WAHL01;Wahlberechtigte
14111;;;;2017-09-24;KREISE;;09374;;;;;;79,3;Prozent;WAHLSR;Wahlbeteiligung
14111;;;;2017-09-24;KREISE;;09374;;;;;;75953;Anzahl;WAHL01;Wahlberechtigte
14111;;;;2017-09-24;KREISE;;09375;;;;;;80,2;Prozent;WAHLSR;Wahlbeteiligung
14111;;;;2017-09-24;KREISE;;09375;;;;;;147083;Anzahl;WAHL01;Wahlberechtigte
14111;;;;2017-09-24;KREISE;;09376;;;;;;76,1;Prozent;WAHLSR;Wahlbeteiligung
14111;;;;2017-09-24;KREISE;;09376;;;;;;114472;Anzahl;WAHL01;Wahlberechtigte
14111;;;;2017-09-24;KREISE;;09377;;;;;;79,0;Prozent;WAHLSR;Wahlbeteiligung
14111;;;;2017-09-24;KREISE;;09377;;;;;;59467;Anzahl;WAHL01;Wahlberechtigte
14111;;;;2017-09-24;KREISE;;09461;;;;;;76,0;Prozent;WAHLSR;Wahlbeteiligung
14111;;;;2017-09-24;KREISE;;09461;;;;;;55773;Anzahl;WAHL01;Wahlberechtigte
14111;;;;2017-09-24;KREISE;;09462;;;;;;73,2;Prozent;WAHLSR;Wahlbeteiligung
14111;;;;2017-09-24;KREISE;;09462;;;;;;57170;Anzahl;WAHL01;Wahlberechtigte
14111;;;;2017-09-24;KREISE;;09463;;;;;;74,0;Prozent;WAHLSR;Wahlbeteiligung
14111;;;;2017-09-24;KREISE;;09463;;;;;;31781;Anzahl;WAHL01;Wahlberechtigte
14111;;;;2017-09-24;KREISE;;09464;;;;;;70,7;Prozent;WAHLSR;Wahlbeteiligung
14111;;;;2017-09-24;KREISE;;09464;;;;;;33437;Anzahl;WAHL01;Wahlberechtigte
14111;;;;2017-09-24;KREISE;;09471;;;;;;81,3;Prozent;WAHLSR;Wahlbeteiligung
14111;;;;2017-09-24;KREISE;;09471;;;;;;116290;Anzahl;WAHL01;Wahlberechtigte
14111;;;;2017-09-24;KREISE;;09472;;;;;;79,8;Prozent;WAHLSR;Wahlbeteiligung
14111;;;;2017-09-24;KREISE;;09472;;;;;;84462;Anzahl;WAHL01;Wahlberechtigte
14111;;;;2017-09-24;KREISE;;09473;;;;;;78,6;Prozent;WAHLSR;Wahlbeteiligung
14111;;;;2017-09-24;KREISE;;09473;;;;;;70038;Anzahl;WAHL01;Wahlberechtigte
14111;;;;2017-09-24;KREISE;;09474;;;;;;81,7;Prozent;WAHLSR;Wahlbeteiligung
14111;;;;2017-09-24;KREISE;;09474;;;;;;90139;Anzahl;WAHL01;Wahlberechtigte
14111;;;;2017-09-24;KREISE;;09475;;;;;;78,4;Prozent;WAHLSR;Wahlbeteiligung
14111;;;;2017-09-24;KREISE;;09475;;;;;;77737;Anzahl;WAHL01;Wahlberechtigte
14111;;;;2017-09-24;KREISE;;09476;;;;;;77,2;Prozent;WAHLSR;Wahlbeteiligung
14111;;;;2017-09-24;KREISE;;09476;;;;;;55446;Anzahl;WAHL01;Wahlberechtigte
14111;;;;2017-09-24;KREISE;;09477;;;;;;77,8;Prozent;WAHLSR;Wahlbeteiligung
14111;;;;2017-09-24;KREISE;;09477;;;;;;59443;Anzahl;WAHL01;Wahlberechtigte
14111;;;;2017-09-24;KREISE;;09478;;;;;;76,7;Prozent;WAHLSR;Wahlbeteiligung
14111;;;;2017-09-24;KREISE;;09478;;;;;;54067;Anzahl;WAHL01;Wahlberechtigte
14111;;;;2017-09-24;KREISE;;09479;;;;;;75,2;Prozent;WAHLSR;Wahlbeteiligung
14111;;;;2017-09-24;KREISE;;09479;;;;;;58767;Anzahl;WAHL01;Wahlberechtigte
14111;;;;2017-09-24;KREISE;;09561;;;;;;71,5;Prozent;WAHLSR;Wahlbeteiligung
14111;;;;2017-09-24;KREISE;;09561;;;;;;31067;Anzahl;WAHL01;Wahlberechtigte
14111;;;;2017-09-24;KREISE;;09562;;;;;;80,4;Prozent;WAHLSR;Wahlbeteiligung
14111;;;;2017-09-24;KREISE;;09562;;;;;;77280;Anzahl;WAHL01;Wahlberechtigte
14111;;;;2017-09-24;KREISE;;09563;;;;;;73,7;Prozent;WAHLSR;Wahlbeteiligung
14111;;;;2017-09-24;KREISE;;09563;;;;;;86606;Anzahl;WAHL01;Wahlberechtigte
14111;;;;2017-09-24;KREISE;;09564;;;;;;74,2;Prozent;WAHLSR;Wahlbeteiligung
14111;;;;2017-09-24;KREISE;;09564;;;;;;343832;Anzahl;WAHL01;Wahlberechtigte
14111;;;;2017-09-24;KREISE;;09565;;;;;;76,7;Prozent;WAHLSR;Wahlbeteiligung
14111;;;;2017-09-24;KREISE;;09565;;;;;;30191;Anzahl;WAHL01;Wahlberechtigte
14111;;;;2017-09-24;KREISE;;09571;;;;;;77,8;Prozent;WAHLSR;Wahlbeteiligung
14111;;;;2017-09-24;KREISE;;09571;;;;;;140308;Anzahl;WAHL01;Wahlberechtigte
14111;;;;2017-09-24;KREISE;;09572;;;;;;83,0;Prozent;WAHLSR;Wahlbeteiligung
14111;;;;2017-09-24;KREISE;;09572;;;;;;103450;Anzahl;WAHL01;Wahlberechtigte
14111;;;;2017-09-24;KREISE;;09573;;;;;;81,5;Prozent;WAHLSR;Wahlbeteiligung
14111;;;;2017-09-24;KREISE;;09573;;;;;;91482;Anzahl;WAHL01;Wahlberechtigte
14111;;;;2017-09-24;KREISE;;09574;;;;;;82,2;Prozent;WAHLSR;Wahlbeteiligung
14111;;;;2017-09-24;KREISE;;09574;;;;;;130070;Anzahl;WAHL01;Wahlberechtigte
14111;;;;2017-09-24;KREISE;;09575;;;;;;78,1;Prozent;WAHLSR;Wahlbeteiligung
14111;;;;2017-09-24;KREISE;;09575;;;;;;77403;Anzahl;WAHL01;Wahlberechtigte
14111;;;;2017-09-24;KREISE;;09576;;;;;;81,0;Prozent;WAHLSR;Wahlbeteiligung
14111;;;;2017-09-24;KREISE;;09576;;;;;;97490;Anzahl;WAHL01;Wahlberechtigte
14111;;;;2017-09-24;KREISE;;09577;;;;;;75,3;Prozent;WAHLSR;Wahlbeteiligung
14111;;;;2017-09-24;KREISE;;09577;;;;;;72385;Anzahl;WAHL01;Wahlberechtigte
14111;;;;2017-09-24;KREISE;;09661;;;;;;73,5;Prozent;WAHLSR;Wahlbeteiligung
14111;;;;2017-09-24;KREISE;;09661;;;;;;49763;Anzahl;WAHL01;Wahlberechtigte
14111;;;;2017-09-24;KREISE;;09662;;;;;;69,3;Prozent;WAHLSR;Wahlbeteiligung
14111;;;;2017-09-24;KREISE;;09662;;;;;;37922;Anzahl;WAHL01;Wahlberechtigte
14111;;;;2017-09-24;KREISE;;09663;;;;;;77,3;Prozent;WAHLSR;Wahlbeteiligung
14111;;;;2017-09-24;KREISE;;09663;;;;;;98602;Anzahl;WAHL01;Wahlberechtigte
14111;;;;2017-09-24;KREISE;;09671;;;;;;81,1;Prozent;WAHLSR;Wahlbeteiligung
14111;;;;2017-09-24;KREISE;;09671;;;;;;133599;Anzahl;WAHL01;Wahlberechtigte
14111;;;;2017-09-24;KREISE;;09672;;;;;;78,7;Prozent;WAHLSR;Wahlbeteiligung
14111;;;;2017-09-24;KREISE;;09672;;;;;;83783;Anzahl;WAHL01;Wahlberechtigte
14111;;;;2017-09-24;KREISE;;09673;;;;;;78,3;Prozent;WAHLSR;Wahlbeteiligung
14111;;;;2017-09-24;KREISE;;09673;;;;;;64277;Anzahl;WAHL01;Wahlberechtigte
14111;;;;2017-09-24;KREISE;;09674;;;;;;80,8;Prozent;WAHLSR;Wahlbeteiligung
14111;;;;2017-09-24;KREISE;;09674;;;;;;67970;Anzahl;WAHL01;Wahlberechtigte
14111;;;;2017-09-24;KREISE;;09675;;;;;;79,1;Prozent;WAHLSR;Wahlbeteiligung
14111;;;;2017-09-24;KREISE;;09675;;;;;;69300;Anzahl;WAHL01;Wahlberechtigte
14111;;;;2017-09-24;KREISE;;09676;;;;;;79,3;Prozent;WAHLSR;Wahlbeteiligung
14111;;;;2017-09-24;KREISE;;09676;;;;;;95773;Anzahl;WAHL01;Wahlberechtigte
14111;;;;2017-09-24;KREISE;;09677;;;;;;80,9;Prozent;WAHLSR;Wahlbeteiligung
14111;;;;2017-09-24;KREISE;;09677;;;;;;100410;Anzahl;WAHL01;Wahlberechtigte
14111;;;;2017-09-24;KREISE;;09678;;;;;;81,7;Prozent;WAHLSR;Wahlbeteiligung
14111;;;;2017-09-24;KREISE;;09678;;;;;;91819;Anzahl;WAHL01;Wahlberechtigte
14111;;;;2017-09-24;KREISE;;09679;;;;;;83,8;Prozent;WAHLSR;Wahlbeteiligung
14111;;;;2017-09-24;KREISE;;09679;;;;;;127396;Anzahl;WAHL01;Wahlberechtigte
14111;;;;2017-09-24;KREISE;;09761;;;;;;72,4;Prozent;WAHLSR;Wahlbeteiligung
14111;;;;2017-09-24;KREISE;;09761;;;;;;189687;Anzahl;WAHL01;Wahlberechtigte
14111;;;;2017-09-24;KREISE;;09762;;;;;;71,8;Prozent;WAHLSR;Wahlbeteiligung
14111;;;;2017-09-24;KREISE;;09762;;;;;;31316;Anzahl;WAHL01;Wahlberechtigte
14111;;;;2017-09-24;KREISE;;09763;;;;;;72,1;Prozent;WAHLSR;Wahlbeteiligung
14111;;;;2017-09-24;KREISE;;09763;;;;;;48267;Anzahl;WAHL01;Wahlberechtigte
14111;;;;2017-09-24;KREISE;;09764;;;;;;73,4;Prozent;WAHLSR;Wahlbeteiligung
14111;;;;2017-09-24;KREISE;;09764;;;;;;29462;Anzahl;WAHL01;Wahlberechtigte
14111;;;;2017-09-24;KREISE;;09771;;;;;;80,8;Prozent;WAHLSR;Wahlbeteiligung
14111;;;;2017-09-24;KREISE;;09771;;;;;;100245;Anzahl;WAHL01;Wahlberechtigte
14111;;;;2017-09-24;KREISE;;09772;;;;;;79,1;Prozent;WAHLSR;Wahlbeteiligung
14111;;;;2017-09-24;KREISE;;09772;;;;;;187683;Anzahl;WAHL01;Wahlberechtigte
14111;;;;2017-09-24;KREISE;;09773;;;;;;75,6;Prozent;WAHLSR;Wahlbeteiligung
14111;;;;2017-09-24;KREISE;;09773;;;;;;72289;Anzahl;WAHL01;Wahlberechtigte
14111;;;;2017-09-24;KREISE;;09774;;;;;;74,4;Prozent;WAHLSR;Wahlbeteiligung
14111;;;;2017-09-24;KREISE;;09774;;;;;;89816;Anzahl;WAHL01;Wahlberechtigte
14111;;;;2017-09-24;KREISE;;09775;;;;;;76,6;Prozent;WAHLSR;Wahlbeteiligung
14111;;;;2017-09-24;KREISE;;09775;;;;;;123373;Anzahl;WAHL01;Wahlberechtigte
14111;;;;2017-09-24;KREISE;;09776;;;;;;78,2;Prozent;WAHLSR;Wahlbeteiligung
14111;;;;2017-09-24;KREISE;;09776;;;;;;59631;Anzahl;WAHL01;Wahlberechtigte
14111;;;;2017-09-24;KREISE;;09777;;;;;;79,7;Prozent;WAHLSR;Wahlbeteiligung
14111;;;;2017-09-24;KREISE;;09777;;;;;;105237;Anzahl;WAHL01;Wahlberechtigte
14111;;;;2017-09-24;KREISE;;09778;;;;;;78,0;Prozent;WAHLSR;Wahlbeteiligung
14111;;;;2017-09-24;KREISE;;09778;;;;;;107982;Anzahl;WAHL01;Wahlberechtigte
14111;;;;2017-09-24;KREISE;;09779;;;;;;78,6;Prozent;WAHLSR;Wahlbeteiligung
14111;;;;2017-09-24;KREISE;;09779;;;;;;100218;Anzahl;WAHL01;Wahlberechtigte
14111;;;;2017-09-24;KREISE;;09780;;;;;;80,1;Prozent;WAHLSR;Wahlbeteiligung
14111;;;;2017-09-24;KREISE;;09780;;;;;;118706;Anzahl;WAHL01;Wahlberechtigte
14111;;;;2017-09-24;KREISE;;10041;;;;;;74,2;Prozent;WAHLSR;Wahlbeteiligung
14111;;;;2017-09-24;KREISE;;10041;;;;;;246897;Anzahl;WAHL01;Wahlberechtigte
14111;;;;2017-09-24;KREISE;;10041100;;;;;;72,9;Prozent;WAHLSR;Wahlbeteiligung
14111;;;;2017-09-24;KREISE;;10041100;;;;;;128553;Anzahl;WAHL01;Wahlberechtigte
14111;;;;2017-09-24;KREISE;;10042;;;;;;78,1;Prozent;WAHLSR;Wahlbeteiligung
14111;;;;2017-09-24;KREISE;;10042;;;;;;79847;Anzahl;WAHL01;Wahlberechtigte
14111;;;;2017-09-24;KREISE;;10043;;;;;;74,9;Prozent;WAHLSR;Wahlbeteiligung
14111;;;;2017-09-24;KREISE;;10043;;;;;;106805;Anzahl;WAHL01;Wahlberechtigte
14111;;;;2017-09-24;KREISE;;10044;;;;;;77,2;Prozent;WAHLSR;Wahlbeteiligung
14111;;;;2017-09-24;KREISE;;10044;;;;;;155321;Anzahl;WAHL01;Wahlberechtigte
14111;;;;2017-09-24;KREISE;;10045;;;;;;78,5;Prozent;WAHLSR;Wahlbeteiligung
14111;;;;2017-09-24;KREISE;;10045;;;;;;115221;Anzahl;WAHL01;Wahlberechtigte
14111;;;;2017-09-24;KREISE;;10046;;;;;;81,5;Prozent;WAHLSR;Wahlbeteiligung
14111;;;;2017-09-24;KREISE;;10046;;;;;;73173;Anzahl;WAHL01;Wahlberechtigte
14111;;;;2017-09-24;KREISE;;11000;;;;;;75,6;Prozent;WAHLSR;Wahlbeteiligung
14111;;;;2017-09-24;KREISE;;11000;;;;;;2503070;Anzahl;WAHL01;Wahlberechtigte
14111;;;;2017-09-24;KREISE;;11001001;;;;;;73,2;Prozent;WAHLSR;Wahlbeteiligung
14111;;;;2017-09-24;KREISE;;11001001;;;;;;206706;Anzahl;WAHL01;Wahlberechtigte
14111;;;;2017-09-24;KREISE;;11002002;;;;;;77,3;Prozent;WAHLSR;Wahlbeteiligung
14111;;;;2017-09-24;KREISE;;11002002;;;;;;172386;Anzahl;WAHL01;Wahlberechtigte
14111;;;;2017-09-24;KREISE;;11003003;;;;;;79,3;Prozent;WAHLSR;Wahlbeteiligung
14111;;;;2017-09-24;KREISE;;11003003;;;;;;288112;Anzahl;WAHL01;Wahlberechtigte
14111;;;;2017-09-24;KREISE;;11004004;;;;;;78,6;Prozent;WAHLSR;Wahlbeteiligung
14111;;;;2017-09-24;KREISE;;11004004;;;;;;220328;Anzahl;WAHL01;Wahlberechtigte
14111;;;;2017-09-24;KREISE;;11005005;;;;;;72,4;Prozent;WAHLSR;Wahlbeteiligung
14111;;;;2017-09-24;KREISE;;11005005;;;;;;162952;Anzahl;WAHL01;Wahlberechtigte
14111;;;;2017-09-24;KREISE;;11006006;;;;;;81,7;Prozent;WAHLSR;Wahlbeteiligung
14111;;;;2017-09-24;KREISE;;11006006;;;;;;221210;Anzahl;WAHL01;Wahlberechtigte
14111;;;;2017-09-24;KREISE;;11007007;;;;;;77,0;Prozent;WAHLSR;Wahlbeteiligung
14111;;;;2017-09-24;KREISE;;11007007;;;;;;235250;Anzahl;WAHL01;Wahlberechtigte
14111;;;;2017-09-24;KREISE;;11008008;;;;;;70,8;Prozent;WAHLSR;Wahlbeteiligung
14111;;;;2017-09-24;KREISE;;11008008;;;;;;202618;Anzahl;WAHL01;Wahlberechtigte
14111;;;;2017-09-24;KREISE;;11009009;;;;;;76,6;Prozent;WAHLSR;Wahlbeteiligung
14111;;;;2017-09-24;KREISE;;11009009;;;;;;205106;Anzahl;WAHL01;Wahlberechtigte
14111;;;;2017-09-24;KREISE;;11010010;;;;;;69,3;Prozent;WAHLSR;Wahlbeteiligung
14111;;;;2017-09-24;KREISE;;11010010;;;;;;200704;Anzahl;WAHL01;Wahlberechtigte
14111;;;;2017-09-24;KREISE;;11011011;;;;;;72,6;Prozent;WAHLSR;Wahlbeteiligung
14111;;;;2017-09-24;KREISE;;11011011;;;;;;205300;Anzahl;WAHL01;Wahlberechtigte
14111;;;;2017-09-24;KREISE;;11012012;;;;;;75,2;Prozent;WAHLSR;Wahlbeteiligung
14111;;;;2017-09-24;KREISE;;11012012;;;;;;182398;Anzahl;WAHL01;Wahlberechtigte
14111;;;;2017-09-24;KREISE;;12051;;;;;;65,7;Prozent;WAHLSR;Wahlbeteiligung
14111;;;;2017-09-24;KREISE;;12051;;;;;;59272;Anzahl;WAHL01;Wahlberechtigte
14111;;;;2017-09-24;KREISE;;12052;;;;;;72,7;Prozent;WAHLSR;Wahlbeteiligung
14111;;;;2017-09-24;KREISE;;12052;;;;;;79990;Anzahl;WAHL01;Wahlberechtigte
14111;;;;2017-09-24;KREISE;;12053;;;;;;69,2;Prozent;WAHLSR;Wahlbeteiligung
14111;;;;2017-09-24;KREISE;;12053;;;;;;45822;Anzahl;WAHL01;Wahlberechtigte
14111;;;;2017-09-24;KREISE;;12054;;;;;;78,8;Prozent;WAHLSR;Wahlbeteiligung
14111;;;;2017-09-24;KREISE;;12054;;;;;;132891;Anzahl;WAHL01;Wahlberechtigte
14111;;;;2017-09-24;KREISE;;12060;;;;;;74,3;Prozent;WAHLSR;Wahlbeteiligung
14111;;;;2017-09-24;KREISE;;12060;;;;;;150338;Anzahl;WAHL01;Wahlberechtigte
14111;;;;2017-09-24;KREISE;;12061;;;;;;76,3;Prozent;WAHLSR;Wahlbeteiligung
14111;;;;2017-09-24;KREISE;;12061;;;;;;135794;Anzahl;WAHL01;Wahlberechtigte
14111;;;;2017-09-24;KREISE;;12062;;;;;;74,5;Prozent;WAHLSR;Wahlbeteiligung
14111;;;;2017-09-24;KREISE;;12062;;;;;;87876;Anzahl;WAHL01;Wahlberechtigte
14111;;;;2017-09-24;KREISE;;12063;;;;;;73,8;Prozent;WAHLSR;Wahlbeteiligung
14111;;;;2017-09-24;KREISE;;12063;;;;;;130447;Anzahl;WAHL01;Wahlberechtigte
14111;;;;2017-09-24;KREISE;;12064;;;;;;73,9;Prozent;WAHLSR;Wahlbeteiligung
14111;;;;2017-09-24;KREISE;;12064;;;;;;159563;Anzahl;WAHL01;Wahlberechtigte
14111;;;;2017-09-24;KREISE;;12065;;;;;;74,9;Prozent;WAHLSR;Wahlbeteiligung
14111;;;;2017-09-24;KREISE;;12065;;;;;;171134;Anzahl;WAHL01;Wahlberechtigte
14111;;;;2017-09-24;KREISE;;12066;;;;;;71,9;Prozent;WAHLSR;Wahlbeteiligung
14111;;;;2017-09-24;KREISE;;12066;;;;;;94308;Anzahl;WAHL01;Wahlberechtigte
14111;;;;2017-09-24;KREISE;;12067;;;;;;72,7;Prozent;WAHLSR;Wahlbeteiligung
14111;;;;2017-09-24;KREISE;;12067;;;;;;148937;Anzahl;WAHL01;Wahlberechtigte
14111;;;;2017-09-24;KREISE;;12068;;;;;;68,1;Prozent;WAHLSR;Wahlbeteiligung
14111;;;;2017-09-24;KREISE;;12068;;;;;;83395;Anzahl;WAHL01;Wahlberechtigte
14111;;;;2017-09-24;KREISE;;12069;;;;;;77,8;Prozent;WAHLSR;Wahlbeteiligung
14111;;;;2017-09-24;KREISE;;12069;;;;;;171603;Anzahl;WAHL01;Wahlberechtigte
14111;;;;2017-09-24;KREISE;;12070;;;;;;69,5;Prozent;WAHLSR;Wahlbeteiligung
14111;;;;2017-09-24;KREISE;;12070;;;;;;65244;Anzahl;WAHL01;Wahlberechtigte
14111;;;;2017-09-24;KREISE;;12071;;;;;;75,0;Prozent;WAHLSR;Wahlbeteiligung
14111;;;;2017-09-24;KREISE;;12071;;;;;;98686;Anzahl;WAHL01;Wahlberechtigte
14111;;;;2017-09-24;KREISE;;12072;;;;;;73,5;Prozent;WAHLSR;Wahlbeteiligung
14111;;;;2017-09-24;KREISE;;12072;;;;;;135020;Anzahl;WAHL01;Wahlberechtigte
14111;;;;2017-09-24;KREISE;;12073;;;;;;69,4;Prozent;WAHLSR;Wahlbeteiligung
14111;;;;2017-09-24;KREISE;;12073;;;;;;101239;Anzahl;WAHL01;Wahlberechtigte
14111;;;;2017-09-24;KREISE;;13001;;;;;;-;Prozent;WAHLSR;Wahlbeteiligung
14111;;;;2017-09-24;KREISE;;13001;;;;;;-;Anzahl;WAHL01;Wahlberechtigte
14111;;;;2017-09-24;KREISE;;13002;;;;;;-;Prozent;WAHLSR;Wahlbeteiligung
14111;;;;2017-09-24;KREISE;;13002;;;;;;-;Anzahl;WAHL01;Wahlberechtigte
14111;;;;2017-09-24;KREISE;;13003;;;;;;72,2;Prozent;WAHLSR;Wahlbeteiligung
14111;;;;2017-09-24;KREISE;;13003;;;;;;168771;Anzahl;WAHL01;Wahlberechtigte
14111;;;;2017-09-24;KREISE;;13004;;;;;;72,5;Prozent;WAHLSR;Wahlbeteiligung
14111;;;;2017-09-24;KREISE;;13004;;;;;;76665;Anzahl;WAHL01;Wahlberechtigte
14111;;;;2017-09-24;KREISE;;13005;;;;;;-;Prozent;WAHLSR;Wahlbeteiligung
14111;;;;2017-09-24;KREISE;;13005;;;;;;-;Anzahl;WAHL01;Wahlberechtigte
14111;;;;2017-09-24;KREISE;;13006;;;;;;-;Prozent;WAHLSR;Wahlbeteiligung
14111;;;;2017-09-24;KREISE;;13006;;;;;;-;Anzahl;WAHL01;Wahlberechtigte
14111;;;;2017-09-24;KREISE;;13051;;;;;;-;Prozent;WAHLSR;Wahlbeteiligung
14111;;;;2017-09-24;KREISE;;13051;;;;;;-;Anzahl;WAHL01;Wahlberechtigte
14111;;;;2017-09-24;KREISE;;13052;;;;;;-;Prozent;WAHLSR;Wahlbeteiligung
14111;;;;2017-09-24;KREISE;;13052;;;;;;-;Anzahl;WAHL01;Wahlberechtigte
14111;;;;2017-09-24;KREISE;;13053;;;;;;-;Prozent;WAHLSR;Wahlbeteiligung
14111;;;;2017-09-24;KREISE;;13053;;;;;;-;Anzahl;WAHL01;Wahlberechtigte
14111;;;;2017-09-24;KREISE;;13054;;;;;;-;Prozent;WAHLSR;Wahlbeteiligung
14111;;;;2017-09-24;KREISE;;13054;;;;;;-;Anzahl;WAHL01;Wahlberechtigte
14111;;;;2017-09-24;KREISE;;13055;;;;;;-;Prozent;WAHLSR;Wahlbeteiligung
14111;;;;2017-09-24;KREISE;;13055;;;;;;-;Anzahl;WAHL01;Wahlberechtigte
14111;;;;2017-09-24;KREISE;;13056;;;;;;-;Prozent;WAHLSR;Wahlbeteiligung
14111;;;;2017-09-24;KREISE;;13056;;;;;;-;Anzahl;WAHL01;Wahlberechtigte
14111;;;;2017-09-24;KREISE;;13057;;;;;;-;Prozent;WAHLSR;Wahlbeteiligung
14111;;;;2017-09-24;KREISE;;13057;;;;;;-;Anzahl;WAHL01;Wahlberechtigte
14111;;;;2017-09-24;KREISE;;13058;;;;;;-;Prozent;WAHLSR;Wahlbeteiligung
14111;;;;2017-09-24;KREISE;;13058;;;;;;-;Anzahl;WAHL01;Wahlberechtigte
14111;;;;2017-09-24;KREISE;;13059;;;;;;-;Prozent;WAHLSR;Wahlbeteiligung
14111;;;;2017-09-24;KREISE;;13059;;;;;;-;Anzahl;WAHL01;Wahlberechtigte
14111;;;;2017-09-24;KREISE;;13060;;;;;;-;Prozent;WAHLSR;Wahlbeteiligung
14111;;;;2017-09-24;KREISE;;13060;;;;;;-;Anzahl;WAHL01;Wahlberechtigte
14111;;;;2017-09-24;KREISE;;13061;;;;;;-;Prozent;WAHLSR;Wahlbeteiligung
14111;;;;2017-09-24;KREISE;;13061;;;;;;-;Anzahl;WAHL01;Wahlberechtigte
14111;;;;2017-09-24;KREISE;;13062;;;;;;-;Prozent;WAHLSR;Wahlbeteiligung
14111;;;;2017-09-24;KREISE;;13062;;;;;;-;Anzahl;WAHL01;Wahlberechtigte
14111;;;;2017-09-24;KREISE;;13071;;;;;;69,2;Prozent;WAHLSR;Wahlbeteiligung
14111;;;;2017-09-24;KREISE;;13071;;;;;;218185;Anzahl;WAHL01;Wahlberechtigte
14111;;;;2017-09-24;KREISE;;13072;;;;;;72,8;Prozent;WAHLSR;Wahlbeteiligung
14111;;;;2017-09-24;KREISE;;13072;;;;;;176437;Anzahl;WAHL01;Wahlberechtigte
14111;;;;2017-09-24;KREISE;;13073;;;;;;69,5;Prozent;WAHLSR;Wahlbeteiligung
14111;;;;2017-09-24;KREISE;;13073;;;;;;187092;Anzahl;WAHL01;Wahlberechtigte
14111;;;;2017-09-24;KREISE;;13074;;;;;;70,4;Prozent;WAHLSR;Wahlbeteiligung
14111;;;;2017-09-24;KREISE;;13074;;;;;;128283;Anzahl;WAHL01;Wahlberechtigte
14111;;;;2017-09-24;KREISE;;13075;;;;;;69,8;Prozent;WAHLSR;Wahlbeteiligung
14111;;;;2017-09-24;KREISE;;13075;;;;;;195069;Anzahl;WAHL01;Wahlberechtigte
14111;;;;2017-09-24;KREISE;;13076;;;;;;71,8;Prozent;WAHLSR;Wahlbeteiligung
14111;;;;2017-09-24;KREISE;;13076;;;;;;174112;Anzahl;WAHL01;Wahlberechtigte
14111;;;;2017-09-24;KREISE;;14161;;;;;;-;Prozent;WAHLSR;Wahlbeteiligung
14111;;;;2017-09-24;KREISE;;14161;;;;;;-;Anzahl;WAHL01;Wahlberechtigte
14111;;;;2017-09-24;KREISE;;14166;;;;;;-;Prozent;WAHLSR;Wahlbeteiligung
14111;;;;2017-09-24;KREISE;;14166;;;;;;-;Anzahl;WAHL01;Wahlberechtigte
14111;;;;2017-09-24;KREISE;;14167;;;;;;-;Prozent;WAHLSR;Wahlbeteiligung
14111;;;;2017-09-24;KREISE;;14167;;;;;;-;Anzahl;WAHL01;Wahlberechtigte
14111;;;;2017-09-24;KREISE;;14171;;;;;;-;Prozent;WAHLSR;Wahlbeteiligung
14111;;;;2017-09-24;KREISE;;14171;;;;;;-;Anzahl;WAHL01;Wahlberechtigte
14111;;;;2017-09-24;KREISE;;14173;;;;;;-;Prozent;WAHLSR;Wahlbeteiligung
14111;;;;2017-09-24;KREISE;;14173;;;;;;-;Anzahl;WAHL01;Wahlberechtigte
14111;;;;2017-09-24;KREISE;;14177;;;;;;-;Prozent;WAHLSR;Wahlbeteiligung
14111;;;;2017-09-24;KREISE;;14177;;;;;;-;Anzahl;WAHL01;Wahlberechtigte
14111;;;;2017-09-24;KREISE;;14178;;;;;;-;Prozent;WAHLSR;Wahlbeteiligung
14111;;;;2017-09-24;KREISE;;14178;;;;;;-;Anzahl;WAHL01;Wahlberechtigte
14111;;;;2017-09-24;KREISE;;14181;;;;;;-;Prozent;WAHLSR;Wahlbeteiligung
14111;;;;2017-09-24;KREISE;;14181;;;;;;-;Anzahl;WAHL01;Wahlberechtigte
14111;;;;2017-09-24;KREISE;;14182;;;;;;-;Prozent;WAHLSR;Wahlbeteiligung
14111;;;;2017-09-24;KREISE;;14182;;;;;;-;Anzahl;WAHL01;Wahlberechtigte
14111;;;;2017-09-24;KREISE;;14188;;;;;;-;Prozent;WAHLSR;Wahlbeteiligung
14111;;;;2017-09-24;KREISE;;14188;;;;;;-;Anzahl;WAHL01;Wahlberechtigte
14111;;;;2017-09-24;KREISE;;14191;;;;;;-;Prozent;WAHLSR;Wahlbeteiligung
14111;;;;2017-09-24;KREISE;;14191;;;;;;-;Anzahl;WAHL01;Wahlberechtigte
14111;;;;2017-09-24;KREISE;;14193;;;;;;-;Prozent;WAHLSR;Wahlbeteiligung
14111;;;;2017-09-24;KREISE;;14193;;;;;;-;Anzahl;WAHL01;Wahlberechtigte
14111;;;;2017-09-24;KREISE;;14262;;;;;;-;Prozent;WAHLSR;Wahlbeteiligung
14111;;;;2017-09-24;KREISE;;14262;;;;;;-;Anzahl;WAHL01;Wahlberechtigte
14111;;;;2017-09-24;KREISE;;14263;;;;;;-;Prozent;WAHLSR;Wahlbeteiligung
14111;;;;2017-09-24;KREISE;;14263;;;;;;-;Anzahl;WAHL01;Wahlberechtigte
14111;;;;2017-09-24;KREISE;;14264;;;;;;-;Prozent;WAHLSR;Wahlbeteiligung
14111;;;;2017-09-24;KREISE;;14264;;;;;;-;Anzahl;WAHL01;Wahlberechtigte
14111;;;;2017-09-24;KREISE;;14272;;;;;;-;Prozent;WAHLSR;Wahlbeteiligung
14111;;;;2017-09-24;KREISE;;14272;;;;;;-;Anzahl;WAHL01;Wahlberechtigte
14111;;;;2017-09-24;KREISE;;14280;;;;;;-;Prozent;WAHLSR;Wahlbeteiligung
14111;;;;2017-09-24;KREISE;;14280;;;;;;-;Anzahl;WAHL01;Wahlberechtigte
14111;;;;2017-09-24;KREISE;;14284;;;;;;-;Prozent;WAHLSR;Wahlbeteiligung
14111;;;;2017-09-24;KREISE;;14284;;;;;;-;Anzahl;WAHL01;Wahlberechtigte
14111;;;;2017-09-24;KREISE;;14285;;;;;;-;Prozent;WAHLSR;Wahlbeteiligung
14111;;;;2017-09-24;KREISE;;14285;;;;;;-;Anzahl;WAHL01;Wahlberechtigte
14111;;;;2017-09-24;KREISE;;14286;;;;;;-;Prozent;WAHLSR;Wahlbeteiligung
14111;;;;2017-09-24;KREISE;;14286;;;;;;-;Anzahl;WAHL01;Wahlberechtigte
14111;;;;2017-09-24;KREISE;;14287;;;;;;-;Prozent;WAHLSR;Wahlbeteiligung
14111;;;;2017-09-24;KREISE;;14287;;;;;;-;Anzahl;WAHL01;Wahlberechtigte
14111;;;;2017-09-24;KREISE;;14290;;;;;;-;Prozent;WAHLSR;Wahlbeteiligung
14111;;;;2017-09-24;KREISE;;14290;;;;;;-;Anzahl;WAHL01;Wahlberechtigte
14111;;;;2017-09-24;KREISE;;14292;;;;;;-;Prozent;WAHLSR;Wahlbeteiligung
14111;;;;2017-09-24;KREISE;;14292;;;;;;-;Anzahl;WAHL01;Wahlberechtigte
14111;;;;2017-09-24;KREISE;;14365;;;;;;-;Prozent;WAHLSR;Wahlbeteiligung
14111;;;;2017-09-24;KREISE;;14365;;;;;;-;Anzahl;WAHL01;Wahlberechtigte
14111;;;;2017-09-24;KREISE;;14374;;;;;;-;Prozent;WAHLSR;Wahlbeteiligung
14111;;;;2017-09-24;KREISE;;14374;;;;;;-;Anzahl;WAHL01;Wahlberechtigte
14111;;;;2017-09-24;KREISE;;14375;;;;;;-;Prozent;WAHLSR;Wahlbeteiligung
14111;;;;2017-09-24;KREISE;;14375;;;;;;-;Anzahl;WAHL01;Wahlberechtigte
14111;;;;2017-09-24;KREISE;;14379;;;;;;-;Prozent;WAHLSR;Wahlbeteiligung
14111;;;;2017-09-24;KREISE;;14379;;;;;;-;Anzahl;WAHL01;Wahlberechtigte
14111;;;;2017-09-24;KREISE;;14383;;;;;;-;Prozent;WAHLSR;Wahlbeteiligung
14111;;;;2017-09-24;KREISE;;14383;;;;;;-;Anzahl;WAHL01;Wahlberechtigte
14111;;;;2017-09-24;KREISE;;14389;;;;;;-;Prozent;WAHLSR;Wahlbeteiligung
14111;;;;2017-09-24;KREISE;;14389;;;;;;-;Anzahl;WAHL01;Wahlberechtigte
14111;;;;2017-09-24;KREISE;;14511;;;;;;75,1;Prozent;WAHLSR;Wahlbeteiligung
14111;;;;2017-09-24;KREISE;;14511;;;;;;195929;Anzahl;WAHL01;Wahlberechtigte
14111;;;;2017-09-24;KREISE;;14521;;;;;;75,6;Prozent;WAHLSR;Wahlbeteiligung
14111;;;;2017-09-24;KREISE;;14521;;;;;;288076;Anzahl;WAHL01;Wahlberechtigte
14111;;;;2017-09-24;KREISE;;14522;;;;;;75,0;Prozent;WAHLSR;Wahlbeteiligung
14111;;;;2017-09-24;KREISE;;14522;;;;;;256511;Anzahl;WAHL01;Wahlberechtigte
14111;;;;2017-09-24;KREISE;;14523;;;;;;73,9;Prozent;WAHLSR;Wahlbeteiligung
14111;;;;2017-09-24;KREISE;;14523;;;;;;193081;Anzahl;WAHL01;Wahlberechtigte
14111;;;;2017-09-24;KREISE;;14524;;;;;;73,2;Prozent;WAHLSR;Wahlbeteiligung
14111;;;;2017-09-24;KREISE;;14524;;;;;;269048;Anzahl;WAHL01;Wahlberechtigte
14111;;;;2017-09-24;KREISE;;14612;;;;;;79,1;Prozent;WAHLSR;Wahlbeteiligung
14111;;;;2017-09-24;KREISE;;14612;;;;;;429448;Anzahl;WAHL01;Wahlberechtigte
14111;;;;2017-09-24;KREISE;;14625;;;;;;75,7;Prozent;WAHLSR;Wahlbeteiligung
14111;;;;2017-09-24;KREISE;;14625;;;;;;252642;Anzahl;WAHL01;Wahlberechtigte
14111;;;;2017-09-24;KREISE;;14626;;;;;;73,3;Prozent;WAHLSR;Wahlbeteiligung
14111;;;;2017-09-24;KREISE;;14626;;;;;;213021;Anzahl;WAHL01;Wahlberechtigte
14111;;;;2017-09-24;KREISE;;14627;;;;;;76,0;Prozent;WAHLSR;Wahlbeteiligung
14111;;;;2017-09-24;KREISE;;14627;;;;;;201310;Anzahl;WAHL01;Wahlberechtigte
14111;;;;2017-09-24;KREISE;;14628;;;;;;77,2;Prozent;WAHLSR;Wahlbeteiligung
14111;;;;2017-09-24;KREISE;;14628;;;;;;202580;Anzahl;WAHL01;Wahlberechtigte
14111;;;;2017-09-24;KREISE;;14713;;;;;;75,1;Prozent;WAHLSR;Wahlbeteiligung
14111;;;;2017-09-24;KREISE;;14713;;;;;;448372;Anzahl;WAHL01;Wahlberechtigte
14111;;;;2017-09-24;KREISE;;14729;;;;;;74,8;Prozent;WAHLSR;Wahlbeteiligung
14111;;;;2017-09-24;KREISE;;14729;;;;;;215616;Anzahl;WAHL01;Wahlberechtigte
14111;;;;2017-09-24;KREISE;;14730;;;;;;72,1;Prozent;WAHLSR;Wahlbeteiligung
14111;;;;2017-09-24;KREISE;;14730;;;;;;163916;Anzahl;WAHL01;Wahlberechtigte
14111;;;;2017-09-24;KREISE;;15001;;;;;;69,7;Prozent;WAHLSR;Wahlbeteiligung
14111;;;;2017-09-24;KREISE;;15001;;;;;;68441;Anzahl;WAHL01;Wahlberechtigte
14111;;;;2017-09-24;KREISE;;15002;;;;;;70,7;Prozent;WAHLSR;Wahlbeteiligung
14111;;;;2017-09-24;KREISE;;15002;;;;;;186409;Anzahl;WAHL01;Wahlberechtigte
14111;;;;2017-09-24;KREISE;;15003;;;;;;69,4;Prozent;WAHLSR;Wahlbeteiligung
14111;;;;2017-09-24;KREISE;;15003;;;;;;190332;Anzahl;WAHL01;Wahlberechtigte
14111;;;;2017-09-24;KREISE;;15081;;;;;;67,7;Prozent;WAHLSR;Wahlbeteiligung
14111;;;;2017-09-24;KREISE;;15081;;;;;;70625;Anzahl;WAHL01;Wahlberechtigte
14111;;;;2017-09-24;KREISE;;15082;;;;;;67,1;Prozent;WAHLSR;Wahlbeteiligung
14111;;;;2017-09-24;KREISE;;15082;;;;;;137721;Anzahl;WAHL01;Wahlberechtigte
14111;;;;2017-09-24;KREISE;;15083;;;;;;67,9;Prozent;WAHLSR;Wahlbeteiligung
14111;;;;2017-09-24;KREISE;;15083;;;;;;144052;Anzahl;WAHL01;Wahlberechtigte
14111;;;;2017-09-24;KREISE;;15084;;;;;;68,0;Prozent;WAHLSR;Wahlbeteiligung
14111;;;;2017-09-24;KREISE;;15084;;;;;;151811;Anzahl;WAHL01;Wahlberechtigte
14111;;;;2017-09-24;KREISE;;15085;;;;;;66,8;Prozent;WAHLSR;Wahlbeteiligung
14111;;;;2017-09-24;KREISE;;15085;;;;;;185546;Anzahl;WAHL01;Wahlberechtigte
14111;;;;2017-09-24;KREISE;;15086;;;;;;68,7;Prozent;WAHLSR;Wahlbeteiligung
14111;;;;2017-09-24;KREISE;;15086;;;;;;76734;Anzahl;WAHL01;Wahlberechtigte
14111;;;;2017-09-24;KREISE;;15087;;;;;;66,7;Prozent;WAHLSR;Wahlbeteiligung
14111;;;;2017-09-24;KREISE;;15087;;;;;;118664;Anzahl;WAHL01;Wahlberechtigte
14111;;;;2017-09-24;KREISE;;15088;;;;;;70,0;Prozent;WAHLSR;Wahlbeteiligung
14111;;;;2017-09-24;KREISE;;15088;;;;;;156523;Anzahl;WAHL01;Wahlberechtigte
14111;;;;2017-09-24;KREISE;;15089;;;;;;64,4;Prozent;WAHLSR;Wahlbeteiligung
14111;;;;2017-09-24;KREISE;;15089;;;;;;164469;Anzahl;WAHL01;Wahlberechtigte
14111;;;;2017-09-24;KREISE;;15090;;;;;;66,7;Prozent;WAHLSR;Wahlbeteiligung
14111;;;;2017-09-24;KREISE;;15090;;;;;;95000;Anzahl;WAHL01;Wahlberechtigte
14111;;;;2017-09-24;KREISE;;15091;;;;;;69,8;Prozent;WAHLSR;Wahlbeteiligung
14111;;;;2017-09-24;KREISE;;15091;;;;;;108564;Anzahl;WAHL01;Wahlberechtigte
14111;;;;2017-09-24;KREISE;;15101;;;;;;-;Prozent;WAHLSR;Wahlbeteiligung
14111;;;;2017-09-24;KREISE;;15101;;;;;;-;Anzahl;WAHL01;Wahlberechtigte
14111;;;;2017-09-24;KREISE;;15151;;;;;;-;Prozent;WAHLSR;Wahlbeteiligung
14111;;;;2017-09-24;KREISE;;15151;;;;;;-;Anzahl;WAHL01;Wahlberechtigte
14111;;;;2017-09-24;KREISE;;15153;;;;;;-;Prozent;WAHLSR;Wahlbeteiligung
14111;;;;2017-09-24;KREISE;;15153;;;;;;-;Anzahl;WAHL01;Wahlberechtigte
14111;;;;2017-09-24;KREISE;;15154;;;;;;-;Prozent;WAHLSR;Wahlbeteiligung
14111;;;;2017-09-24;KREISE;;15154;;;;;;-;Anzahl;WAHL01;Wahlberechtigte
14111;;;;2017-09-24;KREISE;;15159;;;;;;-;Prozent;WAHLSR;Wahlbeteiligung
14111;;;;2017-09-24;KREISE;;15159;;;;;;-;Anzahl;WAHL01;Wahlberechtigte
14111;;;;2017-09-24;KREISE;;15171;;;;;;-;Prozent;WAHLSR;Wahlbeteiligung
14111;;;;2017-09-24;KREISE;;15171;;;;;;-;Anzahl;WAHL01;Wahlberechtigte
14111;;;;2017-09-24;KREISE;;15202;;;;;;-;Prozent;WAHLSR;Wahlbeteiligung
14111;;;;2017-09-24;KREISE;;15202;;;;;;-;Anzahl;WAHL01;Wahlberechtigte
14111;;;;2017-09-24;KREISE;;15256;;;;;;-;Prozent;WAHLSR;Wahlbeteiligung
14111;;;;2017-09-24;KREISE;;15256;;;;;;-;Anzahl;WAHL01;Wahlberechtigte
14111;;;;2017-09-24;KREISE;;15260;;;;;;-;Prozent;WAHLSR;Wahlbeteiligung
14111;;;;2017-09-24;KREISE;;15260;;;;;;-;Anzahl;WAHL01;Wahlberechtigte
14111;;;;2017-09-24;KREISE;;15261;;;;;;-;Prozent;WAHLSR;Wahlbeteiligung
14111;;;;2017-09-24;KREISE;;15261;;;;;;-;Anzahl;WAHL01;Wahlberechtigte
14111;;;;2017-09-24;KREISE;;15265;;;;;;-;Prozent;WAHLSR;Wahlbeteiligung
14111;;;;2017-09-24;KREISE;;15265;;;;;;-;Anzahl;WAHL01;Wahlberechtigte
14111;;;;2017-09-24;KREISE;;15266;;;;;;-;Prozent;WAHLSR;Wahlbeteiligung
14111;;;;2017-09-24;KREISE;;15266;;;;;;-;Anzahl;WAHL01;Wahlberechtigte
14111;;;;2017-09-24;KREISE;;15268;;;;;;-;Prozent;WAHLSR;Wahlbeteiligung
14111;;;;2017-09-24;KREISE;;15268;;;;;;-;Anzahl;WAHL01;Wahlberechtigte
14111;;;;2017-09-24;KREISE;;15303;;;;;;-;Prozent;WAHLSR;Wahlbeteiligung
14111;;;;2017-09-24;KREISE;;15303;;;;;;-;Anzahl;WAHL01;Wahlberechtigte
14111;;;;2017-09-24;KREISE;;15352;;;;;;-;Prozent;WAHLSR;Wahlbeteiligung
14111;;;;2017-09-24;KREISE;;15352;;;;;;-;Anzahl;WAHL01;Wahlberechtigte
14111;;;;2017-09-24;KREISE;;15355;;;;;;-;Prozent;WAHLSR;Wahlbeteiligung
14111;;;;2017-09-24;KREISE;;15355;;;;;;-;Anzahl;WAHL01;Wahlberechtigte
14111;;;;2017-09-24;KREISE;;15357;;;;;;-;Prozent;WAHLSR;Wahlbeteiligung
14111;;;;2017-09-24;KREISE;;15357;;;;;;-;Anzahl;WAHL01;Wahlberechtigte
14111;;;;2017-09-24;KREISE;;15358;;;;;;-;Prozent;WAHLSR;Wahlbeteiligung
14111;;;;2017-09-24;KREISE;;15358;;;;;;-;Anzahl;WAHL01;Wahlberechtigte
14111;;;;2017-09-24;KREISE;;15362;;;;;;-;Prozent;WAHLSR;Wahlbeteiligung
14111;;;;2017-09-24;KREISE;;15362;;;;;;-;Anzahl;WAHL01;Wahlberechtigte
14111;;;;2017-09-24;KREISE;;15363;;;;;;-;Prozent;WAHLSR;Wahlbeteiligung
14111;;;;2017-09-24;KREISE;;15363;;;;;;-;Anzahl;WAHL01;Wahlberechtigte
14111;;;;2017-09-24;KREISE;;15364;;;;;;-;Prozent;WAHLSR;Wahlbeteiligung
14111;;;;2017-09-24;KREISE;;15364;;;;;;-;Anzahl;WAHL01;Wahlberechtigte
14111;;;;2017-09-24;KREISE;;15367;;;;;;-;Prozent;WAHLSR;Wahlbeteiligung
14111;;;;2017-09-24;KREISE;;15367;;;;;;-;Anzahl;WAHL01;Wahlberechtigte
14111;;;;2017-09-24;KREISE;;15369;;;;;;-;Prozent;WAHLSR;Wahlbeteiligung
14111;;;;2017-09-24;KREISE;;15369;;;;;;-;Anzahl;WAHL01;Wahlberechtigte
14111;;;;2017-09-24;KREISE;;15370;;;;;;-;Prozent;WAHLSR;Wahlbeteiligung
14111;;;;2017-09-24;KREISE;;15370;;;;;;-;Anzahl;WAHL01;Wahlberechtigte
14111;;;;2017-09-24;KREISE;;16051;;;;;;75,6;Prozent;WAHLSR;Wahlbeteiligung
14111;;;;2017-09-24;KREISE;;16051;;;;;;166560;Anzahl;WAHL01;Wahlberechtigte
14111;;;;2017-09-24;KREISE;;16052;;;;;;72,2;Prozent;WAHLSR;Wahlbeteiligung
14111;;;;2017-09-24;KREISE;;16052;;;;;;78746;Anzahl;WAHL01;Wahlberechtigte
14111;;;;2017-09-24;KREISE;;16053;;;;;;78,9;Prozent;WAHLSR;Wahlbeteiligung
14111;;;;2017-09-24;KREISE;;16053;;;;;;83027;Anzahl;WAHL01;Wahlberechtigte
14111;;;;2017-09-24;KREISE;;16054;;;;;;71,7;Prozent;WAHLSR;Wahlbeteiligung
14111;;;;2017-09-24;KREISE;;16054;;;;;;29677;Anzahl;WAHL01;Wahlberechtigte
14111;;;;2017-09-24;KREISE;;16055;;;;;;75,8;Prozent;WAHLSR;Wahlbeteiligung
14111;;;;2017-09-24;KREISE;;16055;;;;;;50104;Anzahl;WAHL01;Wahlberechtigte
14111;;;;2017-09-24;KREISE;;16056;;;;;;73,1;Prozent;WAHLSR;Wahlbeteiligung
14111;;;;2017-09-24;KREISE;;16056;;;;;;33655;Anzahl;WAHL01;Wahlberechtigte
14111;;;;2017-09-24;KREISE;;16061;;;;;;76,8;Prozent;WAHLSR;Wahlbeteiligung
14111;;;;2017-09-24;KREISE;;16061;;;;;;82004;Anzahl;WAHL01;Wahlberechtigte
14111;;;;2017-09-24;KREISE;;16062;;;;;;70,0;Prozent;WAHLSR;Wahlbeteiligung
14111;;;;2017-09-24;KREISE;;16062;;;;;;70495;Anzahl;WAHL01;Wahlberechtigte
14111;;;;2017-09-24;KREISE;;16063;;;;;;74,8;Prozent;WAHLSR;Wahlbeteiligung
14111;;;;2017-09-24;KREISE;;16063;;;;;;103299;Anzahl;WAHL01;Wahlberechtigte
14111;;;;2017-09-24;KREISE;;16064;;;;;;71,7;Prozent;WAHLSR;Wahlbeteiligung
14111;;;;2017-09-24;KREISE;;16064;;;;;;85604;Anzahl;WAHL01;Wahlberechtigte
14111;;;;2017-09-24;KREISE;;16065;;;;;;71,7;Prozent;WAHLSR;Wahlbeteiligung
14111;;;;2017-09-24;KREISE;;16065;;;;;;64174;Anzahl;WAHL01;Wahlberechtigte
14111;;;;2017-09-24;KREISE;;16066;;;;;;73,2;Prozent;WAHLSR;Wahlbeteiligung
14111;;;;2017-09-24;KREISE;;16066;;;;;;103660;Anzahl;WAHL01;Wahlberechtigte
14111;;;;2017-09-24;KREISE;;16067;;;;;;73,5;Prozent;WAHLSR;Wahlbeteiligung
14111;;;;2017-09-24;KREISE;;16067;;;;;;109619;Anzahl;WAHL01;Wahlberechtigte
14111;;;;2017-09-24;KREISE;;16068;;;;;;73,2;Prozent;WAHLSR;Wahlbeteiligung
14111;;;;2017-09-24;KREISE;;16068;;;;;;58257;Anzahl;WAHL01;Wahlberechtigte
14111;;;;2017-09-24;KREISE;;16069;;;;;;73,6;Prozent;WAHLSR;Wahlbeteiligung
14111;;;;2017-09-24;KREISE;;16069;;;;;;53456;Anzahl;WAHL01;Wahlberechtigte
14111;;;;2017-09-24;KREISE;;16070;;;;;;76,1;Prozent;WAHLSR;Wahlbeteiligung
14111;;;;2017-09-24;KREISE;;16070;;;;;;88722;Anzahl;WAHL01;Wahlberechtigte
14111;;;;2017-09-24;KREISE;;16071;;;;;;76,4;Prozent;WAHLSR;Wahlbeteiligung
14111;;;;2017-09-24;KREISE;;16071;;;;;;67184;Anzahl;WAHL01;Wahlberechtigte
14111;;;;2017-09-24;KREISE;;16072;;;;;;70,8;Prozent;WAHLSR;Wahlbeteiligung
14111;;;;2017-09-24;KREISE;;16072;;;;;;47653;Anzahl;WAHL01;Wahlberechtigte
14111;;;;2017-09-24;KREISE;;16073;;;;;;73,4;Prozent;WAHLSR;Wahlbeteiligung
14111;;;;2017-09-24;KREISE;;16073;;;;;;92002;Anzahl;WAHL01;Wahlberechtigte
14111;;;;2017-09-24;KREISE;;16074;;;;;;76,9;Prozent;WAHLSR;Wahlbeteiligung
14111;;;;2017-09-24;KREISE;;16074;;;;;;68855;Anzahl;WAHL01;Wahlberechtigte
14111;;;;2017-09-24;KREISE;;16075;;;;;;75,2;Prozent;WAHLSR;Wahlbeteiligung
14111;;;;2017-09-24;KREISE;;16075;;;;;;68269;Anzahl;WAHL01;Wahlberechtigte
14111;;;;2017-09-24;KREISE;;16076;;;;;;76,0;Prozent;WAHLSR;Wahlbeteiligung
14111;;;;2017-09-24;KREISE;;16076;;;;;;84711;Anzahl;WAHL01;Wahlberechtigte
14111;;;;2017-09-24;KREISE;;16077;;;;;;72,1;Prozent;WAHLSR;Wahlbeteiligung
14111;;;;2017-09-24;KREISE;;16077;;;;;;77281;Anzahl;WAHL01;Wahlberechtigte
14111;;;;2021-09-26;DINSG;;DG;;;;;;61172771;Anzahl;WAHL01;Wahlberechtigte
14111;;;;2021-09-26;DINSG;;DG;;;;;;76,4;Prozent;WAHLSR;Wahlbeteiligung
14111;;;;2021-09-26;DLAND;;01;;;;;;2272717;Anzahl;WAHL01;Wahlberechtigte
14111;;;;2021-09-26;DLAND;;01;;;;;;78,2;Prozent;WAHLSR;Wahlbeteiligung
14111;;;;2021-09-26;DLAND;;02;;;;;;1298792;Anzahl;WAHL01;Wahlberechtigte
14111;;;;2021-09-26;DLAND;;02;;;;;;77,8;Prozent;WAHLSR;Wahlbeteiligung
14111;;;;2021-09-26;DLAND;;03;;;;;;6105381;Anzahl;WAHL01;Wahlberechtigte
14111;;;;2021-09-26;DLAND;;03;;;;;;74,7;Prozent;WAHLSR;Wahlbeteiligung
14111;;;;2021-09-26;DLAND;;04;;;;;;459749;Anzahl;WAHL01;Wahlberechtigte
14111;;;;2021-09-26;DLAND;;04;;;;;;71,9;Prozent;WAHLSR;Wahlbeteiligung
14111;;;;2021-09-26;DLAND;;05;;;;;;13040267;Anzahl;WAHL01;Wahlberechtigte
14111;;;;2021-09-26;DLAND;;05;;;;;;76,4;Prozent;WAHLSR;Wahlbeteiligung
14111;;;;2021-09-26;DLAND;;06;;;;;;4383047;Anzahl;WAHL01;Wahlberechtigte
14111;;;;2021-09-26;DLAND;;06;;;;;;76,2;Prozent;WAHLSR;Wahlbeteiligung
14111;;;;2021-09-26;DLAND;;07;;;;;;3053335;Anzahl;WAHL01;Wahlberechtigte
14111;;;;2021-09-26;DLAND;;07;;;;;;77,2;Prozent;WAHLSR;Wahlbeteiligung
14111;;;;2021-09-26;DLAND;;08;;;;;;7711531;Anzahl;WAHL01;Wahlberechtigte
14111;;;;2021-09-26;DLAND;;08;;;;;;77,8;Prozent;WAHLSR;Wahlbeteiligung
14111;;;;2021-09-26;DLAND;;09;;;;;;9517664;Anzahl;WAHL01;Wahlberechtigte
14111;;;;2021-09-26;DLAND;;09;;;;;;79,9;Prozent;WAHLSR;Wahlbeteiligung
14111;;;;2021-09-26;DLAND;;10;;;;;;755223;Anzahl;WAHL01;Wahlberechtigte
14111;;;;2021-09-26;DLAND;;10;;;;;;77,3;Prozent;WAHLSR;Wahlbeteiligung
14111;;;;2021-09-26;DLAND;;11;;;;;;2460618;Anzahl;WAHL01;Wahlberechtigte
14111;;;;2021-09-26;DLAND;;11;;;;;;69,5;Prozent;WAHLSR;Wahlbeteiligung
14111;;;;2021-09-26;DLAND;;12;;;;;;2048844;Anzahl;WAHL01;Wahlberechtigte
14111;;;;2021-09-26;DLAND;;12;;;;;;75,6;Prozent;WAHLSR;Wahlbeteiligung
14111;;;;2021-09-26;DLAND;;13;;;;;;1314435;Anzahl;WAHL01;Wahlberechtigte
14111;;;;2021-09-26;DLAND;;13;;;;;;71,1;Prozent;WAHLSR;Wahlbeteiligung
14111;;;;2021-09-26;DLAND;;14;;;;;;3253667;Anzahl;WAHL01;Wahlberechtigte
14111;;;;2021-09-26;DLAND;;14;;;;;;76,5;Prozent;WAHLSR;Wahlbeteiligung
14111;;;;2021-09-26;DLAND;;15;;;;;;1789775;Anzahl;WAHL01;Wahlberechtigte
14111;;;;2021-09-26;DLAND;;15;;;;;;67,9;Prozent;WAHLSR;Wahlbeteiligung
14111;;;;2021-09-26;DLAND;;16;;;;;;1707726;Anzahl;WAHL01;Wahlberechtigte
14111;;;;2021-09-26;DLAND;;16;;;;;;74,9;Prozent;WAHLSR;Wahlbeteiligung
14111;;;;2021-09-26;KREISE;;01001;;;;;;74,0;Prozent;WAHLSR;Wahlbeteiligung
14111;;;;2021-09-26;KREISE;;01001;;;;;;69302;Anzahl;WAHL01;Wahlberechtigte
14111;;;;2021-09-26;KREISE;;01002;;;;;;76,2;Prozent;WAHLSR;Wahlbeteiligung
14111;;;;2021-09-26;KREISE;;01002;;;;;;184655;Anzahl;WAHL01;Wahlberechtigte
14111;;;;2021-09-26;KREISE;;01003;;;;;;72,4;Prozent;WAHLSR;Wahlbeteiligung
14111;;;;2021-09-26;KREISE;;01003;;;;;;164139;Anzahl;WAHL01;Wahlberechtigte
14111;;;;2021-09-26;KREISE;;01004;;;;;;67,9;Prozent;WAHLSR;Wahlbeteiligung
14111;;;;2021-09-26;KREISE;;01004;;;;;;59460;Anzahl;WAHL01;Wahlberechtigte
14111;;;;2021-09-26;KREISE;;01051;;;;;;76,0;Prozent;WAHLSR;Wahlbeteiligung
14111;;;;2021-09-26;KREISE;;01051;;;;;;107187;Anzahl;WAHL01;Wahlberechtigte
14111;;;;2021-09-26;KREISE;;01053;;;;;;78,9;Prozent;WAHLSR;Wahlbeteiligung
14111;;;;2021-09-26;KREISE;;01053;;;;;;153609;Anzahl;WAHL01;Wahlberechtigte
14111;;;;2021-09-26;KREISE;;01054;;;;;;77,7;Prozent;WAHLSR;Wahlbeteiligung
14111;;;;2021-09-26;KREISE;;01054;;;;;;133281;Anzahl;WAHL01;Wahlberechtigte
14111;;;;2021-09-26;KREISE;;01055;;;;;;77,8;Prozent;WAHLSR;Wahlbeteiligung
14111;;;;2021-09-26;KREISE;;01055;;;;;;167155;Anzahl;WAHL01;Wahlberechtigte
14111;;;;2021-09-26;KREISE;;01056;;;;;;80,3;Prozent;WAHLSR;Wahlbeteiligung
14111;;;;2021-09-26;KREISE;;01056;;;;;;238388;Anzahl;WAHL01;Wahlberechtigte
14111;;;;2021-09-26;KREISE;;01057;;;;;;81,2;Prozent;WAHLSR;Wahlbeteiligung
14111;;;;2021-09-26;KREISE;;01057;;;;;;105784;Anzahl;WAHL01;Wahlberechtigte
14111;;;;2021-09-26;KREISE;;01058;;;;;;80,6;Prozent;WAHLSR;Wahlbeteiligung
14111;;;;2021-09-26;KREISE;;01058;;;;;;220053;Anzahl;WAHL01;Wahlberechtigte
14111;;;;2021-09-26;KREISE;;01059;;;;;;79,4;Prozent;WAHLSR;Wahlbeteiligung
14111;;;;2021-09-26;KREISE;;01059;;;;;;162234;Anzahl;WAHL01;Wahlberechtigte
14111;;;;2021-09-26;KREISE;;01060;;;;;;79,2;Prozent;WAHLSR;Wahlbeteiligung
14111;;;;2021-09-26;KREISE;;01060;;;;;;214326;Anzahl;WAHL01;Wahlberechtigte
14111;;;;2021-09-26;KREISE;;01061;;;;;;77,3;Prozent;WAHLSR;Wahlbeteiligung
14111;;;;2021-09-26;KREISE;;01061;;;;;;104591;Anzahl;WAHL01;Wahlberechtigte
14111;;;;2021-09-26;KREISE;;01062;;;;;;81,9;Prozent;WAHLSR;Wahlbeteiligung
14111;;;;2021-09-26;KREISE;;01062;;;;;;188553;Anzahl;WAHL01;Wahlberechtigte
14111;;;;2021-09-26;KREISE;;02000;;;;;;77,8;Prozent;WAHLSR;Wahlbeteiligung
14111;;;;2021-09-26;KREISE;;02000;;;;;;1298792;Anzahl;WAHL01;Wahlberechtigte
14111;;;;2021-09-26;KREISE;;03101;;;;;;75,0;Prozent;WAHLSR;Wahlbeteiligung
14111;;;;2021-09-26;KREISE;;03101;;;;;;187721;Anzahl;WAHL01;Wahlberechtigte
14111;;;;2021-09-26;KREISE;;03102;;;;;;66,8;Prozent;WAHLSR;Wahlbeteiligung
14111;;;;2021-09-26;KREISE;;03102;;;;;;70766;Anzahl;WAHL01;Wahlberechtigte
14111;;;;2021-09-26;KREISE;;03103;;;;;;71,4;Prozent;WAHLSR;Wahlbeteiligung
14111;;;;2021-09-26;KREISE;;03103;;;;;;86936;Anzahl;WAHL01;Wahlberechtigte
14111;;;;2021-09-26;KREISE;;03151;;;;;;75,7;Prozent;WAHLSR;Wahlbeteiligung
14111;;;;2021-09-26;KREISE;;03151;;;;;;136111;Anzahl;WAHL01;Wahlberechtigte
14111;;;;2021-09-26;KREISE;;03152;;;;;;-;Prozent;WAHLSR;Wahlbeteiligung
14111;;;;2021-09-26;KREISE;;03152;;;;;;-;Anzahl;WAHL01;Wahlberechtigte
14111;;;;2021-09-26;KREISE;;03153;;;;;;71,7;Prozent;WAHLSR;Wahlbeteiligung
14111;;;;2021-09-26;KREISE;;03153;;;;;;105461;Anzahl;WAHL01;Wahlberechtigte
14111;;;;2021-09-26;KREISE;;03154;;;;;;72,6;Prozent;WAHLSR;Wahlbeteiligung
14111;;;;2021-09-26;KREISE;;03154;;;;;;72509;Anzahl;WAHL01;Wahlberechtigte
14111;;;;2021-09-26;KREISE;;03155;;;;;;74,3;Prozent;WAHLSR;Wahlbeteiligung
14111;;;;2021-09-26;KREISE;;03155;;;;;;106551;Anzahl;WAHL01;Wahlberechtigte
14111;;;;2021-09-26;KREISE;;03156;;;;;;-;Prozent;WAHLSR;Wahlbeteiligung
14111;;;;2021-09-26;KREISE;;03156;;;;;;-;Anzahl;WAHL01;Wahlberechtigte
14111;;;;2021-09-26;KREISE;;03157;;;;;;76,0;Prozent;WAHLSR;Wahlbeteiligung
14111;;;;2021-09-26;KREISE;;03157;;;;;;104557;Anzahl;WAHL01;Wahlberechtigte
14111;;;;2021-09-26;KREISE;;03158;;;;;;78,0;Prozent;WAHLSR;Wahlbeteiligung
14111;;;;2021-09-26;KREISE;;03158;;;;;;95700;Anzahl;WAHL01;Wahlberechtigte
14111;;;;2021-09-26;KREISE;;03159;;;;;;74,9;Prozent;WAHLSR;Wahlbeteiligung
14111;;;;2021-09-26;KREISE;;03159;;;;;;248367;Anzahl;WAHL01;Wahlberechtigte
14111;;;;2021-09-26;KREISE;;03241;;;;;;75,1;Prozent;WAHLSR;Wahlbeteiligung
14111;;;;2021-09-26;KREISE;;03241;;;;;;836679;Anzahl;WAHL01;Wahlberechtigte
14111;;;;2021-09-26;KREISE;;03241001;;;;;;74,3;Prozent;WAHLSR;Wahlbeteiligung
14111;;;;2021-09-26;KREISE;;03241001;;;;;;367106;Anzahl;WAHL01;Wahlberechtigte
14111;;;;2021-09-26;KREISE;;03251;;;;;;75,7;Prozent;WAHLSR;Wahlbeteiligung
14111;;;;2021-09-26;KREISE;;03251;;;;;;169814;Anzahl;WAHL01;Wahlberechtigte
14111;;;;2021-09-26;KREISE;;03252;;;;;;71,6;Prozent;WAHLSR;Wahlbeteiligung
14111;;;;2021-09-26;KREISE;;03252;;;;;;115347;Anzahl;WAHL01;Wahlberechtigte
14111;;;;2021-09-26;KREISE;;03254;;;;;;75,2;Prozent;WAHLSR;Wahlbeteiligung
14111;;;;2021-09-26;KREISE;;03254;;;;;;215131;Anzahl;WAHL01;Wahlberechtigte
14111;;;;2021-09-26;KREISE;;03255;;;;;;72,7;Prozent;WAHLSR;Wahlbeteiligung
14111;;;;2021-09-26;KREISE;;03255;;;;;;55262;Anzahl;WAHL01;Wahlberechtigte
14111;;;;2021-09-26;KREISE;;03256;;;;;;72,5;Prozent;WAHLSR;Wahlbeteiligung
14111;;;;2021-09-26;KREISE;;03256;;;;;;94052;Anzahl;WAHL01;Wahlberechtigte
14111;;;;2021-09-26;KREISE;;03257;;;;;;74,9;Prozent;WAHLSR;Wahlbeteiligung
14111;;;;2021-09-26;KREISE;;03257;;;;;;124368;Anzahl;WAHL01;Wahlberechtigte
14111;;;;2021-09-26;KREISE;;03351;;;;;;73,3;Prozent;WAHLSR;Wahlbeteiligung
14111;;;;2021-09-26;KREISE;;03351;;;;;;139573;Anzahl;WAHL01;Wahlberechtigte
14111;;;;2021-09-26;KREISE;;03352;;;;;;74,7;Prozent;WAHLSR;Wahlbeteiligung
14111;;;;2021-09-26;KREISE;;03352;;;;;;159013;Anzahl;WAHL01;Wahlberechtigte
14111;;;;2021-09-26;KREISE;;03353;;;;;;80,1;Prozent;WAHLSR;Wahlbeteiligung
14111;;;;2021-09-26;KREISE;;03353;;;;;;201740;Anzahl;WAHL01;Wahlberechtigte
14111;;;;2021-09-26;KREISE;;03354;;;;;;73,0;Prozent;WAHLSR;Wahlbeteiligung
14111;;;;2021-09-26;KREISE;;03354;;;;;;39132;Anzahl;WAHL01;Wahlberechtigte
14111;;;;2021-09-26;KREISE;;03355;;;;;;77,1;Prozent;WAHLSR;Wahlbeteiligung
14111;;;;2021-09-26;KREISE;;03355;;;;;;143541;Anzahl;WAHL01;Wahlberechtigte
14111;;;;2021-09-26;KREISE;;03356;;;;;;77,0;Prozent;WAHLSR;Wahlbeteiligung
14111;;;;2021-09-26;KREISE;;03356;;;;;;91256;Anzahl;WAHL01;Wahlberechtigte
14111;;;;2021-09-26;KREISE;;03357;;;;;;76,0;Prozent;WAHLSR;Wahlbeteiligung
14111;;;;2021-09-26;KREISE;;03357;;;;;;129750;Anzahl;WAHL01;Wahlberechtigte
14111;;;;2021-09-26;KREISE;;03358;;;;;;73,5;Prozent;WAHLSR;Wahlbeteiligung
14111;;;;2021-09-26;KREISE;;03358;;;;;;108997;Anzahl;WAHL01;Wahlberechtigte
14111;;;;2021-09-26;KREISE;;03359;;;;;;75,9;Prozent;WAHLSR;Wahlbeteiligung
14111;;;;2021-09-26;KREISE;;03359;;;;;;158345;Anzahl;WAHL01;Wahlberechtigte
14111;;;;2021-09-26;KREISE;;03360;;;;;;74,3;Prozent;WAHLSR;Wahlbeteiligung
14111;;;;2021-09-26;KREISE;;03360;;;;;;74909;Anzahl;WAHL01;Wahlberechtigte
14111;;;;2021-09-26;KREISE;;03361;;;;;;76,3;Prozent;WAHLSR;Wahlbeteiligung
14111;;;;2021-09-26;KREISE;;03361;;;;;;106234;Anzahl;WAHL01;Wahlberechtigte
14111;;;;2021-09-26;KREISE;;03401;;;;;;65,1;Prozent;WAHLSR;Wahlbeteiligung
14111;;;;2021-09-26;KREISE;;03401;;;;;;55403;Anzahl;WAHL01;Wahlberechtigte
14111;;;;2021-09-26;KREISE;;03402;;;;;;68,0;Prozent;WAHLSR;Wahlbeteiligung
14111;;;;2021-09-26;KREISE;;03402;;;;;;37374;Anzahl;WAHL01;Wahlberechtigte
14111;;;;2021-09-26;KREISE;;03403;;;;;;75,5;Prozent;WAHLSR;Wahlbeteiligung
14111;;;;2021-09-26;KREISE;;03403;;;;;;129639;Anzahl;WAHL01;Wahlberechtigte
14111;;;;2021-09-26;KREISE;;03404;;;;;;74,9;Prozent;WAHLSR;Wahlbeteiligung
14111;;;;2021-09-26;KREISE;;03404;;;;;;122310;Anzahl;WAHL01;Wahlberechtigte
14111;;;;2021-09-26;KREISE;;03405;;;;;;65,8;Prozent;WAHLSR;Wahlbeteiligung
14111;;;;2021-09-26;KREISE;;03405;;;;;;60177;Anzahl;WAHL01;Wahlberechtigte
14111;;;;2021-09-26;KREISE;;03451;;;;;;76,6;Prozent;WAHLSR;Wahlbeteiligung
14111;;;;2021-09-26;KREISE;;03451;;;;;;99066;Anzahl;WAHL01;Wahlberechtigte
14111;;;;2021-09-26;KREISE;;03452;;;;;;72,8;Prozent;WAHLSR;Wahlbeteiligung
14111;;;;2021-09-26;KREISE;;03452;;;;;;154472;Anzahl;WAHL01;Wahlberechtigte
14111;;;;2021-09-26;KREISE;;03453;;;;;;71,9;Prozent;WAHLSR;Wahlbeteiligung
14111;;;;2021-09-26;KREISE;;03453;;;;;;121800;Anzahl;WAHL01;Wahlberechtigte
14111;;;;2021-09-26;KREISE;;03454;;;;;;76,8;Prozent;WAHLSR;Wahlbeteiligung
14111;;;;2021-09-26;KREISE;;03454;;;;;;241341;Anzahl;WAHL01;Wahlberechtigte
14111;;;;2021-09-26;KREISE;;03455;;;;;;74,1;Prozent;WAHLSR;Wahlbeteiligung
14111;;;;2021-09-26;KREISE;;03455;;;;;;82193;Anzahl;WAHL01;Wahlberechtigte
14111;;;;2021-09-26;KREISE;;03456;;;;;;76,4;Prozent;WAHLSR;Wahlbeteiligung
14111;;;;2021-09-26;KREISE;;03456;;;;;;98028;Anzahl;WAHL01;Wahlberechtigte
14111;;;;2021-09-26;KREISE;;03457;;;;;;72,5;Prozent;WAHLSR;Wahlbeteiligung
14111;;;;2021-09-26;KREISE;;03457;;;;;;132390;Anzahl;WAHL01;Wahlberechtigte
14111;;;;2021-09-26;KREISE;;03458;;;;;;76,8;Prozent;WAHLSR;Wahlbeteiligung
14111;;;;2021-09-26;KREISE;;03458;;;;;;101940;Anzahl;WAHL01;Wahlberechtigte
14111;;;;2021-09-26;KREISE;;03459;;;;;;76,8;Prozent;WAHLSR;Wahlbeteiligung
14111;;;;2021-09-26;KREISE;;03459;;;;;;273117;Anzahl;WAHL01;Wahlberechtigte
14111;;;;2021-09-26;KREISE;;03460;;;;;;75,4;Prozent;WAHLSR;Wahlbeteiligung
14111;;;;2021-09-26;KREISE;;03460;;;;;;102148;Anzahl;WAHL01;Wahlberechtigte
14111;;;;2021-09-26;KREISE;;03461;;;;;;71,1;Prozent;WAHLSR;Wahlbeteiligung
14111;;;;2021-09-26;KREISE;;03461;;;;;;69484;Anzahl;WAHL01;Wahlberechtigte
14111;;;;2021-09-26;KREISE;;03462;;;;;;72,1;Prozent;WAHLSR;Wahlbeteiligung
14111;;;;2021-09-26;KREISE;;03462;;;;;;46677;Anzahl;WAHL01;Wahlberechtigte
14111;;;;2021-09-26;KREISE;;04011;;;;;;73,5;Prozent;WAHLSR;Wahlbeteiligung
14111;;;;2021-09-26;KREISE;;04011;;;;;;381163;Anzahl;WAHL01;Wahlberechtigte
14111;;;;2021-09-26;KREISE;;04012;;;;;;63,9;Prozent;WAHLSR;Wahlbeteiligung
14111;;;;2021-09-26;KREISE;;04012;;;;;;78586;Anzahl;WAHL01;Wahlberechtigte
14111;;;;2021-09-26;KREISE;;05111;;;;;;77,2;Prozent;WAHLSR;Wahlbeteiligung
14111;;;;2021-09-26;KREISE;;05111;;;;;;410929;Anzahl;WAHL01;Wahlberechtigte
14111;;;;2021-09-26;KREISE;;05112;;;;;;68,1;Prozent;WAHLSR;Wahlbeteiligung
14111;;;;2021-09-26;KREISE;;05112;;;;;;318659;Anzahl;WAHL01;Wahlberechtigte
14111;;;;2021-09-26;KREISE;;05113;;;;;;74,3;Prozent;WAHLSR;Wahlbeteiligung
14111;;;;2021-09-26;KREISE;;05113;;;;;;408110;Anzahl;WAHL01;Wahlberechtigte
14111;;;;2021-09-26;KREISE;;05114;;;;;;72,0;Prozent;WAHLSR;Wahlbeteiligung
14111;;;;2021-09-26;KREISE;;05114;;;;;;158951;Anzahl;WAHL01;Wahlberechtigte
14111;;;;2021-09-26;KREISE;;05116;;;;;;70,0;Prozent;WAHLSR;Wahlbeteiligung
14111;;;;2021-09-26;KREISE;;05116;;;;;;185185;Anzahl;WAHL01;Wahlberechtigte
14111;;;;2021-09-26;KREISE;;05117;;;;;;77,9;Prozent;WAHLSR;Wahlbeteiligung
14111;;;;2021-09-26;KREISE;;05117;;;;;;121418;Anzahl;WAHL01;Wahlberechtigte
14111;;;;2021-09-26;KREISE;;05119;;;;;;71,7;Prozent;WAHLSR;Wahlbeteiligung
14111;;;;2021-09-26;KREISE;;05119;;;;;;147254;Anzahl;WAHL01;Wahlberechtigte
14111;;;;2021-09-26;KREISE;;05120;;;;;;72,0;Prozent;WAHLSR;Wahlbeteiligung
14111;;;;2021-09-26;KREISE;;05120;;;;;;76192;Anzahl;WAHL01;Wahlberechtigte
14111;;;;2021-09-26;KREISE;;05122;;;;;;73,8;Prozent;WAHLSR;Wahlbeteiligung
14111;;;;2021-09-26;KREISE;;05122;;;;;;111392;Anzahl;WAHL01;Wahlberechtigte
14111;;;;2021-09-26;KREISE;;05124;;;;;;73,6;Prozent;WAHLSR;Wahlbeteiligung
14111;;;;2021-09-26;KREISE;;05124;;;;;;235148;Anzahl;WAHL01;Wahlberechtigte
14111;;;;2021-09-26;KREISE;;05154;;;;;;75,9;Prozent;WAHLSR;Wahlbeteiligung
14111;;;;2021-09-26;KREISE;;05154;;;;;;225463;Anzahl;WAHL01;Wahlberechtigte
14111;;;;2021-09-26;KREISE;;05158;;;;;;78,0;Prozent;WAHLSR;Wahlbeteiligung
14111;;;;2021-09-26;KREISE;;05158;;;;;;363205;Anzahl;WAHL01;Wahlberechtigte
14111;;;;2021-09-26;KREISE;;05162;;;;;;78,5;Prozent;WAHLSR;Wahlbeteiligung
14111;;;;2021-09-26;KREISE;;05162;;;;;;333192;Anzahl;WAHL01;Wahlberechtigte
14111;;;;2021-09-26;KREISE;;05166;;;;;;77,1;Prozent;WAHLSR;Wahlbeteiligung
14111;;;;2021-09-26;KREISE;;05166;;;;;;227166;Anzahl;WAHL01;Wahlberechtigte
14111;;;;2021-09-26;KREISE;;05170;;;;;;77,1;Prozent;WAHLSR;Wahlbeteiligung
14111;;;;2021-09-26;KREISE;;05170;;;;;;355179;Anzahl;WAHL01;Wahlberechtigte
14111;;;;2021-09-26;KREISE;;05313;;;;;;-;Prozent;WAHLSR;Wahlbeteiligung
14111;;;;2021-09-26;KREISE;;05313;;;;;;-;Anzahl;WAHL01;Wahlberechtigte
14111;;;;2021-09-26;KREISE;;05314;;;;;;80,6;Prozent;WAHLSR;Wahlbeteiligung
14111;;;;2021-09-26;KREISE;;05314;;;;;;230215;Anzahl;WAHL01;Wahlberechtigte
14111;;;;2021-09-26;KREISE;;05315;;;;;;77,8;Prozent;WAHLSR;Wahlbeteiligung
14111;;;;2021-09-26;KREISE;;05315;;;;;;732048;Anzahl;WAHL01;Wahlberechtigte
14111;;;;2021-09-26;KREISE;;05316;;;;;;74,8;Prozent;WAHLSR;Wahlbeteiligung
14111;;;;2021-09-26;KREISE;;05316;;;;;;114706;Anzahl;WAHL01;Wahlberechtigte
14111;;;;2021-09-26;KREISE;;05334;;;;;;77,1;Prozent;WAHLSR;Wahlbeteiligung
14111;;;;2021-09-26;KREISE;;05334;;;;;;402726;Anzahl;WAHL01;Wahlberechtigte
14111;;;;2021-09-26;KREISE;;05334002;;;;;;79,4;Prozent;WAHLSR;Wahlbeteiligung
14111;;;;2021-09-26;KREISE;;05334002;;;;;;176306;Anzahl;WAHL01;Wahlberechtigte
14111;;;;2021-09-26;KREISE;;05354;;;;;;-;Prozent;WAHLSR;Wahlbeteiligung
14111;;;;2021-09-26;KREISE;;05354;;;;;;-;Anzahl;WAHL01;Wahlberechtigte
14111;;;;2021-09-26;KREISE;;05358;;;;;;77,0;Prozent;WAHLSR;Wahlbeteiligung
14111;;;;2021-09-26;KREISE;;05358;;;;;;199656;Anzahl;WAHL01;Wahlberechtigte
14111;;;;2021-09-26;KREISE;;05362;;;;;;78,3;Prozent;WAHLSR;Wahlbeteiligung
14111;;;;2021-09-26;KREISE;;05362;;;;;;345958;Anzahl;WAHL01;Wahlberechtigte
14111;;;;2021-09-26;KREISE;;05366;;;;;;76,6;Prozent;WAHLSR;Wahlbeteiligung
14111;;;;2021-09-26;KREISE;;05366;;;;;;152275;Anzahl;WAHL01;Wahlberechtigte
14111;;;;2021-09-26;KREISE;;05370;;;;;;75,6;Prozent;WAHLSR;Wahlbeteiligung
14111;;;;2021-09-26;KREISE;;05370;;;;;;192346;Anzahl;WAHL01;Wahlberechtigte
14111;;;;2021-09-26;KREISE;;05374;;;;;;77,5;Prozent;WAHLSR;Wahlbeteiligung
14111;;;;2021-09-26;KREISE;;05374;;;;;;206640;Anzahl;WAHL01;Wahlberechtigte
14111;;;;2021-09-26;KREISE;;05378;;;;;;81,5;Prozent;WAHLSR;Wahlbeteiligung
14111;;;;2021-09-26;KREISE;;05378;;;;;;217193;Anzahl;WAHL01;Wahlberechtigte
14111;;;;2021-09-26;KREISE;;05382;;;;;;80,2;Prozent;WAHLSR;Wahlbeteiligung
14111;;;;2021-09-26;KREISE;;05382;;;;;;454690;Anzahl;WAHL01;Wahlberechtigte
14111;;;;2021-09-26;KREISE;;05512;;;;;;74,8;Prozent;WAHLSR;Wahlbeteiligung
14111;;;;2021-09-26;KREISE;;05512;;;;;;87200;Anzahl;WAHL01;Wahlberechtigte
14111;;;;2021-09-26;KREISE;;05513;;;;;;66,7;Prozent;WAHLSR;Wahlbeteiligung
14111;;;;2021-09-26;KREISE;;05513;;;;;;168496;Anzahl;WAHL01;Wahlberechtigte
14111;;;;2021-09-26;KREISE;;05515;;;;;;83,9;Prozent;WAHLSR;Wahlbeteiligung
14111;;;;2021-09-26;KREISE;;05515;;;;;;233953;Anzahl;WAHL01;Wahlberechtigte
14111;;;;2021-09-26;KREISE;;05554;;;;;;79,5;Prozent;WAHLSR;Wahlbeteiligung
14111;;;;2021-09-26;KREISE;;05554;;;;;;279090;Anzahl;WAHL01;Wahlberechtigte
14111;;;;2021-09-26;KREISE;;05558;;;;;;82,5;Prozent;WAHLSR;Wahlbeteiligung
14111;;;;2021-09-26;KREISE;;05558;;;;;;174248;Anzahl;WAHL01;Wahlberechtigte
14111;;;;2021-09-26;KREISE;;05562;;;;;;74,0;Prozent;WAHLSR;Wahlbeteiligung
14111;;;;2021-09-26;KREISE;;05562;;;;;;463750;Anzahl;WAHL01;Wahlberechtigte
14111;;;;2021-09-26;KREISE;;05566;;;;;;79,4;Prozent;WAHLSR;Wahlbeteiligung
14111;;;;2021-09-26;KREISE;;05566;;;;;;340361;Anzahl;WAHL01;Wahlberechtigte
14111;;;;2021-09-26;KREISE;;05570;;;;;;79,4;Prozent;WAHLSR;Wahlbeteiligung
14111;;;;2021-09-26;KREISE;;05570;;;;;;208754;Anzahl;WAHL01;Wahlberechtigte
14111;;;;2021-09-26;KREISE;;05711;;;;;;76,1;Prozent;WAHLSR;Wahlbeteiligung
14111;;;;2021-09-26;KREISE;;05711;;;;;;234469;Anzahl;WAHL01;Wahlberechtigte
14111;;;;2021-09-26;KREISE;;05754;;;;;;77,1;Prozent;WAHLSR;Wahlbeteiligung
14111;;;;2021-09-26;KREISE;;05754;;;;;;263176;Anzahl;WAHL01;Wahlberechtigte
14111;;;;2021-09-26;KREISE;;05758;;;;;;75,5;Prozent;WAHLSR;Wahlbeteiligung
14111;;;;2021-09-26;KREISE;;05758;;;;;;189792;Anzahl;WAHL01;Wahlberechtigte
14111;;;;2021-09-26;KREISE;;05762;;;;;;78,4;Prozent;WAHLSR;Wahlbeteiligung
14111;;;;2021-09-26;KREISE;;05762;;;;;;110898;Anzahl;WAHL01;Wahlberechtigte
14111;;;;2021-09-26;KREISE;;05766;;;;;;76,7;Prozent;WAHLSR;Wahlbeteiligung
14111;;;;2021-09-26;KREISE;;05766;;;;;;265543;Anzahl;WAHL01;Wahlberechtigte
14111;;;;2021-09-26;KREISE;;05770;;;;;;75,3;Prozent;WAHLSR;Wahlbeteiligung
14111;;;;2021-09-26;KREISE;;05770;;;;;;238990;Anzahl;WAHL01;Wahlberechtigte
14111;;;;2021-09-26;KREISE;;05774;;;;;;77,0;Prozent;WAHLSR;Wahlbeteiligung
14111;;;;2021-09-26;KREISE;;05774;;;;;;231534;Anzahl;WAHL01;Wahlberechtigte
14111;;;;2021-09-26;KREISE;;05911;;;;;;75,5;Prozent;WAHLSR;Wahlbeteiligung
14111;;;;2021-09-26;KREISE;;05911;;;;;;267771;Anzahl;WAHL01;Wahlberechtigte
14111;;;;2021-09-26;KREISE;;05913;;;;;;73,8;Prozent;WAHLSR;Wahlbeteiligung
14111;;;;2021-09-26;KREISE;;05913;;;;;;406044;Anzahl;WAHL01;Wahlberechtigte
14111;;;;2021-09-26;KREISE;;05914;;;;;;69,3;Prozent;WAHLSR;Wahlbeteiligung
14111;;;;2021-09-26;KREISE;;05914;;;;;;127926;Anzahl;WAHL01;Wahlberechtigte
14111;;;;2021-09-26;KREISE;;05915;;;;;;72,5;Prozent;WAHLSR;Wahlbeteiligung
14111;;;;2021-09-26;KREISE;;05915;;;;;;124312;Anzahl;WAHL01;Wahlberechtigte
14111;;;;2021-09-26;KREISE;;05916;;;;;;69,5;Prozent;WAHLSR;Wahlbeteiligung
14111;;;;2021-09-26;KREISE;;05916;;;;;;108561;Anzahl;WAHL01;Wahlberechtigte
14111;;;;2021-09-26;KREISE;;05954;;;;;;77,4;Prozent;WAHLSR;Wahlbeteiligung
14111;;;;2021-09-26;KREISE;;05954;;;;;;248951;Anzahl;WAHL01;Wahlberechtigte
14111;;;;2021-09-26;KREISE;;05958;;;;;;78,1;Prozent;WAHLSR;Wahlbeteiligung
14111;;;;2021-09-26;KREISE;;05958;;;;;;200496;Anzahl;WAHL01;Wahlberechtigte
14111;;;;2021-09-26;KREISE;;05962;;;;;;73,1;Prozent;WAHLSR;Wahlbeteiligung
14111;;;;2021-09-26;KREISE;;05962;;;;;;297658;Anzahl;WAHL01;Wahlberechtigte
14111;;;;2021-09-26;KREISE;;05966;;;;;;79,7;Prozent;WAHLSR;Wahlbeteiligung
14111;;;;2021-09-26;KREISE;;05966;;;;;;101508;Anzahl;WAHL01;Wahlberechtigte
14111;;;;2021-09-26;KREISE;;05970;;;;;;78,1;Prozent;WAHLSR;Wahlbeteiligung
14111;;;;2021-09-26;KREISE;;05970;;;;;;207672;Anzahl;WAHL01;Wahlberechtigte
14111;;;;2021-09-26;KREISE;;05974;;;;;;77,2;Prozent;WAHLSR;Wahlbeteiligung
14111;;;;2021-09-26;KREISE;;05974;;;;;;231811;Anzahl;WAHL01;Wahlberechtigte
14111;;;;2021-09-26;KREISE;;05978;;;;;;75,2;Prozent;WAHLSR;Wahlbeteiligung
14111;;;;2021-09-26;KREISE;;05978;;;;;;301407;Anzahl;WAHL01;Wahlberechtigte
14111;;;;2021-09-26;KREISE;;06411;;;;;;78,9;Prozent;WAHLSR;Wahlbeteiligung
14111;;;;2021-09-26;KREISE;;06411;;;;;;105691;Anzahl;WAHL01;Wahlberechtigte
14111;;;;2021-09-26;KREISE;;06412;;;;;;74,7;Prozent;WAHLSR;Wahlbeteiligung
14111;;;;2021-09-26;KREISE;;06412;;;;;;428423;Anzahl;WAHL01;Wahlberechtigte
14111;;;;2021-09-26;KREISE;;06413;;;;;;67,5;Prozent;WAHLSR;Wahlbeteiligung
14111;;;;2021-09-26;KREISE;;06413;;;;;;67383;Anzahl;WAHL01;Wahlberechtigte
14111;;;;2021-09-26;KREISE;;06414;;;;;;72,9;Prozent;WAHLSR;Wahlbeteiligung
14111;;;;2021-09-26;KREISE;;06414;;;;;;186735;Anzahl;WAHL01;Wahlberechtigte
14111;;;;2021-09-26;KREISE;;06415;;;;;;-;Prozent;WAHLSR;Wahlbeteiligung
14111;;;;2021-09-26;KREISE;;06415;;;;;;-;Anzahl;WAHL01;Wahlberechtigte
14111;;;;2021-09-26;KREISE;;06431;;;;;;77,4;Prozent;WAHLSR;Wahlbeteiligung
14111;;;;2021-09-26;KREISE;;06431;;;;;;197782;Anzahl;WAHL01;Wahlberechtigte
14111;;;;2021-09-26;KREISE;;06432;;;;;;78,0;Prozent;WAHLSR;Wahlbeteiligung
14111;;;;2021-09-26;KREISE;;06432;;;;;;213688;Anzahl;WAHL01;Wahlberechtigte
14111;;;;2021-09-26;KREISE;;06433;;;;;;74,3;Prozent;WAHLSR;Wahlbeteiligung
14111;;;;2021-09-26;KREISE;;06433;;;;;;174082;Anzahl;WAHL01;Wahlberechtigte
14111;;;;2021-09-26;KREISE;;06434;;;;;;81,5;Prozent;WAHLSR;Wahlbeteiligung
14111;;;;2021-09-26;KREISE;;06434;;;;;;163309;Anzahl;WAHL01;Wahlberechtigte
14111;;;;2021-09-26;KREISE;;06435;;;;;;75,9;Prozent;WAHLSR;Wahlbeteiligung
14111;;;;2021-09-26;KREISE;;06435;;;;;;297502;Anzahl;WAHL01;Wahlberechtigte
14111;;;;2021-09-26;KREISE;;06436;;;;;;80,5;Prozent;WAHLSR;Wahlbeteiligung
14111;;;;2021-09-26;KREISE;;06436;;;;;;165007;Anzahl;WAHL01;Wahlberechtigte
14111;;;;2021-09-26;KREISE;;06437;;;;;;74,9;Prozent;WAHLSR;Wahlbeteiligung
14111;;;;2021-09-26;KREISE;;06437;;;;;;70263;Anzahl;WAHL01;Wahlberechtigte
14111;;;;2021-09-26;KREISE;;06438;;;;;;75,3;Prozent;WAHLSR;Wahlbeteiligung
14111;;;;2021-09-26;KREISE;;06438;;;;;;237150;Anzahl;WAHL01;Wahlberechtigte
14111;;;;2021-09-26;KREISE;;06439;;;;;;79,9;Prozent;WAHLSR;Wahlbeteiligung
14111;;;;2021-09-26;KREISE;;06439;;;;;;138706;Anzahl;WAHL01;Wahlberechtigte
14111;;;;2021-09-26;KREISE;;06440;;;;;;77,7;Prozent;WAHLSR;Wahlbeteiligung
14111;;;;2021-09-26;KREISE;;06440;;;;;;225537;Anzahl;WAHL01;Wahlberechtigte
14111;;;;2021-09-26;KREISE;;06531;;;;;;74,7;Prozent;WAHLSR;Wahlbeteiligung
14111;;;;2021-09-26;KREISE;;06531;;;;;;199542;Anzahl;WAHL01;Wahlberechtigte
14111;;;;2021-09-26;KREISE;;06532;;;;;;73,6;Prozent;WAHLSR;Wahlbeteiligung
14111;;;;2021-09-26;KREISE;;06532;;;;;;188484;Anzahl;WAHL01;Wahlberechtigte
14111;;;;2021-09-26;KREISE;;06533;;;;;;75,4;Prozent;WAHLSR;Wahlbeteiligung
14111;;;;2021-09-26;KREISE;;06533;;;;;;128800;Anzahl;WAHL01;Wahlberechtigte
14111;;;;2021-09-26;KREISE;;06534;;;;;;78,0;Prozent;WAHLSR;Wahlbeteiligung
14111;;;;2021-09-26;KREISE;;06534;;;;;;181588;Anzahl;WAHL01;Wahlberechtigte
14111;;;;2021-09-26;KREISE;;06535;;;;;;76,6;Prozent;WAHLSR;Wahlbeteiligung
14111;;;;2021-09-26;KREISE;;06535;;;;;;83998;Anzahl;WAHL01;Wahlberechtigte
14111;;;;2021-09-26;KREISE;;06611;;;;;;72,0;Prozent;WAHLSR;Wahlbeteiligung
14111;;;;2021-09-26;KREISE;;06611;;;;;;137258;Anzahl;WAHL01;Wahlberechtigte
14111;;;;2021-09-26;KREISE;;06631;;;;;;78,6;Prozent;WAHLSR;Wahlbeteiligung
14111;;;;2021-09-26;KREISE;;06631;;;;;;169000;Anzahl;WAHL01;Wahlberechtigte
14111;;;;2021-09-26;KREISE;;06632;;;;;;76,1;Prozent;WAHLSR;Wahlbeteiligung
14111;;;;2021-09-26;KREISE;;06632;;;;;;92118;Anzahl;WAHL01;Wahlberechtigte
14111;;;;2021-09-26;KREISE;;06633;;;;;;77,7;Prozent;WAHLSR;Wahlbeteiligung
14111;;;;2021-09-26;KREISE;;06633;;;;;;187564;Anzahl;WAHL01;Wahlberechtigte
14111;;;;2021-09-26;KREISE;;06634;;;;;;76,8;Prozent;WAHLSR;Wahlbeteiligung
14111;;;;2021-09-26;KREISE;;06634;;;;;;141354;Anzahl;WAHL01;Wahlberechtigte
14111;;;;2021-09-26;KREISE;;06635;;;;;;72,9;Prozent;WAHLSR;Wahlbeteiligung
14111;;;;2021-09-26;KREISE;;06635;;;;;;122315;Anzahl;WAHL01;Wahlberechtigte
14111;;;;2021-09-26;KREISE;;06636;;;;;;76,2;Prozent;WAHLSR;Wahlbeteiligung
14111;;;;2021-09-26;KREISE;;06636;;;;;;79768;Anzahl;WAHL01;Wahlberechtigte
14111;;;;2021-09-26;KREISE;;07111;;;;;;74,8;Prozent;WAHLSR;Wahlbeteiligung
14111;;;;2021-09-26;KREISE;;07111;;;;;;82526;Anzahl;WAHL01;Wahlberechtigte
14111;;;;2021-09-26;KREISE;;07131;;;;;;76,4;Prozent;WAHLSR;Wahlbeteiligung
14111;;;;2021-09-26;KREISE;;07131;;;;;;100730;Anzahl;WAHL01;Wahlberechtigte
14111;;;;2021-09-26;KREISE;;07132;;;;;;76,1;Prozent;WAHLSR;Wahlbeteiligung
14111;;;;2021-09-26;KREISE;;07132;;;;;;99851;Anzahl;WAHL01;Wahlberechtigte
14111;;;;2021-09-26;KREISE;;07133;;;;;;76,5;Prozent;WAHLSR;Wahlbeteiligung
14111;;;;2021-09-26;KREISE;;07133;;;;;;119761;Anzahl;WAHL01;Wahlberechtigte
14111;;;;2021-09-26;KREISE;;07134;;;;;;74,2;Prozent;WAHLSR;Wahlbeteiligung
14111;;;;2021-09-26;KREISE;;07134;;;;;;62619;Anzahl;WAHL01;Wahlberechtigte
14111;;;;2021-09-26;KREISE;;07135;;;;;;78,7;Prozent;WAHLSR;Wahlbeteiligung
14111;;;;2021-09-26;KREISE;;07135;;;;;;48546;Anzahl;WAHL01;Wahlberechtigte
14111;;;;2021-09-26;KREISE;;07137;;;;;;76,7;Prozent;WAHLSR;Wahlbeteiligung
14111;;;;2021-09-26;KREISE;;07137;;;;;;166051;Anzahl;WAHL01;Wahlberechtigte
14111;;;;2021-09-26;KREISE;;07138;;;;;;76,6;Prozent;WAHLSR;Wahlbeteiligung
14111;;;;2021-09-26;KREISE;;07138;;;;;;138267;Anzahl;WAHL01;Wahlberechtigte
14111;;;;2021-09-26;KREISE;;07140;;;;;;78,9;Prozent;WAHLSR;Wahlbeteiligung
14111;;;;2021-09-26;KREISE;;07140;;;;;;80453;Anzahl;WAHL01;Wahlberechtigte
14111;;;;2021-09-26;KREISE;;07141;;;;;;77,1;Prozent;WAHLSR;Wahlbeteiligung
14111;;;;2021-09-26;KREISE;;07141;;;;;;94277;Anzahl;WAHL01;Wahlberechtigte
14111;;;;2021-09-26;KREISE;;07143;;;;;;77,9;Prozent;WAHLSR;Wahlbeteiligung
14111;;;;2021-09-26;KREISE;;07143;;;;;;155376;Anzahl;WAHL01;Wahlberechtigte
14111;;;;2021-09-26;KREISE;;07211;;;;;;74,3;Prozent;WAHLSR;Wahlbeteiligung
14111;;;;2021-09-26;KREISE;;07211;;;;;;78348;Anzahl;WAHL01;Wahlberechtigte
14111;;;;2021-09-26;KREISE;;07231;;;;;;77,3;Prozent;WAHLSR;Wahlbeteiligung
14111;;;;2021-09-26;KREISE;;07231;;;;;;85718;Anzahl;WAHL01;Wahlberechtigte
14111;;;;2021-09-26;KREISE;;07232;;;;;;75,5;Prozent;WAHLSR;Wahlbeteiligung
14111;;;;2021-09-26;KREISE;;07232;;;;;;71963;Anzahl;WAHL01;Wahlberechtigte
14111;;;;2021-09-26;KREISE;;07233;;;;;;77,0;Prozent;WAHLSR;Wahlbeteiligung
14111;;;;2021-09-26;KREISE;;07233;;;;;;47915;Anzahl;WAHL01;Wahlberechtigte
14111;;;;2021-09-26;KREISE;;07235;;;;;;79,3;Prozent;WAHLSR;Wahlbeteiligung
14111;;;;2021-09-26;KREISE;;07235;;;;;;112182;Anzahl;WAHL01;Wahlberechtigte
14111;;;;2021-09-26;KREISE;;07311;;;;;;71,4;Prozent;WAHLSR;Wahlbeteiligung
14111;;;;2021-09-26;KREISE;;07311;;;;;;32565;Anzahl;WAHL01;Wahlberechtigte
14111;;;;2021-09-26;KREISE;;07312;;;;;;70,0;Prozent;WAHLSR;Wahlbeteiligung
14111;;;;2021-09-26;KREISE;;07312;;;;;;69296;Anzahl;WAHL01;Wahlberechtigte
14111;;;;2021-09-26;KREISE;;07313;;;;;;77,8;Prozent;WAHLSR;Wahlbeteiligung
14111;;;;2021-09-26;KREISE;;07313;;;;;;35938;Anzahl;WAHL01;Wahlberechtigte
14111;;;;2021-09-26;KREISE;;07314;;;;;;67,8;Prozent;WAHLSR;Wahlbeteiligung
14111;;;;2021-09-26;KREISE;;07314;;;;;;100197;Anzahl;WAHL01;Wahlberechtigte
14111;;;;2021-09-26;KREISE;;07315;;;;;;80,5;Prozent;WAHLSR;Wahlbeteiligung
14111;;;;2021-09-26;KREISE;;07315;;;;;;148407;Anzahl;WAHL01;Wahlberechtigte
14111;;;;2021-09-26;KREISE;;07316;;;;;;77,7;Prozent;WAHLSR;Wahlbeteiligung
14111;;;;2021-09-26;KREISE;;07316;;;;;;40680;Anzahl;WAHL01;Wahlberechtigte
14111;;;;2021-09-26;KREISE;;07317;;;;;;65,9;Prozent;WAHLSR;Wahlbeteiligung
14111;;;;2021-09-26;KREISE;;07317;;;;;;30507;Anzahl;WAHL01;Wahlberechtigte
14111;;;;2021-09-26;KREISE;;07318;;;;;;75,1;Prozent;WAHLSR;Wahlbeteiligung
14111;;;;2021-09-26;KREISE;;07318;;;;;;35930;Anzahl;WAHL01;Wahlberechtigte
14111;;;;2021-09-26;KREISE;;07319;;;;;;70,5;Prozent;WAHLSR;Wahlbeteiligung
14111;;;;2021-09-26;KREISE;;07319;;;;;;57136;Anzahl;WAHL01;Wahlberechtigte
14111;;;;2021-09-26;KREISE;;07320;;;;;;71,9;Prozent;WAHLSR;Wahlbeteiligung
14111;;;;2021-09-26;KREISE;;07320;;;;;;25747;Anzahl;WAHL01;Wahlberechtigte
14111;;;;2021-09-26;KREISE;;07331;;;;;;79,6;Prozent;WAHLSR;Wahlbeteiligung
14111;;;;2021-09-26;KREISE;;07331;;;;;;98411;Anzahl;WAHL01;Wahlberechtigte
14111;;;;2021-09-26;KREISE;;07332;;;;;;80,6;Prozent;WAHLSR;Wahlbeteiligung
14111;;;;2021-09-26;KREISE;;07332;;;;;;104771;Anzahl;WAHL01;Wahlberechtigte
14111;;;;2021-09-26;KREISE;;07333;;;;;;76,7;Prozent;WAHLSR;Wahlbeteiligung
14111;;;;2021-09-26;KREISE;;07333;;;;;;58416;Anzahl;WAHL01;Wahlberechtigte
14111;;;;2021-09-26;KREISE;;07334;;;;;;77,6;Prozent;WAHLSR;Wahlbeteiligung
14111;;;;2021-09-26;KREISE;;07334;;;;;;93969;Anzahl;WAHL01;Wahlberechtigte
14111;;;;2021-09-26;KREISE;;07335;;;;;;78,0;Prozent;WAHLSR;Wahlbeteiligung
14111;;;;2021-09-26;KREISE;;07335;;;;;;80624;Anzahl;WAHL01;Wahlberechtigte
14111;;;;2021-09-26;KREISE;;07336;;;;;;77,7;Prozent;WAHLSR;Wahlbeteiligung
14111;;;;2021-09-26;KREISE;;07336;;;;;;55944;Anzahl;WAHL01;Wahlberechtigte
14111;;;;2021-09-26;KREISE;;07337;;;;;;80,8;Prozent;WAHLSR;Wahlbeteiligung
14111;;;;2021-09-26;KREISE;;07337;;;;;;87093;Anzahl;WAHL01;Wahlberechtigte
14111;;;;2021-09-26;KREISE;;07338;;;;;;81,4;Prozent;WAHLSR;Wahlbeteiligung
14111;;;;2021-09-26;KREISE;;07338;;;;;;116242;Anzahl;WAHL01;Wahlberechtigte
14111;;;;2021-09-26;KREISE;;07339;;;;;;82,7;Prozent;WAHLSR;Wahlbeteiligung
14111;;;;2021-09-26;KREISE;;07339;;;;;;158619;Anzahl;WAHL01;Wahlberechtigte
14111;;;;2021-09-26;KREISE;;07340;;;;;;81,0;Prozent;WAHLSR;Wahlbeteiligung
14111;;;;2021-09-26;KREISE;;07340;;;;;;78260;Anzahl;WAHL01;Wahlberechtigte
14111;;;;2021-09-26;KREISE;;08111;;;;;;78,5;Prozent;WAHLSR;Wahlbeteiligung
14111;;;;2021-09-26;KREISE;;08111;;;;;;370769;Anzahl;WAHL01;Wahlberechtigte
14111;;;;2021-09-26;KREISE;;08115;;;;;;79,7;Prozent;WAHLSR;Wahlbeteiligung
14111;;;;2021-09-26;KREISE;;08115;;;;;;261193;Anzahl;WAHL01;Wahlberechtigte
14111;;;;2021-09-26;KREISE;;08116;;;;;;79,9;Prozent;WAHLSR;Wahlbeteiligung
14111;;;;2021-09-26;KREISE;;08116;;;;;;362474;Anzahl;WAHL01;Wahlberechtigte
14111;;;;2021-09-26;KREISE;;08117;;;;;;76,6;Prozent;WAHLSR;Wahlbeteiligung
14111;;;;2021-09-26;KREISE;;08117;;;;;;177107;Anzahl;WAHL01;Wahlberechtigte
14111;;;;2021-09-26;KREISE;;08118;;;;;;80,1;Prozent;WAHLSR;Wahlbeteiligung
14111;;;;2021-09-26;KREISE;;08118;;;;;;362801;Anzahl;WAHL01;Wahlberechtigte
14111;;;;2021-09-26;KREISE;;08119;;;;;;78,7;Prozent;WAHLSR;Wahlbeteiligung
14111;;;;2021-09-26;KREISE;;08119;;;;;;295389;Anzahl;WAHL01;Wahlberechtigte
14111;;;;2021-09-26;KREISE;;08121;;;;;;71,1;Prozent;WAHLSR;Wahlbeteiligung
14111;;;;2021-09-26;KREISE;;08121;;;;;;75517;Anzahl;WAHL01;Wahlberechtigte
14111;;;;2021-09-26;KREISE;;08125;;;;;;79,1;Prozent;WAHLSR;Wahlbeteiligung
14111;;;;2021-09-26;KREISE;;08125;;;;;;243164;Anzahl;WAHL01;Wahlberechtigte
14111;;;;2021-09-26;KREISE;;08126;;;;;;77,7;Prozent;WAHLSR;Wahlbeteiligung
14111;;;;2021-09-26;KREISE;;08126;;;;;;82391;Anzahl;WAHL01;Wahlberechtigte
14111;;;;2021-09-26;KREISE;;08127;;;;;;75,7;Prozent;WAHLSR;Wahlbeteiligung
14111;;;;2021-09-26;KREISE;;08127;;;;;;143483;Anzahl;WAHL01;Wahlberechtigte
14111;;;;2021-09-26;KREISE;;08128;;;;;;78,6;Prozent;WAHLSR;Wahlbeteiligung
14111;;;;2021-09-26;KREISE;;08128;;;;;;101140;Anzahl;WAHL01;Wahlberechtigte
14111;;;;2021-09-26;KREISE;;08135;;;;;;74,9;Prozent;WAHLSR;Wahlbeteiligung
14111;;;;2021-09-26;KREISE;;08135;;;;;;92927;Anzahl;WAHL01;Wahlberechtigte
14111;;;;2021-09-26;KREISE;;08136;;;;;;77,3;Prozent;WAHLSR;Wahlbeteiligung
14111;;;;2021-09-26;KREISE;;08136;;;;;;231207;Anzahl;WAHL01;Wahlberechtigte
14111;;;;2021-09-26;KREISE;;08211;;;;;;74,2;Prozent;WAHLSR;Wahlbeteiligung
14111;;;;2021-09-26;KREISE;;08211;;;;;;38068;Anzahl;WAHL01;Wahlberechtigte
14111;;;;2021-09-26;KREISE;;08212;;;;;;77,6;Prozent;WAHLSR;Wahlbeteiligung
14111;;;;2021-09-26;KREISE;;08212;;;;;;205608;Anzahl;WAHL01;Wahlberechtigte
14111;;;;2021-09-26;KREISE;;08215;;;;;;79,4;Prozent;WAHLSR;Wahlbeteiligung
14111;;;;2021-09-26;KREISE;;08215;;;;;;322530;Anzahl;WAHL01;Wahlberechtigte
14111;;;;2021-09-26;KREISE;;08216;;;;;;76,2;Prozent;WAHLSR;Wahlbeteiligung
14111;;;;2021-09-26;KREISE;;08216;;;;;;166822;Anzahl;WAHL01;Wahlberechtigte
14111;;;;2021-09-26;KREISE;;08221;;;;;;81,4;Prozent;WAHLSR;Wahlbeteiligung
14111;;;;2021-09-26;KREISE;;08221;;;;;;100223;Anzahl;WAHL01;Wahlberechtigte
14111;;;;2021-09-26;KREISE;;08222;;;;;;72,2;Prozent;WAHLSR;Wahlbeteiligung
14111;;;;2021-09-26;KREISE;;08222;;;;;;196863;Anzahl;WAHL01;Wahlberechtigte
14111;;;;2021-09-26;KREISE;;08225;;;;;;76,2;Prozent;WAHLSR;Wahlbeteiligung
14111;;;;2021-09-26;KREISE;;08225;;;;;;108278;Anzahl;WAHL01;Wahlberechtigte
14111;;;;2021-09-26;KREISE;;08226;;;;;;79,1;Prozent;WAHLSR;Wahlbeteiligung
14111;;;;2021-09-26;KREISE;;08226;;;;;;397462;Anzahl;WAHL01;Wahlberechtigte
14111;;;;2021-09-26;KREISE;;08231;;;;;;67,4;Prozent;WAHLSR;Wahlbeteiligung
14111;;;;2021-09-26;KREISE;;08231;;;;;;74174;Anzahl;WAHL01;Wahlberechtigte
14111;;;;2021-09-26;KREISE;;08235;;;;;;77,2;Prozent;WAHLSR;Wahlbeteiligung
14111;;;;2021-09-26;KREISE;;08235;;;;;;112513;Anzahl;WAHL01;Wahlberechtigte
14111;;;;2021-09-26;KREISE;;08236;;;;;;79,7;Prozent;WAHLSR;Wahlbeteiligung
14111;;;;2021-09-26;KREISE;;08236;;;;;;142952;Anzahl;WAHL01;Wahlberechtigte
14111;;;;2021-09-26;KREISE;;08237;;;;;;76,2;Prozent;WAHLSR;Wahlbeteiligung
14111;;;;2021-09-26;KREISE;;08237;;;;;;86579;Anzahl;WAHL01;Wahlberechtigte
14111;;;;2021-09-26;KREISE;;08311;;;;;;80,4;Prozent;WAHLSR;Wahlbeteiligung
14111;;;;2021-09-26;KREISE;;08311;;;;;;157938;Anzahl;WAHL01;Wahlberechtigte
14111;;;;2021-09-26;KREISE;;08315;;;;;;80,2;Prozent;WAHLSR;Wahlbeteiligung
14111;;;;2021-09-26;KREISE;;08315;;;;;;194326;Anzahl;WAHL01;Wahlberechtigte
14111;;;;2021-09-26;KREISE;;08316;;;;;;78,7;Prozent;WAHLSR;Wahlbeteiligung
14111;;;;2021-09-26;KREISE;;08316;;;;;;123797;Anzahl;WAHL01;Wahlberechtigte
14111;;;;2021-09-26;KREISE;;08317;;;;;;75,7;Prozent;WAHLSR;Wahlbeteiligung
14111;;;;2021-09-26;KREISE;;08317;;;;;;316089;Anzahl;WAHL01;Wahlberechtigte
14111;;;;2021-09-26;KREISE;;08325;;;;;;76,4;Prozent;WAHLSR;Wahlbeteiligung
14111;;;;2021-09-26;KREISE;;08325;;;;;;102476;Anzahl;WAHL01;Wahlberechtigte
14111;;;;2021-09-26;KREISE;;08326;;;;;;75,2;Prozent;WAHLSR;Wahlbeteiligung
14111;;;;2021-09-26;KREISE;;08326;;;;;;147679;Anzahl;WAHL01;Wahlberechtigte
14111;;;;2021-09-26;KREISE;;08327;;;;;;74,5;Prozent;WAHLSR;Wahlbeteiligung
14111;;;;2021-09-26;KREISE;;08327;;;;;;95706;Anzahl;WAHL01;Wahlberechtigte
14111;;;;2021-09-26;KREISE;;08335;;;;;;76,5;Prozent;WAHLSR;Wahlbeteiligung
14111;;;;2021-09-26;KREISE;;08335;;;;;;206009;Anzahl;WAHL01;Wahlberechtigte
14111;;;;2021-09-26;KREISE;;08336;;;;;;74,2;Prozent;WAHLSR;Wahlbeteiligung
14111;;;;2021-09-26;KREISE;;08336;;;;;;161441;Anzahl;WAHL01;Wahlberechtigte
14111;;;;2021-09-26;KREISE;;08337;;;;;;74,5;Prozent;WAHLSR;Wahlbeteiligung
14111;;;;2021-09-26;KREISE;;08337;;;;;;119038;Anzahl;WAHL01;Wahlberechtigte
14111;;;;2021-09-26;KREISE;;08415;;;;;;77,2;Prozent;WAHLSR;Wahlbeteiligung
14111;;;;2021-09-26;KREISE;;08415;;;;;;199189;Anzahl;WAHL01;Wahlberechtigte
14111;;;;2021-09-26;KREISE;;08416;;;;;;82,2;Prozent;WAHLSR;Wahlbeteiligung
14111;;;;2021-09-26;KREISE;;08416;;;;;;162818;Anzahl;WAHL01;Wahlberechtigte
14111;;;;2021-09-26;KREISE;;08417;;;;;;74,7;Prozent;WAHLSR;Wahlbeteiligung
14111;;;;2021-09-26;KREISE;;08417;;;;;;137649;Anzahl;WAHL01;Wahlberechtigte
14111;;;;2021-09-26;KREISE;;08421;;;;;;78,2;Prozent;WAHLSR;Wahlbeteiligung
14111;;;;2021-09-26;KREISE;;08421;;;;;;82816;Anzahl;WAHL01;Wahlberechtigte
14111;;;;2021-09-26;KREISE;;08425;;;;;;80,2;Prozent;WAHLSR;Wahlbeteiligung
14111;;;;2021-09-26;KREISE;;08425;;;;;;140560;Anzahl;WAHL01;Wahlberechtigte
14111;;;;2021-09-26;KREISE;;08426;;;;;;78,8;Prozent;WAHLSR;Wahlbeteiligung
14111;;;;2021-09-26;KREISE;;08426;;;;;;147677;Anzahl;WAHL01;Wahlberechtigte
14111;;;;2021-09-26;KREISE;;08435;;;;;;79,5;Prozent;WAHLSR;Wahlbeteiligung
14111;;;;2021-09-26;KREISE;;08435;;;;;;158573;Anzahl;WAHL01;Wahlberechtigte
14111;;;;2021-09-26;KREISE;;08436;;;;;;78,3;Prozent;WAHLSR;Wahlbeteiligung
14111;;;;2021-09-26;KREISE;;08436;;;;;;209287;Anzahl;WAHL01;Wahlberechtigte
14111;;;;2021-09-26;KREISE;;08437;;;;;;76,5;Prozent;WAHLSR;Wahlbeteiligung
14111;;;;2021-09-26;KREISE;;08437;;;;;;96829;Anzahl;WAHL01;Wahlberechtigte
14111;;;;2021-09-26;KREISE;;09161;;;;;;72,6;Prozent;WAHLSR;Wahlbeteiligung
14111;;;;2021-09-26;KREISE;;09161;;;;;;89860;Anzahl;WAHL01;Wahlberechtigte
14111;;;;2021-09-26;KREISE;;09162;;;;;;80,2;Prozent;WAHLSR;Wahlbeteiligung
14111;;;;2021-09-26;KREISE;;09162;;;;;;923132;Anzahl;WAHL01;Wahlberechtigte
14111;;;;2021-09-26;KREISE;;09163;;;;;;75,3;Prozent;WAHLSR;Wahlbeteiligung
14111;;;;2021-09-26;KREISE;;09163;;;;;;40774;Anzahl;WAHL01;Wahlberechtigte
14111;;;;2021-09-26;KREISE;;09171;;;;;;76,1;Prozent;WAHLSR;Wahlbeteiligung
14111;;;;2021-09-26;KREISE;;09171;;;;;;82495;Anzahl;WAHL01;Wahlberechtigte
14111;;;;2021-09-26;KREISE;;09172;;;;;;76,9;Prozent;WAHLSR;Wahlbeteiligung
14111;;;;2021-09-26;KREISE;;09172;;;;;;74647;Anzahl;WAHL01;Wahlberechtigte
14111;;;;2021-09-26;KREISE;;09173;;;;;;81,2;Prozent;WAHLSR;Wahlbeteiligung
14111;;;;2021-09-26;KREISE;;09173;;;;;;93174;Anzahl;WAHL01;Wahlberechtigte
14111;;;;2021-09-26;KREISE;;09174;;;;;;82,5;Prozent;WAHLSR;Wahlbeteiligung
14111;;;;2021-09-26;KREISE;;09174;;;;;;105804;Anzahl;WAHL01;Wahlberechtigte
14111;;;;2021-09-26;KREISE;;09175;;;;;;85,2;Prozent;WAHLSR;Wahlbeteiligung
14111;;;;2021-09-26;KREISE;;09175;;;;;;100235;Anzahl;WAHL01;Wahlberechtigte
14111;;;;2021-09-26;KREISE;;09176;;;;;;83,8;Prozent;WAHLSR;Wahlbeteiligung
14111;;;;2021-09-26;KREISE;;09176;;;;;;98405;Anzahl;WAHL01;Wahlberechtigte
14111;;;;2021-09-26;KREISE;;09177;;;;;;82,7;Prozent;WAHLSR;Wahlbeteiligung
14111;;;;2021-09-26;KREISE;;09177;;;;;;100334;Anzahl;WAHL01;Wahlberechtigte
14111;;;;2021-09-26;KREISE;;09178;;;;;;82,1;Prozent;WAHLSR;Wahlbeteiligung
14111;;;;2021-09-26;KREISE;;09178;;;;;;121098;Anzahl;WAHL01;Wahlberechtigte
14111;;;;2021-09-26;KREISE;;09179;;;;;;83,3;Prozent;WAHLSR;Wahlbeteiligung
14111;;;;2021-09-26;KREISE;;09179;;;;;;152723;Anzahl;WAHL01;Wahlberechtigte
14111;;;;2021-09-26;KREISE;;09180;;;;;;80,9;Prozent;WAHLSR;Wahlbeteiligung
14111;;;;2021-09-26;KREISE;;09180;;;;;;65407;Anzahl;WAHL01;Wahlberechtigte
14111;;;;2021-09-26;KREISE;;09181;;;;;;83,7;Prozent;WAHLSR;Wahlbeteiligung
14111;;;;2021-09-26;KREISE;;09181;;;;;;91011;Anzahl;WAHL01;Wahlberechtigte
14111;;;;2021-09-26;KREISE;;09182;;;;;;82,2;Prozent;WAHLSR;Wahlbeteiligung
14111;;;;2021-09-26;KREISE;;09182;;;;;;73488;Anzahl;WAHL01;Wahlberechtigte
14111;;;;2021-09-26;KREISE;;09183;;;;;;77,3;Prozent;WAHLSR;Wahlbeteiligung
14111;;;;2021-09-26;KREISE;;09183;;;;;;86161;Anzahl;WAHL01;Wahlberechtigte
14111;;;;2021-09-26;KREISE;;09184;;;;;;84,9;Prozent;WAHLSR;Wahlbeteiligung
14111;;;;2021-09-26;KREISE;;09184;;;;;;234912;Anzahl;WAHL01;Wahlberechtigte
14111;;;;2021-09-26;KREISE;;09185;;;;;;79,9;Prozent;WAHLSR;Wahlbeteiligung
14111;;;;2021-09-26;KREISE;;09185;;;;;;72397;Anzahl;WAHL01;Wahlberechtigte
14111;;;;2021-09-26;KREISE;;09186;;;;;;81,3;Prozent;WAHLSR;Wahlbeteiligung
14111;;;;2021-09-26;KREISE;;09186;;;;;;93874;Anzahl;WAHL01;Wahlberechtigte
14111;;;;2021-09-26;KREISE;;09187;;;;;;81,7;Prozent;WAHLSR;Wahlbeteiligung
14111;;;;2021-09-26;KREISE;;09187;;;;;;196616;Anzahl;WAHL01;Wahlberechtigte
14111;;;;2021-09-26;KREISE;;09188;;;;;;85,5;Prozent;WAHLSR;Wahlbeteiligung
14111;;;;2021-09-26;KREISE;;09188;;;;;;97195;Anzahl;WAHL01;Wahlberechtigte
14111;;;;2021-09-26;KREISE;;09189;;;;;;79,3;Prozent;WAHLSR;Wahlbeteiligung
14111;;;;2021-09-26;KREISE;;09189;;;;;;134168;Anzahl;WAHL01;Wahlberechtigte
14111;;;;2021-09-26;KREISE;;09190;;;;;;82,6;Prozent;WAHLSR;Wahlbeteiligung
14111;;;;2021-09-26;KREISE;;09190;;;;;;103066;Anzahl;WAHL01;Wahlberechtigte
14111;;;;2021-09-26;KREISE;;09261;;;;;;75,2;Prozent;WAHLSR;Wahlbeteiligung
14111;;;;2021-09-26;KREISE;;09261;;;;;;48466;Anzahl;WAHL01;Wahlberechtigte
14111;;;;2021-09-26;KREISE;;09262;;;;;;74,6;Prozent;WAHLSR;Wahlbeteiligung
14111;;;;2021-09-26;KREISE;;09262;;;;;;37537;Anzahl;WAHL01;Wahlberechtigte
14111;;;;2021-09-26;KREISE;;09263;;;;;;67,6;Prozent;WAHLSR;Wahlbeteiligung
14111;;;;2021-09-26;KREISE;;09263;;;;;;33502;Anzahl;WAHL01;Wahlberechtigte
14111;;;;2021-09-26;KREISE;;09271;;;;;;75,1;Prozent;WAHLSR;Wahlbeteiligung
14111;;;;2021-09-26;KREISE;;09271;;;;;;91554;Anzahl;WAHL01;Wahlberechtigte
14111;;;;2021-09-26;KREISE;;09272;;;;;;78,5;Prozent;WAHLSR;Wahlbeteiligung
14111;;;;2021-09-26;KREISE;;09272;;;;;;63581;Anzahl;WAHL01;Wahlberechtigte
14111;;;;2021-09-26;KREISE;;09273;;;;;;78,9;Prozent;WAHLSR;Wahlbeteiligung
14111;;;;2021-09-26;KREISE;;09273;;;;;;88717;Anzahl;WAHL01;Wahlberechtigte
14111;;;;2021-09-26;KREISE;;09274;;;;;;81,3;Prozent;WAHLSR;Wahlbeteiligung
14111;;;;2021-09-26;KREISE;;09274;;;;;;119636;Anzahl;WAHL01;Wahlberechtigte
14111;;;;2021-09-26;KREISE;;09275;;;;;;77,6;Prozent;WAHLSR;Wahlbeteiligung
14111;;;;2021-09-26;KREISE;;09275;;;;;;151077;Anzahl;WAHL01;Wahlberechtigte
14111;;;;2021-09-26;KREISE;;09276;;;;;;75,7;Prozent;WAHLSR;Wahlbeteiligung
14111;;;;2021-09-26;KREISE;;09276;;;;;;61701;Anzahl;WAHL01;Wahlberechtigte
14111;;;;2021-09-26;KREISE;;09277;;;;;;77,7;Prozent;WAHLSR;Wahlbeteiligung
14111;;;;2021-09-26;KREISE;;09277;;;;;;92030;Anzahl;WAHL01;Wahlberechtigte
14111;;;;2021-09-26;KREISE;;09278;;;;;;80,9;Prozent;WAHLSR;Wahlbeteiligung
14111;;;;2021-09-26;KREISE;;09278;;;;;;78569;Anzahl;WAHL01;Wahlberechtigte
14111;;;;2021-09-26;KREISE;;09279;;;;;;75,7;Prozent;WAHLSR;Wahlbeteiligung
14111;;;;2021-09-26;KREISE;;09279;;;;;;71637;Anzahl;WAHL01;Wahlberechtigte
14111;;;;2021-09-26;KREISE;;09361;;;;;;70,7;Prozent;WAHLSR;Wahlbeteiligung
14111;;;;2021-09-26;KREISE;;09361;;;;;;32133;Anzahl;WAHL01;Wahlberechtigte
14111;;;;2021-09-26;KREISE;;09362;;;;;;77,2;Prozent;WAHLSR;Wahlbeteiligung
14111;;;;2021-09-26;KREISE;;09362;;;;;;105974;Anzahl;WAHL01;Wahlberechtigte
14111;;;;2021-09-26;KREISE;;09363;;;;;;71,4;Prozent;WAHLSR;Wahlbeteiligung
14111;;;;2021-09-26;KREISE;;09363;;;;;;31980;Anzahl;WAHL01;Wahlberechtigte
14111;;;;2021-09-26;KREISE;;09371;;;;;;81,2;Prozent;WAHLSR;Wahlbeteiligung
14111;;;;2021-09-26;KREISE;;09371;;;;;;81848;Anzahl;WAHL01;Wahlberechtigte
14111;;;;2021-09-26;KREISE;;09372;;;;;;78,3;Prozent;WAHLSR;Wahlbeteiligung
14111;;;;2021-09-26;KREISE;;09372;;;;;;102196;Anzahl;WAHL01;Wahlberechtigte
14111;;;;2021-09-26;KREISE;;09373;;;;;;82,4;Prozent;WAHLSR;Wahlbeteiligung
14111;;;;2021-09-26;KREISE;;09373;;;;;;102090;Anzahl;WAHL01;Wahlberechtigte
14111;;;;2021-09-26;KREISE;;09374;;;;;;81,7;Prozent;WAHLSR;Wahlbeteiligung
14111;;;;2021-09-26;KREISE;;09374;;;;;;75653;Anzahl;WAHL01;Wahlberechtigte
14111;;;;2021-09-26;KREISE;;09375;;;;;;82,3;Prozent;WAHLSR;Wahlbeteiligung
14111;;;;2021-09-26;KREISE;;09375;;;;;;147442;Anzahl;WAHL01;Wahlberechtigte
14111;;;;2021-09-26;KREISE;;09376;;;;;;78,8;Prozent;WAHLSR;Wahlbeteiligung
14111;;;;2021-09-26;KREISE;;09376;;;;;;115004;Anzahl;WAHL01;Wahlberechtigte
14111;;;;2021-09-26;KREISE;;09377;;;;;;81,8;Prozent;WAHLSR;Wahlbeteiligung
14111;;;;2021-09-26;KREISE;;09377;;;;;;58174;Anzahl;WAHL01;Wahlberechtigte
14111;;;;2021-09-26;KREISE;;09461;;;;;;77,7;Prozent;WAHLSR;Wahlbeteiligung
14111;;;;2021-09-26;KREISE;;09461;;;;;;54912;Anzahl;WAHL01;Wahlberechtigte
14111;;;;2021-09-26;KREISE;;09462;;;;;;74,3;Prozent;WAHLSR;Wahlbeteiligung
14111;;;;2021-09-26;KREISE;;09462;;;;;;55829;Anzahl;WAHL01;Wahlberechtigte
14111;;;;2021-09-26;KREISE;;09463;;;;;;75,1;Prozent;WAHLSR;Wahlbeteiligung
14111;;;;2021-09-26;KREISE;;09463;;;;;;30790;Anzahl;WAHL01;Wahlberechtigte
14111;;;;2021-09-26;KREISE;;09464;;;;;;71,3;Prozent;WAHLSR;Wahlbeteiligung
14111;;;;2021-09-26;KREISE;;09464;;;;;;32359;Anzahl;WAHL01;Wahlberechtigte
14111;;;;2021-09-26;KREISE;;09471;;;;;;83,5;Prozent;WAHLSR;Wahlbeteiligung
14111;;;;2021-09-26;KREISE;;09471;;;;;;116451;Anzahl;WAHL01;Wahlberechtigte
14111;;;;2021-09-26;KREISE;;09472;;;;;;82,1;Prozent;WAHLSR;Wahlbeteiligung
14111;;;;2021-09-26;KREISE;;09472;;;;;;83947;Anzahl;WAHL01;Wahlberechtigte
14111;;;;2021-09-26;KREISE;;09473;;;;;;80,0;Prozent;WAHLSR;Wahlbeteiligung
14111;;;;2021-09-26;KREISE;;09473;;;;;;69320;Anzahl;WAHL01;Wahlberechtigte
14111;;;;2021-09-26;KREISE;;09474;;;;;;83,4;Prozent;WAHLSR;Wahlbeteiligung
14111;;;;2021-09-26;KREISE;;09474;;;;;;91084;Anzahl;WAHL01;Wahlberechtigte
14111;;;;2021-09-26;KREISE;;09475;;;;;;79,8;Prozent;WAHLSR;Wahlbeteiligung
14111;;;;2021-09-26;KREISE;;09475;;;;;;76055;Anzahl;WAHL01;Wahlberechtigte
14111;;;;2021-09-26;KREISE;;09476;;;;;;80,1;Prozent;WAHLSR;Wahlbeteiligung
14111;;;;2021-09-26;KREISE;;09476;;;;;;54179;Anzahl;WAHL01;Wahlberechtigte
14111;;;;2021-09-26;KREISE;;09477;;;;;;79,9;Prozent;WAHLSR;Wahlbeteiligung
14111;;;;2021-09-26;KREISE;;09477;;;;;;58419;Anzahl;WAHL01;Wahlberechtigte
14111;;;;2021-09-26;KREISE;;09478;;;;;;78,8;Prozent;WAHLSR;Wahlbeteiligung
14111;;;;2021-09-26;KREISE;;09478;;;;;;53297;Anzahl;WAHL01;Wahlberechtigte
14111;;;;2021-09-26;KREISE;;09479;;;;;;76,5;Prozent;WAHLSR;Wahlbeteiligung
14111;;;;2021-09-26;KREISE;;09479;;;;;;56740;Anzahl;WAHL01;Wahlberechtigte
14111;;;;2021-09-26;KREISE;;09561;;;;;;73,3;Prozent;WAHLSR;Wahlbeteiligung
14111;;;;2021-09-26;KREISE;;09561;;;;;;30172;Anzahl;WAHL01;Wahlberechtigte
14111;;;;2021-09-26;KREISE;;09562;;;;;;81,4;Prozent;WAHLSR;Wahlbeteiligung
14111;;;;2021-09-26;KREISE;;09562;;;;;;76775;Anzahl;WAHL01;Wahlberechtigte
14111;;;;2021-09-26;KREISE;;09563;;;;;;74,5;Prozent;WAHLSR;Wahlbeteiligung
14111;;;;2021-09-26;KREISE;;09563;;;;;;86808;Anzahl;WAHL01;Wahlberechtigte
14111;;;;2021-09-26;KREISE;;09564;;;;;;74,9;Prozent;WAHLSR;Wahlbeteiligung
14111;;;;2021-09-26;KREISE;;09564;;;;;;335780;Anzahl;WAHL01;Wahlberechtigte
14111;;;;2021-09-26;KREISE;;09565;;;;;;77,6;Prozent;WAHLSR;Wahlbeteiligung
14111;;;;2021-09-26;KREISE;;09565;;;;;;29819;Anzahl;WAHL01;Wahlberechtigte
14111;;;;2021-09-26;KREISE;;09571;;;;;;80,5;Prozent;WAHLSR;Wahlbeteiligung
14111;;;;2021-09-26;KREISE;;09571;;;;;;140648;Anzahl;WAHL01;Wahlberechtigte
14111;;;;2021-09-26;KREISE;;09572;;;;;;84,3;Prozent;WAHLSR;Wahlbeteiligung
14111;;;;2021-09-26;KREISE;;09572;;;;;;104796;Anzahl;WAHL01;Wahlberechtigte
14111;;;;2021-09-26;KREISE;;09573;;;;;;82,1;Prozent;WAHLSR;Wahlbeteiligung
14111;;;;2021-09-26;KREISE;;09573;;;;;;91963;Anzahl;WAHL01;Wahlberechtigte
14111;;;;2021-09-26;KREISE;;09574;;;;;;83,0;Prozent;WAHLSR;Wahlbeteiligung
14111;;;;2021-09-26;KREISE;;09574;;;;;;130673;Anzahl;WAHL01;Wahlberechtigte
14111;;;;2021-09-26;KREISE;;09575;;;;;;80,2;Prozent;WAHLSR;Wahlbeteiligung
14111;;;;2021-09-26;KREISE;;09575;;;;;;77687;Anzahl;WAHL01;Wahlberechtigte
14111;;;;2021-09-26;KREISE;;09576;;;;;;82,4;Prozent;WAHLSR;Wahlbeteiligung
14111;;;;2021-09-26;KREISE;;09576;;;;;;98606;Anzahl;WAHL01;Wahlberechtigte
14111;;;;2021-09-26;KREISE;;09577;;;;;;78,9;Prozent;WAHLSR;Wahlbeteiligung
14111;;;;2021-09-26;KREISE;;09577;;;;;;72354;Anzahl;WAHL01;Wahlberechtigte
14111;;;;2021-09-26;KREISE;;09661;;;;;;74,8;Prozent;WAHLSR;Wahlbeteiligung
14111;;;;2021-09-26;KREISE;;09661;;;;;;49848;Anzahl;WAHL01;Wahlberechtigte
14111;;;;2021-09-26;KREISE;;09662;;;;;;68,7;Prozent;WAHLSR;Wahlbeteiligung
14111;;;;2021-09-26;KREISE;;09662;;;;;;36821;Anzahl;WAHL01;Wahlberechtigte
14111;;;;2021-09-26;KREISE;;09663;;;;;;79,2;Prozent;WAHLSR;Wahlbeteiligung
14111;;;;2021-09-26;KREISE;;09663;;;;;;97587;Anzahl;WAHL01;Wahlberechtigte
14111;;;;2021-09-26;KREISE;;09671;;;;;;82,5;Prozent;WAHLSR;Wahlbeteiligung
14111;;;;2021-09-26;KREISE;;09671;;;;;;132804;Anzahl;WAHL01;Wahlberechtigte
14111;;;;2021-09-26;KREISE;;09672;;;;;;80,4;Prozent;WAHLSR;Wahlbeteiligung
14111;;;;2021-09-26;KREISE;;09672;;;;;;83006;Anzahl;WAHL01;Wahlberechtigte
14111;;;;2021-09-26;KREISE;;09673;;;;;;81,3;Prozent;WAHLSR;Wahlbeteiligung
14111;;;;2021-09-26;KREISE;;09673;;;;;;63253;Anzahl;WAHL01;Wahlberechtigte
14111;;;;2021-09-26;KREISE;;09674;;;;;;82,5;Prozent;WAHLSR;Wahlbeteiligung
14111;;;;2021-09-26;KREISE;;09674;;;;;;67802;Anzahl;WAHL01;Wahlberechtigte
14111;;;;2021-09-26;KREISE;;09675;;;;;;81,1;Prozent;WAHLSR;Wahlbeteiligung
14111;;;;2021-09-26;KREISE;;09675;;;;;;69209;Anzahl;WAHL01;Wahlberechtigte
14111;;;;2021-09-26;KREISE;;09676;;;;;;80,2;Prozent;WAHLSR;Wahlbeteiligung
14111;;;;2021-09-26;KREISE;;09676;;;;;;95316;Anzahl;WAHL01;Wahlberechtigte
14111;;;;2021-09-26;KREISE;;09677;;;;;;82,4;Prozent;WAHLSR;Wahlbeteiligung
14111;;;;2021-09-26;KREISE;;09677;;;;;;99092;Anzahl;WAHL01;Wahlberechtigte
14111;;;;2021-09-26;KREISE;;09678;;;;;;83,7;Prozent;WAHLSR;Wahlbeteiligung
14111;;;;2021-09-26;KREISE;;09678;;;;;;90680;Anzahl;WAHL01;Wahlberechtigte
14111;;;;2021-09-26;KREISE;;09679;;;;;;85,2;Prozent;WAHLSR;Wahlbeteiligung
14111;;;;2021-09-26;KREISE;;09679;;;;;;127320;Anzahl;WAHL01;Wahlberechtigte
14111;;;;2021-09-26;KREISE;;09761;;;;;;73,5;Prozent;WAHLSR;Wahlbeteiligung
14111;;;;2021-09-26;KREISE;;09761;;;;;;187164;Anzahl;WAHL01;Wahlberechtigte
14111;;;;2021-09-26;KREISE;;09762;;;;;;72,1;Prozent;WAHLSR;Wahlbeteiligung
14111;;;;2021-09-26;KREISE;;09762;;;;;;31503;Anzahl;WAHL01;Wahlberechtigte
14111;;;;2021-09-26;KREISE;;09763;;;;;;73,4;Prozent;WAHLSR;Wahlbeteiligung
14111;;;;2021-09-26;KREISE;;09763;;;;;;48382;Anzahl;WAHL01;Wahlberechtigte
14111;;;;2021-09-26;KREISE;;09764;;;;;;73,5;Prozent;WAHLSR;Wahlbeteiligung
14111;;;;2021-09-26;KREISE;;09764;;;;;;29338;Anzahl;WAHL01;Wahlberechtigte
14111;;;;2021-09-26;KREISE;;09771;;;;;;83,6;Prozent;WAHLSR;Wahlbeteiligung
14111;;;;2021-09-26;KREISE;;09771;;;;;;101891;Anzahl;WAHL01;Wahlberechtigte
14111;;;;2021-09-26;KREISE;;09772;;;;;;80,9;Prozent;WAHLSR;Wahlbeteiligung
14111;;;;2021-09-26;KREISE;;09772;;;;;;190013;Anzahl;WAHL01;Wahlberechtigte
14111;;;;2021-09-26;KREISE;;09773;;;;;;78,1;Prozent;WAHLSR;Wahlbeteiligung
14111;;;;2021-09-26;KREISE;;09773;;;;;;72853;Anzahl;WAHL01;Wahlberechtigte
14111;;;;2021-09-26;KREISE;;09774;;;;;;76,8;Prozent;WAHLSR;Wahlbeteiligung
14111;;;;2021-09-26;KREISE;;09774;;;;;;90510;Anzahl;WAHL01;Wahlberechtigte
14111;;;;2021-09-26;KREISE;;09775;;;;;;78,2;Prozent;WAHLSR;Wahlbeteiligung
14111;;;;2021-09-26;KREISE;;09775;;;;;;124109;Anzahl;WAHL01;Wahlberechtigte
14111;;;;2021-09-26;KREISE;;09776;;;;;;79,7;Prozent;WAHLSR;Wahlbeteiligung
14111;;;;2021-09-26;KREISE;;09776;;;;;;60329;Anzahl;WAHL01;Wahlberechtigte
14111;;;;2021-09-26;KREISE;;09777;;;;;;82,0;Prozent;WAHLSR;Wahlbeteiligung
14111;;;;2021-09-26;KREISE;;09777;;;;;;107225;Anzahl;WAHL01;Wahlberechtigte
14111;;;;2021-09-26;KREISE;;09778;;;;;;80,9;Prozent;WAHLSR;Wahlbeteiligung
14111;;;;2021-09-26;KREISE;;09778;;;;;;109809;Anzahl;WAHL01;Wahlberechtigte
14111;;;;2021-09-26;KREISE;;09779;;;;;;81,1;Prozent;WAHLSR;Wahlbeteiligung
14111;;;;2021-09-26;KREISE;;09779;;;;;;100768;Anzahl;WAHL01;Wahlberechtigte
14111;;;;2021-09-26;KREISE;;09780;;;;;;81,7;Prozent;WAHLSR;Wahlbeteiligung
14111;;;;2021-09-26;KREISE;;09780;;;;;;120092;Anzahl;WAHL01;Wahlberechtigte
14111;;;;2021-09-26;KREISE;;10041;;;;;;74,5;Prozent;WAHLSR;Wahlbeteiligung
14111;;;;2021-09-26;KREISE;;10041;;;;;;238608;Anzahl;WAHL01;Wahlberechtigte
14111;;;;2021-09-26;KREISE;;10041100;;;;;;72,8;Prozent;WAHLSR;Wahlbeteiligung
14111;;;;2021-09-26;KREISE;;10041100;;;;;;123995;Anzahl;WAHL01;Wahlberechtigte
14111;;;;2021-09-26;KREISE;;10042;;;;;;78,8;Prozent;WAHLSR;Wahlbeteiligung
14111;;;;2021-09-26;KREISE;;10042;;;;;;78589;Anzahl;WAHL01;Wahlberechtigte
14111;;;;2021-09-26;KREISE;;10043;;;;;;75,3;Prozent;WAHLSR;Wahlbeteiligung
14111;;;;2021-09-26;KREISE;;10043;;;;;;102989;Anzahl;WAHL01;Wahlberechtigte
14111;;;;2021-09-26;KREISE;;10044;;;;;;78,2;Prozent;WAHLSR;Wahlbeteiligung
14111;;;;2021-09-26;KREISE;;10044;;;;;;151754;Anzahl;WAHL01;Wahlberechtigte
14111;;;;2021-09-26;KREISE;;10045;;;;;;79,7;Prozent;WAHLSR;Wahlbeteiligung
14111;;;;2021-09-26;KREISE;;10045;;;;;;111998;Anzahl;WAHL01;Wahlberechtigte
14111;;;;2021-09-26;KREISE;;10046;;;;;;82,6;Prozent;WAHLSR;Wahlbeteiligung
14111;;;;2021-09-26;KREISE;;10046;;;;;;71285;Anzahl;WAHL01;Wahlberechtigte
14111;;;;2021-09-26;KREISE;;11000;;;;;;69,5;Prozent;WAHLSR;Wahlbeteiligung
14111;;;;2021-09-26;KREISE;;11000;;;;;;2460618;Anzahl;WAHL01;Wahlberechtigte
14111;;;;2021-09-26;KREISE;;11001001;;;;;;67,9;Prozent;WAHLSR;Wahlbeteiligung
14111;;;;2021-09-26;KREISE;;11001001;;;;;;207010;Anzahl;WAHL01;Wahlberechtigte
14111;;;;2021-09-26;KREISE;;11002002;;;;;;72,4;Prozent;WAHLSR;Wahlbeteiligung
14111;;;;2021-09-26;KREISE;;11002002;;;;;;169836;Anzahl;WAHL01;Wahlberechtigte
14111;;;;2021-09-26;KREISE;;11003003;;;;;;58,1;Prozent;WAHLSR;Wahlbeteiligung
14111;;;;2021-09-26;KREISE;;11003003;;;;;;282057;Anzahl;WAHL01;Wahlberechtigte
14111;;;;2021-09-26;KREISE;;11004004;;;;;;67,0;Prozent;WAHLSR;Wahlbeteiligung
14111;;;;2021-09-26;KREISE;;11004004;;;;;;216244;Anzahl;WAHL01;Wahlberechtigte
14111;;;;2021-09-26;KREISE;;11005005;;;;;;69,9;Prozent;WAHLSR;Wahlbeteiligung
14111;;;;2021-09-26;KREISE;;11005005;;;;;;159238;Anzahl;WAHL01;Wahlberechtigte
14111;;;;2021-09-26;KREISE;;11006006;;;;;;79,0;Prozent;WAHLSR;Wahlbeteiligung
14111;;;;2021-09-26;KREISE;;11006006;;;;;;217506;Anzahl;WAHL01;Wahlberechtigte
14111;;;;2021-09-26;KREISE;;11007007;;;;;;74,3;Prozent;WAHLSR;Wahlbeteiligung
14111;;;;2021-09-26;KREISE;;11007007;;;;;;231477;Anzahl;WAHL01;Wahlberechtigte
14111;;;;2021-09-26;KREISE;;11008008;;;;;;68,2;Prozent;WAHLSR;Wahlbeteiligung
14111;;;;2021-09-26;KREISE;;11008008;;;;;;196593;Anzahl;WAHL01;Wahlberechtigte
14111;;;;2021-09-26;KREISE;;11009009;;;;;;75,7;Prozent;WAHLSR;Wahlbeteiligung
14111;;;;2021-09-26;KREISE;;11009009;;;;;;206999;Anzahl;WAHL01;Wahlberechtigte
14111;;;;2021-09-26;KREISE;;11010010;;;;;;67,5;Prozent;WAHLSR;Wahlbeteiligung
14111;;;;2021-09-26;KREISE;;11010010;;;;;;198002;Anzahl;WAHL01;Wahlberechtigte
14111;;;;2021-09-26;KREISE;;11011011;;;;;;71,7;Prozent;WAHLSR;Wahlbeteiligung
14111;;;;2021-09-26;KREISE;;11011011;;;;;;200461;Anzahl;WAHL01;Wahlberechtigte
14111;;;;2021-09-26;KREISE;;11012012;;;;;;65,1;Prozent;WAHLSR;Wahlbeteiligung
14111;;;;2021-09-26;KREISE;;11012012;;;;;;175195;Anzahl;WAHL01;Wahlberechtigte
14111;;;;2021-09-26;KREISE;;12051;;;;;;66,8;Prozent;WAHLSR;Wahlbeteiligung
14111;;;;2021-09-26;KREISE;;12051;;;;;;58011;Anzahl;WAHL01;Wahlberechtigte
14111;;;;2021-09-26;KREISE;;12052;;;;;;73,3;Prozent;WAHLSR;Wahlbeteiligung
14111;;;;2021-09-26;KREISE;;12052;;;;;;76664;Anzahl;WAHL01;Wahlberechtigte
14111;;;;2021-09-26;KREISE;;12053;;;;;;70,0;Prozent;WAHLSR;Wahlbeteiligung
14111;;;;2021-09-26;KREISE;;12053;;;;;;43524;Anzahl;WAHL01;Wahlberechtigte
14111;;;;2021-09-26;KREISE;;12054;;;;;;81,2;Prozent;WAHLSR;Wahlbeteiligung
14111;;;;2021-09-26;KREISE;;12054;;;;;;136171;Anzahl;WAHL01;Wahlberechtigte
14111;;;;2021-09-26;KREISE;;12060;;;;;;76,0;Prozent;WAHLSR;Wahlbeteiligung
14111;;;;2021-09-26;KREISE;;12060;;;;;;153682;Anzahl;WAHL01;Wahlberechtigte
14111;;;;2021-09-26;KREISE;;12061;;;;;;77,9;Prozent;WAHLSR;Wahlbeteiligung
14111;;;;2021-09-26;KREISE;;12061;;;;;;139473;Anzahl;WAHL01;Wahlberechtigte
14111;;;;2021-09-26;KREISE;;12062;;;;;;75,1;Prozent;WAHLSR;Wahlbeteiligung
14111;;;;2021-09-26;KREISE;;12062;;;;;;84748;Anzahl;WAHL01;Wahlberechtigte
14111;;;;2021-09-26;KREISE;;12063;;;;;;76,4;Prozent;WAHLSR;Wahlbeteiligung
14111;;;;2021-09-26;KREISE;;12063;;;;;;132645;Anzahl;WAHL01;Wahlberechtigte
14111;;;;2021-09-26;KREISE;;12064;;;;;;75,7;Prozent;WAHLSR;Wahlbeteiligung
14111;;;;2021-09-26;KREISE;;12064;;;;;;160954;Anzahl;WAHL01;Wahlberechtigte
14111;;;;2021-09-26;KREISE;;12065;;;;;;77,0;Prozent;WAHLSR;Wahlbeteiligung
14111;;;;2021-09-26;KREISE;;12065;;;;;;174518;Anzahl;WAHL01;Wahlberechtigte
14111;;;;2021-09-26;KREISE;;12066;;;;;;73,1;Prozent;WAHLSR;Wahlbeteiligung
14111;;;;2021-09-26;KREISE;;12066;;;;;;90562;Anzahl;WAHL01;Wahlberechtigte
14111;;;;2021-09-26;KREISE;;12067;;;;;;75,7;Prozent;WAHLSR;Wahlbeteiligung
14111;;;;2021-09-26;KREISE;;12067;;;;;;147863;Anzahl;WAHL01;Wahlberechtigte
14111;;;;2021-09-26;KREISE;;12068;;;;;;70,4;Prozent;WAHLSR;Wahlbeteiligung
14111;;;;2021-09-26;KREISE;;12068;;;;;;82224;Anzahl;WAHL01;Wahlberechtigte
14111;;;;2021-09-26;KREISE;;12069;;;;;;80,7;Prozent;WAHLSR;Wahlbeteiligung
14111;;;;2021-09-26;KREISE;;12069;;;;;;174776;Anzahl;WAHL01;Wahlberechtigte
14111;;;;2021-09-26;KREISE;;12070;;;;;;71,4;Prozent;WAHLSR;Wahlbeteiligung
14111;;;;2021-09-26;KREISE;;12070;;;;;;63058;Anzahl;WAHL01;Wahlberechtigte
14111;;;;2021-09-26;KREISE;;12071;;;;;;76,3;Prozent;WAHLSR;Wahlbeteiligung
14111;;;;2021-09-26;KREISE;;12071;;;;;;94603;Anzahl;WAHL01;Wahlberechtigte
14111;;;;2021-09-26;KREISE;;12072;;;;;;75,3;Prozent;WAHLSR;Wahlbeteiligung
14111;;;;2021-09-26;KREISE;;12072;;;;;;136777;Anzahl;WAHL01;Wahlberechtigte
14111;;;;2021-09-26;KREISE;;12073;;;;;;70,5;Prozent;WAHLSR;Wahlbeteiligung
14111;;;;2021-09-26;KREISE;;12073;;;;;;98591;Anzahl;WAHL01;Wahlberechtigte
14111;;;;2021-09-26;KREISE;;13001;;;;;;-;Prozent;WAHLSR;Wahlbeteiligung
14111;;;;2021-09-26;KREISE;;13001;;;;;;-;Anzahl;WAHL01;Wahlberechtigte
14111;;;;2021-09-26;KREISE;;13002;;;;;;-;Prozent;WAHLSR;Wahlbeteiligung
14111;;;;2021-09-26;KREISE;;13002;;;;;;-;Anzahl;WAHL01;Wahlberechtigte
14111;;;;2021-09-26;KREISE;;13003;;;;;;72,8;Prozent;WAHLSR;Wahlbeteiligung
14111;;;;2021-09-26;KREISE;;13003;;;;;;167537;Anzahl;WAHL01;Wahlberechtigte
14111;;;;2021-09-26;KREISE;;13004;;;;;;72,2;Prozent;WAHLSR;Wahlbeteiligung
14111;;;;2021-09-26;KREISE;;13004;;;;;;75717;Anzahl;WAHL01;Wahlberechtigte
14111;;;;2021-09-26;KREISE;;13005;;;;;;-;Prozent;WAHLSR;Wahlbeteiligung
14111;;;;2021-09-26;KREISE;;13005;;;;;;-;Anzahl;WAHL01;Wahlberechtigte
14111;;;;2021-09-26;KREISE;;13006;;;;;;-;Prozent;WAHLSR;Wahlbeteiligung
14111;;;;2021-09-26;KREISE;;13006;;;;;;-;Anzahl;WAHL01;Wahlberechtigte
14111;;;;2021-09-26;KREISE;;13051;;;;;;-;Prozent;WAHLSR;Wahlbeteiligung
14111;;;;2021-09-26;KREISE;;13051;;;;;;-;Anzahl;WAHL01;Wahlberechtigte
14111;;;;2021-09-26;KREISE;;13052;;;;;;-;Prozent;WAHLSR;Wahlbeteiligung
14111;;;;2021-09-26;KREISE;;13052;;;;;;-;Anzahl;WAHL01;Wahlberechtigte
14111;;;;2021-09-26;KREISE;;13053;;;;;;-;Prozent;WAHLSR;Wahlbeteiligung
14111;;;;2021-09-26;KREISE;;13053;;;;;;-;Anzahl;WAHL01;Wahlberechtigte
14111;;;;2021-09-26;KREISE;;13054;;;;;;-;Prozent;WAHLSR;Wahlbeteiligung
14111;;;;2021-09-26;KREISE;;13054;;;;;;-;Anzahl;WAHL01;Wahlberechtigte
14111;;;;2021-09-26;KREISE;;13055;;;;;;-;Prozent;WAHLSR;Wahlbeteiligung
14111;;;;2021-09-26;KREISE;;13055;;;;;;-;Anzahl;WAHL01;Wahlberechtigte
14111;;;;2021-09-26;KREISE;;13056;;;;;;-;Prozent;WAHLSR;Wahlbeteiligung
14111;;;;2021-09-26;KREISE;;13056;;;;;;-;Anzahl;WAHL01;Wahlberechtigte
14111;;;;2021-09-26;KREISE;;13057;;;;;;-;Prozent;WAHLSR;Wahlbeteiligung
14111;;;;2021-09-26;KREISE;;13057;;;;;;-;Anzahl;WAHL01;Wahlberechtigte
14111;;;;2021-09-26;KREISE;;13058;;;;;;-;Prozent;WAHLSR;Wahlbeteiligung
14111;;;;2021-09-26;KREISE;;13058;;;;;;-;Anzahl;WAHL01;Wahlberechtigte
14111;;;;2021-09-26;KREISE;;13059;;;;;;-;Prozent;WAHLSR;Wahlbeteiligung
14111;;;;2021-09-26;KREISE;;13059;;;;;;-;Anzahl;WAHL01;Wahlberechtigte
14111;;;;2021-09-26;KREISE;;13060;;;;;;-;Prozent;WAHLSR;Wahlbeteiligung
14111;;;;2021-09-26;KREISE;;13060;;;;;;-;Anzahl;WAHL01;Wahlberechtigte
14111;;;;2021-09-26;KREISE;;13061;;;;;;-;Prozent;WAHLSR;Wahlbeteiligung
14111;;;;2021-09-26;KREISE;;13061;;;;;;-;Anzahl;WAHL01;Wahlberechtigte
14111;;;;2021-09-26;KREISE;;13062;;;;;;-;Prozent;WAHLSR;Wahlbeteiligung
14111;;;;2021-09-26;KREISE;;13062;;;;;;-;Anzahl;WAHL01;Wahlberechtigte
14111;;;;2021-09-26;KREISE;;13071;;;;;;69,5;Prozent;WAHLSR;Wahlbeteiligung
14111;;;;2021-09-26;KREISE;;13071;;;;;;214762;Anzahl;WAHL01;Wahlberechtigte
14111;;;;2021-09-26;KREISE;;13072;;;;;;73,2;Prozent;WAHLSR;Wahlbeteiligung
14111;;;;2021-09-26;KREISE;;13072;;;;;;177351;Anzahl;WAHL01;Wahlberechtigte
14111;;;;2021-09-26;KREISE;;13073;;;;;;69,0;Prozent;WAHLSR;Wahlbeteiligung
14111;;;;2021-09-26;KREISE;;13073;;;;;;186611;Anzahl;WAHL01;Wahlberechtigte
14111;;;;2021-09-26;KREISE;;13074;;;;;;70,6;Prozent;WAHLSR;Wahlbeteiligung
14111;;;;2021-09-26;KREISE;;13074;;;;;;128567;Anzahl;WAHL01;Wahlberechtigte
14111;;;;2021-09-26;KREISE;;13075;;;;;;70,2;Prozent;WAHLSR;Wahlbeteiligung
14111;;;;2021-09-26;KREISE;;13075;;;;;;192591;Anzahl;WAHL01;Wahlberechtigte
14111;;;;2021-09-26;KREISE;;13076;;;;;;72,7;Prozent;WAHLSR;Wahlbeteiligung
14111;;;;2021-09-26;KREISE;;13076;;;;;;171299;Anzahl;WAHL01;Wahlberechtigte
14111;;;;2021-09-26;KREISE;;14161;;;;;;-;Prozent;WAHLSR;Wahlbeteiligung
14111;;;;2021-09-26;KREISE;;14161;;;;;;-;Anzahl;WAHL01;Wahlberechtigte
14111;;;;2021-09-26;KREISE;;14166;;;;;;-;Prozent;WAHLSR;Wahlbeteiligung
14111;;;;2021-09-26;KREISE;;14166;;;;;;-;Anzahl;WAHL01;Wahlberechtigte
14111;;;;2021-09-26;KREISE;;14167;;;;;;-;Prozent;WAHLSR;Wahlbeteiligung
14111;;;;2021-09-26;KREISE;;14167;;;;;;-;Anzahl;WAHL01;Wahlberechtigte
14111;;;;2021-09-26;KREISE;;14171;;;;;;-;Prozent;WAHLSR;Wahlbeteiligung
14111;;;;2021-09-26;KREISE;;14171;;;;;;-;Anzahl;WAHL01;Wahlberechtigte
14111;;;;2021-09-26;KREISE;;14173;;;;;;-;Prozent;WAHLSR;Wahlbeteiligung
14111;;;;2021-09-26;KREISE;;14173;;;;;;-;Anzahl;WAHL01;Wahlberechtigte
14111;;;;2021-09-26;KREISE;;14177;;;;;;-;Prozent;WAHLSR;Wahlbeteiligung
14111;;;;2021-09-26;KREISE;;14177;;;;;;-;Anzahl;WAHL01;Wahlberechtigte
14111;;;;2021-09-26;KREISE;;14178;;;;;;-;Prozent;WAHLSR;Wahlbeteiligung
14111;;;;2021-09-26;KREISE;;14178;;;;;;-;Anzahl;WAHL01;Wahlberechtigte
14111;;;;2021-09-26;KREISE;;14181;;;;;;-;Prozent;WAHLSR;Wahlbeteiligung
14111;;;;2021-09-26;KREISE;;14181;;;;;;-;Anzahl;WAHL01;Wahlberechtigte
14111;;;;2021-09-26;KREISE;;14182;;;;;;-;Prozent;WAHLSR;Wahlbeteiligung
14111;;;;2021-09-26;KREISE;;14182;;;;;;-;Anzahl;WAHL01;Wahlberechtigte
14111;;;;2021-09-26;KREISE;;14188;;;;;;-;Prozent;WAHLSR;Wahlbeteiligung
14111;;;;2021-09-26;KREISE;;14188;;;;;;-;Anzahl;WAHL01;Wahlberechtigte
14111;;;;2021-09-26;KREISE;;14191;;;;;;-;Prozent;WAHLSR;Wahlbeteiligung
14111;;;;2021-09-26;KREISE;;14191;;;;;;-;Anzahl;WAHL01;Wahlberechtigte
14111;;;;2021-09-26;KREISE;;14193;;;;;;-;Prozent;WAHLSR;Wahlbeteiligung
14111;;;;2021-09-26;KREISE;;14193;;;;;;-;Anzahl;WAHL01;Wahlberechtigte
14111;;;;2021-09-26;KREISE;;14262;;;;;;-;Prozent;WAHLSR;Wahlbeteiligung
14111;;;;2021-09-26;KREISE;;14262;;;;;;-;Anzahl;WAHL01;Wahlberechtigte
14111;;;;2021-09-26;KREISE;;14263;;;;;;-;Prozent;WAHLSR;Wahlbeteiligung
14111;;;;2021-09-26;KREISE;;14263;;;;;;-;Anzahl;WAHL01;Wahlberechtigte
14111;;;;2021-09-26;KREISE;;14264;;;;;;-;Prozent;WAHLSR;Wahlbeteiligung
14111;;;;2021-09-26;KREISE;;14264;;;;;;-;Anzahl;WAHL01;Wahlberechtigte
14111;;;;2021-09-26;KREISE;;14272;;;;;;-;Prozent;WAHLSR;Wahlbeteiligung
14111;;;;2021-09-26;KREISE;;14272;;;;;;-;Anzahl;WAHL01;Wahlberechtigte
14111;;;;2021-09-26;KREISE;;14280;;;;;;-;Prozent;WAHLSR;Wahlbeteiligung
14111;;;;2021-09-26;KREISE;;14280;;;;;;-;Anzahl;WAHL01;Wahlberechtigte
14111;;;;2021-09-26;KREISE;;14284;;;;;;-;Prozent;WAHLSR;Wahlbeteiligung
14111;;;;2021-09-26;KREISE;;14284;;;;;;-;Anzahl;WAHL01;Wahlberechtigte
14111;;;;2021-09-26;KREISE;;14285;;;;;;-;Prozent;WAHLSR;Wahlbeteiligung
14111;;;;2021-09-26;KREISE;;14285;;;;;;-;Anzahl;WAHL01;Wahlberechtigte
14111;;;;2021-09-26;KREISE;;14286;;;;;;-;Prozent;WAHLSR;Wahlbeteiligung
14111;;;;2021-09-26;KREISE;;14286;;;;;;-;Anzahl;WAHL01;Wahlberechtigte
14111;;;;2021-09-26;KREISE;;14287;;;;;;-;Prozent;WAHLSR;Wahlbeteiligung
14111;;;;2021-09-26;KREISE;;14287;;;;;;-;Anzahl;WAHL01;Wahlberechtigte
14111;;;;2021-09-26;KREISE;;14290;;;;;;-;Prozent;WAHLSR;Wahlbeteiligung
14111;;;;2021-09-26;KREISE;;14290;;;;;;-;Anzahl;WAHL01;Wahlberechtigte
14111;;;;2021-09-26;KREISE;;14292;;;;;;-;Prozent;WAHLSR;Wahlbeteiligung
14111;;;;2021-09-26;KREISE;;14292;;;;;;-;Anzahl;WAHL01;Wahlberechtigte
14111;;;;2021-09-26;KREISE;;14365;;;;;;-;Prozent;WAHLSR;Wahlbeteiligung
14111;;;;2021-09-26;KREISE;;14365;;;;;;-;Anzahl;WAHL01;Wahlberechtigte
14111;;;;2021-09-26;KREISE;;14374;;;;;;-;Prozent;WAHLSR;Wahlbeteiligung
14111;;;;2021-09-26;KREISE;;14374;;;;;;-;Anzahl;WAHL01;Wahlberechtigte
14111;;;;2021-09-26;KREISE;;14375;;;;;;-;Prozent;WAHLSR;Wahlbeteiligung
14111;;;;2021-09-26;KREISE;;14375;;;;;;-;Anzahl;WAHL01;Wahlberechtigte
14111;;;;2021-09-26;KREISE;;14379;;;;;;-;Prozent;WAHLSR;Wahlbeteiligung
14111;;;;2021-09-26;KREISE;;14379;;;;;;-;Anzahl;WAHL01;Wahlberechtigte
14111;;;;2021-09-26;KREISE;;14383;;;;;;-;Prozent;WAHLSR;Wahlbeteiligung
14111;;;;2021-09-26;KREISE;;14383;;;;;;-;Anzahl;WAHL01;Wahlberechtigte
14111;;;;2021-09-26;KREISE;;14389;;;;;;-;Prozent;WAHLSR;Wahlbeteiligung
14111;;;;2021-09-26;KREISE;;14389;;;;;;-;Anzahl;WAHL01;Wahlberechtigte
14111;;;;2021-09-26;KREISE;;14511;;;;;;74,6;Prozent;WAHLSR;Wahlbeteiligung
14111;;;;2021-09-26;KREISE;;14511;;;;;;188691;Anzahl;WAHL01;Wahlberechtigte
14111;;;;2021-09-26;KREISE;;14521;;;;;;76,9;Prozent;WAHLSR;Wahlbeteiligung
14111;;;;2021-09-26;KREISE;;14521;;;;;;276050;Anzahl;WAHL01;Wahlberechtigte
14111;;;;2021-09-26;KREISE;;14522;;;;;;76,7;Prozent;WAHLSR;Wahlbeteiligung
14111;;;;2021-09-26;KREISE;;14522;;;;;;246570;Anzahl;WAHL01;Wahlberechtigte
14111;;;;2021-09-26;KREISE;;14523;;;;;;74,5;Prozent;WAHLSR;Wahlbeteiligung
14111;;;;2021-09-26;KREISE;;14523;;;;;;184973;Anzahl;WAHL01;Wahlberechtigte
14111;;;;2021-09-26;KREISE;;14524;;;;;;74,9;Prozent;WAHLSR;Wahlbeteiligung
14111;;;;2021-09-26;KREISE;;14524;;;;;;257191;Anzahl;WAHL01;Wahlberechtigte
14111;;;;2021-09-26;KREISE;;14612;;;;;;80,1;Prozent;WAHLSR;Wahlbeteiligung
14111;;;;2021-09-26;KREISE;;14612;;;;;;424707;Anzahl;WAHL01;Wahlberechtigte
14111;;;;2021-09-26;KREISE;;14625;;;;;;77,3;Prozent;WAHLSR;Wahlbeteiligung
14111;;;;2021-09-26;KREISE;;14625;;;;;;245263;Anzahl;WAHL01;Wahlberechtigte
14111;;;;2021-09-26;KREISE;;14626;;;;;;75,0;Prozent;WAHLSR;Wahlbeteiligung
14111;;;;2021-09-26;KREISE;;14626;;;;;;204105;Anzahl;WAHL01;Wahlberechtigte
14111;;;;2021-09-26;KREISE;;14627;;;;;;75,8;Prozent;WAHLSR;Wahlbeteiligung
14111;;;;2021-09-26;KREISE;;14627;;;;;;197004;Anzahl;WAHL01;Wahlberechtigte
14111;;;;2021-09-26;KREISE;;14628;;;;;;77,2;Prozent;WAHLSR;Wahlbeteiligung
14111;;;;2021-09-26;KREISE;;14628;;;;;;199703;Anzahl;WAHL01;Wahlberechtigte
14111;;;;2021-09-26;KREISE;;14713;;;;;;76,6;Prozent;WAHLSR;Wahlbeteiligung
14111;;;;2021-09-26;KREISE;;14713;;;;;;455278;Anzahl;WAHL01;Wahlberechtigte
14111;;;;2021-09-26;KREISE;;14729;;;;;;76,2;Prozent;WAHLSR;Wahlbeteiligung
14111;;;;2021-09-26;KREISE;;14729;;;;;;212853;Anzahl;WAHL01;Wahlberechtigte
14111;;;;2021-09-26;KREISE;;14730;;;;;;73,9;Prozent;WAHLSR;Wahlbeteiligung
14111;;;;2021-09-26;KREISE;;14730;;;;;;161279;Anzahl;WAHL01;Wahlberechtigte
14111;;;;2021-09-26;KREISE;;15001;;;;;;66,9;Prozent;WAHLSR;Wahlbeteiligung
14111;;;;2021-09-26;KREISE;;15001;;;;;;65105;Anzahl;WAHL01;Wahlberechtigte
14111;;;;2021-09-26;KREISE;;15002;;;;;;70,2;Prozent;WAHLSR;Wahlbeteiligung
14111;;;;2021-09-26;KREISE;;15002;;;;;;181880;Anzahl;WAHL01;Wahlberechtigte
14111;;;;2021-09-26;KREISE;;15003;;;;;;69,6;Prozent;WAHLSR;Wahlbeteiligung
14111;;;;2021-09-26;KREISE;;15003;;;;;;183584;Anzahl;WAHL01;Wahlberechtigte
14111;;;;2021-09-26;KREISE;;15081;;;;;;69,1;Prozent;WAHLSR;Wahlbeteiligung
14111;;;;2021-09-26;KREISE;;15081;;;;;;68231;Anzahl;WAHL01;Wahlberechtigte
14111;;;;2021-09-26;KREISE;;15082;;;;;;65,9;Prozent;WAHLSR;Wahlbeteiligung
14111;;;;2021-09-26;KREISE;;15082;;;;;;131926;Anzahl;WAHL01;Wahlberechtigte
14111;;;;2021-09-26;KREISE;;15083;;;;;;69,4;Prozent;WAHLSR;Wahlbeteiligung
14111;;;;2021-09-26;KREISE;;15083;;;;;;140658;Anzahl;WAHL01;Wahlberechtigte
14111;;;;2021-09-26;KREISE;;15084;;;;;;67,6;Prozent;WAHLSR;Wahlbeteiligung
14111;;;;2021-09-26;KREISE;;15084;;;;;;145246;Anzahl;WAHL01;Wahlberechtigte
14111;;;;2021-09-26;KREISE;;15085;;;;;;67,1;Prozent;WAHLSR;Wahlbeteiligung
14111;;;;2021-09-26;KREISE;;15085;;;;;;179183;Anzahl;WAHL01;Wahlberechtigte
14111;;;;2021-09-26;KREISE;;15086;;;;;;68,0;Prozent;WAHLSR;Wahlbeteiligung
14111;;;;2021-09-26;KREISE;;15086;;;;;;74874;Anzahl;WAHL01;Wahlberechtigte
14111;;;;2021-09-26;KREISE;;15087;;;;;;64,9;Prozent;WAHLSR;Wahlbeteiligung
14111;;;;2021-09-26;KREISE;;15087;;;;;;113167;Anzahl;WAHL01;Wahlberechtigte
14111;;;;2021-09-26;KREISE;;15088;;;;;;71,0;Prozent;WAHLSR;Wahlbeteiligung
14111;;;;2021-09-26;KREISE;;15088;;;;;;152500;Anzahl;WAHL01;Wahlberechtigte
14111;;;;2021-09-26;KREISE;;15089;;;;;;63,4;Prozent;WAHLSR;Wahlbeteiligung
14111;;;;2021-09-26;KREISE;;15089;;;;;;157010;Anzahl;WAHL01;Wahlberechtigte
14111;;;;2021-09-26;KREISE;;15090;;;;;;67,3;Prozent;WAHLSR;Wahlbeteiligung
14111;;;;2021-09-26;KREISE;;15090;;;;;;91767;Anzahl;WAHL01;Wahlberechtigte
14111;;;;2021-09-26;KREISE;;15091;;;;;;68,5;Prozent;WAHLSR;Wahlbeteiligung
14111;;;;2021-09-26;KREISE;;15091;;;;;;104644;Anzahl;WAHL01;Wahlberechtigte
14111;;;;2021-09-26;KREISE;;15101;;;;;;-;Prozent;WAHLSR;Wahlbeteiligung
14111;;;;2021-09-26;KREISE;;15101;;;;;;-;Anzahl;WAHL01;Wahlberechtigte
14111;;;;2021-09-26;KREISE;;15151;;;;;;-;Prozent;WAHLSR;Wahlbeteiligung
14111;;;;2021-09-26;KREISE;;15151;;;;;;-;Anzahl;WAHL01;Wahlberechtigte
14111;;;;2021-09-26;KREISE;;15153;;;;;;-;Prozent;WAHLSR;Wahlbeteiligung
14111;;;;2021-09-26;KREISE;;15153;;;;;;-;Anzahl;WAHL01;Wahlberechtigte
14111;;;;2021-09-26;KREISE;;15154;;;;;;-;Prozent;WAHLSR;Wahlbeteiligung
14111;;;;2021-09-26;KREISE;;15154;;;;;;-;Anzahl;WAHL01;Wahlberechtigte
14111;;;;2021-09-26;KREISE;;15159;;;;;;-;Prozent;WAHLSR;Wahlbeteiligung
14111;;;;2021-09-26;KREISE;;15159;;;;;;-;Anzahl;WAHL01;Wahlberechtigte
14111;;;;2021-09-26;KREISE;;15171;;;;;;-;Prozent;WAHLSR;Wahlbeteiligung
14111;;;;2021-09-26;KREISE;;15171;;;;;;-;Anzahl;WAHL01;Wahlberechtigte
14111;;;;2021-09-26;KREISE;;15202;;;;;;-;Prozent;WAHLSR;Wahlbeteiligung
14111;;;;2021-09-26;KREISE;;15202;;;;;;-;Anzahl;WAHL01;Wahlberechtigte
14111;;;;2021-09-26;KREISE;;15256;;;;;;-;Prozent;WAHLSR;Wahlbeteiligung
14111;;;;2021-09-26;KREISE;;15256;;;;;;-;Anzahl;WAHL01;Wahlberechtigte
14111;;;;2021-09-26;KREISE;;15260;;;;;;-;Prozent;WAHLSR;Wahlbeteiligung
14111;;;;2021-09-26;KREISE;;15260;;;;;;-;Anzahl;WAHL01;Wahlberechtigte
14111;;;;2021-09-26;KREISE;;15261;;;;;;-;Prozent;WAHLSR;Wahlbeteiligung
14111;;;;2021-09-26;KREISE;;15261;;;;;;-;Anzahl;WAHL01;Wahlberechtigte
14111;;;;2021-09-26;KREISE;;15265;;;;;;-;Prozent;WAHLSR;Wahlbeteiligung
14111;;;;2021-09-26;KREISE;;15265;;;;;;-;Anzahl;WAHL01;Wahlberechtigte
14111;;;;2021-09-26;KREISE;;15266;;;;;;-;Prozent;WAHLSR;Wahlbeteiligung
14111;;;;2021-09-26;KREISE;;15266;;;;;;-;Anzahl;WAHL01;Wahlberechtigte
14111;;;;2021-09-26;KREISE;;15268;;;;;;-;Prozent;WAHLSR;Wahlbeteiligung
14111;;;;2021-09-26;KREISE;;15268;;;;;;-;Anzahl;WAHL01;Wahlberechtigte
14111;;;;2021-09-26;KREISE;;15303;;;;;;-;Prozent;WAHLSR;Wahlbeteiligung
14111;;;;2021-09-26;KREISE;;15303;;;;;;-;Anzahl;WAHL01;Wahlberechtigte
14111;;;;2021-09-26;KREISE;;15352;;;;;;-;Prozent;WAHLSR;Wahlbeteiligung
14111;;;;2021-09-26;KREISE;;15352;;;;;;-;Anzahl;WAHL01;Wahlberechtigte
14111;;;;2021-09-26;KREISE;;15355;;;;;;-;Prozent;WAHLSR;Wahlbeteiligung
14111;;;;2021-09-26;KREISE;;15355;;;;;;-;Anzahl;WAHL01;Wahlberechtigte
14111;;;;2021-09-26;KREISE;;15357;;;;;;-;Prozent;WAHLSR;Wahlbeteiligung
14111;;;;2021-09-26;KREISE;;15357;;;;;;-;Anzahl;WAHL01;Wahlberechtigte
14111;;;;2021-09-26;KREISE;;15358;;;;;;-;Prozent;WAHLSR;Wahlbeteiligung
14111;;;;2021-09-26;KREISE;;15358;;;;;;-;Anzahl;WAHL01;Wahlberechtigte
14111;;;;2021-09-26;KREISE;;15362;;;;;;-;Prozent;WAHLSR;Wahlbeteiligung
14111;;;;2021-09-26;KREISE;;15362;;;;;;-;Anzahl;WAHL01;Wahlberechtigte
14111;;;;2021-09-26;KREISE;;15363;;;;;;-;Prozent;WAHLSR;Wahlbeteiligung
14111;;;;2021-09-26;KREISE;;15363;;;;;;-;Anzahl;WAHL01;Wahlberechtigte
14111;;;;2021-09-26;KREISE;;15364;;;;;;-;Prozent;WAHLSR;Wahlbeteiligung
14111;;;;2021-09-26;KREISE;;15364;;;;;;-;Anzahl;WAHL01;Wahlberechtigte
14111;;;;2021-09-26;KREISE;;15367;;;;;;-;Prozent;WAHLSR;Wahlbeteiligung
14111;;;;2021-09-26;KREISE;;15367;;;;;;-;Anzahl;WAHL01;Wahlberechtigte
14111;;;;2021-09-26;KREISE;;15369;;;;;;-;Prozent;WAHLSR;Wahlbeteiligung
14111;;;;2021-09-26;KREISE;;15369;;;;;;-;Anzahl;WAHL01;Wahlberechtigte
14111;;;;2021-09-26;KREISE;;15370;;;;;;-;Prozent;WAHLSR;Wahlbeteiligung
14111;;;;2021-09-26;KREISE;;15370;;;;;;-;Anzahl;WAHL01;Wahlberechtigte
14111;;;;2021-09-26;KREISE;;16051;;;;;;76,2;Prozent;WAHLSR;Wahlbeteiligung
14111;;;;2021-09-26;KREISE;;16051;;;;;;162932;Anzahl;WAHL01;Wahlberechtigte
14111;;;;2021-09-26;KREISE;;16052;;;;;;70,7;Prozent;WAHLSR;Wahlbeteiligung
14111;;;;2021-09-26;KREISE;;16052;;;;;;74455;Anzahl;WAHL01;Wahlberechtigte
14111;;;;2021-09-26;KREISE;;16053;;;;;;80,4;Prozent;WAHLSR;Wahlbeteiligung
14111;;;;2021-09-26;KREISE;;16053;;;;;;81259;Anzahl;WAHL01;Wahlberechtigte
14111;;;;2021-09-26;KREISE;;16054;;;;;;73,8;Prozent;WAHLSR;Wahlbeteiligung
14111;;;;2021-09-26;KREISE;;16054;;;;;;29824;Anzahl;WAHL01;Wahlberechtigte
14111;;;;2021-09-26;KREISE;;16055;;;;;;76,7;Prozent;WAHLSR;Wahlbeteiligung
14111;;;;2021-09-26;KREISE;;16055;;;;;;49742;Anzahl;WAHL01;Wahlberechtigte
14111;;;;2021-09-26;KREISE;;16056;;;;;;-;Prozent;WAHLSR;Wahlbeteiligung
14111;;;;2021-09-26;KREISE;;16056;;;;;;-;Anzahl;WAHL01;Wahlberechtigte
14111;;;;2021-09-26;KREISE;;16061;;;;;;78,0;Prozent;WAHLSR;Wahlbeteiligung
14111;;;;2021-09-26;KREISE;;16061;;;;;;80201;Anzahl;WAHL01;Wahlberechtigte
14111;;;;2021-09-26;KREISE;;16062;;;;;;70,8;Prozent;WAHLSR;Wahlbeteiligung
14111;;;;2021-09-26;KREISE;;16062;;;;;;67494;Anzahl;WAHL01;Wahlberechtigte
14111;;;;2021-09-26;KREISE;;16063;;;;;;73,7;Prozent;WAHLSR;Wahlbeteiligung
14111;;;;2021-09-26;KREISE;;16063;;;;;;129279;Anzahl;WAHL01;Wahlberechtigte
14111;;;;2021-09-26;KREISE;;16064;;;;;;73,3;Prozent;WAHLSR;Wahlbeteiligung
14111;;;;2021-09-26;KREISE;;16064;;;;;;82988;Anzahl;WAHL01;Wahlberechtigte
14111;;;;2021-09-26;KREISE;;16065;;;;;;71,7;Prozent;WAHLSR;Wahlbeteiligung
14111;;;;2021-09-26;KREISE;;16065;;;;;;61508;Anzahl;WAHL01;Wahlberechtigte
14111;;;;2021-09-26;KREISE;;16066;;;;;;74,7;Prozent;WAHLSR;Wahlbeteiligung
14111;;;;2021-09-26;KREISE;;16066;;;;;;102113;Anzahl;WAHL01;Wahlberechtigte
14111;;;;2021-09-26;KREISE;;16067;;;;;;73,9;Prozent;WAHLSR;Wahlbeteiligung
14111;;;;2021-09-26;KREISE;;16067;;;;;;106194;Anzahl;WAHL01;Wahlberechtigte
14111;;;;2021-09-26;KREISE;;16068;;;;;;74,9;Prozent;WAHLSR;Wahlbeteiligung
14111;;;;2021-09-26;KREISE;;16068;;;;;;56578;Anzahl;WAHL01;Wahlberechtigte
14111;;;;2021-09-26;KREISE;;16069;;;;;;75,7;Prozent;WAHLSR;Wahlbeteiligung
14111;;;;2021-09-26;KREISE;;16069;;;;;;51213;Anzahl;WAHL01;Wahlberechtigte
14111;;;;2021-09-26;KREISE;;16070;;;;;;75,9;Prozent;WAHLSR;Wahlbeteiligung
14111;;;;2021-09-26;KREISE;;16070;;;;;;84325;Anzahl;WAHL01;Wahlberechtigte
14111;;;;2021-09-26;KREISE;;16071;;;;;;76,9;Prozent;WAHLSR;Wahlbeteiligung
14111;;;;2021-09-26;KREISE;;16071;;;;;;66130;Anzahl;WAHL01;Wahlberechtigte
14111;;;;2021-09-26;KREISE;;16072;;;;;;72,6;Prozent;WAHLSR;Wahlbeteiligung
14111;;;;2021-09-26;KREISE;;16072;;;;;;46921;Anzahl;WAHL01;Wahlberechtigte
14111;;;;2021-09-26;KREISE;;16073;;;;;;73,5;Prozent;WAHLSR;Wahlbeteiligung
14111;;;;2021-09-26;KREISE;;16073;;;;;;86125;Anzahl;WAHL01;Wahlberechtigte
14111;;;;2021-09-26;KREISE;;16074;;;;;;78,4;Prozent;WAHLSR;Wahlbeteiligung
14111;;;;2021-09-26;KREISE;;16074;;;;;;67700;Anzahl;WAHL01;Wahlberechtigte
14111;;;;2021-09-26;KREISE;;16075;;;;;;76,4;Prozent;WAHLSR;Wahlbeteiligung
14111;;;;2021-09-26;KREISE;;16075;;;;;;65612;Anzahl;WAHL01;Wahlberechtigte
14111;;;;2021-09-26;KREISE;;16076;;;;;;76,4;Prozent;WAHLSR;Wahlbeteiligung
14111;;;;2021-09-26;KREISE;;16076;;;;;;81104;Anzahl;WAHL01;Wahlberechtigte
14111;;;;2021-09-26;KREISE;;16077;;;;;;72,4;Prozent;WAHLSR;Wahlbeteiligung
14111;;;;2021-09-26;KREISE;;16077;;;;;;74029;Anzahl;WAHL01;Wahlberechtigte
14111;;;;2025-02-23;DINSG;;DG;;;;;;60510631;Anzahl;WAHL01;Wahlberechtigte
14111;;;;2025-02-23;DINSG;;DG;;;;;;82,5;Prozent;WAHLSR;Wahlbeteiligung
14111;;;;2025-02-23;DLAND;;01;;;;;;2262811;Anzahl;WAHL01;Wahlberechtigte
14111;;;;2025-02-23;DLAND;;01;;;;;;83,5;Prozent;WAHLSR;Wahlbeteiligung
14111;;;;2025-02-23;DLAND;;02;;;;;;1299289;Anzahl;WAHL01;Wahlberechtigte
14111;;;;2025-02-23;DLAND;;02;;;;;;80,9;Prozent;WAHLSR;Wahlbeteiligung
14111;;;;2025-02-23;DLAND;;03;;;;;;6043412;Anzahl;WAHL01;Wahlberechtigte
14111;;;;2025-02-23;DLAND;;03;;;;;;83,4;Prozent;WAHLSR;Wahlbeteiligung
14111;;;;2025-02-23;DLAND;;04;;;;;;450564;Anzahl;WAHL01;Wahlberechtigte
14111;;;;2025-02-23;DLAND;;04;;;;;;77,8;Prozent;WAHLSR;Wahlbeteiligung
14111;;;;2025-02-23;DLAND;;05;;;;;;12884209;Anzahl;WAHL01;Wahlberechtigte
14111;;;;2025-02-23;DLAND;;05;;;;;;82,2;Prozent;WAHLSR;Wahlbeteiligung
14111;;;;2025-02-23;DLAND;;06;;;;;;4341919;Anzahl;WAHL01;Wahlberechtigte
14111;;;;2025-02-23;DLAND;;06;;;;;;83,1;Prozent;WAHLSR;Wahlbeteiligung
14111;;;;2025-02-23;DLAND;;07;;;;;;3014482;Anzahl;WAHL01;Wahlberechtigte
14111;;;;2025-02-23;DLAND;;07;;;;;;83,0;Prozent;WAHLSR;Wahlbeteiligung
14111;;;;2025-02-23;DLAND;;08;;;;;;7653811;Anzahl;WAHL01;Wahlberechtigte
14111;;;;2025-02-23;DLAND;;08;;;;;;83,4;Prozent;WAHLSR;Wahlbeteiligung
14111;;;;2025-02-23;DLAND;;09;;;;;;9481659;Anzahl;WAHL01;Wahlberechtigte
14111;;;;2025-02-23;DLAND;;09;;;;;;84,3;Prozent;WAHLSR;Wahlbeteiligung
14111;;;;2025-02-23;DLAND;;10;;;;;;734204;Anzahl;WAHL01;Wahlberechtigte
14111;;;;2025-02-23;DLAND;;10;;;;;;82,4;Prozent;WAHLSR;Wahlbeteiligung
14111;;;;2025-02-23;DLAND;;11;;;;;;2442042;Anzahl;WAHL01;Wahlberechtigte
14111;;;;2025-02-23;DLAND;;11;;;;;;80,3;Prozent;WAHLSR;Wahlbeteiligung
14111;;;;2025-02-23;DLAND;;12;;;;;;2033539;Anzahl;WAHL01;Wahlberechtigte
14111;;;;2025-02-23;DLAND;;12;;;;;;81,6;Prozent;WAHLSR;Wahlbeteiligung
14111;;;;2025-02-23;DLAND;;13;;;;;;1294729;Anzahl;WAHL01;Wahlberechtigte
14111;;;;2025-02-23;DLAND;;13;;;;;;79,5;Prozent;WAHLSR;Wahlbeteiligung
14111;;;;2025-02-23;DLAND;;14;;;;;;3186780;Anzahl;WAHL01;Wahlberechtigte
14111;;;;2025-02-23;DLAND;;14;;;;;;81,1;Prozent;WAHLSR;Wahlbeteiligung
14111;;;;2025-02-23;DLAND;;15;;;;;;1734719;Anzahl;WAHL01;Wahlberechtigte
14111;;;;2025-02-23;DLAND;;15;;;;;;77,7;Prozent;WAHLSR;Wahlbeteiligung
14111;;;;2025-02-23;DLAND;;16;;;;;;1652462;Anzahl;WAHL01;Wahlberechtigte
14111;;;;2025-02-23;DLAND;;16;;;;;;80,7;Prozent;WAHLSR;Wahlbeteiligung
14111;;;;2025-02-23;KREISE;;01001;;;;;;79,4;Prozent;WAHLSR;Wahlbeteiligung
14111;;;;2025-02-23;KREISE;;01001;;;;;;69358;Anzahl;WAHL01;Wahlberechtigte
14111;;;;2025-02-23;KREISE;;01002;;;;;;82,5;Prozent;WAHLSR;Wahlbeteiligung
14111;;;;2025-02-23;KREISE;;01002;;;;;;183830;Anzahl;WAHL01;Wahlberechtigte
14111;;;;2025-02-23;KREISE;;01003;;;;;;79,5;Prozent;WAHLSR;Wahlbeteiligung
14111;;;;2025-02-23;KREISE;;01003;;;;;;162925;Anzahl;WAHL01;Wahlberechtigte
14111;;;;2025-02-23;KREISE;;01004;;;;;;76,2;Prozent;WAHLSR;Wahlbeteiligung
14111;;;;2025-02-23;KREISE;;01004;;;;;;58634;Anzahl;WAHL01;Wahlberechtigte
14111;;;;2025-02-23;KREISE;;01051;;;;;;82,1;Prozent;WAHLSR;Wahlbeteiligung
14111;;;;2025-02-23;KREISE;;01051;;;;;;106195;Anzahl;WAHL01;Wahlberechtigte
14111;;;;2025-02-23;KREISE;;01053;;;;;;84,1;Prozent;WAHLSR;Wahlbeteiligung
14111;;;;2025-02-23;KREISE;;01053;;;;;;153679;Anzahl;WAHL01;Wahlberechtigte
14111;;;;2025-02-23;KREISE;;01054;;;;;;83,2;Prozent;WAHLSR;Wahlbeteiligung
14111;;;;2025-02-23;KREISE;;01054;;;;;;131573;Anzahl;WAHL01;Wahlberechtigte
14111;;;;2025-02-23;KREISE;;01055;;;;;;82,9;Prozent;WAHLSR;Wahlbeteiligung
14111;;;;2025-02-23;KREISE;;01055;;;;;;165149;Anzahl;WAHL01;Wahlberechtigte
14111;;;;2025-02-23;KREISE;;01056;;;;;;84,6;Prozent;WAHLSR;Wahlbeteiligung
14111;;;;2025-02-23;KREISE;;01056;;;;;;236767;Anzahl;WAHL01;Wahlberechtigte
14111;;;;2025-02-23;KREISE;;01057;;;;;;86,2;Prozent;WAHLSR;Wahlbeteiligung
14111;;;;2025-02-23;KREISE;;01057;;;;;;105453;Anzahl;WAHL01;Wahlberechtigte
14111;;;;2025-02-23;KREISE;;01058;;;;;;85,4;Prozent;WAHLSR;Wahlbeteiligung
14111;;;;2025-02-23;KREISE;;01058;;;;;;220327;Anzahl;WAHL01;Wahlberechtigte
14111;;;;2025-02-23;KREISE;;01059;;;;;;84,7;Prozent;WAHLSR;Wahlbeteiligung
14111;;;;2025-02-23;KREISE;;01059;;;;;;162773;Anzahl;WAHL01;Wahlberechtigte
14111;;;;2025-02-23;KREISE;;01060;;;;;;84,1;Prozent;WAHLSR;Wahlbeteiligung
14111;;;;2025-02-23;KREISE;;01060;;;;;;214642;Anzahl;WAHL01;Wahlberechtigte
14111;;;;2025-02-23;KREISE;;01061;;;;;;83,2;Prozent;WAHLSR;Wahlbeteiligung
14111;;;;2025-02-23;KREISE;;01061;;;;;;104235;Anzahl;WAHL01;Wahlberechtigte
14111;;;;2025-02-23;KREISE;;01062;;;;;;86,4;Prozent;WAHLSR;Wahlbeteiligung
14111;;;;2025-02-23;KREISE;;01062;;;;;;187271;Anzahl;WAHL01;Wahlberechtigte
14111;;;;2025-02-23;KREISE;;02000;;;;;;80,9;Prozent;WAHLSR;Wahlbeteiligung
14111;;;;2025-02-23;KREISE;;02000;;;;;;1299289;Anzahl;WAHL01;Wahlberechtigte
14111;;;;2025-02-23;KREISE;;03101;;;;;;83,4;Prozent;WAHLSR;Wahlbeteiligung
14111;;;;2025-02-23;KREISE;;03101;;;;;;186358;Anzahl;WAHL01;Wahlberechtigte
14111;;;;2025-02-23;KREISE;;03102;;;;;;76,5;Prozent;WAHLSR;Wahlbeteiligung
14111;;;;2025-02-23;KREISE;;03102;;;;;;68176;Anzahl;WAHL01;Wahlberechtigte
14111;;;;2025-02-23;KREISE;;03103;;;;;;80,3;Prozent;WAHLSR;Wahlbeteiligung
14111;;;;2025-02-23;KREISE;;03103;;;;;;84907;Anzahl;WAHL01;Wahlberechtigte
14111;;;;2025-02-23;KREISE;;03151;;;;;;84,7;Prozent;WAHLSR;Wahlbeteiligung
14111;;;;2025-02-23;KREISE;;03151;;;;;;134848;Anzahl;WAHL01;Wahlberechtigte
14111;;;;2025-02-23;KREISE;;03152;;;;;;-;Prozent;WAHLSR;Wahlbeteiligung
14111;;;;2025-02-23;KREISE;;03152;;;;;;-;Anzahl;WAHL01;Wahlberechtigte
14111;;;;2025-02-23;KREISE;;03153;;;;;;80,5;Prozent;WAHLSR;Wahlbeteiligung
14111;;;;2025-02-23;KREISE;;03153;;;;;;102042;Anzahl;WAHL01;Wahlberechtigte
14111;;;;2025-02-23;KREISE;;03154;;;;;;82,4;Prozent;WAHLSR;Wahlbeteiligung
14111;;;;2025-02-23;KREISE;;03154;;;;;;70431;Anzahl;WAHL01;Wahlberechtigte
14111;;;;2025-02-23;KREISE;;03155;;;;;;82,6;Prozent;WAHLSR;Wahlbeteiligung
14111;;;;2025-02-23;KREISE;;03155;;;;;;103672;Anzahl;WAHL01;Wahlberechtigte
14111;;;;2025-02-23;KREISE;;03156;;;;;;-;Prozent;WAHLSR;Wahlbeteiligung
14111;;;;2025-02-23;KREISE;;03156;;;;;;-;Anzahl;WAHL01;Wahlberechtigte
14111;;;;2025-02-23;KREISE;;03157;;;;;;85,0;Prozent;WAHLSR;Wahlbeteiligung
14111;;;;2025-02-23;KREISE;;03157;;;;;;103040;Anzahl;WAHL01;Wahlberechtigte
14111;;;;2025-02-23;KREISE;;03158;;;;;;85,3;Prozent;WAHLSR;Wahlbeteiligung
14111;;;;2025-02-23;KREISE;;03158;;;;;;93628;Anzahl;WAHL01;Wahlberechtigte
14111;;;;2025-02-23;KREISE;;03159;;;;;;83,1;Prozent;WAHLSR;Wahlbeteiligung
14111;;;;2025-02-23;KREISE;;03159;;;;;;242802;Anzahl;WAHL01;Wahlberechtigte
14111;;;;2025-02-23;KREISE;;03241;;;;;;83,8;Prozent;WAHLSR;Wahlbeteiligung
14111;;;;2025-02-23;KREISE;;03241;;;;;;826583;Anzahl;WAHL01;Wahlberechtigte
14111;;;;2025-02-23;KREISE;;03241001;;;;;;82,9;Prozent;WAHLSR;Wahlbeteiligung
14111;;;;2025-02-23;KREISE;;03241001;;;;;;365201;Anzahl;WAHL01;Wahlberechtigte
14111;;;;2025-02-23;KREISE;;03251;;;;;;83,5;Prozent;WAHLSR;Wahlbeteiligung
14111;;;;2025-02-23;KREISE;;03251;;;;;;169677;Anzahl;WAHL01;Wahlberechtigte
14111;;;;2025-02-23;KREISE;;03252;;;;;;81,0;Prozent;WAHLSR;Wahlbeteiligung
14111;;;;2025-02-23;KREISE;;03252;;;;;;112197;Anzahl;WAHL01;Wahlberechtigte
14111;;;;2025-02-23;KREISE;;03254;;;;;;83,7;Prozent;WAHLSR;Wahlbeteiligung
14111;;;;2025-02-23;KREISE;;03254;;;;;;211156;Anzahl;WAHL01;Wahlberechtigte
14111;;;;2025-02-23;KREISE;;03255;;;;;;81,5;Prozent;WAHLSR;Wahlbeteiligung
14111;;;;2025-02-23;KREISE;;03255;;;;;;53398;Anzahl;WAHL01;Wahlberechtigte
14111;;;;2025-02-23;KREISE;;03256;;;;;;82,1;Prozent;WAHLSR;Wahlbeteiligung
14111;;;;2025-02-23;KREISE;;03256;;;;;;93093;Anzahl;WAHL01;Wahlberechtigte
14111;;;;2025-02-23;KREISE;;03257;;;;;;83,0;Prozent;WAHLSR;Wahlbeteiligung
14111;;;;2025-02-23;KREISE;;03257;;;;;;122270;Anzahl;WAHL01;Wahlberechtigte
14111;;;;2025-02-23;KREISE;;03351;;;;;;82,1;Prozent;WAHLSR;Wahlbeteiligung
14111;;;;2025-02-23;KREISE;;03351;;;;;;138199;Anzahl;WAHL01;Wahlberechtigte
14111;;;;2025-02-23;KREISE;;03352;;;;;;82,9;Prozent;WAHLSR;Wahlbeteiligung
14111;;;;2025-02-23;KREISE;;03352;;;;;;157491;Anzahl;WAHL01;Wahlberechtigte
14111;;;;2025-02-23;KREISE;;03353;;;;;;86,4;Prozent;WAHLSR;Wahlbeteiligung
14111;;;;2025-02-23;KREISE;;03353;;;;;;202671;Anzahl;WAHL01;Wahlberechtigte
14111;;;;2025-02-23;KREISE;;03354;;;;;;82,9;Prozent;WAHLSR;Wahlbeteiligung
14111;;;;2025-02-23;KREISE;;03354;;;;;;38733;Anzahl;WAHL01;Wahlberechtigte
14111;;;;2025-02-23;KREISE;;03355;;;;;;85,4;Prozent;WAHLSR;Wahlbeteiligung
14111;;;;2025-02-23;KREISE;;03355;;;;;;143946;Anzahl;WAHL01;Wahlberechtigte
14111;;;;2025-02-23;KREISE;;03356;;;;;;85,3;Prozent;WAHLSR;Wahlbeteiligung
14111;;;;2025-02-23;KREISE;;03356;;;;;;90366;Anzahl;WAHL01;Wahlberechtigte
14111;;;;2025-02-23;KREISE;;03357;;;;;;84,1;Prozent;WAHLSR;Wahlbeteiligung
14111;;;;2025-02-23;KREISE;;03357;;;;;;129401;Anzahl;WAHL01;Wahlberechtigte
14111;;;;2025-02-23;KREISE;;03358;;;;;;82,5;Prozent;WAHLSR;Wahlbeteiligung
14111;;;;2025-02-23;KREISE;;03358;;;;;;108321;Anzahl;WAHL01;Wahlberechtigte
14111;;;;2025-02-23;KREISE;;03359;;;;;;84,2;Prozent;WAHLSR;Wahlbeteiligung
14111;;;;2025-02-23;KREISE;;03359;;;;;;157863;Anzahl;WAHL01;Wahlberechtigte
14111;;;;2025-02-23;KREISE;;03360;;;;;;82,8;Prozent;WAHLSR;Wahlbeteiligung
14111;;;;2025-02-23;KREISE;;03360;;;;;;74248;Anzahl;WAHL01;Wahlberechtigte
14111;;;;2025-02-23;KREISE;;03361;;;;;;84,3;Prozent;WAHLSR;Wahlbeteiligung
14111;;;;2025-02-23;KREISE;;03361;;;;;;105716;Anzahl;WAHL01;Wahlberechtigte
14111;;;;2025-02-23;KREISE;;03401;;;;;;77,7;Prozent;WAHLSR;Wahlbeteiligung
14111;;;;2025-02-23;KREISE;;03401;;;;;;54470;Anzahl;WAHL01;Wahlberechtigte
14111;;;;2025-02-23;KREISE;;03402;;;;;;78,7;Prozent;WAHLSR;Wahlbeteiligung
14111;;;;2025-02-23;KREISE;;03402;;;;;;36530;Anzahl;WAHL01;Wahlberechtigte
14111;;;;2025-02-23;KREISE;;03403;;;;;;84,3;Prozent;WAHLSR;Wahlbeteiligung
14111;;;;2025-02-23;KREISE;;03403;;;;;;130165;Anzahl;WAHL01;Wahlberechtigte
14111;;;;2025-02-23;KREISE;;03404;;;;;;82,7;Prozent;WAHLSR;Wahlbeteiligung
14111;;;;2025-02-23;KREISE;;03404;;;;;;120138;Anzahl;WAHL01;Wahlberechtigte
14111;;;;2025-02-23;KREISE;;03405;;;;;;76,7;Prozent;WAHLSR;Wahlbeteiligung
14111;;;;2025-02-23;KREISE;;03405;;;;;;57947;Anzahl;WAHL01;Wahlberechtigte
14111;;;;2025-02-23;KREISE;;03451;;;;;;84,9;Prozent;WAHLSR;Wahlbeteiligung
14111;;;;2025-02-23;KREISE;;03451;;;;;;99179;Anzahl;WAHL01;Wahlberechtigte
14111;;;;2025-02-23;KREISE;;03452;;;;;;82,8;Prozent;WAHLSR;Wahlbeteiligung
14111;;;;2025-02-23;KREISE;;03452;;;;;;153270;Anzahl;WAHL01;Wahlberechtigte
14111;;;;2025-02-23;KREISE;;03453;;;;;;82,7;Prozent;WAHLSR;Wahlbeteiligung
14111;;;;2025-02-23;KREISE;;03453;;;;;;122303;Anzahl;WAHL01;Wahlberechtigte
14111;;;;2025-02-23;KREISE;;03454;;;;;;85,2;Prozent;WAHLSR;Wahlbeteiligung
14111;;;;2025-02-23;KREISE;;03454;;;;;;241862;Anzahl;WAHL01;Wahlberechtigte
14111;;;;2025-02-23;KREISE;;03455;;;;;;83,7;Prozent;WAHLSR;Wahlbeteiligung
14111;;;;2025-02-23;KREISE;;03455;;;;;;81626;Anzahl;WAHL01;Wahlberechtigte
14111;;;;2025-02-23;KREISE;;03456;;;;;;84,7;Prozent;WAHLSR;Wahlbeteiligung
14111;;;;2025-02-23;KREISE;;03456;;;;;;98058;Anzahl;WAHL01;Wahlberechtigte
14111;;;;2025-02-23;KREISE;;03457;;;;;;82,8;Prozent;WAHLSR;Wahlbeteiligung
14111;;;;2025-02-23;KREISE;;03457;;;;;;131392;Anzahl;WAHL01;Wahlberechtigte
14111;;;;2025-02-23;KREISE;;03458;;;;;;85,3;Prozent;WAHLSR;Wahlbeteiligung
14111;;;;2025-02-23;KREISE;;03458;;;;;;102378;Anzahl;WAHL01;Wahlberechtigte
14111;;;;2025-02-23;KREISE;;03459;;;;;;84,6;Prozent;WAHLSR;Wahlbeteiligung
14111;;;;2025-02-23;KREISE;;03459;;;;;;271605;Anzahl;WAHL01;Wahlberechtigte
14111;;;;2025-02-23;KREISE;;03460;;;;;;83,7;Prozent;WAHLSR;Wahlbeteiligung
14111;;;;2025-02-23;KREISE;;03460;;;;;;102796;Anzahl;WAHL01;Wahlberechtigte
14111;;;;2025-02-23;KREISE;;03461;;;;;;81,3;Prozent;WAHLSR;Wahlbeteiligung
14111;;;;2025-02-23;KREISE;;03461;;;;;;68169;Anzahl;WAHL01;Wahlberechtigte
14111;;;;2025-02-23;KREISE;;03462;;;;;;82,1;Prozent;WAHLSR;Wahlbeteiligung
14111;;;;2025-02-23;KREISE;;03462;;;;;;46291;Anzahl;WAHL01;Wahlberechtigte
14111;;;;2025-02-23;KREISE;;04011;;;;;;79,1;Prozent;WAHLSR;Wahlbeteiligung
14111;;;;2025-02-23;KREISE;;04011;;;;;;373181;Anzahl;WAHL01;Wahlberechtigte
14111;;;;2025-02-23;KREISE;;04012;;;;;;71,1;Prozent;WAHLSR;Wahlbeteiligung
14111;;;;2025-02-23;KREISE;;04012;;;;;;77383;Anzahl;WAHL01;Wahlberechtigte
14111;;;;2025-02-23;KREISE;;05111;;;;;;82,0;Prozent;WAHLSR;Wahlbeteiligung
14111;;;;2025-02-23;KREISE;;05111;;;;;;413320;Anzahl;WAHL01;Wahlberechtigte
14111;;;;2025-02-23;KREISE;;05112;;;;;;76,5;Prozent;WAHLSR;Wahlbeteiligung
14111;;;;2025-02-23;KREISE;;05112;;;;;;312352;Anzahl;WAHL01;Wahlberechtigte
14111;;;;2025-02-23;KREISE;;05113;;;;;;80,1;Prozent;WAHLSR;Wahlbeteiligung
14111;;;;2025-02-23;KREISE;;05113;;;;;;397968;Anzahl;WAHL01;Wahlberechtigte
14111;;;;2025-02-23;KREISE;;05114;;;;;;78,7;Prozent;WAHLSR;Wahlbeteiligung
14111;;;;2025-02-23;KREISE;;05114;;;;;;155024;Anzahl;WAHL01;Wahlberechtigte
14111;;;;2025-02-23;KREISE;;05116;;;;;;77,3;Prozent;WAHLSR;Wahlbeteiligung
14111;;;;2025-02-23;KREISE;;05116;;;;;;181209;Anzahl;WAHL01;Wahlberechtigte
14111;;;;2025-02-23;KREISE;;05117;;;;;;83,4;Prozent;WAHLSR;Wahlbeteiligung
14111;;;;2025-02-23;KREISE;;05117;;;;;;118267;Anzahl;WAHL01;Wahlberechtigte
14111;;;;2025-02-23;KREISE;;05119;;;;;;79,4;Prozent;WAHLSR;Wahlbeteiligung
14111;;;;2025-02-23;KREISE;;05119;;;;;;142960;Anzahl;WAHL01;Wahlberechtigte
14111;;;;2025-02-23;KREISE;;05120;;;;;;78,2;Prozent;WAHLSR;Wahlbeteiligung
14111;;;;2025-02-23;KREISE;;05120;;;;;;74875;Anzahl;WAHL01;Wahlberechtigte
14111;;;;2025-02-23;KREISE;;05122;;;;;;80,1;Prozent;WAHLSR;Wahlbeteiligung
14111;;;;2025-02-23;KREISE;;05122;;;;;;109819;Anzahl;WAHL01;Wahlberechtigte
14111;;;;2025-02-23;KREISE;;05124;;;;;;78,9;Prozent;WAHLSR;Wahlbeteiligung
14111;;;;2025-02-23;KREISE;;05124;;;;;;228470;Anzahl;WAHL01;Wahlberechtigte
14111;;;;2025-02-23;KREISE;;05154;;;;;;81,5;Prozent;WAHLSR;Wahlbeteiligung
14111;;;;2025-02-23;KREISE;;05154;;;;;;223650;Anzahl;WAHL01;Wahlberechtigte
14111;;;;2025-02-23;KREISE;;05158;;;;;;83,1;Prozent;WAHLSR;Wahlbeteiligung
14111;;;;2025-02-23;KREISE;;05158;;;;;;357732;Anzahl;WAHL01;Wahlberechtigte
14111;;;;2025-02-23;KREISE;;05162;;;;;;83,9;Prozent;WAHLSR;Wahlbeteiligung
14111;;;;2025-02-23;KREISE;;05162;;;;;;329414;Anzahl;WAHL01;Wahlberechtigte
14111;;;;2025-02-23;KREISE;;05166;;;;;;83,1;Prozent;WAHLSR;Wahlbeteiligung
14111;;;;2025-02-23;KREISE;;05166;;;;;;223739;Anzahl;WAHL01;Wahlberechtigte
14111;;;;2025-02-23;KREISE;;05170;;;;;;83,1;Prozent;WAHLSR;Wahlbeteiligung
14111;;;;2025-02-23;KREISE;;05170;;;;;;351285;Anzahl;WAHL01;Wahlberechtigte
14111;;;;2025-02-23;KREISE;;05313;;;;;;-;Prozent;WAHLSR;Wahlbeteiligung
14111;;;;2025-02-23;KREISE;;05313;;;;;;-;Anzahl;WAHL01;Wahlberechtigte
14111;;;;2025-02-23;KREISE;;05314;;;;;;84,9;Prozent;WAHLSR;Wahlbeteiligung
14111;;;;2025-02-23;KREISE;;05314;;;;;;228194;Anzahl;WAHL01;Wahlberechtigte
14111;;;;2025-02-23;KREISE;;05315;;;;;;83,1;Prozent;WAHLSR;Wahlbeteiligung
14111;;;;2025-02-23;KREISE;;05315;;;;;;735287;Anzahl;WAHL01;Wahlberechtigte
14111;;;;2025-02-23;KREISE;;05316;;;;;;81,2;Prozent;WAHLSR;Wahlbeteiligung
14111;;;;2025-02-23;KREISE;;05316;;;;;;112525;Anzahl;WAHL01;Wahlberechtigte
14111;;;;2025-02-23;KREISE;;05334;;;;;;82,1;Prozent;WAHLSR;Wahlbeteiligung
14111;;;;2025-02-23;KREISE;;05334;;;;;;397277;Anzahl;WAHL01;Wahlberechtigte
14111;;;;2025-02-23;KREISE;;05334002;;;;;;83,4;Prozent;WAHLSR;Wahlbeteiligung
14111;;;;2025-02-23;KREISE;;05334002;;;;;;172442;Anzahl;WAHL01;Wahlberechtigte
14111;;;;2025-02-23;KREISE;;05354;;;;;;-;Prozent;WAHLSR;Wahlbeteiligung
14111;;;;2025-02-23;KREISE;;05354;;;;;;-;Anzahl;WAHL01;Wahlberechtigte
14111;;;;2025-02-23;KREISE;;05358;;;;;;82,6;Prozent;WAHLSR;Wahlbeteiligung
14111;;;;2025-02-23;KREISE;;05358;;;;;;199301;Anzahl;WAHL01;Wahlberechtigte
14111;;;;2025-02-23;KREISE;;05362;;;;;;83,8;Prozent;WAHLSR;Wahlbeteiligung
14111;;;;2025-02-23;KREISE;;05362;;;;;;343812;Anzahl;WAHL01;Wahlberechtigte
14111;;;;2025-02-23;KREISE;;05366;;;;;;83,2;Prozent;WAHLSR;Wahlbeteiligung
14111;;;;2025-02-23;KREISE;;05366;;;;;;152242;Anzahl;WAHL01;Wahlberechtigte
14111;;;;2025-02-23;KREISE;;05370;;;;;;81,7;Prozent;WAHLSR;Wahlbeteiligung
14111;;;;2025-02-23;KREISE;;05370;;;;;;192359;Anzahl;WAHL01;Wahlberechtigte
14111;;;;2025-02-23;KREISE;;05374;;;;;;83,1;Prozent;WAHLSR;Wahlbeteiligung
14111;;;;2025-02-23;KREISE;;05374;;;;;;204353;Anzahl;WAHL01;Wahlberechtigte
14111;;;;2025-02-23;KREISE;;05378;;;;;;85,9;Prozent;WAHLSR;Wahlbeteiligung
14111;;;;2025-02-23;KREISE;;05378;;;;;;214554;Anzahl;WAHL01;Wahlberechtigte
14111;;;;2025-02-23;KREISE;;05382;;;;;;84,5;Prozent;WAHLSR;Wahlbeteiligung
14111;;;;2025-02-23;KREISE;;05382;;;;;;452409;Anzahl;WAHL01;Wahlberechtigte
14111;;;;2025-02-23;KREISE;;05512;;;;;;80,9;Prozent;WAHLSR;Wahlbeteiligung
14111;;;;2025-02-23;KREISE;;05512;;;;;;85524;Anzahl;WAHL01;Wahlberechtigte
14111;;;;2025-02-23;KREISE;;05513;;;;;;74,5;Prozent;WAHLSR;Wahlbeteiligung
14111;;;;2025-02-23;KREISE;;05513;;;;;;164673;Anzahl;WAHL01;Wahlberechtigte
14111;;;;2025-02-23;KREISE;;05515;;;;;;87,5;Prozent;WAHLSR;Wahlbeteiligung
14111;;;;2025-02-23;KREISE;;05515;;;;;;237654;Anzahl;WAHL01;Wahlberechtigte
14111;;;;2025-02-23;KREISE;;05554;;;;;;85,1;Prozent;WAHLSR;Wahlbeteiligung
14111;;;;2025-02-23;KREISE;;05554;;;;;;279024;Anzahl;WAHL01;Wahlberechtigte
14111;;;;2025-02-23;KREISE;;05558;;;;;;87,3;Prozent;WAHLSR;Wahlbeteiligung
14111;;;;2025-02-23;KREISE;;05558;;;;;;173636;Anzahl;WAHL01;Wahlberechtigte
14111;;;;2025-02-23;KREISE;;05562;;;;;;80,5;Prozent;WAHLSR;Wahlbeteiligung
14111;;;;2025-02-23;KREISE;;05562;;;;;;453847;Anzahl;WAHL01;Wahlberechtigte
14111;;;;2025-02-23;KREISE;;05566;;;;;;85,0;Prozent;WAHLSR;Wahlbeteiligung
14111;;;;2025-02-23;KREISE;;05566;;;;;;338248;Anzahl;WAHL01;Wahlberechtigte
14111;;;;2025-02-23;KREISE;;05570;;;;;;84,7;Prozent;WAHLSR;Wahlbeteiligung
14111;;;;2025-02-23;KREISE;;05570;;;;;;207690;Anzahl;WAHL01;Wahlberechtigte
14111;;;;2025-02-23;KREISE;;05711;;;;;;81,8;Prozent;WAHLSR;Wahlbeteiligung
14111;;;;2025-02-23;KREISE;;05711;;;;;;231967;Anzahl;WAHL01;Wahlberechtigte
14111;;;;2025-02-23;KREISE;;05754;;;;;;83,0;Prozent;WAHLSR;Wahlbeteiligung
14111;;;;2025-02-23;KREISE;;05754;;;;;;261602;Anzahl;WAHL01;Wahlberechtigte
14111;;;;2025-02-23;KREISE;;05758;;;;;;81,9;Prozent;WAHLSR;Wahlbeteiligung
14111;;;;2025-02-23;KREISE;;05758;;;;;;186344;Anzahl;WAHL01;Wahlberechtigte
14111;;;;2025-02-23;KREISE;;05762;;;;;;84,1;Prozent;WAHLSR;Wahlbeteiligung
14111;;;;2025-02-23;KREISE;;05762;;;;;;109042;Anzahl;WAHL01;Wahlberechtigte
14111;;;;2025-02-23;KREISE;;05766;;;;;;82,4;Prozent;WAHLSR;Wahlbeteiligung
14111;;;;2025-02-23;KREISE;;05766;;;;;;261716;Anzahl;WAHL01;Wahlberechtigte
14111;;;;2025-02-23;KREISE;;05770;;;;;;81,6;Prozent;WAHLSR;Wahlbeteiligung
14111;;;;2025-02-23;KREISE;;05770;;;;;;235863;Anzahl;WAHL01;Wahlberechtigte
14111;;;;2025-02-23;KREISE;;05774;;;;;;83,1;Prozent;WAHLSR;Wahlbeteiligung
14111;;;;2025-02-23;KREISE;;05774;;;;;;231585;Anzahl;WAHL01;Wahlberechtigte
14111;;;;2025-02-23;KREISE;;05911;;;;;;81,3;Prozent;WAHLSR;Wahlbeteiligung
14111;;;;2025-02-23;KREISE;;05911;;;;;;264445;Anzahl;WAHL01;Wahlberechtigte
14111;;;;2025-02-23;KREISE;;05913;;;;;;80,1;Prozent;WAHLSR;Wahlbeteiligung
14111;;;;2025-02-23;KREISE;;05913;;;;;;399163;Anzahl;WAHL01;Wahlberechtigte
14111;;;;2025-02-23;KREISE;;05914;;;;;;76,8;Prozent;WAHLSR;Wahlbeteiligung
14111;;;;2025-02-23;KREISE;;05914;;;;;;123822;Anzahl;WAHL01;Wahlberechtigte
14111;;;;2025-02-23;KREISE;;05915;;;;;;79,0;Prozent;WAHLSR;Wahlbeteiligung
14111;;;;2025-02-23;KREISE;;05915;;;;;;121939;Anzahl;WAHL01;Wahlberechtigte
14111;;;;2025-02-23;KREISE;;05916;;;;;;76,1;Prozent;WAHLSR;Wahlbeteiligung
14111;;;;2025-02-23;KREISE;;05916;;;;;;106117;Anzahl;WAHL01;Wahlberechtigte
14111;;;;2025-02-23;KREISE;;05954;;;;;;83,1;Prozent;WAHLSR;Wahlbeteiligung
14111;;;;2025-02-23;KREISE;;05954;;;;;;243096;Anzahl;WAHL01;Wahlberechtigte
14111;;;;2025-02-23;KREISE;;05958;;;;;;83,9;Prozent;WAHLSR;Wahlbeteiligung
14111;;;;2025-02-23;KREISE;;05958;;;;;;196716;Anzahl;WAHL01;Wahlberechtigte
14111;;;;2025-02-23;KREISE;;05962;;;;;;79,9;Prozent;WAHLSR;Wahlbeteiligung
14111;;;;2025-02-23;KREISE;;05962;;;;;;290106;Anzahl;WAHL01;Wahlberechtigte
14111;;;;2025-02-23;KREISE;;05966;;;;;;84,7;Prozent;WAHLSR;Wahlbeteiligung
14111;;;;2025-02-23;KREISE;;05966;;;;;;99978;Anzahl;WAHL01;Wahlberechtigte
14111;;;;2025-02-23;KREISE;;05970;;;;;;83,1;Prozent;WAHLSR;Wahlbeteiligung
14111;;;;2025-02-23;KREISE;;05970;;;;;;202346;Anzahl;WAHL01;Wahlberechtigte
14111;;;;2025-02-23;KREISE;;05974;;;;;;83,0;Prozent;WAHLSR;Wahlbeteiligung
14111;;;;2025-02-23;KREISE;;05974;;;;;;229384;Anzahl;WAHL01;Wahlberechtigte
14111;;;;2025-02-23;KREISE;;05978;;;;;;82,0;Prozent;WAHLSR;Wahlbeteiligung
14111;;;;2025-02-23;KREISE;;05978;;;;;;296285;Anzahl;WAHL01;Wahlberechtigte
14111;;;;2025-02-23;KREISE;;06411;;;;;;84,7;Prozent;WAHLSR;Wahlbeteiligung
14111;;;;2025-02-23;KREISE;;06411;;;;;;106230;Anzahl;WAHL01;Wahlberechtigte
14111;;;;2025-02-23;KREISE;;06412;;;;;;81,2;Prozent;WAHLSR;Wahlbeteiligung
14111;;;;2025-02-23;KREISE;;06412;;;;;;433242;Anzahl;WAHL01;Wahlberechtigte
14111;;;;2025-02-23;KREISE;;06413;;;;;;75,2;Prozent;WAHLSR;Wahlbeteiligung
14111;;;;2025-02-23;KREISE;;06413;;;;;;66899;Anzahl;WAHL01;Wahlberechtigte
14111;;;;2025-02-23;KREISE;;06414;;;;;;79,7;Prozent;WAHLSR;Wahlbeteiligung
14111;;;;2025-02-23;KREISE;;06414;;;;;;186038;Anzahl;WAHL01;Wahlberechtigte
14111;;;;2025-02-23;KREISE;;06415;;;;;;-;Prozent;WAHLSR;Wahlbeteiligung
14111;;;;2025-02-23;KREISE;;06415;;;;;;-;Anzahl;WAHL01;Wahlberechtigte
14111;;;;2025-02-23;KREISE;;06431;;;;;;84,4;Prozent;WAHLSR;Wahlbeteiligung
14111;;;;2025-02-23;KREISE;;06431;;;;;;195419;Anzahl;WAHL01;Wahlberechtigte
14111;;;;2025-02-23;KREISE;;06432;;;;;;85,0;Prozent;WAHLSR;Wahlbeteiligung
14111;;;;2025-02-23;KREISE;;06432;;;;;;210654;Anzahl;WAHL01;Wahlberechtigte
14111;;;;2025-02-23;KREISE;;06433;;;;;;81,6;Prozent;WAHLSR;Wahlbeteiligung
14111;;;;2025-02-23;KREISE;;06433;;;;;;172314;Anzahl;WAHL01;Wahlberechtigte
14111;;;;2025-02-23;KREISE;;06434;;;;;;86,0;Prozent;WAHLSR;Wahlbeteiligung
14111;;;;2025-02-23;KREISE;;06434;;;;;;162231;Anzahl;WAHL01;Wahlberechtigte
14111;;;;2025-02-23;KREISE;;06435;;;;;;82,8;Prozent;WAHLSR;Wahlbeteiligung
14111;;;;2025-02-23;KREISE;;06435;;;;;;294581;Anzahl;WAHL01;Wahlberechtigte
14111;;;;2025-02-23;KREISE;;06436;;;;;;85,8;Prozent;WAHLSR;Wahlbeteiligung
14111;;;;2025-02-23;KREISE;;06436;;;;;;163291;Anzahl;WAHL01;Wahlberechtigte
14111;;;;2025-02-23;KREISE;;06437;;;;;;82,7;Prozent;WAHLSR;Wahlbeteiligung
14111;;;;2025-02-23;KREISE;;06437;;;;;;68967;Anzahl;WAHL01;Wahlberechtigte
14111;;;;2025-02-23;KREISE;;06438;;;;;;83,1;Prozent;WAHLSR;Wahlbeteiligung
14111;;;;2025-02-23;KREISE;;06438;;;;;;235764;Anzahl;WAHL01;Wahlberechtigte
14111;;;;2025-02-23;KREISE;;06439;;;;;;85,3;Prozent;WAHLSR;Wahlbeteiligung
14111;;;;2025-02-23;KREISE;;06439;;;;;;136563;Anzahl;WAHL01;Wahlberechtigte
14111;;;;2025-02-23;KREISE;;06440;;;;;;84,3;Prozent;WAHLSR;Wahlbeteiligung
14111;;;;2025-02-23;KREISE;;06440;;;;;;224722;Anzahl;WAHL01;Wahlberechtigte
14111;;;;2025-02-23;KREISE;;06531;;;;;;83,4;Prozent;WAHLSR;Wahlbeteiligung
14111;;;;2025-02-23;KREISE;;06531;;;;;;197731;Anzahl;WAHL01;Wahlberechtigte
14111;;;;2025-02-23;KREISE;;06532;;;;;;81,1;Prozent;WAHLSR;Wahlbeteiligung
14111;;;;2025-02-23;KREISE;;06532;;;;;;185831;Anzahl;WAHL01;Wahlberechtigte
14111;;;;2025-02-23;KREISE;;06533;;;;;;82,9;Prozent;WAHLSR;Wahlbeteiligung
14111;;;;2025-02-23;KREISE;;06533;;;;;;126829;Anzahl;WAHL01;Wahlberechtigte
14111;;;;2025-02-23;KREISE;;06534;;;;;;84,7;Prozent;WAHLSR;Wahlbeteiligung
14111;;;;2025-02-23;KREISE;;06534;;;;;;179872;Anzahl;WAHL01;Wahlberechtigte
14111;;;;2025-02-23;KREISE;;06535;;;;;;83,2;Prozent;WAHLSR;Wahlbeteiligung
14111;;;;2025-02-23;KREISE;;06535;;;;;;82329;Anzahl;WAHL01;Wahlberechtigte
14111;;;;2025-02-23;KREISE;;06611;;;;;;79,8;Prozent;WAHLSR;Wahlbeteiligung
14111;;;;2025-02-23;KREISE;;06611;;;;;;134111;Anzahl;WAHL01;Wahlberechtigte
14111;;;;2025-02-23;KREISE;;06631;;;;;;84,9;Prozent;WAHLSR;Wahlbeteiligung
14111;;;;2025-02-23;KREISE;;06631;;;;;;167615;Anzahl;WAHL01;Wahlberechtigte
14111;;;;2025-02-23;KREISE;;06632;;;;;;82,5;Prozent;WAHLSR;Wahlbeteiligung
14111;;;;2025-02-23;KREISE;;06632;;;;;;89848;Anzahl;WAHL01;Wahlberechtigte
14111;;;;2025-02-23;KREISE;;06633;;;;;;84,5;Prozent;WAHLSR;Wahlbeteiligung
14111;;;;2025-02-23;KREISE;;06633;;;;;;184376;Anzahl;WAHL01;Wahlberechtigte
14111;;;;2025-02-23;KREISE;;06634;;;;;;84,5;Prozent;WAHLSR;Wahlbeteiligung
14111;;;;2025-02-23;KREISE;;06634;;;;;;138843;Anzahl;WAHL01;Wahlberechtigte
14111;;;;2025-02-23;KREISE;;06635;;;;;;82,5;Prozent;WAHLSR;Wahlbeteiligung
14111;;;;2025-02-23;KREISE;;06635;;;;;;119697;Anzahl;WAHL01;Wahlberechtigte
14111;;;;2025-02-23;KREISE;;06636;;;;;;82,7;Prozent;WAHLSR;Wahlbeteiligung
14111;;;;2025-02-23;KREISE;;06636;;;;;;77922;Anzahl;WAHL01;Wahlberechtigte
14111;;;;2025-02-23;KREISE;;07111;;;;;;81,2;Prozent;WAHLSR;Wahlbeteiligung
14111;;;;2025-02-23;KREISE;;07111;;;;;;80612;Anzahl;WAHL01;Wahlberechtigte
14111;;;;2025-02-23;KREISE;;07131;;;;;;83,8;Prozent;WAHLSR;Wahlbeteiligung
14111;;;;2025-02-23;KREISE;;07131;;;;;;98868;Anzahl;WAHL01;Wahlberechtigte
14111;;;;2025-02-23;KREISE;;07132;;;;;;82,6;Prozent;WAHLSR;Wahlbeteiligung
14111;;;;2025-02-23;KREISE;;07132;;;;;;98440;Anzahl;WAHL01;Wahlberechtigte
14111;;;;2025-02-23;KREISE;;07133;;;;;;82,1;Prozent;WAHLSR;Wahlbeteiligung
14111;;;;2025-02-23;KREISE;;07133;;;;;;118201;Anzahl;WAHL01;Wahlberechtigte
14111;;;;2025-02-23;KREISE;;07134;;;;;;80,6;Prozent;WAHLSR;Wahlbeteiligung
14111;;;;2025-02-23;KREISE;;07134;;;;;;61322;Anzahl;WAHL01;Wahlberechtigte
14111;;;;2025-02-23;KREISE;;07135;;;;;;83,8;Prozent;WAHLSR;Wahlbeteiligung
14111;;;;2025-02-23;KREISE;;07135;;;;;;47749;Anzahl;WAHL01;Wahlberechtigte
14111;;;;2025-02-23;KREISE;;07137;;;;;;83,3;Prozent;WAHLSR;Wahlbeteiligung
14111;;;;2025-02-23;KREISE;;07137;;;;;;163424;Anzahl;WAHL01;Wahlberechtigte
14111;;;;2025-02-23;KREISE;;07138;;;;;;82,1;Prozent;WAHLSR;Wahlbeteiligung
14111;;;;2025-02-23;KREISE;;07138;;;;;;137657;Anzahl;WAHL01;Wahlberechtigte
14111;;;;2025-02-23;KREISE;;07140;;;;;;84,8;Prozent;WAHLSR;Wahlbeteiligung
14111;;;;2025-02-23;KREISE;;07140;;;;;;79794;Anzahl;WAHL01;Wahlberechtigte
14111;;;;2025-02-23;KREISE;;07141;;;;;;83,2;Prozent;WAHLSR;Wahlbeteiligung
14111;;;;2025-02-23;KREISE;;07141;;;;;;93287;Anzahl;WAHL01;Wahlberechtigte
14111;;;;2025-02-23;KREISE;;07143;;;;;;83,1;Prozent;WAHLSR;Wahlbeteiligung
14111;;;;2025-02-23;KREISE;;07143;;;;;;154115;Anzahl;WAHL01;Wahlberechtigte
14111;;;;2025-02-23;KREISE;;07211;;;;;;80,3;Prozent;WAHLSR;Wahlbeteiligung
14111;;;;2025-02-23;KREISE;;07211;;;;;;76639;Anzahl;WAHL01;Wahlberechtigte
14111;;;;2025-02-23;KREISE;;07231;;;;;;83,5;Prozent;WAHLSR;Wahlbeteiligung
14111;;;;2025-02-23;KREISE;;07231;;;;;;84219;Anzahl;WAHL01;Wahlberechtigte
14111;;;;2025-02-23;KREISE;;07232;;;;;;83,3;Prozent;WAHLSR;Wahlbeteiligung
14111;;;;2025-02-23;KREISE;;07232;;;;;;71182;Anzahl;WAHL01;Wahlberechtigte
14111;;;;2025-02-23;KREISE;;07233;;;;;;83,4;Prozent;WAHLSR;Wahlbeteiligung
14111;;;;2025-02-23;KREISE;;07233;;;;;;47303;Anzahl;WAHL01;Wahlberechtigte
14111;;;;2025-02-23;KREISE;;07235;;;;;;85,8;Prozent;WAHLSR;Wahlbeteiligung
14111;;;;2025-02-23;KREISE;;07235;;;;;;110930;Anzahl;WAHL01;Wahlberechtigte
14111;;;;2025-02-23;KREISE;;07311;;;;;;78,8;Prozent;WAHLSR;Wahlbeteiligung
14111;;;;2025-02-23;KREISE;;07311;;;;;;31519;Anzahl;WAHL01;Wahlberechtigte
14111;;;;2025-02-23;KREISE;;07312;;;;;;77,6;Prozent;WAHLSR;Wahlbeteiligung
14111;;;;2025-02-23;KREISE;;07312;;;;;;67052;Anzahl;WAHL01;Wahlberechtigte
14111;;;;2025-02-23;KREISE;;07313;;;;;;82,4;Prozent;WAHLSR;Wahlbeteiligung
14111;;;;2025-02-23;KREISE;;07313;;;;;;35958;Anzahl;WAHL01;Wahlberechtigte
14111;;;;2025-02-23;KREISE;;07314;;;;;;74,6;Prozent;WAHLSR;Wahlbeteiligung
14111;;;;2025-02-23;KREISE;;07314;;;;;;97715;Anzahl;WAHL01;Wahlberechtigte
14111;;;;2025-02-23;KREISE;;07315;;;;;;85,6;Prozent;WAHLSR;Wahlbeteiligung
14111;;;;2025-02-23;KREISE;;07315;;;;;;150429;Anzahl;WAHL01;Wahlberechtigte
14111;;;;2025-02-23;KREISE;;07316;;;;;;83,5;Prozent;WAHLSR;Wahlbeteiligung
14111;;;;2025-02-23;KREISE;;07316;;;;;;39919;Anzahl;WAHL01;Wahlberechtigte
14111;;;;2025-02-23;KREISE;;07317;;;;;;73,8;Prozent;WAHLSR;Wahlbeteiligung
14111;;;;2025-02-23;KREISE;;07317;;;;;;29595;Anzahl;WAHL01;Wahlberechtigte
14111;;;;2025-02-23;KREISE;;07318;;;;;;80,2;Prozent;WAHLSR;Wahlbeteiligung
14111;;;;2025-02-23;KREISE;;07318;;;;;;35520;Anzahl;WAHL01;Wahlberechtigte
14111;;;;2025-02-23;KREISE;;07319;;;;;;78,1;Prozent;WAHLSR;Wahlbeteiligung
14111;;;;2025-02-23;KREISE;;07319;;;;;;56510;Anzahl;WAHL01;Wahlberechtigte
14111;;;;2025-02-23;KREISE;;07320;;;;;;79,5;Prozent;WAHLSR;Wahlbeteiligung
14111;;;;2025-02-23;KREISE;;07320;;;;;;25455;Anzahl;WAHL01;Wahlberechtigte
14111;;;;2025-02-23;KREISE;;07331;;;;;;85,8;Prozent;WAHLSR;Wahlbeteiligung
14111;;;;2025-02-23;KREISE;;07331;;;;;;98146;Anzahl;WAHL01;Wahlberechtigte
14111;;;;2025-02-23;KREISE;;07332;;;;;;85,9;Prozent;WAHLSR;Wahlbeteiligung
14111;;;;2025-02-23;KREISE;;07332;;;;;;103413;Anzahl;WAHL01;Wahlberechtigte
14111;;;;2025-02-23;KREISE;;07333;;;;;;81,9;Prozent;WAHLSR;Wahlbeteiligung
14111;;;;2025-02-23;KREISE;;07333;;;;;;57681;Anzahl;WAHL01;Wahlberechtigte
14111;;;;2025-02-23;KREISE;;07334;;;;;;83,4;Prozent;WAHLSR;Wahlbeteiligung
14111;;;;2025-02-23;KREISE;;07334;;;;;;93414;Anzahl;WAHL01;Wahlberechtigte
14111;;;;2025-02-23;KREISE;;07335;;;;;;84,6;Prozent;WAHLSR;Wahlbeteiligung
14111;;;;2025-02-23;KREISE;;07335;;;;;;78699;Anzahl;WAHL01;Wahlberechtigte
14111;;;;2025-02-23;KREISE;;07336;;;;;;82,8;Prozent;WAHLSR;Wahlbeteiligung
14111;;;;2025-02-23;KREISE;;07336;;;;;;54713;Anzahl;WAHL01;Wahlberechtigte
14111;;;;2025-02-23;KREISE;;07337;;;;;;83,5;Prozent;WAHLSR;Wahlbeteiligung
14111;;;;2025-02-23;KREISE;;07337;;;;;;86623;Anzahl;WAHL01;Wahlberechtigte
14111;;;;2025-02-23;KREISE;;07338;;;;;;84,9;Prozent;WAHLSR;Wahlbeteiligung
14111;;;;2025-02-23;KREISE;;07338;;;;;;114112;Anzahl;WAHL01;Wahlberechtigte
14111;;;;2025-02-23;KREISE;;07339;;;;;;85,9;Prozent;WAHLSR;Wahlbeteiligung
14111;;;;2025-02-23;KREISE;;07339;;;;;;157975;Anzahl;WAHL01;Wahlberechtigte
14111;;;;2025-02-23;KREISE;;07340;;;;;;85,2;Prozent;WAHLSR;Wahlbeteiligung
14111;;;;2025-02-23;KREISE;;07340;;;;;;76292;Anzahl;WAHL01;Wahlberechtigte
14111;;;;2025-02-23;KREISE;;08111;;;;;;82,9;Prozent;WAHLSR;Wahlbeteiligung
14111;;;;2025-02-23;KREISE;;08111;;;;;;363827;Anzahl;WAHL01;Wahlberechtigte
14111;;;;2025-02-23;KREISE;;08115;;;;;;84,5;Prozent;WAHLSR;Wahlbeteiligung
14111;;;;2025-02-23;KREISE;;08115;;;;;;258659;Anzahl;WAHL01;Wahlberechtigte
14111;;;;2025-02-23;KREISE;;08116;;;;;;84,7;Prozent;WAHLSR;Wahlbeteiligung
14111;;;;2025-02-23;KREISE;;08116;;;;;;358778;Anzahl;WAHL01;Wahlberechtigte
14111;;;;2025-02-23;KREISE;;08117;;;;;;82,4;Prozent;WAHLSR;Wahlbeteiligung
14111;;;;2025-02-23;KREISE;;08117;;;;;;174712;Anzahl;WAHL01;Wahlberechtigte
14111;;;;2025-02-23;KREISE;;08118;;;;;;85,0;Prozent;WAHLSR;Wahlbeteiligung
14111;;;;2025-02-23;KREISE;;08118;;;;;;358450;Anzahl;WAHL01;Wahlberechtigte
14111;;;;2025-02-23;KREISE;;08119;;;;;;83,9;Prozent;WAHLSR;Wahlbeteiligung
14111;;;;2025-02-23;KREISE;;08119;;;;;;292377;Anzahl;WAHL01;Wahlberechtigte
14111;;;;2025-02-23;KREISE;;08121;;;;;;76,9;Prozent;WAHLSR;Wahlbeteiligung
14111;;;;2025-02-23;KREISE;;08121;;;;;;74039;Anzahl;WAHL01;Wahlberechtigte
14111;;;;2025-02-23;KREISE;;08125;;;;;;84,5;Prozent;WAHLSR;Wahlbeteiligung
14111;;;;2025-02-23;KREISE;;08125;;;;;;241651;Anzahl;WAHL01;Wahlberechtigte
14111;;;;2025-02-23;KREISE;;08126;;;;;;83,7;Prozent;WAHLSR;Wahlbeteiligung
14111;;;;2025-02-23;KREISE;;08126;;;;;;81919;Anzahl;WAHL01;Wahlberechtigte
14111;;;;2025-02-23;KREISE;;08127;;;;;;82,5;Prozent;WAHLSR;Wahlbeteiligung
14111;;;;2025-02-23;KREISE;;08127;;;;;;142527;Anzahl;WAHL01;Wahlberechtigte
14111;;;;2025-02-23;KREISE;;08128;;;;;;84,1;Prozent;WAHLSR;Wahlbeteiligung
14111;;;;2025-02-23;KREISE;;08128;;;;;;99516;Anzahl;WAHL01;Wahlberechtigte
14111;;;;2025-02-23;KREISE;;08135;;;;;;81,4;Prozent;WAHLSR;Wahlbeteiligung
14111;;;;2025-02-23;KREISE;;08135;;;;;;91165;Anzahl;WAHL01;Wahlberechtigte
14111;;;;2025-02-23;KREISE;;08136;;;;;;84,0;Prozent;WAHLSR;Wahlbeteiligung
14111;;;;2025-02-23;KREISE;;08136;;;;;;229227;Anzahl;WAHL01;Wahlberechtigte
14111;;;;2025-02-23;KREISE;;08211;;;;;;80,1;Prozent;WAHLSR;Wahlbeteiligung
14111;;;;2025-02-23;KREISE;;08211;;;;;;37221;Anzahl;WAHL01;Wahlberechtigte
14111;;;;2025-02-23;KREISE;;08212;;;;;;83,1;Prozent;WAHLSR;Wahlbeteiligung
14111;;;;2025-02-23;KREISE;;08212;;;;;;202812;Anzahl;WAHL01;Wahlberechtigte
14111;;;;2025-02-23;KREISE;;08215;;;;;;84,5;Prozent;WAHLSR;Wahlbeteiligung
14111;;;;2025-02-23;KREISE;;08215;;;;;;320247;Anzahl;WAHL01;Wahlberechtigte
14111;;;;2025-02-23;KREISE;;08216;;;;;;81,9;Prozent;WAHLSR;Wahlbeteiligung
14111;;;;2025-02-23;KREISE;;08216;;;;;;163743;Anzahl;WAHL01;Wahlberechtigte
14111;;;;2025-02-23;KREISE;;08221;;;;;;85,5;Prozent;WAHLSR;Wahlbeteiligung
14111;;;;2025-02-23;KREISE;;08221;;;;;;100749;Anzahl;WAHL01;Wahlberechtigte
14111;;;;2025-02-23;KREISE;;08222;;;;;;78,4;Prozent;WAHLSR;Wahlbeteiligung
14111;;;;2025-02-23;KREISE;;08222;;;;;;195336;Anzahl;WAHL01;Wahlberechtigte
14111;;;;2025-02-23;KREISE;;08225;;;;;;82,0;Prozent;WAHLSR;Wahlbeteiligung
14111;;;;2025-02-23;KREISE;;08225;;;;;;106966;Anzahl;WAHL01;Wahlberechtigte
14111;;;;2025-02-23;KREISE;;08226;;;;;;84,3;Prozent;WAHLSR;Wahlbeteiligung
14111;;;;2025-02-23;KREISE;;08226;;;;;;394290;Anzahl;WAHL01;Wahlberechtigte
14111;;;;2025-02-23;KREISE;;08231;;;;;;75,7;Prozent;WAHLSR;Wahlbeteiligung
14111;;;;2025-02-23;KREISE;;08231;;;;;;71755;Anzahl;WAHL01;Wahlberechtigte
14111;;;;2025-02-23;KREISE;;08235;;;;;;83,0;Prozent;WAHLSR;Wahlbeteiligung
14111;;;;2025-02-23;KREISE;;08235;;;;;;111743;Anzahl;WAHL01;Wahlberechtigte
14111;;;;2025-02-23;KREISE;;08236;;;;;;85,0;Prozent;WAHLSR;Wahlbeteiligung
14111;;;;2025-02-23;KREISE;;08236;;;;;;141227;Anzahl;WAHL01;Wahlberechtigte
14111;;;;2025-02-23;KREISE;;08237;;;;;;82,7;Prozent;WAHLSR;Wahlbeteiligung
14111;;;;2025-02-23;KREISE;;08237;;;;;;85813;Anzahl;WAHL01;Wahlberechtigte
14111;;;;2025-02-23;KREISE;;08311;;;;;;85,7;Prozent;WAHLSR;Wahlbeteiligung
14111;;;;2025-02-23;KREISE;;08311;;;;;;161136;Anzahl;WAHL01;Wahlberechtigte
14111;;;;2025-02-23;KREISE;;08315;;;;;;85,4;Prozent;WAHLSR;Wahlbeteiligung
14111;;;;2025-02-23;KREISE;;08315;;;;;;194407;Anzahl;WAHL01;Wahlberechtigte
14111;;;;2025-02-23;KREISE;;08316;;;;;;84,8;Prozent;WAHLSR;Wahlbeteiligung
14111;;;;2025-02-23;KREISE;;08316;;;;;;124179;Anzahl;WAHL01;Wahlberechtigte
14111;;;;2025-02-23;KREISE;;08317;;;;;;81,9;Prozent;WAHLSR;Wahlbeteiligung
14111;;;;2025-02-23;KREISE;;08317;;;;;;314344;Anzahl;WAHL01;Wahlberechtigte
14111;;;;2025-02-23;KREISE;;08325;;;;;;82,9;Prozent;WAHLSR;Wahlbeteiligung
14111;;;;2025-02-23;KREISE;;08325;;;;;;101227;Anzahl;WAHL01;Wahlberechtigte
14111;;;;2025-02-23;KREISE;;08326;;;;;;81,5;Prozent;WAHLSR;Wahlbeteiligung
14111;;;;2025-02-23;KREISE;;08326;;;;;;145448;Anzahl;WAHL01;Wahlberechtigte
14111;;;;2025-02-23;KREISE;;08327;;;;;;81,5;Prozent;WAHLSR;Wahlbeteiligung
14111;;;;2025-02-23;KREISE;;08327;;;;;;94974;Anzahl;WAHL01;Wahlberechtigte
14111;;;;2025-02-23;KREISE;;08335;;;;;;82,4;Prozent;WAHLSR;Wahlbeteiligung
14111;;;;2025-02-23;KREISE;;08335;;;;;;207094;Anzahl;WAHL01;Wahlberechtigte
14111;;;;2025-02-23;KREISE;;08336;;;;;;80,7;Prozent;WAHLSR;Wahlbeteiligung
14111;;;;2025-02-23;KREISE;;08336;;;;;;160547;Anzahl;WAHL01;Wahlberechtigte
14111;;;;2025-02-23;KREISE;;08337;;;;;;80,6;Prozent;WAHLSR;Wahlbeteiligung
14111;;;;2025-02-23;KREISE;;08337;;;;;;118456;Anzahl;WAHL01;Wahlberechtigte
14111;;;;2025-02-23;KREISE;;08415;;;;;;83,6;Prozent;WAHLSR;Wahlbeteiligung
14111;;;;2025-02-23;KREISE;;08415;;;;;;197827;Anzahl;WAHL01;Wahlberechtigte
14111;;;;2025-02-23;KREISE;;08416;;;;;;87,0;Prozent;WAHLSR;Wahlbeteiligung
14111;;;;2025-02-23;KREISE;;08416;;;;;;164005;Anzahl;WAHL01;Wahlberechtigte
14111;;;;2025-02-23;KREISE;;08417;;;;;;81,8;Prozent;WAHLSR;Wahlbeteiligung
14111;;;;2025-02-23;KREISE;;08417;;;;;;136153;Anzahl;WAHL01;Wahlberechtigte
14111;;;;2025-02-23;KREISE;;08421;;;;;;83,5;Prozent;WAHLSR;Wahlbeteiligung
14111;;;;2025-02-23;KREISE;;08421;;;;;;82660;Anzahl;WAHL01;Wahlberechtigte
14111;;;;2025-02-23;KREISE;;08425;;;;;;85,9;Prozent;WAHLSR;Wahlbeteiligung
14111;;;;2025-02-23;KREISE;;08425;;;;;;140879;Anzahl;WAHL01;Wahlberechtigte
14111;;;;2025-02-23;KREISE;;08426;;;;;;85,2;Prozent;WAHLSR;Wahlbeteiligung
14111;;;;2025-02-23;KREISE;;08426;;;;;;148003;Anzahl;WAHL01;Wahlberechtigte
14111;;;;2025-02-23;KREISE;;08435;;;;;;84,0;Prozent;WAHLSR;Wahlbeteiligung
14111;;;;2025-02-23;KREISE;;08435;;;;;;157479;Anzahl;WAHL01;Wahlberechtigte
14111;;;;2025-02-23;KREISE;;08436;;;;;;84,0;Prozent;WAHLSR;Wahlbeteiligung
14111;;;;2025-02-23;KREISE;;08436;;;;;;210011;Anzahl;WAHL01;Wahlberechtigte
14111;;;;2025-02-23;KREISE;;08437;;;;;;82,8;Prozent;WAHLSR;Wahlbeteiligung
14111;;;;2025-02-23;KREISE;;08437;;;;;;96233;Anzahl;WAHL01;Wahlberechtigte
14111;;;;2025-02-23;KREISE;;09161;;;;;;76,0;Prozent;WAHLSR;Wahlbeteiligung
14111;;;;2025-02-23;KREISE;;09161;;;;;;89132;Anzahl;WAHL01;Wahlberechtigte
14111;;;;2025-02-23;KREISE;;09162;;;;;;84,3;Prozent;WAHLSR;Wahlbeteiligung
14111;;;;2025-02-23;KREISE;;09162;;;;;;928966;Anzahl;WAHL01;Wahlberechtigte
14111;;;;2025-02-23;KREISE;;09163;;;;;;80,2;Prozent;WAHLSR;Wahlbeteiligung
14111;;;;2025-02-23;KREISE;;09163;;;;;;40999;Anzahl;WAHL01;Wahlberechtigte
14111;;;;2025-02-23;KREISE;;09171;;;;;;81,3;Prozent;WAHLSR;Wahlbeteiligung
14111;;;;2025-02-23;KREISE;;09171;;;;;;82057;Anzahl;WAHL01;Wahlberechtigte
14111;;;;2025-02-23;KREISE;;09172;;;;;;81,6;Prozent;WAHLSR;Wahlbeteiligung
14111;;;;2025-02-23;KREISE;;09172;;;;;;74017;Anzahl;WAHL01;Wahlberechtigte
14111;;;;2025-02-23;KREISE;;09173;;;;;;85,2;Prozent;WAHLSR;Wahlbeteiligung
14111;;;;2025-02-23;KREISE;;09173;;;;;;92916;Anzahl;WAHL01;Wahlberechtigte
14111;;;;2025-02-23;KREISE;;09174;;;;;;85,8;Prozent;WAHLSR;Wahlbeteiligung
14111;;;;2025-02-23;KREISE;;09174;;;;;;105923;Anzahl;WAHL01;Wahlberechtigte
14111;;;;2025-02-23;KREISE;;09175;;;;;;88,0;Prozent;WAHLSR;Wahlbeteiligung
14111;;;;2025-02-23;KREISE;;09175;;;;;;100425;Anzahl;WAHL01;Wahlberechtigte
14111;;;;2025-02-23;KREISE;;09176;;;;;;87,1;Prozent;WAHLSR;Wahlbeteiligung
14111;;;;2025-02-23;KREISE;;09176;;;;;;98895;Anzahl;WAHL01;Wahlberechtigte
14111;;;;2025-02-23;KREISE;;09177;;;;;;86,2;Prozent;WAHLSR;Wahlbeteiligung
14111;;;;2025-02-23;KREISE;;09177;;;;;;100604;Anzahl;WAHL01;Wahlberechtigte
14111;;;;2025-02-23;KREISE;;09178;;;;;;86,1;Prozent;WAHLSR;Wahlbeteiligung
14111;;;;2025-02-23;KREISE;;09178;;;;;;122186;Anzahl;WAHL01;Wahlberechtigte
14111;;;;2025-02-23;KREISE;;09179;;;;;;86,6;Prozent;WAHLSR;Wahlbeteiligung
14111;;;;2025-02-23;KREISE;;09179;;;;;;151035;Anzahl;WAHL01;Wahlberechtigte
14111;;;;2025-02-23;KREISE;;09180;;;;;;84,7;Prozent;WAHLSR;Wahlbeteiligung
14111;;;;2025-02-23;KREISE;;09180;;;;;;64691;Anzahl;WAHL01;Wahlberechtigte
14111;;;;2025-02-23;KREISE;;09181;;;;;;87,5;Prozent;WAHLSR;Wahlbeteiligung
14111;;;;2025-02-23;KREISE;;09181;;;;;;92085;Anzahl;WAHL01;Wahlberechtigte
14111;;;;2025-02-23;KREISE;;09182;;;;;;85,9;Prozent;WAHLSR;Wahlbeteiligung
14111;;;;2025-02-23;KREISE;;09182;;;;;;72979;Anzahl;WAHL01;Wahlberechtigte
14111;;;;2025-02-23;KREISE;;09183;;;;;;82,2;Prozent;WAHLSR;Wahlbeteiligung
14111;;;;2025-02-23;KREISE;;09183;;;;;;86405;Anzahl;WAHL01;Wahlberechtigte
14111;;;;2025-02-23;KREISE;;09184;;;;;;87,5;Prozent;WAHLSR;Wahlbeteiligung
14111;;;;2025-02-23;KREISE;;09184;;;;;;234884;Anzahl;WAHL01;Wahlberechtigte
14111;;;;2025-02-23;KREISE;;09185;;;;;;84,7;Prozent;WAHLSR;Wahlbeteiligung
14111;;;;2025-02-23;KREISE;;09185;;;;;;72324;Anzahl;WAHL01;Wahlberechtigte
14111;;;;2025-02-23;KREISE;;09186;;;;;;85,5;Prozent;WAHLSR;Wahlbeteiligung
14111;;;;2025-02-23;KREISE;;09186;;;;;;94140;Anzahl;WAHL01;Wahlberechtigte
14111;;;;2025-02-23;KREISE;;09187;;;;;;85,2;Prozent;WAHLSR;Wahlbeteiligung
14111;;;;2025-02-23;KREISE;;09187;;;;;;197911;Anzahl;WAHL01;Wahlberechtigte
14111;;;;2025-02-23;KREISE;;09188;;;;;;87,8;Prozent;WAHLSR;Wahlbeteiligung
14111;;;;2025-02-23;KREISE;;09188;;;;;;97291;Anzahl;WAHL01;Wahlberechtigte
14111;;;;2025-02-23;KREISE;;09189;;;;;;83,1;Prozent;WAHLSR;Wahlbeteiligung
14111;;;;2025-02-23;KREISE;;09189;;;;;;135003;Anzahl;WAHL01;Wahlberechtigte
14111;;;;2025-02-23;KREISE;;09190;;;;;;86,0;Prozent;WAHLSR;Wahlbeteiligung
14111;;;;2025-02-23;KREISE;;09190;;;;;;103420;Anzahl;WAHL01;Wahlberechtigte
14111;;;;2025-02-23;KREISE;;09261;;;;;;80,5;Prozent;WAHLSR;Wahlbeteiligung
14111;;;;2025-02-23;KREISE;;09261;;;;;;48701;Anzahl;WAHL01;Wahlberechtigte
14111;;;;2025-02-23;KREISE;;09262;;;;;;78,6;Prozent;WAHLSR;Wahlbeteiligung
14111;;;;2025-02-23;KREISE;;09262;;;;;;36599;Anzahl;WAHL01;Wahlberechtigte
14111;;;;2025-02-23;KREISE;;09263;;;;;;74,4;Prozent;WAHLSR;Wahlbeteiligung
14111;;;;2025-02-23;KREISE;;09263;;;;;;33539;Anzahl;WAHL01;Wahlberechtigte
14111;;;;2025-02-23;KREISE;;09271;;;;;;81,1;Prozent;WAHLSR;Wahlbeteiligung
14111;;;;2025-02-23;KREISE;;09271;;;;;;91094;Anzahl;WAHL01;Wahlberechtigte
14111;;;;2025-02-23;KREISE;;09272;;;;;;83,1;Prozent;WAHLSR;Wahlbeteiligung
14111;;;;2025-02-23;KREISE;;09272;;;;;;63113;Anzahl;WAHL01;Wahlberechtigte
14111;;;;2025-02-23;KREISE;;09273;;;;;;83,9;Prozent;WAHLSR;Wahlbeteiligung
14111;;;;2025-02-23;KREISE;;09273;;;;;;88908;Anzahl;WAHL01;Wahlberechtigte
14111;;;;2025-02-23;KREISE;;09274;;;;;;85,6;Prozent;WAHLSR;Wahlbeteiligung
14111;;;;2025-02-23;KREISE;;09274;;;;;;120424;Anzahl;WAHL01;Wahlberechtigte
14111;;;;2025-02-23;KREISE;;09275;;;;;;82,7;Prozent;WAHLSR;Wahlbeteiligung
14111;;;;2025-02-23;KREISE;;09275;;;;;;150595;Anzahl;WAHL01;Wahlberechtigte
14111;;;;2025-02-23;KREISE;;09276;;;;;;81,6;Prozent;WAHLSR;Wahlbeteiligung
14111;;;;2025-02-23;KREISE;;09276;;;;;;60638;Anzahl;WAHL01;Wahlberechtigte
14111;;;;2025-02-23;KREISE;;09277;;;;;;82,8;Prozent;WAHLSR;Wahlbeteiligung
14111;;;;2025-02-23;KREISE;;09277;;;;;;91693;Anzahl;WAHL01;Wahlberechtigte
14111;;;;2025-02-23;KREISE;;09278;;;;;;85,7;Prozent;WAHLSR;Wahlbeteiligung
14111;;;;2025-02-23;KREISE;;09278;;;;;;78345;Anzahl;WAHL01;Wahlberechtigte
14111;;;;2025-02-23;KREISE;;09279;;;;;;81,6;Prozent;WAHLSR;Wahlbeteiligung
14111;;;;2025-02-23;KREISE;;09279;;;;;;71122;Anzahl;WAHL01;Wahlberechtigte
14111;;;;2025-02-23;KREISE;;09361;;;;;;78,1;Prozent;WAHLSR;Wahlbeteiligung
14111;;;;2025-02-23;KREISE;;09361;;;;;;31732;Anzahl;WAHL01;Wahlberechtigte
14111;;;;2025-02-23;KREISE;;09362;;;;;;82,4;Prozent;WAHLSR;Wahlbeteiligung
14111;;;;2025-02-23;KREISE;;09362;;;;;;107263;Anzahl;WAHL01;Wahlberechtigte
14111;;;;2025-02-23;KREISE;;09363;;;;;;78,0;Prozent;WAHLSR;Wahlbeteiligung
14111;;;;2025-02-23;KREISE;;09363;;;;;;31200;Anzahl;WAHL01;Wahlberechtigte
14111;;;;2025-02-23;KREISE;;09371;;;;;;85,4;Prozent;WAHLSR;Wahlbeteiligung
14111;;;;2025-02-23;KREISE;;09371;;;;;;80472;Anzahl;WAHL01;Wahlberechtigte
14111;;;;2025-02-23;KREISE;;09372;;;;;;83,4;Prozent;WAHLSR;Wahlbeteiligung
14111;;;;2025-02-23;KREISE;;09372;;;;;;101439;Anzahl;WAHL01;Wahlberechtigte
14111;;;;2025-02-23;KREISE;;09373;;;;;;86,6;Prozent;WAHLSR;Wahlbeteiligung
14111;;;;2025-02-23;KREISE;;09373;;;;;;102175;Anzahl;WAHL01;Wahlberechtigte
14111;;;;2025-02-23;KREISE;;09374;;;;;;85,6;Prozent;WAHLSR;Wahlbeteiligung
14111;;;;2025-02-23;KREISE;;09374;;;;;;74516;Anzahl;WAHL01;Wahlberechtigte
14111;;;;2025-02-23;KREISE;;09375;;;;;;86,5;Prozent;WAHLSR;Wahlbeteiligung
14111;;;;2025-02-23;KREISE;;09375;;;;;;149027;Anzahl;WAHL01;Wahlberechtigte
14111;;;;2025-02-23;KREISE;;09376;;;;;;83,9;Prozent;WAHLSR;Wahlbeteiligung
14111;;;;2025-02-23;KREISE;;09376;;;;;;114205;Anzahl;WAHL01;Wahlberechtigte
14111;;;;2025-02-23;KREISE;;09377;;;;;;85,4;Prozent;WAHLSR;Wahlbeteiligung
14111;;;;2025-02-23;KREISE;;09377;;;;;;56973;Anzahl;WAHL01;Wahlberechtigte
14111;;;;2025-02-23;KREISE;;09461;;;;;;82,9;Prozent;WAHLSR;Wahlbeteiligung
14111;;;;2025-02-23;KREISE;;09461;;;;;;54792;Anzahl;WAHL01;Wahlberechtigte
14111;;;;2025-02-23;KREISE;;09462;;;;;;80,0;Prozent;WAHLSR;Wahlbeteiligung
14111;;;;2025-02-23;KREISE;;09462;;;;;;54171;Anzahl;WAHL01;Wahlberechtigte
14111;;;;2025-02-23;KREISE;;09463;;;;;;80,7;Prozent;WAHLSR;Wahlbeteiligung
14111;;;;2025-02-23;KREISE;;09463;;;;;;30693;Anzahl;WAHL01;Wahlberechtigte
14111;;;;2025-02-23;KREISE;;09464;;;;;;77,0;Prozent;WAHLSR;Wahlbeteiligung
14111;;;;2025-02-23;KREISE;;09464;;;;;;31410;Anzahl;WAHL01;Wahlberechtigte
14111;;;;2025-02-23;KREISE;;09471;;;;;;87,4;Prozent;WAHLSR;Wahlbeteiligung
14111;;;;2025-02-23;KREISE;;09471;;;;;;115535;Anzahl;WAHL01;Wahlberechtigte
14111;;;;2025-02-23;KREISE;;09472;;;;;;86,2;Prozent;WAHLSR;Wahlbeteiligung
14111;;;;2025-02-23;KREISE;;09472;;;;;;82927;Anzahl;WAHL01;Wahlberechtigte
14111;;;;2025-02-23;KREISE;;09473;;;;;;84,8;Prozent;WAHLSR;Wahlbeteiligung
14111;;;;2025-02-23;KREISE;;09473;;;;;;68240;Anzahl;WAHL01;Wahlberechtigte
14111;;;;2025-02-23;KREISE;;09474;;;;;;87,2;Prozent;WAHLSR;Wahlbeteiligung
14111;;;;2025-02-23;KREISE;;09474;;;;;;89813;Anzahl;WAHL01;Wahlberechtigte
14111;;;;2025-02-23;KREISE;;09475;;;;;;84,1;Prozent;WAHLSR;Wahlbeteiligung
14111;;;;2025-02-23;KREISE;;09475;;;;;;73773;Anzahl;WAHL01;Wahlberechtigte
14111;;;;2025-02-23;KREISE;;09476;;;;;;84,7;Prozent;WAHLSR;Wahlbeteiligung
14111;;;;2025-02-23;KREISE;;09476;;;;;;52293;Anzahl;WAHL01;Wahlberechtigte
14111;;;;2025-02-23;KREISE;;09477;;;;;;84,5;Prozent;WAHLSR;Wahlbeteiligung
14111;;;;2025-02-23;KREISE;;09477;;;;;;57056;Anzahl;WAHL01;Wahlberechtigte
14111;;;;2025-02-23;KREISE;;09478;;;;;;83,8;Prozent;WAHLSR;Wahlbeteiligung
14111;;;;2025-02-23;KREISE;;09478;;;;;;51812;Anzahl;WAHL01;Wahlberechtigte
14111;;;;2025-02-23;KREISE;;09479;;;;;;82,0;Prozent;WAHLSR;Wahlbeteiligung
14111;;;;2025-02-23;KREISE;;09479;;;;;;54935;Anzahl;WAHL01;Wahlberechtigte
14111;;;;2025-02-23;KREISE;;09561;;;;;;79,6;Prozent;WAHLSR;Wahlbeteiligung
14111;;;;2025-02-23;KREISE;;09561;;;;;;29534;Anzahl;WAHL01;Wahlberechtigte
14111;;;;2025-02-23;KREISE;;09562;;;;;;85,6;Prozent;WAHLSR;Wahlbeteiligung
14111;;;;2025-02-23;KREISE;;09562;;;;;;76351;Anzahl;WAHL01;Wahlberechtigte
14111;;;;2025-02-23;KREISE;;09563;;;;;;80,3;Prozent;WAHLSR;Wahlbeteiligung
14111;;;;2025-02-23;KREISE;;09563;;;;;;86432;Anzahl;WAHL01;Wahlberechtigte
14111;;;;2025-02-23;KREISE;;09564;;;;;;79,3;Prozent;WAHLSR;Wahlbeteiligung
14111;;;;2025-02-23;KREISE;;09564;;;;;;332368;Anzahl;WAHL01;Wahlberechtigte
14111;;;;2025-02-23;KREISE;;09565;;;;;;83,1;Prozent;WAHLSR;Wahlbeteiligung
14111;;;;2025-02-23;KREISE;;09565;;;;;;29569;Anzahl;WAHL01;Wahlberechtigte
14111;;;;2025-02-23;KREISE;;09571;;;;;;85,7;Prozent;WAHLSR;Wahlbeteiligung
14111;;;;2025-02-23;KREISE;;09571;;;;;;139930;Anzahl;WAHL01;Wahlberechtigte
14111;;;;2025-02-23;KREISE;;09572;;;;;;87,7;Prozent;WAHLSR;Wahlbeteiligung
14111;;;;2025-02-23;KREISE;;09572;;;;;;104801;Anzahl;WAHL01;Wahlberechtigte
14111;;;;2025-02-23;KREISE;;09573;;;;;;85,8;Prozent;WAHLSR;Wahlbeteiligung
14111;;;;2025-02-23;KREISE;;09573;;;;;;90794;Anzahl;WAHL01;Wahlberechtigte
14111;;;;2025-02-23;KREISE;;09574;;;;;;86,5;Prozent;WAHLSR;Wahlbeteiligung
14111;;;;2025-02-23;KREISE;;09574;;;;;;129193;Anzahl;WAHL01;Wahlberechtigte
14111;;;;2025-02-23;KREISE;;09575;;;;;;85,4;Prozent;WAHLSR;Wahlbeteiligung
14111;;;;2025-02-23;KREISE;;09575;;;;;;77172;Anzahl;WAHL01;Wahlberechtigte
14111;;;;2025-02-23;KREISE;;09576;;;;;;86,7;Prozent;WAHLSR;Wahlbeteiligung
14111;;;;2025-02-23;KREISE;;09576;;;;;;98503;Anzahl;WAHL01;Wahlberechtigte
14111;;;;2025-02-23;KREISE;;09577;;;;;;83,7;Prozent;WAHLSR;Wahlbeteiligung
14111;;;;2025-02-23;KREISE;;09577;;;;;;72154;Anzahl;WAHL01;Wahlberechtigte
14111;;;;2025-02-23;KREISE;;09661;;;;;;81,9;Prozent;WAHLSR;Wahlbeteiligung
14111;;;;2025-02-23;KREISE;;09661;;;;;;50099;Anzahl;WAHL01;Wahlberechtigte
14111;;;;2025-02-23;KREISE;;09662;;;;;;74,5;Prozent;WAHLSR;Wahlbeteiligung
14111;;;;2025-02-23;KREISE;;09662;;;;;;36214;Anzahl;WAHL01;Wahlberechtigte
14111;;;;2025-02-23;KREISE;;09663;;;;;;83,7;Prozent;WAHLSR;Wahlbeteiligung
14111;;;;2025-02-23;KREISE;;09663;;;;;;96184;Anzahl;WAHL01;Wahlberechtigte
14111;;;;2025-02-23;KREISE;;09671;;;;;;87,2;Prozent;WAHLSR;Wahlbeteiligung
14111;;;;2025-02-23;KREISE;;09671;;;;;;131045;Anzahl;WAHL01;Wahlberechtigte
14111;;;;2025-02-23;KREISE;;09672;;;;;;84,8;Prozent;WAHLSR;Wahlbeteiligung
14111;;;;2025-02-23;KREISE;;09672;;;;;;81418;Anzahl;WAHL01;Wahlberechtigte
14111;;;;2025-02-23;KREISE;;09673;;;;;;86,2;Prozent;WAHLSR;Wahlbeteiligung
14111;;;;2025-02-23;KREISE;;09673;;;;;;62185;Anzahl;WAHL01;Wahlberechtigte
14111;;;;2025-02-23;KREISE;;09674;;;;;;86,7;Prozent;WAHLSR;Wahlbeteiligung
14111;;;;2025-02-23;KREISE;;09674;;;;;;66761;Anzahl;WAHL01;Wahlberechtigte
14111;;;;2025-02-23;KREISE;;09675;;;;;;85,3;Prozent;WAHLSR;Wahlbeteiligung
14111;;;;2025-02-23;KREISE;;09675;;;;;;68656;Anzahl;WAHL01;Wahlberechtigte
14111;;;;2025-02-23;KREISE;;09676;;;;;;85,7;Prozent;WAHLSR;Wahlbeteiligung
14111;;;;2025-02-23;KREISE;;09676;;;;;;94430;Anzahl;WAHL01;Wahlberechtigte
14111;;;;2025-02-23;KREISE;;09677;;;;;;86,5;Prozent;WAHLSR;Wahlbeteiligung
14111;;;;2025-02-23;KREISE;;09677;;;;;;97755;Anzahl;WAHL01;Wahlberechtigte
14111;;;;2025-02-23;KREISE;;09678;;;;;;87,3;Prozent;WAHLSR;Wahlbeteiligung
14111;;;;2025-02-23;KREISE;;09678;;;;;;89255;Anzahl;WAHL01;Wahlberechtigte
14111;;;;2025-02-23;KREISE;;09679;;;;;;88,5;Prozent;WAHLSR;Wahlbeteiligung
14111;;;;2025-02-23;KREISE;;09679;;;;;;126449;Anzahl;WAHL01;Wahlberechtigte
14111;;;;2025-02-23;KREISE;;09761;;;;;;79,4;Prozent;WAHLSR;Wahlbeteiligung
14111;;;;2025-02-23;KREISE;;09761;;;;;;186448;Anzahl;WAHL01;Wahlberechtigte
14111;;;;2025-02-23;KREISE;;09762;;;;;;78,8;Prozent;WAHLSR;Wahlbeteiligung
14111;;;;2025-02-23;KREISE;;09762;;;;;;31295;Anzahl;WAHL01;Wahlberechtigte
14111;;;;2025-02-23;KREISE;;09763;;;;;;79,5;Prozent;WAHLSR;Wahlbeteiligung
14111;;;;2025-02-23;KREISE;;09763;;;;;;47931;Anzahl;WAHL01;Wahlberechtigte
14111;;;;2025-02-23;KREISE;;09764;;;;;;79,8;Prozent;WAHLSR;Wahlbeteiligung
14111;;;;2025-02-23;KREISE;;09764;;;;;;29424;Anzahl;WAHL01;Wahlberechtigte
14111;;;;2025-02-23;KREISE;;09771;;;;;;87,4;Prozent;WAHLSR;Wahlbeteiligung
14111;;;;2025-02-23;KREISE;;09771;;;;;;101744;Anzahl;WAHL01;Wahlberechtigte
14111;;;;2025-02-23;KREISE;;09772;;;;;;85,4;Prozent;WAHLSR;Wahlbeteiligung
14111;;;;2025-02-23;KREISE;;09772;;;;;;190821;Anzahl;WAHL01;Wahlberechtigte
14111;;;;2025-02-23;KREISE;;09773;;;;;;83,6;Prozent;WAHLSR;Wahlbeteiligung
14111;;;;2025-02-23;KREISE;;09773;;;;;;72905;Anzahl;WAHL01;Wahlberechtigte
14111;;;;2025-02-23;KREISE;;09774;;;;;;82,4;Prozent;WAHLSR;Wahlbeteiligung
14111;;;;2025-02-23;KREISE;;09774;;;;;;90204;Anzahl;WAHL01;Wahlberechtigte
14111;;;;2025-02-23;KREISE;;09775;;;;;;83,3;Prozent;WAHLSR;Wahlbeteiligung
14111;;;;2025-02-23;KREISE;;09775;;;;;;124987;Anzahl;WAHL01;Wahlberechtigte
14111;;;;2025-02-23;KREISE;;09776;;;;;;84,0;Prozent;WAHLSR;Wahlbeteiligung
14111;;;;2025-02-23;KREISE;;09776;;;;;;59982;Anzahl;WAHL01;Wahlberechtigte
14111;;;;2025-02-23;KREISE;;09777;;;;;;86,4;Prozent;WAHLSR;Wahlbeteiligung
14111;;;;2025-02-23;KREISE;;09777;;;;;;108013;Anzahl;WAHL01;Wahlberechtigte
14111;;;;2025-02-23;KREISE;;09778;;;;;;85,3;Prozent;WAHLSR;Wahlbeteiligung
14111;;;;2025-02-23;KREISE;;09778;;;;;;110410;Anzahl;WAHL01;Wahlberechtigte
14111;;;;2025-02-23;KREISE;;09779;;;;;;85,3;Prozent;WAHLSR;Wahlbeteiligung
14111;;;;2025-02-23;KREISE;;09779;;;;;;100577;Anzahl;WAHL01;Wahlberechtigte
14111;;;;2025-02-23;KREISE;;09780;;;;;;85,9;Prozent;WAHLSR;Wahlbeteiligung
14111;;;;2025-02-23;KREISE;;09780;;;;;;120155;Anzahl;WAHL01;Wahlberechtigte
14111;;;;2025-02-23;KREISE;;10041;;;;;;80,2;Prozent;WAHLSR;Wahlbeteiligung
14111;;;;2025-02-23;KREISE;;10041;;;;;;231434;Anzahl;WAHL01;Wahlberechtigte
14111;;;;2025-02-23;KREISE;;10041100;;;;;;78,7;Prozent;WAHLSR;Wahlbeteiligung
14111;;;;2025-02-23;KREISE;;10041100;;;;;;120257;Anzahl;WAHL01;Wahlberechtigte
14111;;;;2025-02-23;KREISE;;10042;;;;;;83,9;Prozent;WAHLSR;Wahlbeteiligung
14111;;;;2025-02-23;KREISE;;10042;;;;;;76406;Anzahl;WAHL01;Wahlberechtigte
14111;;;;2025-02-23;KREISE;;10043;;;;;;80,8;Prozent;WAHLSR;Wahlbeteiligung
14111;;;;2025-02-23;KREISE;;10043;;;;;;99755;Anzahl;WAHL01;Wahlberechtigte
14111;;;;2025-02-23;KREISE;;10044;;;;;;82,9;Prozent;WAHLSR;Wahlbeteiligung
14111;;;;2025-02-23;KREISE;;10044;;;;;;148219;Anzahl;WAHL01;Wahlberechtigte
14111;;;;2025-02-23;KREISE;;10045;;;;;;84,4;Prozent;WAHLSR;Wahlbeteiligung
14111;;;;2025-02-23;KREISE;;10045;;;;;;109155;Anzahl;WAHL01;Wahlberechtigte
14111;;;;2025-02-23;KREISE;;10046;;;;;;86,6;Prozent;WAHLSR;Wahlbeteiligung
14111;;;;2025-02-23;KREISE;;10046;;;;;;69235;Anzahl;WAHL01;Wahlberechtigte
14111;;;;2025-02-23;KREISE;;11000;;;;;;80,3;Prozent;WAHLSR;Wahlbeteiligung
14111;;;;2025-02-23;KREISE;;11000;;;;;;2442042;Anzahl;WAHL01;Wahlberechtigte
14111;;;;2025-02-23;KREISE;;11001001;;;;;;78,0;Prozent;WAHLSR;Wahlbeteiligung
14111;;;;2025-02-23;KREISE;;11001001;;;;;;207445;Anzahl;WAHL01;Wahlberechtigte
14111;;;;2025-02-23;KREISE;;11002002;;;;;;82,5;Prozent;WAHLSR;Wahlbeteiligung
14111;;;;2025-02-23;KREISE;;11002002;;;;;;169289;Anzahl;WAHL01;Wahlberechtigte
14111;;;;2025-02-23;KREISE;;11003003;;;;;;84,4;Prozent;WAHLSR;Wahlbeteiligung
14111;;;;2025-02-23;KREISE;;11003003;;;;;;284832;Anzahl;WAHL01;Wahlberechtigte
14111;;;;2025-02-23;KREISE;;11004004;;;;;;82,2;Prozent;WAHLSR;Wahlbeteiligung
14111;;;;2025-02-23;KREISE;;11004004;;;;;;215705;Anzahl;WAHL01;Wahlberechtigte
14111;;;;2025-02-23;KREISE;;11005005;;;;;;75,6;Prozent;WAHLSR;Wahlbeteiligung
14111;;;;2025-02-23;KREISE;;11005005;;;;;;156335;Anzahl;WAHL01;Wahlberechtigte
14111;;;;2025-02-23;KREISE;;11006006;;;;;;84,7;Prozent;WAHLSR;Wahlbeteiligung
14111;;;;2025-02-23;KREISE;;11006006;;;;;;214757;Anzahl;WAHL01;Wahlberechtigte
14111;;;;2025-02-23;KREISE;;11007007;;;;;;81,5;Prozent;WAHLSR;Wahlbeteiligung
14111;;;;2025-02-23;KREISE;;11007007;;;;;;229238;Anzahl;WAHL01;Wahlberechtigte
14111;;;;2025-02-23;KREISE;;11008008;;;;;;76,0;Prozent;WAHLSR;Wahlbeteiligung
14111;;;;2025-02-23;KREISE;;11008008;;;;;;192506;Anzahl;WAHL01;Wahlberechtigte
14111;;;;2025-02-23;KREISE;;11009009;;;;;;82,1;Prozent;WAHLSR;Wahlbeteiligung
14111;;;;2025-02-23;KREISE;;11009009;;;;;;206841;Anzahl;WAHL01;Wahlberechtigte
14111;;;;2025-02-23;KREISE;;11010010;;;;;;76,3;Prozent;WAHLSR;Wahlbeteiligung
14111;;;;2025-02-23;KREISE;;11010010;;;;;;195867;Anzahl;WAHL01;Wahlberechtigte
14111;;;;2025-02-23;KREISE;;11011011;;;;;;79,0;Prozent;WAHLSR;Wahlbeteiligung
14111;;;;2025-02-23;KREISE;;11011011;;;;;;196799;Anzahl;WAHL01;Wahlberechtigte
14111;;;;2025-02-23;KREISE;;11012012;;;;;;77,8;Prozent;WAHLSR;Wahlbeteiligung
14111;;;;2025-02-23;KREISE;;11012012;;;;;;172428;Anzahl;WAHL01;Wahlberechtigte
14111;;;;2025-02-23;KREISE;;12051;;;;;;75,0;Prozent;WAHLSR;Wahlbeteiligung
14111;;;;2025-02-23;KREISE;;12051;;;;;;57895;Anzahl;WAHL01;Wahlberechtigte
14111;;;;2025-02-23;KREISE;;12052;;;;;;78,3;Prozent;WAHLSR;Wahlbeteiligung
14111;;;;2025-02-23;KREISE;;12052;;;;;;74421;Anzahl;WAHL01;Wahlberechtigte
14111;;;;2025-02-23;KREISE;;12053;;;;;;75,4;Prozent;WAHLSR;Wahlbeteiligung
14111;;;;2025-02-23;KREISE;;12053;;;;;;41976;Anzahl;WAHL01;Wahlberechtigte
14111;;;;2025-02-23;KREISE;;12054;;;;;;85,3;Prozent;WAHLSR;Wahlbeteiligung
14111;;;;2025-02-23;KREISE;;12054;;;;;;135477;Anzahl;WAHL01;Wahlberechtigte
14111;;;;2025-02-23;KREISE;;12060;;;;;;82,4;Prozent;WAHLSR;Wahlbeteiligung
14111;;;;2025-02-23;KREISE;;12060;;;;;;155147;Anzahl;WAHL01;Wahlberechtigte
14111;;;;2025-02-23;KREISE;;12061;;;;;;83,4;Prozent;WAHLSR;Wahlbeteiligung
14111;;;;2025-02-23;KREISE;;12061;;;;;;140510;Anzahl;WAHL01;Wahlberechtigte
14111;;;;2025-02-23;KREISE;;12062;;;;;;80,3;Prozent;WAHLSR;Wahlbeteiligung
14111;;;;2025-02-23;KREISE;;12062;;;;;;81793;Anzahl;WAHL01;Wahlberechtigte
14111;;;;2025-02-23;KREISE;;12063;;;;;;82,6;Prozent;WAHLSR;Wahlbeteiligung
14111;;;;2025-02-23;KREISE;;12063;;;;;;133847;Anzahl;WAHL01;Wahlberechtigte
14111;;;;2025-02-23;KREISE;;12064;;;;;;82,4;Prozent;WAHLSR;Wahlbeteiligung
14111;;;;2025-02-23;KREISE;;12064;;;;;;160536;Anzahl;WAHL01;Wahlberechtigte
14111;;;;2025-02-23;KREISE;;12065;;;;;;82,9;Prozent;WAHLSR;Wahlbeteiligung
14111;;;;2025-02-23;KREISE;;12065;;;;;;174788;Anzahl;WAHL01;Wahlberechtigte
14111;;;;2025-02-23;KREISE;;12066;;;;;;78,7;Prozent;WAHLSR;Wahlbeteiligung
14111;;;;2025-02-23;KREISE;;12066;;;;;;87377;Anzahl;WAHL01;Wahlberechtigte
14111;;;;2025-02-23;KREISE;;12067;;;;;;80,9;Prozent;WAHLSR;Wahlbeteiligung
14111;;;;2025-02-23;KREISE;;12067;;;;;;145992;Anzahl;WAHL01;Wahlberechtigte
14111;;;;2025-02-23;KREISE;;12068;;;;;;78,3;Prozent;WAHLSR;Wahlbeteiligung
14111;;;;2025-02-23;KREISE;;12068;;;;;;81085;Anzahl;WAHL01;Wahlberechtigte
14111;;;;2025-02-23;KREISE;;12069;;;;;;85,5;Prozent;WAHLSR;Wahlbeteiligung
14111;;;;2025-02-23;KREISE;;12069;;;;;;176443;Anzahl;WAHL01;Wahlberechtigte
14111;;;;2025-02-23;KREISE;;12070;;;;;;78,4;Prozent;WAHLSR;Wahlbeteiligung
14111;;;;2025-02-23;KREISE;;12070;;;;;;61072;Anzahl;WAHL01;Wahlberechtigte
14111;;;;2025-02-23;KREISE;;12071;;;;;;81,0;Prozent;WAHLSR;Wahlbeteiligung
14111;;;;2025-02-23;KREISE;;12071;;;;;;91524;Anzahl;WAHL01;Wahlberechtigte
14111;;;;2025-02-23;KREISE;;12072;;;;;;82,3;Prozent;WAHLSR;Wahlbeteiligung
14111;;;;2025-02-23;KREISE;;12072;;;;;;137613;Anzahl;WAHL01;Wahlberechtigte
14111;;;;2025-02-23;KREISE;;12073;;;;;;78,1;Prozent;WAHLSR;Wahlbeteiligung
14111;;;;2025-02-23;KREISE;;12073;;;;;;96043;Anzahl;WAHL01;Wahlberechtigte
14111;;;;2025-02-23;KREISE;;13001;;;;;;-;Prozent;WAHLSR;Wahlbeteiligung
14111;;;;2025-02-23;KREISE;;13001;;;;;;-;Anzahl;WAHL01;Wahlberechtigte
14111;;;;2025-02-23;KREISE;;13002;;;;;;-;Prozent;WAHLSR;Wahlbeteiligung
14111;;;;2025-02-23;KREISE;;13002;;;;;;-;Anzahl;WAHL01;Wahlberechtigte
14111;;;;2025-02-23;KREISE;;13003;;;;;;79,3;Prozent;WAHLSR;Wahlbeteiligung
14111;;;;2025-02-23;KREISE;;13003;;;;;;165596;Anzahl;WAHL01;Wahlberechtigte
14111;;;;2025-02-23;KREISE;;13004;;;;;;79,0;Prozent;WAHLSR;Wahlbeteiligung
14111;;;;2025-02-23;KREISE;;13004;;;;;;75554;Anzahl;WAHL01;Wahlberechtigte
14111;;;;2025-02-23;KREISE;;13005;;;;;;-;Prozent;WAHLSR;Wahlbeteiligung
14111;;;;2025-02-23;KREISE;;13005;;;;;;-;Anzahl;WAHL01;Wahlberechtigte
14111;;;;2025-02-23;KREISE;;13006;;;;;;-;Prozent;WAHLSR;Wahlbeteiligung
14111;;;;2025-02-23;KREISE;;13006;;;;;;-;Anzahl;WAHL01;Wahlberechtigte
14111;;;;2025-02-23;KREISE;;13051;;;;;;-;Prozent;WAHLSR;Wahlbeteiligung
14111;;;;2025-02-23;KREISE;;13051;;;;;;-;Anzahl;WAHL01;Wahlberechtigte
14111;;;;2025-02-23;KREISE;;13052;;;;;;-;Prozent;WAHLSR;Wahlbeteiligung
14111;;;;2025-02-23;KREISE;;13052;;;;;;-;Anzahl;WAHL01;Wahlberechtigte
14111;;;;2025-02-23;KREISE;;13053;;;;;;-;Prozent;WAHLSR;Wahlbeteiligung
14111;;;;2025-02-23;KREISE;;13053;;;;;;-;Anzahl;WAHL01;Wahlberechtigte
14111;;;;2025-02-23;KREISE;;13054;;;;;;-;Prozent;WAHLSR;Wahlbeteiligung
14111;;;;2025-02-23;KREISE;;13054;;;;;;-;Anzahl;WAHL01;Wahlberechtigte
14111;;;;2025-02-23;KREISE;;13055;;;;;;-;Prozent;WAHLSR;Wahlbeteiligung
14111;;;;2025-02-23;KREISE;;13055;;;;;;-;Anzahl;WAHL01;Wahlberechtigte
14111;;;;2025-02-23;KREISE;;13056;;;;;;-;Prozent;WAHLSR;Wahlbeteiligung
14111;;;;2025-02-23;KREISE;;13056;;;;;;-;Anzahl;WAHL01;Wahlberechtigte
14111;;;;2025-02-23;KREISE;;13057;;;;;;-;Prozent;WAHLSR;Wahlbeteiligung
14111;;;;2025-02-23;KREISE;;13057;;;;;;-;Anzahl;WAHL01;Wahlberechtigte
14111;;;;2025-02-23;KREISE;;13058;;;;;;-;Prozent;WAHLSR;Wahlbeteiligung
14111;;;;2025-02-23;KREISE;;13058;;;;;;-;Anzahl;WAHL01;Wahlberechtigte
14111;;;;2025-02-23;KREISE;;13059;;;;;;-;Prozent;WAHLSR;Wahlbeteiligung
14111;;;;2025-02-23;KREISE;;13059;;;;;;-;Anzahl;WAHL01;Wahlberechtigte
14111;;;;2025-02-23;KREISE;;13060;;;;;;-;Prozent;WAHLSR;Wahlbeteiligung
14111;;;;2025-02-23;KREISE;;13060;;;;;;-;Anzahl;WAHL01;Wahlberechtigte
14111;;;;2025-02-23;KREISE;;13061;;;;;;-;Prozent;WAHLSR;Wahlbeteiligung
14111;;;;2025-02-23;KREISE;;13061;;;;;;-;Anzahl;WAHL01;Wahlberechtigte
14111;;;;2025-02-23;KREISE;;13062;;;;;;-;Prozent;WAHLSR;Wahlbeteiligung
14111;;;;2025-02-23;KREISE;;13062;;;;;;-;Anzahl;WAHL01;Wahlberechtigte
14111;;;;2025-02-23;KREISE;;13071;;;;;;78,6;Prozent;WAHLSR;Wahlbeteiligung
14111;;;;2025-02-23;KREISE;;13071;;;;;;209651;Anzahl;WAHL01;Wahlberechtigte
14111;;;;2025-02-23;KREISE;;13072;;;;;;81,7;Prozent;WAHLSR;Wahlbeteiligung
14111;;;;2025-02-23;KREISE;;13072;;;;;;176122;Anzahl;WAHL01;Wahlberechtigte
14111;;;;2025-02-23;KREISE;;13073;;;;;;78,0;Prozent;WAHLSR;Wahlbeteiligung
14111;;;;2025-02-23;KREISE;;13073;;;;;;183163;Anzahl;WAHL01;Wahlberechtigte
14111;;;;2025-02-23;KREISE;;13074;;;;;;80,5;Prozent;WAHLSR;Wahlbeteiligung
14111;;;;2025-02-23;KREISE;;13074;;;;;;127559;Anzahl;WAHL01;Wahlberechtigte
14111;;;;2025-02-23;KREISE;;13075;;;;;;78,3;Prozent;WAHLSR;Wahlbeteiligung
14111;;;;2025-02-23;KREISE;;13075;;;;;;188978;Anzahl;WAHL01;Wahlberechtigte
14111;;;;2025-02-23;KREISE;;13076;;;;;;80,8;Prozent;WAHLSR;Wahlbeteiligung
14111;;;;2025-02-23;KREISE;;13076;;;;;;168106;Anzahl;WAHL01;Wahlberechtigte
14111;;;;2025-02-23;KREISE;;14161;;;;;;-;Prozent;WAHLSR;Wahlbeteiligung
14111;;;;2025-02-23;KREISE;;14161;;;;;;-;Anzahl;WAHL01;Wahlberechtigte
14111;;;;2025-02-23;KREISE;;14166;;;;;;-;Prozent;WAHLSR;Wahlbeteiligung
14111;;;;2025-02-23;KREISE;;14166;;;;;;-;Anzahl;WAHL01;Wahlberechtigte
14111;;;;2025-02-23;KREISE;;14167;;;;;;-;Prozent;WAHLSR;Wahlbeteiligung
14111;;;;2025-02-23;KREISE;;14167;;;;;;-;Anzahl;WAHL01;Wahlberechtigte
14111;;;;2025-02-23;KREISE;;14171;;;;;;-;Prozent;WAHLSR;Wahlbeteiligung
14111;;;;2025-02-23;KREISE;;14171;;;;;;-;Anzahl;WAHL01;Wahlberechtigte
14111;;;;2025-02-23;KREISE;;14173;;;;;;-;Prozent;WAHLSR;Wahlbeteiligung
14111;;;;2025-02-23;KREISE;;14173;;;;;;-;Anzahl;WAHL01;Wahlberechtigte
14111;;;;2025-02-23;KREISE;;14177;;;;;;-;Prozent;WAHLSR;Wahlbeteiligung
14111;;;;2025-02-23;KREISE;;14177;;;;;;-;Anzahl;WAHL01;Wahlberechtigte
14111;;;;2025-02-23;KREISE;;14178;;;;;;-;Prozent;WAHLSR;Wahlbeteiligung
14111;;;;2025-02-23;KREISE;;14178;;;;;;-;Anzahl;WAHL01;Wahlberechtigte
14111;;;;2025-02-23;KREISE;;14181;;;;;;-;Prozent;WAHLSR;Wahlbeteiligung
14111;;;;2025-02-23;KREISE;;14181;;;;;;-;Anzahl;WAHL01;Wahlberechtigte
14111;;;;2025-02-23;KREISE;;14182;;;;;;-;Prozent;WAHLSR;Wahlbeteiligung
14111;;;;2025-02-23;KREISE;;14182;;;;;;-;Anzahl;WAHL01;Wahlberechtigte
14111;;;;2025-02-23;KREISE;;14188;;;;;;-;Prozent;WAHLSR;Wahlbeteiligung
14111;;;;2025-02-23;KREISE;;14188;;;;;;-;Anzahl;WAHL01;Wahlberechtigte
14111;;;;2025-02-23;KREISE;;14191;;;;;;-;Prozent;WAHLSR;Wahlbeteiligung
14111;;;;2025-02-23;KREISE;;14191;;;;;;-;Anzahl;WAHL01;Wahlberechtigte
14111;;;;2025-02-23;KREISE;;14193;;;;;;-;Prozent;WAHLSR;Wahlbeteiligung
14111;;;;2025-02-23;KREISE;;14193;;;;;;-;Anzahl;WAHL01;Wahlberechtigte
14111;;;;2025-02-23;KREISE;;14262;;;;;;-;Prozent;WAHLSR;Wahlbeteiligung
14111;;;;2025-02-23;KREISE;;14262;;;;;;-;Anzahl;WAHL01;Wahlberechtigte
14111;;;;2025-02-23;KREISE;;14263;;;;;;-;Prozent;WAHLSR;Wahlbeteiligung
14111;;;;2025-02-23;KREISE;;14263;;;;;;-;Anzahl;WAHL01;Wahlberechtigte
14111;;;;2025-02-23;KREISE;;14264;;;;;;-;Prozent;WAHLSR;Wahlbeteiligung
14111;;;;2025-02-23;KREISE;;14264;;;;;;-;Anzahl;WAHL01;Wahlberechtigte
14111;;;;2025-02-23;KREISE;;14272;;;;;;-;Prozent;WAHLSR;Wahlbeteiligung
14111;;;;2025-02-23;KREISE;;14272;;;;;;-;Anzahl;WAHL01;Wahlberechtigte
14111;;;;2025-02-23;KREISE;;14280;;;;;;-;Prozent;WAHLSR;Wahlbeteiligung
14111;;;;2025-02-23;KREISE;;14280;;;;;;-;Anzahl;WAHL01;Wahlberechtigte
14111;;;;2025-02-23;KREISE;;14284;;;;;;-;Prozent;WAHLSR;Wahlbeteiligung
14111;;;;2025-02-23;KREISE;;14284;;;;;;-;Anzahl;WAHL01;Wahlberechtigte
14111;;;;2025-02-23;KREISE;;14285;;;;;;-;Prozent;WAHLSR;Wahlbeteiligung
14111;;;;2025-02-23;KREISE;;14285;;;;;;-;Anzahl;WAHL01;Wahlberechtigte
14111;;;;2025-02-23;KREISE;;14286;;;;;;-;Prozent;WAHLSR;Wahlbeteiligung
14111;;;;2025-02-23;KREISE;;14286;;;;;;-;Anzahl;WAHL01;Wahlberechtigte
14111;;;;2025-02-23;KREISE;;14287;;;;;;-;Prozent;WAHLSR;Wahlbeteiligung
14111;;;;2025-02-23;KREISE;;14287;;;;;;-;Anzahl;WAHL01;Wahlberechtigte
14111;;;;2025-02-23;KREISE;;14290;;;;;;-;Prozent;WAHLSR;Wahlbeteiligung
14111;;;;2025-02-23;KREISE;;14290;;;;;;-;Anzahl;WAHL01;Wahlberechtigte
14111;;;;2025-02-23;KREISE;;14292;;;;;;-;Prozent;WAHLSR;Wahlbeteiligung
14111;;;;2025-02-23;KREISE;;14292;;;;;;-;Anzahl;WAHL01;Wahlberechtigte
14111;;;;2025-02-23;KREISE;;14365;;;;;;-;Prozent;WAHLSR;Wahlbeteiligung
14111;;;;2025-02-23;KREISE;;14365;;;;;;-;Anzahl;WAHL01;Wahlberechtigte
14111;;;;2025-02-23;KREISE;;14374;;;;;;-;Prozent;WAHLSR;Wahlbeteiligung
14111;;;;2025-02-23;KREISE;;14374;;;;;;-;Anzahl;WAHL01;Wahlberechtigte
14111;;;;2025-02-23;KREISE;;14375;;;;;;-;Prozent;WAHLSR;Wahlbeteiligung
14111;;;;2025-02-23;KREISE;;14375;;;;;;-;Anzahl;WAHL01;Wahlberechtigte
14111;;;;2025-02-23;KREISE;;14379;;;;;;-;Prozent;WAHLSR;Wahlbeteiligung
14111;;;;2025-02-23;KREISE;;14379;;;;;;-;Anzahl;WAHL01;Wahlberechtigte
14111;;;;2025-02-23;KREISE;;14383;;;;;;-;Prozent;WAHLSR;Wahlbeteiligung
14111;;;;2025-02-23;KREISE;;14383;;;;;;-;Anzahl;WAHL01;Wahlberechtigte
14111;;;;2025-02-23;KREISE;;14389;;;;;;-;Prozent;WAHLSR;Wahlbeteiligung
14111;;;;2025-02-23;KREISE;;14389;;;;;;-;Anzahl;WAHL01;Wahlberechtigte
14111;;;;2025-02-23;KREISE;;14511;;;;;;79,1;Prozent;WAHLSR;Wahlbeteiligung
14111;;;;2025-02-23;KREISE;;14511;;;;;;183295;Anzahl;WAHL01;Wahlberechtigte
14111;;;;2025-02-23;KREISE;;14521;;;;;;81,2;Prozent;WAHLSR;Wahlbeteiligung
14111;;;;2025-02-23;KREISE;;14521;;;;;;266327;Anzahl;WAHL01;Wahlberechtigte
14111;;;;2025-02-23;KREISE;;14522;;;;;;79,4;Prozent;WAHLSR;Wahlbeteiligung
14111;;;;2025-02-23;KREISE;;14522;;;;;;239262;Anzahl;WAHL01;Wahlberechtigte
14111;;;;2025-02-23;KREISE;;14523;;;;;;79,6;Prozent;WAHLSR;Wahlbeteiligung
14111;;;;2025-02-23;KREISE;;14523;;;;;;177951;Anzahl;WAHL01;Wahlberechtigte
14111;;;;2025-02-23;KREISE;;14524;;;;;;79,8;Prozent;WAHLSR;Wahlbeteiligung
14111;;;;2025-02-23;KREISE;;14524;;;;;;247093;Anzahl;WAHL01;Wahlberechtigte
14111;;;;2025-02-23;KREISE;;14612;;;;;;83,2;Prozent;WAHLSR;Wahlbeteiligung
14111;;;;2025-02-23;KREISE;;14612;;;;;;420535;Anzahl;WAHL01;Wahlberechtigte
14111;;;;2025-02-23;KREISE;;14625;;;;;;81,0;Prozent;WAHLSR;Wahlbeteiligung
14111;;;;2025-02-23;KREISE;;14625;;;;;;238690;Anzahl;WAHL01;Wahlberechtigte
14111;;;;2025-02-23;KREISE;;14626;;;;;;78,8;Prozent;WAHLSR;Wahlbeteiligung
14111;;;;2025-02-23;KREISE;;14626;;;;;;196873;Anzahl;WAHL01;Wahlberechtigte
14111;;;;2025-02-23;KREISE;;14627;;;;;;81,4;Prozent;WAHLSR;Wahlbeteiligung
14111;;;;2025-02-23;KREISE;;14627;;;;;;193052;Anzahl;WAHL01;Wahlberechtigte
14111;;;;2025-02-23;KREISE;;14628;;;;;;81,6;Prozent;WAHLSR;Wahlbeteiligung
14111;;;;2025-02-23;KREISE;;14628;;;;;;196612;Anzahl;WAHL01;Wahlberechtigte
14111;;;;2025-02-23;KREISE;;14713;;;;;;83,0;Prozent;WAHLSR;Wahlbeteiligung
14111;;;;2025-02-23;KREISE;;14713;;;;;;457770;Anzahl;WAHL01;Wahlberechtigte
14111;;;;2025-02-23;KREISE;;14729;;;;;;81,7;Prozent;WAHLSR;Wahlbeteiligung
14111;;;;2025-02-23;KREISE;;14729;;;;;;210845;Anzahl;WAHL01;Wahlberechtigte
14111;;;;2025-02-23;KREISE;;14730;;;;;;80,1;Prozent;WAHLSR;Wahlbeteiligung
14111;;;;2025-02-23;KREISE;;14730;;;;;;158475;Anzahl;WAHL01;Wahlberechtigte
14111;;;;2025-02-23;KREISE;;15001;;;;;;76,3;Prozent;WAHLSR;Wahlbeteiligung
14111;;;;2025-02-23;KREISE;;15001;;;;;;62381;Anzahl;WAHL01;Wahlberechtigte
14111;;;;2025-02-23;KREISE;;15002;;;;;;76,1;Prozent;WAHLSR;Wahlbeteiligung
14111;;;;2025-02-23;KREISE;;15002;;;;;;177401;Anzahl;WAHL01;Wahlberechtigte
14111;;;;2025-02-23;KREISE;;15003;;;;;;78,6;Prozent;WAHLSR;Wahlbeteiligung
14111;;;;2025-02-23;KREISE;;15003;;;;;;179123;Anzahl;WAHL01;Wahlberechtigte
14111;;;;2025-02-23;KREISE;;15081;;;;;;78,5;Prozent;WAHLSR;Wahlbeteiligung
14111;;;;2025-02-23;KREISE;;15081;;;;;;66054;Anzahl;WAHL01;Wahlberechtigte
14111;;;;2025-02-23;KREISE;;15082;;;;;;77,2;Prozent;WAHLSR;Wahlbeteiligung
14111;;;;2025-02-23;KREISE;;15082;;;;;;127306;Anzahl;WAHL01;Wahlberechtigte
14111;;;;2025-02-23;KREISE;;15083;;;;;;80,2;Prozent;WAHLSR;Wahlbeteiligung
14111;;;;2025-02-23;KREISE;;15083;;;;;;137640;Anzahl;WAHL01;Wahlberechtigte
14111;;;;2025-02-23;KREISE;;15084;;;;;;77,2;Prozent;WAHLSR;Wahlbeteiligung
14111;;;;2025-02-23;KREISE;;15084;;;;;;140006;Anzahl;WAHL01;Wahlberechtigte
14111;;;;2025-02-23;KREISE;;15085;;;;;;77,3;Prozent;WAHLSR;Wahlbeteiligung
14111;;;;2025-02-23;KREISE;;15085;;;;;;172544;Anzahl;WAHL01;Wahlberechtigte
14111;;;;2025-02-23;KREISE;;15086;;;;;;79,2;Prozent;WAHLSR;Wahlbeteiligung
14111;;;;2025-02-23;KREISE;;15086;;;;;;73246;Anzahl;WAHL01;Wahlberechtigte
14111;;;;2025-02-23;KREISE;;15087;;;;;;76,0;Prozent;WAHLSR;Wahlbeteiligung
14111;;;;2025-02-23;KREISE;;15087;;;;;;108839;Anzahl;WAHL01;Wahlberechtigte
14111;;;;2025-02-23;KREISE;;15088;;;;;;80,0;Prozent;WAHLSR;Wahlbeteiligung
14111;;;;2025-02-23;KREISE;;15088;;;;;;149291;Anzahl;WAHL01;Wahlberechtigte
14111;;;;2025-02-23;KREISE;;15089;;;;;;75,8;Prozent;WAHLSR;Wahlbeteiligung
14111;;;;2025-02-23;KREISE;;15089;;;;;;150918;Anzahl;WAHL01;Wahlberechtigte
14111;;;;2025-02-23;KREISE;;15090;;;;;;77,4;Prozent;WAHLSR;Wahlbeteiligung
14111;;;;2025-02-23;KREISE;;15090;;;;;;88696;Anzahl;WAHL01;Wahlberechtigte
14111;;;;2025-02-23;KREISE;;15091;;;;;;78,4;Prozent;WAHLSR;Wahlbeteiligung
14111;;;;2025-02-23;KREISE;;15091;;;;;;101274;Anzahl;WAHL01;Wahlberechtigte
14111;;;;2025-02-23;KREISE;;15101;;;;;;-;Prozent;WAHLSR;Wahlbeteiligung
14111;;;;2025-02-23;KREISE;;15101;;;;;;-;Anzahl;WAHL01;Wahlberechtigte
14111;;;;2025-02-23;KREISE;;15151;;;;;;-;Prozent;WAHLSR;Wahlbeteiligung
14111;;;;2025-02-23;KREISE;;15151;;;;;;-;Anzahl;WAHL01;Wahlberechtigte
14111;;;;2025-02-23;KREISE;;15153;;;;;;-;Prozent;WAHLSR;Wahlbeteiligung
14111;;;;2025-02-23;KREISE;;15153;;;;;;-;Anzahl;WAHL01;Wahlberechtigte
14111;;;;2025-02-23;KREISE;;15154;;;;;;-;Prozent;WAHLSR;Wahlbeteiligung
14111;;;;2025-02-23;KREISE;;15154;;;;;;-;Anzahl;WAHL01;Wahlberechtigte
14111;;;;2025-02-23;KREISE;;15159;;;;;;-;Prozent;WAHLSR;Wahlbeteiligung
14111;;;;2025-02-23;KREISE;;15159;;;;;;-;Anzahl;WAHL01;Wahlberechtigte
14111;;;;2025-02-23;KREISE;;15171;;;;;;-;Prozent;WAHLSR;Wahlbeteiligung
14111;;;;2025-02-23;KREISE;;15171;;;;;;-;Anzahl;WAHL01;Wahlberechtigte
14111;;;;2025-02-23;KREISE;;15202;;;;;;-;Prozent;WAHLSR;Wahlbeteiligung
14111;;;;2025-02-23;KREISE;;15202;;;;;;-;Anzahl;WAHL01;Wahlberechtigte
14111;;;;2025-02-23;KREISE;;15256;;;;;;-;Prozent;WAHLSR;Wahlbeteiligung
14111;;;;2025-02-23;KREISE;;15256;;;;;;-;Anzahl;WAHL01;Wahlberechtigte
14111;;;;2025-02-23;KREISE;;15260;;;;;;-;Prozent;WAHLSR;Wahlbeteiligung
14111;;;;2025-02-23;KREISE;;15260;;;;;;-;Anzahl;WAHL01;Wahlberechtigte
14111;;;;2025-02-23;KREISE;;15261;;;;;;-;Prozent;WAHLSR;Wahlbeteiligung
14111;;;;2025-02-23;KREISE;;15261;;;;;;-;Anzahl;WAHL01;Wahlberechtigte
14111;;;;2025-02-23;KREISE;;15265;;;;;;-;Prozent;WAHLSR;Wahlbeteiligung
14111;;;;2025-02-23;KREISE;;15265;;;;;;-;Anzahl;WAHL01;Wahlberechtigte
14111;;;;2025-02-23;KREISE;;15266;;;;;;-;Prozent;WAHLSR;Wahlbeteiligung
14111;;;;2025-02-23;KREISE;;15266;;;;;;-;Anzahl;WAHL01;Wahlberechtigte
14111;;;;2025-02-23;KREISE;;15268;;;;;;-;Prozent;WAHLSR;Wahlbeteiligung
14111;;;;2025-02-23;KREISE;;15268;;;;;;-;Anzahl;WAHL01;Wahlberechtigte
14111;;;;2025-02-23;KREISE;;15303;;;;;;-;Prozent;WAHLSR;Wahlbeteiligung
14111;;;;2025-02-23;KREISE;;15303;;;;;;-;Anzahl;WAHL01;Wahlberechtigte
14111;;;;2025-02-23;KREISE;;15352;;;;;;-;Prozent;WAHLSR;Wahlbeteiligung
14111;;;;2025-02-23;KREISE;;15352;;;;;;-;Anzahl;WAHL01;Wahlberechtigte
14111;;;;2025-02-23;KREISE;;15355;;;;;;-;Prozent;WAHLSR;Wahlbeteiligung
14111;;;;2025-02-23;KREISE;;15355;;;;;;-;Anzahl;WAHL01;Wahlberechtigte
14111;;;;2025-02-23;KREISE;;15357;;;;;;-;Prozent;WAHLSR;Wahlbeteiligung
14111;;;;2025-02-23;KREISE;;15357;;;;;;-;Anzahl;WAHL01;Wahlberechtigte
14111;;;;2025-02-23;KREISE;;15358;;;;;;-;Prozent;WAHLSR;Wahlbeteiligung
14111;;;;2025-02-23;KREISE;;15358;;;;;;-;Anzahl;WAHL01;Wahlberechtigte
14111;;;;2025-02-23;KREISE;;15362;;;;;;-;Prozent;WAHLSR;Wahlbeteiligung
14111;;;;2025-02-23;KREISE;;15362;;;;;;-;Anzahl;WAHL01;Wahlberechtigte
14111;;;;2025-02-23;KREISE;;15363;;;;;;-;Prozent;WAHLSR;Wahlbeteiligung
14111;;;;2025-02-23;KREISE;;15363;;;;;;-;Anzahl;WAHL01;Wahlberechtigte
14111;;;;2025-02-23;KREISE;;15364;;;;;;-;Prozent;WAHLSR;Wahlbeteiligung
14111;;;;2025-02-23;KREISE;;15364;;;;;;-;Anzahl;WAHL01;Wahlberechtigte
14111;;;;2025-02-23;KREISE;;15367;;;;;;-;Prozent;WAHLSR;Wahlbeteiligung
14111;;;;2025-02-23;KREISE;;15367;;;;;;-;Anzahl;WAHL01;Wahlberechtigte
14111;;;;2025-02-23;KREISE;;15369;;;;;;-;Prozent;WAHLSR;Wahlbeteiligung
14111;;;;2025-02-23;KREISE;;15369;;;;;;-;Anzahl;WAHL01;Wahlberechtigte
14111;;;;2025-02-23;KREISE;;15370;;;;;;-;Prozent;WAHLSR;Wahlbeteiligung
14111;;;;2025-02-23;KREISE;;15370;;;;;;-;Anzahl;WAHL01;Wahlberechtigte
14111;;;;2025-02-23;KREISE;;16051;;;;;;81,8;Prozent;WAHLSR;Wahlbeteiligung
14111;;;;2025-02-23;KREISE;;16051;;;;;;159724;Anzahl;WAHL01;Wahlberechtigte
14111;;;;2025-02-23;KREISE;;16052;;;;;;76,3;Prozent;WAHLSR;Wahlbeteiligung
14111;;;;2025-02-23;KREISE;;16052;;;;;;71457;Anzahl;WAHL01;Wahlberechtigte
14111;;;;2025-02-23;KREISE;;16053;;;;;;85,1;Prozent;WAHLSR;Wahlbeteiligung
14111;;;;2025-02-23;KREISE;;16053;;;;;;79697;Anzahl;WAHL01;Wahlberechtigte
14111;;;;2025-02-23;KREISE;;16054;;;;;;78,2;Prozent;WAHLSR;Wahlbeteiligung
14111;;;;2025-02-23;KREISE;;16054;;;;;;28097;Anzahl;WAHL01;Wahlberechtigte
14111;;;;2025-02-23;KREISE;;16055;;;;;;82,2;Prozent;WAHLSR;Wahlbeteiligung
14111;;;;2025-02-23;KREISE;;16055;;;;;;49419;Anzahl;WAHL01;Wahlberechtigte
14111;;;;2025-02-23;KREISE;;16056;;;;;;-;Prozent;WAHLSR;Wahlbeteiligung
14111;;;;2025-02-23;KREISE;;16056;;;;;;-;Anzahl;WAHL01;Wahlberechtigte
14111;;;;2025-02-23;KREISE;;16061;;;;;;83,6;Prozent;WAHLSR;Wahlbeteiligung
14111;;;;2025-02-23;KREISE;;16061;;;;;;82941;Anzahl;WAHL01;Wahlberechtigte
14111;;;;2025-02-23;KREISE;;16062;;;;;;78,4;Prozent;WAHLSR;Wahlbeteiligung
14111;;;;2025-02-23;KREISE;;16062;;;;;;64500;Anzahl;WAHL01;Wahlberechtigte
14111;;;;2025-02-23;KREISE;;16063;;;;;;80,0;Prozent;WAHLSR;Wahlbeteiligung
14111;;;;2025-02-23;KREISE;;16063;;;;;;124474;Anzahl;WAHL01;Wahlberechtigte
14111;;;;2025-02-23;KREISE;;16064;;;;;;78,8;Prozent;WAHLSR;Wahlbeteiligung
14111;;;;2025-02-23;KREISE;;16064;;;;;;76709;Anzahl;WAHL01;Wahlberechtigte
14111;;;;2025-02-23;KREISE;;16065;;;;;;77,8;Prozent;WAHLSR;Wahlbeteiligung
14111;;;;2025-02-23;KREISE;;16065;;;;;;59103;Anzahl;WAHL01;Wahlberechtigte
14111;;;;2025-02-23;KREISE;;16066;;;;;;80,3;Prozent;WAHLSR;Wahlbeteiligung
14111;;;;2025-02-23;KREISE;;16066;;;;;;98485;Anzahl;WAHL01;Wahlberechtigte
14111;;;;2025-02-23;KREISE;;16067;;;;;;79,6;Prozent;WAHLSR;Wahlbeteiligung
14111;;;;2025-02-23;KREISE;;16067;;;;;;102566;Anzahl;WAHL01;Wahlberechtigte
14111;;;;2025-02-23;KREISE;;16068;;;;;;81,0;Prozent;WAHLSR;Wahlbeteiligung
14111;;;;2025-02-23;KREISE;;16068;;;;;;55130;Anzahl;WAHL01;Wahlberechtigte
14111;;;;2025-02-23;KREISE;;16069;;;;;;81,5;Prozent;WAHLSR;Wahlbeteiligung
14111;;;;2025-02-23;KREISE;;16069;;;;;;48978;Anzahl;WAHL01;Wahlberechtigte
14111;;;;2025-02-23;KREISE;;16070;;;;;;81,2;Prozent;WAHLSR;Wahlbeteiligung
14111;;;;2025-02-23;KREISE;;16070;;;;;;81713;Anzahl;WAHL01;Wahlberechtigte
14111;;;;2025-02-23;KREISE;;16071;;;;;;82,6;Prozent;WAHLSR;Wahlbeteiligung
14111;;;;2025-02-23;KREISE;;16071;;;;;;64619;Anzahl;WAHL01;Wahlberechtigte
14111;;;;2025-02-23;KREISE;;16072;;;;;;79,2;Prozent;WAHLSR;Wahlbeteiligung
14111;;;;2025-02-23;KREISE;;16072;;;;;;44507;Anzahl;WAHL01;Wahlberechtigte
14111;;;;2025-02-23;KREISE;;16073;;;;;;80,0;Prozent;WAHLSR;Wahlbeteiligung
14111;;;;2025-02-23;KREISE;;16073;;;;;;82413;Anzahl;WAHL01;Wahlberechtigte
14111;;;;2025-02-23;KREISE;;16074;;;;;;83,6;Prozent;WAHLSR;Wahlbeteiligung
14111;;;;2025-02-23;KREISE;;16074;;;;;;65981;Anzahl;WAHL01;Wahlberechtigte
14111;;;;2025-02-23;KREISE;;16075;;;;;;81,7;Prozent;WAHLSR;Wahlbeteiligung
14111;;;;2025-02-23;KREISE;;16075;;;;;;63125;Anzahl;WAHL01;Wahlberechtigte
14111;;;;2025-02-23;KREISE;;16076;;;;;;81,6;Prozent;WAHLSR;Wahlbeteiligung
14111;;;;2025-02-23;KREISE;;16076;;;;;;77827;Anzahl;WAHL01;Wahlberechtigte
14111;;;;2025-02-23;KREISE;;16077;;;;;;78,4;Prozent;WAHLSR;Wahlbeteiligung
14111;;;;2025-02-23;KREISE;;16077;;;;;;70997;Anzahl;WAHL01;Wahlberechtigte
