statistics_code;statistics_label;time_code;time_label;time;1_variable_code;1_variable_label;1_variable_attribute_code;1_variable_attribute_label;2_variable_code;2_variable_label;2_variable_attribute_code;2_variable_attribute_label;value;value_unit;value_variable_code;value_variable_label
12411;Fortschreibung des Bevölkerungsstandes;STAG;Stichtag;2025-12-31;DINSG;Deutschland;DG;Deutschland;GES;Geschlecht;;Insgesamt;83467117;Anzahl;BEVSTD;Bevölkerungsstand
12411;;;;2025-12-31;DINSG;;DG;;GES;;GESW;weiblich;42282795;Anzahl;BEVSTD;Bevölkerungsstand
12411;;;;2025-12-31;DINSG;;DG;;GES;;GESM;männlich;41184322;Anzahl;BEVSTD;Bevölkerungsstand
12411;;;;2025-12-31;DLAND;;02;Hamburg;GES;;;Insgesamt;1869473;Anzahl;BEVSTD;Bevölkerungsstand
12411;;;;2025-12-31;DLAND;;10;Saarland;GES;;GESM;männlich;496392;Anzahl;BEVSTD;Bevölkerungsstand
12411;;;;2025-12-31;DLAND;;06;Hessen;GES;;;Insgesamt;6278594;Anzahl;BEVSTD;Bevölkerungsstand
12411;;;;2025-12-31;DLAND;;04;Bremen;GES;;;Insgesamt;706915;Anzahl;BEVSTD;Bevölkerungsstand
12411;;;;2025-12-31;DLAND;;12;Brandenburg;GES;;GESW;weiblich;1295693;Anzahl;BEVSTD;Bevölkerungsstand
12411;;;;2025-12-31;DLAND;;16;Thüringen;GES;;GESM;männlich;1026869;Anzahl;BEVSTD;Bevölkerungsstand
12411;;;;2025-12-31;DLAND;;10;;GES;;GESW;weiblich;510950;Anzahl;BEVSTD;Bevölkerungsstand
12411;;;;2025-12-31;DLAND;;08;Baden-Württemberg;GES;;;Insgesamt;11238761;Anzahl;BEVSTD;Bevölkerungsstand
12411;;;;2025-12-31;DLAND;;12;;GES;;GESM;männlich;1256196;Anzahl;BEVSTD;Bevölkerungsstand
12411;;;;2025-12-31;DLAND;;14;Sachsen;GES;;GESM;männlich;1982951;Anzahl;BEVSTD;Bevölkerungsstand
12411;;;;2025-12-31;DLAND;;09;Bayern;GES;;GESW;weiblich;6679412;Anzahl;BEVSTD;Bevölkerungsstand
12411;;;;2025-12-31;DLAND;;07;Rheinland-Pfalz;GES;;GESW;weiblich;2082229;Anzahl;BEVSTD;Bevölkerungsstand
12411;;;;2025-12-31;DLAND;;05;Nordrhein-Westfalen;GES;;GESW;weiblich;9137416;Anzahl;BEVSTD;Bevölkerungsstand
12411;;;;2025-12-31;DLAND;;03;Niedersachsen;GES;;GESW;weiblich;4050085;Anzahl;BEVSTD;Bevölkerungsstand
12411;;;;2025-12-31;DLAND;;13;Mecklenburg-Vorpommern;GES;;;Insgesamt;1573685;Anzahl;BEVSTD;Bevölkerungsstand
12411;;;;2025-12-31;DLAND;;11;Berlin;GES;;;Insgesamt;3700577;Anzahl;BEVSTD;Bevölkerungsstand
12411;;;;2025-12-31;DLAND;;15;Sachsen-Anhalt;GES;;;Insgesamt;2120252;Anzahl;BEVSTD;Bevölkerungsstand
12411;;;;2025-12-31;DLAND;;04;;GES;;GESM;männlich;350092;Anzahl;BEVSTD;Bevölkerungsstand
12411;;;;2025-12-31;DLAND;;01;Schleswig-Holstein;GES;;GESW;weiblich;1511142;Anzahl;BEVSTD;Bevölkerungsstand
12411;;;;2025-12-31;DLAND;;06;;GES;;GESM;männlich;3098155;Anzahl;BEVSTD;Bevölkerungsstand
12411;;;;2025-12-31;DLAND;;02;;GES;;GESM;männlich;915716;Anzahl;BEVSTD;Bevölkerungsstand
12411;;;;2025-12-31;DLAND;;08;;GES;;GESM;männlich;5573544;Anzahl;BEVSTD;Bevölkerungsstand
12411;;;;2025-12-31;DLAND;;15;;GES;;GESW;weiblich;1078900;Anzahl;BEVSTD;Bevölkerungsstand
12411;;;;2025-12-31;DLAND;;13;;GES;;GESW;weiblich;803495;Anzahl;BEVSTD;Bevölkerungsstand
12411;;;;2025-12-31;DLAND;;03;;GES;;;Insgesamt;8000826;Anzahl;BEVSTD;Bevölkerungsstand
12411;;;;2025-12-31;DLAND;;01;;GES;;;Insgesamt;2958519;Anzahl;BEVSTD;Bevölkerungsstand
12411;;;;2025-12-31;DLAND;;07;;GES;;;Insgesamt;4123022;Anzahl;BEVSTD;Bevölkerungsstand
12411;;;;2025-12-31;DLAND;;05;;GES;;;Insgesamt;17986214;Anzahl;BEVSTD;Bevölkerungsstand
12411;;;;2025-12-31;DLAND;;11;;GES;;GESW;weiblich;1881512;Anzahl;BEVSTD;Bevölkerungsstand
12411;;;;2025-12-31;DLAND;;15;;GES;;GESM;männlich;1041352;Anzahl;BEVSTD;Bevölkerungsstand
12411;;;;2025-12-31;DLAND;;09;;GES;;;Insgesamt;13245503;Anzahl;BEVSTD;Bevölkerungsstand
12411;;;;2025-12-31;DLAND;;11;;GES;;GESM;männlich;1819065;Anzahl;BEVSTD;Bevölkerungsstand
12411;;;;2025-12-31;DLAND;;13;;GES;;GESM;männlich;770190;Anzahl;BEVSTD;Bevölkerungsstand
12411;;;;2025-12-31;DLAND;;08;;GES;;GESW;weiblich;5665217;Anzahl;BEVSTD;Bevölkerungsstand
12411;;;;2025-12-31;DLAND;;06;;GES;;GESW;weiblich;3180439;Anzahl;BEVSTD;Bevölkerungsstand
12411;;;;2025-12-31;DLAND;;04;;GES;;GESW;weiblich;356823;Anzahl;BEVSTD;Bevölkerungsstand
12411;;;;2025-12-31;DLAND;;02;;GES;;GESW;weiblich;953757;Anzahl;BEVSTD;Bevölkerungsstand
12411;;;;2025-12-31;DLAND;;10;;GES;;;Insgesamt;1007342;Anzahl;BEVSTD;Bevölkerungsstand
12411;;;;2025-12-31;DLAND;;14;;GES;;;Insgesamt;4026599;Anzahl;BEVSTD;Bevölkerungsstand
12411;;;;2025-12-31;DLAND;;12;;GES;;;Insgesamt;2551889;Anzahl;BEVSTD;Bevölkerungsstand
12411;;;;2025-12-31;DLAND;;16;;GES;;;Insgesamt;2078946;Anzahl;BEVSTD;Bevölkerungsstand
12411;;;;2025-12-31;DLAND;;05;;GES;;GESM;männlich;8848798;Anzahl;BEVSTD;Bevölkerungsstand
12411;;;;2025-12-31;DLAND;;07;;GES;;GESM;männlich;2040793;Anzahl;BEVSTD;Bevölkerungsstand
12411;;;;2025-12-31;DLAND;;01;;GES;;GESM;männlich;1447377;Anzahl;BEVSTD;Bevölkerungsstand
12411;;;;2025-12-31;DLAND;;03;;GES;;GESM;männlich;3950741;Anzahl;BEVSTD;Bevölkerungsstand
12411;;;;2025-12-31;DLAND;;16;;GES;;GESW;weiblich;1052077;Anzahl;BEVSTD;Bevölkerungsstand
12411;;;;2025-12-31;DLAND;;09;;GES;;GESM;männlich;6566091;Anzahl;BEVSTD;Bevölkerungsstand
12411;;;;2025-12-31;DLAND;;14;;GES;;GESW;weiblich;2043648;Anzahl;BEVSTD;Bevölkerungsstand
12411;;;;2025-12-31;KREISE;;07340;Südwestpfalz, Landkreis;GES;;GESW;weiblich;45448;Anzahl;BEVSTD;Bevölkerungsstand
12411;;;;2025-12-31;KREISE;;05754;Gütersloh, Kreis;GES;;GESM;männlich;180881;Anzahl;BEVSTD;Bevölkerungsstand
12411;;;;2025-12-31;KREISE;;03453;Cloppenburg, Landkreis;GES;;;Insgesamt;177849;Anzahl;BEVSTD;Bevölkerungsstand
12411;;;;2025-12-31;KREISE;;13076;Ludwigslust-Parchim, Landkreis;GES;;GESW;weiblich;103964;Anzahl;BEVSTD;Bevölkerungsstand
12411;;;;2025-12-31;KREISE;;12069;Potsdam-Mittelmark, Landkreis;GES;;GESW;weiblich;111874;Anzahl;BEVSTD;Bevölkerungsstand
12411;;;;2025-12-31;KREISE;;09764;Memmingen, kreisfreie Stadt;GES;;GESM;männlich;22042;Anzahl;BEVSTD;Bevölkerungsstand
12411;;;;2025-12-31;KREISE;;14290;Weißeritzkreis;GES;;GESW;weiblich;-;Anzahl;BEVSTD;Bevölkerungsstand
12411;;;;2025-12-31;KREISE;;03453;;GES;;GESM;männlich;90388;Anzahl;BEVSTD;Bevölkerungsstand
12411;;;;2025-12-31;KREISE;;09764;;GES;;;Insgesamt;44378;Anzahl;BEVSTD;Bevölkerungsstand
12411;;;;2025-12-31;KREISE;;09161;Ingolstadt, kreisfreie Stadt;GES;;;Insgesamt;140799;Anzahl;BEVSTD;Bevölkerungsstand
12411;;;;2025-12-31;KREISE;;06431;Bergstraße, Landkreis;GES;;GESW;weiblich;138516;Anzahl;BEVSTD;Bevölkerungsstand
12411;;;;2025-12-31;KREISE;;15090;Stendal, Landkreis;GES;;GESW;weiblich;53734;Anzahl;BEVSTD;Bevölkerungsstand
12411;;;;2025-12-31;KREISE;;10041;Saarbrücken, Regionalverband;GES;;;Insgesamt;331994;Anzahl;BEVSTD;Bevölkerungsstand
12411;;;;2025-12-31;KREISE;;05119;Oberhausen, kreisfreie Stadt;GES;;GESW;weiblich;109273;Anzahl;BEVSTD;Bevölkerungsstand
12411;;;;2025-12-31;KREISE;;10041;;GES;;GESM;männlich;163722;Anzahl;BEVSTD;Bevölkerungsstand
12411;;;;2025-12-31;KREISE;;05754;;GES;;;Insgesamt;362443;Anzahl;BEVSTD;Bevölkerungsstand
12411;;;;2025-12-31;KREISE;;05162;Rhein-Kreis Neuss;GES;;;Insgesamt;455615;Anzahl;BEVSTD;Bevölkerungsstand
12411;;;;2025-12-31;KREISE;;09761;Augsburg, kreisfreie Stadt;GES;;GESW;weiblich;152552;Anzahl;BEVSTD;Bevölkerungsstand
12411;;;;2025-12-31;KREISE;;03355;Lüneburg, Landkreis;GES;;GESM;männlich;86793;Anzahl;BEVSTD;Bevölkerungsstand
12411;;;;2025-12-31;KREISE;;09775;Neu-Ulm, Landkreis;GES;;GESM;männlich;91570;Anzahl;BEVSTD;Bevölkerungsstand
12411;;;;2025-12-31;KREISE;;05558;Coesfeld, Kreis;GES;;GESM;männlich;112078;Anzahl;BEVSTD;Bevölkerungsstand
12411;;;;2025-12-31;KREISE;;05512;Bottrop, kreisfreie Stadt;GES;;GESM;männlich;57679;Anzahl;BEVSTD;Bevölkerungsstand
12411;;;;2025-12-31;KREISE;;15367;Schönebeck, Kreis;GES;;;Insgesamt;-;Anzahl;BEVSTD;Bevölkerungsstand
12411;;;;2025-12-31;KREISE;;15268;Weißenfels, Kreis;GES;;GESW;weiblich;-;Anzahl;BEVSTD;Bevölkerungsstand
12411;;;;2025-12-31;KREISE;;08417;Zollernalbkreis, Landkreis;GES;;;Insgesamt;193096;Anzahl;BEVSTD;Bevölkerungsstand
12411;;;;2025-12-31;KREISE;;09172;Berchtesgadener Land, Landkreis;GES;;;Insgesamt;105118;Anzahl;BEVSTD;Bevölkerungsstand
12411;;;;2025-12-31;KREISE;;01054;Nordfriesland, Kreis;GES;;GESM;männlich;82947;Anzahl;BEVSTD;Bevölkerungsstand
12411;;;;2025-12-31;KREISE;;09185;Neuburg-Schrobenhausen, Landkreis;GES;;GESM;männlich;49923;Anzahl;BEVSTD;Bevölkerungsstand
12411;;;;2025-12-31;KREISE;;07231;Bernkastel-Wittlich, Landkreis;GES;;GESW;weiblich;56340;Anzahl;BEVSTD;Bevölkerungsstand
12411;;;;2025-12-31;KREISE;;14181;Mittlerer Erzgebirgskreis;GES;;GESW;weiblich;-;Anzahl;BEVSTD;Bevölkerungsstand
12411;;;;2025-12-31;KREISE;;03257;Schaumburg, Landkreis;GES;;GESM;männlich;76409;Anzahl;BEVSTD;Bevölkerungsstand
12411;;;;2025-12-31;KREISE;;15082;Anhalt-Bitterfeld, Landkreis;GES;;GESM;männlich;74185;Anzahl;BEVSTD;Bevölkerungsstand
12411;;;;2025-12-31;KREISE;;14521;Erzgebirgskreis;GES;;GESM;männlich;154094;Anzahl;BEVSTD;Bevölkerungsstand
12411;;;;2025-12-31;KREISE;;08416;Tübingen, Landkreis;GES;;GESW;weiblich;120524;Anzahl;BEVSTD;Bevölkerungsstand
12411;;;;2025-12-31;KREISE;;03102;Salzgitter, kreisfreie Stadt;GES;;;Insgesamt;104433;Anzahl;BEVSTD;Bevölkerungsstand
12411;;;;2025-12-31;KREISE;;07133;Bad Kreuznach, Landkreis;GES;;GESW;weiblich;83859;Anzahl;BEVSTD;Bevölkerungsstand
12411;;;;2025-12-31;KREISE;;14280;Meißen, Landkreis;GES;;;Insgesamt;-;Anzahl;BEVSTD;Bevölkerungsstand
12411;;;;2025-12-31;KREISE;;13055;Mecklenburg-Strelitz, Landkreis;GES;;GESM;männlich;-;Anzahl;BEVSTD;Bevölkerungsstand
12411;;;;2025-12-31;KREISE;;13054;Landkreis Ludwigslust;GES;;GESW;weiblich;-;Anzahl;BEVSTD;Bevölkerungsstand
12411;;;;2025-12-31;KREISE;;09565;Schwabach, kreisfreie Stadt;GES;;GESW;weiblich;20891;Anzahl;BEVSTD;Bevölkerungsstand
12411;;;;2025-12-31;KREISE;;09772;Augsburg, Landkreis;GES;;GESW;weiblich;132725;Anzahl;BEVSTD;Bevölkerungsstand
12411;;;;2025-12-31;KREISE;;16055;Weimar, kreisfreie Stadt;GES;;GESW;weiblich;34241;Anzahl;BEVSTD;Bevölkerungsstand
12411;;;;2025-12-31;KREISE;;03352;Cuxhaven, Landkreis;GES;;GESW;weiblich;101553;Anzahl;BEVSTD;Bevölkerungsstand
12411;;;;2025-12-31;KREISE;;07332;Bad Dürkheim, Landkreis;GES;;;Insgesamt;133863;Anzahl;BEVSTD;Bevölkerungsstand
12411;;;;2025-12-31;KREISE;;05382;Rhein-Sieg-Kreis;GES;;GESM;männlich;296615;Anzahl;BEVSTD;Bevölkerungsstand
12411;;;;2025-12-31;KREISE;;03159;Göttingen, Landkreis;GES;;GESM;männlich;162415;Anzahl;BEVSTD;Bevölkerungsstand
12411;;;;2025-12-31;KREISE;;06432;Darmstadt-Dieburg, Landkreis;GES;;GESM;männlich;149517;Anzahl;BEVSTD;Bevölkerungsstand
12411;;;;2025-12-31;KREISE;;05316;Leverkusen, kreisfreie Stadt;GES;;GESM;männlich;83003;Anzahl;BEVSTD;Bevölkerungsstand
12411;;;;2025-12-31;KREISE;;09183;Mühldorf a.Inn, Landkreis;GES;;;Insgesamt;122314;Anzahl;BEVSTD;Bevölkerungsstand
12411;;;;2025-12-31;KREISE;;09663;Würzburg, kreisfreie Stadt;GES;;GESW;weiblich;69761;Anzahl;BEVSTD;Bevölkerungsstand
12411;;;;2025-12-31;KREISE;;09677;Main-Spessart, Landkreis;GES;;GESM;männlich;61850;Anzahl;BEVSTD;Bevölkerungsstand
12411;;;;2025-12-31;KREISE;;09171;Altötting, Landkreis;GES;;GESW;weiblich;57410;Anzahl;BEVSTD;Bevölkerungsstand
12411;;;;2025-12-31;KREISE;;14173;Chemnitzer Land, Landkreis;GES;;;Insgesamt;-;Anzahl;BEVSTD;Bevölkerungsstand
12411;;;;2025-12-31;KREISE;;09174;Dachau, Landkreis;GES;;GESM;männlich;76930;Anzahl;BEVSTD;Bevölkerungsstand
12411;;;;2025-12-31;KREISE;;15355;Bördekreis;GES;;GESW;weiblich;-;Anzahl;BEVSTD;Bevölkerungsstand
12411;;;;2025-12-31;KREISE;;01056;Pinneberg, Kreis;GES;;;Insgesamt;325858;Anzahl;BEVSTD;Bevölkerungsstand
12411;;;;2025-12-31;KREISE;;09679;Würzburg, Landkreis;GES;;;Insgesamt;161586;Anzahl;BEVSTD;Bevölkerungsstand
12411;;;;2025-12-31;KREISE;;08121;Heilbronn, Stadtkreis;GES;;;Insgesamt;132516;Anzahl;BEVSTD;Bevölkerungsstand
12411;;;;2025-12-31;KREISE;;16069;Hildburghausen, Landkreis;GES;;GESM;männlich;29712;Anzahl;BEVSTD;Bevölkerungsstand
12411;;;;2025-12-31;KREISE;;14173;;GES;;GESM;männlich;-;Anzahl;BEVSTD;Bevölkerungsstand
12411;;;;2025-12-31;KREISE;;07134;Birkenfeld, Landkreis;GES;;GESM;männlich;40653;Anzahl;BEVSTD;Bevölkerungsstand
12411;;;;2025-12-31;KREISE;;14521;;GES;;;Insgesamt;315274;Anzahl;BEVSTD;Bevölkerungsstand
12411;;;;2025-12-31;KREISE;;09576;Roth, Landkreis;GES;;GESW;weiblich;64615;Anzahl;BEVSTD;Bevölkerungsstand
12411;;;;2025-12-31;KREISE;;16066;Schmalkalden-Meiningen, Landkreis;GES;;GESW;weiblich;59551;Anzahl;BEVSTD;Bevölkerungsstand
12411;;;;2025-12-31;KREISE;;03102;;GES;;GESM;männlich;52519;Anzahl;BEVSTD;Bevölkerungsstand
12411;;;;2025-12-31;KREISE;;15091;Wittenberg, Landkreis;GES;;;Insgesamt;120375;Anzahl;BEVSTD;Bevölkerungsstand
12411;;;;2025-12-31;KREISE;;05313;Aachen, Stadt (alt);GES;;GESW;weiblich;-;Anzahl;BEVSTD;Bevölkerungsstand
12411;;;;2025-12-31;KREISE;;13055;;GES;;;Insgesamt;-;Anzahl;BEVSTD;Bevölkerungsstand
12411;;;;2025-12-31;KREISE;;05162;;GES;;GESM;männlich;222473;Anzahl;BEVSTD;Bevölkerungsstand
12411;;;;2025-12-31;KREISE;;03156;Osterode am Harz, Landkreis;GES;;GESW;weiblich;-;Anzahl;BEVSTD;Bevölkerungsstand
12411;;;;2025-12-31;KREISE;;09777;Ostallgäu, Landkreis;GES;;;Insgesamt;142065;Anzahl;BEVSTD;Bevölkerungsstand
12411;;;;2025-12-31;KREISE;;09674;Haßberge, Landkreis;GES;;GESW;weiblich;41582;Anzahl;BEVSTD;Bevölkerungsstand
12411;;;;2025-12-31;KREISE;;09182;Miesbach, Landkreis;GES;;GESW;weiblich;49361;Anzahl;BEVSTD;Bevölkerungsstand
12411;;;;2025-12-31;KREISE;;01051;Dithmarschen, Kreis;GES;;GESW;weiblich;67685;Anzahl;BEVSTD;Bevölkerungsstand
12411;;;;2025-12-31;KREISE;;07232;Eifelkreis Bitburg-Prüm;GES;;GESM;männlich;50139;Anzahl;BEVSTD;Bevölkerungsstand
12411;;;;2025-12-31;KREISE;;09163;Rosenheim, kreisfreie Stadt;GES;;GESM;männlich;32659;Anzahl;BEVSTD;Bevölkerungsstand
12411;;;;2025-12-31;KREISE;;15367;;GES;;GESM;männlich;-;Anzahl;BEVSTD;Bevölkerungsstand
12411;;;;2025-12-31;KREISE;;03357;Rotenburg (Wümme), Landkreis;GES;;;Insgesamt;165853;Anzahl;BEVSTD;Bevölkerungsstand
12411;;;;2025-12-31;KREISE;;06432;;GES;;;Insgesamt;301529;Anzahl;BEVSTD;Bevölkerungsstand
12411;;;;2025-12-31;KREISE;;15159;Köthen, Kreis;GES;;GESW;weiblich;-;Anzahl;BEVSTD;Bevölkerungsstand
12411;;;;2025-12-31;KREISE;;03254;Hildesheim, Landkreis;GES;;GESW;weiblich;136132;Anzahl;BEVSTD;Bevölkerungsstand
12411;;;;2025-12-31;KREISE;;07111;Koblenz, kreisfreie Stadt;GES;;GESW;weiblich;57056;Anzahl;BEVSTD;Bevölkerungsstand
12411;;;;2025-12-31;KREISE;;05382;;GES;;;Insgesamt;603456;Anzahl;BEVSTD;Bevölkerungsstand
12411;;;;2025-12-31;KREISE;;09762;Kaufbeuren, kreisfreie Stadt;GES;;GESM;männlich;22834;Anzahl;BEVSTD;Bevölkerungsstand
12411;;;;2025-12-31;KREISE;;16077;Altenburger Land, Landkreis;GES;;GESW;weiblich;44640;Anzahl;BEVSTD;Bevölkerungsstand
12411;;;;2025-12-31;KREISE;;15101;Dessau, kreisfreie Stadt;GES;;;Insgesamt;-;Anzahl;BEVSTD;Bevölkerungsstand
12411;;;;2025-12-31;KREISE;;03451;Ammerland, Landkreis;GES;;;Insgesamt;127632;Anzahl;BEVSTD;Bevölkerungsstand
12411;;;;2025-12-31;KREISE;;14292;Kamenz, Landkreis;GES;;GESW;weiblich;-;Anzahl;BEVSTD;Bevölkerungsstand
12411;;;;2025-12-31;KREISE;;15101;;GES;;GESM;männlich;-;Anzahl;BEVSTD;Bevölkerungsstand
12411;;;;2025-12-31;KREISE;;12067;Oder-Spree, Landkreis;GES;;GESW;weiblich;90910;Anzahl;BEVSTD;Bevölkerungsstand
12411;;;;2025-12-31;KREISE;;09762;;GES;;;Insgesamt;46282;Anzahl;BEVSTD;Bevölkerungsstand
12411;;;;2025-12-31;KREISE;;07233;Vulkaneifel, Landkreis;GES;;GESW;weiblich;29489;Anzahl;BEVSTD;Bevölkerungsstand
12411;;;;2025-12-31;KREISE;;09478;Lichtenfels, Landkreis;GES;;GESW;weiblich;33984;Anzahl;BEVSTD;Bevölkerungsstand
12411;;;;2025-12-31;KREISE;;03455;Friesland, Landkreis;GES;;GESM;männlich;48698;Anzahl;BEVSTD;Bevölkerungsstand
12411;;;;2025-12-31;KREISE;;14193;Zwickauer Land, Landkreis;GES;;;Insgesamt;-;Anzahl;BEVSTD;Bevölkerungsstand
12411;;;;2025-12-31;KREISE;;10043;Neunkirchen, Landkreis;GES;;;Insgesamt;132607;Anzahl;BEVSTD;Bevölkerungsstand
12411;;;;2025-12-31;KREISE;;07331;Alzey-Worms, Landkreis;GES;;GESW;weiblich;66201;Anzahl;BEVSTD;Bevölkerungsstand
12411;;;;2025-12-31;KREISE;;05117;Mülheim an der Ruhr, kreisfreie Stadt;GES;;GESW;weiblich;88513;Anzahl;BEVSTD;Bevölkerungsstand
12411;;;;2025-12-31;KREISE;;14193;;GES;;GESM;männlich;-;Anzahl;BEVSTD;Bevölkerungsstand
12411;;;;2025-12-31;KREISE;;13057;Nordvorpommern, Landkreis;GES;;GESM;männlich;-;Anzahl;BEVSTD;Bevölkerungsstand
12411;;;;2025-12-31;KREISE;;09773;Dillingen a.d.Donau, Landkreis;GES;;GESM;männlich;49526;Anzahl;BEVSTD;Bevölkerungsstand
12411;;;;2025-12-31;KREISE;;03462;Wittmund, Landkreis;GES;;;Insgesamt;55849;Anzahl;BEVSTD;Bevölkerungsstand
12411;;;;2025-12-31;KREISE;;05974;Soest, Kreis;GES;;GESM;männlich;148178;Anzahl;BEVSTD;Bevölkerungsstand
12411;;;;2025-12-31;KREISE;;03357;;GES;;GESM;männlich;82908;Anzahl;BEVSTD;Bevölkerungsstand
12411;;;;2025-12-31;KREISE;;14730;Nordsachsen, Landkreis;GES;;;Insgesamt;198639;Anzahl;BEVSTD;Bevölkerungsstand
12411;;;;2025-12-31;KREISE;;05170;Wesel, Kreis;GES;;GESW;weiblich;234473;Anzahl;BEVSTD;Bevölkerungsstand
12411;;;;2025-12-31;KREISE;;15266;Sangerhausen, Kreis;GES;;GESW;weiblich;-;Anzahl;BEVSTD;Bevölkerungsstand
12411;;;;2025-12-31;KREISE;;07138;Neuwied, Landkreis;GES;;;Insgesamt;189146;Anzahl;BEVSTD;Bevölkerungsstand
12411;;;;2025-12-31;KREISE;;09187;Rosenheim, Landkreis;GES;;GESM;männlich;127209;Anzahl;BEVSTD;Bevölkerungsstand
12411;;;;2025-12-31;KREISE;;15003;Magdeburg, kreisfreie Stadt, Landeshauptstadt;GES;;;Insgesamt;244494;Anzahl;BEVSTD;Bevölkerungsstand
12411;;;;2025-12-31;KREISE;;04012;Bremerhaven, kreisfreie Stadt;GES;;GESW;weiblich;59398;Anzahl;BEVSTD;Bevölkerungsstand
12411;;;;2025-12-31;KREISE;;06440;Wetteraukreis;GES;;GESW;weiblich;157219;Anzahl;BEVSTD;Bevölkerungsstand
12411;;;;2025-12-31;KREISE;;14182;Mittweida, Landkreis;GES;;;Insgesamt;-;Anzahl;BEVSTD;Bevölkerungsstand
12411;;;;2025-12-31;KREISE;;03461;Wesermarsch, Landkreis;GES;;GESW;weiblich;44463;Anzahl;BEVSTD;Bevölkerungsstand
12411;;;;2025-12-31;KREISE;;15084;Burgenlandkreis;GES;;GESM;männlich;84071;Anzahl;BEVSTD;Bevölkerungsstand
12411;;;;2025-12-31;KREISE;;15256;Burgenlandkreis;GES;;GESM;männlich;-;Anzahl;BEVSTD;Bevölkerungsstand
12411;;;;2025-12-31;KREISE;;14523;Vogtlandkreis;GES;;GESM;männlich;105691;Anzahl;BEVSTD;Bevölkerungsstand
12411;;;;2025-12-31;KREISE;;07320;Zweibrücken, kreisfreie Stadt;GES;;GESW;weiblich;16720;Anzahl;BEVSTD;Bevölkerungsstand
12411;;;;2025-12-31;KREISE;;15364;Quedlinburg, Kreis;GES;;GESW;weiblich;-;Anzahl;BEVSTD;Bevölkerungsstand
12411;;;;2025-12-31;KREISE;;07135;Cochem-Zell, Landkreis;GES;;GESW;weiblich;30685;Anzahl;BEVSTD;Bevölkerungsstand
12411;;;;2025-12-31;KREISE;;16053;Jena, kreisfreie Stadt;GES;;GESW;weiblich;55771;Anzahl;BEVSTD;Bevölkerungsstand
12411;;;;2025-12-31;KREISE;;07334;Germersheim, Landkreis;GES;;;Insgesamt;130765;Anzahl;BEVSTD;Bevölkerungsstand
12411;;;;2025-12-31;KREISE;;05766;Lippe, Kreis;GES;;GESW;weiblich;175833;Anzahl;BEVSTD;Bevölkerungsstand
12411;;;;2025-12-31;KREISE;;09577;Weißenburg-Gunzenhausen, Landkreis;GES;;GESM;männlich;46993;Anzahl;BEVSTD;Bevölkerungsstand
12411;;;;2025-12-31;KREISE;;14280;;GES;;GESM;männlich;-;Anzahl;BEVSTD;Bevölkerungsstand
12411;;;;2025-12-31;KREISE;;05334002;Aachen, kreisfreie Stadt;GES;;GESW;weiblich;125600;Anzahl;BEVSTD;Bevölkerungsstand
12411;;;;2025-12-31;KREISE;;13056;Landkreis Müritz;GES;;GESW;weiblich;-;Anzahl;BEVSTD;Bevölkerungsstand
12411;;;;2025-12-31;KREISE;;07211;Trier, kreisfreie Stadt;GES;;GESW;weiblich;53435;Anzahl;BEVSTD;Bevölkerungsstand
12411;;;;2025-12-31;KREISE;;09479;Wunsiedel i.Fichtelgebirge, Landkreis;GES;;GESM;männlich;34175;Anzahl;BEVSTD;Bevölkerungsstand
12411;;;;2025-12-31;KREISE;;05314;Bonn, kreisfreie Stadt;GES;;GESM;männlich;155892;Anzahl;BEVSTD;Bevölkerungsstand
12411;;;;2025-12-31;KREISE;;07332;;GES;;GESM;männlich;65663;Anzahl;BEVSTD;Bevölkerungsstand
12411;;;;2025-12-31;KREISE;;09181;Landsberg am Lech, Landkreis;GES;;;Insgesamt;122307;Anzahl;BEVSTD;Bevölkerungsstand
12411;;;;2025-12-31;KREISE;;15002;Halle (Saale), kreisfreie Stadt;GES;;GESW;weiblich;116836;Anzahl;BEVSTD;Bevölkerungsstand
12411;;;;2025-12-31;KREISE;;09176;Eichstätt, Landkreis;GES;;GESM;männlich;68755;Anzahl;BEVSTD;Bevölkerungsstand
12411;;;;2025-12-31;KREISE;;05316;;GES;;;Insgesamt;168299;Anzahl;BEVSTD;Bevölkerungsstand
12411;;;;2025-12-31;KREISE;;04011;Bremen, kreisfreie Stadt;GES;;GESM;männlich;290988;Anzahl;BEVSTD;Bevölkerungsstand
12411;;;;2025-12-31;KREISE;;14171;Annaberg, Landkreis;GES;;;Insgesamt;-;Anzahl;BEVSTD;Bevölkerungsstand
12411;;;;2025-12-31;KREISE;;14511;Chemnitz, kreisfreie Stadt;GES;;GESW;weiblich;125597;Anzahl;BEVSTD;Bevölkerungsstand
12411;;;;2025-12-31;KREISE;;12070;Prignitz, Landkreis;GES;;GESM;männlich;37188;Anzahl;BEVSTD;Bevölkerungsstand
12411;;;;2025-12-31;KREISE;;09675;Kitzingen, Landkreis;GES;;GESM;männlich;45862;Anzahl;BEVSTD;Bevölkerungsstand
12411;;;;2025-12-31;KREISE;;01054;;GES;;;Insgesamt;170148;Anzahl;BEVSTD;Bevölkerungsstand
12411;;;;2025-12-31;KREISE;;03241;Region Hannover, Landkreis;GES;;GESW;weiblich;581017;Anzahl;BEVSTD;Bevölkerungsstand
12411;;;;2025-12-31;KREISE;;12070;;GES;;;Insgesamt;74942;Anzahl;BEVSTD;Bevölkerungsstand
12411;;;;2025-12-31;KREISE;;09763;Kempten (Allgäu), kreisfreie Stadt;GES;;GESW;weiblich;34608;Anzahl;BEVSTD;Bevölkerungsstand
12411;;;;2025-12-31;KREISE;;14171;;GES;;GESM;männlich;-;Anzahl;BEVSTD;Bevölkerungsstand
12411;;;;2025-12-31;KREISE;;16064;Unstrut-Hainich-Kreis;GES;;GESW;weiblich;47209;Anzahl;BEVSTD;Bevölkerungsstand
12411;;;;2025-12-31;KREISE;;09677;;GES;;;Insgesamt;124315;Anzahl;BEVSTD;Bevölkerungsstand
12411;;;;2025-12-31;KREISE;;04011;;GES;;;Insgesamt;588413;Anzahl;BEVSTD;Bevölkerungsstand
12411;;;;2025-12-31;KREISE;;05962;Märkischer Kreis;GES;;GESW;weiblich;205320;Anzahl;BEVSTD;Bevölkerungsstand
12411;;;;2025-12-31;KREISE;;14523;;GES;;;Insgesamt;216387;Anzahl;BEVSTD;Bevölkerungsstand
12411;;;;2025-12-31;KREISE;;05315;Köln, kreisfreie Stadt;GES;;GESW;weiblich;527113;Anzahl;BEVSTD;Bevölkerungsstand
12411;;;;2025-12-31;KREISE;;13057;;GES;;;Insgesamt;-;Anzahl;BEVSTD;Bevölkerungsstand
12411;;;;2025-12-31;KREISE;;03154;Helmstedt, Landkreis;GES;;GESW;weiblich;45190;Anzahl;BEVSTD;Bevölkerungsstand
12411;;;;2025-12-31;KREISE;;09775;;GES;;;Insgesamt;183829;Anzahl;BEVSTD;Bevölkerungsstand
12411;;;;2025-12-31;KREISE;;01053;Herzogtum Lauenburg, Kreis;GES;;GESW;weiblich;105440;Anzahl;BEVSTD;Bevölkerungsstand
12411;;;;2025-12-31;KREISE;;09676;Miltenberg, Landkreis;GES;;GESW;weiblich;63865;Anzahl;BEVSTD;Bevölkerungsstand
12411;;;;2025-12-31;KREISE;;05558;;GES;;;Insgesamt;227168;Anzahl;BEVSTD;Bevölkerungsstand
12411;;;;2025-12-31;KREISE;;15256;;GES;;;Insgesamt;-;Anzahl;BEVSTD;Bevölkerungsstand
12411;;;;2025-12-31;KREISE;;14522;Mittelsachsen, Landkreis;GES;;GESW;weiblich;148221;Anzahl;BEVSTD;Bevölkerungsstand
12411;;;;2025-12-31;KREISE;;14730;;GES;;GESM;männlich;98457;Anzahl;BEVSTD;Bevölkerungsstand
12411;;;;2025-12-31;KREISE;;03252;Hameln-Pyrmont, Landkreis;GES;;GESW;weiblich;76833;Anzahl;BEVSTD;Bevölkerungsstand
12411;;;;2025-12-31;KREISE;;08417;;GES;;GESM;männlich;95613;Anzahl;BEVSTD;Bevölkerungsstand
12411;;;;2025-12-31;KREISE;;05974;;GES;;;Insgesamt;298457;Anzahl;BEVSTD;Bevölkerungsstand
12411;;;;2025-12-31;KREISE;;09180;Garmisch-Partenkirchen, Landkreis;GES;;GESW;weiblich;46457;Anzahl;BEVSTD;Bevölkerungsstand
12411;;;;2025-12-31;KREISE;;16075;Saale-Orla-Kreis;GES;;GESW;weiblich;38443;Anzahl;BEVSTD;Bevölkerungsstand
12411;;;;2025-12-31;KREISE;;14182;;GES;;GESM;männlich;-;Anzahl;BEVSTD;Bevölkerungsstand
12411;;;;2025-12-31;KREISE;;05512;;GES;;;Insgesamt;118482;Anzahl;BEVSTD;Bevölkerungsstand
12411;;;;2025-12-31;KREISE;;09774;Günzburg, Landkreis;GES;;GESW;weiblich;64169;Anzahl;BEVSTD;Bevölkerungsstand
12411;;;;2025-12-31;KREISE;;03359;Stade, Landkreis;GES;;;Insgesamt;207935;Anzahl;BEVSTD;Bevölkerungsstand
12411;;;;2025-12-31;KREISE;;10045;Saarpfalz-Kreis;GES;;GESM;männlich;69839;Anzahl;BEVSTD;Bevölkerungsstand
12411;;;;2025-12-31;KREISE;;05758;Herford, Kreis;GES;;GESM;männlich;124748;Anzahl;BEVSTD;Bevölkerungsstand
12411;;;;2025-12-31;KREISE;;07143;Westerwaldkreis;GES;;GESM;männlich;103009;Anzahl;BEVSTD;Bevölkerungsstand
12411;;;;2025-12-31;KREISE;;15352;Aschersleben-Staßfurt, Kreis;GES;;;Insgesamt;-;Anzahl;BEVSTD;Bevölkerungsstand
12411;;;;2025-12-31;KREISE;;11004004;Berlin-Charlottenburg-Wilmersdorf;GES;;GESM;männlich;155260;Anzahl;BEVSTD;Bevölkerungsstand
12411;;;;2025-12-31;KREISE;;15352;;GES;;GESM;männlich;-;Anzahl;BEVSTD;Bevölkerungsstand
12411;;;;2025-12-31;KREISE;;08325;Rottweil, Landkreis;GES;;GESW;weiblich;69958;Anzahl;BEVSTD;Bevölkerungsstand
12411;;;;2025-12-31;KREISE;;07143;;GES;;;Insgesamt;207683;Anzahl;BEVSTD;Bevölkerungsstand
12411;;;;2025-12-31;KREISE;;11007007;Berlin-Tempelhof-Schöneberg;GES;;;Insgesamt;339042;Anzahl;BEVSTD;Bevölkerungsstand
12411;;;;2025-12-31;KREISE;;03457;Leer, Landkreis;GES;;GESM;männlich;83303;Anzahl;BEVSTD;Bevölkerungsstand
12411;;;;2025-12-31;KREISE;;14191;Aue-Schwarzenberg, Landkreis;GES;;GESM;männlich;-;Anzahl;BEVSTD;Bevölkerungsstand
12411;;;;2025-12-31;KREISE;;07318;Speyer, kreisfreie Stadt;GES;;GESW;weiblich;25308;Anzahl;BEVSTD;Bevölkerungsstand
12411;;;;2025-12-31;KREISE;;06414;Wiesbaden, kreisfreie Stadt, Landeshauptstadt;GES;;GESM;männlich;139724;Anzahl;BEVSTD;Bevölkerungsstand
12411;;;;2025-12-31;KREISE;;11001001;Berlin-Mitte;GES;;;Insgesamt;365741;Anzahl;BEVSTD;Bevölkerungsstand
12411;;;;2025-12-31;KREISE;;09476;Kronach, Landkreis;GES;;GESW;weiblich;32178;Anzahl;BEVSTD;Bevölkerungsstand
12411;;;;2025-12-31;KREISE;;08118;Ludwigsburg, Landkreis;GES;;GESW;weiblich;270767;Anzahl;BEVSTD;Bevölkerungsstand
12411;;;;2025-12-31;KREISE;;06435;Main-Kinzig-Kreis;GES;;GESW;weiblich;213170;Anzahl;BEVSTD;Bevölkerungsstand
12411;;;;2025-12-31;KREISE;;05758;;GES;;;Insgesamt;253431;Anzahl;BEVSTD;Bevölkerungsstand
12411;;;;2025-12-31;KREISE;;10045;;GES;;;Insgesamt;143300;Anzahl;BEVSTD;Bevölkerungsstand
12411;;;;2025-12-31;KREISE;;11010010;Berlin-Marzahn-Hellersdorf;GES;;GESM;männlich;140361;Anzahl;BEVSTD;Bevölkerungsstand
12411;;;;2025-12-31;KREISE;;03359;;GES;;GESM;männlich;103207;Anzahl;BEVSTD;Bevölkerungsstand
12411;;;;2025-12-31;KREISE;;10042;Merzig-Wadern, Landkreis;GES;;GESW;weiblich;54164;Anzahl;BEVSTD;Bevölkerungsstand
12411;;;;2025-12-31;KREISE;;07140;Rhein-Hunsrück-Kreis;GES;;GESW;weiblich;53612;Anzahl;BEVSTD;Bevölkerungsstand
12411;;;;2025-12-31;KREISE;;03460;Vechta, Landkreis;GES;;;Insgesamt;146838;Anzahl;BEVSTD;Bevölkerungsstand
12411;;;;2025-12-31;KREISE;;09771;Aichach-Friedberg, Landkreis;GES;;GESM;männlich;68338;Anzahl;BEVSTD;Bevölkerungsstand
12411;;;;2025-12-31;KREISE;;06533;Limburg-Weilburg, Landkreis;GES;;GESW;weiblich;87373;Anzahl;BEVSTD;Bevölkerungsstand
12411;;;;2025-12-31;KREISE;;08216;Rastatt, Landkreis;GES;;GESW;weiblich;115294;Anzahl;BEVSTD;Bevölkerungsstand
12411;;;;2025-12-31;KREISE;;05166;Viersen, Kreis;GES;;;Insgesamt;297193;Anzahl;BEVSTD;Bevölkerungsstand
12411;;;;2025-12-31;KREISE;;15363;Stendal, Kreis;GES;;;Insgesamt;-;Anzahl;BEVSTD;Bevölkerungsstand
12411;;;;2025-12-31;KREISE;;07132;Altenkirchen (Westerwald), Landkreis;GES;;;Insgesamt;132055;Anzahl;BEVSTD;Bevölkerungsstand
12411;;;;2025-12-31;KREISE;;03361;Verden, Landkreis;GES;;GESW;weiblich;70562;Anzahl;BEVSTD;Bevölkerungsstand
12411;;;;2025-12-31;KREISE;;06631;Fulda, Landkreis;GES;;GESW;weiblich;111686;Anzahl;BEVSTD;Bevölkerungsstand
12411;;;;2025-12-31;KREISE;;14191;;GES;;;Insgesamt;-;Anzahl;BEVSTD;Bevölkerungsstand
12411;;;;2025-12-31;KREISE;;09564;Nürnberg, kreisfreie Stadt;GES;;;Insgesamt;531159;Anzahl;BEVSTD;Bevölkerungsstand
12411;;;;2025-12-31;KREISE;;12068;Ostprignitz-Ruppin, Landkreis;GES;;;Insgesamt;98704;Anzahl;BEVSTD;Bevölkerungsstand
12411;;;;2025-12-31;KREISE;;15001;Dessau-Roßlau, kreisfreie Stadt;GES;;;Insgesamt;75035;Anzahl;BEVSTD;Bevölkerungsstand
12411;;;;2025-12-31;KREISE;;13075;Vorpommern-Greifswald, Landkreis;GES;;;Insgesamt;225867;Anzahl;BEVSTD;Bevölkerungsstand
12411;;;;2025-12-31;KREISE;;15086;Jerichower Land, Landkreis;GES;;GESM;männlich;43772;Anzahl;BEVSTD;Bevölkerungsstand
12411;;;;2025-12-31;KREISE;;06414;;GES;;;Insgesamt;288584;Anzahl;BEVSTD;Bevölkerungsstand
12411;;;;2025-12-31;KREISE;;15362;Ohrekreis;GES;;GESW;weiblich;-;Anzahl;BEVSTD;Bevölkerungsstand
12411;;;;2025-12-31;KREISE;;08437;Sigmaringen, Landkreis;GES;;GESM;männlich;66017;Anzahl;BEVSTD;Bevölkerungsstand
12411;;;;2025-12-31;KREISE;;09662;Schweinfurt, kreisfreie Stadt;GES;;;Insgesamt;54539;Anzahl;BEVSTD;Bevölkerungsstand
12411;;;;2025-12-31;KREISE;;05954;Ennepe-Ruhr-Kreis;GES;;;Insgesamt;313003;Anzahl;BEVSTD;Bevölkerungsstand
12411;;;;2025-12-31;KREISE;;09479;;GES;;;Insgesamt;69990;Anzahl;BEVSTD;Bevölkerungsstand
12411;;;;2025-12-31;KREISE;;13072;Landkreis Rostock;GES;;GESW;weiblich;110524;Anzahl;BEVSTD;Bevölkerungsstand
12411;;;;2025-12-31;KREISE;;13051;Bad Doberan, Landkreis;GES;;GESM;männlich;-;Anzahl;BEVSTD;Bevölkerungsstand
12411;;;;2025-12-31;KREISE;;09561;Ansbach, kreisfreie Stadt;GES;;GESW;weiblich;20848;Anzahl;BEVSTD;Bevölkerungsstand
12411;;;;2025-12-31;KREISE;;09189;Traunstein, Landkreis;GES;;GESM;männlich;86139;Anzahl;BEVSTD;Bevölkerungsstand
12411;;;;2025-12-31;KREISE;;16051;Erfurt, kreisfreie Stadt;GES;;GESW;weiblich;111066;Anzahl;BEVSTD;Bevölkerungsstand
12411;;;;2025-12-31;KREISE;;05362;Rhein-Erft-Kreis;GES;;;Insgesamt;476913;Anzahl;BEVSTD;Bevölkerungsstand
12411;;;;2025-12-31;KREISE;;05513;Gelsenkirchen, kreisfreie Stadt;GES;;GESW;weiblich;134563;Anzahl;BEVSTD;Bevölkerungsstand
12411;;;;2025-12-31;KREISE;;09575;Neustadt a.d.Aisch-Bad Windsheim, Landkreis;GES;;GESM;männlich;50432;Anzahl;BEVSTD;Bevölkerungsstand
12411;;;;2025-12-31;KREISE;;06534;Marburg-Biedenkopf, Landkreis;GES;;;Insgesamt;242751;Anzahl;BEVSTD;Bevölkerungsstand
12411;;;;2025-12-31;KREISE;;09577;;GES;;;Insgesamt;94407;Anzahl;BEVSTD;Bevölkerungsstand
12411;;;;2025-12-31;KREISE;;09477;Kulmbach, Landkreis;GES;;GESM;männlich;35044;Anzahl;BEVSTD;Bevölkerungsstand
12411;;;;2025-12-31;KREISE;;08317;Ortenaukreis, Landkreis;GES;;GESM;männlich;222681;Anzahl;BEVSTD;Bevölkerungsstand
12411;;;;2025-12-31;KREISE;;13062;Landkreis Uecker-Randow;GES;;;Insgesamt;-;Anzahl;BEVSTD;Bevölkerungsstand
12411;;;;2025-12-31;KREISE;;05370;Heinsberg, Kreis;GES;;GESW;weiblich;132853;Anzahl;BEVSTD;Bevölkerungsstand
12411;;;;2025-12-31;KREISE;;06436;Main-Taunus-Kreis;GES;;GESM;männlich;117234;Anzahl;BEVSTD;Bevölkerungsstand
12411;;;;2025-12-31;KREISE;;08317;;GES;;;Insgesamt;445855;Anzahl;BEVSTD;Bevölkerungsstand
12411;;;;2025-12-31;KREISE;;15265;Saalkreis;GES;;;Insgesamt;-;Anzahl;BEVSTD;Bevölkerungsstand
12411;;;;2025-12-31;KREISE;;06632;Hersfeld-Rotenburg, Landkreis;GES;;GESM;männlich;58161;Anzahl;BEVSTD;Bevölkerungsstand
12411;;;;2025-12-31;KREISE;;07319;Worms, kreisfreie Stadt;GES;;GESM;männlich;43672;Anzahl;BEVSTD;Bevölkerungsstand
12411;;;;2025-12-31;KREISE;;09673;Rhön-Grabfeld, Landkreis;GES;;GESM;männlich;39276;Anzahl;BEVSTD;Bevölkerungsstand
12411;;;;2025-12-31;KREISE;;05154;Kleve, Kreis;GES;;GESW;weiblich;160560;Anzahl;BEVSTD;Bevölkerungsstand
12411;;;;2025-12-31;KREISE;;06413;Offenbach am Main, kreisfreie Stadt;GES;;GESW;weiblich;66210;Anzahl;BEVSTD;Bevölkerungsstand
12411;;;;2025-12-31;KREISE;;09675;;GES;;;Insgesamt;91471;Anzahl;BEVSTD;Bevölkerungsstand
12411;;;;2025-12-31;KREISE;;15265;;GES;;GESM;männlich;-;Anzahl;BEVSTD;Bevölkerungsstand
12411;;;;2025-12-31;KREISE;;08426;Biberach, Landkreis;GES;;GESM;männlich;104274;Anzahl;BEVSTD;Bevölkerungsstand
12411;;;;2025-12-31;KREISE;;13061;Rügen, Landkreis;GES;;GESW;weiblich;-;Anzahl;BEVSTD;Bevölkerungsstand
12411;;;;2025-12-31;KREISE;;13062;;GES;;GESM;männlich;-;Anzahl;BEVSTD;Bevölkerungsstand
12411;;;;2025-12-31;KREISE;;09572;Erlangen-Höchstadt, Landkreis;GES;;GESW;weiblich;69916;Anzahl;BEVSTD;Bevölkerungsstand
12411;;;;2025-12-31;KREISE;;06632;;GES;;;Insgesamt;116906;Anzahl;BEVSTD;Bevölkerungsstand
12411;;;;2025-12-31;KREISE;;05120;Remscheid, kreisfreie Stadt;GES;;;Insgesamt;113333;Anzahl;BEVSTD;Bevölkerungsstand
12411;;;;2025-12-31;KREISE;;09178;Freising, Landkreis;GES;;GESM;männlich;94136;Anzahl;BEVSTD;Bevölkerungsstand
12411;;;;2025-12-31;KREISE;;06534;;GES;;GESM;männlich;118921;Anzahl;BEVSTD;Bevölkerungsstand
12411;;;;2025-12-31;KREISE;;16062;Nordhausen, Landkreis;GES;;GESW;weiblich;40302;Anzahl;BEVSTD;Bevölkerungsstand
12411;;;;2025-12-31;KREISE;;09190;Weilheim-Schongau, Landkreis;GES;;;Insgesamt;139241;Anzahl;BEVSTD;Bevölkerungsstand
12411;;;;2025-12-31;KREISE;;09564;;GES;;GESM;männlich;261711;Anzahl;BEVSTD;Bevölkerungsstand
12411;;;;2025-12-31;KREISE;;15363;;GES;;GESM;männlich;-;Anzahl;BEVSTD;Bevölkerungsstand
12411;;;;2025-12-31;KREISE;;03152;Göttingen, Landkreis;GES;;GESW;weiblich;-;Anzahl;BEVSTD;Bevölkerungsstand
12411;;;;2025-12-31;KREISE;;08336;Lörrach, Landkreis;GES;;GESW;weiblich;121213;Anzahl;BEVSTD;Bevölkerungsstand
12411;;;;2025-12-31;KREISE;;05120;;GES;;GESM;männlich;56524;Anzahl;BEVSTD;Bevölkerungsstand
12411;;;;2025-12-31;KREISE;;09773;;GES;;;Insgesamt;98870;Anzahl;BEVSTD;Bevölkerungsstand
12411;;;;2025-12-31;KREISE;;12068;;GES;;GESM;männlich;48871;Anzahl;BEVSTD;Bevölkerungsstand
12411;;;;2025-12-31;KREISE;;13051;;GES;;;Insgesamt;-;Anzahl;BEVSTD;Bevölkerungsstand
12411;;;;2025-12-31;KREISE;;08435;Bodenseekreis, Landkreis;GES;;;Insgesamt;220895;Anzahl;BEVSTD;Bevölkerungsstand
12411;;;;2025-12-31;KREISE;;05166;;GES;;GESM;männlich;145609;Anzahl;BEVSTD;Bevölkerungsstand
12411;;;;2025-12-31;KREISE;;09662;;GES;;GESM;männlich;27125;Anzahl;BEVSTD;Bevölkerungsstand
12411;;;;2025-12-31;KREISE;;05362;;GES;;GESM;männlich;234227;Anzahl;BEVSTD;Bevölkerungsstand
12411;;;;2025-12-31;KREISE;;06436;;GES;;;Insgesamt;238783;Anzahl;BEVSTD;Bevölkerungsstand
12411;;;;2025-12-31;KREISE;;13073;Vorpommern-Rügen, Landkreis;GES;;GESM;männlich;105748;Anzahl;BEVSTD;Bevölkerungsstand
12411;;;;2025-12-31;KREISE;;08415;Reutlingen, Landkreis;GES;;GESM;männlich;145479;Anzahl;BEVSTD;Bevölkerungsstand
12411;;;;2025-12-31;KREISE;;16073;Saalfeld-Rudolstadt, Landkreis;GES;;GESW;weiblich;50070;Anzahl;BEVSTD;Bevölkerungsstand
12411;;;;2025-12-31;KREISE;;14389;Torgau-Oschatz, Landkreis;GES;;GESM;männlich;-;Anzahl;BEVSTD;Bevölkerungsstand
12411;;;;2025-12-31;KREISE;;07131;Ahrweiler, Landkreis;GES;;GESW;weiblich;65683;Anzahl;BEVSTD;Bevölkerungsstand
12411;;;;2025-12-31;KREISE;;10043;;GES;;GESM;männlich;65422;Anzahl;BEVSTD;Bevölkerungsstand
12411;;;;2025-12-31;KREISE;;13074;Nordwestmecklenburg, Landkreis;GES;;GESW;weiblich;78810;Anzahl;BEVSTD;Bevölkerungsstand
12411;;;;2025-12-31;KREISE;;08327;Tuttlingen, Landkreis;GES;;GESW;weiblich;72312;Anzahl;BEVSTD;Bevölkerungsstand
12411;;;;2025-12-31;KREISE;;14729;Leipzig, Landkreis;GES;;GESW;weiblich;131984;Anzahl;BEVSTD;Bevölkerungsstand
12411;;;;2025-12-31;KREISE;;14379;Leipziger Land, Landkreis;GES;;GESW;weiblich;-;Anzahl;BEVSTD;Bevölkerungsstand
12411;;;;2025-12-31;KREISE;;06412;Frankfurt am Main, kreisfreie Stadt;GES;;GESM;männlich;373899;Anzahl;BEVSTD;Bevölkerungsstand
12411;;;;2025-12-31;KREISE;;08337;Waldshut, Landkreis;GES;;GESM;männlich;84705;Anzahl;BEVSTD;Bevölkerungsstand
12411;;;;2025-12-31;KREISE;;16071;Weimarer Land, Landkreis;GES;;;Insgesamt;81766;Anzahl;BEVSTD;Bevölkerungsstand
12411;;;;2025-12-31;KREISE;;03402;Emden, kreisfreie Stadt;GES;;;Insgesamt;49009;Anzahl;BEVSTD;Bevölkerungsstand
12411;;;;2025-12-31;KREISE;;01062;Stormarn, Kreis;GES;;GESW;weiblich;126557;Anzahl;BEVSTD;Bevölkerungsstand
12411;;;;2025-12-31;KREISE;;03459;Osnabrück, Landkreis;GES;;GESM;männlich;174954;Anzahl;BEVSTD;Bevölkerungsstand
12411;;;;2025-12-31;KREISE;;06433;Groß-Gerau, Landkreis;GES;;GESW;weiblich;134034;Anzahl;BEVSTD;Bevölkerungsstand
12411;;;;2025-12-31;KREISE;;08425;Alb-Donau-Kreis, Landkreis;GES;;GESW;weiblich;100745;Anzahl;BEVSTD;Bevölkerungsstand
12411;;;;2025-12-31;KREISE;;08337;;GES;;;Insgesamt;171513;Anzahl;BEVSTD;Bevölkerungsstand
12411;;;;2025-12-31;KREISE;;05711;Bielefeld, kreisfreie Stadt;GES;;GESW;weiblich;170558;Anzahl;BEVSTD;Bevölkerungsstand
12411;;;;2025-12-31;KREISE;;11001001;;GES;;GESW;weiblich;178520;Anzahl;BEVSTD;Bevölkerungsstand
12411;;;;2025-12-31;KREISE;;05978;Unna, Kreis;GES;;GESM;männlich;191542;Anzahl;BEVSTD;Bevölkerungsstand
12411;;;;2025-12-31;KREISE;;06531;Gießen, Landkreis;GES;;GESW;weiblich;136060;Anzahl;BEVSTD;Bevölkerungsstand
12411;;;;2025-12-31;KREISE;;11007007;;GES;;GESW;weiblich;173624;Anzahl;BEVSTD;Bevölkerungsstand
12411;;;;2025-12-31;KREISE;;10044;Saarlouis, Landkreis;GES;;GESW;weiblich;103611;Anzahl;BEVSTD;Bevölkerungsstand
12411;;;;2025-12-31;KREISE;;08435;;GES;;GESM;männlich;108640;Anzahl;BEVSTD;Bevölkerungsstand
12411;;;;2025-12-31;KREISE;;09671;Aschaffenburg, Landkreis;GES;;;Insgesamt;170120;Anzahl;BEVSTD;Bevölkerungsstand
12411;;;;2025-12-31;KREISE;;15154;Bitterfeld, Kreis;GES;;GESM;männlich;-;Anzahl;BEVSTD;Bevölkerungsstand
12411;;;;2025-12-31;KREISE;;08316;Emmendingen, Landkreis;GES;;GESW;weiblich;85972;Anzahl;BEVSTD;Bevölkerungsstand
12411;;;;2025-12-31;KREISE;;07134;;GES;;;Insgesamt;82304;Anzahl;BEVSTD;Bevölkerungsstand
12411;;;;2025-12-31;KREISE;;09562;Erlangen, kreisfreie Stadt;GES;;;Insgesamt;116450;Anzahl;BEVSTD;Bevölkerungsstand
12411;;;;2025-12-31;KREISE;;09474;Forchheim, Landkreis;GES;;GESW;weiblich;58682;Anzahl;BEVSTD;Bevölkerungsstand
12411;;;;2025-12-31;KREISE;;05334002;;GES;;;Insgesamt;263703;Anzahl;BEVSTD;Bevölkerungsstand
12411;;;;2025-12-31;KREISE;;08119;Rems-Murr-Kreis, Landkreis;GES;;GESM;männlich;217211;Anzahl;BEVSTD;Bevölkerungsstand
12411;;;;2025-12-31;KREISE;;08415;;GES;;;Insgesamt;293527;Anzahl;BEVSTD;Bevölkerungsstand
12411;;;;2025-12-31;KREISE;;15088;Saalekreis;GES;;GESM;männlich;89741;Anzahl;BEVSTD;Bevölkerungsstand
12411;;;;2025-12-31;KREISE;;09661;Aschaffenburg, kreisfreie Stadt;GES;;GESW;weiblich;37493;Anzahl;BEVSTD;Bevölkerungsstand
12411;;;;2025-12-31;KREISE;;03402;;GES;;GESM;männlich;24203;Anzahl;BEVSTD;Bevölkerungsstand
12411;;;;2025-12-31;KREISE;;07232;;GES;;;Insgesamt;99589;Anzahl;BEVSTD;Bevölkerungsstand
12411;;;;2025-12-31;KREISE;;11012012;Berlin-Reinickendorf;GES;;GESM;männlich;126129;Anzahl;BEVSTD;Bevölkerungsstand
12411;;;;2025-12-31;KREISE;;09278;Straubing-Bogen, Landkreis;GES;;GESW;weiblich;51572;Anzahl;BEVSTD;Bevölkerungsstand
12411;;;;2025-12-31;KREISE;;03404;Osnabrück, kreisfreie Stadt;GES;;GESW;weiblich;85200;Anzahl;BEVSTD;Bevölkerungsstand
12411;;;;2025-12-31;KREISE;;11009009;Berlin-Treptow-Köpenick;GES;;;Insgesamt;293681;Anzahl;BEVSTD;Bevölkerungsstand
12411;;;;2025-12-31;KREISE;;06412;;GES;;;Insgesamt;760656;Anzahl;BEVSTD;Bevölkerungsstand
12411;;;;2025-12-31;KREISE;;09376;Schwandorf, Landkreis;GES;;GESW;weiblich;74509;Anzahl;BEVSTD;Bevölkerungsstand
12411;;;;2025-12-31;KREISE;;09477;;GES;;;Insgesamt;70997;Anzahl;BEVSTD;Bevölkerungsstand
12411;;;;2025-12-31;KREISE;;13053;Güstrow, Landkreis;GES;;GESM;männlich;-;Anzahl;BEVSTD;Bevölkerungsstand
12411;;;;2025-12-31;KREISE;;08326;Schwarzwald-Baar-Kreis, Landkreis;GES;;;Insgesamt;213680;Anzahl;BEVSTD;Bevölkerungsstand
12411;;;;2025-12-31;KREISE;;09563;Fürth, kreisfreie Stadt;GES;;GESW;weiblich;66555;Anzahl;BEVSTD;Bevölkerungsstand
12411;;;;2025-12-31;KREISE;;08426;;GES;;;Insgesamt;207203;Anzahl;BEVSTD;Bevölkerungsstand
12411;;;;2025-12-31;KREISE;;06532;Lahn-Dill-Kreis;GES;;GESM;männlich;125117;Anzahl;BEVSTD;Bevölkerungsstand
12411;;;;2025-12-31;KREISE;;05515;Münster, kreisfreie Stadt;GES;;GESW;weiblich;159940;Anzahl;BEVSTD;Bevölkerungsstand
12411;;;;2025-12-31;KREISE;;13052;Landkreis Demmin;GES;;GESW;weiblich;-;Anzahl;BEVSTD;Bevölkerungsstand
12411;;;;2025-12-31;KREISE;;09573;Fürth, Landkreis;GES;;GESM;männlich;57260;Anzahl;BEVSTD;Bevölkerungsstand
12411;;;;2025-12-31;KREISE;;09475;Hof, Landkreis;GES;;GESM;männlich;44845;Anzahl;BEVSTD;Bevölkerungsstand
12411;;;;2025-12-31;KREISE;;01061;Steinburg, Kreis;GES;;GESM;männlich;65381;Anzahl;BEVSTD;Bevölkerungsstand
12411;;;;2025-12-31;KREISE;;06532;;GES;;;Insgesamt;253439;Anzahl;BEVSTD;Bevölkerungsstand
12411;;;;2025-12-31;KREISE;;09463;Coburg, kreisfreie Stadt;GES;;GESW;weiblich;21039;Anzahl;BEVSTD;Bevölkerungsstand
12411;;;;2025-12-31;KREISE;;09672;Bad Kissingen, Landkreis;GES;;GESW;weiblich;52314;Anzahl;BEVSTD;Bevölkerungsstand
12411;;;;2025-12-31;KREISE;;06434;Hochtaunuskreis;GES;;GESM;männlich;117380;Anzahl;BEVSTD;Bevölkerungsstand
12411;;;;2025-12-31;KREISE;;09575;;GES;;;Insgesamt;100767;Anzahl;BEVSTD;Bevölkerungsstand
12411;;;;2025-12-31;KREISE;;08315;Breisgau-Hochschwarzwald, Landkreis;GES;;GESM;männlich;134074;Anzahl;BEVSTD;Bevölkerungsstand
12411;;;;2025-12-31;KREISE;;06411;Darmstadt, kreisfreie Stadt, Wissenschaftsstadt;GES;;GESW;weiblich;82104;Anzahl;BEVSTD;Bevölkerungsstand
12411;;;;2025-12-31;KREISE;;09671;;GES;;GESM;männlich;84165;Anzahl;BEVSTD;Bevölkerungsstand
12411;;;;2025-12-31;KREISE;;09673;;GES;;;Insgesamt;78902;Anzahl;BEVSTD;Bevölkerungsstand
12411;;;;2025-12-31;KREISE;;09574;Nürnberger Land, Landkreis;GES;;GESW;weiblich;85615;Anzahl;BEVSTD;Bevölkerungsstand
12411;;;;2025-12-31;KREISE;;08315;;GES;;;Insgesamt;272707;Anzahl;BEVSTD;Bevölkerungsstand
12411;;;;2025-12-31;KREISE;;09464;Hof, kreisfreie Stadt;GES;;;Insgesamt;46624;Anzahl;BEVSTD;Bevölkerungsstand
12411;;;;2025-12-31;KREISE;;05954;;GES;;GESM;männlich;151590;Anzahl;BEVSTD;Bevölkerungsstand
12411;;;;2025-12-31;KREISE;;08437;;GES;;;Insgesamt;131988;Anzahl;BEVSTD;Bevölkerungsstand
12411;;;;2025-12-31;KREISE;;07132;;GES;;GESM;männlich;65626;Anzahl;BEVSTD;Bevölkerungsstand
12411;;;;2025-12-31;KREISE;;15154;;GES;;;Insgesamt;-;Anzahl;BEVSTD;Bevölkerungsstand
12411;;;;2025-12-31;KREISE;;09562;;GES;;GESM;männlich;57959;Anzahl;BEVSTD;Bevölkerungsstand
12411;;;;2025-12-31;KREISE;;09464;;GES;;GESM;männlich;23014;Anzahl;BEVSTD;Bevölkerungsstand
12411;;;;2025-12-31;KREISE;;09771;;GES;;;Insgesamt;137281;Anzahl;BEVSTD;Bevölkerungsstand
12411;;;;2025-12-31;KREISE;;01060;Segeberg, Kreis;GES;;GESW;weiblich;143898;Anzahl;BEVSTD;Bevölkerungsstand
12411;;;;2025-12-31;KREISE;;13053;;GES;;;Insgesamt;-;Anzahl;BEVSTD;Bevölkerungsstand
12411;;;;2025-12-31;KREISE;;05966;Olpe, Kreis;GES;;GESW;weiblich;65408;Anzahl;BEVSTD;Bevölkerungsstand
12411;;;;2025-12-31;KREISE;;09279;Dingolfing-Landau, Landkreis;GES;;GESM;männlich;51919;Anzahl;BEVSTD;Bevölkerungsstand
12411;;;;2025-12-31;KREISE;;08326;;GES;;GESM;männlich;105732;Anzahl;BEVSTD;Bevölkerungsstand
12411;;;;2025-12-31;KREISE;;08119;;GES;;;Insgesamt;438873;Anzahl;BEVSTD;Bevölkerungsstand
12411;;;;2025-12-31;KREISE;;16071;;GES;;GESM;männlich;40493;Anzahl;BEVSTD;Bevölkerungsstand
12411;;;;2025-12-31;KREISE;;08436;Ravensburg, Landkreis;GES;;GESW;weiblich;146454;Anzahl;BEVSTD;Bevölkerungsstand
12411;;;;2025-12-31;KREISE;;16071;;GES;;GESW;weiblich;41273;Anzahl;BEVSTD;Bevölkerungsstand
12411;;;;2025-12-31;KREISE;;06434;;GES;;;Insgesamt;241730;Anzahl;BEVSTD;Bevölkerungsstand
12411;;;;2025-12-31;KREISE;;09377;Tirschenreuth, Landkreis;GES;;GESM;männlich;35664;Anzahl;BEVSTD;Bevölkerungsstand
12411;;;;2025-12-31;KREISE;;15153;Bernburg, Kreis;GES;;GESW;weiblich;-;Anzahl;BEVSTD;Bevölkerungsstand
12411;;;;2025-12-31;KREISE;;01061;;GES;;;Insgesamt;132217;Anzahl;BEVSTD;Bevölkerungsstand
12411;;;;2025-12-31;KREISE;;13075;;GES;;GESM;männlich;109779;Anzahl;BEVSTD;Bevölkerungsstand
12411;;;;2025-12-31;KREISE;;05978;;GES;;;Insgesamt;392266;Anzahl;BEVSTD;Bevölkerungsstand
12411;;;;2025-12-31;KREISE;;10041100;Saarbrücken, Landeshauptstadt;GES;;GESW;weiblich;91678;Anzahl;BEVSTD;Bevölkerungsstand
12411;;;;2025-12-31;KREISE;;08237;Freudenstadt, Landkreis;GES;;GESM;männlich;60842;Anzahl;BEVSTD;Bevölkerungsstand
12411;;;;2025-12-31;KREISE;;09572;;GES;;GESM;männlich;68449;Anzahl;BEVSTD;Bevölkerungsstand
12411;;;;2025-12-31;KREISE;;09474;;GES;;GESM;männlich;57920;Anzahl;BEVSTD;Bevölkerungsstand
12411;;;;2025-12-31;KREISE;;08237;;GES;;;Insgesamt;121646;Anzahl;BEVSTD;Bevölkerungsstand
12411;;;;2025-12-31;KREISE;;07316;Neustadt an der Weinstraße, kreisfreie Stadt;GES;;;Insgesamt;52882;Anzahl;BEVSTD;Bevölkerungsstand
12411;;;;2025-12-31;KREISE;;05113;Essen, kreisfreie Stadt;GES;;GESM;männlich;279637;Anzahl;BEVSTD;Bevölkerungsstand
12411;;;;2025-12-31;KREISE;;12052;Cottbus, kreisfreie Stadt;GES;;GESM;männlich;46312;Anzahl;BEVSTD;Bevölkerungsstand
12411;;;;2025-12-31;KREISE;;08335;Konstanz, Landkreis;GES;;GESM;männlich;141976;Anzahl;BEVSTD;Bevölkerungsstand
12411;;;;2025-12-31;KREISE;;14287;Sächsische Schweiz, Landkreis;GES;;GESW;weiblich;-;Anzahl;BEVSTD;Bevölkerungsstand
12411;;;;2025-12-31;KREISE;;03152;;GES;;GESM;männlich;-;Anzahl;BEVSTD;Bevölkerungsstand
12411;;;;2025-12-31;KREISE;;03404;;GES;;;Insgesamt;166257;Anzahl;BEVSTD;Bevölkerungsstand
12411;;;;2025-12-31;KREISE;;03152;;GES;;;Insgesamt;-;Anzahl;BEVSTD;Bevölkerungsstand
12411;;;;2025-12-31;KREISE;;07316;;GES;;GESM;männlich;25681;Anzahl;BEVSTD;Bevölkerungsstand
12411;;;;2025-12-31;KREISE;;05562;Recklinghausen, Kreis;GES;;GESM;männlich;302214;Anzahl;BEVSTD;Bevölkerungsstand
12411;;;;2025-12-31;KREISE;;09362;Regensburg, kreisfreie Stadt;GES;;GESW;weiblich;76961;Anzahl;BEVSTD;Bevölkerungsstand
12411;;;;2025-12-31;KREISE;;01003;Lübeck, kreisfreie Stadt, Hansestadt;GES;;GESW;weiblich;112627;Anzahl;BEVSTD;Bevölkerungsstand
12411;;;;2025-12-31;KREISE;;08128;Main-Tauber-Kreis, Landkreis;GES;;;Insgesamt;132876;Anzahl;BEVSTD;Bevölkerungsstand
12411;;;;2025-12-31;KREISE;;07337;Südliche Weinstraße, Landkreis;GES;;GESW;weiblich;57237;Anzahl;BEVSTD;Bevölkerungsstand
12411;;;;2025-12-31;KREISE;;05562;;GES;;;Insgesamt;618865;Anzahl;BEVSTD;Bevölkerungsstand
12411;;;;2025-12-31;KREISE;;03459;;GES;;GESW;weiblich;179176;Anzahl;BEVSTD;Bevölkerungsstand
12411;;;;2025-12-31;KREISE;;12052;;GES;;;Insgesamt;95140;Anzahl;BEVSTD;Bevölkerungsstand
12411;;;;2025-12-31;KREISE;;09463;;GES;;;Insgesamt;40970;Anzahl;BEVSTD;Bevölkerungsstand
12411;;;;2025-12-31;KREISE;;08335;;GES;;;Insgesamt;291867;Anzahl;BEVSTD;Bevölkerungsstand
12411;;;;2025-12-31;KREISE;;14627;Meißen, Landkreis;GES;;GESM;männlich;117011;Anzahl;BEVSTD;Bevölkerungsstand
12411;;;;2025-12-31;KREISE;;08212;Karlsruhe, Stadtkreis;GES;;GESW;weiblich;152066;Anzahl;BEVSTD;Bevölkerungsstand
12411;;;;2025-12-31;KREISE;;14178;Vogtlandkreis;GES;;GESW;weiblich;-;Anzahl;BEVSTD;Bevölkerungsstand
12411;;;;2025-12-31;KREISE;;09561;;GES;;GESM;männlich;19706;Anzahl;BEVSTD;Bevölkerungsstand
12411;;;;2025-12-31;KREISE;;09463;;GES;;GESM;männlich;19931;Anzahl;BEVSTD;Bevölkerungsstand
12411;;;;2025-12-31;KREISE;;13004;Schwerin, kreisfreie Stadt;GES;;GESW;weiblich;50932;Anzahl;BEVSTD;Bevölkerungsstand
12411;;;;2025-12-31;KREISE;;14375;Döbeln, Landkreis;GES;;;Insgesamt;-;Anzahl;BEVSTD;Bevölkerungsstand
12411;;;;2025-12-31;KREISE;;08226;Rhein-Neckar-Kreis, Landkreis;GES;;;Insgesamt;559097;Anzahl;BEVSTD;Bevölkerungsstand
12411;;;;2025-12-31;KREISE;;10046;St. Wendel, Landkreis;GES;;GESW;weiblich;44257;Anzahl;BEVSTD;Bevölkerungsstand
12411;;;;2025-12-31;KREISE;;12073;Uckermark, Landkreis;GES;;GESW;weiblich;59177;Anzahl;BEVSTD;Bevölkerungsstand
12411;;;;2025-12-31;KREISE;;09278;;GES;;GESM;männlich;51532;Anzahl;BEVSTD;Bevölkerungsstand
12411;;;;2025-12-31;KREISE;;08117;Göppingen, Landkreis;GES;;GESM;männlich;128005;Anzahl;BEVSTD;Bevölkerungsstand
12411;;;;2025-12-31;KREISE;;08125;Heilbronn, Landkreis;GES;;GESW;weiblich;176749;Anzahl;BEVSTD;Bevölkerungsstand
12411;;;;2025-12-31;KREISE;;12063;Havelland, Landkreis;GES;;GESM;männlich;84098;Anzahl;BEVSTD;Bevölkerungsstand
12411;;;;2025-12-31;KREISE;;16061;Eichsfeld, Landkreis;GES;;;Insgesamt;102772;Anzahl;BEVSTD;Bevölkerungsstand
12411;;;;2025-12-31;KREISE;;13071;Mecklenburgische Seenplatte, Landkreis;GES;;;Insgesamt;245998;Anzahl;BEVSTD;Bevölkerungsstand
12411;;;;2025-12-31;KREISE;;03404;;GES;;GESM;männlich;81057;Anzahl;BEVSTD;Bevölkerungsstand
12411;;;;2025-12-31;KREISE;;16074;Saale-Holzland-Kreis;GES;;GESM;männlich;40576;Anzahl;BEVSTD;Bevölkerungsstand
12411;;;;2025-12-31;KREISE;;16070;Ilm-Kreis;GES;;GESW;weiblich;52403;Anzahl;BEVSTD;Bevölkerungsstand
12411;;;;2025-12-31;KREISE;;03402;;GES;;GESW;weiblich;24806;Anzahl;BEVSTD;Bevölkerungsstand
12411;;;;2025-12-31;KREISE;;09376;;GES;;GESM;männlich;74854;Anzahl;BEVSTD;Bevölkerungsstand
12411;;;;2025-12-31;KREISE;;05366;Euskirchen, Kreis;GES;;;Insgesamt;201636;Anzahl;BEVSTD;Bevölkerungsstand
12411;;;;2025-12-31;KREISE;;05958;Hochsauerlandkreis;GES;;;Insgesamt;259176;Anzahl;BEVSTD;Bevölkerungsstand
12411;;;;2025-12-31;KREISE;;15089;Salzlandkreis;GES;;;Insgesamt;178773;Anzahl;BEVSTD;Bevölkerungsstand
12411;;;;2025-12-31;KREISE;;14374;Delitzsch, Landkreis;GES;;GESW;weiblich;-;Anzahl;BEVSTD;Bevölkerungsstand
12411;;;;2025-12-31;KREISE;;08215;Karlsruhe, Landkreis;GES;;GESM;männlich;227509;Anzahl;BEVSTD;Bevölkerungsstand
12411;;;;2025-12-31;KREISE;;15151;Anhalt-Zerbst, Kreis;GES;;GESW;weiblich;-;Anzahl;BEVSTD;Bevölkerungsstand
12411;;;;2025-12-31;KREISE;;14626;Görlitz, Landkreis;GES;;GESW;weiblich;123164;Anzahl;BEVSTD;Bevölkerungsstand
12411;;;;2025-12-31;KREISE;;13005;Stralsund, Hansestadt,  kreisfreie Stadt;GES;;;Insgesamt;-;Anzahl;BEVSTD;Bevölkerungsstand
12411;;;;2025-12-31;KREISE;;09277;Rottal-Inn, Landkreis;GES;;GESW;weiblich;60540;Anzahl;BEVSTD;Bevölkerungsstand
12411;;;;2025-12-31;KREISE;;15088;;GES;;GESW;weiblich;91586;Anzahl;BEVSTD;Bevölkerungsstand
12411;;;;2025-12-31;KREISE;;08215;;GES;;;Insgesamt;456224;Anzahl;BEVSTD;Bevölkerungsstand
12411;;;;2025-12-31;KREISE;;15370;Altmarkkreis Salzwedel, Kreis;GES;;GESM;männlich;-;Anzahl;BEVSTD;Bevölkerungsstand
12411;;;;2025-12-31;KREISE;;16063;Wartburgkreis;GES;;;Insgesamt;153346;Anzahl;BEVSTD;Bevölkerungsstand
12411;;;;2025-12-31;KREISE;;08136;Ostalbkreis, Landkreis;GES;;GESW;weiblich;159061;Anzahl;BEVSTD;Bevölkerungsstand
12411;;;;2025-12-31;KREISE;;05158;Mettmann, Kreis;GES;;GESW;weiblich;251950;Anzahl;BEVSTD;Bevölkerungsstand
12411;;;;2025-12-31;KREISE;;05112;Duisburg, kreisfreie Stadt;GES;;GESW;weiblich;251936;Anzahl;BEVSTD;Bevölkerungsstand
12411;;;;2025-12-31;KREISE;;12071;Spree-Neiße, Landkreis;GES;;GESW;weiblich;55359;Anzahl;BEVSTD;Bevölkerungsstand
12411;;;;2025-12-31;KREISE;;09561;;GES;;;Insgesamt;40554;Anzahl;BEVSTD;Bevölkerungsstand
12411;;;;2025-12-31;KREISE;;15260;Mansfelder Land, Kreis;GES;;GESW;weiblich;-;Anzahl;BEVSTD;Bevölkerungsstand
12411;;;;2025-12-31;KREISE;;15261;Merseburg-Querfurt, Kreis;GES;;;Insgesamt;-;Anzahl;BEVSTD;Bevölkerungsstand
12411;;;;2025-12-31;KREISE;;07338;Rhein-Pfalz-Kreis;GES;;GESM;männlich;76629;Anzahl;BEVSTD;Bevölkerungsstand
12411;;;;2025-12-31;KREISE;;16061;;GES;;GESM;männlich;51468;Anzahl;BEVSTD;Bevölkerungsstand
12411;;;;2025-12-31;KREISE;;14263;Görlitz, kreisfreie Stadt;GES;;GESW;weiblich;-;Anzahl;BEVSTD;Bevölkerungsstand
12411;;;;2025-12-31;KREISE;;05124;Wuppertal, kreisfreie Stadt;GES;;;Insgesamt;357243;Anzahl;BEVSTD;Bevölkerungsstand
12411;;;;2025-12-31;KREISE;;13005;;GES;;GESM;männlich;-;Anzahl;BEVSTD;Bevölkerungsstand
12411;;;;2025-12-31;KREISE;;15261;;GES;;GESM;männlich;-;Anzahl;BEVSTD;Bevölkerungsstand
12411;;;;2025-12-31;KREISE;;07315;Mainz, kreisfreie Stadt;GES;;GESW;weiblich;115000;Anzahl;BEVSTD;Bevölkerungsstand
12411;;;;2025-12-31;KREISE;;08226;;GES;;GESM;männlich;274713;Anzahl;BEVSTD;Bevölkerungsstand
12411;;;;2025-12-31;KREISE;;09278;;GES;;;Insgesamt;103104;Anzahl;BEVSTD;Bevölkerungsstand
12411;;;;2025-12-31;KREISE;;11006006;Berlin-Steglitz-Zehlendorf;GES;;GESM;männlich;138436;Anzahl;BEVSTD;Bevölkerungsstand
12411;;;;2025-12-31;KREISE;;06636;Werra-Meißner-Kreis;GES;;GESW;weiblich;49063;Anzahl;BEVSTD;Bevölkerungsstand
12411;;;;2025-12-31;KREISE;;14627;;GES;;;Insgesamt;238334;Anzahl;BEVSTD;Bevölkerungsstand
12411;;;;2025-12-31;KREISE;;09179;Fürstenfeldbruck, Landkreis;GES;;GESW;weiblich;111403;Anzahl;BEVSTD;Bevölkerungsstand
12411;;;;2025-12-31;KREISE;;09473;Coburg, Landkreis;GES;;GESW;weiblich;42134;Anzahl;BEVSTD;Bevölkerungsstand
12411;;;;2025-12-31;KREISE;;16074;;GES;;;Insgesamt;82163;Anzahl;BEVSTD;Bevölkerungsstand
12411;;;;2025-12-31;KREISE;;08128;;GES;;GESM;männlich;66455;Anzahl;BEVSTD;Bevölkerungsstand
12411;;;;2025-12-31;KREISE;;05124;;GES;;GESM;männlich;176473;Anzahl;BEVSTD;Bevölkerungsstand
12411;;;;2025-12-31;KREISE;;12060;Barnim, Landkreis;GES;;GESW;weiblich;98900;Anzahl;BEVSTD;Bevölkerungsstand
12411;;;;2025-12-31;KREISE;;09376;;GES;;;Insgesamt;149363;Anzahl;BEVSTD;Bevölkerungsstand
12411;;;;2025-12-31;KREISE;;05570;Warendorf, Kreis;GES;;GESW;weiblich;142291;Anzahl;BEVSTD;Bevölkerungsstand
12411;;;;2025-12-31;KREISE;;05366;;GES;;GESM;männlich;99973;Anzahl;BEVSTD;Bevölkerungsstand
12411;;;;2025-12-31;KREISE;;09572;;GES;;;Insgesamt;138365;Anzahl;BEVSTD;Bevölkerungsstand
12411;;;;2025-12-31;KREISE;;05374;Oberbergischer Kreis;GES;;GESW;weiblich;138687;Anzahl;BEVSTD;Bevölkerungsstand
12411;;;;2025-12-31;KREISE;;14713;Leipzig, kreisfreie Stadt;GES;;GESW;weiblich;312460;Anzahl;BEVSTD;Bevölkerungsstand
12411;;;;2025-12-31;KREISE;;05113;;GES;;;Insgesamt;573618;Anzahl;BEVSTD;Bevölkerungsstand
12411;;;;2025-12-31;KREISE;;08117;;GES;;;Insgesamt;258048;Anzahl;BEVSTD;Bevölkerungsstand
12411;;;;2025-12-31;KREISE;;09375;Regensburg, Landkreis;GES;;GESW;weiblich;98190;Anzahl;BEVSTD;Bevölkerungsstand
12411;;;;2025-12-31;KREISE;;12065;Oberhavel, Landkreis;GES;;;Insgesamt;217858;Anzahl;BEVSTD;Bevölkerungsstand
12411;;;;2025-12-31;KREISE;;09474;;GES;;;Insgesamt;116602;Anzahl;BEVSTD;Bevölkerungsstand
12411;;;;2025-12-31;KREISE;;15171;Wittenberg, Kreis;GES;;GESW;weiblich;-;Anzahl;BEVSTD;Bevölkerungsstand
12411;;;;2025-12-31;KREISE;;09472;Bayreuth, Landkreis;GES;;;Insgesamt;102756;Anzahl;BEVSTD;Bevölkerungsstand
12411;;;;2025-12-31;KREISE;;08235;Calw, Landkreis;GES;;GESM;männlich;80138;Anzahl;BEVSTD;Bevölkerungsstand
12411;;;;2025-12-31;KREISE;;08225;Neckar-Odenwald-Kreis, Landkreis;GES;;GESW;weiblich;72364;Anzahl;BEVSTD;Bevölkerungsstand
12411;;;;2025-12-31;KREISE;;09472;;GES;;GESM;männlich;50998;Anzahl;BEVSTD;Bevölkerungsstand
12411;;;;2025-12-31;KREISE;;08235;;GES;;;Insgesamt;160766;Anzahl;BEVSTD;Bevölkerungsstand
12411;;;;2025-12-31;KREISE;;03359;;GES;;GESW;weiblich;104728;Anzahl;BEVSTD;Bevölkerungsstand
12411;;;;2025-12-31;KREISE;;05111;Düsseldorf, kreisfreie Stadt;GES;;GESM;männlich;299450;Anzahl;BEVSTD;Bevölkerungsstand
12411;;;;2025-12-31;KREISE;;05911;Bochum, kreisfreie Stadt;GES;;GESW;weiblich;181973;Anzahl;BEVSTD;Bevölkerungsstand
12411;;;;2025-12-31;KREISE;;09374;Neustadt a.d.Waldnaab, Landkreis;GES;;;Insgesamt;95657;Anzahl;BEVSTD;Bevölkerungsstand
12411;;;;2025-12-31;KREISE;;06635;Waldeck-Frankenberg, Landkreis;GES;;GESM;männlich;76684;Anzahl;BEVSTD;Bevölkerungsstand
12411;;;;2025-12-31;KREISE;;14264;Hoyerswerda, kreisfreie Stadt;GES;;GESM;männlich;-;Anzahl;BEVSTD;Bevölkerungsstand
12411;;;;2025-12-31;KREISE;;07318;;GES;;;Insgesamt;49035;Anzahl;BEVSTD;Bevölkerungsstand
12411;;;;2025-12-31;KREISE;;03361;;GES;;;Insgesamt;138895;Anzahl;BEVSTD;Bevölkerungsstand
12411;;;;2025-12-31;KREISE;;06635;;GES;;;Insgesamt;154437;Anzahl;BEVSTD;Bevölkerungsstand
12411;;;;2025-12-31;KREISE;;07339;Mainz-Bingen, Landkreis;GES;;GESW;weiblich;104888;Anzahl;BEVSTD;Bevölkerungsstand
12411;;;;2025-12-31;KREISE;;12054;Potsdam, kreisfreie Stadt;GES;;GESM;männlich;89356;Anzahl;BEVSTD;Bevölkerungsstand
12411;;;;2025-12-31;KREISE;;03154;;GES;;;Insgesamt;89771;Anzahl;BEVSTD;Bevölkerungsstand
12411;;;;2025-12-31;KREISE;;07318;;GES;;GESM;männlich;23727;Anzahl;BEVSTD;Bevölkerungsstand
12411;;;;2025-12-31;KREISE;;03154;;GES;;GESM;männlich;44581;Anzahl;BEVSTD;Bevölkerungsstand
12411;;;;2025-12-31;KREISE;;09363;Weiden i.d.OPf., kreisfreie Stadt;GES;;GESM;männlich;20673;Anzahl;BEVSTD;Bevölkerungsstand
12411;;;;2025-12-31;KREISE;;06414;;GES;;GESW;weiblich;148860;Anzahl;BEVSTD;Bevölkerungsstand
12411;;;;2025-12-31;KREISE;;06439;Rheingau-Taunus-Kreis;GES;;GESM;männlich;90802;Anzahl;BEVSTD;Bevölkerungsstand
12411;;;;2025-12-31;KREISE;;08116;Esslingen, Landkreis;GES;;GESW;weiblich;269325;Anzahl;BEVSTD;Bevölkerungsstand
12411;;;;2025-12-31;KREISE;;08126;Hohenlohekreis, Landkreis;GES;;;Insgesamt;115601;Anzahl;BEVSTD;Bevölkerungsstand
12411;;;;2025-12-31;KREISE;;03457;;GES;;GESW;weiblich;85808;Anzahl;BEVSTD;Bevölkerungsstand
12411;;;;2025-12-31;KREISE;;12054;;GES;;;Insgesamt;185137;Anzahl;BEVSTD;Bevölkerungsstand
12411;;;;2025-12-31;KREISE;;08421;Ulm, Stadtkreis;GES;;GESW;weiblich;66041;Anzahl;BEVSTD;Bevölkerungsstand
12411;;;;2025-12-31;KREISE;;09571;Ansbach, Landkreis;GES;;GESW;weiblich;93459;Anzahl;BEVSTD;Bevölkerungsstand
12411;;;;2025-12-31;KREISE;;03361;;GES;;GESM;männlich;68333;Anzahl;BEVSTD;Bevölkerungsstand
12411;;;;2025-12-31;KREISE;;09461;Bamberg, kreisfreie Stadt;GES;;;Insgesamt;77218;Anzahl;BEVSTD;Bevölkerungsstand
12411;;;;2025-12-31;KREISE;;05914;Hagen, kreisfreie Stadt;GES;;;Insgesamt;189983;Anzahl;BEVSTD;Bevölkerungsstand
12411;;;;2025-12-31;KREISE;;03252;;GES;;;Insgesamt;149773;Anzahl;BEVSTD;Bevölkerungsstand
12411;;;;2025-12-31;KREISE;;11003003;Berlin-Pankow;GES;;GESM;männlich;200489;Anzahl;BEVSTD;Bevölkerungsstand
12411;;;;2025-12-31;KREISE;;09461;;GES;;GESM;männlich;37548;Anzahl;BEVSTD;Bevölkerungsstand
12411;;;;2025-12-31;KREISE;;09190;;GES;;GESM;männlich;68665;Anzahl;BEVSTD;Bevölkerungsstand
12411;;;;2025-12-31;KREISE;;13006;Wismar, Hansestadt,  kreisfreie Stadt;GES;;GESW;weiblich;-;Anzahl;BEVSTD;Bevölkerungsstand
12411;;;;2025-12-31;KREISE;;01004;Neumünster, kreisfreie Stadt;GES;;GESM;männlich;40081;Anzahl;BEVSTD;Bevölkerungsstand
12411;;;;2025-12-31;KREISE;;09262;Passau, kreisfreie Stadt;GES;;GESW;weiblich;27424;Anzahl;BEVSTD;Bevölkerungsstand
12411;;;;2025-12-31;KREISE;;09276;Regen, Landkreis;GES;;GESM;männlich;38361;Anzahl;BEVSTD;Bevölkerungsstand
12411;;;;2025-12-31;KREISE;;16052;Gera, kreisfreie Stadt;GES;;;Insgesamt;95162;Anzahl;BEVSTD;Bevölkerungsstand
12411;;;;2025-12-31;KREISE;;09363;;GES;;;Insgesamt;42453;Anzahl;BEVSTD;Bevölkerungsstand
12411;;;;2025-12-31;KREISE;;15084;;GES;;GESW;weiblich;87464;Anzahl;BEVSTD;Bevölkerungsstand
12411;;;;2025-12-31;KREISE;;08115;Böblingen, Landkreis;GES;;GESM;männlich;195896;Anzahl;BEVSTD;Bevölkerungsstand
12411;;;;2025-12-31;KREISE;;05354;Aachen, Kreis;GES;;GESW;weiblich;-;Anzahl;BEVSTD;Bevölkerungsstand
12411;;;;2025-12-31;KREISE;;13073;;GES;;;Insgesamt;217817;Anzahl;BEVSTD;Bevölkerungsstand
12411;;;;2025-12-31;KREISE;;12065;;GES;;GESM;männlich;107315;Anzahl;BEVSTD;Bevölkerungsstand
12411;;;;2025-12-31;KREISE;;06439;;GES;;;Insgesamt;185359;Anzahl;BEVSTD;Bevölkerungsstand
12411;;;;2025-12-31;KREISE;;09374;;GES;;GESM;männlich;47746;Anzahl;BEVSTD;Bevölkerungsstand
12411;;;;2025-12-31;KREISE;;08127;Schwäbisch Hall, Landkreis;GES;;GESW;weiblich;100260;Anzahl;BEVSTD;Bevölkerungsstand
12411;;;;2025-12-31;KREISE;;15087;Mansfeld-Südharz, Landkreis;GES;;;Insgesamt;127668;Anzahl;BEVSTD;Bevölkerungsstand
12411;;;;2025-12-31;KREISE;;14166;Plauen, kreisfreie Stadt;GES;;GESM;männlich;-;Anzahl;BEVSTD;Bevölkerungsstand
12411;;;;2025-12-31;KREISE;;16076;Greiz, Landkreis;GES;;GESM;männlich;45708;Anzahl;BEVSTD;Bevölkerungsstand
12411;;;;2025-12-31;KREISE;;11003003;;GES;;;Insgesamt;411133;Anzahl;BEVSTD;Bevölkerungsstand
12411;;;;2025-12-31;KREISE;;15303;Magdeburg, kreisfreie Stadt;GES;;GESW;weiblich;-;Anzahl;BEVSTD;Bevölkerungsstand
12411;;;;2025-12-31;KREISE;;03241;;GES;;;Insgesamt;1141128;Anzahl;BEVSTD;Bevölkerungsstand
12411;;;;2025-12-31;KREISE;;14167;Zwickau, kreisfreie Stadt;GES;;GESW;weiblich;-;Anzahl;BEVSTD;Bevölkerungsstand
12411;;;;2025-12-31;KREISE;;14628;Sächsische Schweiz-Osterzgebirge, Landkreis;GES;;GESW;weiblich;122852;Anzahl;BEVSTD;Bevölkerungsstand
12411;;;;2025-12-31;KREISE;;15370;;GES;;;Insgesamt;-;Anzahl;BEVSTD;Bevölkerungsstand
12411;;;;2025-12-31;KREISE;;03241;;GES;;GESM;männlich;560111;Anzahl;BEVSTD;Bevölkerungsstand
12411;;;;2025-12-31;KREISE;;07140;;GES;;GESM;männlich;53114;Anzahl;BEVSTD;Bevölkerungsstand
12411;;;;2025-12-31;KREISE;;09275;Passau, Landkreis;GES;;GESW;weiblich;97974;Anzahl;BEVSTD;Bevölkerungsstand
12411;;;;2025-12-31;KREISE;;06611;Kassel, kreisfreie Stadt, documenta-Stadt;GES;;GESM;männlich;95754;Anzahl;BEVSTD;Bevölkerungsstand
12411;;;;2025-12-31;KREISE;;16065;Kyffhäuserkreis;GES;;;Insgesamt;70635;Anzahl;BEVSTD;Bevölkerungsstand
12411;;;;2025-12-31;KREISE;;03458;Oldenburg, Landkreis;GES;;;Insgesamt;132176;Anzahl;BEVSTD;Bevölkerungsstand
12411;;;;2025-12-31;KREISE;;15086;;GES;;GESW;weiblich;44584;Anzahl;BEVSTD;Bevölkerungsstand
12411;;;;2025-12-31;KREISE;;13060;Landkreis Parchim;GES;;;Insgesamt;-;Anzahl;BEVSTD;Bevölkerungsstand
12411;;;;2025-12-31;KREISE;;08311;Freiburg im Breisgau, Stadtkreis;GES;;GESM;männlich;113366;Anzahl;BEVSTD;Bevölkerungsstand
12411;;;;2025-12-31;KREISE;;07317;Pirmasens, kreisfreie Stadt;GES;;GESW;weiblich;19901;Anzahl;BEVSTD;Bevölkerungsstand
12411;;;;2025-12-31;KREISE;;06415;Hanau, kreisfreie Stadt;GES;;GESM;männlich;-;Anzahl;BEVSTD;Bevölkerungsstand
12411;;;;2025-12-31;KREISE;;06611;;GES;;;Insgesamt;196799;Anzahl;BEVSTD;Bevölkerungsstand
12411;;;;2025-12-31;KREISE;;09178;;GES;;;Insgesamt;184399;Anzahl;BEVSTD;Bevölkerungsstand
12411;;;;2025-12-31;KREISE;;09177;Erding, Landkreis;GES;;GESW;weiblich;69917;Anzahl;BEVSTD;Bevölkerungsstand
12411;;;;2025-12-31;KREISE;;16063;;GES;;GESM;männlich;76123;Anzahl;BEVSTD;Bevölkerungsstand
12411;;;;2025-12-31;KREISE;;13060;;GES;;GESM;männlich;-;Anzahl;BEVSTD;Bevölkerungsstand
12411;;;;2025-12-31;KREISE;;06438;Offenbach, Landkreis;GES;;GESW;weiblich;182225;Anzahl;BEVSTD;Bevölkerungsstand
12411;;;;2025-12-31;KREISE;;08311;;GES;;;Insgesamt;238299;Anzahl;BEVSTD;Bevölkerungsstand
12411;;;;2025-12-31;KREISE;;05122;Solingen, kreisfreie Stadt;GES;;;Insgesamt;164621;Anzahl;BEVSTD;Bevölkerungsstand
12411;;;;2025-12-31;KREISE;;08236;Enzkreis, Landkreis;GES;;GESW;weiblich;100454;Anzahl;BEVSTD;Bevölkerungsstand
12411;;;;2025-12-31;KREISE;;09276;;GES;;;Insgesamt;77118;Anzahl;BEVSTD;Bevölkerungsstand
12411;;;;2025-12-31;KREISE;;05958;;GES;;GESM;männlich;129409;Anzahl;BEVSTD;Bevölkerungsstand
12411;;;;2025-12-31;KREISE;;16052;;GES;;GESM;männlich;46676;Anzahl;BEVSTD;Bevölkerungsstand
12411;;;;2025-12-31;KREISE;;09471;Bamberg, Landkreis;GES;;GESW;weiblich;73763;Anzahl;BEVSTD;Bevölkerungsstand
12411;;;;2025-12-31;KREISE;;06634;Schwalm-Eder-Kreis;GES;;GESW;weiblich;89720;Anzahl;BEVSTD;Bevölkerungsstand
12411;;;;2025-12-31;KREISE;;03252;;GES;;GESM;männlich;72940;Anzahl;BEVSTD;Bevölkerungsstand
12411;;;;2025-12-31;KREISE;;16076;;GES;;;Insgesamt;92479;Anzahl;BEVSTD;Bevölkerungsstand
12411;;;;2025-12-31;KREISE;;08126;;GES;;GESM;männlich;58262;Anzahl;BEVSTD;Bevölkerungsstand
12411;;;;2025-12-31;KREISE;;05122;;GES;;GESM;männlich;80616;Anzahl;BEVSTD;Bevölkerungsstand
12411;;;;2025-12-31;KREISE;;12067;;GES;;;Insgesamt;179142;Anzahl;BEVSTD;Bevölkerungsstand
12411;;;;2025-12-31;KREISE;;09188;Starnberg, Landkreis;GES;;GESW;weiblich;72133;Anzahl;BEVSTD;Bevölkerungsstand
12411;;;;2025-12-31;KREISE;;06415;;GES;;;Insgesamt;-;Anzahl;BEVSTD;Bevölkerungsstand
12411;;;;2025-12-31;KREISE;;09189;;GES;;;Insgesamt;175319;Anzahl;BEVSTD;Bevölkerungsstand
12411;;;;2025-12-31;KREISE;;01004;;GES;;;Insgesamt;80145;Anzahl;BEVSTD;Bevölkerungsstand
12411;;;;2025-12-31;KREISE;;07140;;GES;;;Insgesamt;106726;Anzahl;BEVSTD;Bevölkerungsstand
12411;;;;2025-12-31;KREISE;;08115;;GES;;;Insgesamt;394729;Anzahl;BEVSTD;Bevölkerungsstand
12411;;;;2025-12-31;KREISE;;09373;Neumarkt i.d.OPf., Landkreis;GES;;GESW;weiblich;68626;Anzahl;BEVSTD;Bevölkerungsstand
12411;;;;2025-12-31;KREISE;;13071;;GES;;GESM;männlich;119924;Anzahl;BEVSTD;Bevölkerungsstand
12411;;;;2025-12-31;KREISE;;05111;;GES;;;Insgesamt;619444;Anzahl;BEVSTD;Bevölkerungsstand
12411;;;;2025-12-31;KREISE;;14375;;GES;;GESM;männlich;-;Anzahl;BEVSTD;Bevölkerungsstand
12411;;;;2025-12-31;KREISE;;07312;Kaiserslautern, kreisfreie Stadt;GES;;;Insgesamt;100247;Anzahl;BEVSTD;Bevölkerungsstand
12411;;;;2025-12-31;KREISE;;09263;Straubing, kreisfreie Stadt;GES;;GESM;männlich;24802;Anzahl;BEVSTD;Bevölkerungsstand
12411;;;;2025-12-31;KREISE;;14262;Dresden, kreisfreie Stadt;GES;;;Insgesamt;-;Anzahl;BEVSTD;Bevölkerungsstand
12411;;;;2025-12-31;KREISE;;13057;;GES;;GESW;weiblich;-;Anzahl;BEVSTD;Bevölkerungsstand
12411;;;;2025-12-31;KREISE;;05170;;GES;;GESM;männlich;222547;Anzahl;BEVSTD;Bevölkerungsstand
12411;;;;2025-12-31;KREISE;;11007007;;GES;;GESM;männlich;165418;Anzahl;BEVSTD;Bevölkerungsstand
12411;;;;2025-12-31;KREISE;;05913;Dortmund, kreisfreie Stadt;GES;;GESW;weiblich;304528;Anzahl;BEVSTD;Bevölkerungsstand
12411;;;;2025-12-31;KREISE;;14262;;GES;;GESM;männlich;-;Anzahl;BEVSTD;Bevölkerungsstand
12411;;;;2025-12-31;KREISE;;08135;Heidenheim, Landkreis;GES;;GESM;männlich;67349;Anzahl;BEVSTD;Bevölkerungsstand
12411;;;;2025-12-31;KREISE;;05566;Steinfurt, Kreis;GES;;GESM;männlich;224671;Anzahl;BEVSTD;Bevölkerungsstand
12411;;;;2025-12-31;KREISE;;07312;;GES;;GESM;männlich;50602;Anzahl;BEVSTD;Bevölkerungsstand
12411;;;;2025-12-31;KREISE;;08121;;GES;;GESW;weiblich;65386;Anzahl;BEVSTD;Bevölkerungsstand
12411;;;;2025-12-31;KREISE;;14612;Dresden, kreisfreie Stadt;GES;;GESM;männlich;278996;Anzahl;BEVSTD;Bevölkerungsstand
12411;;;;2025-12-31;KREISE;;09372;Cham, Landkreis;GES;;;Insgesamt;128141;Anzahl;BEVSTD;Bevölkerungsstand
12411;;;;2025-12-31;KREISE;;05313;;GES;;GESM;männlich;-;Anzahl;BEVSTD;Bevölkerungsstand
12411;;;;2025-12-31;KREISE;;03241001;Hannover, Landeshauptstadt;GES;;;Insgesamt;522803;Anzahl;BEVSTD;Bevölkerungsstand
12411;;;;2025-12-31;KREISE;;07235;Trier-Saarburg, Landkreis;GES;;GESW;weiblich;75077;Anzahl;BEVSTD;Bevölkerungsstand
12411;;;;2025-12-31;KREISE;;03357;;GES;;GESW;weiblich;82945;Anzahl;BEVSTD;Bevölkerungsstand
12411;;;;2025-12-31;KREISE;;11004004;;GES;;;Insgesamt;323712;Anzahl;BEVSTD;Bevölkerungsstand
12411;;;;2025-12-31;KREISE;;03156;;GES;;;Insgesamt;-;Anzahl;BEVSTD;Bevölkerungsstand
12411;;;;2025-12-31;KREISE;;05566;;GES;;;Insgesamt;451004;Anzahl;BEVSTD;Bevölkerungsstand
12411;;;;2025-12-31;KREISE;;03455;;GES;;GESW;weiblich;51563;Anzahl;BEVSTD;Bevölkerungsstand
12411;;;;2025-12-31;KREISE;;05117;;GES;;GESM;männlich;83161;Anzahl;BEVSTD;Bevölkerungsstand
12411;;;;2025-12-31;KREISE;;05313;;GES;;;Insgesamt;-;Anzahl;BEVSTD;Bevölkerungsstand
12411;;;;2025-12-31;KREISE;;01059;Schleswig-Flensburg, Kreis;GES;;;Insgesamt;205816;Anzahl;BEVSTD;Bevölkerungsstand
12411;;;;2025-12-31;KREISE;;03156;;GES;;GESM;männlich;-;Anzahl;BEVSTD;Bevölkerungsstand
12411;;;;2025-12-31;KREISE;;09361;Amberg, kreisfreie Stadt;GES;;GESM;männlich;20990;Anzahl;BEVSTD;Bevölkerungsstand
12411;;;;2025-12-31;KREISE;;07333;Donnersbergkreis;GES;;GESW;weiblich;37738;Anzahl;BEVSTD;Bevölkerungsstand
12411;;;;2025-12-31;KREISE;;14612;;GES;;;Insgesamt;562764;Anzahl;BEVSTD;Bevölkerungsstand
12411;;;;2025-12-31;KREISE;;09274;Landshut, Landkreis;GES;;;Insgesamt;162624;Anzahl;BEVSTD;Bevölkerungsstand
12411;;;;2025-12-31;KREISE;;15358;Jerichower Land, Kreis;GES;;GESW;weiblich;-;Anzahl;BEVSTD;Bevölkerungsstand
12411;;;;2025-12-31;KREISE;;09274;;GES;;GESM;männlich;81814;Anzahl;BEVSTD;Bevölkerungsstand
12411;;;;2025-12-31;KREISE;;03254;;GES;;;Insgesamt;266613;Anzahl;BEVSTD;Bevölkerungsstand
12411;;;;2025-12-31;KREISE;;09176;;GES;;;Insgesamt;135982;Anzahl;BEVSTD;Bevölkerungsstand
12411;;;;2025-12-31;KREISE;;05770;Minden-Lübbecke, Kreis;GES;;GESW;weiblich;161019;Anzahl;BEVSTD;Bevölkerungsstand
12411;;;;2025-12-31;KREISE;;09361;;GES;;;Insgesamt;42631;Anzahl;BEVSTD;Bevölkerungsstand
12411;;;;2025-12-31;KREISE;;01002;Kiel, kreisfreie Stadt;GES;;GESM;männlich;123086;Anzahl;BEVSTD;Bevölkerungsstand
12411;;;;2025-12-31;KREISE;;08222;Mannheim, Stadtkreis;GES;;;Insgesamt;319536;Anzahl;BEVSTD;Bevölkerungsstand
12411;;;;2025-12-31;KREISE;;03461;;GES;;GESM;männlich;44389;Anzahl;BEVSTD;Bevölkerungsstand
12411;;;;2025-12-31;KREISE;;16054;Suhl, kreisfreie Stadt;GES;;;Insgesamt;33976;Anzahl;BEVSTD;Bevölkerungsstand
12411;;;;2025-12-31;KREISE;;15082;;GES;;GESW;weiblich;77167;Anzahl;BEVSTD;Bevölkerungsstand
12411;;;;2025-12-31;KREISE;;09162;München, kreisfreie Stadt;GES;;GESW;weiblich;768339;Anzahl;BEVSTD;Bevölkerungsstand
12411;;;;2025-12-31;KREISE;;01056;;GES;;GESW;weiblich;165814;Anzahl;BEVSTD;Bevölkerungsstand
12411;;;;2025-12-31;KREISE;;14272;Bautzen, Landkreis;GES;;GESW;weiblich;-;Anzahl;BEVSTD;Bevölkerungsstand
12411;;;;2025-12-31;KREISE;;14188;Stollberg, Landkreis;GES;;;Insgesamt;-;Anzahl;BEVSTD;Bevölkerungsstand
12411;;;;2025-12-31;KREISE;;15002;;GES;;GESM;männlich;109350;Anzahl;BEVSTD;Bevölkerungsstand
12411;;;;2025-12-31;KREISE;;09372;;GES;;GESM;männlich;64405;Anzahl;BEVSTD;Bevölkerungsstand
12411;;;;2025-12-31;KREISE;;09181;;GES;;GESM;männlich;60678;Anzahl;BEVSTD;Bevölkerungsstand
12411;;;;2025-12-31;KREISE;;03352;;GES;;;Insgesamt;198886;Anzahl;BEVSTD;Bevölkerungsstand
12411;;;;2025-12-31;KREISE;;05762;Höxter, Kreis;GES;;GESM;männlich;68907;Anzahl;BEVSTD;Bevölkerungsstand
12411;;;;2025-12-31;KREISE;;07137;Mayen-Koblenz, Landkreis;GES;;GESW;weiblich;109516;Anzahl;BEVSTD;Bevölkerungsstand
12411;;;;2025-12-31;KREISE;;09779;Donau-Ries, Landkreis;GES;;GESM;männlich;68555;Anzahl;BEVSTD;Bevölkerungsstand
12411;;;;2025-12-31;KREISE;;15085;Harz, Landkreis;GES;;;Insgesamt;202574;Anzahl;BEVSTD;Bevölkerungsstand
12411;;;;2025-12-31;KREISE;;11012012;;GES;;GESW;weiblich;131096;Anzahl;BEVSTD;Bevölkerungsstand
12411;;;;2025-12-31;KREISE;;09263;;GES;;;Insgesamt;49061;Anzahl;BEVSTD;Bevölkerungsstand
12411;;;;2025-12-31;KREISE;;08135;;GES;;;Insgesamt;135075;Anzahl;BEVSTD;Bevölkerungsstand
12411;;;;2025-12-31;KREISE;;05916;Herne, kreisfreie Stadt;GES;;;Insgesamt;156266;Anzahl;BEVSTD;Bevölkerungsstand
12411;;;;2025-12-31;KREISE;;13001;Greifswald, Hansestadt, kreisfreie Stadt;GES;;GESM;männlich;-;Anzahl;BEVSTD;Bevölkerungsstand
12411;;;;2025-12-31;KREISE;;07336;Kusel, Landkreis;GES;;;Insgesamt;68738;Anzahl;BEVSTD;Bevölkerungsstand
12411;;;;2025-12-31;KREISE;;14284;Niederschlesischer Oberlausitzkreis;GES;;;Insgesamt;-;Anzahl;BEVSTD;Bevölkerungsstand
12411;;;;2025-12-31;KREISE;;08211;Baden-Baden, Stadtkreis;GES;;GESM;männlich;27216;Anzahl;BEVSTD;Bevölkerungsstand
12411;;;;2025-12-31;KREISE;;08211;;GES;;;Insgesamt;56952;Anzahl;BEVSTD;Bevölkerungsstand
12411;;;;2025-12-31;KREISE;;07334;;GES;;GESM;männlich;65131;Anzahl;BEVSTD;Bevölkerungsstand
12411;;;;2025-12-31;KREISE;;16067;Gotha, Landkreis;GES;;;Insgesamt;134460;Anzahl;BEVSTD;Bevölkerungsstand
12411;;;;2025-12-31;KREISE;;09187;;GES;;;Insgesamt;258824;Anzahl;BEVSTD;Bevölkerungsstand
12411;;;;2025-12-31;KREISE;;13001;;GES;;;Insgesamt;-;Anzahl;BEVSTD;Bevölkerungsstand
12411;;;;2025-12-31;KREISE;;03456;Grafschaft Bentheim, Landkreis;GES;;;Insgesamt;144674;Anzahl;BEVSTD;Bevölkerungsstand
12411;;;;2025-12-31;KREISE;;09273;Kelheim, Landkreis;GES;;GESW;weiblich;62394;Anzahl;BEVSTD;Bevölkerungsstand
12411;;;;2025-12-31;KREISE;;12064;Märkisch-Oderland, Landkreis;GES;;GESW;weiblich;100037;Anzahl;BEVSTD;Bevölkerungsstand
12411;;;;2025-12-31;KREISE;;14286;Löbau-Zittau, Landkreis;GES;;GESM;männlich;-;Anzahl;BEVSTD;Bevölkerungsstand
12411;;;;2025-12-31;KREISE;;05116;Mönchengladbach, kreisfreie Stadt;GES;;GESW;weiblich;134169;Anzahl;BEVSTD;Bevölkerungsstand
12411;;;;2025-12-31;KREISE;;09175;Ebersberg, Landkreis;GES;;GESW;weiblich;72412;Anzahl;BEVSTD;Bevölkerungsstand
12411;;;;2025-12-31;KREISE;;14177;Freiberg, Landkreis;GES;;;Insgesamt;-;Anzahl;BEVSTD;Bevölkerungsstand
12411;;;;2025-12-31;KREISE;;12072;Teltow-Fläming, Landkreis;GES;;GESM;männlich;88860;Anzahl;BEVSTD;Bevölkerungsstand
12411;;;;2025-12-31;KREISE;;12072;;GES;;;Insgesamt;177982;Anzahl;BEVSTD;Bevölkerungsstand
12411;;;;2025-12-31;KREISE;;16065;;GES;;GESM;männlich;35029;Anzahl;BEVSTD;Bevölkerungsstand
12411;;;;2025-12-31;KREISE;;14177;;GES;;GESM;männlich;-;Anzahl;BEVSTD;Bevölkerungsstand
12411;;;;2025-12-31;KREISE;;07311;Frankenthal (Pfalz), kreisfreie Stadt;GES;;GESW;weiblich;24200;Anzahl;BEVSTD;Bevölkerungsstand
12411;;;;2025-12-31;KREISE;;15090;;GES;;GESM;männlich;52069;Anzahl;BEVSTD;Bevölkerungsstand
12411;;;;2025-12-31;KREISE;;13058;Landkreis Nordwestmecklenburg;GES;;GESM;männlich;-;Anzahl;BEVSTD;Bevölkerungsstand
12411;;;;2025-12-31;KREISE;;07138;;GES;;GESM;männlich;93699;Anzahl;BEVSTD;Bevölkerungsstand
12411;;;;2025-12-31;KREISE;;08222;;GES;;GESM;männlich;160106;Anzahl;BEVSTD;Bevölkerungsstand
12411;;;;2025-12-31;KREISE;;16054;;GES;;GESM;männlich;16497;Anzahl;BEVSTD;Bevölkerungsstand
12411;;;;2025-12-31;KREISE;;05914;;GES;;GESM;männlich;93583;Anzahl;BEVSTD;Bevölkerungsstand
12411;;;;2025-12-31;KREISE;;03254;;GES;;GESM;männlich;130481;Anzahl;BEVSTD;Bevölkerungsstand
12411;;;;2025-12-31;KREISE;;12053;Frankfurt (Oder), kreisfreie Stadt;GES;;GESW;weiblich;28948;Anzahl;BEVSTD;Bevölkerungsstand
12411;;;;2025-12-31;KREISE;;01059;;GES;;GESM;männlich;101220;Anzahl;BEVSTD;Bevölkerungsstand
12411;;;;2025-12-31;KREISE;;09678;Schweinfurt, Landkreis;GES;;GESW;weiblich;56708;Anzahl;BEVSTD;Bevölkerungsstand
12411;;;;2025-12-31;KREISE;;14166;;GES;;;Insgesamt;-;Anzahl;BEVSTD;Bevölkerungsstand
12411;;;;2025-12-31;KREISE;;01002;;GES;;;Insgesamt;251842;Anzahl;BEVSTD;Bevölkerungsstand
12411;;;;2025-12-31;KREISE;;05117;;GES;;;Insgesamt;171674;Anzahl;BEVSTD;Bevölkerungsstand
12411;;;;2025-12-31;KREISE;;09186;Pfaffenhofen a.d.Ilm, Landkreis;GES;;GESW;weiblich;64771;Anzahl;BEVSTD;Bevölkerungsstand
12411;;;;2025-12-31;KREISE;;14524;Zwickau, Landkreis;GES;;GESW;weiblich;154808;Anzahl;BEVSTD;Bevölkerungsstand
12411;;;;2025-12-31;KREISE;;05378;Rheinisch-Bergischer Kreis;GES;;GESW;weiblich;145755;Anzahl;BEVSTD;Bevölkerungsstand
12411;;;;2025-12-31;KREISE;;14161;Chemnitz, kreisfreie Stadt;GES;;GESW;weiblich;-;Anzahl;BEVSTD;Bevölkerungsstand
12411;;;;2025-12-31;KREISE;;03352;;GES;;GESM;männlich;97333;Anzahl;BEVSTD;Bevölkerungsstand
12411;;;;2025-12-31;KREISE;;12061;Dahme-Spreewald, Landkreis;GES;;;Insgesamt;179480;Anzahl;BEVSTD;Bevölkerungsstand
12411;;;;2025-12-31;KREISE;;14188;;GES;;GESM;männlich;-;Anzahl;BEVSTD;Bevölkerungsstand
12411;;;;2025-12-31;KREISE;;05170;;GES;;;Insgesamt;457020;Anzahl;BEVSTD;Bevölkerungsstand
12411;;;;2025-12-31;KREISE;;09776;Lindau (Bodensee), Landkreis;GES;;GESW;weiblich;41976;Anzahl;BEVSTD;Bevölkerungsstand
12411;;;;2025-12-31;KREISE;;09371;Amberg-Sulzbach, Landkreis;GES;;GESW;weiblich;51957;Anzahl;BEVSTD;Bevölkerungsstand
12411;;;;2025-12-31;KREISE;;09261;Landshut, kreisfreie Stadt;GES;;GESM;männlich;35320;Anzahl;BEVSTD;Bevölkerungsstand
12411;;;;2025-12-31;KREISE;;03355;;GES;;GESW;weiblich;92392;Anzahl;BEVSTD;Bevölkerungsstand
12411;;;;2025-12-31;KREISE;;07314;Ludwigshafen am Rhein, kreisfreie Stadt;GES;;;Insgesamt;177355;Anzahl;BEVSTD;Bevölkerungsstand
12411;;;;2025-12-31;KREISE;;15083;Börde, Landkreis;GES;;;Insgesamt;167314;Anzahl;BEVSTD;Bevölkerungsstand
12411;;;;2025-12-31;KREISE;;14264;;GES;;;Insgesamt;-;Anzahl;BEVSTD;Bevölkerungsstand
12411;;;;2025-12-31;KREISE;;08231;Pforzheim, Stadtkreis;GES;;GESM;männlich;66100;Anzahl;BEVSTD;Bevölkerungsstand
12411;;;;2025-12-31;KREISE;;07314;;GES;;GESM;männlich;89841;Anzahl;BEVSTD;Bevölkerungsstand
12411;;;;2025-12-31;KREISE;;05554;Borken, Kreis;GES;;GESW;weiblich;189690;Anzahl;BEVSTD;Bevölkerungsstand
12411;;;;2025-12-31;KREISE;;03158;Wolfenbüttel, Landkreis;GES;;GESM;männlich;58393;Anzahl;BEVSTD;Bevölkerungsstand
12411;;;;2025-12-31;KREISE;;09163;;GES;;;Insgesamt;65808;Anzahl;BEVSTD;Bevölkerungsstand
12411;;;;2025-12-31;KREISE;;05915;Hamm, kreisfreie Stadt;GES;;GESW;weiblich;90544;Anzahl;BEVSTD;Bevölkerungsstand
12411;;;;2025-12-31;KREISE;;13059;Ostvorpommern, Landkreis;GES;;GESW;weiblich;-;Anzahl;BEVSTD;Bevölkerungsstand
12411;;;;2025-12-31;KREISE;;08231;;GES;;;Insgesamt;134422;Anzahl;BEVSTD;Bevölkerungsstand
12411;;;;2025-12-31;KREISE;;03102;;GES;;GESW;weiblich;51914;Anzahl;BEVSTD;Bevölkerungsstand
12411;;;;2025-12-31;KREISE;;03453;;GES;;GESW;weiblich;87461;Anzahl;BEVSTD;Bevölkerungsstand
12411;;;;2025-12-31;KREISE;;14285;Riesa-Großenhain, Landkreis;GES;;GESW;weiblich;-;Anzahl;BEVSTD;Bevölkerungsstand
12411;;;;2025-12-31;KREISE;;01057;Plön, Kreis;GES;;;Insgesamt;130318;Anzahl;BEVSTD;Bevölkerungsstand
12411;;;;2025-12-31;KREISE;;01001;Flensburg, kreisfreie Stadt;GES;;GESW;weiblich;48270;Anzahl;BEVSTD;Bevölkerungsstand
12411;;;;2025-12-31;KREISE;;07335;Kaiserslautern, Landkreis;GES;;GESW;weiblich;54081;Anzahl;BEVSTD;Bevölkerungsstand
12411;;;;2025-12-31;KREISE;;03158;;GES;;;Insgesamt;117844;Anzahl;BEVSTD;Bevölkerungsstand
12411;;;;2025-12-31;KREISE;;09272;Freyung-Grafenau, Landkreis;GES;;;Insgesamt;78441;Anzahl;BEVSTD;Bevölkerungsstand
12411;;;;2025-12-31;KREISE;;09272;;GES;;GESM;männlich;38928;Anzahl;BEVSTD;Bevölkerungsstand
12411;;;;2025-12-31;KREISE;;03159;;GES;;GESW;weiblich;168528;Anzahl;BEVSTD;Bevölkerungsstand
12411;;;;2025-12-31;KREISE;;11008008;Berlin-Neukölln;GES;;;Insgesamt;309241;Anzahl;BEVSTD;Bevölkerungsstand
12411;;;;2025-12-31;KREISE;;09777;;GES;;GESM;männlich;70588;Anzahl;BEVSTD;Bevölkerungsstand
12411;;;;2025-12-31;KREISE;;13002;Neubrandenburg, Stadt,  kreisfreie Stadt;GES;;GESW;weiblich;-;Anzahl;BEVSTD;Bevölkerungsstand
12411;;;;2025-12-31;KREISE;;09174;;GES;;;Insgesamt;154176;Anzahl;BEVSTD;Bevölkerungsstand
12411;;;;2025-12-31;KREISE;;16056;Eisenach, kreisfreie Stadt;GES;;;Insgesamt;-;Anzahl;BEVSTD;Bevölkerungsstand
12411;;;;2025-12-31;KREISE;;11000;Berlin, kreisfreie Stadt;GES;;;Insgesamt;3700577;Anzahl;BEVSTD;Bevölkerungsstand
12411;;;;2025-12-31;KREISE;;11012012;;GES;;;Insgesamt;257225;Anzahl;BEVSTD;Bevölkerungsstand
12411;;;;2025-12-31;KREISE;;03256;Nienburg (Weser), Landkreis;GES;;;Insgesamt;121159;Anzahl;BEVSTD;Bevölkerungsstand
12411;;;;2025-12-31;KREISE;;14625;Bautzen, Landkreis;GES;;GESM;männlich;143197;Anzahl;BEVSTD;Bevölkerungsstand
12411;;;;2025-12-31;KREISE;;09183;;GES;;GESM;männlich;61859;Anzahl;BEVSTD;Bevölkerungsstand
12411;;;;2025-12-31;KREISE;;03354;Lüchow-Dannenberg, Landkreis;GES;;;Insgesamt;46471;Anzahl;BEVSTD;Bevölkerungsstand
12411;;;;2025-12-31;KREISE;;08111;Stuttgart, Stadtkreis;GES;;GESM;männlich;302700;Anzahl;BEVSTD;Bevölkerungsstand
12411;;;;2025-12-31;KREISE;;05358;Düren, Kreis;GES;;GESW;weiblich;140344;Anzahl;BEVSTD;Bevölkerungsstand
12411;;;;2025-12-31;KREISE;;12061;;GES;;GESM;männlich;88963;Anzahl;BEVSTD;Bevölkerungsstand
12411;;;;2025-12-31;KREISE;;11008008;;GES;;GESW;weiblich;155783;Anzahl;BEVSTD;Bevölkerungsstand
12411;;;;2025-12-31;KREISE;;03101;Braunschweig, kreisfreie Stadt;GES;;GESM;männlich;125171;Anzahl;BEVSTD;Bevölkerungsstand
12411;;;;2025-12-31;KREISE;;01058;Rendsburg-Eckernförde, Kreis;GES;;GESW;weiblich;141200;Anzahl;BEVSTD;Bevölkerungsstand
12411;;;;2025-12-31;KREISE;;03257;;GES;;GESW;weiblich;79668;Anzahl;BEVSTD;Bevölkerungsstand
12411;;;;2025-12-31;KREISE;;09261;;GES;;;Insgesamt;71922;Anzahl;BEVSTD;Bevölkerungsstand
12411;;;;2025-12-31;KREISE;;08221;Heidelberg, Stadtkreis;GES;;GESW;weiblich;81491;Anzahl;BEVSTD;Bevölkerungsstand
12411;;;;2025-12-31;KREISE;;15202;Halle (Saale), kreisfreie Stadt;GES;;GESM;männlich;-;Anzahl;BEVSTD;Bevölkerungsstand
12411;;;;2025-12-31;KREISE;;14286;;GES;;;Insgesamt;-;Anzahl;BEVSTD;Bevölkerungsstand
12411;;;;2025-12-31;KREISE;;13003;Rostock, kreisfreie Stadt;GES;;;Insgesamt;204929;Anzahl;BEVSTD;Bevölkerungsstand
12411;;;;2025-12-31;KREISE;;07336;;GES;;GESM;männlich;34257;Anzahl;BEVSTD;Bevölkerungsstand
12411;;;;2025-12-31;KREISE;;14284;;GES;;GESM;männlich;-;Anzahl;BEVSTD;Bevölkerungsstand
12411;;;;2025-12-31;KREISE;;16069;;GES;;;Insgesamt;59287;Anzahl;BEVSTD;Bevölkerungsstand
12411;;;;2025-12-31;KREISE;;09185;;GES;;;Insgesamt;99429;Anzahl;BEVSTD;Bevölkerungsstand
12411;;;;2025-12-31;KREISE;;03454;Emsland, Landkreis;GES;;;Insgesamt;334403;Anzahl;BEVSTD;Bevölkerungsstand
12411;;;;2025-12-31;KREISE;;07338;;GES;;;Insgesamt;155710;Anzahl;BEVSTD;Bevölkerungsstand
12411;;;;2025-12-31;KREISE;;03452;Aurich, Landkreis;GES;;GESM;männlich;92577;Anzahl;BEVSTD;Bevölkerungsstand
12411;;;;2025-12-31;KREISE;;09271;Deggendorf, Landkreis;GES;;GESW;weiblich;60708;Anzahl;BEVSTD;Bevölkerungsstand
12411;;;;2025-12-31;KREISE;;12062;Elbe-Elster, Landkreis;GES;;GESW;weiblich;49062;Anzahl;BEVSTD;Bevölkerungsstand
12411;;;;2025-12-31;KREISE;;09679;;GES;;GESM;männlich;79775;Anzahl;BEVSTD;Bevölkerungsstand
12411;;;;2025-12-31;KREISE;;09173;Bad Tölz-Wolfratshausen, Landkreis;GES;;GESW;weiblich;66006;Anzahl;BEVSTD;Bevölkerungsstand
12411;;;;2025-12-31;KREISE;;09172;;GES;;GESM;männlich;51451;Anzahl;BEVSTD;Bevölkerungsstand
12411;;;;2025-12-31;KREISE;;15357;Halberstadt, Kreis;GES;;GESM;männlich;-;Anzahl;BEVSTD;Bevölkerungsstand
12411;;;;2025-12-31;KREISE;;05114;Krefeld, kreisfreie Stadt;GES;;GESW;weiblich;117284;Anzahl;BEVSTD;Bevölkerungsstand
12411;;;;2025-12-31;KREISE;;15202;;GES;;;Insgesamt;-;Anzahl;BEVSTD;Bevölkerungsstand
12411;;;;2025-12-31;KREISE;;16067;;GES;;GESM;männlich;66547;Anzahl;BEVSTD;Bevölkerungsstand
12411;;;;2025-12-31;KREISE;;07313;Landau in der Pfalz, kreisfreie Stadt;GES;;GESW;weiblich;24995;Anzahl;BEVSTD;Bevölkerungsstand
12411;;;;2025-12-31;KREISE;;13003;;GES;;GESM;männlich;99895;Anzahl;BEVSTD;Bevölkerungsstand
12411;;;;2025-12-31;KREISE;;16068;Sömmerda, Landkreis;GES;;GESW;weiblich;33713;Anzahl;BEVSTD;Bevölkerungsstand
12411;;;;2025-12-31;KREISE;;09779;;GES;;;Insgesamt;135262;Anzahl;BEVSTD;Bevölkerungsstand
12411;;;;2025-12-31;KREISE;;11004004;;GES;;GESW;weiblich;168452;Anzahl;BEVSTD;Bevölkerungsstand
12411;;;;2025-12-31;KREISE;;16056;;GES;;GESM;männlich;-;Anzahl;BEVSTD;Bevölkerungsstand
12411;;;;2025-12-31;KREISE;;14383;Muldentalkreis;GES;;GESW;weiblich;-;Anzahl;BEVSTD;Bevölkerungsstand
12411;;;;2025-12-31;KREISE;;05916;;GES;;GESM;männlich;76669;Anzahl;BEVSTD;Bevölkerungsstand
12411;;;;2025-12-31;KREISE;;12051;Brandenburg an der Havel, kreisfreie Stadt;GES;;GESW;weiblich;37829;Anzahl;BEVSTD;Bevölkerungsstand
12411;;;;2025-12-31;KREISE;;01057;;GES;;GESM;männlich;62695;Anzahl;BEVSTD;Bevölkerungsstand
12411;;;;2025-12-31;KREISE;;09184;München, Landkreis;GES;;GESW;weiblich;178823;Anzahl;BEVSTD;Bevölkerungsstand
12411;;;;2025-12-31;KREISE;;15369;Wernigerode, Kreis;GES;;GESW;weiblich;-;Anzahl;BEVSTD;Bevölkerungsstand
12411;;;;2025-12-31;KREISE;;05762;;GES;;;Insgesamt;138156;Anzahl;BEVSTD;Bevölkerungsstand
12411;;;;2025-12-31;KREISE;;03101;;GES;;;Insgesamt;252811;Anzahl;BEVSTD;Bevölkerungsstand
12411;;;;2025-12-31;KREISE;;05334;Städteregion Aachen, Kreis;GES;;GESW;weiblich;287983;Anzahl;BEVSTD;Bevölkerungsstand
12411;;;;2025-12-31;KREISE;;09161;;GES;;GESM;männlich;71645;Anzahl;BEVSTD;Bevölkerungsstand
12411;;;;2025-12-31;KREISE;;11000;;GES;;GESM;männlich;1819065;Anzahl;BEVSTD;Bevölkerungsstand
12411;;;;2025-12-31;KREISE;;03256;;GES;;GESM;männlich;59967;Anzahl;BEVSTD;Bevölkerungsstand
12411;;;;2025-12-31;KREISE;;15081;Altmarkkreis Salzwedel;GES;;GESM;männlich;39442;Anzahl;BEVSTD;Bevölkerungsstand
12411;;;;2025-12-31;KREISE;;14625;;GES;;;Insgesamt;290610;Anzahl;BEVSTD;Bevölkerungsstand
12411;;;;2025-12-31;KREISE;;03354;;GES;;GESM;männlich;22690;Anzahl;BEVSTD;Bevölkerungsstand
12411;;;;2025-12-31;KREISE;;09778;Unterallgäu, Landkreis;GES;;GESW;weiblich;73068;Anzahl;BEVSTD;Bevölkerungsstand
12411;;;;2025-12-31;KREISE;;08111;;GES;;;Insgesamt;609365;Anzahl;BEVSTD;Bevölkerungsstand
12411;;;;2025-12-31;KREISE;;12063;;GES;;;Insgesamt;170792;Anzahl;BEVSTD;Bevölkerungsstand
12411;;;;2025-12-31;KREISE;;16056;;GES;;GESW;weiblich;-;Anzahl;BEVSTD;Bevölkerungsstand
12411;;;;2025-12-31;KREISE;;13053;;GES;;GESW;weiblich;-;Anzahl;BEVSTD;Bevölkerungsstand
12411;;;;2025-12-31;KREISE;;06531;;GES;;GESM;männlich;131223;Anzahl;BEVSTD;Bevölkerungsstand
12411;;;;2025-12-31;KREISE;;03353;Harburg, Landkreis;GES;;GESW;weiblich;134021;Anzahl;BEVSTD;Bevölkerungsstand
12411;;;;2025-12-31;KREISE;;05970;Siegen-Wittgenstein, Kreis;GES;;GESW;weiblich;136835;Anzahl;BEVSTD;Bevölkerungsstand
12411;;;;2025-12-31;KREISE;;15081;;GES;;;Insgesamt;79460;Anzahl;BEVSTD;Bevölkerungsstand
12411;;;;2025-12-31;KREISE;;07331;;GES;;;Insgesamt;131076;Anzahl;BEVSTD;Bevölkerungsstand
12411;;;;2025-12-31;KREISE;;06531;;GES;;;Insgesamt;267283;Anzahl;BEVSTD;Bevölkerungsstand
12411;;;;2025-12-31;KREISE;;09184;;GES;;;Insgesamt;353994;Anzahl;BEVSTD;Bevölkerungsstand
12411;;;;2025-12-31;KREISE;;15256;;GES;;GESW;weiblich;-;Anzahl;BEVSTD;Bevölkerungsstand
12411;;;;2025-12-31;KREISE;;07331;;GES;;GESM;männlich;64875;Anzahl;BEVSTD;Bevölkerungsstand
12411;;;;2025-12-31;KREISE;;15003;;GES;;GESW;weiblich;122944;Anzahl;BEVSTD;Bevölkerungsstand
12411;;;;2025-12-31;KREISE;;06433;;GES;;GESM;männlich;134580;Anzahl;BEVSTD;Bevölkerungsstand
12411;;;;2025-12-31;KREISE;;09678;;GES;;GESM;männlich;56900;Anzahl;BEVSTD;Bevölkerungsstand
12411;;;;2025-12-31;KREISE;;09173;;GES;;GESM;männlich;64075;Anzahl;BEVSTD;Bevölkerungsstand
12411;;;;2025-12-31;KREISE;;04012;;GES;;GESM;männlich;59104;Anzahl;BEVSTD;Bevölkerungsstand
12411;;;;2025-12-31;KREISE;;03451;;GES;;GESW;weiblich;65102;Anzahl;BEVSTD;Bevölkerungsstand
12411;;;;2025-12-31;KREISE;;05370;;GES;;GESM;männlich;130654;Anzahl;BEVSTD;Bevölkerungsstand
12411;;;;2025-12-31;KREISE;;01055;Ostholstein, Kreis;GES;;;Insgesamt;201222;Anzahl;BEVSTD;Bevölkerungsstand
12411;;;;2025-12-31;KREISE;;04012;;GES;;;Insgesamt;118502;Anzahl;BEVSTD;Bevölkerungsstand
12411;;;;2025-12-31;KREISE;;09762;;GES;;GESW;weiblich;23448;Anzahl;BEVSTD;Bevölkerungsstand
12411;;;;2025-12-31;KREISE;;15101;;GES;;GESW;weiblich;-;Anzahl;BEVSTD;Bevölkerungsstand
12411;;;;2025-12-31;KREISE;;09678;;GES;;;Insgesamt;113608;Anzahl;BEVSTD;Bevölkerungsstand
12411;;;;2025-12-31;KREISE;;09577;;GES;;GESW;weiblich;47414;Anzahl;BEVSTD;Bevölkerungsstand
12411;;;;2025-12-31;KREISE;;16067;;GES;;GESW;weiblich;67913;Anzahl;BEVSTD;Bevölkerungsstand
12411;;;;2025-12-31;KREISE;;14292;;GES;;;Insgesamt;-;Anzahl;BEVSTD;Bevölkerungsstand
12411;;;;2025-12-31;KREISE;;14522;;GES;;;Insgesamt;294037;Anzahl;BEVSTD;Bevölkerungsstand
12411;;;;2025-12-31;KREISE;;05766;;GES;;GESM;männlich;170379;Anzahl;BEVSTD;Bevölkerungsstand
12411;;;;2025-12-31;KREISE;;07135;;GES;;GESM;männlich;30695;Anzahl;BEVSTD;Bevölkerungsstand
12411;;;;2025-12-31;KREISE;;03103;Wolfsburg, kreisfreie Stadt;GES;;GESM;männlich;64949;Anzahl;BEVSTD;Bevölkerungsstand
12411;;;;2025-12-31;KREISE;;05314;;GES;;GESW;weiblich;167695;Anzahl;BEVSTD;Bevölkerungsstand
12411;;;;2025-12-31;KREISE;;13056;;GES;;;Insgesamt;-;Anzahl;BEVSTD;Bevölkerungsstand
12411;;;;2025-12-31;KREISE;;09776;;GES;;;Insgesamt;82399;Anzahl;BEVSTD;Bevölkerungsstand
12411;;;;2025-12-31;KREISE;;03157;Peine, Landkreis;GES;;GESW;weiblich;69102;Anzahl;BEVSTD;Bevölkerungsstand
12411;;;;2025-12-31;KREISE;;07320;;GES;;GESM;männlich;16458;Anzahl;BEVSTD;Bevölkerungsstand
12411;;;;2025-12-31;KREISE;;05774;Paderborn, Kreis;GES;;GESW;weiblich;157004;Anzahl;BEVSTD;Bevölkerungsstand
12411;;;;2025-12-31;KREISE;;09675;;GES;;GESW;weiblich;45609;Anzahl;BEVSTD;Bevölkerungsstand
12411;;;;2025-12-31;KREISE;;07233;;GES;;GESM;männlich;29671;Anzahl;BEVSTD;Bevölkerungsstand
12411;;;;2025-12-31;KREISE;;09162;;GES;;GESM;männlich;736697;Anzahl;BEVSTD;Bevölkerungsstand
12411;;;;2025-12-31;KREISE;;14161;;GES;;;Insgesamt;-;Anzahl;BEVSTD;Bevölkerungsstand
12411;;;;2025-12-31;KREISE;;07211;;GES;;;Insgesamt;105054;Anzahl;BEVSTD;Bevölkerungsstand
12411;;;;2025-12-31;KREISE;;06433;;GES;;;Insgesamt;268614;Anzahl;BEVSTD;Bevölkerungsstand
12411;;;;2025-12-31;KREISE;;03356;Osterholz, Landkreis;GES;;;Insgesamt;113340;Anzahl;BEVSTD;Bevölkerungsstand
12411;;;;2025-12-31;KREISE;;03255;Holzminden, Landkreis;GES;;GESW;weiblich;32735;Anzahl;BEVSTD;Bevölkerungsstand
12411;;;;2025-12-31;KREISE;;09181;;GES;;GESW;weiblich;61629;Anzahl;BEVSTD;Bevölkerungsstand
12411;;;;2025-12-31;KREISE;;05513;;GES;;;Insgesamt;266199;Anzahl;BEVSTD;Bevölkerungsstand
12411;;;;2025-12-31;KREISE;;09773;;GES;;GESW;weiblich;49344;Anzahl;BEVSTD;Bevölkerungsstand
12411;;;;2025-12-31;KREISE;;11011011;Berlin-Lichtenberg;GES;;GESM;männlich;150672;Anzahl;BEVSTD;Bevölkerungsstand
12411;;;;2025-12-31;KREISE;;03452;;GES;;;Insgesamt;188450;Anzahl;BEVSTD;Bevölkerungsstand
12411;;;;2025-12-31;KREISE;;12068;;GES;;GESW;weiblich;49833;Anzahl;BEVSTD;Bevölkerungsstand
12411;;;;2025-12-31;KREISE;;15355;;GES;;GESM;männlich;-;Anzahl;BEVSTD;Bevölkerungsstand
12411;;;;2025-12-31;KREISE;;15357;;GES;;;Insgesamt;-;Anzahl;BEVSTD;Bevölkerungsstand
12411;;;;2025-12-31;KREISE;;07232;;GES;;GESW;weiblich;49450;Anzahl;BEVSTD;Bevölkerungsstand
12411;;;;2025-12-31;KREISE;;06432;;GES;;GESW;weiblich;152012;Anzahl;BEVSTD;Bevölkerungsstand
12411;;;;2025-12-31;KREISE;;03454;;GES;;GESM;männlich;169645;Anzahl;BEVSTD;Bevölkerungsstand
12411;;;;2025-12-31;KREISE;;14191;;GES;;GESW;weiblich;-;Anzahl;BEVSTD;Bevölkerungsstand
12411;;;;2025-12-31;KREISE;;15091;;GES;;GESW;weiblich;61206;Anzahl;BEVSTD;Bevölkerungsstand
12411;;;;2025-12-31;KREISE;;11011011;;GES;;;Insgesamt;305118;Anzahl;BEVSTD;Bevölkerungsstand
12411;;;;2025-12-31;KREISE;;08426;;GES;;GESW;weiblich;102929;Anzahl;BEVSTD;Bevölkerungsstand
12411;;;;2025-12-31;KREISE;;10042;;GES;;GESM;männlich;53818;Anzahl;BEVSTD;Bevölkerungsstand
12411;;;;2025-12-31;KREISE;;07111;;GES;;GESM;männlich;55964;Anzahl;BEVSTD;Bevölkerungsstand
12411;;;;2025-12-31;KREISE;;05370;;GES;;;Insgesamt;263507;Anzahl;BEVSTD;Bevölkerungsstand
12411;;;;2025-12-31;KREISE;;03356;;GES;;GESM;männlich;55352;Anzahl;BEVSTD;Bevölkerungsstand
12411;;;;2025-12-31;KREISE;;11005005;Berlin-Spandau;GES;;;Insgesamt;248122;Anzahl;BEVSTD;Bevölkerungsstand
12411;;;;2025-12-31;KREISE;;09776;;GES;;GESM;männlich;40423;Anzahl;BEVSTD;Bevölkerungsstand
12411;;;;2025-12-31;KREISE;;07320;;GES;;;Insgesamt;33178;Anzahl;BEVSTD;Bevölkerungsstand
12411;;;;2025-12-31;KREISE;;08317;;GES;;GESW;weiblich;223174;Anzahl;BEVSTD;Bevölkerungsstand
12411;;;;2025-12-31;KREISE;;05513;;GES;;GESM;männlich;131636;Anzahl;BEVSTD;Bevölkerungsstand
12411;;;;2025-12-31;KREISE;;07135;;GES;;;Insgesamt;61380;Anzahl;BEVSTD;Bevölkerungsstand
12411;;;;2025-12-31;KREISE;;01055;;GES;;GESM;männlich;96647;Anzahl;BEVSTD;Bevölkerungsstand
12411;;;;2025-12-31;KREISE;;08416;;GES;;;Insgesamt;233593;Anzahl;BEVSTD;Bevölkerungsstand
12411;;;;2025-12-31;KREISE;;09171;;GES;;;Insgesamt;113775;Anzahl;BEVSTD;Bevölkerungsstand
12411;;;;2025-12-31;KREISE;;09662;;GES;;GESW;weiblich;27414;Anzahl;BEVSTD;Bevölkerungsstand
12411;;;;2025-12-31;KREISE;;09186;;GES;;GESM;männlich;66308;Anzahl;BEVSTD;Bevölkerungsstand
12411;;;;2025-12-31;KREISE;;07233;;GES;;;Insgesamt;59160;Anzahl;BEVSTD;Bevölkerungsstand
12411;;;;2025-12-31;KREISE;;03462;;GES;;GESW;weiblich;28529;Anzahl;BEVSTD;Bevölkerungsstand
12411;;;;2025-12-31;KREISE;;15159;;GES;;GESM;männlich;-;Anzahl;BEVSTD;Bevölkerungsstand
12411;;;;2025-12-31;KREISE;;08415;;GES;;GESW;weiblich;148048;Anzahl;BEVSTD;Bevölkerungsstand
12411;;;;2025-12-31;KREISE;;15083;;GES;;GESM;männlich;83178;Anzahl;BEVSTD;Bevölkerungsstand
12411;;;;2025-12-31;KREISE;;13054;;GES;;GESM;männlich;-;Anzahl;BEVSTD;Bevölkerungsstand
12411;;;;2025-12-31;KREISE;;14161;;GES;;GESM;männlich;-;Anzahl;BEVSTD;Bevölkerungsstand
12411;;;;2025-12-31;KREISE;;03103;;GES;;;Insgesamt;129813;Anzahl;BEVSTD;Bevölkerungsstand
12411;;;;2025-12-31;KREISE;;11005005;;GES;;GESM;männlich;121149;Anzahl;BEVSTD;Bevölkerungsstand
12411;;;;2025-12-31;KREISE;;15367;;GES;;GESW;weiblich;-;Anzahl;BEVSTD;Bevölkerungsstand
12411;;;;2025-12-31;KREISE;;07134;;GES;;GESW;weiblich;41651;Anzahl;BEVSTD;Bevölkerungsstand
12411;;;;2025-12-31;KREISE;;07333;;GES;;;Insgesamt;74588;Anzahl;BEVSTD;Bevölkerungsstand
12411;;;;2025-12-31;KREISE;;16054;;GES;;GESW;weiblich;17479;Anzahl;BEVSTD;Bevölkerungsstand
12411;;;;2025-12-31;KREISE;;05558;;GES;;GESW;weiblich;115090;Anzahl;BEVSTD;Bevölkerungsstand
12411;;;;2025-12-31;KREISE;;03351;Celle, Landkreis;GES;;GESW;weiblich;87957;Anzahl;BEVSTD;Bevölkerungsstand
12411;;;;2025-12-31;KREISE;;13055;;GES;;GESW;weiblich;-;Anzahl;BEVSTD;Bevölkerungsstand
12411;;;;2025-12-31;KREISE;;15268;;GES;;GESM;männlich;-;Anzahl;BEVSTD;Bevölkerungsstand
12411;;;;2025-12-31;KREISE;;15001;;GES;;GESW;weiblich;39143;Anzahl;BEVSTD;Bevölkerungsstand
12411;;;;2025-12-31;KREISE;;07333;;GES;;GESM;männlich;36850;Anzahl;BEVSTD;Bevölkerungsstand
12411;;;;2025-12-31;KREISE;;05512;;GES;;GESW;weiblich;60803;Anzahl;BEVSTD;Bevölkerungsstand
12411;;;;2025-12-31;KREISE;;14181;;GES;;;Insgesamt;-;Anzahl;BEVSTD;Bevölkerungsstand
12411;;;;2025-12-31;KREISE;;06431;;GES;;GESM;männlich;134837;Anzahl;BEVSTD;Bevölkerungsstand
12411;;;;2025-12-31;KREISE;;05315;;GES;;GESM;männlich;498410;Anzahl;BEVSTD;Bevölkerungsstand
12411;;;;2025-12-31;KREISE;;09182;;GES;;;Insgesamt;96924;Anzahl;BEVSTD;Bevölkerungsstand
12411;;;;2025-12-31;KREISE;;09676;;GES;;GESM;männlich;62881;Anzahl;BEVSTD;Bevölkerungsstand
12411;;;;2025-12-31;KREISE;;09175;;GES;;GESM;männlich;72114;Anzahl;BEVSTD;Bevölkerungsstand
12411;;;;2025-12-31;KREISE;;05315;;GES;;;Insgesamt;1025523;Anzahl;BEVSTD;Bevölkerungsstand
12411;;;;2025-12-31;KREISE;;15352;;GES;;GESW;weiblich;-;Anzahl;BEVSTD;Bevölkerungsstand
12411;;;;2025-12-31;KREISE;;05119;;GES;;GESM;männlich;103905;Anzahl;BEVSTD;Bevölkerungsstand
12411;;;;2025-12-31;KREISE;;14171;;GES;;GESW;weiblich;-;Anzahl;BEVSTD;Bevölkerungsstand
12411;;;;2025-12-31;KREISE;;01053;;GES;;;Insgesamt;206492;Anzahl;BEVSTD;Bevölkerungsstand
12411;;;;2025-12-31;KREISE;;15268;;GES;;;Insgesamt;-;Anzahl;BEVSTD;Bevölkerungsstand
12411;;;;2025-12-31;KREISE;;09764;;GES;;GESW;weiblich;22336;Anzahl;BEVSTD;Bevölkerungsstand
12411;;;;2025-12-31;KREISE;;09676;;GES;;;Insgesamt;126746;Anzahl;BEVSTD;Bevölkerungsstand
12411;;;;2025-12-31;KREISE;;15090;;GES;;;Insgesamt;105803;Anzahl;BEVSTD;Bevölkerungsstand
12411;;;;2025-12-31;KREISE;;16065;;GES;;GESW;weiblich;35606;Anzahl;BEVSTD;Bevölkerungsstand
12411;;;;2025-12-31;KREISE;;07137;;GES;;GESM;männlich;107280;Anzahl;BEVSTD;Bevölkerungsstand
12411;;;;2025-12-31;KREISE;;14524;;GES;;;Insgesamt;303634;Anzahl;BEVSTD;Bevölkerungsstand
12411;;;;2025-12-31;KREISE;;05316;;GES;;GESW;weiblich;85296;Anzahl;BEVSTD;Bevölkerungsstand
12411;;;;2025-12-31;KREISE;;13058;;GES;;;Insgesamt;-;Anzahl;BEVSTD;Bevölkerungsstand
12411;;;;2025-12-31;KREISE;;11002002;Berlin-Friedrichshain-Kreuzberg;GES;;;Insgesamt;267258;Anzahl;BEVSTD;Bevölkerungsstand
12411;;;;2025-12-31;KREISE;;09774;;GES;;;Insgesamt;129580;Anzahl;BEVSTD;Bevölkerungsstand
12411;;;;2025-12-31;KREISE;;15159;;GES;;;Insgesamt;-;Anzahl;BEVSTD;Bevölkerungsstand
12411;;;;2025-12-31;KREISE;;03155;Northeim, Landkreis;GES;;GESW;weiblich;63027;Anzahl;BEVSTD;Bevölkerungsstand
12411;;;;2025-12-31;KREISE;;14181;;GES;;GESM;männlich;-;Anzahl;BEVSTD;Bevölkerungsstand
12411;;;;2025-12-31;KREISE;;09677;;GES;;GESW;weiblich;62465;Anzahl;BEVSTD;Bevölkerungsstand
12411;;;;2025-12-31;KREISE;;07235;;GES;;GESM;männlich;73568;Anzahl;BEVSTD;Bevölkerungsstand
12411;;;;2025-12-31;KREISE;;01054;;GES;;GESW;weiblich;87201;Anzahl;BEVSTD;Bevölkerungsstand
12411;;;;2025-12-31;KREISE;;08416;;GES;;GESM;männlich;113069;Anzahl;BEVSTD;Bevölkerungsstand
12411;;;;2025-12-31;KREISE;;03358;Heidekreis;GES;;;Insgesamt;141473;Anzahl;BEVSTD;Bevölkerungsstand
12411;;;;2025-12-31;KREISE;;14521;;GES;;GESW;weiblich;161180;Anzahl;BEVSTD;Bevölkerungsstand
12411;;;;2025-12-31;KREISE;;06431;;GES;;;Insgesamt;273353;Anzahl;BEVSTD;Bevölkerungsstand
12411;;;;2025-12-31;KREISE;;09775;;GES;;GESW;weiblich;92259;Anzahl;BEVSTD;Bevölkerungsstand
12411;;;;2025-12-31;KREISE;;11002002;;GES;;GESM;männlich;136119;Anzahl;BEVSTD;Bevölkerungsstand
12411;;;;2025-12-31;KREISE;;09763;;GES;;GESM;männlich;33308;Anzahl;BEVSTD;Bevölkerungsstand
12411;;;;2025-12-31;KREISE;;07311;;GES;;;Insgesamt;48134;Anzahl;BEVSTD;Bevölkerungsstand
12411;;;;2025-12-31;KREISE;;14511;;GES;;;Insgesamt;247252;Anzahl;BEVSTD;Bevölkerungsstand
12411;;;;2025-12-31;KREISE;;16076;;GES;;GESW;weiblich;46771;Anzahl;BEVSTD;Bevölkerungsstand
12411;;;;2025-12-31;KREISE;;05962;;GES;;GESM;männlich;199844;Anzahl;BEVSTD;Bevölkerungsstand
12411;;;;2025-12-31;KREISE;;15355;;GES;;;Insgesamt;-;Anzahl;BEVSTD;Bevölkerungsstand
12411;;;;2025-12-31;KREISE;;12066;Oberspreewald-Lausitz, Landkreis;GES;;GESW;weiblich;54525;Anzahl;BEVSTD;Bevölkerungsstand
12411;;;;2025-12-31;KREISE;;09763;;GES;;;Insgesamt;67916;Anzahl;BEVSTD;Bevölkerungsstand
12411;;;;2025-12-31;KREISE;;09479;;GES;;GESW;weiblich;35815;Anzahl;BEVSTD;Bevölkerungsstand
12411;;;;2025-12-31;KREISE;;03456;;GES;;GESM;männlich;72339;Anzahl;BEVSTD;Bevölkerungsstand
12411;;;;2025-12-31;KREISE;;14193;;GES;;GESW;weiblich;-;Anzahl;BEVSTD;Bevölkerungsstand
12411;;;;2025-12-31;KREISE;;10042;;GES;;;Insgesamt;107982;Anzahl;BEVSTD;Bevölkerungsstand
12411;;;;2025-12-31;KREISE;;14511;;GES;;GESM;männlich;121655;Anzahl;BEVSTD;Bevölkerungsstand
12411;;;;2025-12-31;KREISE;;05962;;GES;;;Insgesamt;405164;Anzahl;BEVSTD;Bevölkerungsstand
12411;;;;2025-12-31;KREISE;;03241001;;GES;;GESW;weiblich;265920;Anzahl;BEVSTD;Bevölkerungsstand
12411;;;;2025-12-31;KREISE;;07332;;GES;;GESW;weiblich;68200;Anzahl;BEVSTD;Bevölkerungsstand
12411;;;;2025-12-31;KREISE;;09774;;GES;;GESM;männlich;65411;Anzahl;BEVSTD;Bevölkerungsstand
12411;;;;2025-12-31;KREISE;;10041;;GES;;GESW;weiblich;168272;Anzahl;BEVSTD;Bevölkerungsstand
12411;;;;2025-12-31;KREISE;;03461;;GES;;;Insgesamt;88852;Anzahl;BEVSTD;Bevölkerungsstand
12411;;;;2025-12-31;KREISE;;03358;;GES;;GESM;männlich;70252;Anzahl;BEVSTD;Bevölkerungsstand
12411;;;;2025-12-31;KREISE;;14280;;GES;;GESW;weiblich;-;Anzahl;BEVSTD;Bevölkerungsstand
12411;;;;2025-12-31;KREISE;;01053;;GES;;GESM;männlich;101052;Anzahl;BEVSTD;Bevölkerungsstand
12411;;;;2025-12-31;KREISE;;14292;;GES;;GESM;männlich;-;Anzahl;BEVSTD;Bevölkerungsstand
12411;;;;2025-12-31;KREISE;;05754;;GES;;GESW;weiblich;181562;Anzahl;BEVSTD;Bevölkerungsstand
12411;;;;2025-12-31;KREISE;;07137;;GES;;;Insgesamt;216796;Anzahl;BEVSTD;Bevölkerungsstand
12411;;;;2025-12-31;KREISE;;15002;;GES;;;Insgesamt;226186;Anzahl;BEVSTD;Bevölkerungsstand
12411;;;;2025-12-31;KREISE;;04011;;GES;;GESW;weiblich;297425;Anzahl;BEVSTD;Bevölkerungsstand
12411;;;;2025-12-31;KREISE;;07235;;GES;;;Insgesamt;148645;Anzahl;BEVSTD;Bevölkerungsstand
12411;;;;2025-12-31;KREISE;;07211;;GES;;GESM;männlich;51619;Anzahl;BEVSTD;Bevölkerungsstand
12411;;;;2025-12-31;KREISE;;05119;;GES;;;Insgesamt;213178;Anzahl;BEVSTD;Bevölkerungsstand
12411;;;;2025-12-31;KREISE;;08417;;GES;;GESW;weiblich;97483;Anzahl;BEVSTD;Bevölkerungsstand
12411;;;;2025-12-31;KREISE;;15085;;GES;;GESM;männlich;98578;Anzahl;BEVSTD;Bevölkerungsstand
12411;;;;2025-12-31;KREISE;;14182;;GES;;GESW;weiblich;-;Anzahl;BEVSTD;Bevölkerungsstand
12411;;;;2025-12-31;KREISE;;03460;;GES;;GESW;weiblich;72993;Anzahl;BEVSTD;Bevölkerungsstand
12411;;;;2025-12-31;KREISE;;14522;;GES;;GESM;männlich;145816;Anzahl;BEVSTD;Bevölkerungsstand
12411;;;;2025-12-31;KREISE;;16052;;GES;;GESW;weiblich;48486;Anzahl;BEVSTD;Bevölkerungsstand
12411;;;;2025-12-31;KREISE;;14730;;GES;;GESW;weiblich;100182;Anzahl;BEVSTD;Bevölkerungsstand
12411;;;;2025-12-31;KREISE;;13056;;GES;;GESM;männlich;-;Anzahl;BEVSTD;Bevölkerungsstand
12411;;;;2025-12-31;KREISE;;09188;;GES;;GESM;männlich;67576;Anzahl;BEVSTD;Bevölkerungsstand
12411;;;;2025-12-31;KREISE;;05766;;GES;;;Insgesamt;346212;Anzahl;BEVSTD;Bevölkerungsstand
12411;;;;2025-12-31;KREISE;;05974;;GES;;GESW;weiblich;150279;Anzahl;BEVSTD;Bevölkerungsstand
12411;;;;2025-12-31;KREISE;;09576;;GES;;GESM;männlich;63595;Anzahl;BEVSTD;Bevölkerungsstand
12411;;;;2025-12-31;KREISE;;06535;Vogelsbergkreis;GES;;;Insgesamt;100723;Anzahl;BEVSTD;Bevölkerungsstand
12411;;;;2025-12-31;KREISE;;08425;;GES;;GESM;männlich;101809;Anzahl;BEVSTD;Bevölkerungsstand
12411;;;;2025-12-31;KREISE;;01062;;GES;;GESM;männlich;120837;Anzahl;BEVSTD;Bevölkerungsstand
12411;;;;2025-12-31;KREISE;;08316;;GES;;GESM;männlich;84491;Anzahl;BEVSTD;Bevölkerungsstand
12411;;;;2025-12-31;KREISE;;11009009;;GES;;GESW;weiblich;149328;Anzahl;BEVSTD;Bevölkerungsstand
12411;;;;2025-12-31;KREISE;;09464;;GES;;GESW;weiblich;23610;Anzahl;BEVSTD;Bevölkerungsstand
12411;;;;2025-12-31;KREISE;;09478;;GES;;GESM;männlich;33130;Anzahl;BEVSTD;Bevölkerungsstand
12411;;;;2025-12-31;KREISE;;09671;;GES;;GESW;weiblich;85955;Anzahl;BEVSTD;Bevölkerungsstand
12411;;;;2025-12-31;KREISE;;06633;Kassel, Landkreis;GES;;GESM;männlich;112709;Anzahl;BEVSTD;Bevölkerungsstand
12411;;;;2025-12-31;KREISE;;09180;;GES;;;Insgesamt;89350;Anzahl;BEVSTD;Bevölkerungsstand
12411;;;;2025-12-31;KREISE;;11003003;;GES;;GESW;weiblich;210644;Anzahl;BEVSTD;Bevölkerungsstand
12411;;;;2025-12-31;KREISE;;09576;;GES;;;Insgesamt;128210;Anzahl;BEVSTD;Bevölkerungsstand
12411;;;;2025-12-31;KREISE;;08425;;GES;;;Insgesamt;202554;Anzahl;BEVSTD;Bevölkerungsstand
12411;;;;2025-12-31;KREISE;;03241001;;GES;;GESM;männlich;256883;Anzahl;BEVSTD;Bevölkerungsstand
12411;;;;2025-12-31;KREISE;;08316;;GES;;;Insgesamt;170463;Anzahl;BEVSTD;Bevölkerungsstand
12411;;;;2025-12-31;KREISE;;06437;Odenwaldkreis;GES;;GESM;männlich;46164;Anzahl;BEVSTD;Bevölkerungsstand
12411;;;;2025-12-31;KREISE;;06633;;GES;;;Insgesamt;230063;Anzahl;BEVSTD;Bevölkerungsstand
12411;;;;2025-12-31;KREISE;;15266;;GES;;;Insgesamt;-;Anzahl;BEVSTD;Bevölkerungsstand
12411;;;;2025-12-31;KREISE;;14729;;GES;;;Insgesamt;259516;Anzahl;BEVSTD;Bevölkerungsstand
12411;;;;2025-12-31;KREISE;;09674;;GES;;GESM;männlich;41808;Anzahl;BEVSTD;Bevölkerungsstand
12411;;;;2025-12-31;KREISE;;06412;;GES;;GESW;weiblich;386757;Anzahl;BEVSTD;Bevölkerungsstand
12411;;;;2025-12-31;KREISE;;15266;;GES;;GESM;männlich;-;Anzahl;BEVSTD;Bevölkerungsstand
12411;;;;2025-12-31;KREISE;;09674;;GES;;;Insgesamt;83390;Anzahl;BEVSTD;Bevölkerungsstand
12411;;;;2025-12-31;KREISE;;13060;;GES;;GESW;weiblich;-;Anzahl;BEVSTD;Bevölkerungsstand
12411;;;;2025-12-31;KREISE;;14729;;GES;;GESM;männlich;127532;Anzahl;BEVSTD;Bevölkerungsstand
12411;;;;2025-12-31;KREISE;;16063;;GES;;GESW;weiblich;77223;Anzahl;BEVSTD;Bevölkerungsstand
12411;;;;2025-12-31;KREISE;;01051;;GES;;;Insgesamt;133405;Anzahl;BEVSTD;Bevölkerungsstand
12411;;;;2025-12-31;KREISE;;06535;;GES;;GESM;männlich;50033;Anzahl;BEVSTD;Bevölkerungsstand
12411;;;;2025-12-31;KREISE;;05374;;GES;;;Insgesamt;273368;Anzahl;BEVSTD;Bevölkerungsstand
12411;;;;2025-12-31;KREISE;;09573;;GES;;GESW;weiblich;60527;Anzahl;BEVSTD;Bevölkerungsstand
12411;;;;2025-12-31;KREISE;;09177;;GES;;GESM;männlich;70539;Anzahl;BEVSTD;Bevölkerungsstand
12411;;;;2025-12-31;KREISE;;09780;Oberallgäu, Landkreis;GES;;GESW;weiblich;78985;Anzahl;BEVSTD;Bevölkerungsstand
12411;;;;2025-12-31;KREISE;;07131;;GES;;GESM;männlich;64080;Anzahl;BEVSTD;Bevölkerungsstand
12411;;;;2025-12-31;KREISE;;09565;;GES;;GESM;männlich;19811;Anzahl;BEVSTD;Bevölkerungsstand
12411;;;;2025-12-31;KREISE;;14379;;GES;;;Insgesamt;-;Anzahl;BEVSTD;Bevölkerungsstand
12411;;;;2025-12-31;KREISE;;14365;Leipzig, kreisfreie Stadt;GES;;GESW;weiblich;-;Anzahl;BEVSTD;Bevölkerungsstand
12411;;;;2025-12-31;KREISE;;15364;;GES;;GESM;männlich;-;Anzahl;BEVSTD;Bevölkerungsstand
12411;;;;2025-12-31;KREISE;;09772;;GES;;;Insgesamt;263381;Anzahl;BEVSTD;Bevölkerungsstand
12411;;;;2025-12-31;KREISE;;03153;Goslar, Landkreis;GES;;GESW;weiblich;63993;Anzahl;BEVSTD;Bevölkerungsstand
12411;;;;2025-12-31;KREISE;;08337;;GES;;GESW;weiblich;86808;Anzahl;BEVSTD;Bevölkerungsstand
12411;;;;2025-12-31;KREISE;;08327;;GES;;GESM;männlich;72690;Anzahl;BEVSTD;Bevölkerungsstand
12411;;;;2025-12-31;KREISE;;05382;;GES;;GESW;weiblich;306841;Anzahl;BEVSTD;Bevölkerungsstand
12411;;;;2025-12-31;KREISE;;13052;;GES;;;Insgesamt;-;Anzahl;BEVSTD;Bevölkerungsstand
12411;;;;2025-12-31;KREISE;;12067;;GES;;GESM;männlich;88232;Anzahl;BEVSTD;Bevölkerungsstand
12411;;;;2025-12-31;KREISE;;08436;;GES;;;Insgesamt;291600;Anzahl;BEVSTD;Bevölkerungsstand
12411;;;;2025-12-31;KREISE;;16070;;GES;;GESM;männlich;53603;Anzahl;BEVSTD;Bevölkerungsstand
12411;;;;2025-12-31;KREISE;;06437;;GES;;;Insgesamt;93399;Anzahl;BEVSTD;Bevölkerungsstand
12411;;;;2025-12-31;KREISE;;09663;;GES;;GESM;männlich;63992;Anzahl;BEVSTD;Bevölkerungsstand
12411;;;;2025-12-31;KREISE;;03251;Diepholz, Landkreis;GES;;GESW;weiblich;111771;Anzahl;BEVSTD;Bevölkerungsstand
12411;;;;2025-12-31;KREISE;;13074;;GES;;GESM;männlich;77059;Anzahl;BEVSTD;Bevölkerungsstand
12411;;;;2025-12-31;KREISE;;15154;;GES;;GESW;weiblich;-;Anzahl;BEVSTD;Bevölkerungsstand
12411;;;;2025-12-31;KREISE;;08435;;GES;;GESW;weiblich;112255;Anzahl;BEVSTD;Bevölkerungsstand
12411;;;;2025-12-31;KREISE;;05570;;GES;;;Insgesamt;281872;Anzahl;BEVSTD;Bevölkerungsstand
12411;;;;2025-12-31;KREISE;;01062;;GES;;;Insgesamt;247394;Anzahl;BEVSTD;Bevölkerungsstand
12411;;;;2025-12-31;KREISE;;16074;;GES;;GESW;weiblich;41587;Anzahl;BEVSTD;Bevölkerungsstand
12411;;;;2025-12-31;KREISE;;10046;;GES;;GESM;männlich;43115;Anzahl;BEVSTD;Bevölkerungsstand
12411;;;;2025-12-31;KREISE;;09761;;GES;;GESM;männlich;149234;Anzahl;BEVSTD;Bevölkerungsstand
12411;;;;2025-12-31;KREISE;;13073;;GES;;GESW;weiblich;112069;Anzahl;BEVSTD;Bevölkerungsstand
12411;;;;2025-12-31;KREISE;;08226;;GES;;GESW;weiblich;284384;Anzahl;BEVSTD;Bevölkerungsstand
12411;;;;2025-12-31;KREISE;;09761;;GES;;;Insgesamt;301786;Anzahl;BEVSTD;Bevölkerungsstand
12411;;;;2025-12-31;KREISE;;05154;;GES;;GESM;männlich;159808;Anzahl;BEVSTD;Bevölkerungsstand
12411;;;;2025-12-31;KREISE;;06413;;GES;;GESM;männlich;66985;Anzahl;BEVSTD;Bevölkerungsstand
12411;;;;2025-12-31;KREISE;;09477;;GES;;GESW;weiblich;35953;Anzahl;BEVSTD;Bevölkerungsstand
12411;;;;2025-12-31;KREISE;;16070;;GES;;;Insgesamt;106006;Anzahl;BEVSTD;Bevölkerungsstand
12411;;;;2025-12-31;KREISE;;07319;;GES;;GESW;weiblich;43249;Anzahl;BEVSTD;Bevölkerungsstand
12411;;;;2025-12-31;KREISE;;06436;;GES;;GESW;weiblich;121549;Anzahl;BEVSTD;Bevölkerungsstand
12411;;;;2025-12-31;KREISE;;03401;Delmenhorst, kreisfreie Stadt;GES;;;Insgesamt;81274;Anzahl;BEVSTD;Bevölkerungsstand
12411;;;;2025-12-31;KREISE;;08117;;GES;;GESW;weiblich;130043;Anzahl;BEVSTD;Bevölkerungsstand
12411;;;;2025-12-31;KREISE;;03458;;GES;;GESM;männlich;65405;Anzahl;BEVSTD;Bevölkerungsstand
12411;;;;2025-12-31;KREISE;;10044;;GES;;;Insgesamt;204087;Anzahl;BEVSTD;Bevölkerungsstand
12411;;;;2025-12-31;KREISE;;05711;;GES;;;Insgesamt;331419;Anzahl;BEVSTD;Bevölkerungsstand
12411;;;;2025-12-31;KREISE;;09190;;GES;;GESW;weiblich;70576;Anzahl;BEVSTD;Bevölkerungsstand
12411;;;;2025-12-31;KREISE;;10043;;GES;;GESW;weiblich;67185;Anzahl;BEVSTD;Bevölkerungsstand
12411;;;;2025-12-31;KREISE;;09772;;GES;;GESM;männlich;130656;Anzahl;BEVSTD;Bevölkerungsstand
12411;;;;2025-12-31;KREISE;;14290;;GES;;GESM;männlich;-;Anzahl;BEVSTD;Bevölkerungsstand
12411;;;;2025-12-31;KREISE;;14389;;GES;;GESW;weiblich;-;Anzahl;BEVSTD;Bevölkerungsstand
12411;;;;2025-12-31;KREISE;;07141;Rhein-Lahn-Kreis;GES;;GESW;weiblich;63104;Anzahl;BEVSTD;Bevölkerungsstand
12411;;;;2025-12-31;KREISE;;13062;;GES;;GESW;weiblich;-;Anzahl;BEVSTD;Bevölkerungsstand
12411;;;;2025-12-31;KREISE;;08215;;GES;;GESW;weiblich;228715;Anzahl;BEVSTD;Bevölkerungsstand
12411;;;;2025-12-31;KREISE;;15364;;GES;;;Insgesamt;-;Anzahl;BEVSTD;Bevölkerungsstand
12411;;;;2025-12-31;KREISE;;06534;;GES;;GESW;weiblich;123830;Anzahl;BEVSTD;Bevölkerungsstand
12411;;;;2025-12-31;KREISE;;03360;Uelzen, Landkreis;GES;;GESW;weiblich;46504;Anzahl;BEVSTD;Bevölkerungsstand
12411;;;;2025-12-31;KREISE;;15265;;GES;;GESW;weiblich;-;Anzahl;BEVSTD;Bevölkerungsstand
12411;;;;2025-12-31;KREISE;;07131;;GES;;;Insgesamt;129763;Anzahl;BEVSTD;Bevölkerungsstand
12411;;;;2025-12-31;KREISE;;01051;;GES;;GESM;männlich;65720;Anzahl;BEVSTD;Bevölkerungsstand
12411;;;;2025-12-31;KREISE;;06632;;GES;;GESW;weiblich;58745;Anzahl;BEVSTD;Bevölkerungsstand
12411;;;;2025-12-31;KREISE;;05374;;GES;;GESM;männlich;134681;Anzahl;BEVSTD;Bevölkerungsstand
12411;;;;2025-12-31;KREISE;;09565;;GES;;;Insgesamt;40702;Anzahl;BEVSTD;Bevölkerungsstand
12411;;;;2025-12-31;KREISE;;12069;;GES;;;Insgesamt;221347;Anzahl;BEVSTD;Bevölkerungsstand
12411;;;;2025-12-31;KREISE;;05120;;GES;;GESW;weiblich;56809;Anzahl;BEVSTD;Bevölkerungsstand
12411;;;;2025-12-31;KREISE;;03401;;GES;;GESM;männlich;40164;Anzahl;BEVSTD;Bevölkerungsstand
12411;;;;2025-12-31;KREISE;;13074;;GES;;;Insgesamt;155869;Anzahl;BEVSTD;Bevölkerungsstand
12411;;;;2025-12-31;KREISE;;05570;;GES;;GESM;männlich;139581;Anzahl;BEVSTD;Bevölkerungsstand
12411;;;;2025-12-31;KREISE;;06413;;GES;;;Insgesamt;133195;Anzahl;BEVSTD;Bevölkerungsstand
12411;;;;2025-12-31;KREISE;;08128;;GES;;GESW;weiblich;66421;Anzahl;BEVSTD;Bevölkerungsstand
12411;;;;2025-12-31;KREISE;;15087;;GES;;GESM;männlich;62929;Anzahl;BEVSTD;Bevölkerungsstand
12411;;;;2025-12-31;KREISE;;05166;;GES;;GESW;weiblich;151584;Anzahl;BEVSTD;Bevölkerungsstand
12411;;;;2025-12-31;KREISE;;09663;;GES;;;Insgesamt;133753;Anzahl;BEVSTD;Bevölkerungsstand
12411;;;;2025-12-31;KREISE;;15363;;GES;;GESW;weiblich;-;Anzahl;BEVSTD;Bevölkerungsstand
12411;;;;2025-12-31;KREISE;;09478;;GES;;;Insgesamt;67114;Anzahl;BEVSTD;Bevölkerungsstand
12411;;;;2025-12-31;KREISE;;03405;Wilhelmshaven, kreisfreie Stadt;GES;;GESW;weiblich;37688;Anzahl;BEVSTD;Bevölkerungsstand
12411;;;;2025-12-31;KREISE;;06533;;GES;;GESM;männlich;85622;Anzahl;BEVSTD;Bevölkerungsstand
12411;;;;2025-12-31;KREISE;;09771;;GES;;GESW;weiblich;68943;Anzahl;BEVSTD;Bevölkerungsstand
12411;;;;2025-12-31;KREISE;;09564;;GES;;GESW;weiblich;269448;Anzahl;BEVSTD;Bevölkerungsstand
12411;;;;2025-12-31;KREISE;;08216;;GES;;GESM;männlich;114469;Anzahl;BEVSTD;Bevölkerungsstand
12411;;;;2025-12-31;KREISE;;13051;;GES;;GESW;weiblich;-;Anzahl;BEVSTD;Bevölkerungsstand
12411;;;;2025-12-31;KREISE;;09574;;GES;;GESM;männlich;82667;Anzahl;BEVSTD;Bevölkerungsstand
12411;;;;2025-12-31;KREISE;;01060;;GES;;GESM;männlich;139872;Anzahl;BEVSTD;Bevölkerungsstand
12411;;;;2025-12-31;KREISE;;06533;;GES;;;Insgesamt;172995;Anzahl;BEVSTD;Bevölkerungsstand
12411;;;;2025-12-31;KREISE;;09476;;GES;;GESM;männlich;31628;Anzahl;BEVSTD;Bevölkerungsstand
12411;;;;2025-12-31;KREISE;;05162;;GES;;GESW;weiblich;233142;Anzahl;BEVSTD;Bevölkerungsstand
12411;;;;2025-12-31;KREISE;;08216;;GES;;;Insgesamt;229763;Anzahl;BEVSTD;Bevölkerungsstand
12411;;;;2025-12-31;KREISE;;09574;;GES;;;Insgesamt;168282;Anzahl;BEVSTD;Bevölkerungsstand
12411;;;;2025-12-31;KREISE;;15089;;GES;;GESW;weiblich;91347;Anzahl;BEVSTD;Bevölkerungsstand
12411;;;;2025-12-31;KREISE;;09462;Bayreuth, kreisfreie Stadt;GES;;GESW;weiblich;36987;Anzahl;BEVSTD;Bevölkerungsstand
12411;;;;2025-12-31;KREISE;;09673;;GES;;GESW;weiblich;39626;Anzahl;BEVSTD;Bevölkerungsstand
12411;;;;2025-12-31;KREISE;;05362;;GES;;GESW;weiblich;242686;Anzahl;BEVSTD;Bevölkerungsstand
12411;;;;2025-12-31;KREISE;;06435;;GES;;GESM;männlich;208005;Anzahl;BEVSTD;Bevölkerungsstand
12411;;;;2025-12-31;KREISE;;06631;;GES;;GESM;männlich;110528;Anzahl;BEVSTD;Bevölkerungsstand
12411;;;;2025-12-31;KREISE;;09672;;GES;;GESM;männlich;50636;Anzahl;BEVSTD;Bevölkerungsstand
12411;;;;2025-12-31;KREISE;;15261;;GES;;GESW;weiblich;-;Anzahl;BEVSTD;Bevölkerungsstand
12411;;;;2025-12-31;KREISE;;09672;;GES;;;Insgesamt;102950;Anzahl;BEVSTD;Bevölkerungsstand
12411;;;;2025-12-31;KREISE;;14290;;GES;;;Insgesamt;-;Anzahl;BEVSTD;Bevölkerungsstand
12411;;;;2025-12-31;KREISE;;09179;;GES;;GESM;männlich;107177;Anzahl;BEVSTD;Bevölkerungsstand
12411;;;;2025-12-31;KREISE;;06631;;GES;;;Insgesamt;222214;Anzahl;BEVSTD;Bevölkerungsstand
12411;;;;2025-12-31;KREISE;;16061;;GES;;GESW;weiblich;51304;Anzahl;BEVSTD;Bevölkerungsstand
12411;;;;2025-12-31;KREISE;;07133;;GES;;GESM;männlich;80963;Anzahl;BEVSTD;Bevölkerungsstand
12411;;;;2025-12-31;KREISE;;09575;;GES;;GESW;weiblich;50335;Anzahl;BEVSTD;Bevölkerungsstand
12411;;;;2025-12-31;KREISE;;02000;Hamburg, kreisfreie Stadt, Freie und Hansestadt;GES;;GESW;weiblich;953757;Anzahl;BEVSTD;Bevölkerungsstand
12411;;;;2025-12-31;KREISE;;09563;;GES;;GESM;männlich;64789;Anzahl;BEVSTD;Bevölkerungsstand
12411;;;;2025-12-31;KREISE;;07340;;GES;;;Insgesamt;89402;Anzahl;BEVSTD;Bevölkerungsstand
12411;;;;2025-12-31;KREISE;;07111;;GES;;;Insgesamt;113020;Anzahl;BEVSTD;Bevölkerungsstand
12411;;;;2025-12-31;KREISE;;13054;;GES;;;Insgesamt;-;Anzahl;BEVSTD;Bevölkerungsstand
12411;;;;2025-12-31;KREISE;;11011011;;GES;;GESW;weiblich;154446;Anzahl;BEVSTD;Bevölkerungsstand
12411;;;;2025-12-31;KREISE;;03151;Gifhorn, Landkreis;GES;;GESW;weiblich;88376;Anzahl;BEVSTD;Bevölkerungsstand
12411;;;;2025-12-31;KREISE;;15362;;GES;;GESM;männlich;-;Anzahl;BEVSTD;Bevölkerungsstand
12411;;;;2025-12-31;KREISE;;12069;;GES;;GESM;männlich;109473;Anzahl;BEVSTD;Bevölkerungsstand
12411;;;;2025-12-31;KREISE;;07231;;GES;;GESM;männlich;56411;Anzahl;BEVSTD;Bevölkerungsstand
12411;;;;2025-12-31;KREISE;;10041100;;GES;;;Insgesamt;182859;Anzahl;BEVSTD;Bevölkerungsstand
12411;;;;2025-12-31;KREISE;;08325;;GES;;GESM;männlich;69766;Anzahl;BEVSTD;Bevölkerungsstand
12411;;;;2025-12-31;KREISE;;09661;;GES;;GESM;männlich;35833;Anzahl;BEVSTD;Bevölkerungsstand
12411;;;;2025-12-31;KREISE;;08118;;GES;;;Insgesamt;534454;Anzahl;BEVSTD;Bevölkerungsstand
12411;;;;2025-12-31;KREISE;;16072;Sonneberg, Landkreis;GES;;GESM;männlich;26798;Anzahl;BEVSTD;Bevölkerungsstand
12411;;;;2025-12-31;KREISE;;06435;;GES;;;Insgesamt;421175;Anzahl;BEVSTD;Bevölkerungsstand
12411;;;;2025-12-31;KREISE;;08437;;GES;;GESW;weiblich;65971;Anzahl;BEVSTD;Bevölkerungsstand
12411;;;;2025-12-31;KREISE;;05515;;GES;;;Insgesamt;306368;Anzahl;BEVSTD;Bevölkerungsstand
12411;;;;2025-12-31;KREISE;;11008008;;GES;;GESM;männlich;153458;Anzahl;BEVSTD;Bevölkerungsstand
12411;;;;2025-12-31;KREISE;;01060;;GES;;;Insgesamt;283770;Anzahl;BEVSTD;Bevölkerungsstand
12411;;;;2025-12-31;KREISE;;13076;;GES;;GESM;männlich;103196;Anzahl;BEVSTD;Bevölkerungsstand
12411;;;;2025-12-31;KREISE;;16072;;GES;;GESW;weiblich;27451;Anzahl;BEVSTD;Bevölkerungsstand
12411;;;;2025-12-31;KREISE;;05966;;GES;;GESM;männlich;65857;Anzahl;BEVSTD;Bevölkerungsstand
12411;;;;2025-12-31;KREISE;;07132;;GES;;GESW;weiblich;66429;Anzahl;BEVSTD;Bevölkerungsstand
12411;;;;2025-12-31;KREISE;;10044;;GES;;GESM;männlich;100476;Anzahl;BEVSTD;Bevölkerungsstand
12411;;;;2025-12-31;KREISE;;05154;;GES;;;Insgesamt;320368;Anzahl;BEVSTD;Bevölkerungsstand
12411;;;;2025-12-31;KREISE;;09377;;GES;;GESW;weiblich;36104;Anzahl;BEVSTD;Bevölkerungsstand
12411;;;;2025-12-31;KREISE;;13075;;GES;;GESW;weiblich;116088;Anzahl;BEVSTD;Bevölkerungsstand
12411;;;;2025-12-31;KREISE;;05711;;GES;;GESM;männlich;160861;Anzahl;BEVSTD;Bevölkerungsstand
12411;;;;2025-12-31;KREISE;;08326;;GES;;GESW;weiblich;107948;Anzahl;BEVSTD;Bevölkerungsstand
12411;;;;2025-12-31;KREISE;;06411;;GES;;GESM;männlich;86149;Anzahl;BEVSTD;Bevölkerungsstand
12411;;;;2025-12-31;KREISE;;05954;;GES;;GESW;weiblich;161413;Anzahl;BEVSTD;Bevölkerungsstand
12411;;;;2025-12-31;KREISE;;16072;;GES;;;Insgesamt;54249;Anzahl;BEVSTD;Bevölkerungsstand
12411;;;;2025-12-31;KREISE;;03403;Oldenburg (Oldb), kreisfreie Stadt;GES;;;Insgesamt;177055;Anzahl;BEVSTD;Bevölkerungsstand
12411;;;;2025-12-31;KREISE;;01061;;GES;;GESW;weiblich;66836;Anzahl;BEVSTD;Bevölkerungsstand
12411;;;;2025-12-31;KREISE;;08119;;GES;;GESW;weiblich;221662;Anzahl;BEVSTD;Bevölkerungsstand
12411;;;;2025-12-31;KREISE;;03151;;GES;;;Insgesamt;175518;Anzahl;BEVSTD;Bevölkerungsstand
12411;;;;2025-12-31;KREISE;;06434;;GES;;GESW;weiblich;124350;Anzahl;BEVSTD;Bevölkerungsstand
12411;;;;2025-12-31;KREISE;;10046;;GES;;;Insgesamt;87372;Anzahl;BEVSTD;Bevölkerungsstand
12411;;;;2025-12-31;KREISE;;02000;;GES;;GESM;männlich;915716;Anzahl;BEVSTD;Bevölkerungsstand
12411;;;;2025-12-31;KREISE;;05966;;GES;;;Insgesamt;131265;Anzahl;BEVSTD;Bevölkerungsstand
12411;;;;2025-12-31;KREISE;;07340;;GES;;GESM;männlich;43954;Anzahl;BEVSTD;Bevölkerungsstand
12411;;;;2025-12-31;KREISE;;15362;;GES;;;Insgesamt;-;Anzahl;BEVSTD;Bevölkerungsstand
12411;;;;2025-12-31;KREISE;;07143;;GES;;GESW;weiblich;104674;Anzahl;BEVSTD;Bevölkerungsstand
12411;;;;2025-12-31;KREISE;;05758;;GES;;GESW;weiblich;128683;Anzahl;BEVSTD;Bevölkerungsstand
12411;;;;2025-12-31;KREISE;;15153;;GES;;GESM;männlich;-;Anzahl;BEVSTD;Bevölkerungsstand
12411;;;;2025-12-31;KREISE;;14379;;GES;;GESM;männlich;-;Anzahl;BEVSTD;Bevölkerungsstand
12411;;;;2025-12-31;KREISE;;06532;;GES;;GESW;weiblich;128322;Anzahl;BEVSTD;Bevölkerungsstand
12411;;;;2025-12-31;KREISE;;08436;;GES;;GESM;männlich;145146;Anzahl;BEVSTD;Bevölkerungsstand
12411;;;;2025-12-31;KREISE;;08315;;GES;;GESW;weiblich;138633;Anzahl;BEVSTD;Bevölkerungsstand
12411;;;;2025-12-31;KREISE;;07133;;GES;;;Insgesamt;164822;Anzahl;BEVSTD;Bevölkerungsstand
12411;;;;2025-12-31;KREISE;;09475;;GES;;GESW;weiblich;46737;Anzahl;BEVSTD;Bevölkerungsstand
12411;;;;2025-12-31;KREISE;;10045;;GES;;GESW;weiblich;73461;Anzahl;BEVSTD;Bevölkerungsstand
12411;;;;2025-12-31;KREISE;;05515;;GES;;GESM;männlich;146428;Anzahl;BEVSTD;Bevölkerungsstand
12411;;;;2025-12-31;KREISE;;09563;;GES;;;Insgesamt;131344;Anzahl;BEVSTD;Bevölkerungsstand
12411;;;;2025-12-31;KREISE;;08118;;GES;;GESM;männlich;263687;Anzahl;BEVSTD;Bevölkerungsstand
12411;;;;2025-12-31;KREISE;;15089;;GES;;GESM;männlich;87426;Anzahl;BEVSTD;Bevölkerungsstand
12411;;;;2025-12-31;KREISE;;08327;;GES;;;Insgesamt;145002;Anzahl;BEVSTD;Bevölkerungsstand
12411;;;;2025-12-31;KREISE;;11005005;;GES;;GESW;weiblich;126973;Anzahl;BEVSTD;Bevölkerungsstand
12411;;;;2025-12-31;KREISE;;03403;;GES;;GESM;männlich;85691;Anzahl;BEVSTD;Bevölkerungsstand
12411;;;;2025-12-31;KREISE;;13076;;GES;;;Insgesamt;207160;Anzahl;BEVSTD;Bevölkerungsstand
12411;;;;2025-12-31;KREISE;;09279;;GES;;GESW;weiblich;49121;Anzahl;BEVSTD;Bevölkerungsstand
12411;;;;2025-12-31;KREISE;;07231;;GES;;;Insgesamt;112751;Anzahl;BEVSTD;Bevölkerungsstand
12411;;;;2025-12-31;KREISE;;06411;;GES;;;Insgesamt;168253;Anzahl;BEVSTD;Bevölkerungsstand
12411;;;;2025-12-31;KREISE;;03403;;GES;;GESW;weiblich;91364;Anzahl;BEVSTD;Bevölkerungsstand
12411;;;;2025-12-31;KREISE;;13052;;GES;;GESM;männlich;-;Anzahl;BEVSTD;Bevölkerungsstand
12411;;;;2025-12-31;KREISE;;09661;;GES;;;Insgesamt;73326;Anzahl;BEVSTD;Bevölkerungsstand
12411;;;;2025-12-31;KREISE;;09476;;GES;;;Insgesamt;63806;Anzahl;BEVSTD;Bevölkerungsstand
12411;;;;2025-12-31;KREISE;;09562;;GES;;GESW;weiblich;58491;Anzahl;BEVSTD;Bevölkerungsstand
12411;;;;2025-12-31;KREISE;;13006;;GES;;;Insgesamt;-;Anzahl;BEVSTD;Bevölkerungsstand
12411;;;;2025-12-31;KREISE;;08421;;GES;;GESM;männlich;64247;Anzahl;BEVSTD;Bevölkerungsstand
12411;;;;2025-12-31;KREISE;;14166;;GES;;GESW;weiblich;-;Anzahl;BEVSTD;Bevölkerungsstand
12411;;;;2025-12-31;KREISE;;14625;;GES;;GESW;weiblich;147413;Anzahl;BEVSTD;Bevölkerungsstand
12411;;;;2025-12-31;KREISE;;09276;;GES;;GESW;weiblich;38757;Anzahl;BEVSTD;Bevölkerungsstand
12411;;;;2025-12-31;KREISE;;08421;;GES;;;Insgesamt;130288;Anzahl;BEVSTD;Bevölkerungsstand
12411;;;;2025-12-31;KREISE;;05978;;GES;;GESW;weiblich;200724;Anzahl;BEVSTD;Bevölkerungsstand
12411;;;;2025-12-31;KREISE;;15087;;GES;;GESW;weiblich;64739;Anzahl;BEVSTD;Bevölkerungsstand
12411;;;;2025-12-31;KREISE;;12061;;GES;;GESW;weiblich;90517;Anzahl;BEVSTD;Bevölkerungsstand
12411;;;;2025-12-31;KREISE;;07339;;GES;;;Insgesamt;206603;Anzahl;BEVSTD;Bevölkerungsstand
12411;;;;2025-12-31;KREISE;;05111;;GES;;GESW;weiblich;319994;Anzahl;BEVSTD;Bevölkerungsstand
12411;;;;2025-12-31;KREISE;;16073;;GES;;;Insgesamt;98386;Anzahl;BEVSTD;Bevölkerungsstand
12411;;;;2025-12-31;KREISE;;07339;;GES;;GESM;männlich;101715;Anzahl;BEVSTD;Bevölkerungsstand
12411;;;;2025-12-31;KREISE;;09178;;GES;;GESW;weiblich;90263;Anzahl;BEVSTD;Bevölkerungsstand
12411;;;;2025-12-31;KREISE;;14264;;GES;;GESW;weiblich;-;Anzahl;BEVSTD;Bevölkerungsstand
12411;;;;2025-12-31;KREISE;;16062;;GES;;GESM;männlich;39393;Anzahl;BEVSTD;Bevölkerungsstand
12411;;;;2025-12-31;KREISE;;06439;;GES;;GESW;weiblich;94557;Anzahl;BEVSTD;Bevölkerungsstand
12411;;;;2025-12-31;KREISE;;05378;;GES;;;Insgesamt;283775;Anzahl;BEVSTD;Bevölkerungsstand
12411;;;;2025-12-31;KREISE;;13006;;GES;;GESM;männlich;-;Anzahl;BEVSTD;Bevölkerungsstand
12411;;;;2025-12-31;KREISE;;07314;;GES;;GESW;weiblich;87514;Anzahl;BEVSTD;Bevölkerungsstand
12411;;;;2025-12-31;KREISE;;09279;;GES;;;Insgesamt;101040;Anzahl;BEVSTD;Bevölkerungsstand
12411;;;;2025-12-31;KREISE;;08225;;GES;;GESM;männlich;72545;Anzahl;BEVSTD;Bevölkerungsstand
12411;;;;2025-12-31;KREISE;;08235;;GES;;GESW;weiblich;80628;Anzahl;BEVSTD;Bevölkerungsstand
12411;;;;2025-12-31;KREISE;;15153;;GES;;;Insgesamt;-;Anzahl;BEVSTD;Bevölkerungsstand
12411;;;;2025-12-31;KREISE;;05911;;GES;;GESM;männlich;176907;Anzahl;BEVSTD;Bevölkerungsstand
12411;;;;2025-12-31;KREISE;;14628;;GES;;;Insgesamt;242471;Anzahl;BEVSTD;Bevölkerungsstand
12411;;;;2025-12-31;KREISE;;06635;;GES;;GESW;weiblich;77753;Anzahl;BEVSTD;Bevölkerungsstand
12411;;;;2025-12-31;KREISE;;16051;;GES;;GESM;männlich;106093;Anzahl;BEVSTD;Bevölkerungsstand
12411;;;;2025-12-31;KREISE;;14713;;GES;;;Insgesamt;615932;Anzahl;BEVSTD;Bevölkerungsstand
12411;;;;2025-12-31;KREISE;;08127;;GES;;GESM;männlich;100804;Anzahl;BEVSTD;Bevölkerungsstand
12411;;;;2025-12-31;KREISE;;09472;;GES;;GESW;weiblich;51758;Anzahl;BEVSTD;Bevölkerungsstand
12411;;;;2025-12-31;KREISE;;09571;;GES;;;Insgesamt;187487;Anzahl;BEVSTD;Bevölkerungsstand
12411;;;;2025-12-31;KREISE;;09377;;GES;;;Insgesamt;71768;Anzahl;BEVSTD;Bevölkerungsstand
12411;;;;2025-12-31;KREISE;;09189;;GES;;GESW;weiblich;89180;Anzahl;BEVSTD;Bevölkerungsstand
12411;;;;2025-12-31;KREISE;;09374;;GES;;GESW;weiblich;47911;Anzahl;BEVSTD;Bevölkerungsstand
12411;;;;2025-12-31;KREISE;;05114;;GES;;;Insgesamt;230738;Anzahl;BEVSTD;Bevölkerungsstand
12411;;;;2025-12-31;KREISE;;08116;;GES;;;Insgesamt;536328;Anzahl;BEVSTD;Bevölkerungsstand
12411;;;;2025-12-31;KREISE;;09475;;GES;;;Insgesamt;91582;Anzahl;BEVSTD;Bevölkerungsstand
12411;;;;2025-12-31;KREISE;;12064;;GES;;;Insgesamt;197192;Anzahl;BEVSTD;Bevölkerungsstand
12411;;;;2025-12-31;KREISE;;08222;;GES;;GESW;weiblich;159430;Anzahl;BEVSTD;Bevölkerungsstand
12411;;;;2025-12-31;KREISE;;09473;;GES;;;Insgesamt;83687;Anzahl;BEVSTD;Bevölkerungsstand
12411;;;;2025-12-31;KREISE;;09473;;GES;;GESM;männlich;41553;Anzahl;BEVSTD;Bevölkerungsstand
12411;;;;2025-12-31;KREISE;;09571;;GES;;GESM;männlich;94028;Anzahl;BEVSTD;Bevölkerungsstand
12411;;;;2025-12-31;KREISE;;09780;;GES;;GESM;männlich;76436;Anzahl;BEVSTD;Bevölkerungsstand
12411;;;;2025-12-31;KREISE;;14188;;GES;;GESW;weiblich;-;Anzahl;BEVSTD;Bevölkerungsstand
12411;;;;2025-12-31;KREISE;;05158;;GES;;GESM;männlich;237197;Anzahl;BEVSTD;Bevölkerungsstand
12411;;;;2025-12-31;KREISE;;05112;;GES;;GESM;männlich;248874;Anzahl;BEVSTD;Bevölkerungsstand
12411;;;;2025-12-31;KREISE;;09573;;GES;;;Insgesamt;117787;Anzahl;BEVSTD;Bevölkerungsstand
12411;;;;2025-12-31;KREISE;;06636;;GES;;GESM;männlich;48370;Anzahl;BEVSTD;Bevölkerungsstand
12411;;;;2025-12-31;KREISE;;07317;;GES;;;Insgesamt;39389;Anzahl;BEVSTD;Bevölkerungsstand
12411;;;;2025-12-31;KREISE;;09461;;GES;;GESW;weiblich;39670;Anzahl;BEVSTD;Bevölkerungsstand
12411;;;;2025-12-31;KREISE;;06636;;GES;;;Insgesamt;97433;Anzahl;BEVSTD;Bevölkerungsstand
12411;;;;2025-12-31;KREISE;;12053;;GES;;GESM;männlich;27638;Anzahl;BEVSTD;Bevölkerungsstand
12411;;;;2025-12-31;KREISE;;03360;;GES;;;Insgesamt;91367;Anzahl;BEVSTD;Bevölkerungsstand
12411;;;;2025-12-31;KREISE;;03405;;GES;;;Insgesamt;75324;Anzahl;BEVSTD;Bevölkerungsstand
12411;;;;2025-12-31;KREISE;;08336;;GES;;GESM;männlich;116929;Anzahl;BEVSTD;Bevölkerungsstand
12411;;;;2025-12-31;KREISE;;05354;;GES;;GESM;männlich;-;Anzahl;BEVSTD;Bevölkerungsstand
12411;;;;2025-12-31;KREISE;;16051;;GES;;;Insgesamt;217159;Anzahl;BEVSTD;Bevölkerungsstand
12411;;;;2025-12-31;KREISE;;05770;;GES;;GESM;männlich;158472;Anzahl;BEVSTD;Bevölkerungsstand
12411;;;;2025-12-31;KREISE;;03151;;GES;;GESM;männlich;87142;Anzahl;BEVSTD;Bevölkerungsstand
12411;;;;2025-12-31;KREISE;;03153;;GES;;;Insgesamt;126082;Anzahl;BEVSTD;Bevölkerungsstand
12411;;;;2025-12-31;KREISE;;14286;;GES;;GESW;weiblich;-;Anzahl;BEVSTD;Bevölkerungsstand
12411;;;;2025-12-31;KREISE;;01002;;GES;;GESW;weiblich;128756;Anzahl;BEVSTD;Bevölkerungsstand
12411;;;;2025-12-31;KREISE;;07315;;GES;;GESM;männlich;108888;Anzahl;BEVSTD;Bevölkerungsstand
12411;;;;2025-12-31;KREISE;;02000;;GES;;;Insgesamt;1869473;Anzahl;BEVSTD;Bevölkerungsstand
12411;;;;2025-12-31;KREISE;;09363;;GES;;GESW;weiblich;21780;Anzahl;BEVSTD;Bevölkerungsstand
12411;;;;2025-12-31;KREISE;;08336;;GES;;;Insgesamt;238142;Anzahl;BEVSTD;Bevölkerungsstand
12411;;;;2025-12-31;KREISE;;07338;;GES;;GESW;weiblich;79081;Anzahl;BEVSTD;Bevölkerungsstand
12411;;;;2025-12-31;KREISE;;14365;;GES;;GESM;männlich;-;Anzahl;BEVSTD;Bevölkerungsstand
12411;;;;2025-12-31;KREISE;;03458;;GES;;GESW;weiblich;66771;Anzahl;BEVSTD;Bevölkerungsstand
12411;;;;2025-12-31;KREISE;;03360;;GES;;GESM;männlich;44863;Anzahl;BEVSTD;Bevölkerungsstand
12411;;;;2025-12-31;KREISE;;12053;;GES;;;Insgesamt;56586;Anzahl;BEVSTD;Bevölkerungsstand
12411;;;;2025-12-31;KREISE;;08211;;GES;;GESW;weiblich;29736;Anzahl;BEVSTD;Bevölkerungsstand
12411;;;;2025-12-31;KREISE;;15151;;GES;;GESM;männlich;-;Anzahl;BEVSTD;Bevölkerungsstand
12411;;;;2025-12-31;KREISE;;09462;;GES;;;Insgesamt;72919;Anzahl;BEVSTD;Bevölkerungsstand
12411;;;;2025-12-31;KREISE;;14177;;GES;;GESW;weiblich;-;Anzahl;BEVSTD;Bevölkerungsstand
12411;;;;2025-12-31;KREISE;;05911;;GES;;;Insgesamt;358880;Anzahl;BEVSTD;Bevölkerungsstand
12411;;;;2025-12-31;KREISE;;09462;;GES;;GESM;männlich;35932;Anzahl;BEVSTD;Bevölkerungsstand
12411;;;;2025-12-31;KREISE;;15370;;GES;;GESW;weiblich;-;Anzahl;BEVSTD;Bevölkerungsstand
12411;;;;2025-12-31;KREISE;;03251;;GES;;;Insgesamt;221384;Anzahl;BEVSTD;Bevölkerungsstand
12411;;;;2025-12-31;KREISE;;13005;;GES;;GESW;weiblich;-;Anzahl;BEVSTD;Bevölkerungsstand
12411;;;;2025-12-31;KREISE;;14374;;GES;;;Insgesamt;-;Anzahl;BEVSTD;Bevölkerungsstand
12411;;;;2025-12-31;KREISE;;09277;;GES;;GESM;männlich;60098;Anzahl;BEVSTD;Bevölkerungsstand
12411;;;;2025-12-31;KREISE;;14626;;GES;;GESM;männlich;118585;Anzahl;BEVSTD;Bevölkerungsstand
12411;;;;2025-12-31;KREISE;;05378;;GES;;GESM;männlich;138020;Anzahl;BEVSTD;Bevölkerungsstand
12411;;;;2025-12-31;KREISE;;12072;;GES;;GESW;weiblich;89122;Anzahl;BEVSTD;Bevölkerungsstand
12411;;;;2025-12-31;KREISE;;12064;;GES;;GESM;männlich;97155;Anzahl;BEVSTD;Bevölkerungsstand
12411;;;;2025-12-31;KREISE;;08116;;GES;;GESM;männlich;267003;Anzahl;BEVSTD;Bevölkerungsstand
12411;;;;2025-12-31;KREISE;;14713;;GES;;GESM;männlich;303472;Anzahl;BEVSTD;Bevölkerungsstand
12411;;;;2025-12-31;KREISE;;16062;;GES;;;Insgesamt;79695;Anzahl;BEVSTD;Bevölkerungsstand
12411;;;;2025-12-31;KREISE;;09780;;GES;;;Insgesamt;155421;Anzahl;BEVSTD;Bevölkerungsstand
12411;;;;2025-12-31;KREISE;;05124;;GES;;GESW;weiblich;180770;Anzahl;BEVSTD;Bevölkerungsstand
12411;;;;2025-12-31;KREISE;;16073;;GES;;GESM;männlich;48316;Anzahl;BEVSTD;Bevölkerungsstand
12411;;;;2025-12-31;KREISE;;03405;;GES;;GESM;männlich;37636;Anzahl;BEVSTD;Bevölkerungsstand
12411;;;;2025-12-31;KREISE;;11006006;;GES;;;Insgesamt;295082;Anzahl;BEVSTD;Bevölkerungsstand
12411;;;;2025-12-31;KREISE;;01059;;GES;;GESW;weiblich;104596;Anzahl;BEVSTD;Bevölkerungsstand
12411;;;;2025-12-31;KREISE;;03401;;GES;;GESW;weiblich;41110;Anzahl;BEVSTD;Bevölkerungsstand
12411;;;;2025-12-31;KREISE;;09375;;GES;;GESM;männlich;98220;Anzahl;BEVSTD;Bevölkerungsstand
12411;;;;2025-12-31;KREISE;;08325;;GES;;;Insgesamt;139724;Anzahl;BEVSTD;Bevölkerungsstand
12411;;;;2025-12-31;KREISE;;15088;;GES;;;Insgesamt;181327;Anzahl;BEVSTD;Bevölkerungsstand
12411;;;;2025-12-31;KREISE;;14627;;GES;;GESW;weiblich;121323;Anzahl;BEVSTD;Bevölkerungsstand
12411;;;;2025-12-31;KREISE;;08212;;GES;;GESM;männlich;157181;Anzahl;BEVSTD;Bevölkerungsstand
12411;;;;2025-12-31;KREISE;;14389;;GES;;;Insgesamt;-;Anzahl;BEVSTD;Bevölkerungsstand
12411;;;;2025-12-31;KREISE;;14375;;GES;;GESW;weiblich;-;Anzahl;BEVSTD;Bevölkerungsstand
12411;;;;2025-12-31;KREISE;;08212;;GES;;;Insgesamt;309247;Anzahl;BEVSTD;Bevölkerungsstand
12411;;;;2025-12-31;KREISE;;07141;;GES;;GESM;männlich;62056;Anzahl;BEVSTD;Bevölkerungsstand
12411;;;;2025-12-31;KREISE;;09274;;GES;;GESW;weiblich;80810;Anzahl;BEVSTD;Bevölkerungsstand
12411;;;;2025-12-31;KREISE;;03459;;GES;;;Insgesamt;354130;Anzahl;BEVSTD;Bevölkerungsstand
12411;;;;2025-12-31;KREISE;;14287;;GES;;GESM;männlich;-;Anzahl;BEVSTD;Bevölkerungsstand
12411;;;;2025-12-31;KREISE;;13061;;GES;;;Insgesamt;-;Anzahl;BEVSTD;Bevölkerungsstand
12411;;;;2025-12-31;KREISE;;16064;;GES;;;Insgesamt;93553;Anzahl;BEVSTD;Bevölkerungsstand
12411;;;;2025-12-31;KREISE;;12070;;GES;;GESW;weiblich;37754;Anzahl;BEVSTD;Bevölkerungsstand
12411;;;;2025-12-31;KREISE;;09176;;GES;;GESW;weiblich;67227;Anzahl;BEVSTD;Bevölkerungsstand
12411;;;;2025-12-31;KREISE;;14178;;GES;;;Insgesamt;-;Anzahl;BEVSTD;Bevölkerungsstand
12411;;;;2025-12-31;KREISE;;05366;;GES;;GESW;weiblich;101663;Anzahl;BEVSTD;Bevölkerungsstand
12411;;;;2025-12-31;KREISE;;15260;;GES;;;Insgesamt;-;Anzahl;BEVSTD;Bevölkerungsstand
12411;;;;2025-12-31;KREISE;;09179;;GES;;;Insgesamt;218580;Anzahl;BEVSTD;Bevölkerungsstand
12411;;;;2025-12-31;KREISE;;13061;;GES;;GESM;männlich;-;Anzahl;BEVSTD;Bevölkerungsstand
12411;;;;2025-12-31;KREISE;;16064;;GES;;GESM;männlich;46344;Anzahl;BEVSTD;Bevölkerungsstand
12411;;;;2025-12-31;KREISE;;14178;;GES;;GESM;männlich;-;Anzahl;BEVSTD;Bevölkerungsstand
12411;;;;2025-12-31;KREISE;;06437;;GES;;GESW;weiblich;47235;Anzahl;BEVSTD;Bevölkerungsstand
12411;;;;2025-12-31;KREISE;;07316;;GES;;GESW;weiblich;27201;Anzahl;BEVSTD;Bevölkerungsstand
12411;;;;2025-12-31;KREISE;;15260;;GES;;GESM;männlich;-;Anzahl;BEVSTD;Bevölkerungsstand
12411;;;;2025-12-31;KREISE;;09277;;GES;;;Insgesamt;120638;Anzahl;BEVSTD;Bevölkerungsstand
12411;;;;2025-12-31;KREISE;;08237;;GES;;GESW;weiblich;60804;Anzahl;BEVSTD;Bevölkerungsstand
12411;;;;2025-12-31;KREISE;;06535;;GES;;GESW;weiblich;50690;Anzahl;BEVSTD;Bevölkerungsstand
12411;;;;2025-12-31;KREISE;;16053;;GES;;GESM;männlich;53582;Anzahl;BEVSTD;Bevölkerungsstand
12411;;;;2025-12-31;KREISE;;05913;;GES;;GESM;männlich;296352;Anzahl;BEVSTD;Bevölkerungsstand
12411;;;;2025-12-31;KREISE;;15151;;GES;;;Insgesamt;-;Anzahl;BEVSTD;Bevölkerungsstand
12411;;;;2025-12-31;KREISE;;06633;;GES;;GESW;weiblich;117354;Anzahl;BEVSTD;Bevölkerungsstand
12411;;;;2025-12-31;KREISE;;08125;;GES;;GESM;männlich;176955;Anzahl;BEVSTD;Bevölkerungsstand
12411;;;;2025-12-31;KREISE;;08335;;GES;;GESW;weiblich;149891;Anzahl;BEVSTD;Bevölkerungsstand
12411;;;;2025-12-31;KREISE;;03251;;GES;;GESM;männlich;109613;Anzahl;BEVSTD;Bevölkerungsstand
12411;;;;2025-12-31;KREISE;;05562;;GES;;GESW;weiblich;316651;Anzahl;BEVSTD;Bevölkerungsstand
12411;;;;2025-12-31;KREISE;;16075;;GES;;;Insgesamt;76188;Anzahl;BEVSTD;Bevölkerungsstand
12411;;;;2025-12-31;KREISE;;09375;;GES;;;Insgesamt;196410;Anzahl;BEVSTD;Bevölkerungsstand
12411;;;;2025-12-31;KREISE;;14167;;GES;;;Insgesamt;-;Anzahl;BEVSTD;Bevölkerungsstand
12411;;;;2025-12-31;KREISE;;07141;;GES;;;Insgesamt;125160;Anzahl;BEVSTD;Bevölkerungsstand
12411;;;;2025-12-31;KREISE;;09187;;GES;;GESW;weiblich;131615;Anzahl;BEVSTD;Bevölkerungsstand
12411;;;;2025-12-31;KREISE;;01003;;GES;;;Insgesamt;217061;Anzahl;BEVSTD;Bevölkerungsstand
12411;;;;2025-12-31;KREISE;;13072;;GES;;GESM;männlich;107599;Anzahl;BEVSTD;Bevölkerungsstand
12411;;;;2025-12-31;KREISE;;05112;;GES;;;Insgesamt;500810;Anzahl;BEVSTD;Bevölkerungsstand
12411;;;;2025-12-31;KREISE;;14374;;GES;;GESM;männlich;-;Anzahl;BEVSTD;Bevölkerungsstand
12411;;;;2025-12-31;KREISE;;12066;;GES;;;Insgesamt;106744;Anzahl;BEVSTD;Bevölkerungsstand
12411;;;;2025-12-31;KREISE;;09372;;GES;;GESW;weiblich;63736;Anzahl;BEVSTD;Bevölkerungsstand
12411;;;;2025-12-31;KREISE;;09471;;GES;;;Insgesamt;147319;Anzahl;BEVSTD;Bevölkerungsstand
12411;;;;2025-12-31;KREISE;;08236;;GES;;GESM;männlich;98696;Anzahl;BEVSTD;Bevölkerungsstand
12411;;;;2025-12-31;KREISE;;09471;;GES;;GESM;männlich;73556;Anzahl;BEVSTD;Bevölkerungsstand
12411;;;;2025-12-31;KREISE;;05158;;GES;;;Insgesamt;489147;Anzahl;BEVSTD;Bevölkerungsstand
12411;;;;2025-12-31;KREISE;;07319;;GES;;;Insgesamt;86921;Anzahl;BEVSTD;Bevölkerungsstand
12411;;;;2025-12-31;KREISE;;08236;;GES;;;Insgesamt;199150;Anzahl;BEVSTD;Bevölkerungsstand
12411;;;;2025-12-31;KREISE;;14365;;GES;;;Insgesamt;-;Anzahl;BEVSTD;Bevölkerungsstand
12411;;;;2025-12-31;KREISE;;05958;;GES;;GESW;weiblich;129767;Anzahl;BEVSTD;Bevölkerungsstand
12411;;;;2025-12-31;KREISE;;06634;;GES;;GESM;männlich;89691;Anzahl;BEVSTD;Bevölkerungsstand
12411;;;;2025-12-31;KREISE;;03358;;GES;;GESW;weiblich;71221;Anzahl;BEVSTD;Bevölkerungsstand
12411;;;;2025-12-31;KREISE;;09373;;GES;;;Insgesamt;138902;Anzahl;BEVSTD;Bevölkerungsstand
12411;;;;2025-12-31;KREISE;;08115;;GES;;GESW;weiblich;198833;Anzahl;BEVSTD;Bevölkerungsstand
12411;;;;2025-12-31;KREISE;;03155;;GES;;;Insgesamt;124692;Anzahl;BEVSTD;Bevölkerungsstand
12411;;;;2025-12-31;KREISE;;06438;;GES;;GESM;männlich;176759;Anzahl;BEVSTD;Bevölkerungsstand
12411;;;;2025-12-31;KREISE;;06634;;GES;;;Insgesamt;179411;Anzahl;BEVSTD;Bevölkerungsstand
12411;;;;2025-12-31;KREISE;;09362;;GES;;GESM;männlich;74556;Anzahl;BEVSTD;Bevölkerungsstand
12411;;;;2025-12-31;KREISE;;07317;;GES;;GESM;männlich;19488;Anzahl;BEVSTD;Bevölkerungsstand
12411;;;;2025-12-31;KREISE;;03153;;GES;;GESM;männlich;62089;Anzahl;BEVSTD;Bevölkerungsstand
12411;;;;2025-12-31;KREISE;;05770;;GES;;;Insgesamt;319491;Anzahl;BEVSTD;Bevölkerungsstand
12411;;;;2025-12-31;KREISE;;01004;;GES;;GESW;weiblich;40064;Anzahl;BEVSTD;Bevölkerungsstand
12411;;;;2025-12-31;KREISE;;08127;;GES;;;Insgesamt;201064;Anzahl;BEVSTD;Bevölkerungsstand
12411;;;;2025-12-31;KREISE;;05354;;GES;;;Insgesamt;-;Anzahl;BEVSTD;Bevölkerungsstand
12411;;;;2025-12-31;KREISE;;06415;;GES;;GESW;weiblich;-;Anzahl;BEVSTD;Bevölkerungsstand
12411;;;;2025-12-31;KREISE;;09275;;GES;;;Insgesamt;194329;Anzahl;BEVSTD;Bevölkerungsstand
12411;;;;2025-12-31;KREISE;;03456;;GES;;GESW;weiblich;72335;Anzahl;BEVSTD;Bevölkerungsstand
12411;;;;2025-12-31;KREISE;;09361;;GES;;GESW;weiblich;21641;Anzahl;BEVSTD;Bevölkerungsstand
12411;;;;2025-12-31;KREISE;;14628;;GES;;GESM;männlich;119619;Anzahl;BEVSTD;Bevölkerungsstand
12411;;;;2025-12-31;KREISE;;05913;;GES;;;Insgesamt;600880;Anzahl;BEVSTD;Bevölkerungsstand
12411;;;;2025-12-31;KREISE;;09275;;GES;;GESM;männlich;96355;Anzahl;BEVSTD;Bevölkerungsstand
12411;;;;2025-12-31;KREISE;;03460;;GES;;GESM;männlich;73845;Anzahl;BEVSTD;Bevölkerungsstand
12411;;;;2025-12-31;KREISE;;06611;;GES;;GESW;weiblich;101045;Anzahl;BEVSTD;Bevölkerungsstand
12411;;;;2025-12-31;KREISE;;08225;;GES;;;Insgesamt;144909;Anzahl;BEVSTD;Bevölkerungsstand
12411;;;;2025-12-31;KREISE;;09263;;GES;;GESW;weiblich;24259;Anzahl;BEVSTD;Bevölkerungsstand
12411;;;;2025-12-31;KREISE;;16053;;GES;;;Insgesamt;109353;Anzahl;BEVSTD;Bevölkerungsstand
12411;;;;2025-12-31;KREISE;;01003;;GES;;GESM;männlich;104434;Anzahl;BEVSTD;Bevölkerungsstand
12411;;;;2025-12-31;KREISE;;09362;;GES;;;Insgesamt;151517;Anzahl;BEVSTD;Bevölkerungsstand
12411;;;;2025-12-31;KREISE;;08311;;GES;;GESW;weiblich;124933;Anzahl;BEVSTD;Bevölkerungsstand
12411;;;;2025-12-31;KREISE;;08126;;GES;;GESW;weiblich;57339;Anzahl;BEVSTD;Bevölkerungsstand
12411;;;;2025-12-31;KREISE;;15085;;GES;;GESW;weiblich;103996;Anzahl;BEVSTD;Bevölkerungsstand
12411;;;;2025-12-31;KREISE;;05122;;GES;;GESW;weiblich;84005;Anzahl;BEVSTD;Bevölkerungsstand
12411;;;;2025-12-31;KREISE;;13072;;GES;;;Insgesamt;218123;Anzahl;BEVSTD;Bevölkerungsstand
12411;;;;2025-12-31;KREISE;;12066;;GES;;GESM;männlich;52219;Anzahl;BEVSTD;Bevölkerungsstand
12411;;;;2025-12-31;KREISE;;06438;;GES;;;Insgesamt;358984;Anzahl;BEVSTD;Bevölkerungsstand
12411;;;;2025-12-31;KREISE;;15001;;GES;;GESM;männlich;35892;Anzahl;BEVSTD;Bevölkerungsstand
12411;;;;2025-12-31;KREISE;;09373;;GES;;GESM;männlich;70276;Anzahl;BEVSTD;Bevölkerungsstand
12411;;;;2025-12-31;KREISE;;09180;;GES;;GESM;männlich;42893;Anzahl;BEVSTD;Bevölkerungsstand
12411;;;;2025-12-31;KREISE;;03351;;GES;;;Insgesamt;172089;Anzahl;BEVSTD;Bevölkerungsstand
12411;;;;2025-12-31;KREISE;;15086;;GES;;;Insgesamt;88356;Anzahl;BEVSTD;Bevölkerungsstand
12411;;;;2025-12-31;KREISE;;16075;;GES;;GESM;männlich;37745;Anzahl;BEVSTD;Bevölkerungsstand
12411;;;;2025-12-31;KREISE;;13071;;GES;;GESW;weiblich;126074;Anzahl;BEVSTD;Bevölkerungsstand
12411;;;;2025-12-31;KREISE;;14167;;GES;;GESM;männlich;-;Anzahl;BEVSTD;Bevölkerungsstand
12411;;;;2025-12-31;KREISE;;11010010;;GES;;;Insgesamt;285222;Anzahl;BEVSTD;Bevölkerungsstand
12411;;;;2025-12-31;KREISE;;07335;;GES;;;Insgesamt;106317;Anzahl;BEVSTD;Bevölkerungsstand
12411;;;;2025-12-31;KREISE;;13002;;GES;;;Insgesamt;-;Anzahl;BEVSTD;Bevölkerungsstand
12411;;;;2025-12-31;KREISE;;14285;;GES;;;Insgesamt;-;Anzahl;BEVSTD;Bevölkerungsstand
12411;;;;2025-12-31;KREISE;;11006006;;GES;;GESW;weiblich;156646;Anzahl;BEVSTD;Bevölkerungsstand
12411;;;;2025-12-31;KREISE;;07335;;GES;;GESM;männlich;52236;Anzahl;BEVSTD;Bevölkerungsstand
12411;;;;2025-12-31;KREISE;;03457;;GES;;;Insgesamt;169111;Anzahl;BEVSTD;Bevölkerungsstand
12411;;;;2025-12-31;KREISE;;11001001;;GES;;GESM;männlich;187221;Anzahl;BEVSTD;Bevölkerungsstand
12411;;;;2025-12-31;KREISE;;12065;;GES;;GESW;weiblich;110543;Anzahl;BEVSTD;Bevölkerungsstand
12411;;;;2025-12-31;KREISE;;14383;;GES;;;Insgesamt;-;Anzahl;BEVSTD;Bevölkerungsstand
12411;;;;2025-12-31;KREISE;;09272;;GES;;GESW;weiblich;39513;Anzahl;BEVSTD;Bevölkerungsstand
12411;;;;2025-12-31;KREISE;;16066;;GES;;;Insgesamt;118927;Anzahl;BEVSTD;Bevölkerungsstand
12411;;;;2025-12-31;KREISE;;14285;;GES;;GESM;männlich;-;Anzahl;BEVSTD;Bevölkerungsstand
12411;;;;2025-12-31;KREISE;;09174;;GES;;GESW;weiblich;77246;Anzahl;BEVSTD;Bevölkerungsstand
12411;;;;2025-12-31;KREISE;;12071;;GES;;GESM;männlich;53215;Anzahl;BEVSTD;Bevölkerungsstand
12411;;;;2025-12-31;KREISE;;09177;;GES;;;Insgesamt;140456;Anzahl;BEVSTD;Bevölkerungsstand
12411;;;;2025-12-31;KREISE;;15171;;GES;;;Insgesamt;-;Anzahl;BEVSTD;Bevölkerungsstand
12411;;;;2025-12-31;KREISE;;14383;;GES;;GESM;männlich;-;Anzahl;BEVSTD;Bevölkerungsstand
12411;;;;2025-12-31;KREISE;;12071;;GES;;;Insgesamt;108574;Anzahl;BEVSTD;Bevölkerungsstand
12411;;;;2025-12-31;KREISE;;16066;;GES;;GESM;männlich;59376;Anzahl;BEVSTD;Bevölkerungsstand
12411;;;;2025-12-31;KREISE;;13002;;GES;;GESM;männlich;-;Anzahl;BEVSTD;Bevölkerungsstand
12411;;;;2025-12-31;KREISE;;13059;;GES;;GESM;männlich;-;Anzahl;BEVSTD;Bevölkerungsstand
12411;;;;2025-12-31;KREISE;;16055;;GES;;GESM;männlich;31325;Anzahl;BEVSTD;Bevölkerungsstand
12411;;;;2025-12-31;KREISE;;08221;;GES;;GESM;männlich;74601;Anzahl;BEVSTD;Bevölkerungsstand
12411;;;;2025-12-31;KREISE;;05915;;GES;;GESM;männlich;88564;Anzahl;BEVSTD;Bevölkerungsstand
12411;;;;2025-12-31;KREISE;;12054;;GES;;GESW;weiblich;95781;Anzahl;BEVSTD;Bevölkerungsstand
12411;;;;2025-12-31;KREISE;;06440;;GES;;GESM;männlich;153307;Anzahl;BEVSTD;Bevölkerungsstand
12411;;;;2025-12-31;KREISE;;15171;;GES;;GESM;männlich;-;Anzahl;BEVSTD;Bevölkerungsstand
12411;;;;2025-12-31;KREISE;;16077;;GES;;;Insgesamt;86712;Anzahl;BEVSTD;Bevölkerungsstand
12411;;;;2025-12-31;KREISE;;09185;;GES;;GESW;weiblich;49506;Anzahl;BEVSTD;Bevölkerungsstand
12411;;;;2025-12-31;KREISE;;15303;;GES;;GESM;männlich;-;Anzahl;BEVSTD;Bevölkerungsstand
12411;;;;2025-12-31;KREISE;;01058;;GES;;GESM;männlich;136063;Anzahl;BEVSTD;Bevölkerungsstand
12411;;;;2025-12-31;KREISE;;14523;;GES;;GESW;weiblich;110696;Anzahl;BEVSTD;Bevölkerungsstand
12411;;;;2025-12-31;KREISE;;05554;;GES;;GESM;männlich;189871;Anzahl;BEVSTD;Bevölkerungsstand
12411;;;;2025-12-31;KREISE;;01001;;GES;;;Insgesamt;95568;Anzahl;BEVSTD;Bevölkerungsstand
12411;;;;2025-12-31;KREISE;;09679;;GES;;GESW;weiblich;81811;Anzahl;BEVSTD;Bevölkerungsstand
12411;;;;2025-12-31;KREISE;;09188;;GES;;;Insgesamt;139709;Anzahl;BEVSTD;Bevölkerungsstand
12411;;;;2025-12-31;KREISE;;03351;;GES;;GESM;männlich;84132;Anzahl;BEVSTD;Bevölkerungsstand
12411;;;;2025-12-31;KREISE;;09777;;GES;;GESW;weiblich;71477;Anzahl;BEVSTD;Bevölkerungsstand
12411;;;;2025-12-31;KREISE;;12060;;GES;;;Insgesamt;194885;Anzahl;BEVSTD;Bevölkerungsstand
12411;;;;2025-12-31;KREISE;;03356;;GES;;GESW;weiblich;57988;Anzahl;BEVSTD;Bevölkerungsstand
12411;;;;2025-12-31;KREISE;;09262;;GES;;GESM;männlich;26099;Anzahl;BEVSTD;Bevölkerungsstand
12411;;;;2025-12-31;KREISE;;07313;;GES;;;Insgesamt;48280;Anzahl;BEVSTD;Bevölkerungsstand
12411;;;;2025-12-31;KREISE;;13058;;GES;;GESW;weiblich;-;Anzahl;BEVSTD;Bevölkerungsstand
12411;;;;2025-12-31;KREISE;;05914;;GES;;GESW;weiblich;96400;Anzahl;BEVSTD;Bevölkerungsstand
12411;;;;2025-12-31;KREISE;;07311;;GES;;GESM;männlich;23934;Anzahl;BEVSTD;Bevölkerungsstand
12411;;;;2025-12-31;KREISE;;08136;;GES;;GESM;männlich;157267;Anzahl;BEVSTD;Bevölkerungsstand
12411;;;;2025-12-31;KREISE;;09371;;GES;;;Insgesamt;103788;Anzahl;BEVSTD;Bevölkerungsstand
12411;;;;2025-12-31;KREISE;;14263;;GES;;GESM;männlich;-;Anzahl;BEVSTD;Bevölkerungsstand
12411;;;;2025-12-31;KREISE;;03103;;GES;;GESW;weiblich;64864;Anzahl;BEVSTD;Bevölkerungsstand
12411;;;;2025-12-31;KREISE;;05358;;GES;;GESM;männlich;139148;Anzahl;BEVSTD;Bevölkerungsstand
12411;;;;2025-12-31;KREISE;;05116;;GES;;GESM;männlich;133007;Anzahl;BEVSTD;Bevölkerungsstand
12411;;;;2025-12-31;KREISE;;05314;;GES;;;Insgesamt;323587;Anzahl;BEVSTD;Bevölkerungsstand
12411;;;;2025-12-31;KREISE;;03454;;GES;;GESW;weiblich;164758;Anzahl;BEVSTD;Bevölkerungsstand
12411;;;;2025-12-31;KREISE;;05774;;GES;;GESM;männlich;157523;Anzahl;BEVSTD;Bevölkerungsstand
12411;;;;2025-12-31;KREISE;;03155;;GES;;GESM;männlich;61665;Anzahl;BEVSTD;Bevölkerungsstand
12411;;;;2025-12-31;KREISE;;07334;;GES;;GESW;weiblich;65634;Anzahl;BEVSTD;Bevölkerungsstand
12411;;;;2025-12-31;KREISE;;08125;;GES;;;Insgesamt;353704;Anzahl;BEVSTD;Bevölkerungsstand
12411;;;;2025-12-31;KREISE;;06440;;GES;;;Insgesamt;310526;Anzahl;BEVSTD;Bevölkerungsstand
12411;;;;2025-12-31;KREISE;;09273;;GES;;;Insgesamt;126321;Anzahl;BEVSTD;Bevölkerungsstand
12411;;;;2025-12-31;KREISE;;03157;;GES;;;Insgesamt;137149;Anzahl;BEVSTD;Bevölkerungsstand
12411;;;;2025-12-31;KREISE;;09273;;GES;;GESM;männlich;63927;Anzahl;BEVSTD;Bevölkerungsstand
12411;;;;2025-12-31;KREISE;;03255;;GES;;;Insgesamt;65271;Anzahl;BEVSTD;Bevölkerungsstand
12411;;;;2025-12-31;KREISE;;14272;;GES;;;Insgesamt;-;Anzahl;BEVSTD;Bevölkerungsstand
12411;;;;2025-12-31;KREISE;;13001;;GES;;GESW;weiblich;-;Anzahl;BEVSTD;Bevölkerungsstand
12411;;;;2025-12-31;KREISE;;13059;;GES;;;Insgesamt;-;Anzahl;BEVSTD;Bevölkerungsstand
12411;;;;2025-12-31;KREISE;;14173;;GES;;GESW;weiblich;-;Anzahl;BEVSTD;Bevölkerungsstand
12411;;;;2025-12-31;KREISE;;15303;;GES;;;Insgesamt;-;Anzahl;BEVSTD;Bevölkerungsstand
12411;;;;2025-12-31;KREISE;;09175;;GES;;;Insgesamt;144526;Anzahl;BEVSTD;Bevölkerungsstand
12411;;;;2025-12-31;KREISE;;09261;;GES;;GESW;weiblich;36602;Anzahl;BEVSTD;Bevölkerungsstand
12411;;;;2025-12-31;KREISE;;03462;;GES;;GESM;männlich;27320;Anzahl;BEVSTD;Bevölkerungsstand
12411;;;;2025-12-31;KREISE;;16055;;GES;;;Insgesamt;65566;Anzahl;BEVSTD;Bevölkerungsstand
12411;;;;2025-12-31;KREISE;;01001;;GES;;GESM;männlich;47298;Anzahl;BEVSTD;Bevölkerungsstand
12411;;;;2025-12-31;KREISE;;09163;;GES;;GESW;weiblich;33149;Anzahl;BEVSTD;Bevölkerungsstand
12411;;;;2025-12-31;KREISE;;15083;;GES;;GESW;weiblich;84136;Anzahl;BEVSTD;Bevölkerungsstand
12411;;;;2025-12-31;KREISE;;09182;;GES;;GESM;männlich;47563;Anzahl;BEVSTD;Bevölkerungsstand
12411;;;;2025-12-31;KREISE;;12060;;GES;;GESM;männlich;95985;Anzahl;BEVSTD;Bevölkerungsstand
12411;;;;2025-12-31;KREISE;;03353;;GES;;;Insgesamt;265727;Anzahl;BEVSTD;Bevölkerungsstand
12411;;;;2025-12-31;KREISE;;01055;;GES;;GESW;weiblich;104575;Anzahl;BEVSTD;Bevölkerungsstand
12411;;;;2025-12-31;KREISE;;15003;;GES;;GESM;männlich;121550;Anzahl;BEVSTD;Bevölkerungsstand
12411;;;;2025-12-31;KREISE;;09371;;GES;;GESM;männlich;51831;Anzahl;BEVSTD;Bevölkerungsstand
12411;;;;2025-12-31;KREISE;;15084;;GES;;;Insgesamt;171535;Anzahl;BEVSTD;Bevölkerungsstand
12411;;;;2025-12-31;KREISE;;08136;;GES;;;Insgesamt;316328;Anzahl;BEVSTD;Bevölkerungsstand
12411;;;;2025-12-31;KREISE;;16077;;GES;;GESM;männlich;42072;Anzahl;BEVSTD;Bevölkerungsstand
12411;;;;2025-12-31;KREISE;;07138;;GES;;GESW;weiblich;95447;Anzahl;BEVSTD;Bevölkerungsstand
12411;;;;2025-12-31;KREISE;;14524;;GES;;GESM;männlich;148826;Anzahl;BEVSTD;Bevölkerungsstand
12411;;;;2025-12-31;KREISE;;09262;;GES;;;Insgesamt;53523;Anzahl;BEVSTD;Bevölkerungsstand
12411;;;;2025-12-31;KREISE;;05915;;GES;;;Insgesamt;179108;Anzahl;BEVSTD;Bevölkerungsstand
12411;;;;2025-12-31;KREISE;;13004;;GES;;;Insgesamt;97922;Anzahl;BEVSTD;Bevölkerungsstand
12411;;;;2025-12-31;KREISE;;14287;;GES;;;Insgesamt;-;Anzahl;BEVSTD;Bevölkerungsstand
12411;;;;2025-12-31;KREISE;;03455;;GES;;;Insgesamt;100261;Anzahl;BEVSTD;Bevölkerungsstand
12411;;;;2025-12-31;KREISE;;15358;;GES;;;Insgesamt;-;Anzahl;BEVSTD;Bevölkerungsstand
12411;;;;2025-12-31;KREISE;;16068;;GES;;;Insgesamt;67106;Anzahl;BEVSTD;Bevölkerungsstand
12411;;;;2025-12-31;KREISE;;09186;;GES;;;Insgesamt;131079;Anzahl;BEVSTD;Bevölkerungsstand
12411;;;;2025-12-31;KREISE;;12063;;GES;;GESW;weiblich;86694;Anzahl;BEVSTD;Bevölkerungsstand
12411;;;;2025-12-31;KREISE;;07337;;GES;;;Insgesamt;112597;Anzahl;BEVSTD;Bevölkerungsstand
12411;;;;2025-12-31;KREISE;;03451;;GES;;GESM;männlich;62530;Anzahl;BEVSTD;Bevölkerungsstand
12411;;;;2025-12-31;KREISE;;09172;;GES;;GESW;weiblich;53667;Anzahl;BEVSTD;Bevölkerungsstand
12411;;;;2025-12-31;KREISE;;05334;;GES;;GESM;männlich;295342;Anzahl;BEVSTD;Bevölkerungsstand
12411;;;;2025-12-31;KREISE;;08135;;GES;;GESW;weiblich;67726;Anzahl;BEVSTD;Bevölkerungsstand
12411;;;;2025-12-31;KREISE;;14262;;GES;;GESW;weiblich;-;Anzahl;BEVSTD;Bevölkerungsstand
12411;;;;2025-12-31;KREISE;;09171;;GES;;GESM;männlich;56365;Anzahl;BEVSTD;Bevölkerungsstand
12411;;;;2025-12-31;KREISE;;12073;;GES;;GESM;männlich;57245;Anzahl;BEVSTD;Bevölkerungsstand
12411;;;;2025-12-31;KREISE;;05113;;GES;;GESW;weiblich;293981;Anzahl;BEVSTD;Bevölkerungsstand
12411;;;;2025-12-31;KREISE;;15358;;GES;;GESM;männlich;-;Anzahl;BEVSTD;Bevölkerungsstand
12411;;;;2025-12-31;KREISE;;07337;;GES;;GESM;männlich;55360;Anzahl;BEVSTD;Bevölkerungsstand
12411;;;;2025-12-31;KREISE;;15091;;GES;;GESM;männlich;59169;Anzahl;BEVSTD;Bevölkerungsstand
12411;;;;2025-12-31;KREISE;;12073;;GES;;;Insgesamt;116422;Anzahl;BEVSTD;Bevölkerungsstand
12411;;;;2025-12-31;KREISE;;07312;;GES;;GESW;weiblich;49645;Anzahl;BEVSTD;Bevölkerungsstand
12411;;;;2025-12-31;KREISE;;05334;;GES;;;Insgesamt;583325;Anzahl;BEVSTD;Bevölkerungsstand
12411;;;;2025-12-31;KREISE;;13004;;GES;;GESM;männlich;46990;Anzahl;BEVSTD;Bevölkerungsstand
12411;;;;2025-12-31;KREISE;;16068;;GES;;GESM;männlich;33393;Anzahl;BEVSTD;Bevölkerungsstand
12411;;;;2025-12-31;KREISE;;11009009;;GES;;GESM;männlich;144353;Anzahl;BEVSTD;Bevölkerungsstand
12411;;;;2025-12-31;KREISE;;14612;;GES;;GESW;weiblich;283768;Anzahl;BEVSTD;Bevölkerungsstand
12411;;;;2025-12-31;KREISE;;16069;;GES;;GESW;weiblich;29575;Anzahl;BEVSTD;Bevölkerungsstand
12411;;;;2025-12-31;KREISE;;08121;;GES;;GESM;männlich;67130;Anzahl;BEVSTD;Bevölkerungsstand
12411;;;;2025-12-31;KREISE;;03255;;GES;;GESM;männlich;32536;Anzahl;BEVSTD;Bevölkerungsstand
12411;;;;2025-12-31;KREISE;;05566;;GES;;GESW;weiblich;226333;Anzahl;BEVSTD;Bevölkerungsstand
12411;;;;2025-12-31;KREISE;;14272;;GES;;GESM;männlich;-;Anzahl;BEVSTD;Bevölkerungsstand
12411;;;;2025-12-31;KREISE;;15369;;GES;;;Insgesamt;-;Anzahl;BEVSTD;Bevölkerungsstand
12411;;;;2025-12-31;KREISE;;05334002;;GES;;GESM;männlich;138103;Anzahl;BEVSTD;Bevölkerungsstand
12411;;;;2025-12-31;KREISE;;12052;;GES;;GESW;weiblich;48828;Anzahl;BEVSTD;Bevölkerungsstand
12411;;;;2025-12-31;KREISE;;08111;;GES;;GESW;weiblich;306665;Anzahl;BEVSTD;Bevölkerungsstand
12411;;;;2025-12-31;KREISE;;10041100;;GES;;GESM;männlich;91181;Anzahl;BEVSTD;Bevölkerungsstand
12411;;;;2025-12-31;KREISE;;09778;;GES;;;Insgesamt;147386;Anzahl;BEVSTD;Bevölkerungsstand
12411;;;;2025-12-31;KREISE;;01056;;GES;;GESM;männlich;160044;Anzahl;BEVSTD;Bevölkerungsstand
12411;;;;2025-12-31;KREISE;;09183;;GES;;GESW;weiblich;60455;Anzahl;BEVSTD;Bevölkerungsstand
12411;;;;2025-12-31;KREISE;;11002002;;GES;;GESW;weiblich;131139;Anzahl;BEVSTD;Bevölkerungsstand
12411;;;;2025-12-31;KREISE;;05116;;GES;;;Insgesamt;267176;Anzahl;BEVSTD;Bevölkerungsstand
12411;;;;2025-12-31;KREISE;;09779;;GES;;GESW;weiblich;66707;Anzahl;BEVSTD;Bevölkerungsstand
12411;;;;2025-12-31;KREISE;;14626;;GES;;;Insgesamt;241749;Anzahl;BEVSTD;Bevölkerungsstand
12411;;;;2025-12-31;KREISE;;05970;;GES;;GESM;männlich;135674;Anzahl;BEVSTD;Bevölkerungsstand
12411;;;;2025-12-31;KREISE;;12062;;GES;;;Insgesamt;97017;Anzahl;BEVSTD;Bevölkerungsstand
12411;;;;2025-12-31;KREISE;;03353;;GES;;GESM;männlich;131706;Anzahl;BEVSTD;Bevölkerungsstand
12411;;;;2025-12-31;KREISE;;03354;;GES;;GESW;weiblich;23781;Anzahl;BEVSTD;Bevölkerungsstand
12411;;;;2025-12-31;KREISE;;15082;;GES;;;Insgesamt;151352;Anzahl;BEVSTD;Bevölkerungsstand
12411;;;;2025-12-31;KREISE;;14263;;GES;;;Insgesamt;-;Anzahl;BEVSTD;Bevölkerungsstand
12411;;;;2025-12-31;KREISE;;07313;;GES;;GESM;männlich;23285;Anzahl;BEVSTD;Bevölkerungsstand
12411;;;;2025-12-31;KREISE;;09162;;GES;;;Insgesamt;1505036;Anzahl;BEVSTD;Bevölkerungsstand
12411;;;;2025-12-31;KREISE;;03157;;GES;;GESM;männlich;68047;Anzahl;BEVSTD;Bevölkerungsstand
12411;;;;2025-12-31;KREISE;;05916;;GES;;GESW;weiblich;79597;Anzahl;BEVSTD;Bevölkerungsstand
12411;;;;2025-12-31;KREISE;;03101;;GES;;GESW;weiblich;127640;Anzahl;BEVSTD;Bevölkerungsstand
12411;;;;2025-12-31;KREISE;;07315;;GES;;;Insgesamt;223888;Anzahl;BEVSTD;Bevölkerungsstand
12411;;;;2025-12-31;KREISE;;05762;;GES;;GESW;weiblich;69249;Anzahl;BEVSTD;Bevölkerungsstand
12411;;;;2025-12-31;KREISE;;05114;;GES;;GESM;männlich;113454;Anzahl;BEVSTD;Bevölkerungsstand
12411;;;;2025-12-31;KREISE;;15357;;GES;;GESW;weiblich;-;Anzahl;BEVSTD;Bevölkerungsstand
12411;;;;2025-12-31;KREISE;;03452;;GES;;GESW;weiblich;95873;Anzahl;BEVSTD;Bevölkerungsstand
12411;;;;2025-12-31;KREISE;;05774;;GES;;;Insgesamt;314527;Anzahl;BEVSTD;Bevölkerungsstand
12411;;;;2025-12-31;KREISE;;05358;;GES;;;Insgesamt;279492;Anzahl;BEVSTD;Bevölkerungsstand
12411;;;;2025-12-31;KREISE;;01058;;GES;;;Insgesamt;277263;Anzahl;BEVSTD;Bevölkerungsstand
12411;;;;2025-12-31;KREISE;;11010010;;GES;;GESW;weiblich;144861;Anzahl;BEVSTD;Bevölkerungsstand
12411;;;;2025-12-31;KREISE;;14284;;GES;;GESW;weiblich;-;Anzahl;BEVSTD;Bevölkerungsstand
12411;;;;2025-12-31;KREISE;;12051;;GES;;GESM;männlich;36116;Anzahl;BEVSTD;Bevölkerungsstand
12411;;;;2025-12-31;KREISE;;09271;;GES;;;Insgesamt;121886;Anzahl;BEVSTD;Bevölkerungsstand
12411;;;;2025-12-31;KREISE;;12051;;GES;;;Insgesamt;73945;Anzahl;BEVSTD;Bevölkerungsstand
12411;;;;2025-12-31;KREISE;;03159;;GES;;;Insgesamt;330943;Anzahl;BEVSTD;Bevölkerungsstand
12411;;;;2025-12-31;KREISE;;08231;;GES;;GESW;weiblich;68322;Anzahl;BEVSTD;Bevölkerungsstand
12411;;;;2025-12-31;KREISE;;07336;;GES;;GESW;weiblich;34481;Anzahl;BEVSTD;Bevölkerungsstand
12411;;;;2025-12-31;KREISE;;15202;;GES;;GESW;weiblich;-;Anzahl;BEVSTD;Bevölkerungsstand
12411;;;;2025-12-31;KREISE;;09778;;GES;;GESM;männlich;74318;Anzahl;BEVSTD;Bevölkerungsstand
12411;;;;2025-12-31;KREISE;;09271;;GES;;GESM;männlich;61178;Anzahl;BEVSTD;Bevölkerungsstand
12411;;;;2025-12-31;KREISE;;13003;;GES;;GESW;weiblich;105034;Anzahl;BEVSTD;Bevölkerungsstand
12411;;;;2025-12-31;KREISE;;09173;;GES;;;Insgesamt;130081;Anzahl;BEVSTD;Bevölkerungsstand
12411;;;;2025-12-31;KREISE;;03158;;GES;;GESW;weiblich;59451;Anzahl;BEVSTD;Bevölkerungsstand
12411;;;;2025-12-31;KREISE;;03257;;GES;;;Insgesamt;156077;Anzahl;BEVSTD;Bevölkerungsstand
12411;;;;2025-12-31;KREISE;;08221;;GES;;;Insgesamt;156092;Anzahl;BEVSTD;Bevölkerungsstand
12411;;;;2025-12-31;KREISE;;09161;;GES;;GESW;weiblich;69154;Anzahl;BEVSTD;Bevölkerungsstand
12411;;;;2025-12-31;KREISE;;11000;;GES;;GESW;weiblich;1881512;Anzahl;BEVSTD;Bevölkerungsstand
12411;;;;2025-12-31;KREISE;;09184;;GES;;GESM;männlich;175171;Anzahl;BEVSTD;Bevölkerungsstand
12411;;;;2025-12-31;KREISE;;01057;;GES;;GESW;weiblich;67623;Anzahl;BEVSTD;Bevölkerungsstand
12411;;;;2025-12-31;KREISE;;15081;;GES;;GESW;weiblich;40018;Anzahl;BEVSTD;Bevölkerungsstand
12411;;;;2025-12-31;KREISE;;12062;;GES;;GESM;männlich;47955;Anzahl;BEVSTD;Bevölkerungsstand
12411;;;;2025-12-31;KREISE;;15369;;GES;;GESM;männlich;-;Anzahl;BEVSTD;Bevölkerungsstand
12411;;;;2025-12-31;KREISE;;05970;;GES;;;Insgesamt;272509;Anzahl;BEVSTD;Bevölkerungsstand
12411;;;;2025-12-31;KREISE;;03355;;GES;;;Insgesamt;179185;Anzahl;BEVSTD;Bevölkerungsstand
12411;;;;2025-12-31;KREISE;;05554;;GES;;;Insgesamt;379561;Anzahl;BEVSTD;Bevölkerungsstand
12411;;;;2025-12-31;KREISE;;03256;;GES;;GESW;weiblich;61192;Anzahl;BEVSTD;Bevölkerungsstand
