statistics_code;statistics_label;time_code;time_label;time;1_variable_code;1_variable_label;1_variable_attribute_code;1_variable_attribute_label;2_variable_code;2_variable_label;2_variable_attribute_code;2_variable_attribute_label;3_variable_code;3_variable_label;3_variable_attribute_code;3_variable_attribute_label;value;value_unit;value_variable_code;value_variable_label
12411;Fortschreibung des Bevölkerungsstandes;STAG;Stichtag;2025-12-31;DINSG;Bundesländer;DG;Deutschland;;Geschlecht;;;;Altersgruppen (unter 3 bis 75 u. m.);;;83467117;Anzahl;BEVSTD;Bevölkerung
12411;;;;2025-12-31;DINSG;;DG;;;;;;ALTX20;;ALTU18;unter 18 Jahre;13875964;Anzahl;BEVSTD;Bevölkerung
12411;;;;2025-12-31;DINSG;;DG;;;;;;ALTX20;;ALT18B65;18 bis unter 65 Jahre;50271770;Anzahl;BEVSTD;Bevölkerung
12411;;;;2025-12-31;DINSG;;DG;;;;;;ALTX20;;ALT65UM;65 Jahre und älter;19319383;Anzahl;BEVSTD;Bevölkerung
12411;;;;2025-12-31;DINSG;;DG;;;;;;ALTX20;;ALTU18;unter 18 Jahre;16,6;%;BEVANT;Anteil an der Bevölkerung, berechnet
12411;;;;2025-12-31;DINSG;;DG;;;;;;ALTX20;;ALT18B65;18 bis unter 65 Jahre;60,2;%;BEVANT;Anteil an der Bevölkerung, berechnet
12411;;;;2025-12-31;DINSG;;DG;;;;;;ALTX20;;ALT65UM;65 Jahre und älter;23,1;%;BEVANT;Anteil an der Bevölkerung, berechnet
12411;;;;2025-12-31;DLAND;;01;Schleswig-Holstein;;;;;;;;;2958519;Anzahl;BEVSTD;Bevölkerung
12411;;;;2025-12-31;DLAND;;01;;;;;;ALTX20;;ALTU18;unter 18 Jahre;478273;Anzahl;BEVSTD;Bevölkerung
12411;;;;2025-12-31;DLAND;;01;;;;;;ALTX20;;ALT18B65;18 bis unter 65 Jahre;1760495;Anzahl;BEVSTD;Bevölkerung
12411;;;;2025-12-31;DLAND;;01;;;;;;ALTX20;;ALT65UM;65 Jahre und älter;719751;Anzahl;BEVSTD;Bevölkerung
12411;;;;2025-12-31;DLAND;;01;;;;;;ALTX20;;ALTU18;unter 18 Jahre;16,2;%;BEVANT;Anteil an der Bevölkerung, berechnet
12411;;;;2025-12-31;DLAND;;01;;;;;;ALTX20;;ALT18B65;18 bis unter 65 Jahre;59,5;%;BEVANT;Anteil an der Bevölkerung, berechnet
12411;;;;2025-12-31;DLAND;;01;;;;;;ALTX20;;ALT65UM;65 Jahre und älter;24,3;%;BEVANT;Anteil an der Bevölkerung, berechnet
12411;;;;2025-12-31;DLAND;;02;Hamburg;;;;;;;;;1869473;Anzahl;BEVSTD;Bevölkerung
12411;;;;2025-12-31;DLAND;;02;;;;;;ALTX20;;ALTU18;unter 18 Jahre;314824;Anzahl;BEVSTD;Bevölkerung
12411;;;;2025-12-31;DLAND;;02;;;;;;ALTX20;;ALT18B65;18 bis unter 65 Jahre;1215039;Anzahl;BEVSTD;Bevölkerung
12411;;;;2025-12-31;DLAND;;02;;;;;;ALTX20;;ALT65UM;65 Jahre und älter;339610;Anzahl;BEVSTD;Bevölkerung
12411;;;;2025-12-31;DLAND;;02;;;;;;ALTX20;;ALTU18;unter 18 Jahre;16,8;%;BEVANT;Anteil an der Bevölkerung, berechnet
12411;;;;2025-12-31;DLAND;;02;;;;;;ALTX20;;ALT18B65;18 bis unter 65 Jahre;65,0;%;BEVANT;Anteil an der Bevölkerung, berechnet
12411;;;;2025-12-31;DLAND;;02;;;;;;ALTX20;;ALT65UM;65 Jahre und älter;18,2;%;BEVANT;Anteil an der Bevölkerung, berechnet
12411;;;;2025-12-31;DLAND;;03;Niedersachsen;;;;;;;;;8000826;Anzahl;BEVSTD;Bevölkerung
12411;;;;2025-12-31;DLAND;;03;;;;;;ALTX20;;ALTU18;unter 18 Jahre;1342418;Anzahl;BEVSTD;Bevölkerung
12411;;;;2025-12-31;DLAND;;03;;;;;;ALTX20;;ALT18B65;18 bis unter 65 Jahre;4771348;Anzahl;BEVSTD;Bevölkerung
12411;;;;2025-12-31;DLAND;;03;;;;;;ALTX20;;ALT65UM;65 Jahre und älter;1887060;Anzahl;BEVSTD;Bevölkerung
12411;;;;2025-12-31;DLAND;;03;;;;;;ALTX20;;ALTU18;unter 18 Jahre;16,8;%;BEVANT;Anteil an der Bevölkerung, berechnet
12411;;;;2025-12-31;DLAND;;03;;;;;;ALTX20;;ALT18B65;18 bis unter 65 Jahre;59,6;%;BEVANT;Anteil an der Bevölkerung, berechnet
12411;;;;2025-12-31;DLAND;;03;;;;;;ALTX20;;ALT65UM;65 Jahre und älter;23,6;%;BEVANT;Anteil an der Bevölkerung, berechnet
12411;;;;2025-12-31;DLAND;;04;Bremen;;;;;;;;;706915;Anzahl;BEVSTD;Bevölkerung
12411;;;;2025-12-31;DLAND;;04;;;;;;ALTX20;;ALTU18;unter 18 Jahre;121355;Anzahl;BEVSTD;Bevölkerung
12411;;;;2025-12-31;DLAND;;04;;;;;;ALTX20;;ALT18B65;18 bis unter 65 Jahre;437555;Anzahl;BEVSTD;Bevölkerung
12411;;;;2025-12-31;DLAND;;04;;;;;;ALTX20;;ALT65UM;65 Jahre und älter;148005;Anzahl;BEVSTD;Bevölkerung
12411;;;;2025-12-31;DLAND;;04;;;;;;ALTX20;;ALTU18;unter 18 Jahre;17,2;%;BEVANT;Anteil an der Bevölkerung, berechnet
12411;;;;2025-12-31;DLAND;;04;;;;;;ALTX20;;ALT18B65;18 bis unter 65 Jahre;61,9;%;BEVANT;Anteil an der Bevölkerung, berechnet
12411;;;;2025-12-31;DLAND;;04;;;;;;ALTX20;;ALT65UM;65 Jahre und älter;20,9;%;BEVANT;Anteil an der Bevölkerung, berechnet
12411;;;;2025-12-31;DLAND;;05;Nordrhein-Westfalen;;;;;;;;;17986214;Anzahl;BEVSTD;Bevölkerung
12411;;;;2025-12-31;DLAND;;05;;;;;;ALTX20;;ALTU18;unter 18 Jahre;3044116;Anzahl;BEVSTD;Bevölkerung
12411;;;;2025-12-31;DLAND;;05;;;;;;ALTX20;;ALT18B65;18 bis unter 65 Jahre;10904616;Anzahl;BEVSTD;Bevölkerung
12411;;;;2025-12-31;DLAND;;05;;;;;;ALTX20;;ALT65UM;65 Jahre und älter;4037482;Anzahl;BEVSTD;Bevölkerung
12411;;;;2025-12-31;DLAND;;05;;;;;;ALTX20;;ALTU18;unter 18 Jahre;16,9;%;BEVANT;Anteil an der Bevölkerung, berechnet
12411;;;;2025-12-31;DLAND;;05;;;;;;ALTX20;;ALT18B65;18 bis unter 65 Jahre;60,6;%;BEVANT;Anteil an der Bevölkerung, berechnet
12411;;;;2025-12-31;DLAND;;05;;;;;;ALTX20;;ALT65UM;65 Jahre und älter;22,4;%;BEVANT;Anteil an der Bevölkerung, berechnet
12411;;;;2025-12-31;DLAND;;06;Hessen;;;;;;;;;6278594;Anzahl;BEVSTD;Bevölkerung
12411;;;;2025-12-31;DLAND;;06;;;;;;ALTX20;;ALTU18;unter 18 Jahre;1061035;Anzahl;BEVSTD;Bevölkerung
12411;;;;2025-12-31;DLAND;;06;;;;;;ALTX20;;ALT18B65;18 bis unter 65 Jahre;3834754;Anzahl;BEVSTD;Bevölkerung
12411;;;;2025-12-31;DLAND;;06;;;;;;ALTX20;;ALT65UM;65 Jahre und älter;1382805;Anzahl;BEVSTD;Bevölkerung
12411;;;;2025-12-31;DLAND;;06;;;;;;ALTX20;;ALTU18;unter 18 Jahre;16,9;%;BEVANT;Anteil an der Bevölkerung, berechnet
12411;;;;2025-12-31;DLAND;;06;;;;;;ALTX20;;ALT18B65;18 bis unter 65 Jahre;61,1;%;BEVANT;Anteil an der Bevölkerung, berechnet
12411;;;;2025-12-31;DLAND;;06;;;;;;ALTX20;;ALT65UM;65 Jahre und älter;22,0;%;BEVANT;Anteil an der Bevölkerung, berechnet
12411;;;;2025-12-31;DLAND;;07;Rheinland-Pfalz;;;;;;;;;4123022;Anzahl;BEVSTD;Bevölkerung
12411;;;;2025-12-31;DLAND;;07;;;;;;ALTX20;;ALTU18;unter 18 Jahre;689483;Anzahl;BEVSTD;Bevölkerung
12411;;;;2025-12-31;DLAND;;07;;;;;;ALTX20;;ALT18B65;18 bis unter 65 Jahre;2453734;Anzahl;BEVSTD;Bevölkerung
12411;;;;2025-12-31;DLAND;;07;;;;;;ALTX20;;ALT65UM;65 Jahre und älter;979805;Anzahl;BEVSTD;Bevölkerung
12411;;;;2025-12-31;DLAND;;07;;;;;;ALTX20;;ALTU18;unter 18 Jahre;16,7;%;BEVANT;Anteil an der Bevölkerung, berechnet
12411;;;;2025-12-31;DLAND;;07;;;;;;ALTX20;;ALT18B65;18 bis unter 65 Jahre;59,5;%;BEVANT;Anteil an der Bevölkerung, berechnet
12411;;;;2025-12-31;DLAND;;07;;;;;;ALTX20;;ALT65UM;65 Jahre und älter;23,8;%;BEVANT;Anteil an der Bevölkerung, berechnet
12411;;;;2025-12-31;DLAND;;08;Baden-Württemberg;;;;;;;;;11238761;Anzahl;BEVSTD;Bevölkerung
12411;;;;2025-12-31;DLAND;;08;;;;;;ALTX20;;ALTU18;unter 18 Jahre;1935184;Anzahl;BEVSTD;Bevölkerung
12411;;;;2025-12-31;DLAND;;08;;;;;;ALTX20;;ALT18B65;18 bis unter 65 Jahre;6831691;Anzahl;BEVSTD;Bevölkerung
12411;;;;2025-12-31;DLAND;;08;;;;;;ALTX20;;ALT65UM;65 Jahre und älter;2471886;Anzahl;BEVSTD;Bevölkerung
12411;;;;2025-12-31;DLAND;;08;;;;;;ALTX20;;ALTU18;unter 18 Jahre;17,2;%;BEVANT;Anteil an der Bevölkerung, berechnet
12411;;;;2025-12-31;DLAND;;08;;;;;;ALTX20;;ALT18B65;18 bis unter 65 Jahre;60,8;%;BEVANT;Anteil an der Bevölkerung, berechnet
12411;;;;2025-12-31;DLAND;;08;;;;;;ALTX20;;ALT65UM;65 Jahre und älter;22,0;%;BEVANT;Anteil an der Bevölkerung, berechnet
12411;;;;2025-12-31;DLAND;;09;Bayern;;;;;;;;;13245503;Anzahl;BEVSTD;Bevölkerung
12411;;;;2025-12-31;DLAND;;09;;;;;;ALTX20;;ALTU18;unter 18 Jahre;2226266;Anzahl;BEVSTD;Bevölkerung
12411;;;;2025-12-31;DLAND;;09;;;;;;ALTX20;;ALT18B65;18 bis unter 65 Jahre;8103777;Anzahl;BEVSTD;Bevölkerung
12411;;;;2025-12-31;DLAND;;09;;;;;;ALTX20;;ALT65UM;65 Jahre und älter;2915460;Anzahl;BEVSTD;Bevölkerung
12411;;;;2025-12-31;DLAND;;09;;;;;;ALTX20;;ALTU18;unter 18 Jahre;16,8;%;BEVANT;Anteil an der Bevölkerung, berechnet
12411;;;;2025-12-31;DLAND;;09;;;;;;ALTX20;;ALT18B65;18 bis unter 65 Jahre;61,2;%;BEVANT;Anteil an der Bevölkerung, berechnet
12411;;;;2025-12-31;DLAND;;09;;;;;;ALTX20;;ALT65UM;65 Jahre und älter;22,0;%;BEVANT;Anteil an der Bevölkerung, berechnet
12411;;;;2025-12-31;DLAND;;10;Saarland;;;;;;;;;1007342;Anzahl;BEVSTD;Bevölkerung
12411;;;;2025-12-31;DLAND;;10;;;;;;ALTX20;;ALTU18;unter 18 Jahre;155389;Anzahl;BEVSTD;Bevölkerung
12411;;;;2025-12-31;DLAND;;10;;;;;;ALTX20;;ALT18B65;18 bis unter 65 Jahre;591007;Anzahl;BEVSTD;Bevölkerung
12411;;;;2025-12-31;DLAND;;10;;;;;;ALTX20;;ALT65UM;65 Jahre und älter;260946;Anzahl;BEVSTD;Bevölkerung
12411;;;;2025-12-31;DLAND;;10;;;;;;ALTX20;;ALTU18;unter 18 Jahre;15,4;%;BEVANT;Anteil an der Bevölkerung, berechnet
12411;;;;2025-12-31;DLAND;;10;;;;;;ALTX20;;ALT18B65;18 bis unter 65 Jahre;58,7;%;BEVANT;Anteil an der Bevölkerung, berechnet
12411;;;;2025-12-31;DLAND;;10;;;;;;ALTX20;;ALT65UM;65 Jahre und älter;25,9;%;BEVANT;Anteil an der Bevölkerung, berechnet
12411;;;;2025-12-31;DLAND;;11;Berlin;;;;;;;;;3700577;Anzahl;BEVSTD;Bevölkerung
12411;;;;2025-12-31;DLAND;;11;;;;;;ALTX20;;ALTU18;unter 18 Jahre;604966;Anzahl;BEVSTD;Bevölkerung
12411;;;;2025-12-31;DLAND;;11;;;;;;ALTX20;;ALT18B65;18 bis unter 65 Jahre;2380272;Anzahl;BEVSTD;Bevölkerung
12411;;;;2025-12-31;DLAND;;11;;;;;;ALTX20;;ALT65UM;65 Jahre und älter;715339;Anzahl;BEVSTD;Bevölkerung
12411;;;;2025-12-31;DLAND;;11;;;;;;ALTX20;;ALTU18;unter 18 Jahre;16,3;%;BEVANT;Anteil an der Bevölkerung, berechnet
12411;;;;2025-12-31;DLAND;;11;;;;;;ALTX20;;ALT18B65;18 bis unter 65 Jahre;64,3;%;BEVANT;Anteil an der Bevölkerung, berechnet
12411;;;;2025-12-31;DLAND;;11;;;;;;ALTX20;;ALT65UM;65 Jahre und älter;19,3;%;BEVANT;Anteil an der Bevölkerung, berechnet
12411;;;;2025-12-31;DLAND;;12;Brandenburg;;;;;;;;;2551889;Anzahl;BEVSTD;Bevölkerung
12411;;;;2025-12-31;DLAND;;12;;;;;;ALTX20;;ALTU18;unter 18 Jahre;406089;Anzahl;BEVSTD;Bevölkerung
12411;;;;2025-12-31;DLAND;;12;;;;;;ALTX20;;ALT18B65;18 bis unter 65 Jahre;1454287;Anzahl;BEVSTD;Bevölkerung
12411;;;;2025-12-31;DLAND;;12;;;;;;ALTX20;;ALT65UM;65 Jahre und älter;691513;Anzahl;BEVSTD;Bevölkerung
12411;;;;2025-12-31;DLAND;;12;;;;;;ALTX20;;ALTU18;unter 18 Jahre;15,9;%;BEVANT;Anteil an der Bevölkerung, berechnet
12411;;;;2025-12-31;DLAND;;12;;;;;;ALTX20;;ALT18B65;18 bis unter 65 Jahre;57,0;%;BEVANT;Anteil an der Bevölkerung, berechnet
12411;;;;2025-12-31;DLAND;;12;;;;;;ALTX20;;ALT65UM;65 Jahre und älter;27,1;%;BEVANT;Anteil an der Bevölkerung, berechnet
12411;;;;2025-12-31;DLAND;;13;Mecklenburg-Vorpommern;;;;;;;;;1573685;Anzahl;BEVSTD;Bevölkerung
12411;;;;2025-12-31;DLAND;;13;;;;;;ALTX20;;ALTU18;unter 18 Jahre;236605;Anzahl;BEVSTD;Bevölkerung
12411;;;;2025-12-31;DLAND;;13;;;;;;ALTX20;;ALT18B65;18 bis unter 65 Jahre;884613;Anzahl;BEVSTD;Bevölkerung
12411;;;;2025-12-31;DLAND;;13;;;;;;ALTX20;;ALT65UM;65 Jahre und älter;452467;Anzahl;BEVSTD;Bevölkerung
12411;;;;2025-12-31;DLAND;;13;;;;;;ALTX20;;ALTU18;unter 18 Jahre;15,0;%;BEVANT;Anteil an der Bevölkerung, berechnet
12411;;;;2025-12-31;DLAND;;13;;;;;;ALTX20;;ALT18B65;18 bis unter 65 Jahre;56,2;%;BEVANT;Anteil an der Bevölkerung, berechnet
12411;;;;2025-12-31;DLAND;;13;;;;;;ALTX20;;ALT65UM;65 Jahre und älter;28,8;%;BEVANT;Anteil an der Bevölkerung, berechnet
12411;;;;2025-12-31;DLAND;;14;Sachsen;;;;;;;;;4026599;Anzahl;BEVSTD;Bevölkerung
12411;;;;2025-12-31;DLAND;;14;;;;;;ALTX20;;ALTU18;unter 18 Jahre;633124;Anzahl;BEVSTD;Bevölkerung
12411;;;;2025-12-31;DLAND;;14;;;;;;ALTX20;;ALT18B65;18 bis unter 65 Jahre;2285790;Anzahl;BEVSTD;Bevölkerung
12411;;;;2025-12-31;DLAND;;14;;;;;;ALTX20;;ALT65UM;65 Jahre und älter;1107685;Anzahl;BEVSTD;Bevölkerung
12411;;;;2025-12-31;DLAND;;14;;;;;;ALTX20;;ALTU18;unter 18 Jahre;15,7;%;BEVANT;Anteil an der Bevölkerung, berechnet
12411;;;;2025-12-31;DLAND;;14;;;;;;ALTX20;;ALT18B65;18 bis unter 65 Jahre;56,8;%;BEVANT;Anteil an der Bevölkerung, berechnet
12411;;;;2025-12-31;DLAND;;14;;;;;;ALTX20;;ALT65UM;65 Jahre und älter;27,5;%;BEVANT;Anteil an der Bevölkerung, berechnet
12411;;;;2025-12-31;DLAND;;15;Sachsen-Anhalt;;;;;;;;;2120252;Anzahl;BEVSTD;Bevölkerung
12411;;;;2025-12-31;DLAND;;15;;;;;;ALTX20;;ALTU18;unter 18 Jahre;313614;Anzahl;BEVSTD;Bevölkerung
12411;;;;2025-12-31;DLAND;;15;;;;;;ALTX20;;ALT18B65;18 bis unter 65 Jahre;1193186;Anzahl;BEVSTD;Bevölkerung
12411;;;;2025-12-31;DLAND;;15;;;;;;ALTX20;;ALT65UM;65 Jahre und älter;613452;Anzahl;BEVSTD;Bevölkerung
12411;;;;2025-12-31;DLAND;;15;;;;;;ALTX20;;ALTU18;unter 18 Jahre;14,8;%;BEVANT;Anteil an der Bevölkerung, berechnet
12411;;;;2025-12-31;DLAND;;15;;;;;;ALTX20;;ALT18B65;18 bis unter 65 Jahre;56,3;%;BEVANT;Anteil an der Bevölkerung, berechnet
12411;;;;2025-12-31;DLAND;;15;;;;;;ALTX20;;ALT65UM;65 Jahre und älter;28,9;%;BEVANT;Anteil an der Bevölkerung, berechnet
12411;;;;2025-12-31;DLAND;;16;Thüringen;;;;;;;;;2078946;Anzahl;BEVSTD;Bevölkerung
12411;;;;2025-12-31;DLAND;;16;;;;;;ALTX20;;ALTU18;unter 18 Jahre;313223;Anzahl;BEVSTD;Bevölkerung
12411;;;;2025-12-31;DLAND;;16;;;;;;ALTX20;;ALT18B65;18 bis unter 65 Jahre;1169606;Anzahl;BEVSTD;Bevölkerung
12411;;;;2025-12-31;DLAND;;16;;;;;;ALTX20;;ALT65UM;65 Jahre und älter;596117;Anzahl;BEVSTD;Bevölkerung
12411;;;;2025-12-31;DLAND;;16;;;;;;ALTX20;;ALTU18;unter 18 Jahre;15,1;%;BEVANT;Anteil an der Bevölkerung, berechnet
12411;;;;2025-12-31;DLAND;;16;;;;;;ALTX20;;ALT18B65;18 bis unter 65 Jahre;56,3;%;BEVANT;Anteil an der Bevölkerung, berechnet
12411;;;;2025-12-31;DLAND;;16;;;;;;ALTX20;;ALT65UM;65 Jahre und älter;28,7;%;BEVANT;Anteil an der Bevölkerung, berechnet
12411;;;;2025-12-31;KREISE;;01001;Flensburg, kreisfreie Stadt;;;;;;;;;95568;Anzahl;BEVSTD;Bevölkerung
12411;;;;2025-12-31;KREISE;;01001;;;;;;ALTX20;;ALTU18;unter 18 Jahre;14790;Anzahl;BEVSTD;Bevölkerung
12411;;;;2025-12-31;KREISE;;01001;;;;;;ALTX20;;ALT18B65;18 bis unter 65 Jahre;61112;Anzahl;BEVSTD;Bevölkerung
12411;;;;2025-12-31;KREISE;;01001;;;;;;ALTX20;;ALT65UM;65 Jahre und älter;19666;Anzahl;BEVSTD;Bevölkerung
12411;;;;2025-12-31;KREISE;;01001;;;;;;ALTX20;;ALTU18;unter 18 Jahre;15,5;%;BEVANT;Anteil an der Bevölkerung, berechnet
12411;;;;2025-12-31;KREISE;;01001;;;;;;ALTX20;;ALT18B65;18 bis unter 65 Jahre;63,9;%;BEVANT;Anteil an der Bevölkerung, berechnet
12411;;;;2025-12-31;KREISE;;01001;;;;;;ALTX20;;ALT65UM;65 Jahre und älter;20,6;%;BEVANT;Anteil an der Bevölkerung, berechnet
12411;;;;2025-12-31;KREISE;;01002;Kiel, kreisfreie Stadt;;;;;;;;;251842;Anzahl;BEVSTD;Bevölkerung
12411;;;;2025-12-31;KREISE;;01002;;;;;;ALTX20;;ALTU18;unter 18 Jahre;36432;Anzahl;BEVSTD;Bevölkerung
12411;;;;2025-12-31;KREISE;;01002;;;;;;ALTX20;;ALT18B65;18 bis unter 65 Jahre;165519;Anzahl;BEVSTD;Bevölkerung
12411;;;;2025-12-31;KREISE;;01002;;;;;;ALTX20;;ALT65UM;65 Jahre und älter;49891;Anzahl;BEVSTD;Bevölkerung
12411;;;;2025-12-31;KREISE;;01002;;;;;;ALTX20;;ALTU18;unter 18 Jahre;14,5;%;BEVANT;Anteil an der Bevölkerung, berechnet
12411;;;;2025-12-31;KREISE;;01002;;;;;;ALTX20;;ALT18B65;18 bis unter 65 Jahre;65,7;%;BEVANT;Anteil an der Bevölkerung, berechnet
12411;;;;2025-12-31;KREISE;;01002;;;;;;ALTX20;;ALT65UM;65 Jahre und älter;19,8;%;BEVANT;Anteil an der Bevölkerung, berechnet
12411;;;;2025-12-31;KREISE;;01003;Lübeck, kreisfreie Stadt, Hansestadt;;;;;;;;;217061;Anzahl;BEVSTD;Bevölkerung
12411;;;;2025-12-31;KREISE;;01003;;;;;;ALTX20;;ALTU18;unter 18 Jahre;31990;Anzahl;BEVSTD;Bevölkerung
12411;;;;2025-12-31;KREISE;;01003;;;;;;ALTX20;;ALT18B65;18 bis unter 65 Jahre;133316;Anzahl;BEVSTD;Bevölkerung
12411;;;;2025-12-31;KREISE;;01003;;;;;;ALTX20;;ALT65UM;65 Jahre und älter;51755;Anzahl;BEVSTD;Bevölkerung
12411;;;;2025-12-31;KREISE;;01003;;;;;;ALTX20;;ALTU18;unter 18 Jahre;14,7;%;BEVANT;Anteil an der Bevölkerung, berechnet
12411;;;;2025-12-31;KREISE;;01003;;;;;;ALTX20;;ALT18B65;18 bis unter 65 Jahre;61,4;%;BEVANT;Anteil an der Bevölkerung, berechnet
12411;;;;2025-12-31;KREISE;;01003;;;;;;ALTX20;;ALT65UM;65 Jahre und älter;23,8;%;BEVANT;Anteil an der Bevölkerung, berechnet
12411;;;;2025-12-31;KREISE;;01004;Neumünster, kreisfreie Stadt;;;;;;;;;80145;Anzahl;BEVSTD;Bevölkerung
12411;;;;2025-12-31;KREISE;;01004;;;;;;ALTX20;;ALTU18;unter 18 Jahre;12700;Anzahl;BEVSTD;Bevölkerung
12411;;;;2025-12-31;KREISE;;01004;;;;;;ALTX20;;ALT18B65;18 bis unter 65 Jahre;48888;Anzahl;BEVSTD;Bevölkerung
12411;;;;2025-12-31;KREISE;;01004;;;;;;ALTX20;;ALT65UM;65 Jahre und älter;18557;Anzahl;BEVSTD;Bevölkerung
12411;;;;2025-12-31;KREISE;;01004;;;;;;ALTX20;;ALTU18;unter 18 Jahre;15,8;%;BEVANT;Anteil an der Bevölkerung, berechnet
12411;;;;2025-12-31;KREISE;;01004;;;;;;ALTX20;;ALT18B65;18 bis unter 65 Jahre;61,0;%;BEVANT;Anteil an der Bevölkerung, berechnet
12411;;;;2025-12-31;KREISE;;01004;;;;;;ALTX20;;ALT65UM;65 Jahre und älter;23,2;%;BEVANT;Anteil an der Bevölkerung, berechnet
12411;;;;2025-12-31;KREISE;;01051;Dithmarschen, Kreis;;;;;;;;;133405;Anzahl;BEVSTD;Bevölkerung
12411;;;;2025-12-31;KREISE;;01051;;;;;;ALTX20;;ALTU18;unter 18 Jahre;20913;Anzahl;BEVSTD;Bevölkerung
12411;;;;2025-12-31;KREISE;;01051;;;;;;ALTX20;;ALT18B65;18 bis unter 65 Jahre;76885;Anzahl;BEVSTD;Bevölkerung
12411;;;;2025-12-31;KREISE;;01051;;;;;;ALTX20;;ALT65UM;65 Jahre und älter;35607;Anzahl;BEVSTD;Bevölkerung
12411;;;;2025-12-31;KREISE;;01051;;;;;;ALTX20;;ALTU18;unter 18 Jahre;15,7;%;BEVANT;Anteil an der Bevölkerung, berechnet
12411;;;;2025-12-31;KREISE;;01051;;;;;;ALTX20;;ALT18B65;18 bis unter 65 Jahre;57,6;%;BEVANT;Anteil an der Bevölkerung, berechnet
12411;;;;2025-12-31;KREISE;;01051;;;;;;ALTX20;;ALT65UM;65 Jahre und älter;26,7;%;BEVANT;Anteil an der Bevölkerung, berechnet
12411;;;;2025-12-31;KREISE;;01053;Herzogtum Lauenburg, Kreis;;;;;;;;;206492;Anzahl;BEVSTD;Bevölkerung
12411;;;;2025-12-31;KREISE;;01053;;;;;;ALTX20;;ALTU18;unter 18 Jahre;36199;Anzahl;BEVSTD;Bevölkerung
12411;;;;2025-12-31;KREISE;;01053;;;;;;ALTX20;;ALT18B65;18 bis unter 65 Jahre;121368;Anzahl;BEVSTD;Bevölkerung
12411;;;;2025-12-31;KREISE;;01053;;;;;;ALTX20;;ALT65UM;65 Jahre und älter;48925;Anzahl;BEVSTD;Bevölkerung
12411;;;;2025-12-31;KREISE;;01053;;;;;;ALTX20;;ALTU18;unter 18 Jahre;17,5;%;BEVANT;Anteil an der Bevölkerung, berechnet
12411;;;;2025-12-31;KREISE;;01053;;;;;;ALTX20;;ALT18B65;18 bis unter 65 Jahre;58,8;%;BEVANT;Anteil an der Bevölkerung, berechnet
12411;;;;2025-12-31;KREISE;;01053;;;;;;ALTX20;;ALT65UM;65 Jahre und älter;23,7;%;BEVANT;Anteil an der Bevölkerung, berechnet
12411;;;;2025-12-31;KREISE;;01054;Nordfriesland, Kreis;;;;;;;;;170148;Anzahl;BEVSTD;Bevölkerung
12411;;;;2025-12-31;KREISE;;01054;;;;;;ALTX20;;ALTU18;unter 18 Jahre;26363;Anzahl;BEVSTD;Bevölkerung
12411;;;;2025-12-31;KREISE;;01054;;;;;;ALTX20;;ALT18B65;18 bis unter 65 Jahre;99524;Anzahl;BEVSTD;Bevölkerung
12411;;;;2025-12-31;KREISE;;01054;;;;;;ALTX20;;ALT65UM;65 Jahre und älter;44261;Anzahl;BEVSTD;Bevölkerung
12411;;;;2025-12-31;KREISE;;01054;;;;;;ALTX20;;ALTU18;unter 18 Jahre;15,5;%;BEVANT;Anteil an der Bevölkerung, berechnet
12411;;;;2025-12-31;KREISE;;01054;;;;;;ALTX20;;ALT18B65;18 bis unter 65 Jahre;58,5;%;BEVANT;Anteil an der Bevölkerung, berechnet
12411;;;;2025-12-31;KREISE;;01054;;;;;;ALTX20;;ALT65UM;65 Jahre und älter;26,0;%;BEVANT;Anteil an der Bevölkerung, berechnet
12411;;;;2025-12-31;KREISE;;01055;Ostholstein, Kreis;;;;;;;;;201222;Anzahl;BEVSTD;Bevölkerung
12411;;;;2025-12-31;KREISE;;01055;;;;;;ALTX20;;ALTU18;unter 18 Jahre;28249;Anzahl;BEVSTD;Bevölkerung
12411;;;;2025-12-31;KREISE;;01055;;;;;;ALTX20;;ALT18B65;18 bis unter 65 Jahre;113894;Anzahl;BEVSTD;Bevölkerung
12411;;;;2025-12-31;KREISE;;01055;;;;;;ALTX20;;ALT65UM;65 Jahre und älter;59079;Anzahl;BEVSTD;Bevölkerung
12411;;;;2025-12-31;KREISE;;01055;;;;;;ALTX20;;ALTU18;unter 18 Jahre;14,0;%;BEVANT;Anteil an der Bevölkerung, berechnet
12411;;;;2025-12-31;KREISE;;01055;;;;;;ALTX20;;ALT18B65;18 bis unter 65 Jahre;56,6;%;BEVANT;Anteil an der Bevölkerung, berechnet
12411;;;;2025-12-31;KREISE;;01055;;;;;;ALTX20;;ALT65UM;65 Jahre und älter;29,4;%;BEVANT;Anteil an der Bevölkerung, berechnet
12411;;;;2025-12-31;KREISE;;01056;Pinneberg, Kreis;;;;;;;;;325858;Anzahl;BEVSTD;Bevölkerung
12411;;;;2025-12-31;KREISE;;01056;;;;;;ALTX20;;ALTU18;unter 18 Jahre;55408;Anzahl;BEVSTD;Bevölkerung
12411;;;;2025-12-31;KREISE;;01056;;;;;;ALTX20;;ALT18B65;18 bis unter 65 Jahre;195384;Anzahl;BEVSTD;Bevölkerung
12411;;;;2025-12-31;KREISE;;01056;;;;;;ALTX20;;ALT65UM;65 Jahre und älter;75066;Anzahl;BEVSTD;Bevölkerung
12411;;;;2025-12-31;KREISE;;01056;;;;;;ALTX20;;ALTU18;unter 18 Jahre;17,0;%;BEVANT;Anteil an der Bevölkerung, berechnet
12411;;;;2025-12-31;KREISE;;01056;;;;;;ALTX20;;ALT18B65;18 bis unter 65 Jahre;60,0;%;BEVANT;Anteil an der Bevölkerung, berechnet
12411;;;;2025-12-31;KREISE;;01056;;;;;;ALTX20;;ALT65UM;65 Jahre und älter;23,0;%;BEVANT;Anteil an der Bevölkerung, berechnet
12411;;;;2025-12-31;KREISE;;01057;Plön, Kreis;;;;;;;;;130318;Anzahl;BEVSTD;Bevölkerung
12411;;;;2025-12-31;KREISE;;01057;;;;;;ALTX20;;ALTU18;unter 18 Jahre;20882;Anzahl;BEVSTD;Bevölkerung
12411;;;;2025-12-31;KREISE;;01057;;;;;;ALTX20;;ALT18B65;18 bis unter 65 Jahre;72899;Anzahl;BEVSTD;Bevölkerung
12411;;;;2025-12-31;KREISE;;01057;;;;;;ALTX20;;ALT65UM;65 Jahre und älter;36537;Anzahl;BEVSTD;Bevölkerung
12411;;;;2025-12-31;KREISE;;01057;;;;;;ALTX20;;ALTU18;unter 18 Jahre;16,0;%;BEVANT;Anteil an der Bevölkerung, berechnet
12411;;;;2025-12-31;KREISE;;01057;;;;;;ALTX20;;ALT18B65;18 bis unter 65 Jahre;55,9;%;BEVANT;Anteil an der Bevölkerung, berechnet
12411;;;;2025-12-31;KREISE;;01057;;;;;;ALTX20;;ALT65UM;65 Jahre und älter;28,0;%;BEVANT;Anteil an der Bevölkerung, berechnet
12411;;;;2025-12-31;KREISE;;01058;Rendsburg-Eckernförde, Kreis;;;;;;;;;277263;Anzahl;BEVSTD;Bevölkerung
12411;;;;2025-12-31;KREISE;;01058;;;;;;ALTX20;;ALTU18;unter 18 Jahre;46260;Anzahl;BEVSTD;Bevölkerung
12411;;;;2025-12-31;KREISE;;01058;;;;;;ALTX20;;ALT18B65;18 bis unter 65 Jahre;160922;Anzahl;BEVSTD;Bevölkerung
12411;;;;2025-12-31;KREISE;;01058;;;;;;ALTX20;;ALT65UM;65 Jahre und älter;70081;Anzahl;BEVSTD;Bevölkerung
12411;;;;2025-12-31;KREISE;;01058;;;;;;ALTX20;;ALTU18;unter 18 Jahre;16,7;%;BEVANT;Anteil an der Bevölkerung, berechnet
12411;;;;2025-12-31;KREISE;;01058;;;;;;ALTX20;;ALT18B65;18 bis unter 65 Jahre;58,0;%;BEVANT;Anteil an der Bevölkerung, berechnet
12411;;;;2025-12-31;KREISE;;01058;;;;;;ALTX20;;ALT65UM;65 Jahre und älter;25,3;%;BEVANT;Anteil an der Bevölkerung, berechnet
12411;;;;2025-12-31;KREISE;;01059;Schleswig-Flensburg, Kreis;;;;;;;;;205816;Anzahl;BEVSTD;Bevölkerung
12411;;;;2025-12-31;KREISE;;01059;;;;;;ALTX20;;ALTU18;unter 18 Jahre;35206;Anzahl;BEVSTD;Bevölkerung
12411;;;;2025-12-31;KREISE;;01059;;;;;;ALTX20;;ALT18B65;18 bis unter 65 Jahre;117627;Anzahl;BEVSTD;Bevölkerung
12411;;;;2025-12-31;KREISE;;01059;;;;;;ALTX20;;ALT65UM;65 Jahre und älter;52983;Anzahl;BEVSTD;Bevölkerung
12411;;;;2025-12-31;KREISE;;01059;;;;;;ALTX20;;ALTU18;unter 18 Jahre;17,1;%;BEVANT;Anteil an der Bevölkerung, berechnet
12411;;;;2025-12-31;KREISE;;01059;;;;;;ALTX20;;ALT18B65;18 bis unter 65 Jahre;57,2;%;BEVANT;Anteil an der Bevölkerung, berechnet
12411;;;;2025-12-31;KREISE;;01059;;;;;;ALTX20;;ALT65UM;65 Jahre und älter;25,7;%;BEVANT;Anteil an der Bevölkerung, berechnet
12411;;;;2025-12-31;KREISE;;01060;Segeberg, Kreis;;;;;;;;;283770;Anzahl;BEVSTD;Bevölkerung
12411;;;;2025-12-31;KREISE;;01060;;;;;;ALTX20;;ALTU18;unter 18 Jahre;48108;Anzahl;BEVSTD;Bevölkerung
12411;;;;2025-12-31;KREISE;;01060;;;;;;ALTX20;;ALT18B65;18 bis unter 65 Jahre;170737;Anzahl;BEVSTD;Bevölkerung
12411;;;;2025-12-31;KREISE;;01060;;;;;;ALTX20;;ALT65UM;65 Jahre und älter;64925;Anzahl;BEVSTD;Bevölkerung
12411;;;;2025-12-31;KREISE;;01060;;;;;;ALTX20;;ALTU18;unter 18 Jahre;17,0;%;BEVANT;Anteil an der Bevölkerung, berechnet
12411;;;;2025-12-31;KREISE;;01060;;;;;;ALTX20;;ALT18B65;18 bis unter 65 Jahre;60,2;%;BEVANT;Anteil an der Bevölkerung, berechnet
12411;;;;2025-12-31;KREISE;;01060;;;;;;ALTX20;;ALT65UM;65 Jahre und älter;22,9;%;BEVANT;Anteil an der Bevölkerung, berechnet
12411;;;;2025-12-31;KREISE;;01061;Steinburg, Kreis;;;;;;;;;132217;Anzahl;BEVSTD;Bevölkerung
12411;;;;2025-12-31;KREISE;;01061;;;;;;ALTX20;;ALTU18;unter 18 Jahre;21475;Anzahl;BEVSTD;Bevölkerung
12411;;;;2025-12-31;KREISE;;01061;;;;;;ALTX20;;ALT18B65;18 bis unter 65 Jahre;78408;Anzahl;BEVSTD;Bevölkerung
12411;;;;2025-12-31;KREISE;;01061;;;;;;ALTX20;;ALT65UM;65 Jahre und älter;32334;Anzahl;BEVSTD;Bevölkerung
12411;;;;2025-12-31;KREISE;;01061;;;;;;ALTX20;;ALTU18;unter 18 Jahre;16,2;%;BEVANT;Anteil an der Bevölkerung, berechnet
12411;;;;2025-12-31;KREISE;;01061;;;;;;ALTX20;;ALT18B65;18 bis unter 65 Jahre;59,3;%;BEVANT;Anteil an der Bevölkerung, berechnet
12411;;;;2025-12-31;KREISE;;01061;;;;;;ALTX20;;ALT65UM;65 Jahre und älter;24,5;%;BEVANT;Anteil an der Bevölkerung, berechnet
12411;;;;2025-12-31;KREISE;;01062;Stormarn, Kreis;;;;;;;;;247394;Anzahl;BEVSTD;Bevölkerung
12411;;;;2025-12-31;KREISE;;01062;;;;;;ALTX20;;ALTU18;unter 18 Jahre;43298;Anzahl;BEVSTD;Bevölkerung
12411;;;;2025-12-31;KREISE;;01062;;;;;;ALTX20;;ALT18B65;18 bis unter 65 Jahre;144012;Anzahl;BEVSTD;Bevölkerung
12411;;;;2025-12-31;KREISE;;01062;;;;;;ALTX20;;ALT65UM;65 Jahre und älter;60084;Anzahl;BEVSTD;Bevölkerung
12411;;;;2025-12-31;KREISE;;01062;;;;;;ALTX20;;ALTU18;unter 18 Jahre;17,5;%;BEVANT;Anteil an der Bevölkerung, berechnet
12411;;;;2025-12-31;KREISE;;01062;;;;;;ALTX20;;ALT18B65;18 bis unter 65 Jahre;58,2;%;BEVANT;Anteil an der Bevölkerung, berechnet
12411;;;;2025-12-31;KREISE;;01062;;;;;;ALTX20;;ALT65UM;65 Jahre und älter;24,3;%;BEVANT;Anteil an der Bevölkerung, berechnet
12411;;;;2025-12-31;KREISE;;02000;Hamburg, kreisfreie Stadt, Freie und Hansestadt;;;;;;;;;1869473;Anzahl;BEVSTD;Bevölkerung
12411;;;;2025-12-31;KREISE;;02000;;;;;;ALTX20;;ALTU18;unter 18 Jahre;314824;Anzahl;BEVSTD;Bevölkerung
12411;;;;2025-12-31;KREISE;;02000;;;;;;ALTX20;;ALT18B65;18 bis unter 65 Jahre;1215039;Anzahl;BEVSTD;Bevölkerung
12411;;;;2025-12-31;KREISE;;02000;;;;;;ALTX20;;ALT65UM;65 Jahre und älter;339610;Anzahl;BEVSTD;Bevölkerung
12411;;;;2025-12-31;KREISE;;02000;;;;;;ALTX20;;ALTU18;unter 18 Jahre;16,8;%;BEVANT;Anteil an der Bevölkerung, berechnet
12411;;;;2025-12-31;KREISE;;02000;;;;;;ALTX20;;ALT18B65;18 bis unter 65 Jahre;65,0;%;BEVANT;Anteil an der Bevölkerung, berechnet
12411;;;;2025-12-31;KREISE;;02000;;;;;;ALTX20;;ALT65UM;65 Jahre und älter;18,2;%;BEVANT;Anteil an der Bevölkerung, berechnet
12411;;;;2025-12-31;KREISE;;03101;Braunschweig, kreisfreie Stadt;;;;;;;;;252811;Anzahl;BEVSTD;Bevölkerung
12411;;;;2025-12-31;KREISE;;03101;;;;;;ALTX20;;ALTU18;unter 18 Jahre;37015;Anzahl;BEVSTD;Bevölkerung
12411;;;;2025-12-31;KREISE;;03101;;;;;;ALTX20;;ALT18B65;18 bis unter 65 Jahre;160606;Anzahl;BEVSTD;Bevölkerung
12411;;;;2025-12-31;KREISE;;03101;;;;;;ALTX20;;ALT65UM;65 Jahre und älter;55190;Anzahl;BEVSTD;Bevölkerung
12411;;;;2025-12-31;KREISE;;03101;;;;;;ALTX20;;ALTU18;unter 18 Jahre;14,6;%;BEVANT;Anteil an der Bevölkerung, berechnet
12411;;;;2025-12-31;KREISE;;03101;;;;;;ALTX20;;ALT18B65;18 bis unter 65 Jahre;63,5;%;BEVANT;Anteil an der Bevölkerung, berechnet
12411;;;;2025-12-31;KREISE;;03101;;;;;;ALTX20;;ALT65UM;65 Jahre und älter;21,8;%;BEVANT;Anteil an der Bevölkerung, berechnet
12411;;;;2025-12-31;KREISE;;03102;Salzgitter, kreisfreie Stadt;;;;;;;;;104433;Anzahl;BEVSTD;Bevölkerung
12411;;;;2025-12-31;KREISE;;03102;;;;;;ALTX20;;ALTU18;unter 18 Jahre;19377;Anzahl;BEVSTD;Bevölkerung
12411;;;;2025-12-31;KREISE;;03102;;;;;;ALTX20;;ALT18B65;18 bis unter 65 Jahre;60870;Anzahl;BEVSTD;Bevölkerung
12411;;;;2025-12-31;KREISE;;03102;;;;;;ALTX20;;ALT65UM;65 Jahre und älter;24186;Anzahl;BEVSTD;Bevölkerung
12411;;;;2025-12-31;KREISE;;03102;;;;;;ALTX20;;ALTU18;unter 18 Jahre;18,6;%;BEVANT;Anteil an der Bevölkerung, berechnet
12411;;;;2025-12-31;KREISE;;03102;;;;;;ALTX20;;ALT18B65;18 bis unter 65 Jahre;58,3;%;BEVANT;Anteil an der Bevölkerung, berechnet
12411;;;;2025-12-31;KREISE;;03102;;;;;;ALTX20;;ALT65UM;65 Jahre und älter;23,2;%;BEVANT;Anteil an der Bevölkerung, berechnet
12411;;;;2025-12-31;KREISE;;03103;Wolfsburg, kreisfreie Stadt;;;;;;;;;129813;Anzahl;BEVSTD;Bevölkerung
12411;;;;2025-12-31;KREISE;;03103;;;;;;ALTX20;;ALTU18;unter 18 Jahre;23093;Anzahl;BEVSTD;Bevölkerung
12411;;;;2025-12-31;KREISE;;03103;;;;;;ALTX20;;ALT18B65;18 bis unter 65 Jahre;77712;Anzahl;BEVSTD;Bevölkerung
12411;;;;2025-12-31;KREISE;;03103;;;;;;ALTX20;;ALT65UM;65 Jahre und älter;29008;Anzahl;BEVSTD;Bevölkerung
12411;;;;2025-12-31;KREISE;;03103;;;;;;ALTX20;;ALTU18;unter 18 Jahre;17,8;%;BEVANT;Anteil an der Bevölkerung, berechnet
12411;;;;2025-12-31;KREISE;;03103;;;;;;ALTX20;;ALT18B65;18 bis unter 65 Jahre;59,9;%;BEVANT;Anteil an der Bevölkerung, berechnet
12411;;;;2025-12-31;KREISE;;03103;;;;;;ALTX20;;ALT65UM;65 Jahre und älter;22,3;%;BEVANT;Anteil an der Bevölkerung, berechnet
12411;;;;2025-12-31;KREISE;;03151;Gifhorn, Landkreis;;;;;;;;;175518;Anzahl;BEVSTD;Bevölkerung
12411;;;;2025-12-31;KREISE;;03151;;;;;;ALTX20;;ALTU18;unter 18 Jahre;32738;Anzahl;BEVSTD;Bevölkerung
12411;;;;2025-12-31;KREISE;;03151;;;;;;ALTX20;;ALT18B65;18 bis unter 65 Jahre;102596;Anzahl;BEVSTD;Bevölkerung
12411;;;;2025-12-31;KREISE;;03151;;;;;;ALTX20;;ALT65UM;65 Jahre und älter;40184;Anzahl;BEVSTD;Bevölkerung
12411;;;;2025-12-31;KREISE;;03151;;;;;;ALTX20;;ALTU18;unter 18 Jahre;18,7;%;BEVANT;Anteil an der Bevölkerung, berechnet
12411;;;;2025-12-31;KREISE;;03151;;;;;;ALTX20;;ALT18B65;18 bis unter 65 Jahre;58,5;%;BEVANT;Anteil an der Bevölkerung, berechnet
12411;;;;2025-12-31;KREISE;;03151;;;;;;ALTX20;;ALT65UM;65 Jahre und älter;22,9;%;BEVANT;Anteil an der Bevölkerung, berechnet
12411;;;;2025-12-31;KREISE;;03153;Goslar, Landkreis;;;;;;;;;126082;Anzahl;BEVSTD;Bevölkerung
12411;;;;2025-12-31;KREISE;;03153;;;;;;ALTX20;;ALTU18;unter 18 Jahre;17686;Anzahl;BEVSTD;Bevölkerung
12411;;;;2025-12-31;KREISE;;03153;;;;;;ALTX20;;ALT18B65;18 bis unter 65 Jahre;72119;Anzahl;BEVSTD;Bevölkerung
12411;;;;2025-12-31;KREISE;;03153;;;;;;ALTX20;;ALT65UM;65 Jahre und älter;36277;Anzahl;BEVSTD;Bevölkerung
12411;;;;2025-12-31;KREISE;;03153;;;;;;ALTX20;;ALTU18;unter 18 Jahre;14,0;%;BEVANT;Anteil an der Bevölkerung, berechnet
12411;;;;2025-12-31;KREISE;;03153;;;;;;ALTX20;;ALT18B65;18 bis unter 65 Jahre;57,2;%;BEVANT;Anteil an der Bevölkerung, berechnet
12411;;;;2025-12-31;KREISE;;03153;;;;;;ALTX20;;ALT65UM;65 Jahre und älter;28,8;%;BEVANT;Anteil an der Bevölkerung, berechnet
12411;;;;2025-12-31;KREISE;;03154;Helmstedt, Landkreis;;;;;;;;;89771;Anzahl;BEVSTD;Bevölkerung
12411;;;;2025-12-31;KREISE;;03154;;;;;;ALTX20;;ALTU18;unter 18 Jahre;14803;Anzahl;BEVSTD;Bevölkerung
12411;;;;2025-12-31;KREISE;;03154;;;;;;ALTX20;;ALT18B65;18 bis unter 65 Jahre;52421;Anzahl;BEVSTD;Bevölkerung
12411;;;;2025-12-31;KREISE;;03154;;;;;;ALTX20;;ALT65UM;65 Jahre und älter;22547;Anzahl;BEVSTD;Bevölkerung
12411;;;;2025-12-31;KREISE;;03154;;;;;;ALTX20;;ALTU18;unter 18 Jahre;16,5;%;BEVANT;Anteil an der Bevölkerung, berechnet
12411;;;;2025-12-31;KREISE;;03154;;;;;;ALTX20;;ALT18B65;18 bis unter 65 Jahre;58,4;%;BEVANT;Anteil an der Bevölkerung, berechnet
12411;;;;2025-12-31;KREISE;;03154;;;;;;ALTX20;;ALT65UM;65 Jahre und älter;25,1;%;BEVANT;Anteil an der Bevölkerung, berechnet
12411;;;;2025-12-31;KREISE;;03155;Northeim, Landkreis;;;;;;;;;124692;Anzahl;BEVSTD;Bevölkerung
12411;;;;2025-12-31;KREISE;;03155;;;;;;ALTX20;;ALTU18;unter 18 Jahre;19309;Anzahl;BEVSTD;Bevölkerung
12411;;;;2025-12-31;KREISE;;03155;;;;;;ALTX20;;ALT18B65;18 bis unter 65 Jahre;70983;Anzahl;BEVSTD;Bevölkerung
12411;;;;2025-12-31;KREISE;;03155;;;;;;ALTX20;;ALT65UM;65 Jahre und älter;34400;Anzahl;BEVSTD;Bevölkerung
12411;;;;2025-12-31;KREISE;;03155;;;;;;ALTX20;;ALTU18;unter 18 Jahre;15,5;%;BEVANT;Anteil an der Bevölkerung, berechnet
12411;;;;2025-12-31;KREISE;;03155;;;;;;ALTX20;;ALT18B65;18 bis unter 65 Jahre;56,9;%;BEVANT;Anteil an der Bevölkerung, berechnet
12411;;;;2025-12-31;KREISE;;03155;;;;;;ALTX20;;ALT65UM;65 Jahre und älter;27,6;%;BEVANT;Anteil an der Bevölkerung, berechnet
12411;;;;2025-12-31;KREISE;;03157;Peine, Landkreis;;;;;;;;;137149;Anzahl;BEVSTD;Bevölkerung
12411;;;;2025-12-31;KREISE;;03157;;;;;;ALTX20;;ALTU18;unter 18 Jahre;25141;Anzahl;BEVSTD;Bevölkerung
12411;;;;2025-12-31;KREISE;;03157;;;;;;ALTX20;;ALT18B65;18 bis unter 65 Jahre;80628;Anzahl;BEVSTD;Bevölkerung
12411;;;;2025-12-31;KREISE;;03157;;;;;;ALTX20;;ALT65UM;65 Jahre und älter;31380;Anzahl;BEVSTD;Bevölkerung
12411;;;;2025-12-31;KREISE;;03157;;;;;;ALTX20;;ALTU18;unter 18 Jahre;18,3;%;BEVANT;Anteil an der Bevölkerung, berechnet
12411;;;;2025-12-31;KREISE;;03157;;;;;;ALTX20;;ALT18B65;18 bis unter 65 Jahre;58,8;%;BEVANT;Anteil an der Bevölkerung, berechnet
12411;;;;2025-12-31;KREISE;;03157;;;;;;ALTX20;;ALT65UM;65 Jahre und älter;22,9;%;BEVANT;Anteil an der Bevölkerung, berechnet
12411;;;;2025-12-31;KREISE;;03158;Wolfenbüttel, Landkreis;;;;;;;;;117844;Anzahl;BEVSTD;Bevölkerung
12411;;;;2025-12-31;KREISE;;03158;;;;;;ALTX20;;ALTU18;unter 18 Jahre;19104;Anzahl;BEVSTD;Bevölkerung
12411;;;;2025-12-31;KREISE;;03158;;;;;;ALTX20;;ALT18B65;18 bis unter 65 Jahre;68628;Anzahl;BEVSTD;Bevölkerung
12411;;;;2025-12-31;KREISE;;03158;;;;;;ALTX20;;ALT65UM;65 Jahre und älter;30112;Anzahl;BEVSTD;Bevölkerung
12411;;;;2025-12-31;KREISE;;03158;;;;;;ALTX20;;ALTU18;unter 18 Jahre;16,2;%;BEVANT;Anteil an der Bevölkerung, berechnet
12411;;;;2025-12-31;KREISE;;03158;;;;;;ALTX20;;ALT18B65;18 bis unter 65 Jahre;58,2;%;BEVANT;Anteil an der Bevölkerung, berechnet
12411;;;;2025-12-31;KREISE;;03158;;;;;;ALTX20;;ALT65UM;65 Jahre und älter;25,6;%;BEVANT;Anteil an der Bevölkerung, berechnet
12411;;;;2025-12-31;KREISE;;03159;Göttingen, Landkreis;;;;;;;;;330943;Anzahl;BEVSTD;Bevölkerung
12411;;;;2025-12-31;KREISE;;03159;;;;;;ALTX20;;ALTU18;unter 18 Jahre;49515;Anzahl;BEVSTD;Bevölkerung
12411;;;;2025-12-31;KREISE;;03159;;;;;;ALTX20;;ALT18B65;18 bis unter 65 Jahre;200532;Anzahl;BEVSTD;Bevölkerung
12411;;;;2025-12-31;KREISE;;03159;;;;;;ALTX20;;ALT65UM;65 Jahre und älter;80896;Anzahl;BEVSTD;Bevölkerung
12411;;;;2025-12-31;KREISE;;03159;;;;;;ALTX20;;ALTU18;unter 18 Jahre;15,0;%;BEVANT;Anteil an der Bevölkerung, berechnet
12411;;;;2025-12-31;KREISE;;03159;;;;;;ALTX20;;ALT18B65;18 bis unter 65 Jahre;60,6;%;BEVANT;Anteil an der Bevölkerung, berechnet
12411;;;;2025-12-31;KREISE;;03159;;;;;;ALTX20;;ALT65UM;65 Jahre und älter;24,4;%;BEVANT;Anteil an der Bevölkerung, berechnet
12411;;;;2025-12-31;KREISE;;03241;Region Hannover, Landkreis;;;;;;;;;1141128;Anzahl;BEVSTD;Bevölkerung
12411;;;;2025-12-31;KREISE;;03241;;;;;;ALTX20;;ALTU18;unter 18 Jahre;188278;Anzahl;BEVSTD;Bevölkerung
12411;;;;2025-12-31;KREISE;;03241;;;;;;ALTX20;;ALT18B65;18 bis unter 65 Jahre;700524;Anzahl;BEVSTD;Bevölkerung
12411;;;;2025-12-31;KREISE;;03241;;;;;;ALTX20;;ALT65UM;65 Jahre und älter;252326;Anzahl;BEVSTD;Bevölkerung
12411;;;;2025-12-31;KREISE;;03241;;;;;;ALTX20;;ALTU18;unter 18 Jahre;16,5;%;BEVANT;Anteil an der Bevölkerung, berechnet
12411;;;;2025-12-31;KREISE;;03241;;;;;;ALTX20;;ALT18B65;18 bis unter 65 Jahre;61,4;%;BEVANT;Anteil an der Bevölkerung, berechnet
12411;;;;2025-12-31;KREISE;;03241;;;;;;ALTX20;;ALT65UM;65 Jahre und älter;22,1;%;BEVANT;Anteil an der Bevölkerung, berechnet
12411;;;;2025-12-31;KREISE;;03241001;Hannover, Landeshauptstadt;;;;;;;;;522803;Anzahl;BEVSTD;Bevölkerung
12411;;;;2025-12-31;KREISE;;03241001;;;;;;ALTX20;;ALTU18;unter 18 Jahre;80437;Anzahl;BEVSTD;Bevölkerung
12411;;;;2025-12-31;KREISE;;03241001;;;;;;ALTX20;;ALT18B65;18 bis unter 65 Jahre;340402;Anzahl;BEVSTD;Bevölkerung
12411;;;;2025-12-31;KREISE;;03241001;;;;;;ALTX20;;ALT65UM;65 Jahre und älter;101964;Anzahl;BEVSTD;Bevölkerung
12411;;;;2025-12-31;KREISE;;03241001;;;;;;ALTX20;;ALTU18;unter 18 Jahre;15,4;%;BEVANT;Anteil an der Bevölkerung, berechnet
12411;;;;2025-12-31;KREISE;;03241001;;;;;;ALTX20;;ALT18B65;18 bis unter 65 Jahre;65,1;%;BEVANT;Anteil an der Bevölkerung, berechnet
12411;;;;2025-12-31;KREISE;;03241001;;;;;;ALTX20;;ALT65UM;65 Jahre und älter;19,5;%;BEVANT;Anteil an der Bevölkerung, berechnet
12411;;;;2025-12-31;KREISE;;03251;Diepholz, Landkreis;;;;;;;;;221384;Anzahl;BEVSTD;Bevölkerung
12411;;;;2025-12-31;KREISE;;03251;;;;;;ALTX20;;ALTU18;unter 18 Jahre;37879;Anzahl;BEVSTD;Bevölkerung
12411;;;;2025-12-31;KREISE;;03251;;;;;;ALTX20;;ALT18B65;18 bis unter 65 Jahre;129830;Anzahl;BEVSTD;Bevölkerung
12411;;;;2025-12-31;KREISE;;03251;;;;;;ALTX20;;ALT65UM;65 Jahre und älter;53675;Anzahl;BEVSTD;Bevölkerung
12411;;;;2025-12-31;KREISE;;03251;;;;;;ALTX20;;ALTU18;unter 18 Jahre;17,1;%;BEVANT;Anteil an der Bevölkerung, berechnet
12411;;;;2025-12-31;KREISE;;03251;;;;;;ALTX20;;ALT18B65;18 bis unter 65 Jahre;58,6;%;BEVANT;Anteil an der Bevölkerung, berechnet
12411;;;;2025-12-31;KREISE;;03251;;;;;;ALTX20;;ALT65UM;65 Jahre und älter;24,2;%;BEVANT;Anteil an der Bevölkerung, berechnet
12411;;;;2025-12-31;KREISE;;03252;Hameln-Pyrmont, Landkreis;;;;;;;;;149773;Anzahl;BEVSTD;Bevölkerung
12411;;;;2025-12-31;KREISE;;03252;;;;;;ALTX20;;ALTU18;unter 18 Jahre;24441;Anzahl;BEVSTD;Bevölkerung
12411;;;;2025-12-31;KREISE;;03252;;;;;;ALTX20;;ALT18B65;18 bis unter 65 Jahre;85482;Anzahl;BEVSTD;Bevölkerung
12411;;;;2025-12-31;KREISE;;03252;;;;;;ALTX20;;ALT65UM;65 Jahre und älter;39850;Anzahl;BEVSTD;Bevölkerung
12411;;;;2025-12-31;KREISE;;03252;;;;;;ALTX20;;ALTU18;unter 18 Jahre;16,3;%;BEVANT;Anteil an der Bevölkerung, berechnet
12411;;;;2025-12-31;KREISE;;03252;;;;;;ALTX20;;ALT18B65;18 bis unter 65 Jahre;57,1;%;BEVANT;Anteil an der Bevölkerung, berechnet
12411;;;;2025-12-31;KREISE;;03252;;;;;;ALTX20;;ALT65UM;65 Jahre und älter;26,6;%;BEVANT;Anteil an der Bevölkerung, berechnet
12411;;;;2025-12-31;KREISE;;03254;Hildesheim, Landkreis;;;;;;;;;266613;Anzahl;BEVSTD;Bevölkerung
12411;;;;2025-12-31;KREISE;;03254;;;;;;ALTX20;;ALTU18;unter 18 Jahre;42755;Anzahl;BEVSTD;Bevölkerung
12411;;;;2025-12-31;KREISE;;03254;;;;;;ALTX20;;ALT18B65;18 bis unter 65 Jahre;158024;Anzahl;BEVSTD;Bevölkerung
12411;;;;2025-12-31;KREISE;;03254;;;;;;ALTX20;;ALT65UM;65 Jahre und älter;65834;Anzahl;BEVSTD;Bevölkerung
12411;;;;2025-12-31;KREISE;;03254;;;;;;ALTX20;;ALTU18;unter 18 Jahre;16,0;%;BEVANT;Anteil an der Bevölkerung, berechnet
12411;;;;2025-12-31;KREISE;;03254;;;;;;ALTX20;;ALT18B65;18 bis unter 65 Jahre;59,3;%;BEVANT;Anteil an der Bevölkerung, berechnet
12411;;;;2025-12-31;KREISE;;03254;;;;;;ALTX20;;ALT65UM;65 Jahre und älter;24,7;%;BEVANT;Anteil an der Bevölkerung, berechnet
12411;;;;2025-12-31;KREISE;;03255;Holzminden, Landkreis;;;;;;;;;65271;Anzahl;BEVSTD;Bevölkerung
12411;;;;2025-12-31;KREISE;;03255;;;;;;ALTX20;;ALTU18;unter 18 Jahre;10395;Anzahl;BEVSTD;Bevölkerung
12411;;;;2025-12-31;KREISE;;03255;;;;;;ALTX20;;ALT18B65;18 bis unter 65 Jahre;36937;Anzahl;BEVSTD;Bevölkerung
12411;;;;2025-12-31;KREISE;;03255;;;;;;ALTX20;;ALT65UM;65 Jahre und älter;17939;Anzahl;BEVSTD;Bevölkerung
12411;;;;2025-12-31;KREISE;;03255;;;;;;ALTX20;;ALTU18;unter 18 Jahre;15,9;%;BEVANT;Anteil an der Bevölkerung, berechnet
12411;;;;2025-12-31;KREISE;;03255;;;;;;ALTX20;;ALT18B65;18 bis unter 65 Jahre;56,6;%;BEVANT;Anteil an der Bevölkerung, berechnet
12411;;;;2025-12-31;KREISE;;03255;;;;;;ALTX20;;ALT65UM;65 Jahre und älter;27,5;%;BEVANT;Anteil an der Bevölkerung, berechnet
12411;;;;2025-12-31;KREISE;;03256;Nienburg (Weser), Landkreis;;;;;;;;;121159;Anzahl;BEVSTD;Bevölkerung
12411;;;;2025-12-31;KREISE;;03256;;;;;;ALTX20;;ALTU18;unter 18 Jahre;20748;Anzahl;BEVSTD;Bevölkerung
12411;;;;2025-12-31;KREISE;;03256;;;;;;ALTX20;;ALT18B65;18 bis unter 65 Jahre;71047;Anzahl;BEVSTD;Bevölkerung
12411;;;;2025-12-31;KREISE;;03256;;;;;;ALTX20;;ALT65UM;65 Jahre und älter;29364;Anzahl;BEVSTD;Bevölkerung
12411;;;;2025-12-31;KREISE;;03256;;;;;;ALTX20;;ALTU18;unter 18 Jahre;17,1;%;BEVANT;Anteil an der Bevölkerung, berechnet
12411;;;;2025-12-31;KREISE;;03256;;;;;;ALTX20;;ALT18B65;18 bis unter 65 Jahre;58,6;%;BEVANT;Anteil an der Bevölkerung, berechnet
12411;;;;2025-12-31;KREISE;;03256;;;;;;ALTX20;;ALT65UM;65 Jahre und älter;24,2;%;BEVANT;Anteil an der Bevölkerung, berechnet
12411;;;;2025-12-31;KREISE;;03257;Schaumburg, Landkreis;;;;;;;;;156077;Anzahl;BEVSTD;Bevölkerung
12411;;;;2025-12-31;KREISE;;03257;;;;;;ALTX20;;ALTU18;unter 18 Jahre;24848;Anzahl;BEVSTD;Bevölkerung
12411;;;;2025-12-31;KREISE;;03257;;;;;;ALTX20;;ALT18B65;18 bis unter 65 Jahre;90073;Anzahl;BEVSTD;Bevölkerung
12411;;;;2025-12-31;KREISE;;03257;;;;;;ALTX20;;ALT65UM;65 Jahre und älter;41156;Anzahl;BEVSTD;Bevölkerung
12411;;;;2025-12-31;KREISE;;03257;;;;;;ALTX20;;ALTU18;unter 18 Jahre;15,9;%;BEVANT;Anteil an der Bevölkerung, berechnet
12411;;;;2025-12-31;KREISE;;03257;;;;;;ALTX20;;ALT18B65;18 bis unter 65 Jahre;57,7;%;BEVANT;Anteil an der Bevölkerung, berechnet
12411;;;;2025-12-31;KREISE;;03257;;;;;;ALTX20;;ALT65UM;65 Jahre und älter;26,4;%;BEVANT;Anteil an der Bevölkerung, berechnet
12411;;;;2025-12-31;KREISE;;03351;Celle, Landkreis;;;;;;;;;172089;Anzahl;BEVSTD;Bevölkerung
12411;;;;2025-12-31;KREISE;;03351;;;;;;ALTX20;;ALTU18;unter 18 Jahre;29819;Anzahl;BEVSTD;Bevölkerung
12411;;;;2025-12-31;KREISE;;03351;;;;;;ALTX20;;ALT18B65;18 bis unter 65 Jahre;99345;Anzahl;BEVSTD;Bevölkerung
12411;;;;2025-12-31;KREISE;;03351;;;;;;ALTX20;;ALT65UM;65 Jahre und älter;42925;Anzahl;BEVSTD;Bevölkerung
12411;;;;2025-12-31;KREISE;;03351;;;;;;ALTX20;;ALTU18;unter 18 Jahre;17,3;%;BEVANT;Anteil an der Bevölkerung, berechnet
12411;;;;2025-12-31;KREISE;;03351;;;;;;ALTX20;;ALT18B65;18 bis unter 65 Jahre;57,7;%;BEVANT;Anteil an der Bevölkerung, berechnet
12411;;;;2025-12-31;KREISE;;03351;;;;;;ALTX20;;ALT65UM;65 Jahre und älter;24,9;%;BEVANT;Anteil an der Bevölkerung, berechnet
12411;;;;2025-12-31;KREISE;;03352;Cuxhaven, Landkreis;;;;;;;;;198886;Anzahl;BEVSTD;Bevölkerung
12411;;;;2025-12-31;KREISE;;03352;;;;;;ALTX20;;ALTU18;unter 18 Jahre;32688;Anzahl;BEVSTD;Bevölkerung
12411;;;;2025-12-31;KREISE;;03352;;;;;;ALTX20;;ALT18B65;18 bis unter 65 Jahre;112393;Anzahl;BEVSTD;Bevölkerung
12411;;;;2025-12-31;KREISE;;03352;;;;;;ALTX20;;ALT65UM;65 Jahre und älter;53805;Anzahl;BEVSTD;Bevölkerung
12411;;;;2025-12-31;KREISE;;03352;;;;;;ALTX20;;ALTU18;unter 18 Jahre;16,4;%;BEVANT;Anteil an der Bevölkerung, berechnet
12411;;;;2025-12-31;KREISE;;03352;;;;;;ALTX20;;ALT18B65;18 bis unter 65 Jahre;56,5;%;BEVANT;Anteil an der Bevölkerung, berechnet
12411;;;;2025-12-31;KREISE;;03352;;;;;;ALTX20;;ALT65UM;65 Jahre und älter;27,1;%;BEVANT;Anteil an der Bevölkerung, berechnet
12411;;;;2025-12-31;KREISE;;03353;Harburg, Landkreis;;;;;;;;;265727;Anzahl;BEVSTD;Bevölkerung
12411;;;;2025-12-31;KREISE;;03353;;;;;;ALTX20;;ALTU18;unter 18 Jahre;45683;Anzahl;BEVSTD;Bevölkerung
12411;;;;2025-12-31;KREISE;;03353;;;;;;ALTX20;;ALT18B65;18 bis unter 65 Jahre;157403;Anzahl;BEVSTD;Bevölkerung
12411;;;;2025-12-31;KREISE;;03353;;;;;;ALTX20;;ALT65UM;65 Jahre und älter;62641;Anzahl;BEVSTD;Bevölkerung
12411;;;;2025-12-31;KREISE;;03353;;;;;;ALTX20;;ALTU18;unter 18 Jahre;17,2;%;BEVANT;Anteil an der Bevölkerung, berechnet
12411;;;;2025-12-31;KREISE;;03353;;;;;;ALTX20;;ALT18B65;18 bis unter 65 Jahre;59,2;%;BEVANT;Anteil an der Bevölkerung, berechnet
12411;;;;2025-12-31;KREISE;;03353;;;;;;ALTX20;;ALT65UM;65 Jahre und älter;23,6;%;BEVANT;Anteil an der Bevölkerung, berechnet
12411;;;;2025-12-31;KREISE;;03354;Lüchow-Dannenberg, Landkreis;;;;;;;;;46471;Anzahl;BEVSTD;Bevölkerung
12411;;;;2025-12-31;KREISE;;03354;;;;;;ALTX20;;ALTU18;unter 18 Jahre;6919;Anzahl;BEVSTD;Bevölkerung
12411;;;;2025-12-31;KREISE;;03354;;;;;;ALTX20;;ALT18B65;18 bis unter 65 Jahre;25339;Anzahl;BEVSTD;Bevölkerung
12411;;;;2025-12-31;KREISE;;03354;;;;;;ALTX20;;ALT65UM;65 Jahre und älter;14213;Anzahl;BEVSTD;Bevölkerung
12411;;;;2025-12-31;KREISE;;03354;;;;;;ALTX20;;ALTU18;unter 18 Jahre;14,9;%;BEVANT;Anteil an der Bevölkerung, berechnet
12411;;;;2025-12-31;KREISE;;03354;;;;;;ALTX20;;ALT18B65;18 bis unter 65 Jahre;54,5;%;BEVANT;Anteil an der Bevölkerung, berechnet
12411;;;;2025-12-31;KREISE;;03354;;;;;;ALTX20;;ALT65UM;65 Jahre und älter;30,6;%;BEVANT;Anteil an der Bevölkerung, berechnet
12411;;;;2025-12-31;KREISE;;03355;Lüneburg, Landkreis;;;;;;;;;179185;Anzahl;BEVSTD;Bevölkerung
12411;;;;2025-12-31;KREISE;;03355;;;;;;ALTX20;;ALTU18;unter 18 Jahre;30270;Anzahl;BEVSTD;Bevölkerung
12411;;;;2025-12-31;KREISE;;03355;;;;;;ALTX20;;ALT18B65;18 bis unter 65 Jahre;109596;Anzahl;BEVSTD;Bevölkerung
12411;;;;2025-12-31;KREISE;;03355;;;;;;ALTX20;;ALT65UM;65 Jahre und älter;39319;Anzahl;BEVSTD;Bevölkerung
12411;;;;2025-12-31;KREISE;;03355;;;;;;ALTX20;;ALTU18;unter 18 Jahre;16,9;%;BEVANT;Anteil an der Bevölkerung, berechnet
12411;;;;2025-12-31;KREISE;;03355;;;;;;ALTX20;;ALT18B65;18 bis unter 65 Jahre;61,2;%;BEVANT;Anteil an der Bevölkerung, berechnet
12411;;;;2025-12-31;KREISE;;03355;;;;;;ALTX20;;ALT65UM;65 Jahre und älter;21,9;%;BEVANT;Anteil an der Bevölkerung, berechnet
12411;;;;2025-12-31;KREISE;;03356;Osterholz, Landkreis;;;;;;;;;113340;Anzahl;BEVSTD;Bevölkerung
12411;;;;2025-12-31;KREISE;;03356;;;;;;ALTX20;;ALTU18;unter 18 Jahre;19575;Anzahl;BEVSTD;Bevölkerung
12411;;;;2025-12-31;KREISE;;03356;;;;;;ALTX20;;ALT18B65;18 bis unter 65 Jahre;65052;Anzahl;BEVSTD;Bevölkerung
12411;;;;2025-12-31;KREISE;;03356;;;;;;ALTX20;;ALT65UM;65 Jahre und älter;28713;Anzahl;BEVSTD;Bevölkerung
12411;;;;2025-12-31;KREISE;;03356;;;;;;ALTX20;;ALTU18;unter 18 Jahre;17,3;%;BEVANT;Anteil an der Bevölkerung, berechnet
12411;;;;2025-12-31;KREISE;;03356;;;;;;ALTX20;;ALT18B65;18 bis unter 65 Jahre;57,4;%;BEVANT;Anteil an der Bevölkerung, berechnet
12411;;;;2025-12-31;KREISE;;03356;;;;;;ALTX20;;ALT65UM;65 Jahre und älter;25,3;%;BEVANT;Anteil an der Bevölkerung, berechnet
12411;;;;2025-12-31;KREISE;;03357;Rotenburg (Wümme), Landkreis;;;;;;;;;165853;Anzahl;BEVSTD;Bevölkerung
12411;;;;2025-12-31;KREISE;;03357;;;;;;ALTX20;;ALTU18;unter 18 Jahre;27929;Anzahl;BEVSTD;Bevölkerung
12411;;;;2025-12-31;KREISE;;03357;;;;;;ALTX20;;ALT18B65;18 bis unter 65 Jahre;99125;Anzahl;BEVSTD;Bevölkerung
12411;;;;2025-12-31;KREISE;;03357;;;;;;ALTX20;;ALT65UM;65 Jahre und älter;38799;Anzahl;BEVSTD;Bevölkerung
12411;;;;2025-12-31;KREISE;;03357;;;;;;ALTX20;;ALTU18;unter 18 Jahre;16,8;%;BEVANT;Anteil an der Bevölkerung, berechnet
12411;;;;2025-12-31;KREISE;;03357;;;;;;ALTX20;;ALT18B65;18 bis unter 65 Jahre;59,8;%;BEVANT;Anteil an der Bevölkerung, berechnet
12411;;;;2025-12-31;KREISE;;03357;;;;;;ALTX20;;ALT65UM;65 Jahre und älter;23,4;%;BEVANT;Anteil an der Bevölkerung, berechnet
12411;;;;2025-12-31;KREISE;;03358;Heidekreis;;;;;;;;;141473;Anzahl;BEVSTD;Bevölkerung
12411;;;;2025-12-31;KREISE;;03358;;;;;;ALTX20;;ALTU18;unter 18 Jahre;23575;Anzahl;BEVSTD;Bevölkerung
12411;;;;2025-12-31;KREISE;;03358;;;;;;ALTX20;;ALT18B65;18 bis unter 65 Jahre;83504;Anzahl;BEVSTD;Bevölkerung
12411;;;;2025-12-31;KREISE;;03358;;;;;;ALTX20;;ALT65UM;65 Jahre und älter;34394;Anzahl;BEVSTD;Bevölkerung
12411;;;;2025-12-31;KREISE;;03358;;;;;;ALTX20;;ALTU18;unter 18 Jahre;16,7;%;BEVANT;Anteil an der Bevölkerung, berechnet
12411;;;;2025-12-31;KREISE;;03358;;;;;;ALTX20;;ALT18B65;18 bis unter 65 Jahre;59,0;%;BEVANT;Anteil an der Bevölkerung, berechnet
12411;;;;2025-12-31;KREISE;;03358;;;;;;ALTX20;;ALT65UM;65 Jahre und älter;24,3;%;BEVANT;Anteil an der Bevölkerung, berechnet
12411;;;;2025-12-31;KREISE;;03359;Stade, Landkreis;;;;;;;;;207935;Anzahl;BEVSTD;Bevölkerung
12411;;;;2025-12-31;KREISE;;03359;;;;;;ALTX20;;ALTU18;unter 18 Jahre;36740;Anzahl;BEVSTD;Bevölkerung
12411;;;;2025-12-31;KREISE;;03359;;;;;;ALTX20;;ALT18B65;18 bis unter 65 Jahre;123072;Anzahl;BEVSTD;Bevölkerung
12411;;;;2025-12-31;KREISE;;03359;;;;;;ALTX20;;ALT65UM;65 Jahre und älter;48123;Anzahl;BEVSTD;Bevölkerung
12411;;;;2025-12-31;KREISE;;03359;;;;;;ALTX20;;ALTU18;unter 18 Jahre;17,7;%;BEVANT;Anteil an der Bevölkerung, berechnet
12411;;;;2025-12-31;KREISE;;03359;;;;;;ALTX20;;ALT18B65;18 bis unter 65 Jahre;59,2;%;BEVANT;Anteil an der Bevölkerung, berechnet
12411;;;;2025-12-31;KREISE;;03359;;;;;;ALTX20;;ALT65UM;65 Jahre und älter;23,1;%;BEVANT;Anteil an der Bevölkerung, berechnet
12411;;;;2025-12-31;KREISE;;03360;Uelzen, Landkreis;;;;;;;;;91367;Anzahl;BEVSTD;Bevölkerung
12411;;;;2025-12-31;KREISE;;03360;;;;;;ALTX20;;ALTU18;unter 18 Jahre;14118;Anzahl;BEVSTD;Bevölkerung
12411;;;;2025-12-31;KREISE;;03360;;;;;;ALTX20;;ALT18B65;18 bis unter 65 Jahre;52717;Anzahl;BEVSTD;Bevölkerung
12411;;;;2025-12-31;KREISE;;03360;;;;;;ALTX20;;ALT65UM;65 Jahre und älter;24532;Anzahl;BEVSTD;Bevölkerung
12411;;;;2025-12-31;KREISE;;03360;;;;;;ALTX20;;ALTU18;unter 18 Jahre;15,5;%;BEVANT;Anteil an der Bevölkerung, berechnet
12411;;;;2025-12-31;KREISE;;03360;;;;;;ALTX20;;ALT18B65;18 bis unter 65 Jahre;57,7;%;BEVANT;Anteil an der Bevölkerung, berechnet
12411;;;;2025-12-31;KREISE;;03360;;;;;;ALTX20;;ALT65UM;65 Jahre und älter;26,8;%;BEVANT;Anteil an der Bevölkerung, berechnet
12411;;;;2025-12-31;KREISE;;03361;Verden, Landkreis;;;;;;;;;138895;Anzahl;BEVSTD;Bevölkerung
12411;;;;2025-12-31;KREISE;;03361;;;;;;ALTX20;;ALTU18;unter 18 Jahre;25099;Anzahl;BEVSTD;Bevölkerung
12411;;;;2025-12-31;KREISE;;03361;;;;;;ALTX20;;ALT18B65;18 bis unter 65 Jahre;80540;Anzahl;BEVSTD;Bevölkerung
12411;;;;2025-12-31;KREISE;;03361;;;;;;ALTX20;;ALT65UM;65 Jahre und älter;33256;Anzahl;BEVSTD;Bevölkerung
12411;;;;2025-12-31;KREISE;;03361;;;;;;ALTX20;;ALTU18;unter 18 Jahre;18,1;%;BEVANT;Anteil an der Bevölkerung, berechnet
12411;;;;2025-12-31;KREISE;;03361;;;;;;ALTX20;;ALT18B65;18 bis unter 65 Jahre;58,0;%;BEVANT;Anteil an der Bevölkerung, berechnet
12411;;;;2025-12-31;KREISE;;03361;;;;;;ALTX20;;ALT65UM;65 Jahre und älter;23,9;%;BEVANT;Anteil an der Bevölkerung, berechnet
12411;;;;2025-12-31;KREISE;;03401;Delmenhorst, kreisfreie Stadt;;;;;;;;;81274;Anzahl;BEVSTD;Bevölkerung
12411;;;;2025-12-31;KREISE;;03401;;;;;;ALTX20;;ALTU18;unter 18 Jahre;14342;Anzahl;BEVSTD;Bevölkerung
12411;;;;2025-12-31;KREISE;;03401;;;;;;ALTX20;;ALT18B65;18 bis unter 65 Jahre;48530;Anzahl;BEVSTD;Bevölkerung
12411;;;;2025-12-31;KREISE;;03401;;;;;;ALTX20;;ALT65UM;65 Jahre und älter;18402;Anzahl;BEVSTD;Bevölkerung
12411;;;;2025-12-31;KREISE;;03401;;;;;;ALTX20;;ALTU18;unter 18 Jahre;17,6;%;BEVANT;Anteil an der Bevölkerung, berechnet
12411;;;;2025-12-31;KREISE;;03401;;;;;;ALTX20;;ALT18B65;18 bis unter 65 Jahre;59,7;%;BEVANT;Anteil an der Bevölkerung, berechnet
12411;;;;2025-12-31;KREISE;;03401;;;;;;ALTX20;;ALT65UM;65 Jahre und älter;22,6;%;BEVANT;Anteil an der Bevölkerung, berechnet
12411;;;;2025-12-31;KREISE;;03402;Emden, kreisfreie Stadt;;;;;;;;;49009;Anzahl;BEVSTD;Bevölkerung
12411;;;;2025-12-31;KREISE;;03402;;;;;;ALTX20;;ALTU18;unter 18 Jahre;8223;Anzahl;BEVSTD;Bevölkerung
12411;;;;2025-12-31;KREISE;;03402;;;;;;ALTX20;;ALT18B65;18 bis unter 65 Jahre;29728;Anzahl;BEVSTD;Bevölkerung
12411;;;;2025-12-31;KREISE;;03402;;;;;;ALTX20;;ALT65UM;65 Jahre und älter;11058;Anzahl;BEVSTD;Bevölkerung
12411;;;;2025-12-31;KREISE;;03402;;;;;;ALTX20;;ALTU18;unter 18 Jahre;16,8;%;BEVANT;Anteil an der Bevölkerung, berechnet
12411;;;;2025-12-31;KREISE;;03402;;;;;;ALTX20;;ALT18B65;18 bis unter 65 Jahre;60,7;%;BEVANT;Anteil an der Bevölkerung, berechnet
12411;;;;2025-12-31;KREISE;;03402;;;;;;ALTX20;;ALT65UM;65 Jahre und älter;22,6;%;BEVANT;Anteil an der Bevölkerung, berechnet
12411;;;;2025-12-31;KREISE;;03403;Oldenburg (Oldb), kreisfreie Stadt;;;;;;;;;177055;Anzahl;BEVSTD;Bevölkerung
12411;;;;2025-12-31;KREISE;;03403;;;;;;ALTX20;;ALTU18;unter 18 Jahre;27006;Anzahl;BEVSTD;Bevölkerung
12411;;;;2025-12-31;KREISE;;03403;;;;;;ALTX20;;ALT18B65;18 bis unter 65 Jahre;113638;Anzahl;BEVSTD;Bevölkerung
12411;;;;2025-12-31;KREISE;;03403;;;;;;ALTX20;;ALT65UM;65 Jahre und älter;36411;Anzahl;BEVSTD;Bevölkerung
12411;;;;2025-12-31;KREISE;;03403;;;;;;ALTX20;;ALTU18;unter 18 Jahre;15,3;%;BEVANT;Anteil an der Bevölkerung, berechnet
12411;;;;2025-12-31;KREISE;;03403;;;;;;ALTX20;;ALT18B65;18 bis unter 65 Jahre;64,2;%;BEVANT;Anteil an der Bevölkerung, berechnet
12411;;;;2025-12-31;KREISE;;03403;;;;;;ALTX20;;ALT65UM;65 Jahre und älter;20,6;%;BEVANT;Anteil an der Bevölkerung, berechnet
12411;;;;2025-12-31;KREISE;;03404;Osnabrück, kreisfreie Stadt;;;;;;;;;166257;Anzahl;BEVSTD;Bevölkerung
12411;;;;2025-12-31;KREISE;;03404;;;;;;ALTX20;;ALTU18;unter 18 Jahre;24921;Anzahl;BEVSTD;Bevölkerung
12411;;;;2025-12-31;KREISE;;03404;;;;;;ALTX20;;ALT18B65;18 bis unter 65 Jahre;108831;Anzahl;BEVSTD;Bevölkerung
12411;;;;2025-12-31;KREISE;;03404;;;;;;ALTX20;;ALT65UM;65 Jahre und älter;32505;Anzahl;BEVSTD;Bevölkerung
12411;;;;2025-12-31;KREISE;;03404;;;;;;ALTX20;;ALTU18;unter 18 Jahre;15,0;%;BEVANT;Anteil an der Bevölkerung, berechnet
12411;;;;2025-12-31;KREISE;;03404;;;;;;ALTX20;;ALT18B65;18 bis unter 65 Jahre;65,5;%;BEVANT;Anteil an der Bevölkerung, berechnet
12411;;;;2025-12-31;KREISE;;03404;;;;;;ALTX20;;ALT65UM;65 Jahre und älter;19,6;%;BEVANT;Anteil an der Bevölkerung, berechnet
12411;;;;2025-12-31;KREISE;;03405;Wilhelmshaven, kreisfreie Stadt;;;;;;;;;75324;Anzahl;BEVSTD;Bevölkerung
12411;;;;2025-12-31;KREISE;;03405;;;;;;ALTX20;;ALTU18;unter 18 Jahre;11318;Anzahl;BEVSTD;Bevölkerung
12411;;;;2025-12-31;KREISE;;03405;;;;;;ALTX20;;ALT18B65;18 bis unter 65 Jahre;44359;Anzahl;BEVSTD;Bevölkerung
12411;;;;2025-12-31;KREISE;;03405;;;;;;ALTX20;;ALT65UM;65 Jahre und älter;19647;Anzahl;BEVSTD;Bevölkerung
12411;;;;2025-12-31;KREISE;;03405;;;;;;ALTX20;;ALTU18;unter 18 Jahre;15,0;%;BEVANT;Anteil an der Bevölkerung, berechnet
12411;;;;2025-12-31;KREISE;;03405;;;;;;ALTX20;;ALT18B65;18 bis unter 65 Jahre;58,9;%;BEVANT;Anteil an der Bevölkerung, berechnet
12411;;;;2025-12-31;KREISE;;03405;;;;;;ALTX20;;ALT65UM;65 Jahre und älter;26,1;%;BEVANT;Anteil an der Bevölkerung, berechnet
12411;;;;2025-12-31;KREISE;;03451;Ammerland, Landkreis;;;;;;;;;127632;Anzahl;BEVSTD;Bevölkerung
12411;;;;2025-12-31;KREISE;;03451;;;;;;ALTX20;;ALTU18;unter 18 Jahre;21718;Anzahl;BEVSTD;Bevölkerung
12411;;;;2025-12-31;KREISE;;03451;;;;;;ALTX20;;ALT18B65;18 bis unter 65 Jahre;73929;Anzahl;BEVSTD;Bevölkerung
12411;;;;2025-12-31;KREISE;;03451;;;;;;ALTX20;;ALT65UM;65 Jahre und älter;31985;Anzahl;BEVSTD;Bevölkerung
12411;;;;2025-12-31;KREISE;;03451;;;;;;ALTX20;;ALTU18;unter 18 Jahre;17,0;%;BEVANT;Anteil an der Bevölkerung, berechnet
12411;;;;2025-12-31;KREISE;;03451;;;;;;ALTX20;;ALT18B65;18 bis unter 65 Jahre;57,9;%;BEVANT;Anteil an der Bevölkerung, berechnet
12411;;;;2025-12-31;KREISE;;03451;;;;;;ALTX20;;ALT65UM;65 Jahre und älter;25,1;%;BEVANT;Anteil an der Bevölkerung, berechnet
12411;;;;2025-12-31;KREISE;;03452;Aurich, Landkreis;;;;;;;;;188450;Anzahl;BEVSTD;Bevölkerung
12411;;;;2025-12-31;KREISE;;03452;;;;;;ALTX20;;ALTU18;unter 18 Jahre;30147;Anzahl;BEVSTD;Bevölkerung
12411;;;;2025-12-31;KREISE;;03452;;;;;;ALTX20;;ALT18B65;18 bis unter 65 Jahre;109898;Anzahl;BEVSTD;Bevölkerung
12411;;;;2025-12-31;KREISE;;03452;;;;;;ALTX20;;ALT65UM;65 Jahre und älter;48405;Anzahl;BEVSTD;Bevölkerung
12411;;;;2025-12-31;KREISE;;03452;;;;;;ALTX20;;ALTU18;unter 18 Jahre;16,0;%;BEVANT;Anteil an der Bevölkerung, berechnet
12411;;;;2025-12-31;KREISE;;03452;;;;;;ALTX20;;ALT18B65;18 bis unter 65 Jahre;58,3;%;BEVANT;Anteil an der Bevölkerung, berechnet
12411;;;;2025-12-31;KREISE;;03452;;;;;;ALTX20;;ALT65UM;65 Jahre und älter;25,7;%;BEVANT;Anteil an der Bevölkerung, berechnet
12411;;;;2025-12-31;KREISE;;03453;Cloppenburg, Landkreis;;;;;;;;;177849;Anzahl;BEVSTD;Bevölkerung
12411;;;;2025-12-31;KREISE;;03453;;;;;;ALTX20;;ALTU18;unter 18 Jahre;35282;Anzahl;BEVSTD;Bevölkerung
12411;;;;2025-12-31;KREISE;;03453;;;;;;ALTX20;;ALT18B65;18 bis unter 65 Jahre;109089;Anzahl;BEVSTD;Bevölkerung
12411;;;;2025-12-31;KREISE;;03453;;;;;;ALTX20;;ALT65UM;65 Jahre und älter;33478;Anzahl;BEVSTD;Bevölkerung
12411;;;;2025-12-31;KREISE;;03453;;;;;;ALTX20;;ALTU18;unter 18 Jahre;19,8;%;BEVANT;Anteil an der Bevölkerung, berechnet
12411;;;;2025-12-31;KREISE;;03453;;;;;;ALTX20;;ALT18B65;18 bis unter 65 Jahre;61,3;%;BEVANT;Anteil an der Bevölkerung, berechnet
12411;;;;2025-12-31;KREISE;;03453;;;;;;ALTX20;;ALT65UM;65 Jahre und älter;18,8;%;BEVANT;Anteil an der Bevölkerung, berechnet
12411;;;;2025-12-31;KREISE;;03454;Emsland, Landkreis;;;;;;;;;334403;Anzahl;BEVSTD;Bevölkerung
12411;;;;2025-12-31;KREISE;;03454;;;;;;ALTX20;;ALTU18;unter 18 Jahre;60542;Anzahl;BEVSTD;Bevölkerung
12411;;;;2025-12-31;KREISE;;03454;;;;;;ALTX20;;ALT18B65;18 bis unter 65 Jahre;202536;Anzahl;BEVSTD;Bevölkerung
12411;;;;2025-12-31;KREISE;;03454;;;;;;ALTX20;;ALT65UM;65 Jahre und älter;71325;Anzahl;BEVSTD;Bevölkerung
12411;;;;2025-12-31;KREISE;;03454;;;;;;ALTX20;;ALTU18;unter 18 Jahre;18,1;%;BEVANT;Anteil an der Bevölkerung, berechnet
12411;;;;2025-12-31;KREISE;;03454;;;;;;ALTX20;;ALT18B65;18 bis unter 65 Jahre;60,6;%;BEVANT;Anteil an der Bevölkerung, berechnet
12411;;;;2025-12-31;KREISE;;03454;;;;;;ALTX20;;ALT65UM;65 Jahre und älter;21,3;%;BEVANT;Anteil an der Bevölkerung, berechnet
12411;;;;2025-12-31;KREISE;;03455;Friesland, Landkreis;;;;;;;;;100261;Anzahl;BEVSTD;Bevölkerung
12411;;;;2025-12-31;KREISE;;03455;;;;;;ALTX20;;ALTU18;unter 18 Jahre;15807;Anzahl;BEVSTD;Bevölkerung
12411;;;;2025-12-31;KREISE;;03455;;;;;;ALTX20;;ALT18B65;18 bis unter 65 Jahre;56792;Anzahl;BEVSTD;Bevölkerung
12411;;;;2025-12-31;KREISE;;03455;;;;;;ALTX20;;ALT65UM;65 Jahre und älter;27662;Anzahl;BEVSTD;Bevölkerung
12411;;;;2025-12-31;KREISE;;03455;;;;;;ALTX20;;ALTU18;unter 18 Jahre;15,8;%;BEVANT;Anteil an der Bevölkerung, berechnet
12411;;;;2025-12-31;KREISE;;03455;;;;;;ALTX20;;ALT18B65;18 bis unter 65 Jahre;56,6;%;BEVANT;Anteil an der Bevölkerung, berechnet
12411;;;;2025-12-31;KREISE;;03455;;;;;;ALTX20;;ALT65UM;65 Jahre und älter;27,6;%;BEVANT;Anteil an der Bevölkerung, berechnet
12411;;;;2025-12-31;KREISE;;03456;Grafschaft Bentheim, Landkreis;;;;;;;;;144674;Anzahl;BEVSTD;Bevölkerung
12411;;;;2025-12-31;KREISE;;03456;;;;;;ALTX20;;ALTU18;unter 18 Jahre;26127;Anzahl;BEVSTD;Bevölkerung
12411;;;;2025-12-31;KREISE;;03456;;;;;;ALTX20;;ALT18B65;18 bis unter 65 Jahre;86397;Anzahl;BEVSTD;Bevölkerung
12411;;;;2025-12-31;KREISE;;03456;;;;;;ALTX20;;ALT65UM;65 Jahre und älter;32150;Anzahl;BEVSTD;Bevölkerung
12411;;;;2025-12-31;KREISE;;03456;;;;;;ALTX20;;ALTU18;unter 18 Jahre;18,1;%;BEVANT;Anteil an der Bevölkerung, berechnet
12411;;;;2025-12-31;KREISE;;03456;;;;;;ALTX20;;ALT18B65;18 bis unter 65 Jahre;59,7;%;BEVANT;Anteil an der Bevölkerung, berechnet
12411;;;;2025-12-31;KREISE;;03456;;;;;;ALTX20;;ALT65UM;65 Jahre und älter;22,2;%;BEVANT;Anteil an der Bevölkerung, berechnet
12411;;;;2025-12-31;KREISE;;03457;Leer, Landkreis;;;;;;;;;169111;Anzahl;BEVSTD;Bevölkerung
12411;;;;2025-12-31;KREISE;;03457;;;;;;ALTX20;;ALTU18;unter 18 Jahre;29672;Anzahl;BEVSTD;Bevölkerung
12411;;;;2025-12-31;KREISE;;03457;;;;;;ALTX20;;ALT18B65;18 bis unter 65 Jahre;99805;Anzahl;BEVSTD;Bevölkerung
12411;;;;2025-12-31;KREISE;;03457;;;;;;ALTX20;;ALT65UM;65 Jahre und älter;39634;Anzahl;BEVSTD;Bevölkerung
12411;;;;2025-12-31;KREISE;;03457;;;;;;ALTX20;;ALTU18;unter 18 Jahre;17,5;%;BEVANT;Anteil an der Bevölkerung, berechnet
12411;;;;2025-12-31;KREISE;;03457;;;;;;ALTX20;;ALT18B65;18 bis unter 65 Jahre;59,0;%;BEVANT;Anteil an der Bevölkerung, berechnet
12411;;;;2025-12-31;KREISE;;03457;;;;;;ALTX20;;ALT65UM;65 Jahre und älter;23,4;%;BEVANT;Anteil an der Bevölkerung, berechnet
12411;;;;2025-12-31;KREISE;;03458;Oldenburg, Landkreis;;;;;;;;;132176;Anzahl;BEVSTD;Bevölkerung
12411;;;;2025-12-31;KREISE;;03458;;;;;;ALTX20;;ALTU18;unter 18 Jahre;22602;Anzahl;BEVSTD;Bevölkerung
12411;;;;2025-12-31;KREISE;;03458;;;;;;ALTX20;;ALT18B65;18 bis unter 65 Jahre;78478;Anzahl;BEVSTD;Bevölkerung
12411;;;;2025-12-31;KREISE;;03458;;;;;;ALTX20;;ALT65UM;65 Jahre und älter;31096;Anzahl;BEVSTD;Bevölkerung
12411;;;;2025-12-31;KREISE;;03458;;;;;;ALTX20;;ALTU18;unter 18 Jahre;17,1;%;BEVANT;Anteil an der Bevölkerung, berechnet
12411;;;;2025-12-31;KREISE;;03458;;;;;;ALTX20;;ALT18B65;18 bis unter 65 Jahre;59,4;%;BEVANT;Anteil an der Bevölkerung, berechnet
12411;;;;2025-12-31;KREISE;;03458;;;;;;ALTX20;;ALT65UM;65 Jahre und älter;23,5;%;BEVANT;Anteil an der Bevölkerung, berechnet
12411;;;;2025-12-31;KREISE;;03459;Osnabrück, Landkreis;;;;;;;;;354130;Anzahl;BEVSTD;Bevölkerung
12411;;;;2025-12-31;KREISE;;03459;;;;;;ALTX20;;ALTU18;unter 18 Jahre;63476;Anzahl;BEVSTD;Bevölkerung
12411;;;;2025-12-31;KREISE;;03459;;;;;;ALTX20;;ALT18B65;18 bis unter 65 Jahre;207744;Anzahl;BEVSTD;Bevölkerung
12411;;;;2025-12-31;KREISE;;03459;;;;;;ALTX20;;ALT65UM;65 Jahre und älter;82910;Anzahl;BEVSTD;Bevölkerung
12411;;;;2025-12-31;KREISE;;03459;;;;;;ALTX20;;ALTU18;unter 18 Jahre;17,9;%;BEVANT;Anteil an der Bevölkerung, berechnet
12411;;;;2025-12-31;KREISE;;03459;;;;;;ALTX20;;ALT18B65;18 bis unter 65 Jahre;58,7;%;BEVANT;Anteil an der Bevölkerung, berechnet
12411;;;;2025-12-31;KREISE;;03459;;;;;;ALTX20;;ALT65UM;65 Jahre und älter;23,4;%;BEVANT;Anteil an der Bevölkerung, berechnet
12411;;;;2025-12-31;KREISE;;03460;Vechta, Landkreis;;;;;;;;;146838;Anzahl;BEVSTD;Bevölkerung
12411;;;;2025-12-31;KREISE;;03460;;;;;;ALTX20;;ALTU18;unter 18 Jahre;28260;Anzahl;BEVSTD;Bevölkerung
12411;;;;2025-12-31;KREISE;;03460;;;;;;ALTX20;;ALT18B65;18 bis unter 65 Jahre;90881;Anzahl;BEVSTD;Bevölkerung
12411;;;;2025-12-31;KREISE;;03460;;;;;;ALTX20;;ALT65UM;65 Jahre und älter;27697;Anzahl;BEVSTD;Bevölkerung
12411;;;;2025-12-31;KREISE;;03460;;;;;;ALTX20;;ALTU18;unter 18 Jahre;19,2;%;BEVANT;Anteil an der Bevölkerung, berechnet
12411;;;;2025-12-31;KREISE;;03460;;;;;;ALTX20;;ALT18B65;18 bis unter 65 Jahre;61,9;%;BEVANT;Anteil an der Bevölkerung, berechnet
12411;;;;2025-12-31;KREISE;;03460;;;;;;ALTX20;;ALT65UM;65 Jahre und älter;18,9;%;BEVANT;Anteil an der Bevölkerung, berechnet
12411;;;;2025-12-31;KREISE;;03461;Wesermarsch, Landkreis;;;;;;;;;88852;Anzahl;BEVSTD;Bevölkerung
12411;;;;2025-12-31;KREISE;;03461;;;;;;ALTX20;;ALTU18;unter 18 Jahre;14573;Anzahl;BEVSTD;Bevölkerung
12411;;;;2025-12-31;KREISE;;03461;;;;;;ALTX20;;ALT18B65;18 bis unter 65 Jahre;51991;Anzahl;BEVSTD;Bevölkerung
12411;;;;2025-12-31;KREISE;;03461;;;;;;ALTX20;;ALT65UM;65 Jahre und älter;22288;Anzahl;BEVSTD;Bevölkerung
12411;;;;2025-12-31;KREISE;;03461;;;;;;ALTX20;;ALTU18;unter 18 Jahre;16,4;%;BEVANT;Anteil an der Bevölkerung, berechnet
12411;;;;2025-12-31;KREISE;;03461;;;;;;ALTX20;;ALT18B65;18 bis unter 65 Jahre;58,5;%;BEVANT;Anteil an der Bevölkerung, berechnet
12411;;;;2025-12-31;KREISE;;03461;;;;;;ALTX20;;ALT65UM;65 Jahre und älter;25,1;%;BEVANT;Anteil an der Bevölkerung, berechnet
12411;;;;2025-12-31;KREISE;;03462;Wittmund, Landkreis;;;;;;;;;55849;Anzahl;BEVSTD;Bevölkerung
12411;;;;2025-12-31;KREISE;;03462;;;;;;ALTX20;;ALTU18;unter 18 Jahre;8862;Anzahl;BEVSTD;Bevölkerung
12411;;;;2025-12-31;KREISE;;03462;;;;;;ALTX20;;ALT18B65;18 bis unter 65 Jahre;31624;Anzahl;BEVSTD;Bevölkerung
12411;;;;2025-12-31;KREISE;;03462;;;;;;ALTX20;;ALT65UM;65 Jahre und älter;15363;Anzahl;BEVSTD;Bevölkerung
12411;;;;2025-12-31;KREISE;;03462;;;;;;ALTX20;;ALTU18;unter 18 Jahre;15,9;%;BEVANT;Anteil an der Bevölkerung, berechnet
12411;;;;2025-12-31;KREISE;;03462;;;;;;ALTX20;;ALT18B65;18 bis unter 65 Jahre;56,6;%;BEVANT;Anteil an der Bevölkerung, berechnet
12411;;;;2025-12-31;KREISE;;03462;;;;;;ALTX20;;ALT65UM;65 Jahre und älter;27,5;%;BEVANT;Anteil an der Bevölkerung, berechnet
12411;;;;2025-12-31;KREISE;;04011;Bremen, kreisfreie Stadt;;;;;;;;;588413;Anzahl;BEVSTD;Bevölkerung
12411;;;;2025-12-31;KREISE;;04011;;;;;;ALTX20;;ALTU18;unter 18 Jahre;99952;Anzahl;BEVSTD;Bevölkerung
12411;;;;2025-12-31;KREISE;;04011;;;;;;ALTX20;;ALT18B65;18 bis unter 65 Jahre;366409;Anzahl;BEVSTD;Bevölkerung
12411;;;;2025-12-31;KREISE;;04011;;;;;;ALTX20;;ALT65UM;65 Jahre und älter;122052;Anzahl;BEVSTD;Bevölkerung
12411;;;;2025-12-31;KREISE;;04011;;;;;;ALTX20;;ALTU18;unter 18 Jahre;17,0;%;BEVANT;Anteil an der Bevölkerung, berechnet
12411;;;;2025-12-31;KREISE;;04011;;;;;;ALTX20;;ALT18B65;18 bis unter 65 Jahre;62,3;%;BEVANT;Anteil an der Bevölkerung, berechnet
12411;;;;2025-12-31;KREISE;;04011;;;;;;ALTX20;;ALT65UM;65 Jahre und älter;20,7;%;BEVANT;Anteil an der Bevölkerung, berechnet
12411;;;;2025-12-31;KREISE;;04012;Bremerhaven, kreisfreie Stadt;;;;;;;;;118502;Anzahl;BEVSTD;Bevölkerung
12411;;;;2025-12-31;KREISE;;04012;;;;;;ALTX20;;ALTU18;unter 18 Jahre;21403;Anzahl;BEVSTD;Bevölkerung
12411;;;;2025-12-31;KREISE;;04012;;;;;;ALTX20;;ALT18B65;18 bis unter 65 Jahre;71146;Anzahl;BEVSTD;Bevölkerung
12411;;;;2025-12-31;KREISE;;04012;;;;;;ALTX20;;ALT65UM;65 Jahre und älter;25953;Anzahl;BEVSTD;Bevölkerung
12411;;;;2025-12-31;KREISE;;04012;;;;;;ALTX20;;ALTU18;unter 18 Jahre;18,1;%;BEVANT;Anteil an der Bevölkerung, berechnet
12411;;;;2025-12-31;KREISE;;04012;;;;;;ALTX20;;ALT18B65;18 bis unter 65 Jahre;60,0;%;BEVANT;Anteil an der Bevölkerung, berechnet
12411;;;;2025-12-31;KREISE;;04012;;;;;;ALTX20;;ALT65UM;65 Jahre und älter;21,9;%;BEVANT;Anteil an der Bevölkerung, berechnet
12411;;;;2025-12-31;KREISE;;05111;Düsseldorf, kreisfreie Stadt;;;;;;;;;619444;Anzahl;BEVSTD;Bevölkerung
12411;;;;2025-12-31;KREISE;;05111;;;;;;ALTX20;;ALTU18;unter 18 Jahre;96398;Anzahl;BEVSTD;Bevölkerung
12411;;;;2025-12-31;KREISE;;05111;;;;;;ALTX20;;ALT18B65;18 bis unter 65 Jahre;404476;Anzahl;BEVSTD;Bevölkerung
12411;;;;2025-12-31;KREISE;;05111;;;;;;ALTX20;;ALT65UM;65 Jahre und älter;118570;Anzahl;BEVSTD;Bevölkerung
12411;;;;2025-12-31;KREISE;;05111;;;;;;ALTX20;;ALTU18;unter 18 Jahre;15,6;%;BEVANT;Anteil an der Bevölkerung, berechnet
12411;;;;2025-12-31;KREISE;;05111;;;;;;ALTX20;;ALT18B65;18 bis unter 65 Jahre;65,3;%;BEVANT;Anteil an der Bevölkerung, berechnet
12411;;;;2025-12-31;KREISE;;05111;;;;;;ALTX20;;ALT65UM;65 Jahre und älter;19,1;%;BEVANT;Anteil an der Bevölkerung, berechnet
12411;;;;2025-12-31;KREISE;;05112;Duisburg, kreisfreie Stadt;;;;;;;;;500810;Anzahl;BEVSTD;Bevölkerung
12411;;;;2025-12-31;KREISE;;05112;;;;;;ALTX20;;ALTU18;unter 18 Jahre;90305;Anzahl;BEVSTD;Bevölkerung
12411;;;;2025-12-31;KREISE;;05112;;;;;;ALTX20;;ALT18B65;18 bis unter 65 Jahre;307054;Anzahl;BEVSTD;Bevölkerung
12411;;;;2025-12-31;KREISE;;05112;;;;;;ALTX20;;ALT65UM;65 Jahre und älter;103451;Anzahl;BEVSTD;Bevölkerung
12411;;;;2025-12-31;KREISE;;05112;;;;;;ALTX20;;ALTU18;unter 18 Jahre;18,0;%;BEVANT;Anteil an der Bevölkerung, berechnet
12411;;;;2025-12-31;KREISE;;05112;;;;;;ALTX20;;ALT18B65;18 bis unter 65 Jahre;61,3;%;BEVANT;Anteil an der Bevölkerung, berechnet
12411;;;;2025-12-31;KREISE;;05112;;;;;;ALTX20;;ALT65UM;65 Jahre und älter;20,7;%;BEVANT;Anteil an der Bevölkerung, berechnet
12411;;;;2025-12-31;KREISE;;05113;Essen, kreisfreie Stadt;;;;;;;;;573618;Anzahl;BEVSTD;Bevölkerung
12411;;;;2025-12-31;KREISE;;05113;;;;;;ALTX20;;ALTU18;unter 18 Jahre;97427;Anzahl;BEVSTD;Bevölkerung
12411;;;;2025-12-31;KREISE;;05113;;;;;;ALTX20;;ALT18B65;18 bis unter 65 Jahre;349321;Anzahl;BEVSTD;Bevölkerung
12411;;;;2025-12-31;KREISE;;05113;;;;;;ALTX20;;ALT65UM;65 Jahre und älter;126870;Anzahl;BEVSTD;Bevölkerung
12411;;;;2025-12-31;KREISE;;05113;;;;;;ALTX20;;ALTU18;unter 18 Jahre;17,0;%;BEVANT;Anteil an der Bevölkerung, berechnet
12411;;;;2025-12-31;KREISE;;05113;;;;;;ALTX20;;ALT18B65;18 bis unter 65 Jahre;60,9;%;BEVANT;Anteil an der Bevölkerung, berechnet
12411;;;;2025-12-31;KREISE;;05113;;;;;;ALTX20;;ALT65UM;65 Jahre und älter;22,1;%;BEVANT;Anteil an der Bevölkerung, berechnet
12411;;;;2025-12-31;KREISE;;05114;Krefeld, kreisfreie Stadt;;;;;;;;;230738;Anzahl;BEVSTD;Bevölkerung
12411;;;;2025-12-31;KREISE;;05114;;;;;;ALTX20;;ALTU18;unter 18 Jahre;38478;Anzahl;BEVSTD;Bevölkerung
12411;;;;2025-12-31;KREISE;;05114;;;;;;ALTX20;;ALT18B65;18 bis unter 65 Jahre;140132;Anzahl;BEVSTD;Bevölkerung
12411;;;;2025-12-31;KREISE;;05114;;;;;;ALTX20;;ALT65UM;65 Jahre und älter;52128;Anzahl;BEVSTD;Bevölkerung
12411;;;;2025-12-31;KREISE;;05114;;;;;;ALTX20;;ALTU18;unter 18 Jahre;16,7;%;BEVANT;Anteil an der Bevölkerung, berechnet
12411;;;;2025-12-31;KREISE;;05114;;;;;;ALTX20;;ALT18B65;18 bis unter 65 Jahre;60,7;%;BEVANT;Anteil an der Bevölkerung, berechnet
12411;;;;2025-12-31;KREISE;;05114;;;;;;ALTX20;;ALT65UM;65 Jahre und älter;22,6;%;BEVANT;Anteil an der Bevölkerung, berechnet
12411;;;;2025-12-31;KREISE;;05116;Mönchengladbach, kreisfreie Stadt;;;;;;;;;267176;Anzahl;BEVSTD;Bevölkerung
12411;;;;2025-12-31;KREISE;;05116;;;;;;ALTX20;;ALTU18;unter 18 Jahre;45589;Anzahl;BEVSTD;Bevölkerung
12411;;;;2025-12-31;KREISE;;05116;;;;;;ALTX20;;ALT18B65;18 bis unter 65 Jahre;162910;Anzahl;BEVSTD;Bevölkerung
12411;;;;2025-12-31;KREISE;;05116;;;;;;ALTX20;;ALT65UM;65 Jahre und älter;58677;Anzahl;BEVSTD;Bevölkerung
12411;;;;2025-12-31;KREISE;;05116;;;;;;ALTX20;;ALTU18;unter 18 Jahre;17,1;%;BEVANT;Anteil an der Bevölkerung, berechnet
12411;;;;2025-12-31;KREISE;;05116;;;;;;ALTX20;;ALT18B65;18 bis unter 65 Jahre;61,0;%;BEVANT;Anteil an der Bevölkerung, berechnet
12411;;;;2025-12-31;KREISE;;05116;;;;;;ALTX20;;ALT65UM;65 Jahre und älter;22,0;%;BEVANT;Anteil an der Bevölkerung, berechnet
12411;;;;2025-12-31;KREISE;;05117;Mülheim an der Ruhr, kreisfreie Stadt;;;;;;;;;171674;Anzahl;BEVSTD;Bevölkerung
12411;;;;2025-12-31;KREISE;;05117;;;;;;ALTX20;;ALTU18;unter 18 Jahre;29145;Anzahl;BEVSTD;Bevölkerung
12411;;;;2025-12-31;KREISE;;05117;;;;;;ALTX20;;ALT18B65;18 bis unter 65 Jahre;100697;Anzahl;BEVSTD;Bevölkerung
12411;;;;2025-12-31;KREISE;;05117;;;;;;ALTX20;;ALT65UM;65 Jahre und älter;41832;Anzahl;BEVSTD;Bevölkerung
12411;;;;2025-12-31;KREISE;;05117;;;;;;ALTX20;;ALTU18;unter 18 Jahre;17,0;%;BEVANT;Anteil an der Bevölkerung, berechnet
12411;;;;2025-12-31;KREISE;;05117;;;;;;ALTX20;;ALT18B65;18 bis unter 65 Jahre;58,7;%;BEVANT;Anteil an der Bevölkerung, berechnet
12411;;;;2025-12-31;KREISE;;05117;;;;;;ALTX20;;ALT65UM;65 Jahre und älter;24,4;%;BEVANT;Anteil an der Bevölkerung, berechnet
12411;;;;2025-12-31;KREISE;;05119;Oberhausen, kreisfreie Stadt;;;;;;;;;213178;Anzahl;BEVSTD;Bevölkerung
12411;;;;2025-12-31;KREISE;;05119;;;;;;ALTX20;;ALTU18;unter 18 Jahre;36048;Anzahl;BEVSTD;Bevölkerung
12411;;;;2025-12-31;KREISE;;05119;;;;;;ALTX20;;ALT18B65;18 bis unter 65 Jahre;127700;Anzahl;BEVSTD;Bevölkerung
12411;;;;2025-12-31;KREISE;;05119;;;;;;ALTX20;;ALT65UM;65 Jahre und älter;49430;Anzahl;BEVSTD;Bevölkerung
12411;;;;2025-12-31;KREISE;;05119;;;;;;ALTX20;;ALTU18;unter 18 Jahre;16,9;%;BEVANT;Anteil an der Bevölkerung, berechnet
12411;;;;2025-12-31;KREISE;;05119;;;;;;ALTX20;;ALT18B65;18 bis unter 65 Jahre;59,9;%;BEVANT;Anteil an der Bevölkerung, berechnet
12411;;;;2025-12-31;KREISE;;05119;;;;;;ALTX20;;ALT65UM;65 Jahre und älter;23,2;%;BEVANT;Anteil an der Bevölkerung, berechnet
12411;;;;2025-12-31;KREISE;;05120;Remscheid, kreisfreie Stadt;;;;;;;;;113333;Anzahl;BEVSTD;Bevölkerung
12411;;;;2025-12-31;KREISE;;05120;;;;;;ALTX20;;ALTU18;unter 18 Jahre;19185;Anzahl;BEVSTD;Bevölkerung
12411;;;;2025-12-31;KREISE;;05120;;;;;;ALTX20;;ALT18B65;18 bis unter 65 Jahre;68381;Anzahl;BEVSTD;Bevölkerung
12411;;;;2025-12-31;KREISE;;05120;;;;;;ALTX20;;ALT65UM;65 Jahre und älter;25767;Anzahl;BEVSTD;Bevölkerung
12411;;;;2025-12-31;KREISE;;05120;;;;;;ALTX20;;ALTU18;unter 18 Jahre;16,9;%;BEVANT;Anteil an der Bevölkerung, berechnet
12411;;;;2025-12-31;KREISE;;05120;;;;;;ALTX20;;ALT18B65;18 bis unter 65 Jahre;60,3;%;BEVANT;Anteil an der Bevölkerung, berechnet
12411;;;;2025-12-31;KREISE;;05120;;;;;;ALTX20;;ALT65UM;65 Jahre und älter;22,7;%;BEVANT;Anteil an der Bevölkerung, berechnet
12411;;;;2025-12-31;KREISE;;05122;Solingen, kreisfreie Stadt;;;;;;;;;164621;Anzahl;BEVSTD;Bevölkerung
12411;;;;2025-12-31;KREISE;;05122;;;;;;ALTX20;;ALTU18;unter 18 Jahre;27695;Anzahl;BEVSTD;Bevölkerung
12411;;;;2025-12-31;KREISE;;05122;;;;;;ALTX20;;ALT18B65;18 bis unter 65 Jahre;99322;Anzahl;BEVSTD;Bevölkerung
12411;;;;2025-12-31;KREISE;;05122;;;;;;ALTX20;;ALT65UM;65 Jahre und älter;37604;Anzahl;BEVSTD;Bevölkerung
12411;;;;2025-12-31;KREISE;;05122;;;;;;ALTX20;;ALTU18;unter 18 Jahre;16,8;%;BEVANT;Anteil an der Bevölkerung, berechnet
12411;;;;2025-12-31;KREISE;;05122;;;;;;ALTX20;;ALT18B65;18 bis unter 65 Jahre;60,3;%;BEVANT;Anteil an der Bevölkerung, berechnet
12411;;;;2025-12-31;KREISE;;05122;;;;;;ALTX20;;ALT65UM;65 Jahre und älter;22,8;%;BEVANT;Anteil an der Bevölkerung, berechnet
12411;;;;2025-12-31;KREISE;;05124;Wuppertal, kreisfreie Stadt;;;;;;;;;357243;Anzahl;BEVSTD;Bevölkerung
12411;;;;2025-12-31;KREISE;;05124;;;;;;ALTX20;;ALTU18;unter 18 Jahre;62319;Anzahl;BEVSTD;Bevölkerung
12411;;;;2025-12-31;KREISE;;05124;;;;;;ALTX20;;ALT18B65;18 bis unter 65 Jahre;218574;Anzahl;BEVSTD;Bevölkerung
12411;;;;2025-12-31;KREISE;;05124;;;;;;ALTX20;;ALT65UM;65 Jahre und älter;76350;Anzahl;BEVSTD;Bevölkerung
12411;;;;2025-12-31;KREISE;;05124;;;;;;ALTX20;;ALTU18;unter 18 Jahre;17,4;%;BEVANT;Anteil an der Bevölkerung, berechnet
12411;;;;2025-12-31;KREISE;;05124;;;;;;ALTX20;;ALT18B65;18 bis unter 65 Jahre;61,2;%;BEVANT;Anteil an der Bevölkerung, berechnet
12411;;;;2025-12-31;KREISE;;05124;;;;;;ALTX20;;ALT65UM;65 Jahre und älter;21,4;%;BEVANT;Anteil an der Bevölkerung, berechnet
12411;;;;2025-12-31;KREISE;;05154;Kleve, Kreis;;;;;;;;;320368;Anzahl;BEVSTD;Bevölkerung
12411;;;;2025-12-31;KREISE;;05154;;;;;;ALTX20;;ALTU18;unter 18 Jahre;52960;Anzahl;BEVSTD;Bevölkerung
12411;;;;2025-12-31;KREISE;;05154;;;;;;ALTX20;;ALT18B65;18 bis unter 65 Jahre;195146;Anzahl;BEVSTD;Bevölkerung
12411;;;;2025-12-31;KREISE;;05154;;;;;;ALTX20;;ALT65UM;65 Jahre und älter;72262;Anzahl;BEVSTD;Bevölkerung
12411;;;;2025-12-31;KREISE;;05154;;;;;;ALTX20;;ALTU18;unter 18 Jahre;16,5;%;BEVANT;Anteil an der Bevölkerung, berechnet
12411;;;;2025-12-31;KREISE;;05154;;;;;;ALTX20;;ALT18B65;18 bis unter 65 Jahre;60,9;%;BEVANT;Anteil an der Bevölkerung, berechnet
12411;;;;2025-12-31;KREISE;;05154;;;;;;ALTX20;;ALT65UM;65 Jahre und älter;22,6;%;BEVANT;Anteil an der Bevölkerung, berechnet
12411;;;;2025-12-31;KREISE;;05158;Mettmann, Kreis;;;;;;;;;489147;Anzahl;BEVSTD;Bevölkerung
12411;;;;2025-12-31;KREISE;;05158;;;;;;ALTX20;;ALTU18;unter 18 Jahre;82319;Anzahl;BEVSTD;Bevölkerung
12411;;;;2025-12-31;KREISE;;05158;;;;;;ALTX20;;ALT18B65;18 bis unter 65 Jahre;284858;Anzahl;BEVSTD;Bevölkerung
12411;;;;2025-12-31;KREISE;;05158;;;;;;ALTX20;;ALT65UM;65 Jahre und älter;121970;Anzahl;BEVSTD;Bevölkerung
12411;;;;2025-12-31;KREISE;;05158;;;;;;ALTX20;;ALTU18;unter 18 Jahre;16,8;%;BEVANT;Anteil an der Bevölkerung, berechnet
12411;;;;2025-12-31;KREISE;;05158;;;;;;ALTX20;;ALT18B65;18 bis unter 65 Jahre;58,2;%;BEVANT;Anteil an der Bevölkerung, berechnet
12411;;;;2025-12-31;KREISE;;05158;;;;;;ALTX20;;ALT65UM;65 Jahre und älter;24,9;%;BEVANT;Anteil an der Bevölkerung, berechnet
12411;;;;2025-12-31;KREISE;;05162;Rhein-Kreis Neuss;;;;;;;;;455615;Anzahl;BEVSTD;Bevölkerung
12411;;;;2025-12-31;KREISE;;05162;;;;;;ALTX20;;ALTU18;unter 18 Jahre;79103;Anzahl;BEVSTD;Bevölkerung
12411;;;;2025-12-31;KREISE;;05162;;;;;;ALTX20;;ALT18B65;18 bis unter 65 Jahre;269853;Anzahl;BEVSTD;Bevölkerung
12411;;;;2025-12-31;KREISE;;05162;;;;;;ALTX20;;ALT65UM;65 Jahre und älter;106659;Anzahl;BEVSTD;Bevölkerung
12411;;;;2025-12-31;KREISE;;05162;;;;;;ALTX20;;ALTU18;unter 18 Jahre;17,4;%;BEVANT;Anteil an der Bevölkerung, berechnet
12411;;;;2025-12-31;KREISE;;05162;;;;;;ALTX20;;ALT18B65;18 bis unter 65 Jahre;59,2;%;BEVANT;Anteil an der Bevölkerung, berechnet
12411;;;;2025-12-31;KREISE;;05162;;;;;;ALTX20;;ALT65UM;65 Jahre und älter;23,4;%;BEVANT;Anteil an der Bevölkerung, berechnet
12411;;;;2025-12-31;KREISE;;05166;Viersen, Kreis;;;;;;;;;297193;Anzahl;BEVSTD;Bevölkerung
12411;;;;2025-12-31;KREISE;;05166;;;;;;ALTX20;;ALTU18;unter 18 Jahre;48539;Anzahl;BEVSTD;Bevölkerung
12411;;;;2025-12-31;KREISE;;05166;;;;;;ALTX20;;ALT18B65;18 bis unter 65 Jahre;176059;Anzahl;BEVSTD;Bevölkerung
12411;;;;2025-12-31;KREISE;;05166;;;;;;ALTX20;;ALT65UM;65 Jahre und älter;72595;Anzahl;BEVSTD;Bevölkerung
12411;;;;2025-12-31;KREISE;;05166;;;;;;ALTX20;;ALTU18;unter 18 Jahre;16,3;%;BEVANT;Anteil an der Bevölkerung, berechnet
12411;;;;2025-12-31;KREISE;;05166;;;;;;ALTX20;;ALT18B65;18 bis unter 65 Jahre;59,2;%;BEVANT;Anteil an der Bevölkerung, berechnet
12411;;;;2025-12-31;KREISE;;05166;;;;;;ALTX20;;ALT65UM;65 Jahre und älter;24,4;%;BEVANT;Anteil an der Bevölkerung, berechnet
12411;;;;2025-12-31;KREISE;;05170;Wesel, Kreis;;;;;;;;;457020;Anzahl;BEVSTD;Bevölkerung
12411;;;;2025-12-31;KREISE;;05170;;;;;;ALTX20;;ALTU18;unter 18 Jahre;75202;Anzahl;BEVSTD;Bevölkerung
12411;;;;2025-12-31;KREISE;;05170;;;;;;ALTX20;;ALT18B65;18 bis unter 65 Jahre;265183;Anzahl;BEVSTD;Bevölkerung
12411;;;;2025-12-31;KREISE;;05170;;;;;;ALTX20;;ALT65UM;65 Jahre und älter;116635;Anzahl;BEVSTD;Bevölkerung
12411;;;;2025-12-31;KREISE;;05170;;;;;;ALTX20;;ALTU18;unter 18 Jahre;16,5;%;BEVANT;Anteil an der Bevölkerung, berechnet
12411;;;;2025-12-31;KREISE;;05170;;;;;;ALTX20;;ALT18B65;18 bis unter 65 Jahre;58,0;%;BEVANT;Anteil an der Bevölkerung, berechnet
12411;;;;2025-12-31;KREISE;;05170;;;;;;ALTX20;;ALT65UM;65 Jahre und älter;25,5;%;BEVANT;Anteil an der Bevölkerung, berechnet
12411;;;;2025-12-31;KREISE;;05314;Bonn, kreisfreie Stadt;;;;;;;;;323587;Anzahl;BEVSTD;Bevölkerung
12411;;;;2025-12-31;KREISE;;05314;;;;;;ALTX20;;ALTU18;unter 18 Jahre;52522;Anzahl;BEVSTD;Bevölkerung
12411;;;;2025-12-31;KREISE;;05314;;;;;;ALTX20;;ALT18B65;18 bis unter 65 Jahre;208136;Anzahl;BEVSTD;Bevölkerung
12411;;;;2025-12-31;KREISE;;05314;;;;;;ALTX20;;ALT65UM;65 Jahre und älter;62929;Anzahl;BEVSTD;Bevölkerung
12411;;;;2025-12-31;KREISE;;05314;;;;;;ALTX20;;ALTU18;unter 18 Jahre;16,2;%;BEVANT;Anteil an der Bevölkerung, berechnet
12411;;;;2025-12-31;KREISE;;05314;;;;;;ALTX20;;ALT18B65;18 bis unter 65 Jahre;64,3;%;BEVANT;Anteil an der Bevölkerung, berechnet
12411;;;;2025-12-31;KREISE;;05314;;;;;;ALTX20;;ALT65UM;65 Jahre und älter;19,4;%;BEVANT;Anteil an der Bevölkerung, berechnet
12411;;;;2025-12-31;KREISE;;05315;Köln, kreisfreie Stadt;;;;;;;;;1025523;Anzahl;BEVSTD;Bevölkerung
12411;;;;2025-12-31;KREISE;;05315;;;;;;ALTX20;;ALTU18;unter 18 Jahre;161548;Anzahl;BEVSTD;Bevölkerung
12411;;;;2025-12-31;KREISE;;05315;;;;;;ALTX20;;ALT18B65;18 bis unter 65 Jahre;676960;Anzahl;BEVSTD;Bevölkerung
12411;;;;2025-12-31;KREISE;;05315;;;;;;ALTX20;;ALT65UM;65 Jahre und älter;187015;Anzahl;BEVSTD;Bevölkerung
12411;;;;2025-12-31;KREISE;;05315;;;;;;ALTX20;;ALTU18;unter 18 Jahre;15,8;%;BEVANT;Anteil an der Bevölkerung, berechnet
12411;;;;2025-12-31;KREISE;;05315;;;;;;ALTX20;;ALT18B65;18 bis unter 65 Jahre;66,0;%;BEVANT;Anteil an der Bevölkerung, berechnet
12411;;;;2025-12-31;KREISE;;05315;;;;;;ALTX20;;ALT65UM;65 Jahre und älter;18,2;%;BEVANT;Anteil an der Bevölkerung, berechnet
12411;;;;2025-12-31;KREISE;;05316;Leverkusen, kreisfreie Stadt;;;;;;;;;168299;Anzahl;BEVSTD;Bevölkerung
12411;;;;2025-12-31;KREISE;;05316;;;;;;ALTX20;;ALTU18;unter 18 Jahre;28700;Anzahl;BEVSTD;Bevölkerung
12411;;;;2025-12-31;KREISE;;05316;;;;;;ALTX20;;ALT18B65;18 bis unter 65 Jahre;102566;Anzahl;BEVSTD;Bevölkerung
12411;;;;2025-12-31;KREISE;;05316;;;;;;ALTX20;;ALT65UM;65 Jahre und älter;37033;Anzahl;BEVSTD;Bevölkerung
12411;;;;2025-12-31;KREISE;;05316;;;;;;ALTX20;;ALTU18;unter 18 Jahre;17,1;%;BEVANT;Anteil an der Bevölkerung, berechnet
12411;;;;2025-12-31;KREISE;;05316;;;;;;ALTX20;;ALT18B65;18 bis unter 65 Jahre;60,9;%;BEVANT;Anteil an der Bevölkerung, berechnet
12411;;;;2025-12-31;KREISE;;05316;;;;;;ALTX20;;ALT65UM;65 Jahre und älter;22,0;%;BEVANT;Anteil an der Bevölkerung, berechnet
12411;;;;2025-12-31;KREISE;;05334;Städteregion Aachen, Kreis;;;;;;;;;583325;Anzahl;BEVSTD;Bevölkerung
12411;;;;2025-12-31;KREISE;;05334;;;;;;ALTX20;;ALTU18;unter 18 Jahre;89800;Anzahl;BEVSTD;Bevölkerung
12411;;;;2025-12-31;KREISE;;05334;;;;;;ALTX20;;ALT18B65;18 bis unter 65 Jahre;367609;Anzahl;BEVSTD;Bevölkerung
12411;;;;2025-12-31;KREISE;;05334;;;;;;ALTX20;;ALT65UM;65 Jahre und älter;125916;Anzahl;BEVSTD;Bevölkerung
12411;;;;2025-12-31;KREISE;;05334;;;;;;ALTX20;;ALTU18;unter 18 Jahre;15,4;%;BEVANT;Anteil an der Bevölkerung, berechnet
12411;;;;2025-12-31;KREISE;;05334;;;;;;ALTX20;;ALT18B65;18 bis unter 65 Jahre;63,0;%;BEVANT;Anteil an der Bevölkerung, berechnet
12411;;;;2025-12-31;KREISE;;05334;;;;;;ALTX20;;ALT65UM;65 Jahre und älter;21,6;%;BEVANT;Anteil an der Bevölkerung, berechnet
12411;;;;2025-12-31;KREISE;;05334002;Aachen, kreisfreie Stadt;;;;;;;;;263703;Anzahl;BEVSTD;Bevölkerung
12411;;;;2025-12-31;KREISE;;05334002;;;;;;ALTX20;;ALTU18;unter 18 Jahre;35158;Anzahl;BEVSTD;Bevölkerung
12411;;;;2025-12-31;KREISE;;05334002;;;;;;ALTX20;;ALT18B65;18 bis unter 65 Jahre;178287;Anzahl;BEVSTD;Bevölkerung
12411;;;;2025-12-31;KREISE;;05334002;;;;;;ALTX20;;ALT65UM;65 Jahre und älter;50258;Anzahl;BEVSTD;Bevölkerung
12411;;;;2025-12-31;KREISE;;05334002;;;;;;ALTX20;;ALTU18;unter 18 Jahre;13,3;%;BEVANT;Anteil an der Bevölkerung, berechnet
12411;;;;2025-12-31;KREISE;;05334002;;;;;;ALTX20;;ALT18B65;18 bis unter 65 Jahre;67,6;%;BEVANT;Anteil an der Bevölkerung, berechnet
12411;;;;2025-12-31;KREISE;;05334002;;;;;;ALTX20;;ALT65UM;65 Jahre und älter;19,1;%;BEVANT;Anteil an der Bevölkerung, berechnet
12411;;;;2025-12-31;KREISE;;05358;Düren, Kreis;;;;;;;;;279492;Anzahl;BEVSTD;Bevölkerung
12411;;;;2025-12-31;KREISE;;05358;;;;;;ALTX20;;ALTU18;unter 18 Jahre;48105;Anzahl;BEVSTD;Bevölkerung
12411;;;;2025-12-31;KREISE;;05358;;;;;;ALTX20;;ALT18B65;18 bis unter 65 Jahre;167009;Anzahl;BEVSTD;Bevölkerung
12411;;;;2025-12-31;KREISE;;05358;;;;;;ALTX20;;ALT65UM;65 Jahre und älter;64378;Anzahl;BEVSTD;Bevölkerung
12411;;;;2025-12-31;KREISE;;05358;;;;;;ALTX20;;ALTU18;unter 18 Jahre;17,2;%;BEVANT;Anteil an der Bevölkerung, berechnet
12411;;;;2025-12-31;KREISE;;05358;;;;;;ALTX20;;ALT18B65;18 bis unter 65 Jahre;59,8;%;BEVANT;Anteil an der Bevölkerung, berechnet
12411;;;;2025-12-31;KREISE;;05358;;;;;;ALTX20;;ALT65UM;65 Jahre und älter;23,0;%;BEVANT;Anteil an der Bevölkerung, berechnet
12411;;;;2025-12-31;KREISE;;05362;Rhein-Erft-Kreis;;;;;;;;;476913;Anzahl;BEVSTD;Bevölkerung
12411;;;;2025-12-31;KREISE;;05362;;;;;;ALTX20;;ALTU18;unter 18 Jahre;84029;Anzahl;BEVSTD;Bevölkerung
12411;;;;2025-12-31;KREISE;;05362;;;;;;ALTX20;;ALT18B65;18 bis unter 65 Jahre;285403;Anzahl;BEVSTD;Bevölkerung
12411;;;;2025-12-31;KREISE;;05362;;;;;;ALTX20;;ALT65UM;65 Jahre und älter;107481;Anzahl;BEVSTD;Bevölkerung
12411;;;;2025-12-31;KREISE;;05362;;;;;;ALTX20;;ALTU18;unter 18 Jahre;17,6;%;BEVANT;Anteil an der Bevölkerung, berechnet
12411;;;;2025-12-31;KREISE;;05362;;;;;;ALTX20;;ALT18B65;18 bis unter 65 Jahre;59,8;%;BEVANT;Anteil an der Bevölkerung, berechnet
12411;;;;2025-12-31;KREISE;;05362;;;;;;ALTX20;;ALT65UM;65 Jahre und älter;22,5;%;BEVANT;Anteil an der Bevölkerung, berechnet
12411;;;;2025-12-31;KREISE;;05366;Euskirchen, Kreis;;;;;;;;;201636;Anzahl;BEVSTD;Bevölkerung
12411;;;;2025-12-31;KREISE;;05366;;;;;;ALTX20;;ALTU18;unter 18 Jahre;34071;Anzahl;BEVSTD;Bevölkerung
12411;;;;2025-12-31;KREISE;;05366;;;;;;ALTX20;;ALT18B65;18 bis unter 65 Jahre;119092;Anzahl;BEVSTD;Bevölkerung
12411;;;;2025-12-31;KREISE;;05366;;;;;;ALTX20;;ALT65UM;65 Jahre und älter;48473;Anzahl;BEVSTD;Bevölkerung
12411;;;;2025-12-31;KREISE;;05366;;;;;;ALTX20;;ALTU18;unter 18 Jahre;16,9;%;BEVANT;Anteil an der Bevölkerung, berechnet
12411;;;;2025-12-31;KREISE;;05366;;;;;;ALTX20;;ALT18B65;18 bis unter 65 Jahre;59,1;%;BEVANT;Anteil an der Bevölkerung, berechnet
12411;;;;2025-12-31;KREISE;;05366;;;;;;ALTX20;;ALT65UM;65 Jahre und älter;24,0;%;BEVANT;Anteil an der Bevölkerung, berechnet
12411;;;;2025-12-31;KREISE;;05370;Heinsberg, Kreis;;;;;;;;;263507;Anzahl;BEVSTD;Bevölkerung
12411;;;;2025-12-31;KREISE;;05370;;;;;;ALTX20;;ALTU18;unter 18 Jahre;44934;Anzahl;BEVSTD;Bevölkerung
12411;;;;2025-12-31;KREISE;;05370;;;;;;ALTX20;;ALT18B65;18 bis unter 65 Jahre;156908;Anzahl;BEVSTD;Bevölkerung
12411;;;;2025-12-31;KREISE;;05370;;;;;;ALTX20;;ALT65UM;65 Jahre und älter;61665;Anzahl;BEVSTD;Bevölkerung
12411;;;;2025-12-31;KREISE;;05370;;;;;;ALTX20;;ALTU18;unter 18 Jahre;17,1;%;BEVANT;Anteil an der Bevölkerung, berechnet
12411;;;;2025-12-31;KREISE;;05370;;;;;;ALTX20;;ALT18B65;18 bis unter 65 Jahre;59,5;%;BEVANT;Anteil an der Bevölkerung, berechnet
12411;;;;2025-12-31;KREISE;;05370;;;;;;ALTX20;;ALT65UM;65 Jahre und älter;23,4;%;BEVANT;Anteil an der Bevölkerung, berechnet
12411;;;;2025-12-31;KREISE;;05374;Oberbergischer Kreis;;;;;;;;;273368;Anzahl;BEVSTD;Bevölkerung
12411;;;;2025-12-31;KREISE;;05374;;;;;;ALTX20;;ALTU18;unter 18 Jahre;48867;Anzahl;BEVSTD;Bevölkerung
12411;;;;2025-12-31;KREISE;;05374;;;;;;ALTX20;;ALT18B65;18 bis unter 65 Jahre;160712;Anzahl;BEVSTD;Bevölkerung
12411;;;;2025-12-31;KREISE;;05374;;;;;;ALTX20;;ALT65UM;65 Jahre und älter;63789;Anzahl;BEVSTD;Bevölkerung
12411;;;;2025-12-31;KREISE;;05374;;;;;;ALTX20;;ALTU18;unter 18 Jahre;17,9;%;BEVANT;Anteil an der Bevölkerung, berechnet
12411;;;;2025-12-31;KREISE;;05374;;;;;;ALTX20;;ALT18B65;18 bis unter 65 Jahre;58,8;%;BEVANT;Anteil an der Bevölkerung, berechnet
12411;;;;2025-12-31;KREISE;;05374;;;;;;ALTX20;;ALT65UM;65 Jahre und älter;23,3;%;BEVANT;Anteil an der Bevölkerung, berechnet
12411;;;;2025-12-31;KREISE;;05378;Rheinisch-Bergischer Kreis;;;;;;;;;283775;Anzahl;BEVSTD;Bevölkerung
12411;;;;2025-12-31;KREISE;;05378;;;;;;ALTX20;;ALTU18;unter 18 Jahre;47669;Anzahl;BEVSTD;Bevölkerung
12411;;;;2025-12-31;KREISE;;05378;;;;;;ALTX20;;ALT18B65;18 bis unter 65 Jahre;165771;Anzahl;BEVSTD;Bevölkerung
12411;;;;2025-12-31;KREISE;;05378;;;;;;ALTX20;;ALT65UM;65 Jahre und älter;70335;Anzahl;BEVSTD;Bevölkerung
12411;;;;2025-12-31;KREISE;;05378;;;;;;ALTX20;;ALTU18;unter 18 Jahre;16,8;%;BEVANT;Anteil an der Bevölkerung, berechnet
12411;;;;2025-12-31;KREISE;;05378;;;;;;ALTX20;;ALT18B65;18 bis unter 65 Jahre;58,4;%;BEVANT;Anteil an der Bevölkerung, berechnet
12411;;;;2025-12-31;KREISE;;05378;;;;;;ALTX20;;ALT65UM;65 Jahre und älter;24,8;%;BEVANT;Anteil an der Bevölkerung, berechnet
12411;;;;2025-12-31;KREISE;;05382;Rhein-Sieg-Kreis;;;;;;;;;603456;Anzahl;BEVSTD;Bevölkerung
12411;;;;2025-12-31;KREISE;;05382;;;;;;ALTX20;;ALTU18;unter 18 Jahre;104080;Anzahl;BEVSTD;Bevölkerung
12411;;;;2025-12-31;KREISE;;05382;;;;;;ALTX20;;ALT18B65;18 bis unter 65 Jahre;356495;Anzahl;BEVSTD;Bevölkerung
12411;;;;2025-12-31;KREISE;;05382;;;;;;ALTX20;;ALT65UM;65 Jahre und älter;142881;Anzahl;BEVSTD;Bevölkerung
12411;;;;2025-12-31;KREISE;;05382;;;;;;ALTX20;;ALTU18;unter 18 Jahre;17,2;%;BEVANT;Anteil an der Bevölkerung, berechnet
12411;;;;2025-12-31;KREISE;;05382;;;;;;ALTX20;;ALT18B65;18 bis unter 65 Jahre;59,1;%;BEVANT;Anteil an der Bevölkerung, berechnet
12411;;;;2025-12-31;KREISE;;05382;;;;;;ALTX20;;ALT65UM;65 Jahre und älter;23,7;%;BEVANT;Anteil an der Bevölkerung, berechnet
12411;;;;2025-12-31;KREISE;;05512;Bottrop, kreisfreie Stadt;;;;;;;;;118482;Anzahl;BEVSTD;Bevölkerung
12411;;;;2025-12-31;KREISE;;05512;;;;;;ALTX20;;ALTU18;unter 18 Jahre;19646;Anzahl;BEVSTD;Bevölkerung
12411;;;;2025-12-31;KREISE;;05512;;;;;;ALTX20;;ALT18B65;18 bis unter 65 Jahre;69512;Anzahl;BEVSTD;Bevölkerung
12411;;;;2025-12-31;KREISE;;05512;;;;;;ALTX20;;ALT65UM;65 Jahre und älter;29324;Anzahl;BEVSTD;Bevölkerung
12411;;;;2025-12-31;KREISE;;05512;;;;;;ALTX20;;ALTU18;unter 18 Jahre;16,6;%;BEVANT;Anteil an der Bevölkerung, berechnet
12411;;;;2025-12-31;KREISE;;05512;;;;;;ALTX20;;ALT18B65;18 bis unter 65 Jahre;58,7;%;BEVANT;Anteil an der Bevölkerung, berechnet
12411;;;;2025-12-31;KREISE;;05512;;;;;;ALTX20;;ALT65UM;65 Jahre und älter;24,7;%;BEVANT;Anteil an der Bevölkerung, berechnet
12411;;;;2025-12-31;KREISE;;05513;Gelsenkirchen, kreisfreie Stadt;;;;;;;;;266199;Anzahl;BEVSTD;Bevölkerung
12411;;;;2025-12-31;KREISE;;05513;;;;;;ALTX20;;ALTU18;unter 18 Jahre;51336;Anzahl;BEVSTD;Bevölkerung
12411;;;;2025-12-31;KREISE;;05513;;;;;;ALTX20;;ALT18B65;18 bis unter 65 Jahre;159864;Anzahl;BEVSTD;Bevölkerung
12411;;;;2025-12-31;KREISE;;05513;;;;;;ALTX20;;ALT65UM;65 Jahre und älter;54999;Anzahl;BEVSTD;Bevölkerung
12411;;;;2025-12-31;KREISE;;05513;;;;;;ALTX20;;ALTU18;unter 18 Jahre;19,3;%;BEVANT;Anteil an der Bevölkerung, berechnet
12411;;;;2025-12-31;KREISE;;05513;;;;;;ALTX20;;ALT18B65;18 bis unter 65 Jahre;60,1;%;BEVANT;Anteil an der Bevölkerung, berechnet
12411;;;;2025-12-31;KREISE;;05513;;;;;;ALTX20;;ALT65UM;65 Jahre und älter;20,7;%;BEVANT;Anteil an der Bevölkerung, berechnet
12411;;;;2025-12-31;KREISE;;05515;Münster, kreisfreie Stadt;;;;;;;;;306368;Anzahl;BEVSTD;Bevölkerung
12411;;;;2025-12-31;KREISE;;05515;;;;;;ALTX20;;ALTU18;unter 18 Jahre;45885;Anzahl;BEVSTD;Bevölkerung
12411;;;;2025-12-31;KREISE;;05515;;;;;;ALTX20;;ALT18B65;18 bis unter 65 Jahre;202020;Anzahl;BEVSTD;Bevölkerung
12411;;;;2025-12-31;KREISE;;05515;;;;;;ALTX20;;ALT65UM;65 Jahre und älter;58463;Anzahl;BEVSTD;Bevölkerung
12411;;;;2025-12-31;KREISE;;05515;;;;;;ALTX20;;ALTU18;unter 18 Jahre;15,0;%;BEVANT;Anteil an der Bevölkerung, berechnet
12411;;;;2025-12-31;KREISE;;05515;;;;;;ALTX20;;ALT18B65;18 bis unter 65 Jahre;65,9;%;BEVANT;Anteil an der Bevölkerung, berechnet
12411;;;;2025-12-31;KREISE;;05515;;;;;;ALTX20;;ALT65UM;65 Jahre und älter;19,1;%;BEVANT;Anteil an der Bevölkerung, berechnet
12411;;;;2025-12-31;KREISE;;05554;Borken, Kreis;;;;;;;;;379561;Anzahl;BEVSTD;Bevölkerung
12411;;;;2025-12-31;KREISE;;05554;;;;;;ALTX20;;ALTU18;unter 18 Jahre;69700;Anzahl;BEVSTD;Bevölkerung
12411;;;;2025-12-31;KREISE;;05554;;;;;;ALTX20;;ALT18B65;18 bis unter 65 Jahre;229280;Anzahl;BEVSTD;Bevölkerung
12411;;;;2025-12-31;KREISE;;05554;;;;;;ALTX20;;ALT65UM;65 Jahre und älter;80581;Anzahl;BEVSTD;Bevölkerung
12411;;;;2025-12-31;KREISE;;05554;;;;;;ALTX20;;ALTU18;unter 18 Jahre;18,4;%;BEVANT;Anteil an der Bevölkerung, berechnet
12411;;;;2025-12-31;KREISE;;05554;;;;;;ALTX20;;ALT18B65;18 bis unter 65 Jahre;60,4;%;BEVANT;Anteil an der Bevölkerung, berechnet
12411;;;;2025-12-31;KREISE;;05554;;;;;;ALTX20;;ALT65UM;65 Jahre und älter;21,2;%;BEVANT;Anteil an der Bevölkerung, berechnet
12411;;;;2025-12-31;KREISE;;05558;Coesfeld, Kreis;;;;;;;;;227168;Anzahl;BEVSTD;Bevölkerung
12411;;;;2025-12-31;KREISE;;05558;;;;;;ALTX20;;ALTU18;unter 18 Jahre;39862;Anzahl;BEVSTD;Bevölkerung
12411;;;;2025-12-31;KREISE;;05558;;;;;;ALTX20;;ALT18B65;18 bis unter 65 Jahre;132905;Anzahl;BEVSTD;Bevölkerung
12411;;;;2025-12-31;KREISE;;05558;;;;;;ALTX20;;ALT65UM;65 Jahre und älter;54401;Anzahl;BEVSTD;Bevölkerung
12411;;;;2025-12-31;KREISE;;05558;;;;;;ALTX20;;ALTU18;unter 18 Jahre;17,5;%;BEVANT;Anteil an der Bevölkerung, berechnet
12411;;;;2025-12-31;KREISE;;05558;;;;;;ALTX20;;ALT18B65;18 bis unter 65 Jahre;58,5;%;BEVANT;Anteil an der Bevölkerung, berechnet
12411;;;;2025-12-31;KREISE;;05558;;;;;;ALTX20;;ALT65UM;65 Jahre und älter;23,9;%;BEVANT;Anteil an der Bevölkerung, berechnet
12411;;;;2025-12-31;KREISE;;05562;Recklinghausen, Kreis;;;;;;;;;618865;Anzahl;BEVSTD;Bevölkerung
12411;;;;2025-12-31;KREISE;;05562;;;;;;ALTX20;;ALTU18;unter 18 Jahre;105142;Anzahl;BEVSTD;Bevölkerung
12411;;;;2025-12-31;KREISE;;05562;;;;;;ALTX20;;ALT18B65;18 bis unter 65 Jahre;362270;Anzahl;BEVSTD;Bevölkerung
12411;;;;2025-12-31;KREISE;;05562;;;;;;ALTX20;;ALT65UM;65 Jahre und älter;151453;Anzahl;BEVSTD;Bevölkerung
12411;;;;2025-12-31;KREISE;;05562;;;;;;ALTX20;;ALTU18;unter 18 Jahre;17,0;%;BEVANT;Anteil an der Bevölkerung, berechnet
12411;;;;2025-12-31;KREISE;;05562;;;;;;ALTX20;;ALT18B65;18 bis unter 65 Jahre;58,5;%;BEVANT;Anteil an der Bevölkerung, berechnet
12411;;;;2025-12-31;KREISE;;05562;;;;;;ALTX20;;ALT65UM;65 Jahre und älter;24,5;%;BEVANT;Anteil an der Bevölkerung, berechnet
12411;;;;2025-12-31;KREISE;;05566;Steinfurt, Kreis;;;;;;;;;451004;Anzahl;BEVSTD;Bevölkerung
12411;;;;2025-12-31;KREISE;;05566;;;;;;ALTX20;;ALTU18;unter 18 Jahre;80527;Anzahl;BEVSTD;Bevölkerung
12411;;;;2025-12-31;KREISE;;05566;;;;;;ALTX20;;ALT18B65;18 bis unter 65 Jahre;271497;Anzahl;BEVSTD;Bevölkerung
12411;;;;2025-12-31;KREISE;;05566;;;;;;ALTX20;;ALT65UM;65 Jahre und älter;98980;Anzahl;BEVSTD;Bevölkerung
12411;;;;2025-12-31;KREISE;;05566;;;;;;ALTX20;;ALTU18;unter 18 Jahre;17,9;%;BEVANT;Anteil an der Bevölkerung, berechnet
12411;;;;2025-12-31;KREISE;;05566;;;;;;ALTX20;;ALT18B65;18 bis unter 65 Jahre;60,2;%;BEVANT;Anteil an der Bevölkerung, berechnet
12411;;;;2025-12-31;KREISE;;05566;;;;;;ALTX20;;ALT65UM;65 Jahre und älter;21,9;%;BEVANT;Anteil an der Bevölkerung, berechnet
12411;;;;2025-12-31;KREISE;;05570;Warendorf, Kreis;;;;;;;;;281872;Anzahl;BEVSTD;Bevölkerung
12411;;;;2025-12-31;KREISE;;05570;;;;;;ALTX20;;ALTU18;unter 18 Jahre;49629;Anzahl;BEVSTD;Bevölkerung
12411;;;;2025-12-31;KREISE;;05570;;;;;;ALTX20;;ALT18B65;18 bis unter 65 Jahre;166541;Anzahl;BEVSTD;Bevölkerung
12411;;;;2025-12-31;KREISE;;05570;;;;;;ALTX20;;ALT65UM;65 Jahre und älter;65702;Anzahl;BEVSTD;Bevölkerung
12411;;;;2025-12-31;KREISE;;05570;;;;;;ALTX20;;ALTU18;unter 18 Jahre;17,6;%;BEVANT;Anteil an der Bevölkerung, berechnet
12411;;;;2025-12-31;KREISE;;05570;;;;;;ALTX20;;ALT18B65;18 bis unter 65 Jahre;59,1;%;BEVANT;Anteil an der Bevölkerung, berechnet
12411;;;;2025-12-31;KREISE;;05570;;;;;;ALTX20;;ALT65UM;65 Jahre und älter;23,3;%;BEVANT;Anteil an der Bevölkerung, berechnet
12411;;;;2025-12-31;KREISE;;05711;Bielefeld, kreisfreie Stadt;;;;;;;;;331419;Anzahl;BEVSTD;Bevölkerung
12411;;;;2025-12-31;KREISE;;05711;;;;;;ALTX20;;ALTU18;unter 18 Jahre;56520;Anzahl;BEVSTD;Bevölkerung
12411;;;;2025-12-31;KREISE;;05711;;;;;;ALTX20;;ALT18B65;18 bis unter 65 Jahre;206621;Anzahl;BEVSTD;Bevölkerung
12411;;;;2025-12-31;KREISE;;05711;;;;;;ALTX20;;ALT65UM;65 Jahre und älter;68278;Anzahl;BEVSTD;Bevölkerung
12411;;;;2025-12-31;KREISE;;05711;;;;;;ALTX20;;ALTU18;unter 18 Jahre;17,1;%;BEVANT;Anteil an der Bevölkerung, berechnet
12411;;;;2025-12-31;KREISE;;05711;;;;;;ALTX20;;ALT18B65;18 bis unter 65 Jahre;62,3;%;BEVANT;Anteil an der Bevölkerung, berechnet
12411;;;;2025-12-31;KREISE;;05711;;;;;;ALTX20;;ALT65UM;65 Jahre und älter;20,6;%;BEVANT;Anteil an der Bevölkerung, berechnet
12411;;;;2025-12-31;KREISE;;05754;Gütersloh, Kreis;;;;;;;;;362443;Anzahl;BEVSTD;Bevölkerung
12411;;;;2025-12-31;KREISE;;05754;;;;;;ALTX20;;ALTU18;unter 18 Jahre;64657;Anzahl;BEVSTD;Bevölkerung
12411;;;;2025-12-31;KREISE;;05754;;;;;;ALTX20;;ALT18B65;18 bis unter 65 Jahre;218941;Anzahl;BEVSTD;Bevölkerung
12411;;;;2025-12-31;KREISE;;05754;;;;;;ALTX20;;ALT65UM;65 Jahre und älter;78845;Anzahl;BEVSTD;Bevölkerung
12411;;;;2025-12-31;KREISE;;05754;;;;;;ALTX20;;ALTU18;unter 18 Jahre;17,8;%;BEVANT;Anteil an der Bevölkerung, berechnet
12411;;;;2025-12-31;KREISE;;05754;;;;;;ALTX20;;ALT18B65;18 bis unter 65 Jahre;60,4;%;BEVANT;Anteil an der Bevölkerung, berechnet
12411;;;;2025-12-31;KREISE;;05754;;;;;;ALTX20;;ALT65UM;65 Jahre und älter;21,8;%;BEVANT;Anteil an der Bevölkerung, berechnet
12411;;;;2025-12-31;KREISE;;05758;Herford, Kreis;;;;;;;;;253431;Anzahl;BEVSTD;Bevölkerung
12411;;;;2025-12-31;KREISE;;05758;;;;;;ALTX20;;ALTU18;unter 18 Jahre;43454;Anzahl;BEVSTD;Bevölkerung
12411;;;;2025-12-31;KREISE;;05758;;;;;;ALTX20;;ALT18B65;18 bis unter 65 Jahre;149666;Anzahl;BEVSTD;Bevölkerung
12411;;;;2025-12-31;KREISE;;05758;;;;;;ALTX20;;ALT65UM;65 Jahre und älter;60311;Anzahl;BEVSTD;Bevölkerung
12411;;;;2025-12-31;KREISE;;05758;;;;;;ALTX20;;ALTU18;unter 18 Jahre;17,1;%;BEVANT;Anteil an der Bevölkerung, berechnet
12411;;;;2025-12-31;KREISE;;05758;;;;;;ALTX20;;ALT18B65;18 bis unter 65 Jahre;59,1;%;BEVANT;Anteil an der Bevölkerung, berechnet
12411;;;;2025-12-31;KREISE;;05758;;;;;;ALTX20;;ALT65UM;65 Jahre und älter;23,8;%;BEVANT;Anteil an der Bevölkerung, berechnet
12411;;;;2025-12-31;KREISE;;05762;Höxter, Kreis;;;;;;;;;138156;Anzahl;BEVSTD;Bevölkerung
12411;;;;2025-12-31;KREISE;;05762;;;;;;ALTX20;;ALTU18;unter 18 Jahre;23063;Anzahl;BEVSTD;Bevölkerung
12411;;;;2025-12-31;KREISE;;05762;;;;;;ALTX20;;ALT18B65;18 bis unter 65 Jahre;79782;Anzahl;BEVSTD;Bevölkerung
12411;;;;2025-12-31;KREISE;;05762;;;;;;ALTX20;;ALT65UM;65 Jahre und älter;35311;Anzahl;BEVSTD;Bevölkerung
12411;;;;2025-12-31;KREISE;;05762;;;;;;ALTX20;;ALTU18;unter 18 Jahre;16,7;%;BEVANT;Anteil an der Bevölkerung, berechnet
12411;;;;2025-12-31;KREISE;;05762;;;;;;ALTX20;;ALT18B65;18 bis unter 65 Jahre;57,7;%;BEVANT;Anteil an der Bevölkerung, berechnet
12411;;;;2025-12-31;KREISE;;05762;;;;;;ALTX20;;ALT65UM;65 Jahre und älter;25,6;%;BEVANT;Anteil an der Bevölkerung, berechnet
12411;;;;2025-12-31;KREISE;;05766;Lippe, Kreis;;;;;;;;;346212;Anzahl;BEVSTD;Bevölkerung
12411;;;;2025-12-31;KREISE;;05766;;;;;;ALTX20;;ALTU18;unter 18 Jahre;62298;Anzahl;BEVSTD;Bevölkerung
12411;;;;2025-12-31;KREISE;;05766;;;;;;ALTX20;;ALT18B65;18 bis unter 65 Jahre;199709;Anzahl;BEVSTD;Bevölkerung
12411;;;;2025-12-31;KREISE;;05766;;;;;;ALTX20;;ALT65UM;65 Jahre und älter;84205;Anzahl;BEVSTD;Bevölkerung
12411;;;;2025-12-31;KREISE;;05766;;;;;;ALTX20;;ALTU18;unter 18 Jahre;18,0;%;BEVANT;Anteil an der Bevölkerung, berechnet
12411;;;;2025-12-31;KREISE;;05766;;;;;;ALTX20;;ALT18B65;18 bis unter 65 Jahre;57,7;%;BEVANT;Anteil an der Bevölkerung, berechnet
12411;;;;2025-12-31;KREISE;;05766;;;;;;ALTX20;;ALT65UM;65 Jahre und älter;24,3;%;BEVANT;Anteil an der Bevölkerung, berechnet
12411;;;;2025-12-31;KREISE;;05770;Minden-Lübbecke, Kreis;;;;;;;;;319491;Anzahl;BEVSTD;Bevölkerung
12411;;;;2025-12-31;KREISE;;05770;;;;;;ALTX20;;ALTU18;unter 18 Jahre;56662;Anzahl;BEVSTD;Bevölkerung
12411;;;;2025-12-31;KREISE;;05770;;;;;;ALTX20;;ALT18B65;18 bis unter 65 Jahre;187242;Anzahl;BEVSTD;Bevölkerung
12411;;;;2025-12-31;KREISE;;05770;;;;;;ALTX20;;ALT65UM;65 Jahre und älter;75587;Anzahl;BEVSTD;Bevölkerung
12411;;;;2025-12-31;KREISE;;05770;;;;;;ALTX20;;ALTU18;unter 18 Jahre;17,7;%;BEVANT;Anteil an der Bevölkerung, berechnet
12411;;;;2025-12-31;KREISE;;05770;;;;;;ALTX20;;ALT18B65;18 bis unter 65 Jahre;58,6;%;BEVANT;Anteil an der Bevölkerung, berechnet
12411;;;;2025-12-31;KREISE;;05770;;;;;;ALTX20;;ALT65UM;65 Jahre und älter;23,7;%;BEVANT;Anteil an der Bevölkerung, berechnet
12411;;;;2025-12-31;KREISE;;05774;Paderborn, Kreis;;;;;;;;;314527;Anzahl;BEVSTD;Bevölkerung
12411;;;;2025-12-31;KREISE;;05774;;;;;;ALTX20;;ALTU18;unter 18 Jahre;55136;Anzahl;BEVSTD;Bevölkerung
12411;;;;2025-12-31;KREISE;;05774;;;;;;ALTX20;;ALT18B65;18 bis unter 65 Jahre;192948;Anzahl;BEVSTD;Bevölkerung
12411;;;;2025-12-31;KREISE;;05774;;;;;;ALTX20;;ALT65UM;65 Jahre und älter;66443;Anzahl;BEVSTD;Bevölkerung
12411;;;;2025-12-31;KREISE;;05774;;;;;;ALTX20;;ALTU18;unter 18 Jahre;17,5;%;BEVANT;Anteil an der Bevölkerung, berechnet
12411;;;;2025-12-31;KREISE;;05774;;;;;;ALTX20;;ALT18B65;18 bis unter 65 Jahre;61,3;%;BEVANT;Anteil an der Bevölkerung, berechnet
12411;;;;2025-12-31;KREISE;;05774;;;;;;ALTX20;;ALT65UM;65 Jahre und älter;21,1;%;BEVANT;Anteil an der Bevölkerung, berechnet
12411;;;;2025-12-31;KREISE;;05911;Bochum, kreisfreie Stadt;;;;;;;;;358880;Anzahl;BEVSTD;Bevölkerung
12411;;;;2025-12-31;KREISE;;05911;;;;;;ALTX20;;ALTU18;unter 18 Jahre;55039;Anzahl;BEVSTD;Bevölkerung
12411;;;;2025-12-31;KREISE;;05911;;;;;;ALTX20;;ALT18B65;18 bis unter 65 Jahre;222882;Anzahl;BEVSTD;Bevölkerung
12411;;;;2025-12-31;KREISE;;05911;;;;;;ALTX20;;ALT65UM;65 Jahre und älter;80959;Anzahl;BEVSTD;Bevölkerung
12411;;;;2025-12-31;KREISE;;05911;;;;;;ALTX20;;ALTU18;unter 18 Jahre;15,3;%;BEVANT;Anteil an der Bevölkerung, berechnet
12411;;;;2025-12-31;KREISE;;05911;;;;;;ALTX20;;ALT18B65;18 bis unter 65 Jahre;62,1;%;BEVANT;Anteil an der Bevölkerung, berechnet
12411;;;;2025-12-31;KREISE;;05911;;;;;;ALTX20;;ALT65UM;65 Jahre und älter;22,6;%;BEVANT;Anteil an der Bevölkerung, berechnet
12411;;;;2025-12-31;KREISE;;05913;Dortmund, kreisfreie Stadt;;;;;;;;;600880;Anzahl;BEVSTD;Bevölkerung
12411;;;;2025-12-31;KREISE;;05913;;;;;;ALTX20;;ALTU18;unter 18 Jahre;103384;Anzahl;BEVSTD;Bevölkerung
12411;;;;2025-12-31;KREISE;;05913;;;;;;ALTX20;;ALT18B65;18 bis unter 65 Jahre;372774;Anzahl;BEVSTD;Bevölkerung
12411;;;;2025-12-31;KREISE;;05913;;;;;;ALTX20;;ALT65UM;65 Jahre und älter;124722;Anzahl;BEVSTD;Bevölkerung
12411;;;;2025-12-31;KREISE;;05913;;;;;;ALTX20;;ALTU18;unter 18 Jahre;17,2;%;BEVANT;Anteil an der Bevölkerung, berechnet
12411;;;;2025-12-31;KREISE;;05913;;;;;;ALTX20;;ALT18B65;18 bis unter 65 Jahre;62,0;%;BEVANT;Anteil an der Bevölkerung, berechnet
12411;;;;2025-12-31;KREISE;;05913;;;;;;ALTX20;;ALT65UM;65 Jahre und älter;20,8;%;BEVANT;Anteil an der Bevölkerung, berechnet
12411;;;;2025-12-31;KREISE;;05914;Hagen, kreisfreie Stadt;;;;;;;;;189983;Anzahl;BEVSTD;Bevölkerung
12411;;;;2025-12-31;KREISE;;05914;;;;;;ALTX20;;ALTU18;unter 18 Jahre;34808;Anzahl;BEVSTD;Bevölkerung
12411;;;;2025-12-31;KREISE;;05914;;;;;;ALTX20;;ALT18B65;18 bis unter 65 Jahre;113947;Anzahl;BEVSTD;Bevölkerung
12411;;;;2025-12-31;KREISE;;05914;;;;;;ALTX20;;ALT65UM;65 Jahre und älter;41228;Anzahl;BEVSTD;Bevölkerung
12411;;;;2025-12-31;KREISE;;05914;;;;;;ALTX20;;ALTU18;unter 18 Jahre;18,3;%;BEVANT;Anteil an der Bevölkerung, berechnet
12411;;;;2025-12-31;KREISE;;05914;;;;;;ALTX20;;ALT18B65;18 bis unter 65 Jahre;60,0;%;BEVANT;Anteil an der Bevölkerung, berechnet
12411;;;;2025-12-31;KREISE;;05914;;;;;;ALTX20;;ALT65UM;65 Jahre und älter;21,7;%;BEVANT;Anteil an der Bevölkerung, berechnet
12411;;;;2025-12-31;KREISE;;05915;Hamm, kreisfreie Stadt;;;;;;;;;179108;Anzahl;BEVSTD;Bevölkerung
12411;;;;2025-12-31;KREISE;;05915;;;;;;ALTX20;;ALTU18;unter 18 Jahre;31195;Anzahl;BEVSTD;Bevölkerung
12411;;;;2025-12-31;KREISE;;05915;;;;;;ALTX20;;ALT18B65;18 bis unter 65 Jahre;108306;Anzahl;BEVSTD;Bevölkerung
12411;;;;2025-12-31;KREISE;;05915;;;;;;ALTX20;;ALT65UM;65 Jahre und älter;39607;Anzahl;BEVSTD;Bevölkerung
12411;;;;2025-12-31;KREISE;;05915;;;;;;ALTX20;;ALTU18;unter 18 Jahre;17,4;%;BEVANT;Anteil an der Bevölkerung, berechnet
12411;;;;2025-12-31;KREISE;;05915;;;;;;ALTX20;;ALT18B65;18 bis unter 65 Jahre;60,5;%;BEVANT;Anteil an der Bevölkerung, berechnet
12411;;;;2025-12-31;KREISE;;05915;;;;;;ALTX20;;ALT65UM;65 Jahre und älter;22,1;%;BEVANT;Anteil an der Bevölkerung, berechnet
12411;;;;2025-12-31;KREISE;;05916;Herne, kreisfreie Stadt;;;;;;;;;156266;Anzahl;BEVSTD;Bevölkerung
12411;;;;2025-12-31;KREISE;;05916;;;;;;ALTX20;;ALTU18;unter 18 Jahre;27256;Anzahl;BEVSTD;Bevölkerung
12411;;;;2025-12-31;KREISE;;05916;;;;;;ALTX20;;ALT18B65;18 bis unter 65 Jahre;94309;Anzahl;BEVSTD;Bevölkerung
12411;;;;2025-12-31;KREISE;;05916;;;;;;ALTX20;;ALT65UM;65 Jahre und älter;34701;Anzahl;BEVSTD;Bevölkerung
12411;;;;2025-12-31;KREISE;;05916;;;;;;ALTX20;;ALTU18;unter 18 Jahre;17,4;%;BEVANT;Anteil an der Bevölkerung, berechnet
12411;;;;2025-12-31;KREISE;;05916;;;;;;ALTX20;;ALT18B65;18 bis unter 65 Jahre;60,4;%;BEVANT;Anteil an der Bevölkerung, berechnet
12411;;;;2025-12-31;KREISE;;05916;;;;;;ALTX20;;ALT65UM;65 Jahre und älter;22,2;%;BEVANT;Anteil an der Bevölkerung, berechnet
12411;;;;2025-12-31;KREISE;;05954;Ennepe-Ruhr-Kreis;;;;;;;;;313003;Anzahl;BEVSTD;Bevölkerung
12411;;;;2025-12-31;KREISE;;05954;;;;;;ALTX20;;ALTU18;unter 18 Jahre;50288;Anzahl;BEVSTD;Bevölkerung
12411;;;;2025-12-31;KREISE;;05954;;;;;;ALTX20;;ALT18B65;18 bis unter 65 Jahre;183347;Anzahl;BEVSTD;Bevölkerung
12411;;;;2025-12-31;KREISE;;05954;;;;;;ALTX20;;ALT65UM;65 Jahre und älter;79368;Anzahl;BEVSTD;Bevölkerung
12411;;;;2025-12-31;KREISE;;05954;;;;;;ALTX20;;ALTU18;unter 18 Jahre;16,1;%;BEVANT;Anteil an der Bevölkerung, berechnet
12411;;;;2025-12-31;KREISE;;05954;;;;;;ALTX20;;ALT18B65;18 bis unter 65 Jahre;58,6;%;BEVANT;Anteil an der Bevölkerung, berechnet
12411;;;;2025-12-31;KREISE;;05954;;;;;;ALTX20;;ALT65UM;65 Jahre und älter;25,4;%;BEVANT;Anteil an der Bevölkerung, berechnet
12411;;;;2025-12-31;KREISE;;05958;Hochsauerlandkreis;;;;;;;;;259176;Anzahl;BEVSTD;Bevölkerung
12411;;;;2025-12-31;KREISE;;05958;;;;;;ALTX20;;ALTU18;unter 18 Jahre;42044;Anzahl;BEVSTD;Bevölkerung
12411;;;;2025-12-31;KREISE;;05958;;;;;;ALTX20;;ALT18B65;18 bis unter 65 Jahre;153718;Anzahl;BEVSTD;Bevölkerung
12411;;;;2025-12-31;KREISE;;05958;;;;;;ALTX20;;ALT65UM;65 Jahre und älter;63414;Anzahl;BEVSTD;Bevölkerung
12411;;;;2025-12-31;KREISE;;05958;;;;;;ALTX20;;ALTU18;unter 18 Jahre;16,2;%;BEVANT;Anteil an der Bevölkerung, berechnet
12411;;;;2025-12-31;KREISE;;05958;;;;;;ALTX20;;ALT18B65;18 bis unter 65 Jahre;59,3;%;BEVANT;Anteil an der Bevölkerung, berechnet
12411;;;;2025-12-31;KREISE;;05958;;;;;;ALTX20;;ALT65UM;65 Jahre und älter;24,5;%;BEVANT;Anteil an der Bevölkerung, berechnet
12411;;;;2025-12-31;KREISE;;05962;Märkischer Kreis;;;;;;;;;405164;Anzahl;BEVSTD;Bevölkerung
12411;;;;2025-12-31;KREISE;;05962;;;;;;ALTX20;;ALTU18;unter 18 Jahre;68058;Anzahl;BEVSTD;Bevölkerung
12411;;;;2025-12-31;KREISE;;05962;;;;;;ALTX20;;ALT18B65;18 bis unter 65 Jahre;240044;Anzahl;BEVSTD;Bevölkerung
12411;;;;2025-12-31;KREISE;;05962;;;;;;ALTX20;;ALT65UM;65 Jahre und älter;97062;Anzahl;BEVSTD;Bevölkerung
12411;;;;2025-12-31;KREISE;;05962;;;;;;ALTX20;;ALTU18;unter 18 Jahre;16,8;%;BEVANT;Anteil an der Bevölkerung, berechnet
12411;;;;2025-12-31;KREISE;;05962;;;;;;ALTX20;;ALT18B65;18 bis unter 65 Jahre;59,2;%;BEVANT;Anteil an der Bevölkerung, berechnet
12411;;;;2025-12-31;KREISE;;05962;;;;;;ALTX20;;ALT65UM;65 Jahre und älter;24,0;%;BEVANT;Anteil an der Bevölkerung, berechnet
12411;;;;2025-12-31;KREISE;;05966;Olpe, Kreis;;;;;;;;;131265;Anzahl;BEVSTD;Bevölkerung
12411;;;;2025-12-31;KREISE;;05966;;;;;;ALTX20;;ALTU18;unter 18 Jahre;22226;Anzahl;BEVSTD;Bevölkerung
12411;;;;2025-12-31;KREISE;;05966;;;;;;ALTX20;;ALT18B65;18 bis unter 65 Jahre;79434;Anzahl;BEVSTD;Bevölkerung
12411;;;;2025-12-31;KREISE;;05966;;;;;;ALTX20;;ALT65UM;65 Jahre und älter;29605;Anzahl;BEVSTD;Bevölkerung
12411;;;;2025-12-31;KREISE;;05966;;;;;;ALTX20;;ALTU18;unter 18 Jahre;16,9;%;BEVANT;Anteil an der Bevölkerung, berechnet
12411;;;;2025-12-31;KREISE;;05966;;;;;;ALTX20;;ALT18B65;18 bis unter 65 Jahre;60,5;%;BEVANT;Anteil an der Bevölkerung, berechnet
12411;;;;2025-12-31;KREISE;;05966;;;;;;ALTX20;;ALT65UM;65 Jahre und älter;22,6;%;BEVANT;Anteil an der Bevölkerung, berechnet
12411;;;;2025-12-31;KREISE;;05970;Siegen-Wittgenstein, Kreis;;;;;;;;;272509;Anzahl;BEVSTD;Bevölkerung
12411;;;;2025-12-31;KREISE;;05970;;;;;;ALTX20;;ALTU18;unter 18 Jahre;46429;Anzahl;BEVSTD;Bevölkerung
12411;;;;2025-12-31;KREISE;;05970;;;;;;ALTX20;;ALT18B65;18 bis unter 65 Jahre;162735;Anzahl;BEVSTD;Bevölkerung
12411;;;;2025-12-31;KREISE;;05970;;;;;;ALTX20;;ALT65UM;65 Jahre und älter;63345;Anzahl;BEVSTD;Bevölkerung
12411;;;;2025-12-31;KREISE;;05970;;;;;;ALTX20;;ALTU18;unter 18 Jahre;17,0;%;BEVANT;Anteil an der Bevölkerung, berechnet
12411;;;;2025-12-31;KREISE;;05970;;;;;;ALTX20;;ALT18B65;18 bis unter 65 Jahre;59,7;%;BEVANT;Anteil an der Bevölkerung, berechnet
12411;;;;2025-12-31;KREISE;;05970;;;;;;ALTX20;;ALT65UM;65 Jahre und älter;23,2;%;BEVANT;Anteil an der Bevölkerung, berechnet
12411;;;;2025-12-31;KREISE;;05974;Soest, Kreis;;;;;;;;;298457;Anzahl;BEVSTD;Bevölkerung
12411;;;;2025-12-31;KREISE;;05974;;;;;;ALTX20;;ALTU18;unter 18 Jahre;49871;Anzahl;BEVSTD;Bevölkerung
12411;;;;2025-12-31;KREISE;;05974;;;;;;ALTX20;;ALT18B65;18 bis unter 65 Jahre;177719;Anzahl;BEVSTD;Bevölkerung
12411;;;;2025-12-31;KREISE;;05974;;;;;;ALTX20;;ALT65UM;65 Jahre und älter;70867;Anzahl;BEVSTD;Bevölkerung
12411;;;;2025-12-31;KREISE;;05974;;;;;;ALTX20;;ALTU18;unter 18 Jahre;16,7;%;BEVANT;Anteil an der Bevölkerung, berechnet
12411;;;;2025-12-31;KREISE;;05974;;;;;;ALTX20;;ALT18B65;18 bis unter 65 Jahre;59,5;%;BEVANT;Anteil an der Bevölkerung, berechnet
12411;;;;2025-12-31;KREISE;;05974;;;;;;ALTX20;;ALT65UM;65 Jahre und älter;23,7;%;BEVANT;Anteil an der Bevölkerung, berechnet
12411;;;;2025-12-31;KREISE;;05978;Unna, Kreis;;;;;;;;;392266;Anzahl;BEVSTD;Bevölkerung
12411;;;;2025-12-31;KREISE;;05978;;;;;;ALTX20;;ALTU18;unter 18 Jahre;64964;Anzahl;BEVSTD;Bevölkerung
12411;;;;2025-12-31;KREISE;;05978;;;;;;ALTX20;;ALT18B65;18 bis unter 65 Jahre;230276;Anzahl;BEVSTD;Bevölkerung
12411;;;;2025-12-31;KREISE;;05978;;;;;;ALTX20;;ALT65UM;65 Jahre und älter;97026;Anzahl;BEVSTD;Bevölkerung
12411;;;;2025-12-31;KREISE;;05978;;;;;;ALTX20;;ALTU18;unter 18 Jahre;16,6;%;BEVANT;Anteil an der Bevölkerung, berechnet
12411;;;;2025-12-31;KREISE;;05978;;;;;;ALTX20;;ALT18B65;18 bis unter 65 Jahre;58,7;%;BEVANT;Anteil an der Bevölkerung, berechnet
12411;;;;2025-12-31;KREISE;;05978;;;;;;ALTX20;;ALT65UM;65 Jahre und älter;24,7;%;BEVANT;Anteil an der Bevölkerung, berechnet
12411;;;;2025-12-31;KREISE;;06411;Darmstadt, kreisfreie Stadt, Wissenschaftsstadt;;;;;;;;;168253;Anzahl;BEVSTD;Bevölkerung
12411;;;;2025-12-31;KREISE;;06411;;;;;;ALTX20;;ALTU18;unter 18 Jahre;26471;Anzahl;BEVSTD;Bevölkerung
12411;;;;2025-12-31;KREISE;;06411;;;;;;ALTX20;;ALT18B65;18 bis unter 65 Jahre;112286;Anzahl;BEVSTD;Bevölkerung
12411;;;;2025-12-31;KREISE;;06411;;;;;;ALTX20;;ALT65UM;65 Jahre und älter;29496;Anzahl;BEVSTD;Bevölkerung
12411;;;;2025-12-31;KREISE;;06411;;;;;;ALTX20;;ALTU18;unter 18 Jahre;15,7;%;BEVANT;Anteil an der Bevölkerung, berechnet
12411;;;;2025-12-31;KREISE;;06411;;;;;;ALTX20;;ALT18B65;18 bis unter 65 Jahre;66,7;%;BEVANT;Anteil an der Bevölkerung, berechnet
12411;;;;2025-12-31;KREISE;;06411;;;;;;ALTX20;;ALT65UM;65 Jahre und älter;17,5;%;BEVANT;Anteil an der Bevölkerung, berechnet
12411;;;;2025-12-31;KREISE;;06412;Frankfurt am Main, kreisfreie Stadt;;;;;;;;;760656;Anzahl;BEVSTD;Bevölkerung
12411;;;;2025-12-31;KREISE;;06412;;;;;;ALTX20;;ALTU18;unter 18 Jahre;125818;Anzahl;BEVSTD;Bevölkerung
12411;;;;2025-12-31;KREISE;;06412;;;;;;ALTX20;;ALT18B65;18 bis unter 65 Jahre;512194;Anzahl;BEVSTD;Bevölkerung
12411;;;;2025-12-31;KREISE;;06412;;;;;;ALTX20;;ALT65UM;65 Jahre und älter;122644;Anzahl;BEVSTD;Bevölkerung
12411;;;;2025-12-31;KREISE;;06412;;;;;;ALTX20;;ALTU18;unter 18 Jahre;16,5;%;BEVANT;Anteil an der Bevölkerung, berechnet
12411;;;;2025-12-31;KREISE;;06412;;;;;;ALTX20;;ALT18B65;18 bis unter 65 Jahre;67,3;%;BEVANT;Anteil an der Bevölkerung, berechnet
12411;;;;2025-12-31;KREISE;;06412;;;;;;ALTX20;;ALT65UM;65 Jahre und älter;16,1;%;BEVANT;Anteil an der Bevölkerung, berechnet
12411;;;;2025-12-31;KREISE;;06413;Offenbach am Main, kreisfreie Stadt;;;;;;;;;133195;Anzahl;BEVSTD;Bevölkerung
12411;;;;2025-12-31;KREISE;;06413;;;;;;ALTX20;;ALTU18;unter 18 Jahre;23846;Anzahl;BEVSTD;Bevölkerung
12411;;;;2025-12-31;KREISE;;06413;;;;;;ALTX20;;ALT18B65;18 bis unter 65 Jahre;87683;Anzahl;BEVSTD;Bevölkerung
12411;;;;2025-12-31;KREISE;;06413;;;;;;ALTX20;;ALT65UM;65 Jahre und älter;21666;Anzahl;BEVSTD;Bevölkerung
12411;;;;2025-12-31;KREISE;;06413;;;;;;ALTX20;;ALTU18;unter 18 Jahre;17,9;%;BEVANT;Anteil an der Bevölkerung, berechnet
12411;;;;2025-12-31;KREISE;;06413;;;;;;ALTX20;;ALT18B65;18 bis unter 65 Jahre;65,8;%;BEVANT;Anteil an der Bevölkerung, berechnet
12411;;;;2025-12-31;KREISE;;06413;;;;;;ALTX20;;ALT65UM;65 Jahre und älter;16,3;%;BEVANT;Anteil an der Bevölkerung, berechnet
12411;;;;2025-12-31;KREISE;;06414;Wiesbaden, kreisfreie Stadt, Landeshauptstadt;;;;;;;;;288584;Anzahl;BEVSTD;Bevölkerung
12411;;;;2025-12-31;KREISE;;06414;;;;;;ALTX20;;ALTU18;unter 18 Jahre;49549;Anzahl;BEVSTD;Bevölkerung
12411;;;;2025-12-31;KREISE;;06414;;;;;;ALTX20;;ALT18B65;18 bis unter 65 Jahre;180772;Anzahl;BEVSTD;Bevölkerung
12411;;;;2025-12-31;KREISE;;06414;;;;;;ALTX20;;ALT65UM;65 Jahre und älter;58263;Anzahl;BEVSTD;Bevölkerung
12411;;;;2025-12-31;KREISE;;06414;;;;;;ALTX20;;ALTU18;unter 18 Jahre;17,2;%;BEVANT;Anteil an der Bevölkerung, berechnet
12411;;;;2025-12-31;KREISE;;06414;;;;;;ALTX20;;ALT18B65;18 bis unter 65 Jahre;62,6;%;BEVANT;Anteil an der Bevölkerung, berechnet
12411;;;;2025-12-31;KREISE;;06414;;;;;;ALTX20;;ALT65UM;65 Jahre und älter;20,2;%;BEVANT;Anteil an der Bevölkerung, berechnet
12411;;;;2025-12-31;KREISE;;06431;Bergstraße, Landkreis;;;;;;;;;273353;Anzahl;BEVSTD;Bevölkerung
12411;;;;2025-12-31;KREISE;;06431;;;;;;ALTX20;;ALTU18;unter 18 Jahre;46143;Anzahl;BEVSTD;Bevölkerung
12411;;;;2025-12-31;KREISE;;06431;;;;;;ALTX20;;ALT18B65;18 bis unter 65 Jahre;160958;Anzahl;BEVSTD;Bevölkerung
12411;;;;2025-12-31;KREISE;;06431;;;;;;ALTX20;;ALT65UM;65 Jahre und älter;66252;Anzahl;BEVSTD;Bevölkerung
12411;;;;2025-12-31;KREISE;;06431;;;;;;ALTX20;;ALTU18;unter 18 Jahre;16,9;%;BEVANT;Anteil an der Bevölkerung, berechnet
12411;;;;2025-12-31;KREISE;;06431;;;;;;ALTX20;;ALT18B65;18 bis unter 65 Jahre;58,9;%;BEVANT;Anteil an der Bevölkerung, berechnet
12411;;;;2025-12-31;KREISE;;06431;;;;;;ALTX20;;ALT65UM;65 Jahre und älter;24,2;%;BEVANT;Anteil an der Bevölkerung, berechnet
12411;;;;2025-12-31;KREISE;;06432;Darmstadt-Dieburg, Landkreis;;;;;;;;;301529;Anzahl;BEVSTD;Bevölkerung
12411;;;;2025-12-31;KREISE;;06432;;;;;;ALTX20;;ALTU18;unter 18 Jahre;52181;Anzahl;BEVSTD;Bevölkerung
12411;;;;2025-12-31;KREISE;;06432;;;;;;ALTX20;;ALT18B65;18 bis unter 65 Jahre;180280;Anzahl;BEVSTD;Bevölkerung
12411;;;;2025-12-31;KREISE;;06432;;;;;;ALTX20;;ALT65UM;65 Jahre und älter;69068;Anzahl;BEVSTD;Bevölkerung
12411;;;;2025-12-31;KREISE;;06432;;;;;;ALTX20;;ALTU18;unter 18 Jahre;17,3;%;BEVANT;Anteil an der Bevölkerung, berechnet
12411;;;;2025-12-31;KREISE;;06432;;;;;;ALTX20;;ALT18B65;18 bis unter 65 Jahre;59,8;%;BEVANT;Anteil an der Bevölkerung, berechnet
12411;;;;2025-12-31;KREISE;;06432;;;;;;ALTX20;;ALT65UM;65 Jahre und älter;22,9;%;BEVANT;Anteil an der Bevölkerung, berechnet
12411;;;;2025-12-31;KREISE;;06433;Groß-Gerau, Landkreis;;;;;;;;;268614;Anzahl;BEVSTD;Bevölkerung
12411;;;;2025-12-31;KREISE;;06433;;;;;;ALTX20;;ALTU18;unter 18 Jahre;49292;Anzahl;BEVSTD;Bevölkerung
12411;;;;2025-12-31;KREISE;;06433;;;;;;ALTX20;;ALT18B65;18 bis unter 65 Jahre;165343;Anzahl;BEVSTD;Bevölkerung
12411;;;;2025-12-31;KREISE;;06433;;;;;;ALTX20;;ALT65UM;65 Jahre und älter;53979;Anzahl;BEVSTD;Bevölkerung
12411;;;;2025-12-31;KREISE;;06433;;;;;;ALTX20;;ALTU18;unter 18 Jahre;18,4;%;BEVANT;Anteil an der Bevölkerung, berechnet
12411;;;;2025-12-31;KREISE;;06433;;;;;;ALTX20;;ALT18B65;18 bis unter 65 Jahre;61,6;%;BEVANT;Anteil an der Bevölkerung, berechnet
12411;;;;2025-12-31;KREISE;;06433;;;;;;ALTX20;;ALT65UM;65 Jahre und älter;20,1;%;BEVANT;Anteil an der Bevölkerung, berechnet
12411;;;;2025-12-31;KREISE;;06434;Hochtaunuskreis;;;;;;;;;241730;Anzahl;BEVSTD;Bevölkerung
12411;;;;2025-12-31;KREISE;;06434;;;;;;ALTX20;;ALTU18;unter 18 Jahre;42579;Anzahl;BEVSTD;Bevölkerung
12411;;;;2025-12-31;KREISE;;06434;;;;;;ALTX20;;ALT18B65;18 bis unter 65 Jahre;141687;Anzahl;BEVSTD;Bevölkerung
12411;;;;2025-12-31;KREISE;;06434;;;;;;ALTX20;;ALT65UM;65 Jahre und älter;57464;Anzahl;BEVSTD;Bevölkerung
12411;;;;2025-12-31;KREISE;;06434;;;;;;ALTX20;;ALTU18;unter 18 Jahre;17,6;%;BEVANT;Anteil an der Bevölkerung, berechnet
12411;;;;2025-12-31;KREISE;;06434;;;;;;ALTX20;;ALT18B65;18 bis unter 65 Jahre;58,6;%;BEVANT;Anteil an der Bevölkerung, berechnet
12411;;;;2025-12-31;KREISE;;06434;;;;;;ALTX20;;ALT65UM;65 Jahre und älter;23,8;%;BEVANT;Anteil an der Bevölkerung, berechnet
12411;;;;2025-12-31;KREISE;;06435;Main-Kinzig-Kreis;;;;;;;;;421175;Anzahl;BEVSTD;Bevölkerung
12411;;;;2025-12-31;KREISE;;06435;;;;;;ALTX20;;ALTU18;unter 18 Jahre;73286;Anzahl;BEVSTD;Bevölkerung
12411;;;;2025-12-31;KREISE;;06435;;;;;;ALTX20;;ALT18B65;18 bis unter 65 Jahre;251391;Anzahl;BEVSTD;Bevölkerung
12411;;;;2025-12-31;KREISE;;06435;;;;;;ALTX20;;ALT65UM;65 Jahre und älter;96498;Anzahl;BEVSTD;Bevölkerung
12411;;;;2025-12-31;KREISE;;06435;;;;;;ALTX20;;ALTU18;unter 18 Jahre;17,4;%;BEVANT;Anteil an der Bevölkerung, berechnet
12411;;;;2025-12-31;KREISE;;06435;;;;;;ALTX20;;ALT18B65;18 bis unter 65 Jahre;59,7;%;BEVANT;Anteil an der Bevölkerung, berechnet
12411;;;;2025-12-31;KREISE;;06435;;;;;;ALTX20;;ALT65UM;65 Jahre und älter;22,9;%;BEVANT;Anteil an der Bevölkerung, berechnet
12411;;;;2025-12-31;KREISE;;06436;Main-Taunus-Kreis;;;;;;;;;238783;Anzahl;BEVSTD;Bevölkerung
12411;;;;2025-12-31;KREISE;;06436;;;;;;ALTX20;;ALTU18;unter 18 Jahre;42671;Anzahl;BEVSTD;Bevölkerung
12411;;;;2025-12-31;KREISE;;06436;;;;;;ALTX20;;ALT18B65;18 bis unter 65 Jahre;143485;Anzahl;BEVSTD;Bevölkerung
12411;;;;2025-12-31;KREISE;;06436;;;;;;ALTX20;;ALT65UM;65 Jahre und älter;52627;Anzahl;BEVSTD;Bevölkerung
12411;;;;2025-12-31;KREISE;;06436;;;;;;ALTX20;;ALTU18;unter 18 Jahre;17,9;%;BEVANT;Anteil an der Bevölkerung, berechnet
12411;;;;2025-12-31;KREISE;;06436;;;;;;ALTX20;;ALT18B65;18 bis unter 65 Jahre;60,1;%;BEVANT;Anteil an der Bevölkerung, berechnet
12411;;;;2025-12-31;KREISE;;06436;;;;;;ALTX20;;ALT65UM;65 Jahre und älter;22,0;%;BEVANT;Anteil an der Bevölkerung, berechnet
12411;;;;2025-12-31;KREISE;;06437;Odenwaldkreis;;;;;;;;;93399;Anzahl;BEVSTD;Bevölkerung
12411;;;;2025-12-31;KREISE;;06437;;;;;;ALTX20;;ALTU18;unter 18 Jahre;15123;Anzahl;BEVSTD;Bevölkerung
12411;;;;2025-12-31;KREISE;;06437;;;;;;ALTX20;;ALT18B65;18 bis unter 65 Jahre;53789;Anzahl;BEVSTD;Bevölkerung
12411;;;;2025-12-31;KREISE;;06437;;;;;;ALTX20;;ALT65UM;65 Jahre und älter;24487;Anzahl;BEVSTD;Bevölkerung
12411;;;;2025-12-31;KREISE;;06437;;;;;;ALTX20;;ALTU18;unter 18 Jahre;16,2;%;BEVANT;Anteil an der Bevölkerung, berechnet
12411;;;;2025-12-31;KREISE;;06437;;;;;;ALTX20;;ALT18B65;18 bis unter 65 Jahre;57,6;%;BEVANT;Anteil an der Bevölkerung, berechnet
12411;;;;2025-12-31;KREISE;;06437;;;;;;ALTX20;;ALT65UM;65 Jahre und älter;26,2;%;BEVANT;Anteil an der Bevölkerung, berechnet
12411;;;;2025-12-31;KREISE;;06438;Offenbach, Landkreis;;;;;;;;;358984;Anzahl;BEVSTD;Bevölkerung
12411;;;;2025-12-31;KREISE;;06438;;;;;;ALTX20;;ALTU18;unter 18 Jahre;63440;Anzahl;BEVSTD;Bevölkerung
12411;;;;2025-12-31;KREISE;;06438;;;;;;ALTX20;;ALT18B65;18 bis unter 65 Jahre;215960;Anzahl;BEVSTD;Bevölkerung
12411;;;;2025-12-31;KREISE;;06438;;;;;;ALTX20;;ALT65UM;65 Jahre und älter;79584;Anzahl;BEVSTD;Bevölkerung
12411;;;;2025-12-31;KREISE;;06438;;;;;;ALTX20;;ALTU18;unter 18 Jahre;17,7;%;BEVANT;Anteil an der Bevölkerung, berechnet
12411;;;;2025-12-31;KREISE;;06438;;;;;;ALTX20;;ALT18B65;18 bis unter 65 Jahre;60,2;%;BEVANT;Anteil an der Bevölkerung, berechnet
12411;;;;2025-12-31;KREISE;;06438;;;;;;ALTX20;;ALT65UM;65 Jahre und älter;22,2;%;BEVANT;Anteil an der Bevölkerung, berechnet
12411;;;;2025-12-31;KREISE;;06439;Rheingau-Taunus-Kreis;;;;;;;;;185359;Anzahl;BEVSTD;Bevölkerung
12411;;;;2025-12-31;KREISE;;06439;;;;;;ALTX20;;ALTU18;unter 18 Jahre;30193;Anzahl;BEVSTD;Bevölkerung
12411;;;;2025-12-31;KREISE;;06439;;;;;;ALTX20;;ALT18B65;18 bis unter 65 Jahre;108639;Anzahl;BEVSTD;Bevölkerung
12411;;;;2025-12-31;KREISE;;06439;;;;;;ALTX20;;ALT65UM;65 Jahre und älter;46527;Anzahl;BEVSTD;Bevölkerung
12411;;;;2025-12-31;KREISE;;06439;;;;;;ALTX20;;ALTU18;unter 18 Jahre;16,3;%;BEVANT;Anteil an der Bevölkerung, berechnet
12411;;;;2025-12-31;KREISE;;06439;;;;;;ALTX20;;ALT18B65;18 bis unter 65 Jahre;58,6;%;BEVANT;Anteil an der Bevölkerung, berechnet
12411;;;;2025-12-31;KREISE;;06439;;;;;;ALTX20;;ALT65UM;65 Jahre und älter;25,1;%;BEVANT;Anteil an der Bevölkerung, berechnet
12411;;;;2025-12-31;KREISE;;06440;Wetteraukreis;;;;;;;;;310526;Anzahl;BEVSTD;Bevölkerung
12411;;;;2025-12-31;KREISE;;06440;;;;;;ALTX20;;ALTU18;unter 18 Jahre;53035;Anzahl;BEVSTD;Bevölkerung
12411;;;;2025-12-31;KREISE;;06440;;;;;;ALTX20;;ALT18B65;18 bis unter 65 Jahre;185877;Anzahl;BEVSTD;Bevölkerung
12411;;;;2025-12-31;KREISE;;06440;;;;;;ALTX20;;ALT65UM;65 Jahre und älter;71614;Anzahl;BEVSTD;Bevölkerung
12411;;;;2025-12-31;KREISE;;06440;;;;;;ALTX20;;ALTU18;unter 18 Jahre;17,1;%;BEVANT;Anteil an der Bevölkerung, berechnet
12411;;;;2025-12-31;KREISE;;06440;;;;;;ALTX20;;ALT18B65;18 bis unter 65 Jahre;59,9;%;BEVANT;Anteil an der Bevölkerung, berechnet
12411;;;;2025-12-31;KREISE;;06440;;;;;;ALTX20;;ALT65UM;65 Jahre und älter;23,1;%;BEVANT;Anteil an der Bevölkerung, berechnet
12411;;;;2025-12-31;KREISE;;06531;Gießen, Landkreis;;;;;;;;;267283;Anzahl;BEVSTD;Bevölkerung
12411;;;;2025-12-31;KREISE;;06531;;;;;;ALTX20;;ALTU18;unter 18 Jahre;43674;Anzahl;BEVSTD;Bevölkerung
12411;;;;2025-12-31;KREISE;;06531;;;;;;ALTX20;;ALT18B65;18 bis unter 65 Jahre;166622;Anzahl;BEVSTD;Bevölkerung
12411;;;;2025-12-31;KREISE;;06531;;;;;;ALTX20;;ALT65UM;65 Jahre und älter;56987;Anzahl;BEVSTD;Bevölkerung
12411;;;;2025-12-31;KREISE;;06531;;;;;;ALTX20;;ALTU18;unter 18 Jahre;16,3;%;BEVANT;Anteil an der Bevölkerung, berechnet
12411;;;;2025-12-31;KREISE;;06531;;;;;;ALTX20;;ALT18B65;18 bis unter 65 Jahre;62,3;%;BEVANT;Anteil an der Bevölkerung, berechnet
12411;;;;2025-12-31;KREISE;;06531;;;;;;ALTX20;;ALT65UM;65 Jahre und älter;21,3;%;BEVANT;Anteil an der Bevölkerung, berechnet
12411;;;;2025-12-31;KREISE;;06532;Lahn-Dill-Kreis;;;;;;;;;253439;Anzahl;BEVSTD;Bevölkerung
12411;;;;2025-12-31;KREISE;;06532;;;;;;ALTX20;;ALTU18;unter 18 Jahre;43369;Anzahl;BEVSTD;Bevölkerung
12411;;;;2025-12-31;KREISE;;06532;;;;;;ALTX20;;ALT18B65;18 bis unter 65 Jahre;149898;Anzahl;BEVSTD;Bevölkerung
12411;;;;2025-12-31;KREISE;;06532;;;;;;ALTX20;;ALT65UM;65 Jahre und älter;60172;Anzahl;BEVSTD;Bevölkerung
12411;;;;2025-12-31;KREISE;;06532;;;;;;ALTX20;;ALTU18;unter 18 Jahre;17,1;%;BEVANT;Anteil an der Bevölkerung, berechnet
12411;;;;2025-12-31;KREISE;;06532;;;;;;ALTX20;;ALT18B65;18 bis unter 65 Jahre;59,1;%;BEVANT;Anteil an der Bevölkerung, berechnet
12411;;;;2025-12-31;KREISE;;06532;;;;;;ALTX20;;ALT65UM;65 Jahre und älter;23,7;%;BEVANT;Anteil an der Bevölkerung, berechnet
12411;;;;2025-12-31;KREISE;;06533;Limburg-Weilburg, Landkreis;;;;;;;;;172995;Anzahl;BEVSTD;Bevölkerung
12411;;;;2025-12-31;KREISE;;06533;;;;;;ALTX20;;ALTU18;unter 18 Jahre;28981;Anzahl;BEVSTD;Bevölkerung
12411;;;;2025-12-31;KREISE;;06533;;;;;;ALTX20;;ALT18B65;18 bis unter 65 Jahre;102813;Anzahl;BEVSTD;Bevölkerung
12411;;;;2025-12-31;KREISE;;06533;;;;;;ALTX20;;ALT65UM;65 Jahre und älter;41201;Anzahl;BEVSTD;Bevölkerung
12411;;;;2025-12-31;KREISE;;06533;;;;;;ALTX20;;ALTU18;unter 18 Jahre;16,8;%;BEVANT;Anteil an der Bevölkerung, berechnet
12411;;;;2025-12-31;KREISE;;06533;;;;;;ALTX20;;ALT18B65;18 bis unter 65 Jahre;59,4;%;BEVANT;Anteil an der Bevölkerung, berechnet
12411;;;;2025-12-31;KREISE;;06533;;;;;;ALTX20;;ALT65UM;65 Jahre und älter;23,8;%;BEVANT;Anteil an der Bevölkerung, berechnet
12411;;;;2025-12-31;KREISE;;06534;Marburg-Biedenkopf, Landkreis;;;;;;;;;242751;Anzahl;BEVSTD;Bevölkerung
12411;;;;2025-12-31;KREISE;;06534;;;;;;ALTX20;;ALTU18;unter 18 Jahre;39076;Anzahl;BEVSTD;Bevölkerung
12411;;;;2025-12-31;KREISE;;06534;;;;;;ALTX20;;ALT18B65;18 bis unter 65 Jahre;150947;Anzahl;BEVSTD;Bevölkerung
12411;;;;2025-12-31;KREISE;;06534;;;;;;ALTX20;;ALT65UM;65 Jahre und älter;52728;Anzahl;BEVSTD;Bevölkerung
12411;;;;2025-12-31;KREISE;;06534;;;;;;ALTX20;;ALTU18;unter 18 Jahre;16,1;%;BEVANT;Anteil an der Bevölkerung, berechnet
12411;;;;2025-12-31;KREISE;;06534;;;;;;ALTX20;;ALT18B65;18 bis unter 65 Jahre;62,2;%;BEVANT;Anteil an der Bevölkerung, berechnet
12411;;;;2025-12-31;KREISE;;06534;;;;;;ALTX20;;ALT65UM;65 Jahre und älter;21,7;%;BEVANT;Anteil an der Bevölkerung, berechnet
12411;;;;2025-12-31;KREISE;;06535;Vogelsbergkreis;;;;;;;;;100723;Anzahl;BEVSTD;Bevölkerung
12411;;;;2025-12-31;KREISE;;06535;;;;;;ALTX20;;ALTU18;unter 18 Jahre;15919;Anzahl;BEVSTD;Bevölkerung
12411;;;;2025-12-31;KREISE;;06535;;;;;;ALTX20;;ALT18B65;18 bis unter 65 Jahre;57301;Anzahl;BEVSTD;Bevölkerung
12411;;;;2025-12-31;KREISE;;06535;;;;;;ALTX20;;ALT65UM;65 Jahre und älter;27503;Anzahl;BEVSTD;Bevölkerung
12411;;;;2025-12-31;KREISE;;06535;;;;;;ALTX20;;ALTU18;unter 18 Jahre;15,8;%;BEVANT;Anteil an der Bevölkerung, berechnet
12411;;;;2025-12-31;KREISE;;06535;;;;;;ALTX20;;ALT18B65;18 bis unter 65 Jahre;56,9;%;BEVANT;Anteil an der Bevölkerung, berechnet
12411;;;;2025-12-31;KREISE;;06535;;;;;;ALTX20;;ALT65UM;65 Jahre und älter;27,3;%;BEVANT;Anteil an der Bevölkerung, berechnet
12411;;;;2025-12-31;KREISE;;06611;Kassel, kreisfreie Stadt, documenta-Stadt;;;;;;;;;196799;Anzahl;BEVSTD;Bevölkerung
12411;;;;2025-12-31;KREISE;;06611;;;;;;ALTX20;;ALTU18;unter 18 Jahre;32334;Anzahl;BEVSTD;Bevölkerung
12411;;;;2025-12-31;KREISE;;06611;;;;;;ALTX20;;ALT18B65;18 bis unter 65 Jahre;123801;Anzahl;BEVSTD;Bevölkerung
12411;;;;2025-12-31;KREISE;;06611;;;;;;ALTX20;;ALT65UM;65 Jahre und älter;40664;Anzahl;BEVSTD;Bevölkerung
12411;;;;2025-12-31;KREISE;;06611;;;;;;ALTX20;;ALTU18;unter 18 Jahre;16,4;%;BEVANT;Anteil an der Bevölkerung, berechnet
12411;;;;2025-12-31;KREISE;;06611;;;;;;ALTX20;;ALT18B65;18 bis unter 65 Jahre;62,9;%;BEVANT;Anteil an der Bevölkerung, berechnet
12411;;;;2025-12-31;KREISE;;06611;;;;;;ALTX20;;ALT65UM;65 Jahre und älter;20,7;%;BEVANT;Anteil an der Bevölkerung, berechnet
12411;;;;2025-12-31;KREISE;;06631;Fulda, Landkreis;;;;;;;;;222214;Anzahl;BEVSTD;Bevölkerung
12411;;;;2025-12-31;KREISE;;06631;;;;;;ALTX20;;ALTU18;unter 18 Jahre;37846;Anzahl;BEVSTD;Bevölkerung
12411;;;;2025-12-31;KREISE;;06631;;;;;;ALTX20;;ALT18B65;18 bis unter 65 Jahre;132947;Anzahl;BEVSTD;Bevölkerung
12411;;;;2025-12-31;KREISE;;06631;;;;;;ALTX20;;ALT65UM;65 Jahre und älter;51421;Anzahl;BEVSTD;Bevölkerung
12411;;;;2025-12-31;KREISE;;06631;;;;;;ALTX20;;ALTU18;unter 18 Jahre;17,0;%;BEVANT;Anteil an der Bevölkerung, berechnet
12411;;;;2025-12-31;KREISE;;06631;;;;;;ALTX20;;ALT18B65;18 bis unter 65 Jahre;59,8;%;BEVANT;Anteil an der Bevölkerung, berechnet
12411;;;;2025-12-31;KREISE;;06631;;;;;;ALTX20;;ALT65UM;65 Jahre und älter;23,1;%;BEVANT;Anteil an der Bevölkerung, berechnet
12411;;;;2025-12-31;KREISE;;06632;Hersfeld-Rotenburg, Landkreis;;;;;;;;;116906;Anzahl;BEVSTD;Bevölkerung
12411;;;;2025-12-31;KREISE;;06632;;;;;;ALTX20;;ALTU18;unter 18 Jahre;19262;Anzahl;BEVSTD;Bevölkerung
12411;;;;2025-12-31;KREISE;;06632;;;;;;ALTX20;;ALT18B65;18 bis unter 65 Jahre;67106;Anzahl;BEVSTD;Bevölkerung
12411;;;;2025-12-31;KREISE;;06632;;;;;;ALTX20;;ALT65UM;65 Jahre und älter;30538;Anzahl;BEVSTD;Bevölkerung
12411;;;;2025-12-31;KREISE;;06632;;;;;;ALTX20;;ALTU18;unter 18 Jahre;16,5;%;BEVANT;Anteil an der Bevölkerung, berechnet
12411;;;;2025-12-31;KREISE;;06632;;;;;;ALTX20;;ALT18B65;18 bis unter 65 Jahre;57,4;%;BEVANT;Anteil an der Bevölkerung, berechnet
12411;;;;2025-12-31;KREISE;;06632;;;;;;ALTX20;;ALT65UM;65 Jahre und älter;26,1;%;BEVANT;Anteil an der Bevölkerung, berechnet
12411;;;;2025-12-31;KREISE;;06633;Kassel, Landkreis;;;;;;;;;230063;Anzahl;BEVSTD;Bevölkerung
12411;;;;2025-12-31;KREISE;;06633;;;;;;ALTX20;;ALTU18;unter 18 Jahre;37580;Anzahl;BEVSTD;Bevölkerung
12411;;;;2025-12-31;KREISE;;06633;;;;;;ALTX20;;ALT18B65;18 bis unter 65 Jahre;131725;Anzahl;BEVSTD;Bevölkerung
12411;;;;2025-12-31;KREISE;;06633;;;;;;ALTX20;;ALT65UM;65 Jahre und älter;60758;Anzahl;BEVSTD;Bevölkerung
12411;;;;2025-12-31;KREISE;;06633;;;;;;ALTX20;;ALTU18;unter 18 Jahre;16,3;%;BEVANT;Anteil an der Bevölkerung, berechnet
12411;;;;2025-12-31;KREISE;;06633;;;;;;ALTX20;;ALT18B65;18 bis unter 65 Jahre;57,3;%;BEVANT;Anteil an der Bevölkerung, berechnet
12411;;;;2025-12-31;KREISE;;06633;;;;;;ALTX20;;ALT65UM;65 Jahre und älter;26,4;%;BEVANT;Anteil an der Bevölkerung, berechnet
12411;;;;2025-12-31;KREISE;;06634;Schwalm-Eder-Kreis;;;;;;;;;179411;Anzahl;BEVSTD;Bevölkerung
12411;;;;2025-12-31;KREISE;;06634;;;;;;ALTX20;;ALTU18;unter 18 Jahre;29039;Anzahl;BEVSTD;Bevölkerung
12411;;;;2025-12-31;KREISE;;06634;;;;;;ALTX20;;ALT18B65;18 bis unter 65 Jahre;105097;Anzahl;BEVSTD;Bevölkerung
12411;;;;2025-12-31;KREISE;;06634;;;;;;ALTX20;;ALT65UM;65 Jahre und älter;45275;Anzahl;BEVSTD;Bevölkerung
12411;;;;2025-12-31;KREISE;;06634;;;;;;ALTX20;;ALTU18;unter 18 Jahre;16,2;%;BEVANT;Anteil an der Bevölkerung, berechnet
12411;;;;2025-12-31;KREISE;;06634;;;;;;ALTX20;;ALT18B65;18 bis unter 65 Jahre;58,6;%;BEVANT;Anteil an der Bevölkerung, berechnet
12411;;;;2025-12-31;KREISE;;06634;;;;;;ALTX20;;ALT65UM;65 Jahre und älter;25,2;%;BEVANT;Anteil an der Bevölkerung, berechnet
12411;;;;2025-12-31;KREISE;;06635;Waldeck-Frankenberg, Landkreis;;;;;;;;;154437;Anzahl;BEVSTD;Bevölkerung
12411;;;;2025-12-31;KREISE;;06635;;;;;;ALTX20;;ALTU18;unter 18 Jahre;25356;Anzahl;BEVSTD;Bevölkerung
12411;;;;2025-12-31;KREISE;;06635;;;;;;ALTX20;;ALT18B65;18 bis unter 65 Jahre;90314;Anzahl;BEVSTD;Bevölkerung
12411;;;;2025-12-31;KREISE;;06635;;;;;;ALTX20;;ALT65UM;65 Jahre und älter;38767;Anzahl;BEVSTD;Bevölkerung
12411;;;;2025-12-31;KREISE;;06635;;;;;;ALTX20;;ALTU18;unter 18 Jahre;16,4;%;BEVANT;Anteil an der Bevölkerung, berechnet
12411;;;;2025-12-31;KREISE;;06635;;;;;;ALTX20;;ALT18B65;18 bis unter 65 Jahre;58,5;%;BEVANT;Anteil an der Bevölkerung, berechnet
12411;;;;2025-12-31;KREISE;;06635;;;;;;ALTX20;;ALT65UM;65 Jahre und älter;25,1;%;BEVANT;Anteil an der Bevölkerung, berechnet
12411;;;;2025-12-31;KREISE;;06636;Werra-Meißner-Kreis;;;;;;;;;97433;Anzahl;BEVSTD;Bevölkerung
12411;;;;2025-12-31;KREISE;;06636;;;;;;ALTX20;;ALTU18;unter 18 Jahre;14972;Anzahl;BEVSTD;Bevölkerung
12411;;;;2025-12-31;KREISE;;06636;;;;;;ALTX20;;ALT18B65;18 bis unter 65 Jahre;55839;Anzahl;BEVSTD;Bevölkerung
12411;;;;2025-12-31;KREISE;;06636;;;;;;ALTX20;;ALT65UM;65 Jahre und älter;26622;Anzahl;BEVSTD;Bevölkerung
12411;;;;2025-12-31;KREISE;;06636;;;;;;ALTX20;;ALTU18;unter 18 Jahre;15,4;%;BEVANT;Anteil an der Bevölkerung, berechnet
12411;;;;2025-12-31;KREISE;;06636;;;;;;ALTX20;;ALT18B65;18 bis unter 65 Jahre;57,3;%;BEVANT;Anteil an der Bevölkerung, berechnet
12411;;;;2025-12-31;KREISE;;06636;;;;;;ALTX20;;ALT65UM;65 Jahre und älter;27,3;%;BEVANT;Anteil an der Bevölkerung, berechnet
12411;;;;2025-12-31;KREISE;;07111;Koblenz, kreisfreie Stadt;;;;;;;;;113020;Anzahl;BEVSTD;Bevölkerung
12411;;;;2025-12-31;KREISE;;07111;;;;;;ALTX20;;ALTU18;unter 18 Jahre;16996;Anzahl;BEVSTD;Bevölkerung
12411;;;;2025-12-31;KREISE;;07111;;;;;;ALTX20;;ALT18B65;18 bis unter 65 Jahre;70805;Anzahl;BEVSTD;Bevölkerung
12411;;;;2025-12-31;KREISE;;07111;;;;;;ALTX20;;ALT65UM;65 Jahre und älter;25219;Anzahl;BEVSTD;Bevölkerung
12411;;;;2025-12-31;KREISE;;07111;;;;;;ALTX20;;ALTU18;unter 18 Jahre;15,0;%;BEVANT;Anteil an der Bevölkerung, berechnet
12411;;;;2025-12-31;KREISE;;07111;;;;;;ALTX20;;ALT18B65;18 bis unter 65 Jahre;62,6;%;BEVANT;Anteil an der Bevölkerung, berechnet
12411;;;;2025-12-31;KREISE;;07111;;;;;;ALTX20;;ALT65UM;65 Jahre und älter;22,3;%;BEVANT;Anteil an der Bevölkerung, berechnet
12411;;;;2025-12-31;KREISE;;07131;Ahrweiler, Landkreis;;;;;;;;;129763;Anzahl;BEVSTD;Bevölkerung
12411;;;;2025-12-31;KREISE;;07131;;;;;;ALTX20;;ALTU18;unter 18 Jahre;20698;Anzahl;BEVSTD;Bevölkerung
12411;;;;2025-12-31;KREISE;;07131;;;;;;ALTX20;;ALT18B65;18 bis unter 65 Jahre;74969;Anzahl;BEVSTD;Bevölkerung
12411;;;;2025-12-31;KREISE;;07131;;;;;;ALTX20;;ALT65UM;65 Jahre und älter;34096;Anzahl;BEVSTD;Bevölkerung
12411;;;;2025-12-31;KREISE;;07131;;;;;;ALTX20;;ALTU18;unter 18 Jahre;16,0;%;BEVANT;Anteil an der Bevölkerung, berechnet
12411;;;;2025-12-31;KREISE;;07131;;;;;;ALTX20;;ALT18B65;18 bis unter 65 Jahre;57,8;%;BEVANT;Anteil an der Bevölkerung, berechnet
12411;;;;2025-12-31;KREISE;;07131;;;;;;ALTX20;;ALT65UM;65 Jahre und älter;26,3;%;BEVANT;Anteil an der Bevölkerung, berechnet
12411;;;;2025-12-31;KREISE;;07132;Altenkirchen (Westerwald), Landkreis;;;;;;;;;132055;Anzahl;BEVSTD;Bevölkerung
12411;;;;2025-12-31;KREISE;;07132;;;;;;ALTX20;;ALTU18;unter 18 Jahre;23043;Anzahl;BEVSTD;Bevölkerung
12411;;;;2025-12-31;KREISE;;07132;;;;;;ALTX20;;ALT18B65;18 bis unter 65 Jahre;77180;Anzahl;BEVSTD;Bevölkerung
12411;;;;2025-12-31;KREISE;;07132;;;;;;ALTX20;;ALT65UM;65 Jahre und älter;31832;Anzahl;BEVSTD;Bevölkerung
12411;;;;2025-12-31;KREISE;;07132;;;;;;ALTX20;;ALTU18;unter 18 Jahre;17,4;%;BEVANT;Anteil an der Bevölkerung, berechnet
12411;;;;2025-12-31;KREISE;;07132;;;;;;ALTX20;;ALT18B65;18 bis unter 65 Jahre;58,4;%;BEVANT;Anteil an der Bevölkerung, berechnet
12411;;;;2025-12-31;KREISE;;07132;;;;;;ALTX20;;ALT65UM;65 Jahre und älter;24,1;%;BEVANT;Anteil an der Bevölkerung, berechnet
12411;;;;2025-12-31;KREISE;;07133;Bad Kreuznach, Landkreis;;;;;;;;;164822;Anzahl;BEVSTD;Bevölkerung
12411;;;;2025-12-31;KREISE;;07133;;;;;;ALTX20;;ALTU18;unter 18 Jahre;27420;Anzahl;BEVSTD;Bevölkerung
12411;;;;2025-12-31;KREISE;;07133;;;;;;ALTX20;;ALT18B65;18 bis unter 65 Jahre;95879;Anzahl;BEVSTD;Bevölkerung
12411;;;;2025-12-31;KREISE;;07133;;;;;;ALTX20;;ALT65UM;65 Jahre und älter;41523;Anzahl;BEVSTD;Bevölkerung
12411;;;;2025-12-31;KREISE;;07133;;;;;;ALTX20;;ALTU18;unter 18 Jahre;16,6;%;BEVANT;Anteil an der Bevölkerung, berechnet
12411;;;;2025-12-31;KREISE;;07133;;;;;;ALTX20;;ALT18B65;18 bis unter 65 Jahre;58,2;%;BEVANT;Anteil an der Bevölkerung, berechnet
12411;;;;2025-12-31;KREISE;;07133;;;;;;ALTX20;;ALT65UM;65 Jahre und älter;25,2;%;BEVANT;Anteil an der Bevölkerung, berechnet
12411;;;;2025-12-31;KREISE;;07134;Birkenfeld, Landkreis;;;;;;;;;82304;Anzahl;BEVSTD;Bevölkerung
12411;;;;2025-12-31;KREISE;;07134;;;;;;ALTX20;;ALTU18;unter 18 Jahre;13384;Anzahl;BEVSTD;Bevölkerung
12411;;;;2025-12-31;KREISE;;07134;;;;;;ALTX20;;ALT18B65;18 bis unter 65 Jahre;47428;Anzahl;BEVSTD;Bevölkerung
12411;;;;2025-12-31;KREISE;;07134;;;;;;ALTX20;;ALT65UM;65 Jahre und älter;21492;Anzahl;BEVSTD;Bevölkerung
12411;;;;2025-12-31;KREISE;;07134;;;;;;ALTX20;;ALTU18;unter 18 Jahre;16,3;%;BEVANT;Anteil an der Bevölkerung, berechnet
12411;;;;2025-12-31;KREISE;;07134;;;;;;ALTX20;;ALT18B65;18 bis unter 65 Jahre;57,6;%;BEVANT;Anteil an der Bevölkerung, berechnet
12411;;;;2025-12-31;KREISE;;07134;;;;;;ALTX20;;ALT65UM;65 Jahre und älter;26,1;%;BEVANT;Anteil an der Bevölkerung, berechnet
12411;;;;2025-12-31;KREISE;;07135;Cochem-Zell, Landkreis;;;;;;;;;61380;Anzahl;BEVSTD;Bevölkerung
12411;;;;2025-12-31;KREISE;;07135;;;;;;ALTX20;;ALTU18;unter 18 Jahre;9519;Anzahl;BEVSTD;Bevölkerung
12411;;;;2025-12-31;KREISE;;07135;;;;;;ALTX20;;ALT18B65;18 bis unter 65 Jahre;35545;Anzahl;BEVSTD;Bevölkerung
12411;;;;2025-12-31;KREISE;;07135;;;;;;ALTX20;;ALT65UM;65 Jahre und älter;16316;Anzahl;BEVSTD;Bevölkerung
12411;;;;2025-12-31;KREISE;;07135;;;;;;ALTX20;;ALTU18;unter 18 Jahre;15,5;%;BEVANT;Anteil an der Bevölkerung, berechnet
12411;;;;2025-12-31;KREISE;;07135;;;;;;ALTX20;;ALT18B65;18 bis unter 65 Jahre;57,9;%;BEVANT;Anteil an der Bevölkerung, berechnet
12411;;;;2025-12-31;KREISE;;07135;;;;;;ALTX20;;ALT65UM;65 Jahre und älter;26,6;%;BEVANT;Anteil an der Bevölkerung, berechnet
12411;;;;2025-12-31;KREISE;;07137;Mayen-Koblenz, Landkreis;;;;;;;;;216796;Anzahl;BEVSTD;Bevölkerung
12411;;;;2025-12-31;KREISE;;07137;;;;;;ALTX20;;ALTU18;unter 18 Jahre;36591;Anzahl;BEVSTD;Bevölkerung
12411;;;;2025-12-31;KREISE;;07137;;;;;;ALTX20;;ALT18B65;18 bis unter 65 Jahre;128014;Anzahl;BEVSTD;Bevölkerung
12411;;;;2025-12-31;KREISE;;07137;;;;;;ALTX20;;ALT65UM;65 Jahre und älter;52191;Anzahl;BEVSTD;Bevölkerung
12411;;;;2025-12-31;KREISE;;07137;;;;;;ALTX20;;ALTU18;unter 18 Jahre;16,9;%;BEVANT;Anteil an der Bevölkerung, berechnet
12411;;;;2025-12-31;KREISE;;07137;;;;;;ALTX20;;ALT18B65;18 bis unter 65 Jahre;59,0;%;BEVANT;Anteil an der Bevölkerung, berechnet
12411;;;;2025-12-31;KREISE;;07137;;;;;;ALTX20;;ALT65UM;65 Jahre und älter;24,1;%;BEVANT;Anteil an der Bevölkerung, berechnet
12411;;;;2025-12-31;KREISE;;07138;Neuwied, Landkreis;;;;;;;;;189146;Anzahl;BEVSTD;Bevölkerung
12411;;;;2025-12-31;KREISE;;07138;;;;;;ALTX20;;ALTU18;unter 18 Jahre;33193;Anzahl;BEVSTD;Bevölkerung
12411;;;;2025-12-31;KREISE;;07138;;;;;;ALTX20;;ALT18B65;18 bis unter 65 Jahre;110461;Anzahl;BEVSTD;Bevölkerung
12411;;;;2025-12-31;KREISE;;07138;;;;;;ALTX20;;ALT65UM;65 Jahre und älter;45492;Anzahl;BEVSTD;Bevölkerung
12411;;;;2025-12-31;KREISE;;07138;;;;;;ALTX20;;ALTU18;unter 18 Jahre;17,5;%;BEVANT;Anteil an der Bevölkerung, berechnet
12411;;;;2025-12-31;KREISE;;07138;;;;;;ALTX20;;ALT18B65;18 bis unter 65 Jahre;58,4;%;BEVANT;Anteil an der Bevölkerung, berechnet
12411;;;;2025-12-31;KREISE;;07138;;;;;;ALTX20;;ALT65UM;65 Jahre und älter;24,1;%;BEVANT;Anteil an der Bevölkerung, berechnet
12411;;;;2025-12-31;KREISE;;07140;Rhein-Hunsrück-Kreis;;;;;;;;;106726;Anzahl;BEVSTD;Bevölkerung
12411;;;;2025-12-31;KREISE;;07140;;;;;;ALTX20;;ALTU18;unter 18 Jahre;17795;Anzahl;BEVSTD;Bevölkerung
12411;;;;2025-12-31;KREISE;;07140;;;;;;ALTX20;;ALT18B65;18 bis unter 65 Jahre;62365;Anzahl;BEVSTD;Bevölkerung
12411;;;;2025-12-31;KREISE;;07140;;;;;;ALTX20;;ALT65UM;65 Jahre und älter;26566;Anzahl;BEVSTD;Bevölkerung
12411;;;;2025-12-31;KREISE;;07140;;;;;;ALTX20;;ALTU18;unter 18 Jahre;16,7;%;BEVANT;Anteil an der Bevölkerung, berechnet
12411;;;;2025-12-31;KREISE;;07140;;;;;;ALTX20;;ALT18B65;18 bis unter 65 Jahre;58,4;%;BEVANT;Anteil an der Bevölkerung, berechnet
12411;;;;2025-12-31;KREISE;;07140;;;;;;ALTX20;;ALT65UM;65 Jahre und älter;24,9;%;BEVANT;Anteil an der Bevölkerung, berechnet
12411;;;;2025-12-31;KREISE;;07141;Rhein-Lahn-Kreis;;;;;;;;;125160;Anzahl;BEVSTD;Bevölkerung
12411;;;;2025-12-31;KREISE;;07141;;;;;;ALTX20;;ALTU18;unter 18 Jahre;20660;Anzahl;BEVSTD;Bevölkerung
12411;;;;2025-12-31;KREISE;;07141;;;;;;ALTX20;;ALT18B65;18 bis unter 65 Jahre;72988;Anzahl;BEVSTD;Bevölkerung
12411;;;;2025-12-31;KREISE;;07141;;;;;;ALTX20;;ALT65UM;65 Jahre und älter;31512;Anzahl;BEVSTD;Bevölkerung
12411;;;;2025-12-31;KREISE;;07141;;;;;;ALTX20;;ALTU18;unter 18 Jahre;16,5;%;BEVANT;Anteil an der Bevölkerung, berechnet
12411;;;;2025-12-31;KREISE;;07141;;;;;;ALTX20;;ALT18B65;18 bis unter 65 Jahre;58,3;%;BEVANT;Anteil an der Bevölkerung, berechnet
12411;;;;2025-12-31;KREISE;;07141;;;;;;ALTX20;;ALT65UM;65 Jahre und älter;25,2;%;BEVANT;Anteil an der Bevölkerung, berechnet
12411;;;;2025-12-31;KREISE;;07143;Westerwaldkreis;;;;;;;;;207683;Anzahl;BEVSTD;Bevölkerung
12411;;;;2025-12-31;KREISE;;07143;;;;;;ALTX20;;ALTU18;unter 18 Jahre;35778;Anzahl;BEVSTD;Bevölkerung
12411;;;;2025-12-31;KREISE;;07143;;;;;;ALTX20;;ALT18B65;18 bis unter 65 Jahre;123513;Anzahl;BEVSTD;Bevölkerung
12411;;;;2025-12-31;KREISE;;07143;;;;;;ALTX20;;ALT65UM;65 Jahre und älter;48392;Anzahl;BEVSTD;Bevölkerung
12411;;;;2025-12-31;KREISE;;07143;;;;;;ALTX20;;ALTU18;unter 18 Jahre;17,2;%;BEVANT;Anteil an der Bevölkerung, berechnet
12411;;;;2025-12-31;KREISE;;07143;;;;;;ALTX20;;ALT18B65;18 bis unter 65 Jahre;59,5;%;BEVANT;Anteil an der Bevölkerung, berechnet
12411;;;;2025-12-31;KREISE;;07143;;;;;;ALTX20;;ALT65UM;65 Jahre und älter;23,3;%;BEVANT;Anteil an der Bevölkerung, berechnet
12411;;;;2025-12-31;KREISE;;07211;Trier, kreisfreie Stadt;;;;;;;;;105054;Anzahl;BEVSTD;Bevölkerung
12411;;;;2025-12-31;KREISE;;07211;;;;;;ALTX20;;ALTU18;unter 18 Jahre;15669;Anzahl;BEVSTD;Bevölkerung
12411;;;;2025-12-31;KREISE;;07211;;;;;;ALTX20;;ALT18B65;18 bis unter 65 Jahre;68640;Anzahl;BEVSTD;Bevölkerung
12411;;;;2025-12-31;KREISE;;07211;;;;;;ALTX20;;ALT65UM;65 Jahre und älter;20745;Anzahl;BEVSTD;Bevölkerung
12411;;;;2025-12-31;KREISE;;07211;;;;;;ALTX20;;ALTU18;unter 18 Jahre;14,9;%;BEVANT;Anteil an der Bevölkerung, berechnet
12411;;;;2025-12-31;KREISE;;07211;;;;;;ALTX20;;ALT18B65;18 bis unter 65 Jahre;65,3;%;BEVANT;Anteil an der Bevölkerung, berechnet
12411;;;;2025-12-31;KREISE;;07211;;;;;;ALTX20;;ALT65UM;65 Jahre und älter;19,7;%;BEVANT;Anteil an der Bevölkerung, berechnet
12411;;;;2025-12-31;KREISE;;07231;Bernkastel-Wittlich, Landkreis;;;;;;;;;112751;Anzahl;BEVSTD;Bevölkerung
12411;;;;2025-12-31;KREISE;;07231;;;;;;ALTX20;;ALTU18;unter 18 Jahre;18378;Anzahl;BEVSTD;Bevölkerung
12411;;;;2025-12-31;KREISE;;07231;;;;;;ALTX20;;ALT18B65;18 bis unter 65 Jahre;66007;Anzahl;BEVSTD;Bevölkerung
12411;;;;2025-12-31;KREISE;;07231;;;;;;ALTX20;;ALT65UM;65 Jahre und älter;28366;Anzahl;BEVSTD;Bevölkerung
12411;;;;2025-12-31;KREISE;;07231;;;;;;ALTX20;;ALTU18;unter 18 Jahre;16,3;%;BEVANT;Anteil an der Bevölkerung, berechnet
12411;;;;2025-12-31;KREISE;;07231;;;;;;ALTX20;;ALT18B65;18 bis unter 65 Jahre;58,5;%;BEVANT;Anteil an der Bevölkerung, berechnet
12411;;;;2025-12-31;KREISE;;07231;;;;;;ALTX20;;ALT65UM;65 Jahre und älter;25,2;%;BEVANT;Anteil an der Bevölkerung, berechnet
12411;;;;2025-12-31;KREISE;;07232;Eifelkreis Bitburg-Prüm;;;;;;;;;99589;Anzahl;BEVSTD;Bevölkerung
12411;;;;2025-12-31;KREISE;;07232;;;;;;ALTX20;;ALTU18;unter 18 Jahre;17159;Anzahl;BEVSTD;Bevölkerung
12411;;;;2025-12-31;KREISE;;07232;;;;;;ALTX20;;ALT18B65;18 bis unter 65 Jahre;59795;Anzahl;BEVSTD;Bevölkerung
12411;;;;2025-12-31;KREISE;;07232;;;;;;ALTX20;;ALT65UM;65 Jahre und älter;22635;Anzahl;BEVSTD;Bevölkerung
12411;;;;2025-12-31;KREISE;;07232;;;;;;ALTX20;;ALTU18;unter 18 Jahre;17,2;%;BEVANT;Anteil an der Bevölkerung, berechnet
12411;;;;2025-12-31;KREISE;;07232;;;;;;ALTX20;;ALT18B65;18 bis unter 65 Jahre;60,0;%;BEVANT;Anteil an der Bevölkerung, berechnet
12411;;;;2025-12-31;KREISE;;07232;;;;;;ALTX20;;ALT65UM;65 Jahre und älter;22,7;%;BEVANT;Anteil an der Bevölkerung, berechnet
12411;;;;2025-12-31;KREISE;;07233;Vulkaneifel, Landkreis;;;;;;;;;59160;Anzahl;BEVSTD;Bevölkerung
12411;;;;2025-12-31;KREISE;;07233;;;;;;ALTX20;;ALTU18;unter 18 Jahre;9159;Anzahl;BEVSTD;Bevölkerung
12411;;;;2025-12-31;KREISE;;07233;;;;;;ALTX20;;ALT18B65;18 bis unter 65 Jahre;34180;Anzahl;BEVSTD;Bevölkerung
12411;;;;2025-12-31;KREISE;;07233;;;;;;ALTX20;;ALT65UM;65 Jahre und älter;15821;Anzahl;BEVSTD;Bevölkerung
12411;;;;2025-12-31;KREISE;;07233;;;;;;ALTX20;;ALTU18;unter 18 Jahre;15,5;%;BEVANT;Anteil an der Bevölkerung, berechnet
12411;;;;2025-12-31;KREISE;;07233;;;;;;ALTX20;;ALT18B65;18 bis unter 65 Jahre;57,8;%;BEVANT;Anteil an der Bevölkerung, berechnet
12411;;;;2025-12-31;KREISE;;07233;;;;;;ALTX20;;ALT65UM;65 Jahre und älter;26,7;%;BEVANT;Anteil an der Bevölkerung, berechnet
12411;;;;2025-12-31;KREISE;;07235;Trier-Saarburg, Landkreis;;;;;;;;;148645;Anzahl;BEVSTD;Bevölkerung
12411;;;;2025-12-31;KREISE;;07235;;;;;;ALTX20;;ALTU18;unter 18 Jahre;25486;Anzahl;BEVSTD;Bevölkerung
12411;;;;2025-12-31;KREISE;;07235;;;;;;ALTX20;;ALT18B65;18 bis unter 65 Jahre;88782;Anzahl;BEVSTD;Bevölkerung
12411;;;;2025-12-31;KREISE;;07235;;;;;;ALTX20;;ALT65UM;65 Jahre und älter;34377;Anzahl;BEVSTD;Bevölkerung
12411;;;;2025-12-31;KREISE;;07235;;;;;;ALTX20;;ALTU18;unter 18 Jahre;17,1;%;BEVANT;Anteil an der Bevölkerung, berechnet
12411;;;;2025-12-31;KREISE;;07235;;;;;;ALTX20;;ALT18B65;18 bis unter 65 Jahre;59,7;%;BEVANT;Anteil an der Bevölkerung, berechnet
12411;;;;2025-12-31;KREISE;;07235;;;;;;ALTX20;;ALT65UM;65 Jahre und älter;23,1;%;BEVANT;Anteil an der Bevölkerung, berechnet
12411;;;;2025-12-31;KREISE;;07311;Frankenthal (Pfalz), kreisfreie Stadt;;;;;;;;;48134;Anzahl;BEVSTD;Bevölkerung
12411;;;;2025-12-31;KREISE;;07311;;;;;;ALTX20;;ALTU18;unter 18 Jahre;8463;Anzahl;BEVSTD;Bevölkerung
12411;;;;2025-12-31;KREISE;;07311;;;;;;ALTX20;;ALT18B65;18 bis unter 65 Jahre;28145;Anzahl;BEVSTD;Bevölkerung
12411;;;;2025-12-31;KREISE;;07311;;;;;;ALTX20;;ALT65UM;65 Jahre und älter;11526;Anzahl;BEVSTD;Bevölkerung
12411;;;;2025-12-31;KREISE;;07311;;;;;;ALTX20;;ALTU18;unter 18 Jahre;17,6;%;BEVANT;Anteil an der Bevölkerung, berechnet
12411;;;;2025-12-31;KREISE;;07311;;;;;;ALTX20;;ALT18B65;18 bis unter 65 Jahre;58,5;%;BEVANT;Anteil an der Bevölkerung, berechnet
12411;;;;2025-12-31;KREISE;;07311;;;;;;ALTX20;;ALT65UM;65 Jahre und älter;23,9;%;BEVANT;Anteil an der Bevölkerung, berechnet
12411;;;;2025-12-31;KREISE;;07312;Kaiserslautern, kreisfreie Stadt;;;;;;;;;100247;Anzahl;BEVSTD;Bevölkerung
12411;;;;2025-12-31;KREISE;;07312;;;;;;ALTX20;;ALTU18;unter 18 Jahre;15325;Anzahl;BEVSTD;Bevölkerung
12411;;;;2025-12-31;KREISE;;07312;;;;;;ALTX20;;ALT18B65;18 bis unter 65 Jahre;62949;Anzahl;BEVSTD;Bevölkerung
12411;;;;2025-12-31;KREISE;;07312;;;;;;ALTX20;;ALT65UM;65 Jahre und älter;21973;Anzahl;BEVSTD;Bevölkerung
12411;;;;2025-12-31;KREISE;;07312;;;;;;ALTX20;;ALTU18;unter 18 Jahre;15,3;%;BEVANT;Anteil an der Bevölkerung, berechnet
12411;;;;2025-12-31;KREISE;;07312;;;;;;ALTX20;;ALT18B65;18 bis unter 65 Jahre;62,8;%;BEVANT;Anteil an der Bevölkerung, berechnet
12411;;;;2025-12-31;KREISE;;07312;;;;;;ALTX20;;ALT65UM;65 Jahre und älter;21,9;%;BEVANT;Anteil an der Bevölkerung, berechnet
12411;;;;2025-12-31;KREISE;;07313;Landau in der Pfalz, kreisfreie Stadt;;;;;;;;;48280;Anzahl;BEVSTD;Bevölkerung
12411;;;;2025-12-31;KREISE;;07313;;;;;;ALTX20;;ALTU18;unter 18 Jahre;7667;Anzahl;BEVSTD;Bevölkerung
12411;;;;2025-12-31;KREISE;;07313;;;;;;ALTX20;;ALT18B65;18 bis unter 65 Jahre;30380;Anzahl;BEVSTD;Bevölkerung
12411;;;;2025-12-31;KREISE;;07313;;;;;;ALTX20;;ALT65UM;65 Jahre und älter;10233;Anzahl;BEVSTD;Bevölkerung
12411;;;;2025-12-31;KREISE;;07313;;;;;;ALTX20;;ALTU18;unter 18 Jahre;15,9;%;BEVANT;Anteil an der Bevölkerung, berechnet
12411;;;;2025-12-31;KREISE;;07313;;;;;;ALTX20;;ALT18B65;18 bis unter 65 Jahre;62,9;%;BEVANT;Anteil an der Bevölkerung, berechnet
12411;;;;2025-12-31;KREISE;;07313;;;;;;ALTX20;;ALT65UM;65 Jahre und älter;21,2;%;BEVANT;Anteil an der Bevölkerung, berechnet
12411;;;;2025-12-31;KREISE;;07314;Ludwigshafen am Rhein, kreisfreie Stadt;;;;;;;;;177355;Anzahl;BEVSTD;Bevölkerung
12411;;;;2025-12-31;KREISE;;07314;;;;;;ALTX20;;ALTU18;unter 18 Jahre;32977;Anzahl;BEVSTD;Bevölkerung
12411;;;;2025-12-31;KREISE;;07314;;;;;;ALTX20;;ALT18B65;18 bis unter 65 Jahre;110407;Anzahl;BEVSTD;Bevölkerung
12411;;;;2025-12-31;KREISE;;07314;;;;;;ALTX20;;ALT65UM;65 Jahre und älter;33971;Anzahl;BEVSTD;Bevölkerung
12411;;;;2025-12-31;KREISE;;07314;;;;;;ALTX20;;ALTU18;unter 18 Jahre;18,6;%;BEVANT;Anteil an der Bevölkerung, berechnet
12411;;;;2025-12-31;KREISE;;07314;;;;;;ALTX20;;ALT18B65;18 bis unter 65 Jahre;62,3;%;BEVANT;Anteil an der Bevölkerung, berechnet
12411;;;;2025-12-31;KREISE;;07314;;;;;;ALTX20;;ALT65UM;65 Jahre und älter;19,2;%;BEVANT;Anteil an der Bevölkerung, berechnet
12411;;;;2025-12-31;KREISE;;07315;Mainz, kreisfreie Stadt;;;;;;;;;223888;Anzahl;BEVSTD;Bevölkerung
12411;;;;2025-12-31;KREISE;;07315;;;;;;ALTX20;;ALTU18;unter 18 Jahre;33304;Anzahl;BEVSTD;Bevölkerung
12411;;;;2025-12-31;KREISE;;07315;;;;;;ALTX20;;ALT18B65;18 bis unter 65 Jahre;149634;Anzahl;BEVSTD;Bevölkerung
12411;;;;2025-12-31;KREISE;;07315;;;;;;ALTX20;;ALT65UM;65 Jahre und älter;40950;Anzahl;BEVSTD;Bevölkerung
12411;;;;2025-12-31;KREISE;;07315;;;;;;ALTX20;;ALTU18;unter 18 Jahre;14,9;%;BEVANT;Anteil an der Bevölkerung, berechnet
12411;;;;2025-12-31;KREISE;;07315;;;;;;ALTX20;;ALT18B65;18 bis unter 65 Jahre;66,8;%;BEVANT;Anteil an der Bevölkerung, berechnet
12411;;;;2025-12-31;KREISE;;07315;;;;;;ALTX20;;ALT65UM;65 Jahre und älter;18,3;%;BEVANT;Anteil an der Bevölkerung, berechnet
12411;;;;2025-12-31;KREISE;;07316;Neustadt an der Weinstraße, kreisfreie Stadt;;;;;;;;;52882;Anzahl;BEVSTD;Bevölkerung
12411;;;;2025-12-31;KREISE;;07316;;;;;;ALTX20;;ALTU18;unter 18 Jahre;8827;Anzahl;BEVSTD;Bevölkerung
12411;;;;2025-12-31;KREISE;;07316;;;;;;ALTX20;;ALT18B65;18 bis unter 65 Jahre;30100;Anzahl;BEVSTD;Bevölkerung
12411;;;;2025-12-31;KREISE;;07316;;;;;;ALTX20;;ALT65UM;65 Jahre und älter;13955;Anzahl;BEVSTD;Bevölkerung
12411;;;;2025-12-31;KREISE;;07316;;;;;;ALTX20;;ALTU18;unter 18 Jahre;16,7;%;BEVANT;Anteil an der Bevölkerung, berechnet
12411;;;;2025-12-31;KREISE;;07316;;;;;;ALTX20;;ALT18B65;18 bis unter 65 Jahre;56,9;%;BEVANT;Anteil an der Bevölkerung, berechnet
12411;;;;2025-12-31;KREISE;;07316;;;;;;ALTX20;;ALT65UM;65 Jahre und älter;26,4;%;BEVANT;Anteil an der Bevölkerung, berechnet
12411;;;;2025-12-31;KREISE;;07317;Pirmasens, kreisfreie Stadt;;;;;;;;;39389;Anzahl;BEVSTD;Bevölkerung
12411;;;;2025-12-31;KREISE;;07317;;;;;;ALTX20;;ALTU18;unter 18 Jahre;6391;Anzahl;BEVSTD;Bevölkerung
12411;;;;2025-12-31;KREISE;;07317;;;;;;ALTX20;;ALT18B65;18 bis unter 65 Jahre;22809;Anzahl;BEVSTD;Bevölkerung
12411;;;;2025-12-31;KREISE;;07317;;;;;;ALTX20;;ALT65UM;65 Jahre und älter;10189;Anzahl;BEVSTD;Bevölkerung
12411;;;;2025-12-31;KREISE;;07317;;;;;;ALTX20;;ALTU18;unter 18 Jahre;16,2;%;BEVANT;Anteil an der Bevölkerung, berechnet
12411;;;;2025-12-31;KREISE;;07317;;;;;;ALTX20;;ALT18B65;18 bis unter 65 Jahre;57,9;%;BEVANT;Anteil an der Bevölkerung, berechnet
12411;;;;2025-12-31;KREISE;;07317;;;;;;ALTX20;;ALT65UM;65 Jahre und älter;25,9;%;BEVANT;Anteil an der Bevölkerung, berechnet
12411;;;;2025-12-31;KREISE;;07318;Speyer, kreisfreie Stadt;;;;;;;;;49035;Anzahl;BEVSTD;Bevölkerung
12411;;;;2025-12-31;KREISE;;07318;;;;;;ALTX20;;ALTU18;unter 18 Jahre;7753;Anzahl;BEVSTD;Bevölkerung
12411;;;;2025-12-31;KREISE;;07318;;;;;;ALTX20;;ALT18B65;18 bis unter 65 Jahre;28829;Anzahl;BEVSTD;Bevölkerung
12411;;;;2025-12-31;KREISE;;07318;;;;;;ALTX20;;ALT65UM;65 Jahre und älter;12453;Anzahl;BEVSTD;Bevölkerung
12411;;;;2025-12-31;KREISE;;07318;;;;;;ALTX20;;ALTU18;unter 18 Jahre;15,8;%;BEVANT;Anteil an der Bevölkerung, berechnet
12411;;;;2025-12-31;KREISE;;07318;;;;;;ALTX20;;ALT18B65;18 bis unter 65 Jahre;58,8;%;BEVANT;Anteil an der Bevölkerung, berechnet
12411;;;;2025-12-31;KREISE;;07318;;;;;;ALTX20;;ALT65UM;65 Jahre und älter;25,4;%;BEVANT;Anteil an der Bevölkerung, berechnet
12411;;;;2025-12-31;KREISE;;07319;Worms, kreisfreie Stadt;;;;;;;;;86921;Anzahl;BEVSTD;Bevölkerung
12411;;;;2025-12-31;KREISE;;07319;;;;;;ALTX20;;ALTU18;unter 18 Jahre;15367;Anzahl;BEVSTD;Bevölkerung
12411;;;;2025-12-31;KREISE;;07319;;;;;;ALTX20;;ALT18B65;18 bis unter 65 Jahre;53141;Anzahl;BEVSTD;Bevölkerung
12411;;;;2025-12-31;KREISE;;07319;;;;;;ALTX20;;ALT65UM;65 Jahre und älter;18413;Anzahl;BEVSTD;Bevölkerung
12411;;;;2025-12-31;KREISE;;07319;;;;;;ALTX20;;ALTU18;unter 18 Jahre;17,7;%;BEVANT;Anteil an der Bevölkerung, berechnet
12411;;;;2025-12-31;KREISE;;07319;;;;;;ALTX20;;ALT18B65;18 bis unter 65 Jahre;61,1;%;BEVANT;Anteil an der Bevölkerung, berechnet
12411;;;;2025-12-31;KREISE;;07319;;;;;;ALTX20;;ALT65UM;65 Jahre und älter;21,2;%;BEVANT;Anteil an der Bevölkerung, berechnet
12411;;;;2025-12-31;KREISE;;07320;Zweibrücken, kreisfreie Stadt;;;;;;;;;33178;Anzahl;BEVSTD;Bevölkerung
12411;;;;2025-12-31;KREISE;;07320;;;;;;ALTX20;;ALTU18;unter 18 Jahre;5443;Anzahl;BEVSTD;Bevölkerung
12411;;;;2025-12-31;KREISE;;07320;;;;;;ALTX20;;ALT18B65;18 bis unter 65 Jahre;19317;Anzahl;BEVSTD;Bevölkerung
12411;;;;2025-12-31;KREISE;;07320;;;;;;ALTX20;;ALT65UM;65 Jahre und älter;8418;Anzahl;BEVSTD;Bevölkerung
12411;;;;2025-12-31;KREISE;;07320;;;;;;ALTX20;;ALTU18;unter 18 Jahre;16,4;%;BEVANT;Anteil an der Bevölkerung, berechnet
12411;;;;2025-12-31;KREISE;;07320;;;;;;ALTX20;;ALT18B65;18 bis unter 65 Jahre;58,2;%;BEVANT;Anteil an der Bevölkerung, berechnet
12411;;;;2025-12-31;KREISE;;07320;;;;;;ALTX20;;ALT65UM;65 Jahre und älter;25,4;%;BEVANT;Anteil an der Bevölkerung, berechnet
12411;;;;2025-12-31;KREISE;;07331;Alzey-Worms, Landkreis;;;;;;;;;131076;Anzahl;BEVSTD;Bevölkerung
12411;;;;2025-12-31;KREISE;;07331;;;;;;ALTX20;;ALTU18;unter 18 Jahre;23391;Anzahl;BEVSTD;Bevölkerung
12411;;;;2025-12-31;KREISE;;07331;;;;;;ALTX20;;ALT18B65;18 bis unter 65 Jahre;77067;Anzahl;BEVSTD;Bevölkerung
12411;;;;2025-12-31;KREISE;;07331;;;;;;ALTX20;;ALT65UM;65 Jahre und älter;30618;Anzahl;BEVSTD;Bevölkerung
12411;;;;2025-12-31;KREISE;;07331;;;;;;ALTX20;;ALTU18;unter 18 Jahre;17,8;%;BEVANT;Anteil an der Bevölkerung, berechnet
12411;;;;2025-12-31;KREISE;;07331;;;;;;ALTX20;;ALT18B65;18 bis unter 65 Jahre;58,8;%;BEVANT;Anteil an der Bevölkerung, berechnet
12411;;;;2025-12-31;KREISE;;07331;;;;;;ALTX20;;ALT65UM;65 Jahre und älter;23,4;%;BEVANT;Anteil an der Bevölkerung, berechnet
12411;;;;2025-12-31;KREISE;;07332;Bad Dürkheim, Landkreis;;;;;;;;;133863;Anzahl;BEVSTD;Bevölkerung
12411;;;;2025-12-31;KREISE;;07332;;;;;;ALTX20;;ALTU18;unter 18 Jahre;21457;Anzahl;BEVSTD;Bevölkerung
12411;;;;2025-12-31;KREISE;;07332;;;;;;ALTX20;;ALT18B65;18 bis unter 65 Jahre;76512;Anzahl;BEVSTD;Bevölkerung
12411;;;;2025-12-31;KREISE;;07332;;;;;;ALTX20;;ALT65UM;65 Jahre und älter;35894;Anzahl;BEVSTD;Bevölkerung
12411;;;;2025-12-31;KREISE;;07332;;;;;;ALTX20;;ALTU18;unter 18 Jahre;16,0;%;BEVANT;Anteil an der Bevölkerung, berechnet
12411;;;;2025-12-31;KREISE;;07332;;;;;;ALTX20;;ALT18B65;18 bis unter 65 Jahre;57,2;%;BEVANT;Anteil an der Bevölkerung, berechnet
12411;;;;2025-12-31;KREISE;;07332;;;;;;ALTX20;;ALT65UM;65 Jahre und älter;26,8;%;BEVANT;Anteil an der Bevölkerung, berechnet
12411;;;;2025-12-31;KREISE;;07333;Donnersbergkreis;;;;;;;;;74588;Anzahl;BEVSTD;Bevölkerung
12411;;;;2025-12-31;KREISE;;07333;;;;;;ALTX20;;ALTU18;unter 18 Jahre;12525;Anzahl;BEVSTD;Bevölkerung
12411;;;;2025-12-31;KREISE;;07333;;;;;;ALTX20;;ALT18B65;18 bis unter 65 Jahre;43344;Anzahl;BEVSTD;Bevölkerung
12411;;;;2025-12-31;KREISE;;07333;;;;;;ALTX20;;ALT65UM;65 Jahre und älter;18719;Anzahl;BEVSTD;Bevölkerung
12411;;;;2025-12-31;KREISE;;07333;;;;;;ALTX20;;ALTU18;unter 18 Jahre;16,8;%;BEVANT;Anteil an der Bevölkerung, berechnet
12411;;;;2025-12-31;KREISE;;07333;;;;;;ALTX20;;ALT18B65;18 bis unter 65 Jahre;58,1;%;BEVANT;Anteil an der Bevölkerung, berechnet
12411;;;;2025-12-31;KREISE;;07333;;;;;;ALTX20;;ALT65UM;65 Jahre und älter;25,1;%;BEVANT;Anteil an der Bevölkerung, berechnet
12411;;;;2025-12-31;KREISE;;07334;Germersheim, Landkreis;;;;;;;;;130765;Anzahl;BEVSTD;Bevölkerung
12411;;;;2025-12-31;KREISE;;07334;;;;;;ALTX20;;ALTU18;unter 18 Jahre;22862;Anzahl;BEVSTD;Bevölkerung
12411;;;;2025-12-31;KREISE;;07334;;;;;;ALTX20;;ALT18B65;18 bis unter 65 Jahre;78268;Anzahl;BEVSTD;Bevölkerung
12411;;;;2025-12-31;KREISE;;07334;;;;;;ALTX20;;ALT65UM;65 Jahre und älter;29635;Anzahl;BEVSTD;Bevölkerung
12411;;;;2025-12-31;KREISE;;07334;;;;;;ALTX20;;ALTU18;unter 18 Jahre;17,5;%;BEVANT;Anteil an der Bevölkerung, berechnet
12411;;;;2025-12-31;KREISE;;07334;;;;;;ALTX20;;ALT18B65;18 bis unter 65 Jahre;59,9;%;BEVANT;Anteil an der Bevölkerung, berechnet
12411;;;;2025-12-31;KREISE;;07334;;;;;;ALTX20;;ALT65UM;65 Jahre und älter;22,7;%;BEVANT;Anteil an der Bevölkerung, berechnet
12411;;;;2025-12-31;KREISE;;07335;Kaiserslautern, Landkreis;;;;;;;;;106317;Anzahl;BEVSTD;Bevölkerung
12411;;;;2025-12-31;KREISE;;07335;;;;;;ALTX20;;ALTU18;unter 18 Jahre;19710;Anzahl;BEVSTD;Bevölkerung
12411;;;;2025-12-31;KREISE;;07335;;;;;;ALTX20;;ALT18B65;18 bis unter 65 Jahre;60631;Anzahl;BEVSTD;Bevölkerung
12411;;;;2025-12-31;KREISE;;07335;;;;;;ALTX20;;ALT65UM;65 Jahre und älter;25976;Anzahl;BEVSTD;Bevölkerung
12411;;;;2025-12-31;KREISE;;07335;;;;;;ALTX20;;ALTU18;unter 18 Jahre;18,5;%;BEVANT;Anteil an der Bevölkerung, berechnet
12411;;;;2025-12-31;KREISE;;07335;;;;;;ALTX20;;ALT18B65;18 bis unter 65 Jahre;57,0;%;BEVANT;Anteil an der Bevölkerung, berechnet
12411;;;;2025-12-31;KREISE;;07335;;;;;;ALTX20;;ALT65UM;65 Jahre und älter;24,4;%;BEVANT;Anteil an der Bevölkerung, berechnet
12411;;;;2025-12-31;KREISE;;07336;Kusel, Landkreis;;;;;;;;;68738;Anzahl;BEVSTD;Bevölkerung
12411;;;;2025-12-31;KREISE;;07336;;;;;;ALTX20;;ALTU18;unter 18 Jahre;11144;Anzahl;BEVSTD;Bevölkerung
12411;;;;2025-12-31;KREISE;;07336;;;;;;ALTX20;;ALT18B65;18 bis unter 65 Jahre;39098;Anzahl;BEVSTD;Bevölkerung
12411;;;;2025-12-31;KREISE;;07336;;;;;;ALTX20;;ALT65UM;65 Jahre und älter;18496;Anzahl;BEVSTD;Bevölkerung
12411;;;;2025-12-31;KREISE;;07336;;;;;;ALTX20;;ALTU18;unter 18 Jahre;16,2;%;BEVANT;Anteil an der Bevölkerung, berechnet
12411;;;;2025-12-31;KREISE;;07336;;;;;;ALTX20;;ALT18B65;18 bis unter 65 Jahre;56,9;%;BEVANT;Anteil an der Bevölkerung, berechnet
12411;;;;2025-12-31;KREISE;;07336;;;;;;ALTX20;;ALT65UM;65 Jahre und älter;26,9;%;BEVANT;Anteil an der Bevölkerung, berechnet
12411;;;;2025-12-31;KREISE;;07337;Südliche Weinstraße, Landkreis;;;;;;;;;112597;Anzahl;BEVSTD;Bevölkerung
12411;;;;2025-12-31;KREISE;;07337;;;;;;ALTX20;;ALTU18;unter 18 Jahre;18348;Anzahl;BEVSTD;Bevölkerung
12411;;;;2025-12-31;KREISE;;07337;;;;;;ALTX20;;ALT18B65;18 bis unter 65 Jahre;65130;Anzahl;BEVSTD;Bevölkerung
12411;;;;2025-12-31;KREISE;;07337;;;;;;ALTX20;;ALT65UM;65 Jahre und älter;29119;Anzahl;BEVSTD;Bevölkerung
12411;;;;2025-12-31;KREISE;;07337;;;;;;ALTX20;;ALTU18;unter 18 Jahre;16,3;%;BEVANT;Anteil an der Bevölkerung, berechnet
12411;;;;2025-12-31;KREISE;;07337;;;;;;ALTX20;;ALT18B65;18 bis unter 65 Jahre;57,8;%;BEVANT;Anteil an der Bevölkerung, berechnet
12411;;;;2025-12-31;KREISE;;07337;;;;;;ALTX20;;ALT65UM;65 Jahre und älter;25,9;%;BEVANT;Anteil an der Bevölkerung, berechnet
12411;;;;2025-12-31;KREISE;;07338;Rhein-Pfalz-Kreis;;;;;;;;;155710;Anzahl;BEVSTD;Bevölkerung
12411;;;;2025-12-31;KREISE;;07338;;;;;;ALTX20;;ALTU18;unter 18 Jahre;27651;Anzahl;BEVSTD;Bevölkerung
12411;;;;2025-12-31;KREISE;;07338;;;;;;ALTX20;;ALT18B65;18 bis unter 65 Jahre;89394;Anzahl;BEVSTD;Bevölkerung
12411;;;;2025-12-31;KREISE;;07338;;;;;;ALTX20;;ALT65UM;65 Jahre und älter;38665;Anzahl;BEVSTD;Bevölkerung
12411;;;;2025-12-31;KREISE;;07338;;;;;;ALTX20;;ALTU18;unter 18 Jahre;17,8;%;BEVANT;Anteil an der Bevölkerung, berechnet
12411;;;;2025-12-31;KREISE;;07338;;;;;;ALTX20;;ALT18B65;18 bis unter 65 Jahre;57,4;%;BEVANT;Anteil an der Bevölkerung, berechnet
12411;;;;2025-12-31;KREISE;;07338;;;;;;ALTX20;;ALT65UM;65 Jahre und älter;24,8;%;BEVANT;Anteil an der Bevölkerung, berechnet
12411;;;;2025-12-31;KREISE;;07339;Mainz-Bingen, Landkreis;;;;;;;;;206603;Anzahl;BEVSTD;Bevölkerung
12411;;;;2025-12-31;KREISE;;07339;;;;;;ALTX20;;ALTU18;unter 18 Jahre;36295;Anzahl;BEVSTD;Bevölkerung
12411;;;;2025-12-31;KREISE;;07339;;;;;;ALTX20;;ALT18B65;18 bis unter 65 Jahre;121628;Anzahl;BEVSTD;Bevölkerung
12411;;;;2025-12-31;KREISE;;07339;;;;;;ALTX20;;ALT65UM;65 Jahre und älter;48680;Anzahl;BEVSTD;Bevölkerung
12411;;;;2025-12-31;KREISE;;07339;;;;;;ALTX20;;ALTU18;unter 18 Jahre;17,6;%;BEVANT;Anteil an der Bevölkerung, berechnet
12411;;;;2025-12-31;KREISE;;07339;;;;;;ALTX20;;ALT18B65;18 bis unter 65 Jahre;58,9;%;BEVANT;Anteil an der Bevölkerung, berechnet
12411;;;;2025-12-31;KREISE;;07339;;;;;;ALTX20;;ALT65UM;65 Jahre und älter;23,6;%;BEVANT;Anteil an der Bevölkerung, berechnet
12411;;;;2025-12-31;KREISE;;07340;Südwestpfalz, Landkreis;;;;;;;;;89402;Anzahl;BEVSTD;Bevölkerung
12411;;;;2025-12-31;KREISE;;07340;;;;;;ALTX20;;ALTU18;unter 18 Jahre;13655;Anzahl;BEVSTD;Bevölkerung
12411;;;;2025-12-31;KREISE;;07340;;;;;;ALTX20;;ALT18B65;18 bis unter 65 Jahre;50400;Anzahl;BEVSTD;Bevölkerung
12411;;;;2025-12-31;KREISE;;07340;;;;;;ALTX20;;ALT65UM;65 Jahre und älter;25347;Anzahl;BEVSTD;Bevölkerung
12411;;;;2025-12-31;KREISE;;07340;;;;;;ALTX20;;ALTU18;unter 18 Jahre;15,3;%;BEVANT;Anteil an der Bevölkerung, berechnet
12411;;;;2025-12-31;KREISE;;07340;;;;;;ALTX20;;ALT18B65;18 bis unter 65 Jahre;56,4;%;BEVANT;Anteil an der Bevölkerung, berechnet
12411;;;;2025-12-31;KREISE;;07340;;;;;;ALTX20;;ALT65UM;65 Jahre und älter;28,4;%;BEVANT;Anteil an der Bevölkerung, berechnet
12411;;;;2025-12-31;KREISE;;08111;Stuttgart, Stadtkreis;;;;;;;;;609365;Anzahl;BEVSTD;Bevölkerung
12411;;;;2025-12-31;KREISE;;08111;;;;;;ALTX20;;ALTU18;unter 18 Jahre;94948;Anzahl;BEVSTD;Bevölkerung
12411;;;;2025-12-31;KREISE;;08111;;;;;;ALTX20;;ALT18B65;18 bis unter 65 Jahre;400260;Anzahl;BEVSTD;Bevölkerung
12411;;;;2025-12-31;KREISE;;08111;;;;;;ALTX20;;ALT65UM;65 Jahre und älter;114157;Anzahl;BEVSTD;Bevölkerung
12411;;;;2025-12-31;KREISE;;08111;;;;;;ALTX20;;ALTU18;unter 18 Jahre;15,6;%;BEVANT;Anteil an der Bevölkerung, berechnet
12411;;;;2025-12-31;KREISE;;08111;;;;;;ALTX20;;ALT18B65;18 bis unter 65 Jahre;65,7;%;BEVANT;Anteil an der Bevölkerung, berechnet
12411;;;;2025-12-31;KREISE;;08111;;;;;;ALTX20;;ALT65UM;65 Jahre und älter;18,7;%;BEVANT;Anteil an der Bevölkerung, berechnet
12411;;;;2025-12-31;KREISE;;08115;Böblingen, Landkreis;;;;;;;;;394729;Anzahl;BEVSTD;Bevölkerung
12411;;;;2025-12-31;KREISE;;08115;;;;;;ALTX20;;ALTU18;unter 18 Jahre;72614;Anzahl;BEVSTD;Bevölkerung
12411;;;;2025-12-31;KREISE;;08115;;;;;;ALTX20;;ALT18B65;18 bis unter 65 Jahre;237829;Anzahl;BEVSTD;Bevölkerung
12411;;;;2025-12-31;KREISE;;08115;;;;;;ALTX20;;ALT65UM;65 Jahre und älter;84286;Anzahl;BEVSTD;Bevölkerung
12411;;;;2025-12-31;KREISE;;08115;;;;;;ALTX20;;ALTU18;unter 18 Jahre;18,4;%;BEVANT;Anteil an der Bevölkerung, berechnet
12411;;;;2025-12-31;KREISE;;08115;;;;;;ALTX20;;ALT18B65;18 bis unter 65 Jahre;60,3;%;BEVANT;Anteil an der Bevölkerung, berechnet
12411;;;;2025-12-31;KREISE;;08115;;;;;;ALTX20;;ALT65UM;65 Jahre und älter;21,4;%;BEVANT;Anteil an der Bevölkerung, berechnet
12411;;;;2025-12-31;KREISE;;08116;Esslingen, Landkreis;;;;;;;;;536328;Anzahl;BEVSTD;Bevölkerung
12411;;;;2025-12-31;KREISE;;08116;;;;;;ALTX20;;ALTU18;unter 18 Jahre;92374;Anzahl;BEVSTD;Bevölkerung
12411;;;;2025-12-31;KREISE;;08116;;;;;;ALTX20;;ALT18B65;18 bis unter 65 Jahre;326856;Anzahl;BEVSTD;Bevölkerung
12411;;;;2025-12-31;KREISE;;08116;;;;;;ALTX20;;ALT65UM;65 Jahre und älter;117098;Anzahl;BEVSTD;Bevölkerung
12411;;;;2025-12-31;KREISE;;08116;;;;;;ALTX20;;ALTU18;unter 18 Jahre;17,2;%;BEVANT;Anteil an der Bevölkerung, berechnet
12411;;;;2025-12-31;KREISE;;08116;;;;;;ALTX20;;ALT18B65;18 bis unter 65 Jahre;60,9;%;BEVANT;Anteil an der Bevölkerung, berechnet
12411;;;;2025-12-31;KREISE;;08116;;;;;;ALTX20;;ALT65UM;65 Jahre und älter;21,8;%;BEVANT;Anteil an der Bevölkerung, berechnet
12411;;;;2025-12-31;KREISE;;08117;Göppingen, Landkreis;;;;;;;;;258048;Anzahl;BEVSTD;Bevölkerung
12411;;;;2025-12-31;KREISE;;08117;;;;;;ALTX20;;ALTU18;unter 18 Jahre;45444;Anzahl;BEVSTD;Bevölkerung
12411;;;;2025-12-31;KREISE;;08117;;;;;;ALTX20;;ALT18B65;18 bis unter 65 Jahre;152668;Anzahl;BEVSTD;Bevölkerung
12411;;;;2025-12-31;KREISE;;08117;;;;;;ALTX20;;ALT65UM;65 Jahre und älter;59936;Anzahl;BEVSTD;Bevölkerung
12411;;;;2025-12-31;KREISE;;08117;;;;;;ALTX20;;ALTU18;unter 18 Jahre;17,6;%;BEVANT;Anteil an der Bevölkerung, berechnet
12411;;;;2025-12-31;KREISE;;08117;;;;;;ALTX20;;ALT18B65;18 bis unter 65 Jahre;59,2;%;BEVANT;Anteil an der Bevölkerung, berechnet
12411;;;;2025-12-31;KREISE;;08117;;;;;;ALTX20;;ALT65UM;65 Jahre und älter;23,2;%;BEVANT;Anteil an der Bevölkerung, berechnet
12411;;;;2025-12-31;KREISE;;08118;Ludwigsburg, Landkreis;;;;;;;;;534454;Anzahl;BEVSTD;Bevölkerung
12411;;;;2025-12-31;KREISE;;08118;;;;;;ALTX20;;ALTU18;unter 18 Jahre;96375;Anzahl;BEVSTD;Bevölkerung
12411;;;;2025-12-31;KREISE;;08118;;;;;;ALTX20;;ALT18B65;18 bis unter 65 Jahre;323722;Anzahl;BEVSTD;Bevölkerung
12411;;;;2025-12-31;KREISE;;08118;;;;;;ALTX20;;ALT65UM;65 Jahre und älter;114357;Anzahl;BEVSTD;Bevölkerung
12411;;;;2025-12-31;KREISE;;08118;;;;;;ALTX20;;ALTU18;unter 18 Jahre;18,0;%;BEVANT;Anteil an der Bevölkerung, berechnet
12411;;;;2025-12-31;KREISE;;08118;;;;;;ALTX20;;ALT18B65;18 bis unter 65 Jahre;60,6;%;BEVANT;Anteil an der Bevölkerung, berechnet
12411;;;;2025-12-31;KREISE;;08118;;;;;;ALTX20;;ALT65UM;65 Jahre und älter;21,4;%;BEVANT;Anteil an der Bevölkerung, berechnet
12411;;;;2025-12-31;KREISE;;08119;Rems-Murr-Kreis, Landkreis;;;;;;;;;438873;Anzahl;BEVSTD;Bevölkerung
12411;;;;2025-12-31;KREISE;;08119;;;;;;ALTX20;;ALTU18;unter 18 Jahre;76328;Anzahl;BEVSTD;Bevölkerung
12411;;;;2025-12-31;KREISE;;08119;;;;;;ALTX20;;ALT18B65;18 bis unter 65 Jahre;263212;Anzahl;BEVSTD;Bevölkerung
12411;;;;2025-12-31;KREISE;;08119;;;;;;ALTX20;;ALT65UM;65 Jahre und älter;99333;Anzahl;BEVSTD;Bevölkerung
12411;;;;2025-12-31;KREISE;;08119;;;;;;ALTX20;;ALTU18;unter 18 Jahre;17,4;%;BEVANT;Anteil an der Bevölkerung, berechnet
12411;;;;2025-12-31;KREISE;;08119;;;;;;ALTX20;;ALT18B65;18 bis unter 65 Jahre;60,0;%;BEVANT;Anteil an der Bevölkerung, berechnet
12411;;;;2025-12-31;KREISE;;08119;;;;;;ALTX20;;ALT65UM;65 Jahre und älter;22,6;%;BEVANT;Anteil an der Bevölkerung, berechnet
12411;;;;2025-12-31;KREISE;;08121;Heilbronn, Stadtkreis;;;;;;;;;132516;Anzahl;BEVSTD;Bevölkerung
12411;;;;2025-12-31;KREISE;;08121;;;;;;ALTX20;;ALTU18;unter 18 Jahre;23545;Anzahl;BEVSTD;Bevölkerung
12411;;;;2025-12-31;KREISE;;08121;;;;;;ALTX20;;ALT18B65;18 bis unter 65 Jahre;83603;Anzahl;BEVSTD;Bevölkerung
12411;;;;2025-12-31;KREISE;;08121;;;;;;ALTX20;;ALT65UM;65 Jahre und älter;25368;Anzahl;BEVSTD;Bevölkerung
12411;;;;2025-12-31;KREISE;;08121;;;;;;ALTX20;;ALTU18;unter 18 Jahre;17,8;%;BEVANT;Anteil an der Bevölkerung, berechnet
12411;;;;2025-12-31;KREISE;;08121;;;;;;ALTX20;;ALT18B65;18 bis unter 65 Jahre;63,1;%;BEVANT;Anteil an der Bevölkerung, berechnet
12411;;;;2025-12-31;KREISE;;08121;;;;;;ALTX20;;ALT65UM;65 Jahre und älter;19,1;%;BEVANT;Anteil an der Bevölkerung, berechnet
12411;;;;2025-12-31;KREISE;;08125;Heilbronn, Landkreis;;;;;;;;;353704;Anzahl;BEVSTD;Bevölkerung
12411;;;;2025-12-31;KREISE;;08125;;;;;;ALTX20;;ALTU18;unter 18 Jahre;64412;Anzahl;BEVSTD;Bevölkerung
12411;;;;2025-12-31;KREISE;;08125;;;;;;ALTX20;;ALT18B65;18 bis unter 65 Jahre;213526;Anzahl;BEVSTD;Bevölkerung
12411;;;;2025-12-31;KREISE;;08125;;;;;;ALTX20;;ALT65UM;65 Jahre und älter;75766;Anzahl;BEVSTD;Bevölkerung
12411;;;;2025-12-31;KREISE;;08125;;;;;;ALTX20;;ALTU18;unter 18 Jahre;18,2;%;BEVANT;Anteil an der Bevölkerung, berechnet
12411;;;;2025-12-31;KREISE;;08125;;;;;;ALTX20;;ALT18B65;18 bis unter 65 Jahre;60,4;%;BEVANT;Anteil an der Bevölkerung, berechnet
12411;;;;2025-12-31;KREISE;;08125;;;;;;ALTX20;;ALT65UM;65 Jahre und älter;21,4;%;BEVANT;Anteil an der Bevölkerung, berechnet
12411;;;;2025-12-31;KREISE;;08126;Hohenlohekreis, Landkreis;;;;;;;;;115601;Anzahl;BEVSTD;Bevölkerung
12411;;;;2025-12-31;KREISE;;08126;;;;;;ALTX20;;ALTU18;unter 18 Jahre;20575;Anzahl;BEVSTD;Bevölkerung
12411;;;;2025-12-31;KREISE;;08126;;;;;;ALTX20;;ALT18B65;18 bis unter 65 Jahre;69846;Anzahl;BEVSTD;Bevölkerung
12411;;;;2025-12-31;KREISE;;08126;;;;;;ALTX20;;ALT65UM;65 Jahre und älter;25180;Anzahl;BEVSTD;Bevölkerung
12411;;;;2025-12-31;KREISE;;08126;;;;;;ALTX20;;ALTU18;unter 18 Jahre;17,8;%;BEVANT;Anteil an der Bevölkerung, berechnet
12411;;;;2025-12-31;KREISE;;08126;;;;;;ALTX20;;ALT18B65;18 bis unter 65 Jahre;60,4;%;BEVANT;Anteil an der Bevölkerung, berechnet
12411;;;;2025-12-31;KREISE;;08126;;;;;;ALTX20;;ALT65UM;65 Jahre und älter;21,8;%;BEVANT;Anteil an der Bevölkerung, berechnet
12411;;;;2025-12-31;KREISE;;08127;Schwäbisch Hall, Landkreis;;;;;;;;;201064;Anzahl;BEVSTD;Bevölkerung
12411;;;;2025-12-31;KREISE;;08127;;;;;;ALTX20;;ALTU18;unter 18 Jahre;36380;Anzahl;BEVSTD;Bevölkerung
12411;;;;2025-12-31;KREISE;;08127;;;;;;ALTX20;;ALT18B65;18 bis unter 65 Jahre;121393;Anzahl;BEVSTD;Bevölkerung
12411;;;;2025-12-31;KREISE;;08127;;;;;;ALTX20;;ALT65UM;65 Jahre und älter;43291;Anzahl;BEVSTD;Bevölkerung
12411;;;;2025-12-31;KREISE;;08127;;;;;;ALTX20;;ALTU18;unter 18 Jahre;18,1;%;BEVANT;Anteil an der Bevölkerung, berechnet
12411;;;;2025-12-31;KREISE;;08127;;;;;;ALTX20;;ALT18B65;18 bis unter 65 Jahre;60,4;%;BEVANT;Anteil an der Bevölkerung, berechnet
12411;;;;2025-12-31;KREISE;;08127;;;;;;ALTX20;;ALT65UM;65 Jahre und älter;21,5;%;BEVANT;Anteil an der Bevölkerung, berechnet
12411;;;;2025-12-31;KREISE;;08128;Main-Tauber-Kreis, Landkreis;;;;;;;;;132876;Anzahl;BEVSTD;Bevölkerung
12411;;;;2025-12-31;KREISE;;08128;;;;;;ALTX20;;ALTU18;unter 18 Jahre;22123;Anzahl;BEVSTD;Bevölkerung
12411;;;;2025-12-31;KREISE;;08128;;;;;;ALTX20;;ALT18B65;18 bis unter 65 Jahre;77278;Anzahl;BEVSTD;Bevölkerung
12411;;;;2025-12-31;KREISE;;08128;;;;;;ALTX20;;ALT65UM;65 Jahre und älter;33475;Anzahl;BEVSTD;Bevölkerung
12411;;;;2025-12-31;KREISE;;08128;;;;;;ALTX20;;ALTU18;unter 18 Jahre;16,6;%;BEVANT;Anteil an der Bevölkerung, berechnet
12411;;;;2025-12-31;KREISE;;08128;;;;;;ALTX20;;ALT18B65;18 bis unter 65 Jahre;58,2;%;BEVANT;Anteil an der Bevölkerung, berechnet
12411;;;;2025-12-31;KREISE;;08128;;;;;;ALTX20;;ALT65UM;65 Jahre und älter;25,2;%;BEVANT;Anteil an der Bevölkerung, berechnet
12411;;;;2025-12-31;KREISE;;08135;Heidenheim, Landkreis;;;;;;;;;135075;Anzahl;BEVSTD;Bevölkerung
12411;;;;2025-12-31;KREISE;;08135;;;;;;ALTX20;;ALTU18;unter 18 Jahre;23302;Anzahl;BEVSTD;Bevölkerung
12411;;;;2025-12-31;KREISE;;08135;;;;;;ALTX20;;ALT18B65;18 bis unter 65 Jahre;80403;Anzahl;BEVSTD;Bevölkerung
12411;;;;2025-12-31;KREISE;;08135;;;;;;ALTX20;;ALT65UM;65 Jahre und älter;31370;Anzahl;BEVSTD;Bevölkerung
12411;;;;2025-12-31;KREISE;;08135;;;;;;ALTX20;;ALTU18;unter 18 Jahre;17,3;%;BEVANT;Anteil an der Bevölkerung, berechnet
12411;;;;2025-12-31;KREISE;;08135;;;;;;ALTX20;;ALT18B65;18 bis unter 65 Jahre;59,5;%;BEVANT;Anteil an der Bevölkerung, berechnet
12411;;;;2025-12-31;KREISE;;08135;;;;;;ALTX20;;ALT65UM;65 Jahre und älter;23,2;%;BEVANT;Anteil an der Bevölkerung, berechnet
12411;;;;2025-12-31;KREISE;;08136;Ostalbkreis, Landkreis;;;;;;;;;316328;Anzahl;BEVSTD;Bevölkerung
12411;;;;2025-12-31;KREISE;;08136;;;;;;ALTX20;;ALTU18;unter 18 Jahre;55232;Anzahl;BEVSTD;Bevölkerung
12411;;;;2025-12-31;KREISE;;08136;;;;;;ALTX20;;ALT18B65;18 bis unter 65 Jahre;189245;Anzahl;BEVSTD;Bevölkerung
12411;;;;2025-12-31;KREISE;;08136;;;;;;ALTX20;;ALT65UM;65 Jahre und älter;71851;Anzahl;BEVSTD;Bevölkerung
12411;;;;2025-12-31;KREISE;;08136;;;;;;ALTX20;;ALTU18;unter 18 Jahre;17,5;%;BEVANT;Anteil an der Bevölkerung, berechnet
12411;;;;2025-12-31;KREISE;;08136;;;;;;ALTX20;;ALT18B65;18 bis unter 65 Jahre;59,8;%;BEVANT;Anteil an der Bevölkerung, berechnet
12411;;;;2025-12-31;KREISE;;08136;;;;;;ALTX20;;ALT65UM;65 Jahre und älter;22,7;%;BEVANT;Anteil an der Bevölkerung, berechnet
12411;;;;2025-12-31;KREISE;;08211;Baden-Baden, Stadtkreis;;;;;;;;;56952;Anzahl;BEVSTD;Bevölkerung
12411;;;;2025-12-31;KREISE;;08211;;;;;;ALTX20;;ALTU18;unter 18 Jahre;8512;Anzahl;BEVSTD;Bevölkerung
12411;;;;2025-12-31;KREISE;;08211;;;;;;ALTX20;;ALT18B65;18 bis unter 65 Jahre;32769;Anzahl;BEVSTD;Bevölkerung
12411;;;;2025-12-31;KREISE;;08211;;;;;;ALTX20;;ALT65UM;65 Jahre und älter;15671;Anzahl;BEVSTD;Bevölkerung
12411;;;;2025-12-31;KREISE;;08211;;;;;;ALTX20;;ALTU18;unter 18 Jahre;14,9;%;BEVANT;Anteil an der Bevölkerung, berechnet
12411;;;;2025-12-31;KREISE;;08211;;;;;;ALTX20;;ALT18B65;18 bis unter 65 Jahre;57,5;%;BEVANT;Anteil an der Bevölkerung, berechnet
12411;;;;2025-12-31;KREISE;;08211;;;;;;ALTX20;;ALT65UM;65 Jahre und älter;27,5;%;BEVANT;Anteil an der Bevölkerung, berechnet
12411;;;;2025-12-31;KREISE;;08212;Karlsruhe, Stadtkreis;;;;;;;;;309247;Anzahl;BEVSTD;Bevölkerung
12411;;;;2025-12-31;KREISE;;08212;;;;;;ALTX20;;ALTU18;unter 18 Jahre;44049;Anzahl;BEVSTD;Bevölkerung
12411;;;;2025-12-31;KREISE;;08212;;;;;;ALTX20;;ALT18B65;18 bis unter 65 Jahre;203541;Anzahl;BEVSTD;Bevölkerung
12411;;;;2025-12-31;KREISE;;08212;;;;;;ALTX20;;ALT65UM;65 Jahre und älter;61657;Anzahl;BEVSTD;Bevölkerung
12411;;;;2025-12-31;KREISE;;08212;;;;;;ALTX20;;ALTU18;unter 18 Jahre;14,2;%;BEVANT;Anteil an der Bevölkerung, berechnet
12411;;;;2025-12-31;KREISE;;08212;;;;;;ALTX20;;ALT18B65;18 bis unter 65 Jahre;65,8;%;BEVANT;Anteil an der Bevölkerung, berechnet
12411;;;;2025-12-31;KREISE;;08212;;;;;;ALTX20;;ALT65UM;65 Jahre und älter;19,9;%;BEVANT;Anteil an der Bevölkerung, berechnet
12411;;;;2025-12-31;KREISE;;08215;Karlsruhe, Landkreis;;;;;;;;;456224;Anzahl;BEVSTD;Bevölkerung
12411;;;;2025-12-31;KREISE;;08215;;;;;;ALTX20;;ALTU18;unter 18 Jahre;77246;Anzahl;BEVSTD;Bevölkerung
12411;;;;2025-12-31;KREISE;;08215;;;;;;ALTX20;;ALT18B65;18 bis unter 65 Jahre;272750;Anzahl;BEVSTD;Bevölkerung
12411;;;;2025-12-31;KREISE;;08215;;;;;;ALTX20;;ALT65UM;65 Jahre und älter;106228;Anzahl;BEVSTD;Bevölkerung
12411;;;;2025-12-31;KREISE;;08215;;;;;;ALTX20;;ALTU18;unter 18 Jahre;16,9;%;BEVANT;Anteil an der Bevölkerung, berechnet
12411;;;;2025-12-31;KREISE;;08215;;;;;;ALTX20;;ALT18B65;18 bis unter 65 Jahre;59,8;%;BEVANT;Anteil an der Bevölkerung, berechnet
12411;;;;2025-12-31;KREISE;;08215;;;;;;ALTX20;;ALT65UM;65 Jahre und älter;23,3;%;BEVANT;Anteil an der Bevölkerung, berechnet
12411;;;;2025-12-31;KREISE;;08216;Rastatt, Landkreis;;;;;;;;;229763;Anzahl;BEVSTD;Bevölkerung
12411;;;;2025-12-31;KREISE;;08216;;;;;;ALTX20;;ALTU18;unter 18 Jahre;38552;Anzahl;BEVSTD;Bevölkerung
12411;;;;2025-12-31;KREISE;;08216;;;;;;ALTX20;;ALT18B65;18 bis unter 65 Jahre;135868;Anzahl;BEVSTD;Bevölkerung
12411;;;;2025-12-31;KREISE;;08216;;;;;;ALTX20;;ALT65UM;65 Jahre und älter;55343;Anzahl;BEVSTD;Bevölkerung
12411;;;;2025-12-31;KREISE;;08216;;;;;;ALTX20;;ALTU18;unter 18 Jahre;16,8;%;BEVANT;Anteil an der Bevölkerung, berechnet
12411;;;;2025-12-31;KREISE;;08216;;;;;;ALTX20;;ALT18B65;18 bis unter 65 Jahre;59,1;%;BEVANT;Anteil an der Bevölkerung, berechnet
12411;;;;2025-12-31;KREISE;;08216;;;;;;ALTX20;;ALT65UM;65 Jahre und älter;24,1;%;BEVANT;Anteil an der Bevölkerung, berechnet
12411;;;;2025-12-31;KREISE;;08221;Heidelberg, Stadtkreis;;;;;;;;;156092;Anzahl;BEVSTD;Bevölkerung
12411;;;;2025-12-31;KREISE;;08221;;;;;;ALTX20;;ALTU18;unter 18 Jahre;22503;Anzahl;BEVSTD;Bevölkerung
12411;;;;2025-12-31;KREISE;;08221;;;;;;ALTX20;;ALT18B65;18 bis unter 65 Jahre;107249;Anzahl;BEVSTD;Bevölkerung
12411;;;;2025-12-31;KREISE;;08221;;;;;;ALTX20;;ALT65UM;65 Jahre und älter;26340;Anzahl;BEVSTD;Bevölkerung
12411;;;;2025-12-31;KREISE;;08221;;;;;;ALTX20;;ALTU18;unter 18 Jahre;14,4;%;BEVANT;Anteil an der Bevölkerung, berechnet
12411;;;;2025-12-31;KREISE;;08221;;;;;;ALTX20;;ALT18B65;18 bis unter 65 Jahre;68,7;%;BEVANT;Anteil an der Bevölkerung, berechnet
12411;;;;2025-12-31;KREISE;;08221;;;;;;ALTX20;;ALT65UM;65 Jahre und älter;16,9;%;BEVANT;Anteil an der Bevölkerung, berechnet
12411;;;;2025-12-31;KREISE;;08222;Mannheim, Stadtkreis;;;;;;;;;319536;Anzahl;BEVSTD;Bevölkerung
12411;;;;2025-12-31;KREISE;;08222;;;;;;ALTX20;;ALTU18;unter 18 Jahre;49382;Anzahl;BEVSTD;Bevölkerung
12411;;;;2025-12-31;KREISE;;08222;;;;;;ALTX20;;ALT18B65;18 bis unter 65 Jahre;209887;Anzahl;BEVSTD;Bevölkerung
12411;;;;2025-12-31;KREISE;;08222;;;;;;ALTX20;;ALT65UM;65 Jahre und älter;60267;Anzahl;BEVSTD;Bevölkerung
12411;;;;2025-12-31;KREISE;;08222;;;;;;ALTX20;;ALTU18;unter 18 Jahre;15,5;%;BEVANT;Anteil an der Bevölkerung, berechnet
12411;;;;2025-12-31;KREISE;;08222;;;;;;ALTX20;;ALT18B65;18 bis unter 65 Jahre;65,7;%;BEVANT;Anteil an der Bevölkerung, berechnet
12411;;;;2025-12-31;KREISE;;08222;;;;;;ALTX20;;ALT65UM;65 Jahre und älter;18,9;%;BEVANT;Anteil an der Bevölkerung, berechnet
12411;;;;2025-12-31;KREISE;;08225;Neckar-Odenwald-Kreis, Landkreis;;;;;;;;;144909;Anzahl;BEVSTD;Bevölkerung
12411;;;;2025-12-31;KREISE;;08225;;;;;;ALTX20;;ALTU18;unter 18 Jahre;24285;Anzahl;BEVSTD;Bevölkerung
12411;;;;2025-12-31;KREISE;;08225;;;;;;ALTX20;;ALT18B65;18 bis unter 65 Jahre;85243;Anzahl;BEVSTD;Bevölkerung
12411;;;;2025-12-31;KREISE;;08225;;;;;;ALTX20;;ALT65UM;65 Jahre und älter;35381;Anzahl;BEVSTD;Bevölkerung
12411;;;;2025-12-31;KREISE;;08225;;;;;;ALTX20;;ALTU18;unter 18 Jahre;16,8;%;BEVANT;Anteil an der Bevölkerung, berechnet
12411;;;;2025-12-31;KREISE;;08225;;;;;;ALTX20;;ALT18B65;18 bis unter 65 Jahre;58,8;%;BEVANT;Anteil an der Bevölkerung, berechnet
12411;;;;2025-12-31;KREISE;;08225;;;;;;ALTX20;;ALT65UM;65 Jahre und älter;24,4;%;BEVANT;Anteil an der Bevölkerung, berechnet
12411;;;;2025-12-31;KREISE;;08226;Rhein-Neckar-Kreis, Landkreis;;;;;;;;;559097;Anzahl;BEVSTD;Bevölkerung
12411;;;;2025-12-31;KREISE;;08226;;;;;;ALTX20;;ALTU18;unter 18 Jahre;95596;Anzahl;BEVSTD;Bevölkerung
12411;;;;2025-12-31;KREISE;;08226;;;;;;ALTX20;;ALT18B65;18 bis unter 65 Jahre;332425;Anzahl;BEVSTD;Bevölkerung
12411;;;;2025-12-31;KREISE;;08226;;;;;;ALTX20;;ALT65UM;65 Jahre und älter;131076;Anzahl;BEVSTD;Bevölkerung
12411;;;;2025-12-31;KREISE;;08226;;;;;;ALTX20;;ALTU18;unter 18 Jahre;17,1;%;BEVANT;Anteil an der Bevölkerung, berechnet
12411;;;;2025-12-31;KREISE;;08226;;;;;;ALTX20;;ALT18B65;18 bis unter 65 Jahre;59,5;%;BEVANT;Anteil an der Bevölkerung, berechnet
12411;;;;2025-12-31;KREISE;;08226;;;;;;ALTX20;;ALT65UM;65 Jahre und älter;23,4;%;BEVANT;Anteil an der Bevölkerung, berechnet
12411;;;;2025-12-31;KREISE;;08231;Pforzheim, Stadtkreis;;;;;;;;;134422;Anzahl;BEVSTD;Bevölkerung
12411;;;;2025-12-31;KREISE;;08231;;;;;;ALTX20;;ALTU18;unter 18 Jahre;24519;Anzahl;BEVSTD;Bevölkerung
12411;;;;2025-12-31;KREISE;;08231;;;;;;ALTX20;;ALT18B65;18 bis unter 65 Jahre;82329;Anzahl;BEVSTD;Bevölkerung
12411;;;;2025-12-31;KREISE;;08231;;;;;;ALTX20;;ALT65UM;65 Jahre und älter;27574;Anzahl;BEVSTD;Bevölkerung
12411;;;;2025-12-31;KREISE;;08231;;;;;;ALTX20;;ALTU18;unter 18 Jahre;18,2;%;BEVANT;Anteil an der Bevölkerung, berechnet
12411;;;;2025-12-31;KREISE;;08231;;;;;;ALTX20;;ALT18B65;18 bis unter 65 Jahre;61,2;%;BEVANT;Anteil an der Bevölkerung, berechnet
12411;;;;2025-12-31;KREISE;;08231;;;;;;ALTX20;;ALT65UM;65 Jahre und älter;20,5;%;BEVANT;Anteil an der Bevölkerung, berechnet
12411;;;;2025-12-31;KREISE;;08235;Calw, Landkreis;;;;;;;;;160766;Anzahl;BEVSTD;Bevölkerung
12411;;;;2025-12-31;KREISE;;08235;;;;;;ALTX20;;ALTU18;unter 18 Jahre;28686;Anzahl;BEVSTD;Bevölkerung
12411;;;;2025-12-31;KREISE;;08235;;;;;;ALTX20;;ALT18B65;18 bis unter 65 Jahre;95053;Anzahl;BEVSTD;Bevölkerung
12411;;;;2025-12-31;KREISE;;08235;;;;;;ALTX20;;ALT65UM;65 Jahre und älter;37027;Anzahl;BEVSTD;Bevölkerung
12411;;;;2025-12-31;KREISE;;08235;;;;;;ALTX20;;ALTU18;unter 18 Jahre;17,8;%;BEVANT;Anteil an der Bevölkerung, berechnet
12411;;;;2025-12-31;KREISE;;08235;;;;;;ALTX20;;ALT18B65;18 bis unter 65 Jahre;59,1;%;BEVANT;Anteil an der Bevölkerung, berechnet
12411;;;;2025-12-31;KREISE;;08235;;;;;;ALTX20;;ALT65UM;65 Jahre und älter;23,0;%;BEVANT;Anteil an der Bevölkerung, berechnet
12411;;;;2025-12-31;KREISE;;08236;Enzkreis, Landkreis;;;;;;;;;199150;Anzahl;BEVSTD;Bevölkerung
12411;;;;2025-12-31;KREISE;;08236;;;;;;ALTX20;;ALTU18;unter 18 Jahre;35859;Anzahl;BEVSTD;Bevölkerung
12411;;;;2025-12-31;KREISE;;08236;;;;;;ALTX20;;ALT18B65;18 bis unter 65 Jahre;116901;Anzahl;BEVSTD;Bevölkerung
12411;;;;2025-12-31;KREISE;;08236;;;;;;ALTX20;;ALT65UM;65 Jahre und älter;46390;Anzahl;BEVSTD;Bevölkerung
12411;;;;2025-12-31;KREISE;;08236;;;;;;ALTX20;;ALTU18;unter 18 Jahre;18,0;%;BEVANT;Anteil an der Bevölkerung, berechnet
12411;;;;2025-12-31;KREISE;;08236;;;;;;ALTX20;;ALT18B65;18 bis unter 65 Jahre;58,7;%;BEVANT;Anteil an der Bevölkerung, berechnet
12411;;;;2025-12-31;KREISE;;08236;;;;;;ALTX20;;ALT65UM;65 Jahre und älter;23,3;%;BEVANT;Anteil an der Bevölkerung, berechnet
12411;;;;2025-12-31;KREISE;;08237;Freudenstadt, Landkreis;;;;;;;;;121646;Anzahl;BEVSTD;Bevölkerung
12411;;;;2025-12-31;KREISE;;08237;;;;;;ALTX20;;ALTU18;unter 18 Jahre;20844;Anzahl;BEVSTD;Bevölkerung
12411;;;;2025-12-31;KREISE;;08237;;;;;;ALTX20;;ALT18B65;18 bis unter 65 Jahre;73090;Anzahl;BEVSTD;Bevölkerung
12411;;;;2025-12-31;KREISE;;08237;;;;;;ALTX20;;ALT65UM;65 Jahre und älter;27712;Anzahl;BEVSTD;Bevölkerung
12411;;;;2025-12-31;KREISE;;08237;;;;;;ALTX20;;ALTU18;unter 18 Jahre;17,1;%;BEVANT;Anteil an der Bevölkerung, berechnet
12411;;;;2025-12-31;KREISE;;08237;;;;;;ALTX20;;ALT18B65;18 bis unter 65 Jahre;60,1;%;BEVANT;Anteil an der Bevölkerung, berechnet
12411;;;;2025-12-31;KREISE;;08237;;;;;;ALTX20;;ALT65UM;65 Jahre und älter;22,8;%;BEVANT;Anteil an der Bevölkerung, berechnet
12411;;;;2025-12-31;KREISE;;08311;Freiburg im Breisgau, Stadtkreis;;;;;;;;;238299;Anzahl;BEVSTD;Bevölkerung
12411;;;;2025-12-31;KREISE;;08311;;;;;;ALTX20;;ALTU18;unter 18 Jahre;37489;Anzahl;BEVSTD;Bevölkerung
12411;;;;2025-12-31;KREISE;;08311;;;;;;ALTX20;;ALT18B65;18 bis unter 65 Jahre;157593;Anzahl;BEVSTD;Bevölkerung
12411;;;;2025-12-31;KREISE;;08311;;;;;;ALTX20;;ALT65UM;65 Jahre und älter;43217;Anzahl;BEVSTD;Bevölkerung
12411;;;;2025-12-31;KREISE;;08311;;;;;;ALTX20;;ALTU18;unter 18 Jahre;15,7;%;BEVANT;Anteil an der Bevölkerung, berechnet
12411;;;;2025-12-31;KREISE;;08311;;;;;;ALTX20;;ALT18B65;18 bis unter 65 Jahre;66,1;%;BEVANT;Anteil an der Bevölkerung, berechnet
12411;;;;2025-12-31;KREISE;;08311;;;;;;ALTX20;;ALT65UM;65 Jahre und älter;18,1;%;BEVANT;Anteil an der Bevölkerung, berechnet
12411;;;;2025-12-31;KREISE;;08315;Breisgau-Hochschwarzwald, Landkreis;;;;;;;;;272707;Anzahl;BEVSTD;Bevölkerung
12411;;;;2025-12-31;KREISE;;08315;;;;;;ALTX20;;ALTU18;unter 18 Jahre;48202;Anzahl;BEVSTD;Bevölkerung
12411;;;;2025-12-31;KREISE;;08315;;;;;;ALTX20;;ALT18B65;18 bis unter 65 Jahre;158997;Anzahl;BEVSTD;Bevölkerung
12411;;;;2025-12-31;KREISE;;08315;;;;;;ALTX20;;ALT65UM;65 Jahre und älter;65508;Anzahl;BEVSTD;Bevölkerung
12411;;;;2025-12-31;KREISE;;08315;;;;;;ALTX20;;ALTU18;unter 18 Jahre;17,7;%;BEVANT;Anteil an der Bevölkerung, berechnet
12411;;;;2025-12-31;KREISE;;08315;;;;;;ALTX20;;ALT18B65;18 bis unter 65 Jahre;58,3;%;BEVANT;Anteil an der Bevölkerung, berechnet
12411;;;;2025-12-31;KREISE;;08315;;;;;;ALTX20;;ALT65UM;65 Jahre und älter;24,0;%;BEVANT;Anteil an der Bevölkerung, berechnet
12411;;;;2025-12-31;KREISE;;08316;Emmendingen, Landkreis;;;;;;;;;170463;Anzahl;BEVSTD;Bevölkerung
12411;;;;2025-12-31;KREISE;;08316;;;;;;ALTX20;;ALTU18;unter 18 Jahre;29915;Anzahl;BEVSTD;Bevölkerung
12411;;;;2025-12-31;KREISE;;08316;;;;;;ALTX20;;ALT18B65;18 bis unter 65 Jahre;100973;Anzahl;BEVSTD;Bevölkerung
12411;;;;2025-12-31;KREISE;;08316;;;;;;ALTX20;;ALT65UM;65 Jahre und älter;39575;Anzahl;BEVSTD;Bevölkerung
12411;;;;2025-12-31;KREISE;;08316;;;;;;ALTX20;;ALTU18;unter 18 Jahre;17,5;%;BEVANT;Anteil an der Bevölkerung, berechnet
12411;;;;2025-12-31;KREISE;;08316;;;;;;ALTX20;;ALT18B65;18 bis unter 65 Jahre;59,2;%;BEVANT;Anteil an der Bevölkerung, berechnet
12411;;;;2025-12-31;KREISE;;08316;;;;;;ALTX20;;ALT65UM;65 Jahre und älter;23,2;%;BEVANT;Anteil an der Bevölkerung, berechnet
12411;;;;2025-12-31;KREISE;;08317;Ortenaukreis, Landkreis;;;;;;;;;445855;Anzahl;BEVSTD;Bevölkerung
12411;;;;2025-12-31;KREISE;;08317;;;;;;ALTX20;;ALTU18;unter 18 Jahre;78323;Anzahl;BEVSTD;Bevölkerung
12411;;;;2025-12-31;KREISE;;08317;;;;;;ALTX20;;ALT18B65;18 bis unter 65 Jahre;264992;Anzahl;BEVSTD;Bevölkerung
12411;;;;2025-12-31;KREISE;;08317;;;;;;ALTX20;;ALT65UM;65 Jahre und älter;102540;Anzahl;BEVSTD;Bevölkerung
12411;;;;2025-12-31;KREISE;;08317;;;;;;ALTX20;;ALTU18;unter 18 Jahre;17,6;%;BEVANT;Anteil an der Bevölkerung, berechnet
12411;;;;2025-12-31;KREISE;;08317;;;;;;ALTX20;;ALT18B65;18 bis unter 65 Jahre;59,4;%;BEVANT;Anteil an der Bevölkerung, berechnet
12411;;;;2025-12-31;KREISE;;08317;;;;;;ALTX20;;ALT65UM;65 Jahre und älter;23,0;%;BEVANT;Anteil an der Bevölkerung, berechnet
12411;;;;2025-12-31;KREISE;;08325;Rottweil, Landkreis;;;;;;;;;139724;Anzahl;BEVSTD;Bevölkerung
12411;;;;2025-12-31;KREISE;;08325;;;;;;ALTX20;;ALTU18;unter 18 Jahre;25554;Anzahl;BEVSTD;Bevölkerung
12411;;;;2025-12-31;KREISE;;08325;;;;;;ALTX20;;ALT18B65;18 bis unter 65 Jahre;82135;Anzahl;BEVSTD;Bevölkerung
12411;;;;2025-12-31;KREISE;;08325;;;;;;ALTX20;;ALT65UM;65 Jahre und älter;32035;Anzahl;BEVSTD;Bevölkerung
12411;;;;2025-12-31;KREISE;;08325;;;;;;ALTX20;;ALTU18;unter 18 Jahre;18,3;%;BEVANT;Anteil an der Bevölkerung, berechnet
12411;;;;2025-12-31;KREISE;;08325;;;;;;ALTX20;;ALT18B65;18 bis unter 65 Jahre;58,8;%;BEVANT;Anteil an der Bevölkerung, berechnet
12411;;;;2025-12-31;KREISE;;08325;;;;;;ALTX20;;ALT65UM;65 Jahre und älter;22,9;%;BEVANT;Anteil an der Bevölkerung, berechnet
12411;;;;2025-12-31;KREISE;;08326;Schwarzwald-Baar-Kreis, Landkreis;;;;;;;;;213680;Anzahl;BEVSTD;Bevölkerung
12411;;;;2025-12-31;KREISE;;08326;;;;;;ALTX20;;ALTU18;unter 18 Jahre;37754;Anzahl;BEVSTD;Bevölkerung
12411;;;;2025-12-31;KREISE;;08326;;;;;;ALTX20;;ALT18B65;18 bis unter 65 Jahre;125073;Anzahl;BEVSTD;Bevölkerung
12411;;;;2025-12-31;KREISE;;08326;;;;;;ALTX20;;ALT65UM;65 Jahre und älter;50853;Anzahl;BEVSTD;Bevölkerung
12411;;;;2025-12-31;KREISE;;08326;;;;;;ALTX20;;ALTU18;unter 18 Jahre;17,7;%;BEVANT;Anteil an der Bevölkerung, berechnet
12411;;;;2025-12-31;KREISE;;08326;;;;;;ALTX20;;ALT18B65;18 bis unter 65 Jahre;58,5;%;BEVANT;Anteil an der Bevölkerung, berechnet
12411;;;;2025-12-31;KREISE;;08326;;;;;;ALTX20;;ALT65UM;65 Jahre und älter;23,8;%;BEVANT;Anteil an der Bevölkerung, berechnet
12411;;;;2025-12-31;KREISE;;08327;Tuttlingen, Landkreis;;;;;;;;;145002;Anzahl;BEVSTD;Bevölkerung
12411;;;;2025-12-31;KREISE;;08327;;;;;;ALTX20;;ALTU18;unter 18 Jahre;27582;Anzahl;BEVSTD;Bevölkerung
12411;;;;2025-12-31;KREISE;;08327;;;;;;ALTX20;;ALT18B65;18 bis unter 65 Jahre;86380;Anzahl;BEVSTD;Bevölkerung
12411;;;;2025-12-31;KREISE;;08327;;;;;;ALTX20;;ALT65UM;65 Jahre und älter;31040;Anzahl;BEVSTD;Bevölkerung
12411;;;;2025-12-31;KREISE;;08327;;;;;;ALTX20;;ALTU18;unter 18 Jahre;19,0;%;BEVANT;Anteil an der Bevölkerung, berechnet
12411;;;;2025-12-31;KREISE;;08327;;;;;;ALTX20;;ALT18B65;18 bis unter 65 Jahre;59,6;%;BEVANT;Anteil an der Bevölkerung, berechnet
12411;;;;2025-12-31;KREISE;;08327;;;;;;ALTX20;;ALT65UM;65 Jahre und älter;21,4;%;BEVANT;Anteil an der Bevölkerung, berechnet
12411;;;;2025-12-31;KREISE;;08335;Konstanz, Landkreis;;;;;;;;;291867;Anzahl;BEVSTD;Bevölkerung
12411;;;;2025-12-31;KREISE;;08335;;;;;;ALTX20;;ALTU18;unter 18 Jahre;48454;Anzahl;BEVSTD;Bevölkerung
12411;;;;2025-12-31;KREISE;;08335;;;;;;ALTX20;;ALT18B65;18 bis unter 65 Jahre;177254;Anzahl;BEVSTD;Bevölkerung
12411;;;;2025-12-31;KREISE;;08335;;;;;;ALTX20;;ALT65UM;65 Jahre und älter;66159;Anzahl;BEVSTD;Bevölkerung
12411;;;;2025-12-31;KREISE;;08335;;;;;;ALTX20;;ALTU18;unter 18 Jahre;16,6;%;BEVANT;Anteil an der Bevölkerung, berechnet
12411;;;;2025-12-31;KREISE;;08335;;;;;;ALTX20;;ALT18B65;18 bis unter 65 Jahre;60,7;%;BEVANT;Anteil an der Bevölkerung, berechnet
12411;;;;2025-12-31;KREISE;;08335;;;;;;ALTX20;;ALT65UM;65 Jahre und älter;22,7;%;BEVANT;Anteil an der Bevölkerung, berechnet
12411;;;;2025-12-31;KREISE;;08336;Lörrach, Landkreis;;;;;;;;;238142;Anzahl;BEVSTD;Bevölkerung
12411;;;;2025-12-31;KREISE;;08336;;;;;;ALTX20;;ALTU18;unter 18 Jahre;42761;Anzahl;BEVSTD;Bevölkerung
12411;;;;2025-12-31;KREISE;;08336;;;;;;ALTX20;;ALT18B65;18 bis unter 65 Jahre;141909;Anzahl;BEVSTD;Bevölkerung
12411;;;;2025-12-31;KREISE;;08336;;;;;;ALTX20;;ALT65UM;65 Jahre und älter;53472;Anzahl;BEVSTD;Bevölkerung
12411;;;;2025-12-31;KREISE;;08336;;;;;;ALTX20;;ALTU18;unter 18 Jahre;18,0;%;BEVANT;Anteil an der Bevölkerung, berechnet
12411;;;;2025-12-31;KREISE;;08336;;;;;;ALTX20;;ALT18B65;18 bis unter 65 Jahre;59,6;%;BEVANT;Anteil an der Bevölkerung, berechnet
12411;;;;2025-12-31;KREISE;;08336;;;;;;ALTX20;;ALT65UM;65 Jahre und älter;22,5;%;BEVANT;Anteil an der Bevölkerung, berechnet
12411;;;;2025-12-31;KREISE;;08337;Waldshut, Landkreis;;;;;;;;;171513;Anzahl;BEVSTD;Bevölkerung
12411;;;;2025-12-31;KREISE;;08337;;;;;;ALTX20;;ALTU18;unter 18 Jahre;31074;Anzahl;BEVSTD;Bevölkerung
12411;;;;2025-12-31;KREISE;;08337;;;;;;ALTX20;;ALT18B65;18 bis unter 65 Jahre;100174;Anzahl;BEVSTD;Bevölkerung
12411;;;;2025-12-31;KREISE;;08337;;;;;;ALTX20;;ALT65UM;65 Jahre und älter;40265;Anzahl;BEVSTD;Bevölkerung
12411;;;;2025-12-31;KREISE;;08337;;;;;;ALTX20;;ALTU18;unter 18 Jahre;18,1;%;BEVANT;Anteil an der Bevölkerung, berechnet
12411;;;;2025-12-31;KREISE;;08337;;;;;;ALTX20;;ALT18B65;18 bis unter 65 Jahre;58,4;%;BEVANT;Anteil an der Bevölkerung, berechnet
12411;;;;2025-12-31;KREISE;;08337;;;;;;ALTX20;;ALT65UM;65 Jahre und älter;23,5;%;BEVANT;Anteil an der Bevölkerung, berechnet
12411;;;;2025-12-31;KREISE;;08415;Reutlingen, Landkreis;;;;;;;;;293527;Anzahl;BEVSTD;Bevölkerung
12411;;;;2025-12-31;KREISE;;08415;;;;;;ALTX20;;ALTU18;unter 18 Jahre;51656;Anzahl;BEVSTD;Bevölkerung
12411;;;;2025-12-31;KREISE;;08415;;;;;;ALTX20;;ALT18B65;18 bis unter 65 Jahre;176032;Anzahl;BEVSTD;Bevölkerung
12411;;;;2025-12-31;KREISE;;08415;;;;;;ALTX20;;ALT65UM;65 Jahre und älter;65839;Anzahl;BEVSTD;Bevölkerung
12411;;;;2025-12-31;KREISE;;08415;;;;;;ALTX20;;ALTU18;unter 18 Jahre;17,6;%;BEVANT;Anteil an der Bevölkerung, berechnet
12411;;;;2025-12-31;KREISE;;08415;;;;;;ALTX20;;ALT18B65;18 bis unter 65 Jahre;60,0;%;BEVANT;Anteil an der Bevölkerung, berechnet
12411;;;;2025-12-31;KREISE;;08415;;;;;;ALTX20;;ALT65UM;65 Jahre und älter;22,4;%;BEVANT;Anteil an der Bevölkerung, berechnet
12411;;;;2025-12-31;KREISE;;08416;Tübingen, Landkreis;;;;;;;;;233593;Anzahl;BEVSTD;Bevölkerung
12411;;;;2025-12-31;KREISE;;08416;;;;;;ALTX20;;ALTU18;unter 18 Jahre;39346;Anzahl;BEVSTD;Bevölkerung
12411;;;;2025-12-31;KREISE;;08416;;;;;;ALTX20;;ALT18B65;18 bis unter 65 Jahre;147254;Anzahl;BEVSTD;Bevölkerung
12411;;;;2025-12-31;KREISE;;08416;;;;;;ALTX20;;ALT65UM;65 Jahre und älter;46993;Anzahl;BEVSTD;Bevölkerung
12411;;;;2025-12-31;KREISE;;08416;;;;;;ALTX20;;ALTU18;unter 18 Jahre;16,8;%;BEVANT;Anteil an der Bevölkerung, berechnet
12411;;;;2025-12-31;KREISE;;08416;;;;;;ALTX20;;ALT18B65;18 bis unter 65 Jahre;63,0;%;BEVANT;Anteil an der Bevölkerung, berechnet
12411;;;;2025-12-31;KREISE;;08416;;;;;;ALTX20;;ALT65UM;65 Jahre und älter;20,1;%;BEVANT;Anteil an der Bevölkerung, berechnet
12411;;;;2025-12-31;KREISE;;08417;Zollernalbkreis, Landkreis;;;;;;;;;193096;Anzahl;BEVSTD;Bevölkerung
12411;;;;2025-12-31;KREISE;;08417;;;;;;ALTX20;;ALTU18;unter 18 Jahre;33180;Anzahl;BEVSTD;Bevölkerung
12411;;;;2025-12-31;KREISE;;08417;;;;;;ALTX20;;ALT18B65;18 bis unter 65 Jahre;113953;Anzahl;BEVSTD;Bevölkerung
12411;;;;2025-12-31;KREISE;;08417;;;;;;ALTX20;;ALT65UM;65 Jahre und älter;45963;Anzahl;BEVSTD;Bevölkerung
12411;;;;2025-12-31;KREISE;;08417;;;;;;ALTX20;;ALTU18;unter 18 Jahre;17,2;%;BEVANT;Anteil an der Bevölkerung, berechnet
12411;;;;2025-12-31;KREISE;;08417;;;;;;ALTX20;;ALT18B65;18 bis unter 65 Jahre;59,0;%;BEVANT;Anteil an der Bevölkerung, berechnet
12411;;;;2025-12-31;KREISE;;08417;;;;;;ALTX20;;ALT65UM;65 Jahre und älter;23,8;%;BEVANT;Anteil an der Bevölkerung, berechnet
12411;;;;2025-12-31;KREISE;;08421;Ulm, Stadtkreis;;;;;;;;;130288;Anzahl;BEVSTD;Bevölkerung
12411;;;;2025-12-31;KREISE;;08421;;;;;;ALTX20;;ALTU18;unter 18 Jahre;21181;Anzahl;BEVSTD;Bevölkerung
12411;;;;2025-12-31;KREISE;;08421;;;;;;ALTX20;;ALT18B65;18 bis unter 65 Jahre;83556;Anzahl;BEVSTD;Bevölkerung
12411;;;;2025-12-31;KREISE;;08421;;;;;;ALTX20;;ALT65UM;65 Jahre und älter;25551;Anzahl;BEVSTD;Bevölkerung
12411;;;;2025-12-31;KREISE;;08421;;;;;;ALTX20;;ALTU18;unter 18 Jahre;16,3;%;BEVANT;Anteil an der Bevölkerung, berechnet
12411;;;;2025-12-31;KREISE;;08421;;;;;;ALTX20;;ALT18B65;18 bis unter 65 Jahre;64,1;%;BEVANT;Anteil an der Bevölkerung, berechnet
12411;;;;2025-12-31;KREISE;;08421;;;;;;ALTX20;;ALT65UM;65 Jahre und älter;19,6;%;BEVANT;Anteil an der Bevölkerung, berechnet
12411;;;;2025-12-31;KREISE;;08425;Alb-Donau-Kreis, Landkreis;;;;;;;;;202554;Anzahl;BEVSTD;Bevölkerung
12411;;;;2025-12-31;KREISE;;08425;;;;;;ALTX20;;ALTU18;unter 18 Jahre;37692;Anzahl;BEVSTD;Bevölkerung
12411;;;;2025-12-31;KREISE;;08425;;;;;;ALTX20;;ALT18B65;18 bis unter 65 Jahre;121831;Anzahl;BEVSTD;Bevölkerung
12411;;;;2025-12-31;KREISE;;08425;;;;;;ALTX20;;ALT65UM;65 Jahre und älter;43031;Anzahl;BEVSTD;Bevölkerung
12411;;;;2025-12-31;KREISE;;08425;;;;;;ALTX20;;ALTU18;unter 18 Jahre;18,6;%;BEVANT;Anteil an der Bevölkerung, berechnet
12411;;;;2025-12-31;KREISE;;08425;;;;;;ALTX20;;ALT18B65;18 bis unter 65 Jahre;60,1;%;BEVANT;Anteil an der Bevölkerung, berechnet
12411;;;;2025-12-31;KREISE;;08425;;;;;;ALTX20;;ALT65UM;65 Jahre und älter;21,2;%;BEVANT;Anteil an der Bevölkerung, berechnet
12411;;;;2025-12-31;KREISE;;08426;Biberach, Landkreis;;;;;;;;;207203;Anzahl;BEVSTD;Bevölkerung
12411;;;;2025-12-31;KREISE;;08426;;;;;;ALTX20;;ALTU18;unter 18 Jahre;39024;Anzahl;BEVSTD;Bevölkerung
12411;;;;2025-12-31;KREISE;;08426;;;;;;ALTX20;;ALT18B65;18 bis unter 65 Jahre;124385;Anzahl;BEVSTD;Bevölkerung
12411;;;;2025-12-31;KREISE;;08426;;;;;;ALTX20;;ALT65UM;65 Jahre und älter;43794;Anzahl;BEVSTD;Bevölkerung
12411;;;;2025-12-31;KREISE;;08426;;;;;;ALTX20;;ALTU18;unter 18 Jahre;18,8;%;BEVANT;Anteil an der Bevölkerung, berechnet
12411;;;;2025-12-31;KREISE;;08426;;;;;;ALTX20;;ALT18B65;18 bis unter 65 Jahre;60,0;%;BEVANT;Anteil an der Bevölkerung, berechnet
12411;;;;2025-12-31;KREISE;;08426;;;;;;ALTX20;;ALT65UM;65 Jahre und älter;21,1;%;BEVANT;Anteil an der Bevölkerung, berechnet
12411;;;;2025-12-31;KREISE;;08435;Bodenseekreis, Landkreis;;;;;;;;;220895;Anzahl;BEVSTD;Bevölkerung
12411;;;;2025-12-31;KREISE;;08435;;;;;;ALTX20;;ALTU18;unter 18 Jahre;37295;Anzahl;BEVSTD;Bevölkerung
12411;;;;2025-12-31;KREISE;;08435;;;;;;ALTX20;;ALT18B65;18 bis unter 65 Jahre;128486;Anzahl;BEVSTD;Bevölkerung
12411;;;;2025-12-31;KREISE;;08435;;;;;;ALTX20;;ALT65UM;65 Jahre und älter;55114;Anzahl;BEVSTD;Bevölkerung
12411;;;;2025-12-31;KREISE;;08435;;;;;;ALTX20;;ALTU18;unter 18 Jahre;16,9;%;BEVANT;Anteil an der Bevölkerung, berechnet
12411;;;;2025-12-31;KREISE;;08435;;;;;;ALTX20;;ALT18B65;18 bis unter 65 Jahre;58,2;%;BEVANT;Anteil an der Bevölkerung, berechnet
12411;;;;2025-12-31;KREISE;;08435;;;;;;ALTX20;;ALT65UM;65 Jahre und älter;25,0;%;BEVANT;Anteil an der Bevölkerung, berechnet
12411;;;;2025-12-31;KREISE;;08436;Ravensburg, Landkreis;;;;;;;;;291600;Anzahl;BEVSTD;Bevölkerung
12411;;;;2025-12-31;KREISE;;08436;;;;;;ALTX20;;ALTU18;unter 18 Jahre;52030;Anzahl;BEVSTD;Bevölkerung
12411;;;;2025-12-31;KREISE;;08436;;;;;;ALTX20;;ALT18B65;18 bis unter 65 Jahre;175261;Anzahl;BEVSTD;Bevölkerung
12411;;;;2025-12-31;KREISE;;08436;;;;;;ALTX20;;ALT65UM;65 Jahre und älter;64309;Anzahl;BEVSTD;Bevölkerung
12411;;;;2025-12-31;KREISE;;08436;;;;;;ALTX20;;ALTU18;unter 18 Jahre;17,8;%;BEVANT;Anteil an der Bevölkerung, berechnet
12411;;;;2025-12-31;KREISE;;08436;;;;;;ALTX20;;ALT18B65;18 bis unter 65 Jahre;60,1;%;BEVANT;Anteil an der Bevölkerung, berechnet
12411;;;;2025-12-31;KREISE;;08436;;;;;;ALTX20;;ALT65UM;65 Jahre und älter;22,1;%;BEVANT;Anteil an der Bevölkerung, berechnet
12411;;;;2025-12-31;KREISE;;08437;Sigmaringen, Landkreis;;;;;;;;;131988;Anzahl;BEVSTD;Bevölkerung
12411;;;;2025-12-31;KREISE;;08437;;;;;;ALTX20;;ALTU18;unter 18 Jahre;22987;Anzahl;BEVSTD;Bevölkerung
12411;;;;2025-12-31;KREISE;;08437;;;;;;ALTX20;;ALT18B65;18 bis unter 65 Jahre;78507;Anzahl;BEVSTD;Bevölkerung
12411;;;;2025-12-31;KREISE;;08437;;;;;;ALTX20;;ALT65UM;65 Jahre und älter;30494;Anzahl;BEVSTD;Bevölkerung
12411;;;;2025-12-31;KREISE;;08437;;;;;;ALTX20;;ALTU18;unter 18 Jahre;17,4;%;BEVANT;Anteil an der Bevölkerung, berechnet
12411;;;;2025-12-31;KREISE;;08437;;;;;;ALTX20;;ALT18B65;18 bis unter 65 Jahre;59,5;%;BEVANT;Anteil an der Bevölkerung, berechnet
12411;;;;2025-12-31;KREISE;;08437;;;;;;ALTX20;;ALT65UM;65 Jahre und älter;23,1;%;BEVANT;Anteil an der Bevölkerung, berechnet
12411;;;;2025-12-31;KREISE;;09161;Ingolstadt, kreisfreie Stadt;;;;;;;;;140799;Anzahl;BEVSTD;Bevölkerung
12411;;;;2025-12-31;KREISE;;09161;;;;;;ALTX20;;ALTU18;unter 18 Jahre;24835;Anzahl;BEVSTD;Bevölkerung
12411;;;;2025-12-31;KREISE;;09161;;;;;;ALTX20;;ALT18B65;18 bis unter 65 Jahre;89546;Anzahl;BEVSTD;Bevölkerung
12411;;;;2025-12-31;KREISE;;09161;;;;;;ALTX20;;ALT65UM;65 Jahre und älter;26418;Anzahl;BEVSTD;Bevölkerung
12411;;;;2025-12-31;KREISE;;09161;;;;;;ALTX20;;ALTU18;unter 18 Jahre;17,6;%;BEVANT;Anteil an der Bevölkerung, berechnet
12411;;;;2025-12-31;KREISE;;09161;;;;;;ALTX20;;ALT18B65;18 bis unter 65 Jahre;63,6;%;BEVANT;Anteil an der Bevölkerung, berechnet
12411;;;;2025-12-31;KREISE;;09161;;;;;;ALTX20;;ALT65UM;65 Jahre und älter;18,8;%;BEVANT;Anteil an der Bevölkerung, berechnet
12411;;;;2025-12-31;KREISE;;09162;München, kreisfreie Stadt;;;;;;;;;1505036;Anzahl;BEVSTD;Bevölkerung
12411;;;;2025-12-31;KREISE;;09162;;;;;;ALTX20;;ALTU18;unter 18 Jahre;237196;Anzahl;BEVSTD;Bevölkerung
12411;;;;2025-12-31;KREISE;;09162;;;;;;ALTX20;;ALT18B65;18 bis unter 65 Jahre;1010100;Anzahl;BEVSTD;Bevölkerung
12411;;;;2025-12-31;KREISE;;09162;;;;;;ALTX20;;ALT65UM;65 Jahre und älter;257740;Anzahl;BEVSTD;Bevölkerung
12411;;;;2025-12-31;KREISE;;09162;;;;;;ALTX20;;ALTU18;unter 18 Jahre;15,8;%;BEVANT;Anteil an der Bevölkerung, berechnet
12411;;;;2025-12-31;KREISE;;09162;;;;;;ALTX20;;ALT18B65;18 bis unter 65 Jahre;67,1;%;BEVANT;Anteil an der Bevölkerung, berechnet
12411;;;;2025-12-31;KREISE;;09162;;;;;;ALTX20;;ALT65UM;65 Jahre und älter;17,1;%;BEVANT;Anteil an der Bevölkerung, berechnet
12411;;;;2025-12-31;KREISE;;09163;Rosenheim, kreisfreie Stadt;;;;;;;;;65808;Anzahl;BEVSTD;Bevölkerung
12411;;;;2025-12-31;KREISE;;09163;;;;;;ALTX20;;ALTU18;unter 18 Jahre;10817;Anzahl;BEVSTD;Bevölkerung
12411;;;;2025-12-31;KREISE;;09163;;;;;;ALTX20;;ALT18B65;18 bis unter 65 Jahre;41766;Anzahl;BEVSTD;Bevölkerung
12411;;;;2025-12-31;KREISE;;09163;;;;;;ALTX20;;ALT65UM;65 Jahre und älter;13225;Anzahl;BEVSTD;Bevölkerung
12411;;;;2025-12-31;KREISE;;09163;;;;;;ALTX20;;ALTU18;unter 18 Jahre;16,4;%;BEVANT;Anteil an der Bevölkerung, berechnet
12411;;;;2025-12-31;KREISE;;09163;;;;;;ALTX20;;ALT18B65;18 bis unter 65 Jahre;63,5;%;BEVANT;Anteil an der Bevölkerung, berechnet
12411;;;;2025-12-31;KREISE;;09163;;;;;;ALTX20;;ALT65UM;65 Jahre und älter;20,1;%;BEVANT;Anteil an der Bevölkerung, berechnet
12411;;;;2025-12-31;KREISE;;09171;Altötting, Landkreis;;;;;;;;;113775;Anzahl;BEVSTD;Bevölkerung
12411;;;;2025-12-31;KREISE;;09171;;;;;;ALTX20;;ALTU18;unter 18 Jahre;20150;Anzahl;BEVSTD;Bevölkerung
12411;;;;2025-12-31;KREISE;;09171;;;;;;ALTX20;;ALT18B65;18 bis unter 65 Jahre;67032;Anzahl;BEVSTD;Bevölkerung
12411;;;;2025-12-31;KREISE;;09171;;;;;;ALTX20;;ALT65UM;65 Jahre und älter;26593;Anzahl;BEVSTD;Bevölkerung
12411;;;;2025-12-31;KREISE;;09171;;;;;;ALTX20;;ALTU18;unter 18 Jahre;17,7;%;BEVANT;Anteil an der Bevölkerung, berechnet
12411;;;;2025-12-31;KREISE;;09171;;;;;;ALTX20;;ALT18B65;18 bis unter 65 Jahre;58,9;%;BEVANT;Anteil an der Bevölkerung, berechnet
12411;;;;2025-12-31;KREISE;;09171;;;;;;ALTX20;;ALT65UM;65 Jahre und älter;23,4;%;BEVANT;Anteil an der Bevölkerung, berechnet
12411;;;;2025-12-31;KREISE;;09172;Berchtesgadener Land, Landkreis;;;;;;;;;105118;Anzahl;BEVSTD;Bevölkerung
12411;;;;2025-12-31;KREISE;;09172;;;;;;ALTX20;;ALTU18;unter 18 Jahre;17106;Anzahl;BEVSTD;Bevölkerung
12411;;;;2025-12-31;KREISE;;09172;;;;;;ALTX20;;ALT18B65;18 bis unter 65 Jahre;61985;Anzahl;BEVSTD;Bevölkerung
12411;;;;2025-12-31;KREISE;;09172;;;;;;ALTX20;;ALT65UM;65 Jahre und älter;26027;Anzahl;BEVSTD;Bevölkerung
12411;;;;2025-12-31;KREISE;;09172;;;;;;ALTX20;;ALTU18;unter 18 Jahre;16,3;%;BEVANT;Anteil an der Bevölkerung, berechnet
12411;;;;2025-12-31;KREISE;;09172;;;;;;ALTX20;;ALT18B65;18 bis unter 65 Jahre;59,0;%;BEVANT;Anteil an der Bevölkerung, berechnet
12411;;;;2025-12-31;KREISE;;09172;;;;;;ALTX20;;ALT65UM;65 Jahre und älter;24,8;%;BEVANT;Anteil an der Bevölkerung, berechnet
12411;;;;2025-12-31;KREISE;;09173;Bad Tölz-Wolfratshausen, Landkreis;;;;;;;;;130081;Anzahl;BEVSTD;Bevölkerung
12411;;;;2025-12-31;KREISE;;09173;;;;;;ALTX20;;ALTU18;unter 18 Jahre;22818;Anzahl;BEVSTD;Bevölkerung
12411;;;;2025-12-31;KREISE;;09173;;;;;;ALTX20;;ALT18B65;18 bis unter 65 Jahre;77357;Anzahl;BEVSTD;Bevölkerung
12411;;;;2025-12-31;KREISE;;09173;;;;;;ALTX20;;ALT65UM;65 Jahre und älter;29906;Anzahl;BEVSTD;Bevölkerung
12411;;;;2025-12-31;KREISE;;09173;;;;;;ALTX20;;ALTU18;unter 18 Jahre;17,5;%;BEVANT;Anteil an der Bevölkerung, berechnet
12411;;;;2025-12-31;KREISE;;09173;;;;;;ALTX20;;ALT18B65;18 bis unter 65 Jahre;59,5;%;BEVANT;Anteil an der Bevölkerung, berechnet
12411;;;;2025-12-31;KREISE;;09173;;;;;;ALTX20;;ALT65UM;65 Jahre und älter;23,0;%;BEVANT;Anteil an der Bevölkerung, berechnet
12411;;;;2025-12-31;KREISE;;09174;Dachau, Landkreis;;;;;;;;;154176;Anzahl;BEVSTD;Bevölkerung
12411;;;;2025-12-31;KREISE;;09174;;;;;;ALTX20;;ALTU18;unter 18 Jahre;27598;Anzahl;BEVSTD;Bevölkerung
12411;;;;2025-12-31;KREISE;;09174;;;;;;ALTX20;;ALT18B65;18 bis unter 65 Jahre;95371;Anzahl;BEVSTD;Bevölkerung
12411;;;;2025-12-31;KREISE;;09174;;;;;;ALTX20;;ALT65UM;65 Jahre und älter;31207;Anzahl;BEVSTD;Bevölkerung
12411;;;;2025-12-31;KREISE;;09174;;;;;;ALTX20;;ALTU18;unter 18 Jahre;17,9;%;BEVANT;Anteil an der Bevölkerung, berechnet
12411;;;;2025-12-31;KREISE;;09174;;;;;;ALTX20;;ALT18B65;18 bis unter 65 Jahre;61,9;%;BEVANT;Anteil an der Bevölkerung, berechnet
12411;;;;2025-12-31;KREISE;;09174;;;;;;ALTX20;;ALT65UM;65 Jahre und älter;20,2;%;BEVANT;Anteil an der Bevölkerung, berechnet
12411;;;;2025-12-31;KREISE;;09175;Ebersberg, Landkreis;;;;;;;;;144526;Anzahl;BEVSTD;Bevölkerung
12411;;;;2025-12-31;KREISE;;09175;;;;;;ALTX20;;ALTU18;unter 18 Jahre;26944;Anzahl;BEVSTD;Bevölkerung
12411;;;;2025-12-31;KREISE;;09175;;;;;;ALTX20;;ALT18B65;18 bis unter 65 Jahre;88299;Anzahl;BEVSTD;Bevölkerung
12411;;;;2025-12-31;KREISE;;09175;;;;;;ALTX20;;ALT65UM;65 Jahre und älter;29283;Anzahl;BEVSTD;Bevölkerung
12411;;;;2025-12-31;KREISE;;09175;;;;;;ALTX20;;ALTU18;unter 18 Jahre;18,6;%;BEVANT;Anteil an der Bevölkerung, berechnet
12411;;;;2025-12-31;KREISE;;09175;;;;;;ALTX20;;ALT18B65;18 bis unter 65 Jahre;61,1;%;BEVANT;Anteil an der Bevölkerung, berechnet
12411;;;;2025-12-31;KREISE;;09175;;;;;;ALTX20;;ALT65UM;65 Jahre und älter;20,3;%;BEVANT;Anteil an der Bevölkerung, berechnet
12411;;;;2025-12-31;KREISE;;09176;Eichstätt, Landkreis;;;;;;;;;135982;Anzahl;BEVSTD;Bevölkerung
12411;;;;2025-12-31;KREISE;;09176;;;;;;ALTX20;;ALTU18;unter 18 Jahre;26486;Anzahl;BEVSTD;Bevölkerung
12411;;;;2025-12-31;KREISE;;09176;;;;;;ALTX20;;ALT18B65;18 bis unter 65 Jahre;81777;Anzahl;BEVSTD;Bevölkerung
12411;;;;2025-12-31;KREISE;;09176;;;;;;ALTX20;;ALT65UM;65 Jahre und älter;27719;Anzahl;BEVSTD;Bevölkerung
12411;;;;2025-12-31;KREISE;;09176;;;;;;ALTX20;;ALTU18;unter 18 Jahre;19,5;%;BEVANT;Anteil an der Bevölkerung, berechnet
12411;;;;2025-12-31;KREISE;;09176;;;;;;ALTX20;;ALT18B65;18 bis unter 65 Jahre;60,1;%;BEVANT;Anteil an der Bevölkerung, berechnet
12411;;;;2025-12-31;KREISE;;09176;;;;;;ALTX20;;ALT65UM;65 Jahre und älter;20,4;%;BEVANT;Anteil an der Bevölkerung, berechnet
12411;;;;2025-12-31;KREISE;;09177;Erding, Landkreis;;;;;;;;;140456;Anzahl;BEVSTD;Bevölkerung
12411;;;;2025-12-31;KREISE;;09177;;;;;;ALTX20;;ALTU18;unter 18 Jahre;25029;Anzahl;BEVSTD;Bevölkerung
12411;;;;2025-12-31;KREISE;;09177;;;;;;ALTX20;;ALT18B65;18 bis unter 65 Jahre;88588;Anzahl;BEVSTD;Bevölkerung
12411;;;;2025-12-31;KREISE;;09177;;;;;;ALTX20;;ALT65UM;65 Jahre und älter;26839;Anzahl;BEVSTD;Bevölkerung
12411;;;;2025-12-31;KREISE;;09177;;;;;;ALTX20;;ALTU18;unter 18 Jahre;17,8;%;BEVANT;Anteil an der Bevölkerung, berechnet
12411;;;;2025-12-31;KREISE;;09177;;;;;;ALTX20;;ALT18B65;18 bis unter 65 Jahre;63,1;%;BEVANT;Anteil an der Bevölkerung, berechnet
12411;;;;2025-12-31;KREISE;;09177;;;;;;ALTX20;;ALT65UM;65 Jahre und älter;19,1;%;BEVANT;Anteil an der Bevölkerung, berechnet
12411;;;;2025-12-31;KREISE;;09178;Freising, Landkreis;;;;;;;;;184399;Anzahl;BEVSTD;Bevölkerung
12411;;;;2025-12-31;KREISE;;09178;;;;;;ALTX20;;ALTU18;unter 18 Jahre;31818;Anzahl;BEVSTD;Bevölkerung
12411;;;;2025-12-31;KREISE;;09178;;;;;;ALTX20;;ALT18B65;18 bis unter 65 Jahre;119965;Anzahl;BEVSTD;Bevölkerung
12411;;;;2025-12-31;KREISE;;09178;;;;;;ALTX20;;ALT65UM;65 Jahre und älter;32616;Anzahl;BEVSTD;Bevölkerung
12411;;;;2025-12-31;KREISE;;09178;;;;;;ALTX20;;ALTU18;unter 18 Jahre;17,3;%;BEVANT;Anteil an der Bevölkerung, berechnet
12411;;;;2025-12-31;KREISE;;09178;;;;;;ALTX20;;ALT18B65;18 bis unter 65 Jahre;65,1;%;BEVANT;Anteil an der Bevölkerung, berechnet
12411;;;;2025-12-31;KREISE;;09178;;;;;;ALTX20;;ALT65UM;65 Jahre und älter;17,7;%;BEVANT;Anteil an der Bevölkerung, berechnet
12411;;;;2025-12-31;KREISE;;09179;Fürstenfeldbruck, Landkreis;;;;;;;;;218580;Anzahl;BEVSTD;Bevölkerung
12411;;;;2025-12-31;KREISE;;09179;;;;;;ALTX20;;ALTU18;unter 18 Jahre;39001;Anzahl;BEVSTD;Bevölkerung
12411;;;;2025-12-31;KREISE;;09179;;;;;;ALTX20;;ALT18B65;18 bis unter 65 Jahre;130604;Anzahl;BEVSTD;Bevölkerung
12411;;;;2025-12-31;KREISE;;09179;;;;;;ALTX20;;ALT65UM;65 Jahre und älter;48975;Anzahl;BEVSTD;Bevölkerung
12411;;;;2025-12-31;KREISE;;09179;;;;;;ALTX20;;ALTU18;unter 18 Jahre;17,8;%;BEVANT;Anteil an der Bevölkerung, berechnet
12411;;;;2025-12-31;KREISE;;09179;;;;;;ALTX20;;ALT18B65;18 bis unter 65 Jahre;59,8;%;BEVANT;Anteil an der Bevölkerung, berechnet
12411;;;;2025-12-31;KREISE;;09179;;;;;;ALTX20;;ALT65UM;65 Jahre und älter;22,4;%;BEVANT;Anteil an der Bevölkerung, berechnet
12411;;;;2025-12-31;KREISE;;09180;Garmisch-Partenkirchen, Landkreis;;;;;;;;;89350;Anzahl;BEVSTD;Bevölkerung
12411;;;;2025-12-31;KREISE;;09180;;;;;;ALTX20;;ALTU18;unter 18 Jahre;13712;Anzahl;BEVSTD;Bevölkerung
12411;;;;2025-12-31;KREISE;;09180;;;;;;ALTX20;;ALT18B65;18 bis unter 65 Jahre;52478;Anzahl;BEVSTD;Bevölkerung
12411;;;;2025-12-31;KREISE;;09180;;;;;;ALTX20;;ALT65UM;65 Jahre und älter;23160;Anzahl;BEVSTD;Bevölkerung
12411;;;;2025-12-31;KREISE;;09180;;;;;;ALTX20;;ALTU18;unter 18 Jahre;15,3;%;BEVANT;Anteil an der Bevölkerung, berechnet
12411;;;;2025-12-31;KREISE;;09180;;;;;;ALTX20;;ALT18B65;18 bis unter 65 Jahre;58,7;%;BEVANT;Anteil an der Bevölkerung, berechnet
12411;;;;2025-12-31;KREISE;;09180;;;;;;ALTX20;;ALT65UM;65 Jahre und älter;25,9;%;BEVANT;Anteil an der Bevölkerung, berechnet
12411;;;;2025-12-31;KREISE;;09181;Landsberg am Lech, Landkreis;;;;;;;;;122307;Anzahl;BEVSTD;Bevölkerung
12411;;;;2025-12-31;KREISE;;09181;;;;;;ALTX20;;ALTU18;unter 18 Jahre;21781;Anzahl;BEVSTD;Bevölkerung
12411;;;;2025-12-31;KREISE;;09181;;;;;;ALTX20;;ALT18B65;18 bis unter 65 Jahre;72902;Anzahl;BEVSTD;Bevölkerung
12411;;;;2025-12-31;KREISE;;09181;;;;;;ALTX20;;ALT65UM;65 Jahre und älter;27624;Anzahl;BEVSTD;Bevölkerung
12411;;;;2025-12-31;KREISE;;09181;;;;;;ALTX20;;ALTU18;unter 18 Jahre;17,8;%;BEVANT;Anteil an der Bevölkerung, berechnet
12411;;;;2025-12-31;KREISE;;09181;;;;;;ALTX20;;ALT18B65;18 bis unter 65 Jahre;59,6;%;BEVANT;Anteil an der Bevölkerung, berechnet
12411;;;;2025-12-31;KREISE;;09181;;;;;;ALTX20;;ALT65UM;65 Jahre und älter;22,6;%;BEVANT;Anteil an der Bevölkerung, berechnet
12411;;;;2025-12-31;KREISE;;09182;Miesbach, Landkreis;;;;;;;;;96924;Anzahl;BEVSTD;Bevölkerung
12411;;;;2025-12-31;KREISE;;09182;;;;;;ALTX20;;ALTU18;unter 18 Jahre;16109;Anzahl;BEVSTD;Bevölkerung
12411;;;;2025-12-31;KREISE;;09182;;;;;;ALTX20;;ALT18B65;18 bis unter 65 Jahre;57550;Anzahl;BEVSTD;Bevölkerung
12411;;;;2025-12-31;KREISE;;09182;;;;;;ALTX20;;ALT65UM;65 Jahre und älter;23265;Anzahl;BEVSTD;Bevölkerung
12411;;;;2025-12-31;KREISE;;09182;;;;;;ALTX20;;ALTU18;unter 18 Jahre;16,6;%;BEVANT;Anteil an der Bevölkerung, berechnet
12411;;;;2025-12-31;KREISE;;09182;;;;;;ALTX20;;ALT18B65;18 bis unter 65 Jahre;59,4;%;BEVANT;Anteil an der Bevölkerung, berechnet
12411;;;;2025-12-31;KREISE;;09182;;;;;;ALTX20;;ALT65UM;65 Jahre und älter;24,0;%;BEVANT;Anteil an der Bevölkerung, berechnet
12411;;;;2025-12-31;KREISE;;09183;Mühldorf a.Inn, Landkreis;;;;;;;;;122314;Anzahl;BEVSTD;Bevölkerung
12411;;;;2025-12-31;KREISE;;09183;;;;;;ALTX20;;ALTU18;unter 18 Jahre;21566;Anzahl;BEVSTD;Bevölkerung
12411;;;;2025-12-31;KREISE;;09183;;;;;;ALTX20;;ALT18B65;18 bis unter 65 Jahre;74129;Anzahl;BEVSTD;Bevölkerung
12411;;;;2025-12-31;KREISE;;09183;;;;;;ALTX20;;ALT65UM;65 Jahre und älter;26619;Anzahl;BEVSTD;Bevölkerung
12411;;;;2025-12-31;KREISE;;09183;;;;;;ALTX20;;ALTU18;unter 18 Jahre;17,6;%;BEVANT;Anteil an der Bevölkerung, berechnet
12411;;;;2025-12-31;KREISE;;09183;;;;;;ALTX20;;ALT18B65;18 bis unter 65 Jahre;60,6;%;BEVANT;Anteil an der Bevölkerung, berechnet
12411;;;;2025-12-31;KREISE;;09183;;;;;;ALTX20;;ALT65UM;65 Jahre und älter;21,8;%;BEVANT;Anteil an der Bevölkerung, berechnet
12411;;;;2025-12-31;KREISE;;09184;München, Landkreis;;;;;;;;;353994;Anzahl;BEVSTD;Bevölkerung
12411;;;;2025-12-31;KREISE;;09184;;;;;;ALTX20;;ALTU18;unter 18 Jahre;62695;Anzahl;BEVSTD;Bevölkerung
12411;;;;2025-12-31;KREISE;;09184;;;;;;ALTX20;;ALT18B65;18 bis unter 65 Jahre;215870;Anzahl;BEVSTD;Bevölkerung
12411;;;;2025-12-31;KREISE;;09184;;;;;;ALTX20;;ALT65UM;65 Jahre und älter;75429;Anzahl;BEVSTD;Bevölkerung
12411;;;;2025-12-31;KREISE;;09184;;;;;;ALTX20;;ALTU18;unter 18 Jahre;17,7;%;BEVANT;Anteil an der Bevölkerung, berechnet
12411;;;;2025-12-31;KREISE;;09184;;;;;;ALTX20;;ALT18B65;18 bis unter 65 Jahre;61,0;%;BEVANT;Anteil an der Bevölkerung, berechnet
12411;;;;2025-12-31;KREISE;;09184;;;;;;ALTX20;;ALT65UM;65 Jahre und älter;21,3;%;BEVANT;Anteil an der Bevölkerung, berechnet
12411;;;;2025-12-31;KREISE;;09185;Neuburg-Schrobenhausen, Landkreis;;;;;;;;;99429;Anzahl;BEVSTD;Bevölkerung
12411;;;;2025-12-31;KREISE;;09185;;;;;;ALTX20;;ALTU18;unter 18 Jahre;18339;Anzahl;BEVSTD;Bevölkerung
12411;;;;2025-12-31;KREISE;;09185;;;;;;ALTX20;;ALT18B65;18 bis unter 65 Jahre;59906;Anzahl;BEVSTD;Bevölkerung
12411;;;;2025-12-31;KREISE;;09185;;;;;;ALTX20;;ALT65UM;65 Jahre und älter;21184;Anzahl;BEVSTD;Bevölkerung
12411;;;;2025-12-31;KREISE;;09185;;;;;;ALTX20;;ALTU18;unter 18 Jahre;18,4;%;BEVANT;Anteil an der Bevölkerung, berechnet
12411;;;;2025-12-31;KREISE;;09185;;;;;;ALTX20;;ALT18B65;18 bis unter 65 Jahre;60,3;%;BEVANT;Anteil an der Bevölkerung, berechnet
12411;;;;2025-12-31;KREISE;;09185;;;;;;ALTX20;;ALT65UM;65 Jahre und älter;21,3;%;BEVANT;Anteil an der Bevölkerung, berechnet
12411;;;;2025-12-31;KREISE;;09186;Pfaffenhofen a.d.Ilm, Landkreis;;;;;;;;;131079;Anzahl;BEVSTD;Bevölkerung
12411;;;;2025-12-31;KREISE;;09186;;;;;;ALTX20;;ALTU18;unter 18 Jahre;24096;Anzahl;BEVSTD;Bevölkerung
12411;;;;2025-12-31;KREISE;;09186;;;;;;ALTX20;;ALT18B65;18 bis unter 65 Jahre;80476;Anzahl;BEVSTD;Bevölkerung
12411;;;;2025-12-31;KREISE;;09186;;;;;;ALTX20;;ALT65UM;65 Jahre und älter;26507;Anzahl;BEVSTD;Bevölkerung
12411;;;;2025-12-31;KREISE;;09186;;;;;;ALTX20;;ALTU18;unter 18 Jahre;18,4;%;BEVANT;Anteil an der Bevölkerung, berechnet
12411;;;;2025-12-31;KREISE;;09186;;;;;;ALTX20;;ALT18B65;18 bis unter 65 Jahre;61,4;%;BEVANT;Anteil an der Bevölkerung, berechnet
12411;;;;2025-12-31;KREISE;;09186;;;;;;ALTX20;;ALT65UM;65 Jahre und älter;20,2;%;BEVANT;Anteil an der Bevölkerung, berechnet
12411;;;;2025-12-31;KREISE;;09187;Rosenheim, Landkreis;;;;;;;;;258824;Anzahl;BEVSTD;Bevölkerung
12411;;;;2025-12-31;KREISE;;09187;;;;;;ALTX20;;ALTU18;unter 18 Jahre;45369;Anzahl;BEVSTD;Bevölkerung
12411;;;;2025-12-31;KREISE;;09187;;;;;;ALTX20;;ALT18B65;18 bis unter 65 Jahre;152564;Anzahl;BEVSTD;Bevölkerung
12411;;;;2025-12-31;KREISE;;09187;;;;;;ALTX20;;ALT65UM;65 Jahre und älter;60891;Anzahl;BEVSTD;Bevölkerung
12411;;;;2025-12-31;KREISE;;09187;;;;;;ALTX20;;ALTU18;unter 18 Jahre;17,5;%;BEVANT;Anteil an der Bevölkerung, berechnet
12411;;;;2025-12-31;KREISE;;09187;;;;;;ALTX20;;ALT18B65;18 bis unter 65 Jahre;58,9;%;BEVANT;Anteil an der Bevölkerung, berechnet
12411;;;;2025-12-31;KREISE;;09187;;;;;;ALTX20;;ALT65UM;65 Jahre und älter;23,5;%;BEVANT;Anteil an der Bevölkerung, berechnet
12411;;;;2025-12-31;KREISE;;09188;Starnberg, Landkreis;;;;;;;;;139709;Anzahl;BEVSTD;Bevölkerung
12411;;;;2025-12-31;KREISE;;09188;;;;;;ALTX20;;ALTU18;unter 18 Jahre;24435;Anzahl;BEVSTD;Bevölkerung
12411;;;;2025-12-31;KREISE;;09188;;;;;;ALTX20;;ALT18B65;18 bis unter 65 Jahre;81306;Anzahl;BEVSTD;Bevölkerung
12411;;;;2025-12-31;KREISE;;09188;;;;;;ALTX20;;ALT65UM;65 Jahre und älter;33968;Anzahl;BEVSTD;Bevölkerung
12411;;;;2025-12-31;KREISE;;09188;;;;;;ALTX20;;ALTU18;unter 18 Jahre;17,5;%;BEVANT;Anteil an der Bevölkerung, berechnet
12411;;;;2025-12-31;KREISE;;09188;;;;;;ALTX20;;ALT18B65;18 bis unter 65 Jahre;58,2;%;BEVANT;Anteil an der Bevölkerung, berechnet
12411;;;;2025-12-31;KREISE;;09188;;;;;;ALTX20;;ALT65UM;65 Jahre und älter;24,3;%;BEVANT;Anteil an der Bevölkerung, berechnet
12411;;;;2025-12-31;KREISE;;09189;Traunstein, Landkreis;;;;;;;;;175319;Anzahl;BEVSTD;Bevölkerung
12411;;;;2025-12-31;KREISE;;09189;;;;;;ALTX20;;ALTU18;unter 18 Jahre;29656;Anzahl;BEVSTD;Bevölkerung
12411;;;;2025-12-31;KREISE;;09189;;;;;;ALTX20;;ALT18B65;18 bis unter 65 Jahre;102372;Anzahl;BEVSTD;Bevölkerung
12411;;;;2025-12-31;KREISE;;09189;;;;;;ALTX20;;ALT65UM;65 Jahre und älter;43291;Anzahl;BEVSTD;Bevölkerung
12411;;;;2025-12-31;KREISE;;09189;;;;;;ALTX20;;ALTU18;unter 18 Jahre;16,9;%;BEVANT;Anteil an der Bevölkerung, berechnet
12411;;;;2025-12-31;KREISE;;09189;;;;;;ALTX20;;ALT18B65;18 bis unter 65 Jahre;58,4;%;BEVANT;Anteil an der Bevölkerung, berechnet
12411;;;;2025-12-31;KREISE;;09189;;;;;;ALTX20;;ALT65UM;65 Jahre und älter;24,7;%;BEVANT;Anteil an der Bevölkerung, berechnet
12411;;;;2025-12-31;KREISE;;09190;Weilheim-Schongau, Landkreis;;;;;;;;;139241;Anzahl;BEVSTD;Bevölkerung
12411;;;;2025-12-31;KREISE;;09190;;;;;;ALTX20;;ALTU18;unter 18 Jahre;24960;Anzahl;BEVSTD;Bevölkerung
12411;;;;2025-12-31;KREISE;;09190;;;;;;ALTX20;;ALT18B65;18 bis unter 65 Jahre;81528;Anzahl;BEVSTD;Bevölkerung
12411;;;;2025-12-31;KREISE;;09190;;;;;;ALTX20;;ALT65UM;65 Jahre und älter;32753;Anzahl;BEVSTD;Bevölkerung
12411;;;;2025-12-31;KREISE;;09190;;;;;;ALTX20;;ALTU18;unter 18 Jahre;17,9;%;BEVANT;Anteil an der Bevölkerung, berechnet
12411;;;;2025-12-31;KREISE;;09190;;;;;;ALTX20;;ALT18B65;18 bis unter 65 Jahre;58,6;%;BEVANT;Anteil an der Bevölkerung, berechnet
12411;;;;2025-12-31;KREISE;;09190;;;;;;ALTX20;;ALT65UM;65 Jahre und älter;23,5;%;BEVANT;Anteil an der Bevölkerung, berechnet
12411;;;;2025-12-31;KREISE;;09261;Landshut, kreisfreie Stadt;;;;;;;;;71922;Anzahl;BEVSTD;Bevölkerung
12411;;;;2025-12-31;KREISE;;09261;;;;;;ALTX20;;ALTU18;unter 18 Jahre;11785;Anzahl;BEVSTD;Bevölkerung
12411;;;;2025-12-31;KREISE;;09261;;;;;;ALTX20;;ALT18B65;18 bis unter 65 Jahre;45203;Anzahl;BEVSTD;Bevölkerung
12411;;;;2025-12-31;KREISE;;09261;;;;;;ALTX20;;ALT65UM;65 Jahre und älter;14934;Anzahl;BEVSTD;Bevölkerung
12411;;;;2025-12-31;KREISE;;09261;;;;;;ALTX20;;ALTU18;unter 18 Jahre;16,4;%;BEVANT;Anteil an der Bevölkerung, berechnet
12411;;;;2025-12-31;KREISE;;09261;;;;;;ALTX20;;ALT18B65;18 bis unter 65 Jahre;62,9;%;BEVANT;Anteil an der Bevölkerung, berechnet
12411;;;;2025-12-31;KREISE;;09261;;;;;;ALTX20;;ALT65UM;65 Jahre und älter;20,8;%;BEVANT;Anteil an der Bevölkerung, berechnet
12411;;;;2025-12-31;KREISE;;09262;Passau, kreisfreie Stadt;;;;;;;;;53523;Anzahl;BEVSTD;Bevölkerung
12411;;;;2025-12-31;KREISE;;09262;;;;;;ALTX20;;ALTU18;unter 18 Jahre;7625;Anzahl;BEVSTD;Bevölkerung
12411;;;;2025-12-31;KREISE;;09262;;;;;;ALTX20;;ALT18B65;18 bis unter 65 Jahre;33882;Anzahl;BEVSTD;Bevölkerung
12411;;;;2025-12-31;KREISE;;09262;;;;;;ALTX20;;ALT65UM;65 Jahre und älter;12016;Anzahl;BEVSTD;Bevölkerung
12411;;;;2025-12-31;KREISE;;09262;;;;;;ALTX20;;ALTU18;unter 18 Jahre;14,2;%;BEVANT;Anteil an der Bevölkerung, berechnet
12411;;;;2025-12-31;KREISE;;09262;;;;;;ALTX20;;ALT18B65;18 bis unter 65 Jahre;63,3;%;BEVANT;Anteil an der Bevölkerung, berechnet
12411;;;;2025-12-31;KREISE;;09262;;;;;;ALTX20;;ALT65UM;65 Jahre und älter;22,5;%;BEVANT;Anteil an der Bevölkerung, berechnet
12411;;;;2025-12-31;KREISE;;09263;Straubing, kreisfreie Stadt;;;;;;;;;49061;Anzahl;BEVSTD;Bevölkerung
12411;;;;2025-12-31;KREISE;;09263;;;;;;ALTX20;;ALTU18;unter 18 Jahre;7286;Anzahl;BEVSTD;Bevölkerung
12411;;;;2025-12-31;KREISE;;09263;;;;;;ALTX20;;ALT18B65;18 bis unter 65 Jahre;30803;Anzahl;BEVSTD;Bevölkerung
12411;;;;2025-12-31;KREISE;;09263;;;;;;ALTX20;;ALT65UM;65 Jahre und älter;10972;Anzahl;BEVSTD;Bevölkerung
12411;;;;2025-12-31;KREISE;;09263;;;;;;ALTX20;;ALTU18;unter 18 Jahre;14,9;%;BEVANT;Anteil an der Bevölkerung, berechnet
12411;;;;2025-12-31;KREISE;;09263;;;;;;ALTX20;;ALT18B65;18 bis unter 65 Jahre;62,8;%;BEVANT;Anteil an der Bevölkerung, berechnet
12411;;;;2025-12-31;KREISE;;09263;;;;;;ALTX20;;ALT65UM;65 Jahre und älter;22,4;%;BEVANT;Anteil an der Bevölkerung, berechnet
12411;;;;2025-12-31;KREISE;;09271;Deggendorf, Landkreis;;;;;;;;;121886;Anzahl;BEVSTD;Bevölkerung
12411;;;;2025-12-31;KREISE;;09271;;;;;;ALTX20;;ALTU18;unter 18 Jahre;19478;Anzahl;BEVSTD;Bevölkerung
12411;;;;2025-12-31;KREISE;;09271;;;;;;ALTX20;;ALT18B65;18 bis unter 65 Jahre;74591;Anzahl;BEVSTD;Bevölkerung
12411;;;;2025-12-31;KREISE;;09271;;;;;;ALTX20;;ALT65UM;65 Jahre und älter;27817;Anzahl;BEVSTD;Bevölkerung
12411;;;;2025-12-31;KREISE;;09271;;;;;;ALTX20;;ALTU18;unter 18 Jahre;16,0;%;BEVANT;Anteil an der Bevölkerung, berechnet
12411;;;;2025-12-31;KREISE;;09271;;;;;;ALTX20;;ALT18B65;18 bis unter 65 Jahre;61,2;%;BEVANT;Anteil an der Bevölkerung, berechnet
12411;;;;2025-12-31;KREISE;;09271;;;;;;ALTX20;;ALT65UM;65 Jahre und älter;22,8;%;BEVANT;Anteil an der Bevölkerung, berechnet
12411;;;;2025-12-31;KREISE;;09272;Freyung-Grafenau, Landkreis;;;;;;;;;78441;Anzahl;BEVSTD;Bevölkerung
12411;;;;2025-12-31;KREISE;;09272;;;;;;ALTX20;;ALTU18;unter 18 Jahre;12119;Anzahl;BEVSTD;Bevölkerung
12411;;;;2025-12-31;KREISE;;09272;;;;;;ALTX20;;ALT18B65;18 bis unter 65 Jahre;46161;Anzahl;BEVSTD;Bevölkerung
12411;;;;2025-12-31;KREISE;;09272;;;;;;ALTX20;;ALT65UM;65 Jahre und älter;20161;Anzahl;BEVSTD;Bevölkerung
12411;;;;2025-12-31;KREISE;;09272;;;;;;ALTX20;;ALTU18;unter 18 Jahre;15,4;%;BEVANT;Anteil an der Bevölkerung, berechnet
12411;;;;2025-12-31;KREISE;;09272;;;;;;ALTX20;;ALT18B65;18 bis unter 65 Jahre;58,8;%;BEVANT;Anteil an der Bevölkerung, berechnet
12411;;;;2025-12-31;KREISE;;09272;;;;;;ALTX20;;ALT65UM;65 Jahre und älter;25,7;%;BEVANT;Anteil an der Bevölkerung, berechnet
12411;;;;2025-12-31;KREISE;;09273;Kelheim, Landkreis;;;;;;;;;126321;Anzahl;BEVSTD;Bevölkerung
12411;;;;2025-12-31;KREISE;;09273;;;;;;ALTX20;;ALTU18;unter 18 Jahre;22678;Anzahl;BEVSTD;Bevölkerung
12411;;;;2025-12-31;KREISE;;09273;;;;;;ALTX20;;ALT18B65;18 bis unter 65 Jahre;76947;Anzahl;BEVSTD;Bevölkerung
12411;;;;2025-12-31;KREISE;;09273;;;;;;ALTX20;;ALT65UM;65 Jahre und älter;26696;Anzahl;BEVSTD;Bevölkerung
12411;;;;2025-12-31;KREISE;;09273;;;;;;ALTX20;;ALTU18;unter 18 Jahre;18,0;%;BEVANT;Anteil an der Bevölkerung, berechnet
12411;;;;2025-12-31;KREISE;;09273;;;;;;ALTX20;;ALT18B65;18 bis unter 65 Jahre;60,9;%;BEVANT;Anteil an der Bevölkerung, berechnet
12411;;;;2025-12-31;KREISE;;09273;;;;;;ALTX20;;ALT65UM;65 Jahre und älter;21,1;%;BEVANT;Anteil an der Bevölkerung, berechnet
12411;;;;2025-12-31;KREISE;;09274;Landshut, Landkreis;;;;;;;;;162624;Anzahl;BEVSTD;Bevölkerung
12411;;;;2025-12-31;KREISE;;09274;;;;;;ALTX20;;ALTU18;unter 18 Jahre;29581;Anzahl;BEVSTD;Bevölkerung
12411;;;;2025-12-31;KREISE;;09274;;;;;;ALTX20;;ALT18B65;18 bis unter 65 Jahre;98623;Anzahl;BEVSTD;Bevölkerung
12411;;;;2025-12-31;KREISE;;09274;;;;;;ALTX20;;ALT65UM;65 Jahre und älter;34420;Anzahl;BEVSTD;Bevölkerung
12411;;;;2025-12-31;KREISE;;09274;;;;;;ALTX20;;ALTU18;unter 18 Jahre;18,2;%;BEVANT;Anteil an der Bevölkerung, berechnet
12411;;;;2025-12-31;KREISE;;09274;;;;;;ALTX20;;ALT18B65;18 bis unter 65 Jahre;60,6;%;BEVANT;Anteil an der Bevölkerung, berechnet
12411;;;;2025-12-31;KREISE;;09274;;;;;;ALTX20;;ALT65UM;65 Jahre und älter;21,2;%;BEVANT;Anteil an der Bevölkerung, berechnet
12411;;;;2025-12-31;KREISE;;09275;Passau, Landkreis;;;;;;;;;194329;Anzahl;BEVSTD;Bevölkerung
12411;;;;2025-12-31;KREISE;;09275;;;;;;ALTX20;;ALTU18;unter 18 Jahre;31184;Anzahl;BEVSTD;Bevölkerung
12411;;;;2025-12-31;KREISE;;09275;;;;;;ALTX20;;ALT18B65;18 bis unter 65 Jahre;113621;Anzahl;BEVSTD;Bevölkerung
12411;;;;2025-12-31;KREISE;;09275;;;;;;ALTX20;;ALT65UM;65 Jahre und älter;49524;Anzahl;BEVSTD;Bevölkerung
12411;;;;2025-12-31;KREISE;;09275;;;;;;ALTX20;;ALTU18;unter 18 Jahre;16,0;%;BEVANT;Anteil an der Bevölkerung, berechnet
12411;;;;2025-12-31;KREISE;;09275;;;;;;ALTX20;;ALT18B65;18 bis unter 65 Jahre;58,5;%;BEVANT;Anteil an der Bevölkerung, berechnet
12411;;;;2025-12-31;KREISE;;09275;;;;;;ALTX20;;ALT65UM;65 Jahre und älter;25,5;%;BEVANT;Anteil an der Bevölkerung, berechnet
12411;;;;2025-12-31;KREISE;;09276;Regen, Landkreis;;;;;;;;;77118;Anzahl;BEVSTD;Bevölkerung
12411;;;;2025-12-31;KREISE;;09276;;;;;;ALTX20;;ALTU18;unter 18 Jahre;12225;Anzahl;BEVSTD;Bevölkerung
12411;;;;2025-12-31;KREISE;;09276;;;;;;ALTX20;;ALT18B65;18 bis unter 65 Jahre;45068;Anzahl;BEVSTD;Bevölkerung
12411;;;;2025-12-31;KREISE;;09276;;;;;;ALTX20;;ALT65UM;65 Jahre und älter;19825;Anzahl;BEVSTD;Bevölkerung
12411;;;;2025-12-31;KREISE;;09276;;;;;;ALTX20;;ALTU18;unter 18 Jahre;15,9;%;BEVANT;Anteil an der Bevölkerung, berechnet
12411;;;;2025-12-31;KREISE;;09276;;;;;;ALTX20;;ALT18B65;18 bis unter 65 Jahre;58,4;%;BEVANT;Anteil an der Bevölkerung, berechnet
12411;;;;2025-12-31;KREISE;;09276;;;;;;ALTX20;;ALT65UM;65 Jahre und älter;25,7;%;BEVANT;Anteil an der Bevölkerung, berechnet
12411;;;;2025-12-31;KREISE;;09277;Rottal-Inn, Landkreis;;;;;;;;;120638;Anzahl;BEVSTD;Bevölkerung
12411;;;;2025-12-31;KREISE;;09277;;;;;;ALTX20;;ALTU18;unter 18 Jahre;20377;Anzahl;BEVSTD;Bevölkerung
12411;;;;2025-12-31;KREISE;;09277;;;;;;ALTX20;;ALT18B65;18 bis unter 65 Jahre;71403;Anzahl;BEVSTD;Bevölkerung
12411;;;;2025-12-31;KREISE;;09277;;;;;;ALTX20;;ALT65UM;65 Jahre und älter;28858;Anzahl;BEVSTD;Bevölkerung
12411;;;;2025-12-31;KREISE;;09277;;;;;;ALTX20;;ALTU18;unter 18 Jahre;16,9;%;BEVANT;Anteil an der Bevölkerung, berechnet
12411;;;;2025-12-31;KREISE;;09277;;;;;;ALTX20;;ALT18B65;18 bis unter 65 Jahre;59,2;%;BEVANT;Anteil an der Bevölkerung, berechnet
12411;;;;2025-12-31;KREISE;;09277;;;;;;ALTX20;;ALT65UM;65 Jahre und älter;23,9;%;BEVANT;Anteil an der Bevölkerung, berechnet
12411;;;;2025-12-31;KREISE;;09278;Straubing-Bogen, Landkreis;;;;;;;;;103104;Anzahl;BEVSTD;Bevölkerung
12411;;;;2025-12-31;KREISE;;09278;;;;;;ALTX20;;ALTU18;unter 18 Jahre;18250;Anzahl;BEVSTD;Bevölkerung
12411;;;;2025-12-31;KREISE;;09278;;;;;;ALTX20;;ALT18B65;18 bis unter 65 Jahre;61970;Anzahl;BEVSTD;Bevölkerung
12411;;;;2025-12-31;KREISE;;09278;;;;;;ALTX20;;ALT65UM;65 Jahre und älter;22884;Anzahl;BEVSTD;Bevölkerung
12411;;;;2025-12-31;KREISE;;09278;;;;;;ALTX20;;ALTU18;unter 18 Jahre;17,7;%;BEVANT;Anteil an der Bevölkerung, berechnet
12411;;;;2025-12-31;KREISE;;09278;;;;;;ALTX20;;ALT18B65;18 bis unter 65 Jahre;60,1;%;BEVANT;Anteil an der Bevölkerung, berechnet
12411;;;;2025-12-31;KREISE;;09278;;;;;;ALTX20;;ALT65UM;65 Jahre und älter;22,2;%;BEVANT;Anteil an der Bevölkerung, berechnet
12411;;;;2025-12-31;KREISE;;09279;Dingolfing-Landau, Landkreis;;;;;;;;;101040;Anzahl;BEVSTD;Bevölkerung
12411;;;;2025-12-31;KREISE;;09279;;;;;;ALTX20;;ALTU18;unter 18 Jahre;17180;Anzahl;BEVSTD;Bevölkerung
12411;;;;2025-12-31;KREISE;;09279;;;;;;ALTX20;;ALT18B65;18 bis unter 65 Jahre;62397;Anzahl;BEVSTD;Bevölkerung
12411;;;;2025-12-31;KREISE;;09279;;;;;;ALTX20;;ALT65UM;65 Jahre und älter;21463;Anzahl;BEVSTD;Bevölkerung
12411;;;;2025-12-31;KREISE;;09279;;;;;;ALTX20;;ALTU18;unter 18 Jahre;17,0;%;BEVANT;Anteil an der Bevölkerung, berechnet
12411;;;;2025-12-31;KREISE;;09279;;;;;;ALTX20;;ALT18B65;18 bis unter 65 Jahre;61,8;%;BEVANT;Anteil an der Bevölkerung, berechnet
12411;;;;2025-12-31;KREISE;;09279;;;;;;ALTX20;;ALT65UM;65 Jahre und älter;21,2;%;BEVANT;Anteil an der Bevölkerung, berechnet
12411;;;;2025-12-31;KREISE;;09361;Amberg, kreisfreie Stadt;;;;;;;;;42631;Anzahl;BEVSTD;Bevölkerung
12411;;;;2025-12-31;KREISE;;09361;;;;;;ALTX20;;ALTU18;unter 18 Jahre;6580;Anzahl;BEVSTD;Bevölkerung
12411;;;;2025-12-31;KREISE;;09361;;;;;;ALTX20;;ALT18B65;18 bis unter 65 Jahre;25545;Anzahl;BEVSTD;Bevölkerung
12411;;;;2025-12-31;KREISE;;09361;;;;;;ALTX20;;ALT65UM;65 Jahre und älter;10506;Anzahl;BEVSTD;Bevölkerung
12411;;;;2025-12-31;KREISE;;09361;;;;;;ALTX20;;ALTU18;unter 18 Jahre;15,4;%;BEVANT;Anteil an der Bevölkerung, berechnet
12411;;;;2025-12-31;KREISE;;09361;;;;;;ALTX20;;ALT18B65;18 bis unter 65 Jahre;59,9;%;BEVANT;Anteil an der Bevölkerung, berechnet
12411;;;;2025-12-31;KREISE;;09361;;;;;;ALTX20;;ALT65UM;65 Jahre und älter;24,6;%;BEVANT;Anteil an der Bevölkerung, berechnet
12411;;;;2025-12-31;KREISE;;09362;Regensburg, kreisfreie Stadt;;;;;;;;;151517;Anzahl;BEVSTD;Bevölkerung
12411;;;;2025-12-31;KREISE;;09362;;;;;;ALTX20;;ALTU18;unter 18 Jahre;21613;Anzahl;BEVSTD;Bevölkerung
12411;;;;2025-12-31;KREISE;;09362;;;;;;ALTX20;;ALT18B65;18 bis unter 65 Jahre;103289;Anzahl;BEVSTD;Bevölkerung
12411;;;;2025-12-31;KREISE;;09362;;;;;;ALTX20;;ALT65UM;65 Jahre und älter;26615;Anzahl;BEVSTD;Bevölkerung
12411;;;;2025-12-31;KREISE;;09362;;;;;;ALTX20;;ALTU18;unter 18 Jahre;14,3;%;BEVANT;Anteil an der Bevölkerung, berechnet
12411;;;;2025-12-31;KREISE;;09362;;;;;;ALTX20;;ALT18B65;18 bis unter 65 Jahre;68,2;%;BEVANT;Anteil an der Bevölkerung, berechnet
12411;;;;2025-12-31;KREISE;;09362;;;;;;ALTX20;;ALT65UM;65 Jahre und älter;17,6;%;BEVANT;Anteil an der Bevölkerung, berechnet
12411;;;;2025-12-31;KREISE;;09363;Weiden i.d.OPf., kreisfreie Stadt;;;;;;;;;42453;Anzahl;BEVSTD;Bevölkerung
12411;;;;2025-12-31;KREISE;;09363;;;;;;ALTX20;;ALTU18;unter 18 Jahre;6491;Anzahl;BEVSTD;Bevölkerung
12411;;;;2025-12-31;KREISE;;09363;;;;;;ALTX20;;ALT18B65;18 bis unter 65 Jahre;25837;Anzahl;BEVSTD;Bevölkerung
12411;;;;2025-12-31;KREISE;;09363;;;;;;ALTX20;;ALT65UM;65 Jahre und älter;10125;Anzahl;BEVSTD;Bevölkerung
12411;;;;2025-12-31;KREISE;;09363;;;;;;ALTX20;;ALTU18;unter 18 Jahre;15,3;%;BEVANT;Anteil an der Bevölkerung, berechnet
12411;;;;2025-12-31;KREISE;;09363;;;;;;ALTX20;;ALT18B65;18 bis unter 65 Jahre;60,9;%;BEVANT;Anteil an der Bevölkerung, berechnet
12411;;;;2025-12-31;KREISE;;09363;;;;;;ALTX20;;ALT65UM;65 Jahre und älter;23,8;%;BEVANT;Anteil an der Bevölkerung, berechnet
12411;;;;2025-12-31;KREISE;;09371;Amberg-Sulzbach, Landkreis;;;;;;;;;103788;Anzahl;BEVSTD;Bevölkerung
12411;;;;2025-12-31;KREISE;;09371;;;;;;ALTX20;;ALTU18;unter 18 Jahre;17536;Anzahl;BEVSTD;Bevölkerung
12411;;;;2025-12-31;KREISE;;09371;;;;;;ALTX20;;ALT18B65;18 bis unter 65 Jahre;61342;Anzahl;BEVSTD;Bevölkerung
12411;;;;2025-12-31;KREISE;;09371;;;;;;ALTX20;;ALT65UM;65 Jahre und älter;24910;Anzahl;BEVSTD;Bevölkerung
12411;;;;2025-12-31;KREISE;;09371;;;;;;ALTX20;;ALTU18;unter 18 Jahre;16,9;%;BEVANT;Anteil an der Bevölkerung, berechnet
12411;;;;2025-12-31;KREISE;;09371;;;;;;ALTX20;;ALT18B65;18 bis unter 65 Jahre;59,1;%;BEVANT;Anteil an der Bevölkerung, berechnet
12411;;;;2025-12-31;KREISE;;09371;;;;;;ALTX20;;ALT65UM;65 Jahre und älter;24,0;%;BEVANT;Anteil an der Bevölkerung, berechnet
12411;;;;2025-12-31;KREISE;;09372;Cham, Landkreis;;;;;;;;;128141;Anzahl;BEVSTD;Bevölkerung
12411;;;;2025-12-31;KREISE;;09372;;;;;;ALTX20;;ALTU18;unter 18 Jahre;20765;Anzahl;BEVSTD;Bevölkerung
12411;;;;2025-12-31;KREISE;;09372;;;;;;ALTX20;;ALT18B65;18 bis unter 65 Jahre;76139;Anzahl;BEVSTD;Bevölkerung
12411;;;;2025-12-31;KREISE;;09372;;;;;;ALTX20;;ALT65UM;65 Jahre und älter;31237;Anzahl;BEVSTD;Bevölkerung
12411;;;;2025-12-31;KREISE;;09372;;;;;;ALTX20;;ALTU18;unter 18 Jahre;16,2;%;BEVANT;Anteil an der Bevölkerung, berechnet
12411;;;;2025-12-31;KREISE;;09372;;;;;;ALTX20;;ALT18B65;18 bis unter 65 Jahre;59,4;%;BEVANT;Anteil an der Bevölkerung, berechnet
12411;;;;2025-12-31;KREISE;;09372;;;;;;ALTX20;;ALT65UM;65 Jahre und älter;24,4;%;BEVANT;Anteil an der Bevölkerung, berechnet
12411;;;;2025-12-31;KREISE;;09373;Neumarkt i.d.OPf., Landkreis;;;;;;;;;138902;Anzahl;BEVSTD;Bevölkerung
12411;;;;2025-12-31;KREISE;;09373;;;;;;ALTX20;;ALTU18;unter 18 Jahre;24314;Anzahl;BEVSTD;Bevölkerung
12411;;;;2025-12-31;KREISE;;09373;;;;;;ALTX20;;ALT18B65;18 bis unter 65 Jahre;84294;Anzahl;BEVSTD;Bevölkerung
12411;;;;2025-12-31;KREISE;;09373;;;;;;ALTX20;;ALT65UM;65 Jahre und älter;30294;Anzahl;BEVSTD;Bevölkerung
12411;;;;2025-12-31;KREISE;;09373;;;;;;ALTX20;;ALTU18;unter 18 Jahre;17,5;%;BEVANT;Anteil an der Bevölkerung, berechnet
12411;;;;2025-12-31;KREISE;;09373;;;;;;ALTX20;;ALT18B65;18 bis unter 65 Jahre;60,7;%;BEVANT;Anteil an der Bevölkerung, berechnet
12411;;;;2025-12-31;KREISE;;09373;;;;;;ALTX20;;ALT65UM;65 Jahre und älter;21,8;%;BEVANT;Anteil an der Bevölkerung, berechnet
12411;;;;2025-12-31;KREISE;;09374;Neustadt a.d.Waldnaab, Landkreis;;;;;;;;;95657;Anzahl;BEVSTD;Bevölkerung
12411;;;;2025-12-31;KREISE;;09374;;;;;;ALTX20;;ALTU18;unter 18 Jahre;16224;Anzahl;BEVSTD;Bevölkerung
12411;;;;2025-12-31;KREISE;;09374;;;;;;ALTX20;;ALT18B65;18 bis unter 65 Jahre;56622;Anzahl;BEVSTD;Bevölkerung
12411;;;;2025-12-31;KREISE;;09374;;;;;;ALTX20;;ALT65UM;65 Jahre und älter;22811;Anzahl;BEVSTD;Bevölkerung
12411;;;;2025-12-31;KREISE;;09374;;;;;;ALTX20;;ALTU18;unter 18 Jahre;17,0;%;BEVANT;Anteil an der Bevölkerung, berechnet
12411;;;;2025-12-31;KREISE;;09374;;;;;;ALTX20;;ALT18B65;18 bis unter 65 Jahre;59,2;%;BEVANT;Anteil an der Bevölkerung, berechnet
12411;;;;2025-12-31;KREISE;;09374;;;;;;ALTX20;;ALT65UM;65 Jahre und älter;23,8;%;BEVANT;Anteil an der Bevölkerung, berechnet
12411;;;;2025-12-31;KREISE;;09375;Regensburg, Landkreis;;;;;;;;;196410;Anzahl;BEVSTD;Bevölkerung
12411;;;;2025-12-31;KREISE;;09375;;;;;;ALTX20;;ALTU18;unter 18 Jahre;35115;Anzahl;BEVSTD;Bevölkerung
12411;;;;2025-12-31;KREISE;;09375;;;;;;ALTX20;;ALT18B65;18 bis unter 65 Jahre;117674;Anzahl;BEVSTD;Bevölkerung
12411;;;;2025-12-31;KREISE;;09375;;;;;;ALTX20;;ALT65UM;65 Jahre und älter;43621;Anzahl;BEVSTD;Bevölkerung
12411;;;;2025-12-31;KREISE;;09375;;;;;;ALTX20;;ALTU18;unter 18 Jahre;17,9;%;BEVANT;Anteil an der Bevölkerung, berechnet
12411;;;;2025-12-31;KREISE;;09375;;;;;;ALTX20;;ALT18B65;18 bis unter 65 Jahre;59,9;%;BEVANT;Anteil an der Bevölkerung, berechnet
12411;;;;2025-12-31;KREISE;;09375;;;;;;ALTX20;;ALT65UM;65 Jahre und älter;22,2;%;BEVANT;Anteil an der Bevölkerung, berechnet
12411;;;;2025-12-31;KREISE;;09376;Schwandorf, Landkreis;;;;;;;;;149363;Anzahl;BEVSTD;Bevölkerung
12411;;;;2025-12-31;KREISE;;09376;;;;;;ALTX20;;ALTU18;unter 18 Jahre;24944;Anzahl;BEVSTD;Bevölkerung
12411;;;;2025-12-31;KREISE;;09376;;;;;;ALTX20;;ALT18B65;18 bis unter 65 Jahre;90571;Anzahl;BEVSTD;Bevölkerung
12411;;;;2025-12-31;KREISE;;09376;;;;;;ALTX20;;ALT65UM;65 Jahre und älter;33848;Anzahl;BEVSTD;Bevölkerung
12411;;;;2025-12-31;KREISE;;09376;;;;;;ALTX20;;ALTU18;unter 18 Jahre;16,7;%;BEVANT;Anteil an der Bevölkerung, berechnet
12411;;;;2025-12-31;KREISE;;09376;;;;;;ALTX20;;ALT18B65;18 bis unter 65 Jahre;60,6;%;BEVANT;Anteil an der Bevölkerung, berechnet
12411;;;;2025-12-31;KREISE;;09376;;;;;;ALTX20;;ALT65UM;65 Jahre und älter;22,7;%;BEVANT;Anteil an der Bevölkerung, berechnet
12411;;;;2025-12-31;KREISE;;09377;Tirschenreuth, Landkreis;;;;;;;;;71768;Anzahl;BEVSTD;Bevölkerung
12411;;;;2025-12-31;KREISE;;09377;;;;;;ALTX20;;ALTU18;unter 18 Jahre;11341;Anzahl;BEVSTD;Bevölkerung
12411;;;;2025-12-31;KREISE;;09377;;;;;;ALTX20;;ALT18B65;18 bis unter 65 Jahre;42310;Anzahl;BEVSTD;Bevölkerung
12411;;;;2025-12-31;KREISE;;09377;;;;;;ALTX20;;ALT65UM;65 Jahre und älter;18117;Anzahl;BEVSTD;Bevölkerung
12411;;;;2025-12-31;KREISE;;09377;;;;;;ALTX20;;ALTU18;unter 18 Jahre;15,8;%;BEVANT;Anteil an der Bevölkerung, berechnet
12411;;;;2025-12-31;KREISE;;09377;;;;;;ALTX20;;ALT18B65;18 bis unter 65 Jahre;59,0;%;BEVANT;Anteil an der Bevölkerung, berechnet
12411;;;;2025-12-31;KREISE;;09377;;;;;;ALTX20;;ALT65UM;65 Jahre und älter;25,2;%;BEVANT;Anteil an der Bevölkerung, berechnet
12411;;;;2025-12-31;KREISE;;09461;Bamberg, kreisfreie Stadt;;;;;;;;;77218;Anzahl;BEVSTD;Bevölkerung
12411;;;;2025-12-31;KREISE;;09461;;;;;;ALTX20;;ALTU18;unter 18 Jahre;11662;Anzahl;BEVSTD;Bevölkerung
12411;;;;2025-12-31;KREISE;;09461;;;;;;ALTX20;;ALT18B65;18 bis unter 65 Jahre;49722;Anzahl;BEVSTD;Bevölkerung
12411;;;;2025-12-31;KREISE;;09461;;;;;;ALTX20;;ALT65UM;65 Jahre und älter;15834;Anzahl;BEVSTD;Bevölkerung
12411;;;;2025-12-31;KREISE;;09461;;;;;;ALTX20;;ALTU18;unter 18 Jahre;15,1;%;BEVANT;Anteil an der Bevölkerung, berechnet
12411;;;;2025-12-31;KREISE;;09461;;;;;;ALTX20;;ALT18B65;18 bis unter 65 Jahre;64,4;%;BEVANT;Anteil an der Bevölkerung, berechnet
12411;;;;2025-12-31;KREISE;;09461;;;;;;ALTX20;;ALT65UM;65 Jahre und älter;20,5;%;BEVANT;Anteil an der Bevölkerung, berechnet
12411;;;;2025-12-31;KREISE;;09462;Bayreuth, kreisfreie Stadt;;;;;;;;;72919;Anzahl;BEVSTD;Bevölkerung
12411;;;;2025-12-31;KREISE;;09462;;;;;;ALTX20;;ALTU18;unter 18 Jahre;9801;Anzahl;BEVSTD;Bevölkerung
12411;;;;2025-12-31;KREISE;;09462;;;;;;ALTX20;;ALT18B65;18 bis unter 65 Jahre;46473;Anzahl;BEVSTD;Bevölkerung
12411;;;;2025-12-31;KREISE;;09462;;;;;;ALTX20;;ALT65UM;65 Jahre und älter;16645;Anzahl;BEVSTD;Bevölkerung
12411;;;;2025-12-31;KREISE;;09462;;;;;;ALTX20;;ALTU18;unter 18 Jahre;13,4;%;BEVANT;Anteil an der Bevölkerung, berechnet
12411;;;;2025-12-31;KREISE;;09462;;;;;;ALTX20;;ALT18B65;18 bis unter 65 Jahre;63,7;%;BEVANT;Anteil an der Bevölkerung, berechnet
12411;;;;2025-12-31;KREISE;;09462;;;;;;ALTX20;;ALT65UM;65 Jahre und älter;22,8;%;BEVANT;Anteil an der Bevölkerung, berechnet
12411;;;;2025-12-31;KREISE;;09463;Coburg, kreisfreie Stadt;;;;;;;;;40970;Anzahl;BEVSTD;Bevölkerung
12411;;;;2025-12-31;KREISE;;09463;;;;;;ALTX20;;ALTU18;unter 18 Jahre;5981;Anzahl;BEVSTD;Bevölkerung
12411;;;;2025-12-31;KREISE;;09463;;;;;;ALTX20;;ALT18B65;18 bis unter 65 Jahre;24899;Anzahl;BEVSTD;Bevölkerung
12411;;;;2025-12-31;KREISE;;09463;;;;;;ALTX20;;ALT65UM;65 Jahre und älter;10090;Anzahl;BEVSTD;Bevölkerung
12411;;;;2025-12-31;KREISE;;09463;;;;;;ALTX20;;ALTU18;unter 18 Jahre;14,6;%;BEVANT;Anteil an der Bevölkerung, berechnet
12411;;;;2025-12-31;KREISE;;09463;;;;;;ALTX20;;ALT18B65;18 bis unter 65 Jahre;60,8;%;BEVANT;Anteil an der Bevölkerung, berechnet
12411;;;;2025-12-31;KREISE;;09463;;;;;;ALTX20;;ALT65UM;65 Jahre und älter;24,6;%;BEVANT;Anteil an der Bevölkerung, berechnet
12411;;;;2025-12-31;KREISE;;09464;Hof, kreisfreie Stadt;;;;;;;;;46624;Anzahl;BEVSTD;Bevölkerung
12411;;;;2025-12-31;KREISE;;09464;;;;;;ALTX20;;ALTU18;unter 18 Jahre;7603;Anzahl;BEVSTD;Bevölkerung
12411;;;;2025-12-31;KREISE;;09464;;;;;;ALTX20;;ALT18B65;18 bis unter 65 Jahre;27784;Anzahl;BEVSTD;Bevölkerung
12411;;;;2025-12-31;KREISE;;09464;;;;;;ALTX20;;ALT65UM;65 Jahre und älter;11237;Anzahl;BEVSTD;Bevölkerung
12411;;;;2025-12-31;KREISE;;09464;;;;;;ALTX20;;ALTU18;unter 18 Jahre;16,3;%;BEVANT;Anteil an der Bevölkerung, berechnet
12411;;;;2025-12-31;KREISE;;09464;;;;;;ALTX20;;ALT18B65;18 bis unter 65 Jahre;59,6;%;BEVANT;Anteil an der Bevölkerung, berechnet
12411;;;;2025-12-31;KREISE;;09464;;;;;;ALTX20;;ALT65UM;65 Jahre und älter;24,1;%;BEVANT;Anteil an der Bevölkerung, berechnet
12411;;;;2025-12-31;KREISE;;09471;Bamberg, Landkreis;;;;;;;;;147319;Anzahl;BEVSTD;Bevölkerung
12411;;;;2025-12-31;KREISE;;09471;;;;;;ALTX20;;ALTU18;unter 18 Jahre;25758;Anzahl;BEVSTD;Bevölkerung
12411;;;;2025-12-31;KREISE;;09471;;;;;;ALTX20;;ALT18B65;18 bis unter 65 Jahre;88406;Anzahl;BEVSTD;Bevölkerung
12411;;;;2025-12-31;KREISE;;09471;;;;;;ALTX20;;ALT65UM;65 Jahre und älter;33155;Anzahl;BEVSTD;Bevölkerung
12411;;;;2025-12-31;KREISE;;09471;;;;;;ALTX20;;ALTU18;unter 18 Jahre;17,5;%;BEVANT;Anteil an der Bevölkerung, berechnet
12411;;;;2025-12-31;KREISE;;09471;;;;;;ALTX20;;ALT18B65;18 bis unter 65 Jahre;60,0;%;BEVANT;Anteil an der Bevölkerung, berechnet
12411;;;;2025-12-31;KREISE;;09471;;;;;;ALTX20;;ALT65UM;65 Jahre und älter;22,5;%;BEVANT;Anteil an der Bevölkerung, berechnet
12411;;;;2025-12-31;KREISE;;09472;Bayreuth, Landkreis;;;;;;;;;102756;Anzahl;BEVSTD;Bevölkerung
12411;;;;2025-12-31;KREISE;;09472;;;;;;ALTX20;;ALTU18;unter 18 Jahre;16688;Anzahl;BEVSTD;Bevölkerung
12411;;;;2025-12-31;KREISE;;09472;;;;;;ALTX20;;ALT18B65;18 bis unter 65 Jahre;60230;Anzahl;BEVSTD;Bevölkerung
12411;;;;2025-12-31;KREISE;;09472;;;;;;ALTX20;;ALT65UM;65 Jahre und älter;25838;Anzahl;BEVSTD;Bevölkerung
12411;;;;2025-12-31;KREISE;;09472;;;;;;ALTX20;;ALTU18;unter 18 Jahre;16,2;%;BEVANT;Anteil an der Bevölkerung, berechnet
12411;;;;2025-12-31;KREISE;;09472;;;;;;ALTX20;;ALT18B65;18 bis unter 65 Jahre;58,6;%;BEVANT;Anteil an der Bevölkerung, berechnet
12411;;;;2025-12-31;KREISE;;09472;;;;;;ALTX20;;ALT65UM;65 Jahre und älter;25,1;%;BEVANT;Anteil an der Bevölkerung, berechnet
12411;;;;2025-12-31;KREISE;;09473;Coburg, Landkreis;;;;;;;;;83687;Anzahl;BEVSTD;Bevölkerung
12411;;;;2025-12-31;KREISE;;09473;;;;;;ALTX20;;ALTU18;unter 18 Jahre;13320;Anzahl;BEVSTD;Bevölkerung
12411;;;;2025-12-31;KREISE;;09473;;;;;;ALTX20;;ALT18B65;18 bis unter 65 Jahre;48797;Anzahl;BEVSTD;Bevölkerung
12411;;;;2025-12-31;KREISE;;09473;;;;;;ALTX20;;ALT65UM;65 Jahre und älter;21570;Anzahl;BEVSTD;Bevölkerung
12411;;;;2025-12-31;KREISE;;09473;;;;;;ALTX20;;ALTU18;unter 18 Jahre;15,9;%;BEVANT;Anteil an der Bevölkerung, berechnet
12411;;;;2025-12-31;KREISE;;09473;;;;;;ALTX20;;ALT18B65;18 bis unter 65 Jahre;58,3;%;BEVANT;Anteil an der Bevölkerung, berechnet
12411;;;;2025-12-31;KREISE;;09473;;;;;;ALTX20;;ALT65UM;65 Jahre und älter;25,8;%;BEVANT;Anteil an der Bevölkerung, berechnet
12411;;;;2025-12-31;KREISE;;09474;Forchheim, Landkreis;;;;;;;;;116602;Anzahl;BEVSTD;Bevölkerung
12411;;;;2025-12-31;KREISE;;09474;;;;;;ALTX20;;ALTU18;unter 18 Jahre;20319;Anzahl;BEVSTD;Bevölkerung
12411;;;;2025-12-31;KREISE;;09474;;;;;;ALTX20;;ALT18B65;18 bis unter 65 Jahre;69048;Anzahl;BEVSTD;Bevölkerung
12411;;;;2025-12-31;KREISE;;09474;;;;;;ALTX20;;ALT65UM;65 Jahre und älter;27235;Anzahl;BEVSTD;Bevölkerung
12411;;;;2025-12-31;KREISE;;09474;;;;;;ALTX20;;ALTU18;unter 18 Jahre;17,4;%;BEVANT;Anteil an der Bevölkerung, berechnet
12411;;;;2025-12-31;KREISE;;09474;;;;;;ALTX20;;ALT18B65;18 bis unter 65 Jahre;59,2;%;BEVANT;Anteil an der Bevölkerung, berechnet
12411;;;;2025-12-31;KREISE;;09474;;;;;;ALTX20;;ALT65UM;65 Jahre und älter;23,4;%;BEVANT;Anteil an der Bevölkerung, berechnet
12411;;;;2025-12-31;KREISE;;09475;Hof, Landkreis;;;;;;;;;91582;Anzahl;BEVSTD;Bevölkerung
12411;;;;2025-12-31;KREISE;;09475;;;;;;ALTX20;;ALTU18;unter 18 Jahre;13922;Anzahl;BEVSTD;Bevölkerung
12411;;;;2025-12-31;KREISE;;09475;;;;;;ALTX20;;ALT18B65;18 bis unter 65 Jahre;52461;Anzahl;BEVSTD;Bevölkerung
12411;;;;2025-12-31;KREISE;;09475;;;;;;ALTX20;;ALT65UM;65 Jahre und älter;25199;Anzahl;BEVSTD;Bevölkerung
12411;;;;2025-12-31;KREISE;;09475;;;;;;ALTX20;;ALTU18;unter 18 Jahre;15,2;%;BEVANT;Anteil an der Bevölkerung, berechnet
12411;;;;2025-12-31;KREISE;;09475;;;;;;ALTX20;;ALT18B65;18 bis unter 65 Jahre;57,3;%;BEVANT;Anteil an der Bevölkerung, berechnet
12411;;;;2025-12-31;KREISE;;09475;;;;;;ALTX20;;ALT65UM;65 Jahre und älter;27,5;%;BEVANT;Anteil an der Bevölkerung, berechnet
12411;;;;2025-12-31;KREISE;;09476;Kronach, Landkreis;;;;;;;;;63806;Anzahl;BEVSTD;Bevölkerung
12411;;;;2025-12-31;KREISE;;09476;;;;;;ALTX20;;ALTU18;unter 18 Jahre;8979;Anzahl;BEVSTD;Bevölkerung
12411;;;;2025-12-31;KREISE;;09476;;;;;;ALTX20;;ALT18B65;18 bis unter 65 Jahre;37434;Anzahl;BEVSTD;Bevölkerung
12411;;;;2025-12-31;KREISE;;09476;;;;;;ALTX20;;ALT65UM;65 Jahre und älter;17393;Anzahl;BEVSTD;Bevölkerung
12411;;;;2025-12-31;KREISE;;09476;;;;;;ALTX20;;ALTU18;unter 18 Jahre;14,1;%;BEVANT;Anteil an der Bevölkerung, berechnet
12411;;;;2025-12-31;KREISE;;09476;;;;;;ALTX20;;ALT18B65;18 bis unter 65 Jahre;58,7;%;BEVANT;Anteil an der Bevölkerung, berechnet
12411;;;;2025-12-31;KREISE;;09476;;;;;;ALTX20;;ALT65UM;65 Jahre und älter;27,3;%;BEVANT;Anteil an der Bevölkerung, berechnet
12411;;;;2025-12-31;KREISE;;09477;Kulmbach, Landkreis;;;;;;;;;70997;Anzahl;BEVSTD;Bevölkerung
12411;;;;2025-12-31;KREISE;;09477;;;;;;ALTX20;;ALTU18;unter 18 Jahre;10502;Anzahl;BEVSTD;Bevölkerung
12411;;;;2025-12-31;KREISE;;09477;;;;;;ALTX20;;ALT18B65;18 bis unter 65 Jahre;41726;Anzahl;BEVSTD;Bevölkerung
12411;;;;2025-12-31;KREISE;;09477;;;;;;ALTX20;;ALT65UM;65 Jahre und älter;18769;Anzahl;BEVSTD;Bevölkerung
12411;;;;2025-12-31;KREISE;;09477;;;;;;ALTX20;;ALTU18;unter 18 Jahre;14,8;%;BEVANT;Anteil an der Bevölkerung, berechnet
12411;;;;2025-12-31;KREISE;;09477;;;;;;ALTX20;;ALT18B65;18 bis unter 65 Jahre;58,8;%;BEVANT;Anteil an der Bevölkerung, berechnet
12411;;;;2025-12-31;KREISE;;09477;;;;;;ALTX20;;ALT65UM;65 Jahre und älter;26,4;%;BEVANT;Anteil an der Bevölkerung, berechnet
12411;;;;2025-12-31;KREISE;;09478;Lichtenfels, Landkreis;;;;;;;;;67114;Anzahl;BEVSTD;Bevölkerung
12411;;;;2025-12-31;KREISE;;09478;;;;;;ALTX20;;ALTU18;unter 18 Jahre;10766;Anzahl;BEVSTD;Bevölkerung
12411;;;;2025-12-31;KREISE;;09478;;;;;;ALTX20;;ALT18B65;18 bis unter 65 Jahre;39482;Anzahl;BEVSTD;Bevölkerung
12411;;;;2025-12-31;KREISE;;09478;;;;;;ALTX20;;ALT65UM;65 Jahre und älter;16866;Anzahl;BEVSTD;Bevölkerung
12411;;;;2025-12-31;KREISE;;09478;;;;;;ALTX20;;ALTU18;unter 18 Jahre;16,0;%;BEVANT;Anteil an der Bevölkerung, berechnet
12411;;;;2025-12-31;KREISE;;09478;;;;;;ALTX20;;ALT18B65;18 bis unter 65 Jahre;58,8;%;BEVANT;Anteil an der Bevölkerung, berechnet
12411;;;;2025-12-31;KREISE;;09478;;;;;;ALTX20;;ALT65UM;65 Jahre und älter;25,1;%;BEVANT;Anteil an der Bevölkerung, berechnet
12411;;;;2025-12-31;KREISE;;09479;Wunsiedel i.Fichtelgebirge, Landkreis;;;;;;;;;69990;Anzahl;BEVSTD;Bevölkerung
12411;;;;2025-12-31;KREISE;;09479;;;;;;ALTX20;;ALTU18;unter 18 Jahre;10640;Anzahl;BEVSTD;Bevölkerung
12411;;;;2025-12-31;KREISE;;09479;;;;;;ALTX20;;ALT18B65;18 bis unter 65 Jahre;39766;Anzahl;BEVSTD;Bevölkerung
12411;;;;2025-12-31;KREISE;;09479;;;;;;ALTX20;;ALT65UM;65 Jahre und älter;19584;Anzahl;BEVSTD;Bevölkerung
12411;;;;2025-12-31;KREISE;;09479;;;;;;ALTX20;;ALTU18;unter 18 Jahre;15,2;%;BEVANT;Anteil an der Bevölkerung, berechnet
12411;;;;2025-12-31;KREISE;;09479;;;;;;ALTX20;;ALT18B65;18 bis unter 65 Jahre;56,8;%;BEVANT;Anteil an der Bevölkerung, berechnet
12411;;;;2025-12-31;KREISE;;09479;;;;;;ALTX20;;ALT65UM;65 Jahre und älter;28,0;%;BEVANT;Anteil an der Bevölkerung, berechnet
12411;;;;2025-12-31;KREISE;;09561;Ansbach, kreisfreie Stadt;;;;;;;;;40554;Anzahl;BEVSTD;Bevölkerung
12411;;;;2025-12-31;KREISE;;09561;;;;;;ALTX20;;ALTU18;unter 18 Jahre;6857;Anzahl;BEVSTD;Bevölkerung
12411;;;;2025-12-31;KREISE;;09561;;;;;;ALTX20;;ALT18B65;18 bis unter 65 Jahre;24361;Anzahl;BEVSTD;Bevölkerung
12411;;;;2025-12-31;KREISE;;09561;;;;;;ALTX20;;ALT65UM;65 Jahre und älter;9336;Anzahl;BEVSTD;Bevölkerung
12411;;;;2025-12-31;KREISE;;09561;;;;;;ALTX20;;ALTU18;unter 18 Jahre;16,9;%;BEVANT;Anteil an der Bevölkerung, berechnet
12411;;;;2025-12-31;KREISE;;09561;;;;;;ALTX20;;ALT18B65;18 bis unter 65 Jahre;60,1;%;BEVANT;Anteil an der Bevölkerung, berechnet
12411;;;;2025-12-31;KREISE;;09561;;;;;;ALTX20;;ALT65UM;65 Jahre und älter;23,0;%;BEVANT;Anteil an der Bevölkerung, berechnet
12411;;;;2025-12-31;KREISE;;09562;Erlangen, kreisfreie Stadt;;;;;;;;;116450;Anzahl;BEVSTD;Bevölkerung
12411;;;;2025-12-31;KREISE;;09562;;;;;;ALTX20;;ALTU18;unter 18 Jahre;18329;Anzahl;BEVSTD;Bevölkerung
12411;;;;2025-12-31;KREISE;;09562;;;;;;ALTX20;;ALT18B65;18 bis unter 65 Jahre;76274;Anzahl;BEVSTD;Bevölkerung
12411;;;;2025-12-31;KREISE;;09562;;;;;;ALTX20;;ALT65UM;65 Jahre und älter;21847;Anzahl;BEVSTD;Bevölkerung
12411;;;;2025-12-31;KREISE;;09562;;;;;;ALTX20;;ALTU18;unter 18 Jahre;15,7;%;BEVANT;Anteil an der Bevölkerung, berechnet
12411;;;;2025-12-31;KREISE;;09562;;;;;;ALTX20;;ALT18B65;18 bis unter 65 Jahre;65,5;%;BEVANT;Anteil an der Bevölkerung, berechnet
12411;;;;2025-12-31;KREISE;;09562;;;;;;ALTX20;;ALT65UM;65 Jahre und älter;18,8;%;BEVANT;Anteil an der Bevölkerung, berechnet
12411;;;;2025-12-31;KREISE;;09563;Fürth, kreisfreie Stadt;;;;;;;;;131344;Anzahl;BEVSTD;Bevölkerung
12411;;;;2025-12-31;KREISE;;09563;;;;;;ALTX20;;ALTU18;unter 18 Jahre;21103;Anzahl;BEVSTD;Bevölkerung
12411;;;;2025-12-31;KREISE;;09563;;;;;;ALTX20;;ALT18B65;18 bis unter 65 Jahre;83791;Anzahl;BEVSTD;Bevölkerung
12411;;;;2025-12-31;KREISE;;09563;;;;;;ALTX20;;ALT65UM;65 Jahre und älter;26450;Anzahl;BEVSTD;Bevölkerung
12411;;;;2025-12-31;KREISE;;09563;;;;;;ALTX20;;ALTU18;unter 18 Jahre;16,1;%;BEVANT;Anteil an der Bevölkerung, berechnet
12411;;;;2025-12-31;KREISE;;09563;;;;;;ALTX20;;ALT18B65;18 bis unter 65 Jahre;63,8;%;BEVANT;Anteil an der Bevölkerung, berechnet
12411;;;;2025-12-31;KREISE;;09563;;;;;;ALTX20;;ALT65UM;65 Jahre und älter;20,1;%;BEVANT;Anteil an der Bevölkerung, berechnet
12411;;;;2025-12-31;KREISE;;09564;Nürnberg, kreisfreie Stadt;;;;;;;;;531159;Anzahl;BEVSTD;Bevölkerung
12411;;;;2025-12-31;KREISE;;09564;;;;;;ALTX20;;ALTU18;unter 18 Jahre;83990;Anzahl;BEVSTD;Bevölkerung
12411;;;;2025-12-31;KREISE;;09564;;;;;;ALTX20;;ALT18B65;18 bis unter 65 Jahre;339013;Anzahl;BEVSTD;Bevölkerung
12411;;;;2025-12-31;KREISE;;09564;;;;;;ALTX20;;ALT65UM;65 Jahre und älter;108156;Anzahl;BEVSTD;Bevölkerung
12411;;;;2025-12-31;KREISE;;09564;;;;;;ALTX20;;ALTU18;unter 18 Jahre;15,8;%;BEVANT;Anteil an der Bevölkerung, berechnet
12411;;;;2025-12-31;KREISE;;09564;;;;;;ALTX20;;ALT18B65;18 bis unter 65 Jahre;63,8;%;BEVANT;Anteil an der Bevölkerung, berechnet
12411;;;;2025-12-31;KREISE;;09564;;;;;;ALTX20;;ALT65UM;65 Jahre und älter;20,4;%;BEVANT;Anteil an der Bevölkerung, berechnet
12411;;;;2025-12-31;KREISE;;09565;Schwabach, kreisfreie Stadt;;;;;;;;;40702;Anzahl;BEVSTD;Bevölkerung
12411;;;;2025-12-31;KREISE;;09565;;;;;;ALTX20;;ALTU18;unter 18 Jahre;6988;Anzahl;BEVSTD;Bevölkerung
12411;;;;2025-12-31;KREISE;;09565;;;;;;ALTX20;;ALT18B65;18 bis unter 65 Jahre;24107;Anzahl;BEVSTD;Bevölkerung
12411;;;;2025-12-31;KREISE;;09565;;;;;;ALTX20;;ALT65UM;65 Jahre und älter;9607;Anzahl;BEVSTD;Bevölkerung
12411;;;;2025-12-31;KREISE;;09565;;;;;;ALTX20;;ALTU18;unter 18 Jahre;17,2;%;BEVANT;Anteil an der Bevölkerung, berechnet
12411;;;;2025-12-31;KREISE;;09565;;;;;;ALTX20;;ALT18B65;18 bis unter 65 Jahre;59,2;%;BEVANT;Anteil an der Bevölkerung, berechnet
12411;;;;2025-12-31;KREISE;;09565;;;;;;ALTX20;;ALT65UM;65 Jahre und älter;23,6;%;BEVANT;Anteil an der Bevölkerung, berechnet
12411;;;;2025-12-31;KREISE;;09571;Ansbach, Landkreis;;;;;;;;;187487;Anzahl;BEVSTD;Bevölkerung
12411;;;;2025-12-31;KREISE;;09571;;;;;;ALTX20;;ALTU18;unter 18 Jahre;33077;Anzahl;BEVSTD;Bevölkerung
12411;;;;2025-12-31;KREISE;;09571;;;;;;ALTX20;;ALT18B65;18 bis unter 65 Jahre;112276;Anzahl;BEVSTD;Bevölkerung
12411;;;;2025-12-31;KREISE;;09571;;;;;;ALTX20;;ALT65UM;65 Jahre und älter;42134;Anzahl;BEVSTD;Bevölkerung
12411;;;;2025-12-31;KREISE;;09571;;;;;;ALTX20;;ALTU18;unter 18 Jahre;17,6;%;BEVANT;Anteil an der Bevölkerung, berechnet
12411;;;;2025-12-31;KREISE;;09571;;;;;;ALTX20;;ALT18B65;18 bis unter 65 Jahre;59,9;%;BEVANT;Anteil an der Bevölkerung, berechnet
12411;;;;2025-12-31;KREISE;;09571;;;;;;ALTX20;;ALT65UM;65 Jahre und älter;22,5;%;BEVANT;Anteil an der Bevölkerung, berechnet
12411;;;;2025-12-31;KREISE;;09572;Erlangen-Höchstadt, Landkreis;;;;;;;;;138365;Anzahl;BEVSTD;Bevölkerung
12411;;;;2025-12-31;KREISE;;09572;;;;;;ALTX20;;ALTU18;unter 18 Jahre;25299;Anzahl;BEVSTD;Bevölkerung
12411;;;;2025-12-31;KREISE;;09572;;;;;;ALTX20;;ALT18B65;18 bis unter 65 Jahre;81182;Anzahl;BEVSTD;Bevölkerung
12411;;;;2025-12-31;KREISE;;09572;;;;;;ALTX20;;ALT65UM;65 Jahre und älter;31884;Anzahl;BEVSTD;Bevölkerung
12411;;;;2025-12-31;KREISE;;09572;;;;;;ALTX20;;ALTU18;unter 18 Jahre;18,3;%;BEVANT;Anteil an der Bevölkerung, berechnet
12411;;;;2025-12-31;KREISE;;09572;;;;;;ALTX20;;ALT18B65;18 bis unter 65 Jahre;58,7;%;BEVANT;Anteil an der Bevölkerung, berechnet
12411;;;;2025-12-31;KREISE;;09572;;;;;;ALTX20;;ALT65UM;65 Jahre und älter;23,0;%;BEVANT;Anteil an der Bevölkerung, berechnet
12411;;;;2025-12-31;KREISE;;09573;Fürth, Landkreis;;;;;;;;;117787;Anzahl;BEVSTD;Bevölkerung
12411;;;;2025-12-31;KREISE;;09573;;;;;;ALTX20;;ALTU18;unter 18 Jahre;20393;Anzahl;BEVSTD;Bevölkerung
12411;;;;2025-12-31;KREISE;;09573;;;;;;ALTX20;;ALT18B65;18 bis unter 65 Jahre;68421;Anzahl;BEVSTD;Bevölkerung
12411;;;;2025-12-31;KREISE;;09573;;;;;;ALTX20;;ALT65UM;65 Jahre und älter;28973;Anzahl;BEVSTD;Bevölkerung
12411;;;;2025-12-31;KREISE;;09573;;;;;;ALTX20;;ALTU18;unter 18 Jahre;17,3;%;BEVANT;Anteil an der Bevölkerung, berechnet
12411;;;;2025-12-31;KREISE;;09573;;;;;;ALTX20;;ALT18B65;18 bis unter 65 Jahre;58,1;%;BEVANT;Anteil an der Bevölkerung, berechnet
12411;;;;2025-12-31;KREISE;;09573;;;;;;ALTX20;;ALT65UM;65 Jahre und älter;24,6;%;BEVANT;Anteil an der Bevölkerung, berechnet
12411;;;;2025-12-31;KREISE;;09574;Nürnberger Land, Landkreis;;;;;;;;;168282;Anzahl;BEVSTD;Bevölkerung
12411;;;;2025-12-31;KREISE;;09574;;;;;;ALTX20;;ALTU18;unter 18 Jahre;28721;Anzahl;BEVSTD;Bevölkerung
12411;;;;2025-12-31;KREISE;;09574;;;;;;ALTX20;;ALT18B65;18 bis unter 65 Jahre;98793;Anzahl;BEVSTD;Bevölkerung
12411;;;;2025-12-31;KREISE;;09574;;;;;;ALTX20;;ALT65UM;65 Jahre und älter;40768;Anzahl;BEVSTD;Bevölkerung
12411;;;;2025-12-31;KREISE;;09574;;;;;;ALTX20;;ALTU18;unter 18 Jahre;17,1;%;BEVANT;Anteil an der Bevölkerung, berechnet
12411;;;;2025-12-31;KREISE;;09574;;;;;;ALTX20;;ALT18B65;18 bis unter 65 Jahre;58,7;%;BEVANT;Anteil an der Bevölkerung, berechnet
12411;;;;2025-12-31;KREISE;;09574;;;;;;ALTX20;;ALT65UM;65 Jahre und älter;24,2;%;BEVANT;Anteil an der Bevölkerung, berechnet
12411;;;;2025-12-31;KREISE;;09575;Neustadt a.d.Aisch-Bad Windsheim, Landkreis;;;;;;;;;100767;Anzahl;BEVSTD;Bevölkerung
12411;;;;2025-12-31;KREISE;;09575;;;;;;ALTX20;;ALTU18;unter 18 Jahre;17456;Anzahl;BEVSTD;Bevölkerung
12411;;;;2025-12-31;KREISE;;09575;;;;;;ALTX20;;ALT18B65;18 bis unter 65 Jahre;59606;Anzahl;BEVSTD;Bevölkerung
12411;;;;2025-12-31;KREISE;;09575;;;;;;ALTX20;;ALT65UM;65 Jahre und älter;23705;Anzahl;BEVSTD;Bevölkerung
12411;;;;2025-12-31;KREISE;;09575;;;;;;ALTX20;;ALTU18;unter 18 Jahre;17,3;%;BEVANT;Anteil an der Bevölkerung, berechnet
12411;;;;2025-12-31;KREISE;;09575;;;;;;ALTX20;;ALT18B65;18 bis unter 65 Jahre;59,2;%;BEVANT;Anteil an der Bevölkerung, berechnet
12411;;;;2025-12-31;KREISE;;09575;;;;;;ALTX20;;ALT65UM;65 Jahre und älter;23,5;%;BEVANT;Anteil an der Bevölkerung, berechnet
12411;;;;2025-12-31;KREISE;;09576;Roth, Landkreis;;;;;;;;;128210;Anzahl;BEVSTD;Bevölkerung
12411;;;;2025-12-31;KREISE;;09576;;;;;;ALTX20;;ALTU18;unter 18 Jahre;22260;Anzahl;BEVSTD;Bevölkerung
12411;;;;2025-12-31;KREISE;;09576;;;;;;ALTX20;;ALT18B65;18 bis unter 65 Jahre;75699;Anzahl;BEVSTD;Bevölkerung
12411;;;;2025-12-31;KREISE;;09576;;;;;;ALTX20;;ALT65UM;65 Jahre und älter;30251;Anzahl;BEVSTD;Bevölkerung
12411;;;;2025-12-31;KREISE;;09576;;;;;;ALTX20;;ALTU18;unter 18 Jahre;17,4;%;BEVANT;Anteil an der Bevölkerung, berechnet
12411;;;;2025-12-31;KREISE;;09576;;;;;;ALTX20;;ALT18B65;18 bis unter 65 Jahre;59,0;%;BEVANT;Anteil an der Bevölkerung, berechnet
12411;;;;2025-12-31;KREISE;;09576;;;;;;ALTX20;;ALT65UM;65 Jahre und älter;23,6;%;BEVANT;Anteil an der Bevölkerung, berechnet
12411;;;;2025-12-31;KREISE;;09577;Weißenburg-Gunzenhausen, Landkreis;;;;;;;;;94407;Anzahl;BEVSTD;Bevölkerung
12411;;;;2025-12-31;KREISE;;09577;;;;;;ALTX20;;ALTU18;unter 18 Jahre;16404;Anzahl;BEVSTD;Bevölkerung
12411;;;;2025-12-31;KREISE;;09577;;;;;;ALTX20;;ALT18B65;18 bis unter 65 Jahre;55226;Anzahl;BEVSTD;Bevölkerung
12411;;;;2025-12-31;KREISE;;09577;;;;;;ALTX20;;ALT65UM;65 Jahre und älter;22777;Anzahl;BEVSTD;Bevölkerung
12411;;;;2025-12-31;KREISE;;09577;;;;;;ALTX20;;ALTU18;unter 18 Jahre;17,4;%;BEVANT;Anteil an der Bevölkerung, berechnet
12411;;;;2025-12-31;KREISE;;09577;;;;;;ALTX20;;ALT18B65;18 bis unter 65 Jahre;58,5;%;BEVANT;Anteil an der Bevölkerung, berechnet
12411;;;;2025-12-31;KREISE;;09577;;;;;;ALTX20;;ALT65UM;65 Jahre und älter;24,1;%;BEVANT;Anteil an der Bevölkerung, berechnet
12411;;;;2025-12-31;KREISE;;09661;Aschaffenburg, kreisfreie Stadt;;;;;;;;;73326;Anzahl;BEVSTD;Bevölkerung
12411;;;;2025-12-31;KREISE;;09661;;;;;;ALTX20;;ALTU18;unter 18 Jahre;11733;Anzahl;BEVSTD;Bevölkerung
12411;;;;2025-12-31;KREISE;;09661;;;;;;ALTX20;;ALT18B65;18 bis unter 65 Jahre;45123;Anzahl;BEVSTD;Bevölkerung
12411;;;;2025-12-31;KREISE;;09661;;;;;;ALTX20;;ALT65UM;65 Jahre und älter;16470;Anzahl;BEVSTD;Bevölkerung
12411;;;;2025-12-31;KREISE;;09661;;;;;;ALTX20;;ALTU18;unter 18 Jahre;16,0;%;BEVANT;Anteil an der Bevölkerung, berechnet
12411;;;;2025-12-31;KREISE;;09661;;;;;;ALTX20;;ALT18B65;18 bis unter 65 Jahre;61,5;%;BEVANT;Anteil an der Bevölkerung, berechnet
12411;;;;2025-12-31;KREISE;;09661;;;;;;ALTX20;;ALT65UM;65 Jahre und älter;22,5;%;BEVANT;Anteil an der Bevölkerung, berechnet
12411;;;;2025-12-31;KREISE;;09662;Schweinfurt, kreisfreie Stadt;;;;;;;;;54539;Anzahl;BEVSTD;Bevölkerung
12411;;;;2025-12-31;KREISE;;09662;;;;;;ALTX20;;ALTU18;unter 18 Jahre;9066;Anzahl;BEVSTD;Bevölkerung
12411;;;;2025-12-31;KREISE;;09662;;;;;;ALTX20;;ALT18B65;18 bis unter 65 Jahre;32167;Anzahl;BEVSTD;Bevölkerung
12411;;;;2025-12-31;KREISE;;09662;;;;;;ALTX20;;ALT65UM;65 Jahre und älter;13306;Anzahl;BEVSTD;Bevölkerung
12411;;;;2025-12-31;KREISE;;09662;;;;;;ALTX20;;ALTU18;unter 18 Jahre;16,6;%;BEVANT;Anteil an der Bevölkerung, berechnet
12411;;;;2025-12-31;KREISE;;09662;;;;;;ALTX20;;ALT18B65;18 bis unter 65 Jahre;59,0;%;BEVANT;Anteil an der Bevölkerung, berechnet
12411;;;;2025-12-31;KREISE;;09662;;;;;;ALTX20;;ALT65UM;65 Jahre und älter;24,4;%;BEVANT;Anteil an der Bevölkerung, berechnet
12411;;;;2025-12-31;KREISE;;09663;Würzburg, kreisfreie Stadt;;;;;;;;;133753;Anzahl;BEVSTD;Bevölkerung
12411;;;;2025-12-31;KREISE;;09663;;;;;;ALTX20;;ALTU18;unter 18 Jahre;17403;Anzahl;BEVSTD;Bevölkerung
12411;;;;2025-12-31;KREISE;;09663;;;;;;ALTX20;;ALT18B65;18 bis unter 65 Jahre;88700;Anzahl;BEVSTD;Bevölkerung
12411;;;;2025-12-31;KREISE;;09663;;;;;;ALTX20;;ALT65UM;65 Jahre und älter;27650;Anzahl;BEVSTD;Bevölkerung
12411;;;;2025-12-31;KREISE;;09663;;;;;;ALTX20;;ALTU18;unter 18 Jahre;13,0;%;BEVANT;Anteil an der Bevölkerung, berechnet
12411;;;;2025-12-31;KREISE;;09663;;;;;;ALTX20;;ALT18B65;18 bis unter 65 Jahre;66,3;%;BEVANT;Anteil an der Bevölkerung, berechnet
12411;;;;2025-12-31;KREISE;;09663;;;;;;ALTX20;;ALT65UM;65 Jahre und älter;20,7;%;BEVANT;Anteil an der Bevölkerung, berechnet
12411;;;;2025-12-31;KREISE;;09671;Aschaffenburg, Landkreis;;;;;;;;;170120;Anzahl;BEVSTD;Bevölkerung
12411;;;;2025-12-31;KREISE;;09671;;;;;;ALTX20;;ALTU18;unter 18 Jahre;28413;Anzahl;BEVSTD;Bevölkerung
12411;;;;2025-12-31;KREISE;;09671;;;;;;ALTX20;;ALT18B65;18 bis unter 65 Jahre;100413;Anzahl;BEVSTD;Bevölkerung
12411;;;;2025-12-31;KREISE;;09671;;;;;;ALTX20;;ALT65UM;65 Jahre und älter;41294;Anzahl;BEVSTD;Bevölkerung
12411;;;;2025-12-31;KREISE;;09671;;;;;;ALTX20;;ALTU18;unter 18 Jahre;16,7;%;BEVANT;Anteil an der Bevölkerung, berechnet
12411;;;;2025-12-31;KREISE;;09671;;;;;;ALTX20;;ALT18B65;18 bis unter 65 Jahre;59,0;%;BEVANT;Anteil an der Bevölkerung, berechnet
12411;;;;2025-12-31;KREISE;;09671;;;;;;ALTX20;;ALT65UM;65 Jahre und älter;24,3;%;BEVANT;Anteil an der Bevölkerung, berechnet
12411;;;;2025-12-31;KREISE;;09672;Bad Kissingen, Landkreis;;;;;;;;;102950;Anzahl;BEVSTD;Bevölkerung
12411;;;;2025-12-31;KREISE;;09672;;;;;;ALTX20;;ALTU18;unter 18 Jahre;16487;Anzahl;BEVSTD;Bevölkerung
12411;;;;2025-12-31;KREISE;;09672;;;;;;ALTX20;;ALT18B65;18 bis unter 65 Jahre;58403;Anzahl;BEVSTD;Bevölkerung
12411;;;;2025-12-31;KREISE;;09672;;;;;;ALTX20;;ALT65UM;65 Jahre und älter;28060;Anzahl;BEVSTD;Bevölkerung
12411;;;;2025-12-31;KREISE;;09672;;;;;;ALTX20;;ALTU18;unter 18 Jahre;16,0;%;BEVANT;Anteil an der Bevölkerung, berechnet
12411;;;;2025-12-31;KREISE;;09672;;;;;;ALTX20;;ALT18B65;18 bis unter 65 Jahre;56,7;%;BEVANT;Anteil an der Bevölkerung, berechnet
12411;;;;2025-12-31;KREISE;;09672;;;;;;ALTX20;;ALT65UM;65 Jahre und älter;27,3;%;BEVANT;Anteil an der Bevölkerung, berechnet
12411;;;;2025-12-31;KREISE;;09673;Rhön-Grabfeld, Landkreis;;;;;;;;;78902;Anzahl;BEVSTD;Bevölkerung
12411;;;;2025-12-31;KREISE;;09673;;;;;;ALTX20;;ALTU18;unter 18 Jahre;13263;Anzahl;BEVSTD;Bevölkerung
12411;;;;2025-12-31;KREISE;;09673;;;;;;ALTX20;;ALT18B65;18 bis unter 65 Jahre;45654;Anzahl;BEVSTD;Bevölkerung
12411;;;;2025-12-31;KREISE;;09673;;;;;;ALTX20;;ALT65UM;65 Jahre und älter;19985;Anzahl;BEVSTD;Bevölkerung
12411;;;;2025-12-31;KREISE;;09673;;;;;;ALTX20;;ALTU18;unter 18 Jahre;16,8;%;BEVANT;Anteil an der Bevölkerung, berechnet
12411;;;;2025-12-31;KREISE;;09673;;;;;;ALTX20;;ALT18B65;18 bis unter 65 Jahre;57,9;%;BEVANT;Anteil an der Bevölkerung, berechnet
12411;;;;2025-12-31;KREISE;;09673;;;;;;ALTX20;;ALT65UM;65 Jahre und älter;25,3;%;BEVANT;Anteil an der Bevölkerung, berechnet
12411;;;;2025-12-31;KREISE;;09674;Haßberge, Landkreis;;;;;;;;;83390;Anzahl;BEVSTD;Bevölkerung
12411;;;;2025-12-31;KREISE;;09674;;;;;;ALTX20;;ALTU18;unter 18 Jahre;14130;Anzahl;BEVSTD;Bevölkerung
12411;;;;2025-12-31;KREISE;;09674;;;;;;ALTX20;;ALT18B65;18 bis unter 65 Jahre;48977;Anzahl;BEVSTD;Bevölkerung
12411;;;;2025-12-31;KREISE;;09674;;;;;;ALTX20;;ALT65UM;65 Jahre und älter;20283;Anzahl;BEVSTD;Bevölkerung
12411;;;;2025-12-31;KREISE;;09674;;;;;;ALTX20;;ALTU18;unter 18 Jahre;16,9;%;BEVANT;Anteil an der Bevölkerung, berechnet
12411;;;;2025-12-31;KREISE;;09674;;;;;;ALTX20;;ALT18B65;18 bis unter 65 Jahre;58,7;%;BEVANT;Anteil an der Bevölkerung, berechnet
12411;;;;2025-12-31;KREISE;;09674;;;;;;ALTX20;;ALT65UM;65 Jahre und älter;24,3;%;BEVANT;Anteil an der Bevölkerung, berechnet
12411;;;;2025-12-31;KREISE;;09675;Kitzingen, Landkreis;;;;;;;;;91471;Anzahl;BEVSTD;Bevölkerung
12411;;;;2025-12-31;KREISE;;09675;;;;;;ALTX20;;ALTU18;unter 18 Jahre;15716;Anzahl;BEVSTD;Bevölkerung
12411;;;;2025-12-31;KREISE;;09675;;;;;;ALTX20;;ALT18B65;18 bis unter 65 Jahre;54924;Anzahl;BEVSTD;Bevölkerung
12411;;;;2025-12-31;KREISE;;09675;;;;;;ALTX20;;ALT65UM;65 Jahre und älter;20831;Anzahl;BEVSTD;Bevölkerung
12411;;;;2025-12-31;KREISE;;09675;;;;;;ALTX20;;ALTU18;unter 18 Jahre;17,2;%;BEVANT;Anteil an der Bevölkerung, berechnet
12411;;;;2025-12-31;KREISE;;09675;;;;;;ALTX20;;ALT18B65;18 bis unter 65 Jahre;60,0;%;BEVANT;Anteil an der Bevölkerung, berechnet
12411;;;;2025-12-31;KREISE;;09675;;;;;;ALTX20;;ALT65UM;65 Jahre und älter;22,8;%;BEVANT;Anteil an der Bevölkerung, berechnet
12411;;;;2025-12-31;KREISE;;09676;Miltenberg, Landkreis;;;;;;;;;126746;Anzahl;BEVSTD;Bevölkerung
12411;;;;2025-12-31;KREISE;;09676;;;;;;ALTX20;;ALTU18;unter 18 Jahre;21234;Anzahl;BEVSTD;Bevölkerung
12411;;;;2025-12-31;KREISE;;09676;;;;;;ALTX20;;ALT18B65;18 bis unter 65 Jahre;75053;Anzahl;BEVSTD;Bevölkerung
12411;;;;2025-12-31;KREISE;;09676;;;;;;ALTX20;;ALT65UM;65 Jahre und älter;30459;Anzahl;BEVSTD;Bevölkerung
12411;;;;2025-12-31;KREISE;;09676;;;;;;ALTX20;;ALTU18;unter 18 Jahre;16,8;%;BEVANT;Anteil an der Bevölkerung, berechnet
12411;;;;2025-12-31;KREISE;;09676;;;;;;ALTX20;;ALT18B65;18 bis unter 65 Jahre;59,2;%;BEVANT;Anteil an der Bevölkerung, berechnet
12411;;;;2025-12-31;KREISE;;09676;;;;;;ALTX20;;ALT65UM;65 Jahre und älter;24,0;%;BEVANT;Anteil an der Bevölkerung, berechnet
12411;;;;2025-12-31;KREISE;;09677;Main-Spessart, Landkreis;;;;;;;;;124315;Anzahl;BEVSTD;Bevölkerung
12411;;;;2025-12-31;KREISE;;09677;;;;;;ALTX20;;ALTU18;unter 18 Jahre;19839;Anzahl;BEVSTD;Bevölkerung
12411;;;;2025-12-31;KREISE;;09677;;;;;;ALTX20;;ALT18B65;18 bis unter 65 Jahre;71932;Anzahl;BEVSTD;Bevölkerung
12411;;;;2025-12-31;KREISE;;09677;;;;;;ALTX20;;ALT65UM;65 Jahre und älter;32544;Anzahl;BEVSTD;Bevölkerung
12411;;;;2025-12-31;KREISE;;09677;;;;;;ALTX20;;ALTU18;unter 18 Jahre;16,0;%;BEVANT;Anteil an der Bevölkerung, berechnet
12411;;;;2025-12-31;KREISE;;09677;;;;;;ALTX20;;ALT18B65;18 bis unter 65 Jahre;57,9;%;BEVANT;Anteil an der Bevölkerung, berechnet
12411;;;;2025-12-31;KREISE;;09677;;;;;;ALTX20;;ALT65UM;65 Jahre und älter;26,2;%;BEVANT;Anteil an der Bevölkerung, berechnet
12411;;;;2025-12-31;KREISE;;09678;Schweinfurt, Landkreis;;;;;;;;;113608;Anzahl;BEVSTD;Bevölkerung
12411;;;;2025-12-31;KREISE;;09678;;;;;;ALTX20;;ALTU18;unter 18 Jahre;19631;Anzahl;BEVSTD;Bevölkerung
12411;;;;2025-12-31;KREISE;;09678;;;;;;ALTX20;;ALT18B65;18 bis unter 65 Jahre;65967;Anzahl;BEVSTD;Bevölkerung
12411;;;;2025-12-31;KREISE;;09678;;;;;;ALTX20;;ALT65UM;65 Jahre und älter;28010;Anzahl;BEVSTD;Bevölkerung
12411;;;;2025-12-31;KREISE;;09678;;;;;;ALTX20;;ALTU18;unter 18 Jahre;17,3;%;BEVANT;Anteil an der Bevölkerung, berechnet
12411;;;;2025-12-31;KREISE;;09678;;;;;;ALTX20;;ALT18B65;18 bis unter 65 Jahre;58,1;%;BEVANT;Anteil an der Bevölkerung, berechnet
12411;;;;2025-12-31;KREISE;;09678;;;;;;ALTX20;;ALT65UM;65 Jahre und älter;24,7;%;BEVANT;Anteil an der Bevölkerung, berechnet
12411;;;;2025-12-31;KREISE;;09679;Würzburg, Landkreis;;;;;;;;;161586;Anzahl;BEVSTD;Bevölkerung
12411;;;;2025-12-31;KREISE;;09679;;;;;;ALTX20;;ALTU18;unter 18 Jahre;28245;Anzahl;BEVSTD;Bevölkerung
12411;;;;2025-12-31;KREISE;;09679;;;;;;ALTX20;;ALT18B65;18 bis unter 65 Jahre;93898;Anzahl;BEVSTD;Bevölkerung
12411;;;;2025-12-31;KREISE;;09679;;;;;;ALTX20;;ALT65UM;65 Jahre und älter;39443;Anzahl;BEVSTD;Bevölkerung
12411;;;;2025-12-31;KREISE;;09679;;;;;;ALTX20;;ALTU18;unter 18 Jahre;17,5;%;BEVANT;Anteil an der Bevölkerung, berechnet
12411;;;;2025-12-31;KREISE;;09679;;;;;;ALTX20;;ALT18B65;18 bis unter 65 Jahre;58,1;%;BEVANT;Anteil an der Bevölkerung, berechnet
12411;;;;2025-12-31;KREISE;;09679;;;;;;ALTX20;;ALT65UM;65 Jahre und älter;24,4;%;BEVANT;Anteil an der Bevölkerung, berechnet
12411;;;;2025-12-31;KREISE;;09761;Augsburg, kreisfreie Stadt;;;;;;;;;301786;Anzahl;BEVSTD;Bevölkerung
12411;;;;2025-12-31;KREISE;;09761;;;;;;ALTX20;;ALTU18;unter 18 Jahre;47197;Anzahl;BEVSTD;Bevölkerung
12411;;;;2025-12-31;KREISE;;09761;;;;;;ALTX20;;ALT18B65;18 bis unter 65 Jahre;194837;Anzahl;BEVSTD;Bevölkerung
12411;;;;2025-12-31;KREISE;;09761;;;;;;ALTX20;;ALT65UM;65 Jahre und älter;59752;Anzahl;BEVSTD;Bevölkerung
12411;;;;2025-12-31;KREISE;;09761;;;;;;ALTX20;;ALTU18;unter 18 Jahre;15,6;%;BEVANT;Anteil an der Bevölkerung, berechnet
12411;;;;2025-12-31;KREISE;;09761;;;;;;ALTX20;;ALT18B65;18 bis unter 65 Jahre;64,6;%;BEVANT;Anteil an der Bevölkerung, berechnet
12411;;;;2025-12-31;KREISE;;09761;;;;;;ALTX20;;ALT65UM;65 Jahre und älter;19,8;%;BEVANT;Anteil an der Bevölkerung, berechnet
12411;;;;2025-12-31;KREISE;;09762;Kaufbeuren, kreisfreie Stadt;;;;;;;;;46282;Anzahl;BEVSTD;Bevölkerung
12411;;;;2025-12-31;KREISE;;09762;;;;;;ALTX20;;ALTU18;unter 18 Jahre;8130;Anzahl;BEVSTD;Bevölkerung
12411;;;;2025-12-31;KREISE;;09762;;;;;;ALTX20;;ALT18B65;18 bis unter 65 Jahre;27334;Anzahl;BEVSTD;Bevölkerung
12411;;;;2025-12-31;KREISE;;09762;;;;;;ALTX20;;ALT65UM;65 Jahre und älter;10818;Anzahl;BEVSTD;Bevölkerung
12411;;;;2025-12-31;KREISE;;09762;;;;;;ALTX20;;ALTU18;unter 18 Jahre;17,6;%;BEVANT;Anteil an der Bevölkerung, berechnet
12411;;;;2025-12-31;KREISE;;09762;;;;;;ALTX20;;ALT18B65;18 bis unter 65 Jahre;59,1;%;BEVANT;Anteil an der Bevölkerung, berechnet
12411;;;;2025-12-31;KREISE;;09762;;;;;;ALTX20;;ALT65UM;65 Jahre und älter;23,4;%;BEVANT;Anteil an der Bevölkerung, berechnet
12411;;;;2025-12-31;KREISE;;09763;Kempten (Allgäu), kreisfreie Stadt;;;;;;;;;67916;Anzahl;BEVSTD;Bevölkerung
12411;;;;2025-12-31;KREISE;;09763;;;;;;ALTX20;;ALTU18;unter 18 Jahre;11002;Anzahl;BEVSTD;Bevölkerung
12411;;;;2025-12-31;KREISE;;09763;;;;;;ALTX20;;ALT18B65;18 bis unter 65 Jahre;41522;Anzahl;BEVSTD;Bevölkerung
12411;;;;2025-12-31;KREISE;;09763;;;;;;ALTX20;;ALT65UM;65 Jahre und älter;15392;Anzahl;BEVSTD;Bevölkerung
12411;;;;2025-12-31;KREISE;;09763;;;;;;ALTX20;;ALTU18;unter 18 Jahre;16,2;%;BEVANT;Anteil an der Bevölkerung, berechnet
12411;;;;2025-12-31;KREISE;;09763;;;;;;ALTX20;;ALT18B65;18 bis unter 65 Jahre;61,1;%;BEVANT;Anteil an der Bevölkerung, berechnet
12411;;;;2025-12-31;KREISE;;09763;;;;;;ALTX20;;ALT65UM;65 Jahre und älter;22,7;%;BEVANT;Anteil an der Bevölkerung, berechnet
12411;;;;2025-12-31;KREISE;;09764;Memmingen, kreisfreie Stadt;;;;;;;;;44378;Anzahl;BEVSTD;Bevölkerung
12411;;;;2025-12-31;KREISE;;09764;;;;;;ALTX20;;ALTU18;unter 18 Jahre;7722;Anzahl;BEVSTD;Bevölkerung
12411;;;;2025-12-31;KREISE;;09764;;;;;;ALTX20;;ALT18B65;18 bis unter 65 Jahre;26585;Anzahl;BEVSTD;Bevölkerung
12411;;;;2025-12-31;KREISE;;09764;;;;;;ALTX20;;ALT65UM;65 Jahre und älter;10071;Anzahl;BEVSTD;Bevölkerung
12411;;;;2025-12-31;KREISE;;09764;;;;;;ALTX20;;ALTU18;unter 18 Jahre;17,4;%;BEVANT;Anteil an der Bevölkerung, berechnet
12411;;;;2025-12-31;KREISE;;09764;;;;;;ALTX20;;ALT18B65;18 bis unter 65 Jahre;59,9;%;BEVANT;Anteil an der Bevölkerung, berechnet
12411;;;;2025-12-31;KREISE;;09764;;;;;;ALTX20;;ALT65UM;65 Jahre und älter;22,7;%;BEVANT;Anteil an der Bevölkerung, berechnet
12411;;;;2025-12-31;KREISE;;09771;Aichach-Friedberg, Landkreis;;;;;;;;;137281;Anzahl;BEVSTD;Bevölkerung
12411;;;;2025-12-31;KREISE;;09771;;;;;;ALTX20;;ALTU18;unter 18 Jahre;25294;Anzahl;BEVSTD;Bevölkerung
12411;;;;2025-12-31;KREISE;;09771;;;;;;ALTX20;;ALT18B65;18 bis unter 65 Jahre;81794;Anzahl;BEVSTD;Bevölkerung
12411;;;;2025-12-31;KREISE;;09771;;;;;;ALTX20;;ALT65UM;65 Jahre und älter;30193;Anzahl;BEVSTD;Bevölkerung
12411;;;;2025-12-31;KREISE;;09771;;;;;;ALTX20;;ALTU18;unter 18 Jahre;18,4;%;BEVANT;Anteil an der Bevölkerung, berechnet
12411;;;;2025-12-31;KREISE;;09771;;;;;;ALTX20;;ALT18B65;18 bis unter 65 Jahre;59,6;%;BEVANT;Anteil an der Bevölkerung, berechnet
12411;;;;2025-12-31;KREISE;;09771;;;;;;ALTX20;;ALT65UM;65 Jahre und älter;22,0;%;BEVANT;Anteil an der Bevölkerung, berechnet
12411;;;;2025-12-31;KREISE;;09772;Augsburg, Landkreis;;;;;;;;;263381;Anzahl;BEVSTD;Bevölkerung
12411;;;;2025-12-31;KREISE;;09772;;;;;;ALTX20;;ALTU18;unter 18 Jahre;48416;Anzahl;BEVSTD;Bevölkerung
12411;;;;2025-12-31;KREISE;;09772;;;;;;ALTX20;;ALT18B65;18 bis unter 65 Jahre;156092;Anzahl;BEVSTD;Bevölkerung
12411;;;;2025-12-31;KREISE;;09772;;;;;;ALTX20;;ALT65UM;65 Jahre und älter;58873;Anzahl;BEVSTD;Bevölkerung
12411;;;;2025-12-31;KREISE;;09772;;;;;;ALTX20;;ALTU18;unter 18 Jahre;18,4;%;BEVANT;Anteil an der Bevölkerung, berechnet
12411;;;;2025-12-31;KREISE;;09772;;;;;;ALTX20;;ALT18B65;18 bis unter 65 Jahre;59,3;%;BEVANT;Anteil an der Bevölkerung, berechnet
12411;;;;2025-12-31;KREISE;;09772;;;;;;ALTX20;;ALT65UM;65 Jahre und älter;22,4;%;BEVANT;Anteil an der Bevölkerung, berechnet
12411;;;;2025-12-31;KREISE;;09773;Dillingen a.d.Donau, Landkreis;;;;;;;;;98870;Anzahl;BEVSTD;Bevölkerung
12411;;;;2025-12-31;KREISE;;09773;;;;;;ALTX20;;ALTU18;unter 18 Jahre;17719;Anzahl;BEVSTD;Bevölkerung
12411;;;;2025-12-31;KREISE;;09773;;;;;;ALTX20;;ALT18B65;18 bis unter 65 Jahre;58735;Anzahl;BEVSTD;Bevölkerung
12411;;;;2025-12-31;KREISE;;09773;;;;;;ALTX20;;ALT65UM;65 Jahre und älter;22416;Anzahl;BEVSTD;Bevölkerung
12411;;;;2025-12-31;KREISE;;09773;;;;;;ALTX20;;ALTU18;unter 18 Jahre;17,9;%;BEVANT;Anteil an der Bevölkerung, berechnet
12411;;;;2025-12-31;KREISE;;09773;;;;;;ALTX20;;ALT18B65;18 bis unter 65 Jahre;59,4;%;BEVANT;Anteil an der Bevölkerung, berechnet
12411;;;;2025-12-31;KREISE;;09773;;;;;;ALTX20;;ALT65UM;65 Jahre und älter;22,7;%;BEVANT;Anteil an der Bevölkerung, berechnet
12411;;;;2025-12-31;KREISE;;09774;Günzburg, Landkreis;;;;;;;;;129580;Anzahl;BEVSTD;Bevölkerung
12411;;;;2025-12-31;KREISE;;09774;;;;;;ALTX20;;ALTU18;unter 18 Jahre;22939;Anzahl;BEVSTD;Bevölkerung
12411;;;;2025-12-31;KREISE;;09774;;;;;;ALTX20;;ALT18B65;18 bis unter 65 Jahre;78804;Anzahl;BEVSTD;Bevölkerung
12411;;;;2025-12-31;KREISE;;09774;;;;;;ALTX20;;ALT65UM;65 Jahre und älter;27837;Anzahl;BEVSTD;Bevölkerung
12411;;;;2025-12-31;KREISE;;09774;;;;;;ALTX20;;ALTU18;unter 18 Jahre;17,7;%;BEVANT;Anteil an der Bevölkerung, berechnet
12411;;;;2025-12-31;KREISE;;09774;;;;;;ALTX20;;ALT18B65;18 bis unter 65 Jahre;60,8;%;BEVANT;Anteil an der Bevölkerung, berechnet
12411;;;;2025-12-31;KREISE;;09774;;;;;;ALTX20;;ALT65UM;65 Jahre und älter;21,5;%;BEVANT;Anteil an der Bevölkerung, berechnet
12411;;;;2025-12-31;KREISE;;09775;Neu-Ulm, Landkreis;;;;;;;;;183829;Anzahl;BEVSTD;Bevölkerung
12411;;;;2025-12-31;KREISE;;09775;;;;;;ALTX20;;ALTU18;unter 18 Jahre;32345;Anzahl;BEVSTD;Bevölkerung
12411;;;;2025-12-31;KREISE;;09775;;;;;;ALTX20;;ALT18B65;18 bis unter 65 Jahre;111998;Anzahl;BEVSTD;Bevölkerung
12411;;;;2025-12-31;KREISE;;09775;;;;;;ALTX20;;ALT65UM;65 Jahre und älter;39486;Anzahl;BEVSTD;Bevölkerung
12411;;;;2025-12-31;KREISE;;09775;;;;;;ALTX20;;ALTU18;unter 18 Jahre;17,6;%;BEVANT;Anteil an der Bevölkerung, berechnet
12411;;;;2025-12-31;KREISE;;09775;;;;;;ALTX20;;ALT18B65;18 bis unter 65 Jahre;60,9;%;BEVANT;Anteil an der Bevölkerung, berechnet
12411;;;;2025-12-31;KREISE;;09775;;;;;;ALTX20;;ALT65UM;65 Jahre und älter;21,5;%;BEVANT;Anteil an der Bevölkerung, berechnet
12411;;;;2025-12-31;KREISE;;09776;Lindau (Bodensee), Landkreis;;;;;;;;;82399;Anzahl;BEVSTD;Bevölkerung
12411;;;;2025-12-31;KREISE;;09776;;;;;;ALTX20;;ALTU18;unter 18 Jahre;13841;Anzahl;BEVSTD;Bevölkerung
12411;;;;2025-12-31;KREISE;;09776;;;;;;ALTX20;;ALT18B65;18 bis unter 65 Jahre;48722;Anzahl;BEVSTD;Bevölkerung
12411;;;;2025-12-31;KREISE;;09776;;;;;;ALTX20;;ALT65UM;65 Jahre und älter;19836;Anzahl;BEVSTD;Bevölkerung
12411;;;;2025-12-31;KREISE;;09776;;;;;;ALTX20;;ALTU18;unter 18 Jahre;16,8;%;BEVANT;Anteil an der Bevölkerung, berechnet
12411;;;;2025-12-31;KREISE;;09776;;;;;;ALTX20;;ALT18B65;18 bis unter 65 Jahre;59,1;%;BEVANT;Anteil an der Bevölkerung, berechnet
12411;;;;2025-12-31;KREISE;;09776;;;;;;ALTX20;;ALT65UM;65 Jahre und älter;24,1;%;BEVANT;Anteil an der Bevölkerung, berechnet
12411;;;;2025-12-31;KREISE;;09777;Ostallgäu, Landkreis;;;;;;;;;142065;Anzahl;BEVSTD;Bevölkerung
12411;;;;2025-12-31;KREISE;;09777;;;;;;ALTX20;;ALTU18;unter 18 Jahre;25416;Anzahl;BEVSTD;Bevölkerung
12411;;;;2025-12-31;KREISE;;09777;;;;;;ALTX20;;ALT18B65;18 bis unter 65 Jahre;83689;Anzahl;BEVSTD;Bevölkerung
12411;;;;2025-12-31;KREISE;;09777;;;;;;ALTX20;;ALT65UM;65 Jahre und älter;32960;Anzahl;BEVSTD;Bevölkerung
12411;;;;2025-12-31;KREISE;;09777;;;;;;ALTX20;;ALTU18;unter 18 Jahre;17,9;%;BEVANT;Anteil an der Bevölkerung, berechnet
12411;;;;2025-12-31;KREISE;;09777;;;;;;ALTX20;;ALT18B65;18 bis unter 65 Jahre;58,9;%;BEVANT;Anteil an der Bevölkerung, berechnet
12411;;;;2025-12-31;KREISE;;09777;;;;;;ALTX20;;ALT65UM;65 Jahre und älter;23,2;%;BEVANT;Anteil an der Bevölkerung, berechnet
12411;;;;2025-12-31;KREISE;;09778;Unterallgäu, Landkreis;;;;;;;;;147386;Anzahl;BEVSTD;Bevölkerung
12411;;;;2025-12-31;KREISE;;09778;;;;;;ALTX20;;ALTU18;unter 18 Jahre;26713;Anzahl;BEVSTD;Bevölkerung
12411;;;;2025-12-31;KREISE;;09778;;;;;;ALTX20;;ALT18B65;18 bis unter 65 Jahre;87584;Anzahl;BEVSTD;Bevölkerung
12411;;;;2025-12-31;KREISE;;09778;;;;;;ALTX20;;ALT65UM;65 Jahre und älter;33089;Anzahl;BEVSTD;Bevölkerung
12411;;;;2025-12-31;KREISE;;09778;;;;;;ALTX20;;ALTU18;unter 18 Jahre;18,1;%;BEVANT;Anteil an der Bevölkerung, berechnet
12411;;;;2025-12-31;KREISE;;09778;;;;;;ALTX20;;ALT18B65;18 bis unter 65 Jahre;59,4;%;BEVANT;Anteil an der Bevölkerung, berechnet
12411;;;;2025-12-31;KREISE;;09778;;;;;;ALTX20;;ALT65UM;65 Jahre und älter;22,5;%;BEVANT;Anteil an der Bevölkerung, berechnet
12411;;;;2025-12-31;KREISE;;09779;Donau-Ries, Landkreis;;;;;;;;;135262;Anzahl;BEVSTD;Bevölkerung
12411;;;;2025-12-31;KREISE;;09779;;;;;;ALTX20;;ALTU18;unter 18 Jahre;23751;Anzahl;BEVSTD;Bevölkerung
12411;;;;2025-12-31;KREISE;;09779;;;;;;ALTX20;;ALT18B65;18 bis unter 65 Jahre;81399;Anzahl;BEVSTD;Bevölkerung
12411;;;;2025-12-31;KREISE;;09779;;;;;;ALTX20;;ALT65UM;65 Jahre und älter;30112;Anzahl;BEVSTD;Bevölkerung
12411;;;;2025-12-31;KREISE;;09779;;;;;;ALTX20;;ALTU18;unter 18 Jahre;17,6;%;BEVANT;Anteil an der Bevölkerung, berechnet
12411;;;;2025-12-31;KREISE;;09779;;;;;;ALTX20;;ALT18B65;18 bis unter 65 Jahre;60,2;%;BEVANT;Anteil an der Bevölkerung, berechnet
12411;;;;2025-12-31;KREISE;;09779;;;;;;ALTX20;;ALT65UM;65 Jahre und älter;22,3;%;BEVANT;Anteil an der Bevölkerung, berechnet
12411;;;;2025-12-31;KREISE;;09780;Oberallgäu, Landkreis;;;;;;;;;155421;Anzahl;BEVSTD;Bevölkerung
12411;;;;2025-12-31;KREISE;;09780;;;;;;ALTX20;;ALTU18;unter 18 Jahre;26596;Anzahl;BEVSTD;Bevölkerung
12411;;;;2025-12-31;KREISE;;09780;;;;;;ALTX20;;ALT18B65;18 bis unter 65 Jahre;90731;Anzahl;BEVSTD;Bevölkerung
12411;;;;2025-12-31;KREISE;;09780;;;;;;ALTX20;;ALT65UM;65 Jahre und älter;38094;Anzahl;BEVSTD;Bevölkerung
12411;;;;2025-12-31;KREISE;;09780;;;;;;ALTX20;;ALTU18;unter 18 Jahre;17,1;%;BEVANT;Anteil an der Bevölkerung, berechnet
12411;;;;2025-12-31;KREISE;;09780;;;;;;ALTX20;;ALT18B65;18 bis unter 65 Jahre;58,4;%;BEVANT;Anteil an der Bevölkerung, berechnet
12411;;;;2025-12-31;KREISE;;09780;;;;;;ALTX20;;ALT65UM;65 Jahre und älter;24,5;%;BEVANT;Anteil an der Bevölkerung, berechnet
12411;;;;2025-12-31;KREISE;;10041;Saarbrücken, Regionalverband;;;;;;;;;331994;Anzahl;BEVSTD;Bevölkerung
12411;;;;2025-12-31;KREISE;;10041;;;;;;ALTX20;;ALTU18;unter 18 Jahre;52215;Anzahl;BEVSTD;Bevölkerung
12411;;;;2025-12-31;KREISE;;10041;;;;;;ALTX20;;ALT18B65;18 bis unter 65 Jahre;199088;Anzahl;BEVSTD;Bevölkerung
12411;;;;2025-12-31;KREISE;;10041;;;;;;ALTX20;;ALT65UM;65 Jahre und älter;80691;Anzahl;BEVSTD;Bevölkerung
12411;;;;2025-12-31;KREISE;;10041;;;;;;ALTX20;;ALTU18;unter 18 Jahre;15,7;%;BEVANT;Anteil an der Bevölkerung, berechnet
12411;;;;2025-12-31;KREISE;;10041;;;;;;ALTX20;;ALT18B65;18 bis unter 65 Jahre;60,0;%;BEVANT;Anteil an der Bevölkerung, berechnet
12411;;;;2025-12-31;KREISE;;10041;;;;;;ALTX20;;ALT65UM;65 Jahre und älter;24,3;%;BEVANT;Anteil an der Bevölkerung, berechnet
12411;;;;2025-12-31;KREISE;;10041100;Saarbrücken, Landeshauptstadt;;;;;;;;;182859;Anzahl;BEVSTD;Bevölkerung
12411;;;;2025-12-31;KREISE;;10041100;;;;;;ALTX20;;ALTU18;unter 18 Jahre;28079;Anzahl;BEVSTD;Bevölkerung
12411;;;;2025-12-31;KREISE;;10041100;;;;;;ALTX20;;ALT18B65;18 bis unter 65 Jahre;113961;Anzahl;BEVSTD;Bevölkerung
12411;;;;2025-12-31;KREISE;;10041100;;;;;;ALTX20;;ALT65UM;65 Jahre und älter;40819;Anzahl;BEVSTD;Bevölkerung
12411;;;;2025-12-31;KREISE;;10041100;;;;;;ALTX20;;ALTU18;unter 18 Jahre;15,4;%;BEVANT;Anteil an der Bevölkerung, berechnet
12411;;;;2025-12-31;KREISE;;10041100;;;;;;ALTX20;;ALT18B65;18 bis unter 65 Jahre;62,3;%;BEVANT;Anteil an der Bevölkerung, berechnet
12411;;;;2025-12-31;KREISE;;10041100;;;;;;ALTX20;;ALT65UM;65 Jahre und älter;22,3;%;BEVANT;Anteil an der Bevölkerung, berechnet
12411;;;;2025-12-31;KREISE;;10042;Merzig-Wadern, Landkreis;;;;;;;;;107982;Anzahl;BEVSTD;Bevölkerung
12411;;;;2025-12-31;KREISE;;10042;;;;;;ALTX20;;ALTU18;unter 18 Jahre;16413;Anzahl;BEVSTD;Bevölkerung
12411;;;;2025-12-31;KREISE;;10042;;;;;;ALTX20;;ALT18B65;18 bis unter 65 Jahre;64067;Anzahl;BEVSTD;Bevölkerung
12411;;;;2025-12-31;KREISE;;10042;;;;;;ALTX20;;ALT65UM;65 Jahre und älter;27502;Anzahl;BEVSTD;Bevölkerung
12411;;;;2025-12-31;KREISE;;10042;;;;;;ALTX20;;ALTU18;unter 18 Jahre;15,2;%;BEVANT;Anteil an der Bevölkerung, berechnet
12411;;;;2025-12-31;KREISE;;10042;;;;;;ALTX20;;ALT18B65;18 bis unter 65 Jahre;59,3;%;BEVANT;Anteil an der Bevölkerung, berechnet
12411;;;;2025-12-31;KREISE;;10042;;;;;;ALTX20;;ALT65UM;65 Jahre und älter;25,5;%;BEVANT;Anteil an der Bevölkerung, berechnet
12411;;;;2025-12-31;KREISE;;10043;Neunkirchen, Landkreis;;;;;;;;;132607;Anzahl;BEVSTD;Bevölkerung
12411;;;;2025-12-31;KREISE;;10043;;;;;;ALTX20;;ALTU18;unter 18 Jahre;20815;Anzahl;BEVSTD;Bevölkerung
12411;;;;2025-12-31;KREISE;;10043;;;;;;ALTX20;;ALT18B65;18 bis unter 65 Jahre;77230;Anzahl;BEVSTD;Bevölkerung
12411;;;;2025-12-31;KREISE;;10043;;;;;;ALTX20;;ALT65UM;65 Jahre und älter;34562;Anzahl;BEVSTD;Bevölkerung
12411;;;;2025-12-31;KREISE;;10043;;;;;;ALTX20;;ALTU18;unter 18 Jahre;15,7;%;BEVANT;Anteil an der Bevölkerung, berechnet
12411;;;;2025-12-31;KREISE;;10043;;;;;;ALTX20;;ALT18B65;18 bis unter 65 Jahre;58,2;%;BEVANT;Anteil an der Bevölkerung, berechnet
12411;;;;2025-12-31;KREISE;;10043;;;;;;ALTX20;;ALT65UM;65 Jahre und älter;26,1;%;BEVANT;Anteil an der Bevölkerung, berechnet
12411;;;;2025-12-31;KREISE;;10044;Saarlouis, Landkreis;;;;;;;;;204087;Anzahl;BEVSTD;Bevölkerung
12411;;;;2025-12-31;KREISE;;10044;;;;;;ALTX20;;ALTU18;unter 18 Jahre;31565;Anzahl;BEVSTD;Bevölkerung
12411;;;;2025-12-31;KREISE;;10044;;;;;;ALTX20;;ALT18B65;18 bis unter 65 Jahre;118257;Anzahl;BEVSTD;Bevölkerung
12411;;;;2025-12-31;KREISE;;10044;;;;;;ALTX20;;ALT65UM;65 Jahre und älter;54265;Anzahl;BEVSTD;Bevölkerung
12411;;;;2025-12-31;KREISE;;10044;;;;;;ALTX20;;ALTU18;unter 18 Jahre;15,5;%;BEVANT;Anteil an der Bevölkerung, berechnet
12411;;;;2025-12-31;KREISE;;10044;;;;;;ALTX20;;ALT18B65;18 bis unter 65 Jahre;57,9;%;BEVANT;Anteil an der Bevölkerung, berechnet
12411;;;;2025-12-31;KREISE;;10044;;;;;;ALTX20;;ALT65UM;65 Jahre und älter;26,6;%;BEVANT;Anteil an der Bevölkerung, berechnet
12411;;;;2025-12-31;KREISE;;10045;Saarpfalz-Kreis;;;;;;;;;143300;Anzahl;BEVSTD;Bevölkerung
12411;;;;2025-12-31;KREISE;;10045;;;;;;ALTX20;;ALTU18;unter 18 Jahre;21463;Anzahl;BEVSTD;Bevölkerung
12411;;;;2025-12-31;KREISE;;10045;;;;;;ALTX20;;ALT18B65;18 bis unter 65 Jahre;82448;Anzahl;BEVSTD;Bevölkerung
12411;;;;2025-12-31;KREISE;;10045;;;;;;ALTX20;;ALT65UM;65 Jahre und älter;39389;Anzahl;BEVSTD;Bevölkerung
12411;;;;2025-12-31;KREISE;;10045;;;;;;ALTX20;;ALTU18;unter 18 Jahre;15,0;%;BEVANT;Anteil an der Bevölkerung, berechnet
12411;;;;2025-12-31;KREISE;;10045;;;;;;ALTX20;;ALT18B65;18 bis unter 65 Jahre;57,5;%;BEVANT;Anteil an der Bevölkerung, berechnet
12411;;;;2025-12-31;KREISE;;10045;;;;;;ALTX20;;ALT65UM;65 Jahre und älter;27,5;%;BEVANT;Anteil an der Bevölkerung, berechnet
12411;;;;2025-12-31;KREISE;;10046;St. Wendel, Landkreis;;;;;;;;;87372;Anzahl;BEVSTD;Bevölkerung
12411;;;;2025-12-31;KREISE;;10046;;;;;;ALTX20;;ALTU18;unter 18 Jahre;12918;Anzahl;BEVSTD;Bevölkerung
12411;;;;2025-12-31;KREISE;;10046;;;;;;ALTX20;;ALT18B65;18 bis unter 65 Jahre;49917;Anzahl;BEVSTD;Bevölkerung
12411;;;;2025-12-31;KREISE;;10046;;;;;;ALTX20;;ALT65UM;65 Jahre und älter;24537;Anzahl;BEVSTD;Bevölkerung
12411;;;;2025-12-31;KREISE;;10046;;;;;;ALTX20;;ALTU18;unter 18 Jahre;14,8;%;BEVANT;Anteil an der Bevölkerung, berechnet
12411;;;;2025-12-31;KREISE;;10046;;;;;;ALTX20;;ALT18B65;18 bis unter 65 Jahre;57,1;%;BEVANT;Anteil an der Bevölkerung, berechnet
12411;;;;2025-12-31;KREISE;;10046;;;;;;ALTX20;;ALT65UM;65 Jahre und älter;28,1;%;BEVANT;Anteil an der Bevölkerung, berechnet
12411;;;;2025-12-31;KREISE;;11000;Berlin, kreisfreie Stadt;;;;;;;;;3700577;Anzahl;BEVSTD;Bevölkerung
12411;;;;2025-12-31;KREISE;;11000;;;;;;ALTX20;;ALTU18;unter 18 Jahre;604966;Anzahl;BEVSTD;Bevölkerung
12411;;;;2025-12-31;KREISE;;11000;;;;;;ALTX20;;ALT18B65;18 bis unter 65 Jahre;2380272;Anzahl;BEVSTD;Bevölkerung
12411;;;;2025-12-31;KREISE;;11000;;;;;;ALTX20;;ALT65UM;65 Jahre und älter;715339;Anzahl;BEVSTD;Bevölkerung
12411;;;;2025-12-31;KREISE;;11000;;;;;;ALTX20;;ALTU18;unter 18 Jahre;16,3;%;BEVANT;Anteil an der Bevölkerung, berechnet
12411;;;;2025-12-31;KREISE;;11000;;;;;;ALTX20;;ALT18B65;18 bis unter 65 Jahre;64,3;%;BEVANT;Anteil an der Bevölkerung, berechnet
12411;;;;2025-12-31;KREISE;;11000;;;;;;ALTX20;;ALT65UM;65 Jahre und älter;19,3;%;BEVANT;Anteil an der Bevölkerung, berechnet
12411;;;;2025-12-31;KREISE;;11001001;Berlin-Mitte;;;;;;;;;365741;Anzahl;BEVSTD;Bevölkerung
12411;;;;2025-12-31;KREISE;;11001001;;;;;;ALTX20;;ALTU18;unter 18 Jahre;55679;Anzahl;BEVSTD;Bevölkerung
12411;;;;2025-12-31;KREISE;;11001001;;;;;;ALTX20;;ALT18B65;18 bis unter 65 Jahre;261908;Anzahl;BEVSTD;Bevölkerung
12411;;;;2025-12-31;KREISE;;11001001;;;;;;ALTX20;;ALT65UM;65 Jahre und älter;48154;Anzahl;BEVSTD;Bevölkerung
12411;;;;2025-12-31;KREISE;;11001001;;;;;;ALTX20;;ALTU18;unter 18 Jahre;15,2;%;BEVANT;Anteil an der Bevölkerung, berechnet
12411;;;;2025-12-31;KREISE;;11001001;;;;;;ALTX20;;ALT18B65;18 bis unter 65 Jahre;71,6;%;BEVANT;Anteil an der Bevölkerung, berechnet
12411;;;;2025-12-31;KREISE;;11001001;;;;;;ALTX20;;ALT65UM;65 Jahre und älter;13,2;%;BEVANT;Anteil an der Bevölkerung, berechnet
12411;;;;2025-12-31;KREISE;;11002002;Berlin-Friedrichshain-Kreuzberg;;;;;;;;;267258;Anzahl;BEVSTD;Bevölkerung
12411;;;;2025-12-31;KREISE;;11002002;;;;;;ALTX20;;ALTU18;unter 18 Jahre;39400;Anzahl;BEVSTD;Bevölkerung
12411;;;;2025-12-31;KREISE;;11002002;;;;;;ALTX20;;ALT18B65;18 bis unter 65 Jahre;197465;Anzahl;BEVSTD;Bevölkerung
12411;;;;2025-12-31;KREISE;;11002002;;;;;;ALTX20;;ALT65UM;65 Jahre und älter;30393;Anzahl;BEVSTD;Bevölkerung
12411;;;;2025-12-31;KREISE;;11002002;;;;;;ALTX20;;ALTU18;unter 18 Jahre;14,7;%;BEVANT;Anteil an der Bevölkerung, berechnet
12411;;;;2025-12-31;KREISE;;11002002;;;;;;ALTX20;;ALT18B65;18 bis unter 65 Jahre;73,9;%;BEVANT;Anteil an der Bevölkerung, berechnet
12411;;;;2025-12-31;KREISE;;11002002;;;;;;ALTX20;;ALT65UM;65 Jahre und älter;11,4;%;BEVANT;Anteil an der Bevölkerung, berechnet
12411;;;;2025-12-31;KREISE;;11003003;Berlin-Pankow;;;;;;;;;411133;Anzahl;BEVSTD;Bevölkerung
12411;;;;2025-12-31;KREISE;;11003003;;;;;;ALTX20;;ALTU18;unter 18 Jahre;69909;Anzahl;BEVSTD;Bevölkerung
12411;;;;2025-12-31;KREISE;;11003003;;;;;;ALTX20;;ALT18B65;18 bis unter 65 Jahre;278286;Anzahl;BEVSTD;Bevölkerung
12411;;;;2025-12-31;KREISE;;11003003;;;;;;ALTX20;;ALT65UM;65 Jahre und älter;62938;Anzahl;BEVSTD;Bevölkerung
12411;;;;2025-12-31;KREISE;;11003003;;;;;;ALTX20;;ALTU18;unter 18 Jahre;17,0;%;BEVANT;Anteil an der Bevölkerung, berechnet
12411;;;;2025-12-31;KREISE;;11003003;;;;;;ALTX20;;ALT18B65;18 bis unter 65 Jahre;67,7;%;BEVANT;Anteil an der Bevölkerung, berechnet
12411;;;;2025-12-31;KREISE;;11003003;;;;;;ALTX20;;ALT65UM;65 Jahre und älter;15,3;%;BEVANT;Anteil an der Bevölkerung, berechnet
12411;;;;2025-12-31;KREISE;;11004004;Berlin-Charlottenburg-Wilmersdorf;;;;;;;;;323712;Anzahl;BEVSTD;Bevölkerung
12411;;;;2025-12-31;KREISE;;11004004;;;;;;ALTX20;;ALTU18;unter 18 Jahre;44394;Anzahl;BEVSTD;Bevölkerung
12411;;;;2025-12-31;KREISE;;11004004;;;;;;ALTX20;;ALT18B65;18 bis unter 65 Jahre;203308;Anzahl;BEVSTD;Bevölkerung
12411;;;;2025-12-31;KREISE;;11004004;;;;;;ALTX20;;ALT65UM;65 Jahre und älter;76010;Anzahl;BEVSTD;Bevölkerung
12411;;;;2025-12-31;KREISE;;11004004;;;;;;ALTX20;;ALTU18;unter 18 Jahre;13,7;%;BEVANT;Anteil an der Bevölkerung, berechnet
12411;;;;2025-12-31;KREISE;;11004004;;;;;;ALTX20;;ALT18B65;18 bis unter 65 Jahre;62,8;%;BEVANT;Anteil an der Bevölkerung, berechnet
12411;;;;2025-12-31;KREISE;;11004004;;;;;;ALTX20;;ALT65UM;65 Jahre und älter;23,5;%;BEVANT;Anteil an der Bevölkerung, berechnet
12411;;;;2025-12-31;KREISE;;11005005;Berlin-Spandau;;;;;;;;;248122;Anzahl;BEVSTD;Bevölkerung
12411;;;;2025-12-31;KREISE;;11005005;;;;;;ALTX20;;ALTU18;unter 18 Jahre;46328;Anzahl;BEVSTD;Bevölkerung
12411;;;;2025-12-31;KREISE;;11005005;;;;;;ALTX20;;ALT18B65;18 bis unter 65 Jahre;150154;Anzahl;BEVSTD;Bevölkerung
12411;;;;2025-12-31;KREISE;;11005005;;;;;;ALTX20;;ALT65UM;65 Jahre und älter;51640;Anzahl;BEVSTD;Bevölkerung
12411;;;;2025-12-31;KREISE;;11005005;;;;;;ALTX20;;ALTU18;unter 18 Jahre;18,7;%;BEVANT;Anteil an der Bevölkerung, berechnet
12411;;;;2025-12-31;KREISE;;11005005;;;;;;ALTX20;;ALT18B65;18 bis unter 65 Jahre;60,5;%;BEVANT;Anteil an der Bevölkerung, berechnet
12411;;;;2025-12-31;KREISE;;11005005;;;;;;ALTX20;;ALT65UM;65 Jahre und älter;20,8;%;BEVANT;Anteil an der Bevölkerung, berechnet
12411;;;;2025-12-31;KREISE;;11006006;Berlin-Steglitz-Zehlendorf;;;;;;;;;295082;Anzahl;BEVSTD;Bevölkerung
12411;;;;2025-12-31;KREISE;;11006006;;;;;;ALTX20;;ALTU18;unter 18 Jahre;45928;Anzahl;BEVSTD;Bevölkerung
12411;;;;2025-12-31;KREISE;;11006006;;;;;;ALTX20;;ALT18B65;18 bis unter 65 Jahre;172011;Anzahl;BEVSTD;Bevölkerung
12411;;;;2025-12-31;KREISE;;11006006;;;;;;ALTX20;;ALT65UM;65 Jahre und älter;77143;Anzahl;BEVSTD;Bevölkerung
12411;;;;2025-12-31;KREISE;;11006006;;;;;;ALTX20;;ALTU18;unter 18 Jahre;15,6;%;BEVANT;Anteil an der Bevölkerung, berechnet
12411;;;;2025-12-31;KREISE;;11006006;;;;;;ALTX20;;ALT18B65;18 bis unter 65 Jahre;58,3;%;BEVANT;Anteil an der Bevölkerung, berechnet
12411;;;;2025-12-31;KREISE;;11006006;;;;;;ALTX20;;ALT65UM;65 Jahre und älter;26,1;%;BEVANT;Anteil an der Bevölkerung, berechnet
12411;;;;2025-12-31;KREISE;;11007007;Berlin-Tempelhof-Schöneberg;;;;;;;;;339042;Anzahl;BEVSTD;Bevölkerung
12411;;;;2025-12-31;KREISE;;11007007;;;;;;ALTX20;;ALTU18;unter 18 Jahre;53210;Anzahl;BEVSTD;Bevölkerung
12411;;;;2025-12-31;KREISE;;11007007;;;;;;ALTX20;;ALT18B65;18 bis unter 65 Jahre;212980;Anzahl;BEVSTD;Bevölkerung
12411;;;;2025-12-31;KREISE;;11007007;;;;;;ALTX20;;ALT65UM;65 Jahre und älter;72852;Anzahl;BEVSTD;Bevölkerung
12411;;;;2025-12-31;KREISE;;11007007;;;;;;ALTX20;;ALTU18;unter 18 Jahre;15,7;%;BEVANT;Anteil an der Bevölkerung, berechnet
12411;;;;2025-12-31;KREISE;;11007007;;;;;;ALTX20;;ALT18B65;18 bis unter 65 Jahre;62,8;%;BEVANT;Anteil an der Bevölkerung, berechnet
12411;;;;2025-12-31;KREISE;;11007007;;;;;;ALTX20;;ALT65UM;65 Jahre und älter;21,5;%;BEVANT;Anteil an der Bevölkerung, berechnet
12411;;;;2025-12-31;KREISE;;11008008;Berlin-Neukölln;;;;;;;;;309241;Anzahl;BEVSTD;Bevölkerung
12411;;;;2025-12-31;KREISE;;11008008;;;;;;ALTX20;;ALTU18;unter 18 Jahre;50814;Anzahl;BEVSTD;Bevölkerung
12411;;;;2025-12-31;KREISE;;11008008;;;;;;ALTX20;;ALT18B65;18 bis unter 65 Jahre;204011;Anzahl;BEVSTD;Bevölkerung
12411;;;;2025-12-31;KREISE;;11008008;;;;;;ALTX20;;ALT65UM;65 Jahre und älter;54416;Anzahl;BEVSTD;Bevölkerung
12411;;;;2025-12-31;KREISE;;11008008;;;;;;ALTX20;;ALTU18;unter 18 Jahre;16,4;%;BEVANT;Anteil an der Bevölkerung, berechnet
12411;;;;2025-12-31;KREISE;;11008008;;;;;;ALTX20;;ALT18B65;18 bis unter 65 Jahre;66,0;%;BEVANT;Anteil an der Bevölkerung, berechnet
12411;;;;2025-12-31;KREISE;;11008008;;;;;;ALTX20;;ALT65UM;65 Jahre und älter;17,6;%;BEVANT;Anteil an der Bevölkerung, berechnet
12411;;;;2025-12-31;KREISE;;11009009;Berlin-Treptow-Köpenick;;;;;;;;;293681;Anzahl;BEVSTD;Bevölkerung
12411;;;;2025-12-31;KREISE;;11009009;;;;;;ALTX20;;ALTU18;unter 18 Jahre;49069;Anzahl;BEVSTD;Bevölkerung
12411;;;;2025-12-31;KREISE;;11009009;;;;;;ALTX20;;ALT18B65;18 bis unter 65 Jahre;185170;Anzahl;BEVSTD;Bevölkerung
12411;;;;2025-12-31;KREISE;;11009009;;;;;;ALTX20;;ALT65UM;65 Jahre und älter;59442;Anzahl;BEVSTD;Bevölkerung
12411;;;;2025-12-31;KREISE;;11009009;;;;;;ALTX20;;ALTU18;unter 18 Jahre;16,7;%;BEVANT;Anteil an der Bevölkerung, berechnet
12411;;;;2025-12-31;KREISE;;11009009;;;;;;ALTX20;;ALT18B65;18 bis unter 65 Jahre;63,1;%;BEVANT;Anteil an der Bevölkerung, berechnet
12411;;;;2025-12-31;KREISE;;11009009;;;;;;ALTX20;;ALT65UM;65 Jahre und älter;20,2;%;BEVANT;Anteil an der Bevölkerung, berechnet
12411;;;;2025-12-31;KREISE;;11010010;Berlin-Marzahn-Hellersdorf;;;;;;;;;285222;Anzahl;BEVSTD;Bevölkerung
12411;;;;2025-12-31;KREISE;;11010010;;;;;;ALTX20;;ALTU18;unter 18 Jahre;52303;Anzahl;BEVSTD;Bevölkerung
12411;;;;2025-12-31;KREISE;;11010010;;;;;;ALTX20;;ALT18B65;18 bis unter 65 Jahre;168575;Anzahl;BEVSTD;Bevölkerung
12411;;;;2025-12-31;KREISE;;11010010;;;;;;ALTX20;;ALT65UM;65 Jahre und älter;64344;Anzahl;BEVSTD;Bevölkerung
12411;;;;2025-12-31;KREISE;;11010010;;;;;;ALTX20;;ALTU18;unter 18 Jahre;18,3;%;BEVANT;Anteil an der Bevölkerung, berechnet
12411;;;;2025-12-31;KREISE;;11010010;;;;;;ALTX20;;ALT18B65;18 bis unter 65 Jahre;59,1;%;BEVANT;Anteil an der Bevölkerung, berechnet
12411;;;;2025-12-31;KREISE;;11010010;;;;;;ALTX20;;ALT65UM;65 Jahre und älter;22,6;%;BEVANT;Anteil an der Bevölkerung, berechnet
12411;;;;2025-12-31;KREISE;;11011011;Berlin-Lichtenberg;;;;;;;;;305118;Anzahl;BEVSTD;Bevölkerung
12411;;;;2025-12-31;KREISE;;11011011;;;;;;ALTX20;;ALTU18;unter 18 Jahre;53902;Anzahl;BEVSTD;Bevölkerung
12411;;;;2025-12-31;KREISE;;11011011;;;;;;ALTX20;;ALT18B65;18 bis unter 65 Jahre;193186;Anzahl;BEVSTD;Bevölkerung
12411;;;;2025-12-31;KREISE;;11011011;;;;;;ALTX20;;ALT65UM;65 Jahre und älter;58030;Anzahl;BEVSTD;Bevölkerung
12411;;;;2025-12-31;KREISE;;11011011;;;;;;ALTX20;;ALTU18;unter 18 Jahre;17,7;%;BEVANT;Anteil an der Bevölkerung, berechnet
12411;;;;2025-12-31;KREISE;;11011011;;;;;;ALTX20;;ALT18B65;18 bis unter 65 Jahre;63,3;%;BEVANT;Anteil an der Bevölkerung, berechnet
12411;;;;2025-12-31;KREISE;;11011011;;;;;;ALTX20;;ALT65UM;65 Jahre und älter;19,0;%;BEVANT;Anteil an der Bevölkerung, berechnet
12411;;;;2025-12-31;KREISE;;11012012;Berlin-Reinickendorf;;;;;;;;;257225;Anzahl;BEVSTD;Bevölkerung
12411;;;;2025-12-31;KREISE;;11012012;;;;;;ALTX20;;ALTU18;unter 18 Jahre;44030;Anzahl;BEVSTD;Bevölkerung
12411;;;;2025-12-31;KREISE;;11012012;;;;;;ALTX20;;ALT18B65;18 bis unter 65 Jahre;153218;Anzahl;BEVSTD;Bevölkerung
12411;;;;2025-12-31;KREISE;;11012012;;;;;;ALTX20;;ALT65UM;65 Jahre und älter;59977;Anzahl;BEVSTD;Bevölkerung
12411;;;;2025-12-31;KREISE;;11012012;;;;;;ALTX20;;ALTU18;unter 18 Jahre;17,1;%;BEVANT;Anteil an der Bevölkerung, berechnet
12411;;;;2025-12-31;KREISE;;11012012;;;;;;ALTX20;;ALT18B65;18 bis unter 65 Jahre;59,6;%;BEVANT;Anteil an der Bevölkerung, berechnet
12411;;;;2025-12-31;KREISE;;11012012;;;;;;ALTX20;;ALT65UM;65 Jahre und älter;23,3;%;BEVANT;Anteil an der Bevölkerung, berechnet
12411;;;;2025-12-31;KREISE;;12051;Brandenburg an der Havel, kreisfreie Stadt;;;;;;;;;73945;Anzahl;BEVSTD;Bevölkerung
12411;;;;2025-12-31;KREISE;;12051;;;;;;ALTX20;;ALTU18;unter 18 Jahre;10937;Anzahl;BEVSTD;Bevölkerung
12411;;;;2025-12-31;KREISE;;12051;;;;;;ALTX20;;ALT18B65;18 bis unter 65 Jahre;41797;Anzahl;BEVSTD;Bevölkerung
12411;;;;2025-12-31;KREISE;;12051;;;;;;ALTX20;;ALT65UM;65 Jahre und älter;21211;Anzahl;BEVSTD;Bevölkerung
12411;;;;2025-12-31;KREISE;;12051;;;;;;ALTX20;;ALTU18;unter 18 Jahre;14,8;%;BEVANT;Anteil an der Bevölkerung, berechnet
12411;;;;2025-12-31;KREISE;;12051;;;;;;ALTX20;;ALT18B65;18 bis unter 65 Jahre;56,5;%;BEVANT;Anteil an der Bevölkerung, berechnet
12411;;;;2025-12-31;KREISE;;12051;;;;;;ALTX20;;ALT65UM;65 Jahre und älter;28,7;%;BEVANT;Anteil an der Bevölkerung, berechnet
12411;;;;2025-12-31;KREISE;;12052;Cottbus, kreisfreie Stadt;;;;;;;;;95140;Anzahl;BEVSTD;Bevölkerung
12411;;;;2025-12-31;KREISE;;12052;;;;;;ALTX20;;ALTU18;unter 18 Jahre;14223;Anzahl;BEVSTD;Bevölkerung
12411;;;;2025-12-31;KREISE;;12052;;;;;;ALTX20;;ALT18B65;18 bis unter 65 Jahre;54409;Anzahl;BEVSTD;Bevölkerung
12411;;;;2025-12-31;KREISE;;12052;;;;;;ALTX20;;ALT65UM;65 Jahre und älter;26508;Anzahl;BEVSTD;Bevölkerung
12411;;;;2025-12-31;KREISE;;12052;;;;;;ALTX20;;ALTU18;unter 18 Jahre;14,9;%;BEVANT;Anteil an der Bevölkerung, berechnet
12411;;;;2025-12-31;KREISE;;12052;;;;;;ALTX20;;ALT18B65;18 bis unter 65 Jahre;57,2;%;BEVANT;Anteil an der Bevölkerung, berechnet
12411;;;;2025-12-31;KREISE;;12052;;;;;;ALTX20;;ALT65UM;65 Jahre und älter;27,9;%;BEVANT;Anteil an der Bevölkerung, berechnet
12411;;;;2025-12-31;KREISE;;12053;Frankfurt (Oder), kreisfreie Stadt;;;;;;;;;56586;Anzahl;BEVSTD;Bevölkerung
12411;;;;2025-12-31;KREISE;;12053;;;;;;ALTX20;;ALTU18;unter 18 Jahre;7979;Anzahl;BEVSTD;Bevölkerung
12411;;;;2025-12-31;KREISE;;12053;;;;;;ALTX20;;ALT18B65;18 bis unter 65 Jahre;32153;Anzahl;BEVSTD;Bevölkerung
12411;;;;2025-12-31;KREISE;;12053;;;;;;ALTX20;;ALT65UM;65 Jahre und älter;16454;Anzahl;BEVSTD;Bevölkerung
12411;;;;2025-12-31;KREISE;;12053;;;;;;ALTX20;;ALTU18;unter 18 Jahre;14,1;%;BEVANT;Anteil an der Bevölkerung, berechnet
12411;;;;2025-12-31;KREISE;;12053;;;;;;ALTX20;;ALT18B65;18 bis unter 65 Jahre;56,8;%;BEVANT;Anteil an der Bevölkerung, berechnet
12411;;;;2025-12-31;KREISE;;12053;;;;;;ALTX20;;ALT65UM;65 Jahre und älter;29,1;%;BEVANT;Anteil an der Bevölkerung, berechnet
12411;;;;2025-12-31;KREISE;;12054;Potsdam, kreisfreie Stadt;;;;;;;;;185137;Anzahl;BEVSTD;Bevölkerung
12411;;;;2025-12-31;KREISE;;12054;;;;;;ALTX20;;ALTU18;unter 18 Jahre;31523;Anzahl;BEVSTD;Bevölkerung
12411;;;;2025-12-31;KREISE;;12054;;;;;;ALTX20;;ALT18B65;18 bis unter 65 Jahre;114888;Anzahl;BEVSTD;Bevölkerung
12411;;;;2025-12-31;KREISE;;12054;;;;;;ALTX20;;ALT65UM;65 Jahre und älter;38726;Anzahl;BEVSTD;Bevölkerung
12411;;;;2025-12-31;KREISE;;12054;;;;;;ALTX20;;ALTU18;unter 18 Jahre;17,0;%;BEVANT;Anteil an der Bevölkerung, berechnet
12411;;;;2025-12-31;KREISE;;12054;;;;;;ALTX20;;ALT18B65;18 bis unter 65 Jahre;62,1;%;BEVANT;Anteil an der Bevölkerung, berechnet
12411;;;;2025-12-31;KREISE;;12054;;;;;;ALTX20;;ALT65UM;65 Jahre und älter;20,9;%;BEVANT;Anteil an der Bevölkerung, berechnet
12411;;;;2025-12-31;KREISE;;12060;Barnim, Landkreis;;;;;;;;;194885;Anzahl;BEVSTD;Bevölkerung
12411;;;;2025-12-31;KREISE;;12060;;;;;;ALTX20;;ALTU18;unter 18 Jahre;32059;Anzahl;BEVSTD;Bevölkerung
12411;;;;2025-12-31;KREISE;;12060;;;;;;ALTX20;;ALT18B65;18 bis unter 65 Jahre;111472;Anzahl;BEVSTD;Bevölkerung
12411;;;;2025-12-31;KREISE;;12060;;;;;;ALTX20;;ALT65UM;65 Jahre und älter;51354;Anzahl;BEVSTD;Bevölkerung
12411;;;;2025-12-31;KREISE;;12060;;;;;;ALTX20;;ALTU18;unter 18 Jahre;16,5;%;BEVANT;Anteil an der Bevölkerung, berechnet
12411;;;;2025-12-31;KREISE;;12060;;;;;;ALTX20;;ALT18B65;18 bis unter 65 Jahre;57,2;%;BEVANT;Anteil an der Bevölkerung, berechnet
12411;;;;2025-12-31;KREISE;;12060;;;;;;ALTX20;;ALT65UM;65 Jahre und älter;26,4;%;BEVANT;Anteil an der Bevölkerung, berechnet
12411;;;;2025-12-31;KREISE;;12061;Dahme-Spreewald, Landkreis;;;;;;;;;179480;Anzahl;BEVSTD;Bevölkerung
12411;;;;2025-12-31;KREISE;;12061;;;;;;ALTX20;;ALTU18;unter 18 Jahre;29974;Anzahl;BEVSTD;Bevölkerung
12411;;;;2025-12-31;KREISE;;12061;;;;;;ALTX20;;ALT18B65;18 bis unter 65 Jahre;103377;Anzahl;BEVSTD;Bevölkerung
12411;;;;2025-12-31;KREISE;;12061;;;;;;ALTX20;;ALT65UM;65 Jahre und älter;46129;Anzahl;BEVSTD;Bevölkerung
12411;;;;2025-12-31;KREISE;;12061;;;;;;ALTX20;;ALTU18;unter 18 Jahre;16,7;%;BEVANT;Anteil an der Bevölkerung, berechnet
12411;;;;2025-12-31;KREISE;;12061;;;;;;ALTX20;;ALT18B65;18 bis unter 65 Jahre;57,6;%;BEVANT;Anteil an der Bevölkerung, berechnet
12411;;;;2025-12-31;KREISE;;12061;;;;;;ALTX20;;ALT65UM;65 Jahre und älter;25,7;%;BEVANT;Anteil an der Bevölkerung, berechnet
12411;;;;2025-12-31;KREISE;;12062;Elbe-Elster, Landkreis;;;;;;;;;97017;Anzahl;BEVSTD;Bevölkerung
12411;;;;2025-12-31;KREISE;;12062;;;;;;ALTX20;;ALTU18;unter 18 Jahre;14223;Anzahl;BEVSTD;Bevölkerung
12411;;;;2025-12-31;KREISE;;12062;;;;;;ALTX20;;ALT18B65;18 bis unter 65 Jahre;52238;Anzahl;BEVSTD;Bevölkerung
12411;;;;2025-12-31;KREISE;;12062;;;;;;ALTX20;;ALT65UM;65 Jahre und älter;30556;Anzahl;BEVSTD;Bevölkerung
12411;;;;2025-12-31;KREISE;;12062;;;;;;ALTX20;;ALTU18;unter 18 Jahre;14,7;%;BEVANT;Anteil an der Bevölkerung, berechnet
12411;;;;2025-12-31;KREISE;;12062;;;;;;ALTX20;;ALT18B65;18 bis unter 65 Jahre;53,8;%;BEVANT;Anteil an der Bevölkerung, berechnet
12411;;;;2025-12-31;KREISE;;12062;;;;;;ALTX20;;ALT65UM;65 Jahre und älter;31,5;%;BEVANT;Anteil an der Bevölkerung, berechnet
12411;;;;2025-12-31;KREISE;;12063;Havelland, Landkreis;;;;;;;;;170792;Anzahl;BEVSTD;Bevölkerung
12411;;;;2025-12-31;KREISE;;12063;;;;;;ALTX20;;ALTU18;unter 18 Jahre;28962;Anzahl;BEVSTD;Bevölkerung
12411;;;;2025-12-31;KREISE;;12063;;;;;;ALTX20;;ALT18B65;18 bis unter 65 Jahre;99933;Anzahl;BEVSTD;Bevölkerung
12411;;;;2025-12-31;KREISE;;12063;;;;;;ALTX20;;ALT65UM;65 Jahre und älter;41897;Anzahl;BEVSTD;Bevölkerung
12411;;;;2025-12-31;KREISE;;12063;;;;;;ALTX20;;ALTU18;unter 18 Jahre;17,0;%;BEVANT;Anteil an der Bevölkerung, berechnet
12411;;;;2025-12-31;KREISE;;12063;;;;;;ALTX20;;ALT18B65;18 bis unter 65 Jahre;58,5;%;BEVANT;Anteil an der Bevölkerung, berechnet
12411;;;;2025-12-31;KREISE;;12063;;;;;;ALTX20;;ALT65UM;65 Jahre und älter;24,5;%;BEVANT;Anteil an der Bevölkerung, berechnet
12411;;;;2025-12-31;KREISE;;12064;Märkisch-Oderland, Landkreis;;;;;;;;;197192;Anzahl;BEVSTD;Bevölkerung
12411;;;;2025-12-31;KREISE;;12064;;;;;;ALTX20;;ALTU18;unter 18 Jahre;32552;Anzahl;BEVSTD;Bevölkerung
12411;;;;2025-12-31;KREISE;;12064;;;;;;ALTX20;;ALT18B65;18 bis unter 65 Jahre;111071;Anzahl;BEVSTD;Bevölkerung
12411;;;;2025-12-31;KREISE;;12064;;;;;;ALTX20;;ALT65UM;65 Jahre und älter;53569;Anzahl;BEVSTD;Bevölkerung
12411;;;;2025-12-31;KREISE;;12064;;;;;;ALTX20;;ALTU18;unter 18 Jahre;16,5;%;BEVANT;Anteil an der Bevölkerung, berechnet
12411;;;;2025-12-31;KREISE;;12064;;;;;;ALTX20;;ALT18B65;18 bis unter 65 Jahre;56,3;%;BEVANT;Anteil an der Bevölkerung, berechnet
12411;;;;2025-12-31;KREISE;;12064;;;;;;ALTX20;;ALT65UM;65 Jahre und älter;27,2;%;BEVANT;Anteil an der Bevölkerung, berechnet
12411;;;;2025-12-31;KREISE;;12065;Oberhavel, Landkreis;;;;;;;;;217858;Anzahl;BEVSTD;Bevölkerung
12411;;;;2025-12-31;KREISE;;12065;;;;;;ALTX20;;ALTU18;unter 18 Jahre;35290;Anzahl;BEVSTD;Bevölkerung
12411;;;;2025-12-31;KREISE;;12065;;;;;;ALTX20;;ALT18B65;18 bis unter 65 Jahre;127121;Anzahl;BEVSTD;Bevölkerung
12411;;;;2025-12-31;KREISE;;12065;;;;;;ALTX20;;ALT65UM;65 Jahre und älter;55447;Anzahl;BEVSTD;Bevölkerung
12411;;;;2025-12-31;KREISE;;12065;;;;;;ALTX20;;ALTU18;unter 18 Jahre;16,2;%;BEVANT;Anteil an der Bevölkerung, berechnet
12411;;;;2025-12-31;KREISE;;12065;;;;;;ALTX20;;ALT18B65;18 bis unter 65 Jahre;58,4;%;BEVANT;Anteil an der Bevölkerung, berechnet
12411;;;;2025-12-31;KREISE;;12065;;;;;;ALTX20;;ALT65UM;65 Jahre und älter;25,5;%;BEVANT;Anteil an der Bevölkerung, berechnet
12411;;;;2025-12-31;KREISE;;12066;Oberspreewald-Lausitz, Landkreis;;;;;;;;;106744;Anzahl;BEVSTD;Bevölkerung
12411;;;;2025-12-31;KREISE;;12066;;;;;;ALTX20;;ALTU18;unter 18 Jahre;15446;Anzahl;BEVSTD;Bevölkerung
12411;;;;2025-12-31;KREISE;;12066;;;;;;ALTX20;;ALT18B65;18 bis unter 65 Jahre;57812;Anzahl;BEVSTD;Bevölkerung
12411;;;;2025-12-31;KREISE;;12066;;;;;;ALTX20;;ALT65UM;65 Jahre und älter;33486;Anzahl;BEVSTD;Bevölkerung
12411;;;;2025-12-31;KREISE;;12066;;;;;;ALTX20;;ALTU18;unter 18 Jahre;14,5;%;BEVANT;Anteil an der Bevölkerung, berechnet
12411;;;;2025-12-31;KREISE;;12066;;;;;;ALTX20;;ALT18B65;18 bis unter 65 Jahre;54,2;%;BEVANT;Anteil an der Bevölkerung, berechnet
12411;;;;2025-12-31;KREISE;;12066;;;;;;ALTX20;;ALT65UM;65 Jahre und älter;31,4;%;BEVANT;Anteil an der Bevölkerung, berechnet
12411;;;;2025-12-31;KREISE;;12067;Oder-Spree, Landkreis;;;;;;;;;179142;Anzahl;BEVSTD;Bevölkerung
12411;;;;2025-12-31;KREISE;;12067;;;;;;ALTX20;;ALTU18;unter 18 Jahre;27731;Anzahl;BEVSTD;Bevölkerung
12411;;;;2025-12-31;KREISE;;12067;;;;;;ALTX20;;ALT18B65;18 bis unter 65 Jahre;99363;Anzahl;BEVSTD;Bevölkerung
12411;;;;2025-12-31;KREISE;;12067;;;;;;ALTX20;;ALT65UM;65 Jahre und älter;52048;Anzahl;BEVSTD;Bevölkerung
12411;;;;2025-12-31;KREISE;;12067;;;;;;ALTX20;;ALTU18;unter 18 Jahre;15,5;%;BEVANT;Anteil an der Bevölkerung, berechnet
12411;;;;2025-12-31;KREISE;;12067;;;;;;ALTX20;;ALT18B65;18 bis unter 65 Jahre;55,5;%;BEVANT;Anteil an der Bevölkerung, berechnet
12411;;;;2025-12-31;KREISE;;12067;;;;;;ALTX20;;ALT65UM;65 Jahre und älter;29,1;%;BEVANT;Anteil an der Bevölkerung, berechnet
12411;;;;2025-12-31;KREISE;;12068;Ostprignitz-Ruppin, Landkreis;;;;;;;;;98704;Anzahl;BEVSTD;Bevölkerung
12411;;;;2025-12-31;KREISE;;12068;;;;;;ALTX20;;ALTU18;unter 18 Jahre;14594;Anzahl;BEVSTD;Bevölkerung
12411;;;;2025-12-31;KREISE;;12068;;;;;;ALTX20;;ALT18B65;18 bis unter 65 Jahre;54908;Anzahl;BEVSTD;Bevölkerung
12411;;;;2025-12-31;KREISE;;12068;;;;;;ALTX20;;ALT65UM;65 Jahre und älter;29202;Anzahl;BEVSTD;Bevölkerung
12411;;;;2025-12-31;KREISE;;12068;;;;;;ALTX20;;ALTU18;unter 18 Jahre;14,8;%;BEVANT;Anteil an der Bevölkerung, berechnet
12411;;;;2025-12-31;KREISE;;12068;;;;;;ALTX20;;ALT18B65;18 bis unter 65 Jahre;55,6;%;BEVANT;Anteil an der Bevölkerung, berechnet
12411;;;;2025-12-31;KREISE;;12068;;;;;;ALTX20;;ALT65UM;65 Jahre und älter;29,6;%;BEVANT;Anteil an der Bevölkerung, berechnet
12411;;;;2025-12-31;KREISE;;12069;Potsdam-Mittelmark, Landkreis;;;;;;;;;221347;Anzahl;BEVSTD;Bevölkerung
12411;;;;2025-12-31;KREISE;;12069;;;;;;ALTX20;;ALTU18;unter 18 Jahre;37112;Anzahl;BEVSTD;Bevölkerung
12411;;;;2025-12-31;KREISE;;12069;;;;;;ALTX20;;ALT18B65;18 bis unter 65 Jahre;127183;Anzahl;BEVSTD;Bevölkerung
12411;;;;2025-12-31;KREISE;;12069;;;;;;ALTX20;;ALT65UM;65 Jahre und älter;57052;Anzahl;BEVSTD;Bevölkerung
12411;;;;2025-12-31;KREISE;;12069;;;;;;ALTX20;;ALTU18;unter 18 Jahre;16,8;%;BEVANT;Anteil an der Bevölkerung, berechnet
12411;;;;2025-12-31;KREISE;;12069;;;;;;ALTX20;;ALT18B65;18 bis unter 65 Jahre;57,5;%;BEVANT;Anteil an der Bevölkerung, berechnet
12411;;;;2025-12-31;KREISE;;12069;;;;;;ALTX20;;ALT65UM;65 Jahre und älter;25,8;%;BEVANT;Anteil an der Bevölkerung, berechnet
12411;;;;2025-12-31;KREISE;;12070;Prignitz, Landkreis;;;;;;;;;74942;Anzahl;BEVSTD;Bevölkerung
12411;;;;2025-12-31;KREISE;;12070;;;;;;ALTX20;;ALTU18;unter 18 Jahre;10640;Anzahl;BEVSTD;Bevölkerung
12411;;;;2025-12-31;KREISE;;12070;;;;;;ALTX20;;ALT18B65;18 bis unter 65 Jahre;41062;Anzahl;BEVSTD;Bevölkerung
12411;;;;2025-12-31;KREISE;;12070;;;;;;ALTX20;;ALT65UM;65 Jahre und älter;23240;Anzahl;BEVSTD;Bevölkerung
12411;;;;2025-12-31;KREISE;;12070;;;;;;ALTX20;;ALTU18;unter 18 Jahre;14,2;%;BEVANT;Anteil an der Bevölkerung, berechnet
12411;;;;2025-12-31;KREISE;;12070;;;;;;ALTX20;;ALT18B65;18 bis unter 65 Jahre;54,8;%;BEVANT;Anteil an der Bevölkerung, berechnet
12411;;;;2025-12-31;KREISE;;12070;;;;;;ALTX20;;ALT65UM;65 Jahre und älter;31,0;%;BEVANT;Anteil an der Bevölkerung, berechnet
12411;;;;2025-12-31;KREISE;;12071;Spree-Neiße, Landkreis;;;;;;;;;108574;Anzahl;BEVSTD;Bevölkerung
12411;;;;2025-12-31;KREISE;;12071;;;;;;ALTX20;;ALTU18;unter 18 Jahre;15819;Anzahl;BEVSTD;Bevölkerung
12411;;;;2025-12-31;KREISE;;12071;;;;;;ALTX20;;ALT18B65;18 bis unter 65 Jahre;57792;Anzahl;BEVSTD;Bevölkerung
12411;;;;2025-12-31;KREISE;;12071;;;;;;ALTX20;;ALT65UM;65 Jahre und älter;34963;Anzahl;BEVSTD;Bevölkerung
12411;;;;2025-12-31;KREISE;;12071;;;;;;ALTX20;;ALTU18;unter 18 Jahre;14,6;%;BEVANT;Anteil an der Bevölkerung, berechnet
12411;;;;2025-12-31;KREISE;;12071;;;;;;ALTX20;;ALT18B65;18 bis unter 65 Jahre;53,2;%;BEVANT;Anteil an der Bevölkerung, berechnet
12411;;;;2025-12-31;KREISE;;12071;;;;;;ALTX20;;ALT65UM;65 Jahre und älter;32,2;%;BEVANT;Anteil an der Bevölkerung, berechnet
12411;;;;2025-12-31;KREISE;;12072;Teltow-Fläming, Landkreis;;;;;;;;;177982;Anzahl;BEVSTD;Bevölkerung
12411;;;;2025-12-31;KREISE;;12072;;;;;;ALTX20;;ALTU18;unter 18 Jahre;30299;Anzahl;BEVSTD;Bevölkerung
12411;;;;2025-12-31;KREISE;;12072;;;;;;ALTX20;;ALT18B65;18 bis unter 65 Jahre;104888;Anzahl;BEVSTD;Bevölkerung
12411;;;;2025-12-31;KREISE;;12072;;;;;;ALTX20;;ALT65UM;65 Jahre und älter;42795;Anzahl;BEVSTD;Bevölkerung
12411;;;;2025-12-31;KREISE;;12072;;;;;;ALTX20;;ALTU18;unter 18 Jahre;17,0;%;BEVANT;Anteil an der Bevölkerung, berechnet
12411;;;;2025-12-31;KREISE;;12072;;;;;;ALTX20;;ALT18B65;18 bis unter 65 Jahre;58,9;%;BEVANT;Anteil an der Bevölkerung, berechnet
12411;;;;2025-12-31;KREISE;;12072;;;;;;ALTX20;;ALT65UM;65 Jahre und älter;24,0;%;BEVANT;Anteil an der Bevölkerung, berechnet
12411;;;;2025-12-31;KREISE;;12073;Uckermark, Landkreis;;;;;;;;;116422;Anzahl;BEVSTD;Bevölkerung
12411;;;;2025-12-31;KREISE;;12073;;;;;;ALTX20;;ALTU18;unter 18 Jahre;16726;Anzahl;BEVSTD;Bevölkerung
12411;;;;2025-12-31;KREISE;;12073;;;;;;ALTX20;;ALT18B65;18 bis unter 65 Jahre;62820;Anzahl;BEVSTD;Bevölkerung
12411;;;;2025-12-31;KREISE;;12073;;;;;;ALTX20;;ALT65UM;65 Jahre und älter;36876;Anzahl;BEVSTD;Bevölkerung
12411;;;;2025-12-31;KREISE;;12073;;;;;;ALTX20;;ALTU18;unter 18 Jahre;14,4;%;BEVANT;Anteil an der Bevölkerung, berechnet
12411;;;;2025-12-31;KREISE;;12073;;;;;;ALTX20;;ALT18B65;18 bis unter 65 Jahre;54,0;%;BEVANT;Anteil an der Bevölkerung, berechnet
12411;;;;2025-12-31;KREISE;;12073;;;;;;ALTX20;;ALT65UM;65 Jahre und älter;31,7;%;BEVANT;Anteil an der Bevölkerung, berechnet
12411;;;;2025-12-31;KREISE;;13003;Rostock, kreisfreie Stadt;;;;;;;;;204929;Anzahl;BEVSTD;Bevölkerung
12411;;;;2025-12-31;KREISE;;13003;;;;;;ALTX20;;ALTU18;unter 18 Jahre;28174;Anzahl;BEVSTD;Bevölkerung
12411;;;;2025-12-31;KREISE;;13003;;;;;;ALTX20;;ALT18B65;18 bis unter 65 Jahre;123478;Anzahl;BEVSTD;Bevölkerung
12411;;;;2025-12-31;KREISE;;13003;;;;;;ALTX20;;ALT65UM;65 Jahre und älter;53277;Anzahl;BEVSTD;Bevölkerung
12411;;;;2025-12-31;KREISE;;13003;;;;;;ALTX20;;ALTU18;unter 18 Jahre;13,7;%;BEVANT;Anteil an der Bevölkerung, berechnet
12411;;;;2025-12-31;KREISE;;13003;;;;;;ALTX20;;ALT18B65;18 bis unter 65 Jahre;60,3;%;BEVANT;Anteil an der Bevölkerung, berechnet
12411;;;;2025-12-31;KREISE;;13003;;;;;;ALTX20;;ALT65UM;65 Jahre und älter;26,0;%;BEVANT;Anteil an der Bevölkerung, berechnet
12411;;;;2025-12-31;KREISE;;13004;Schwerin, kreisfreie Stadt;;;;;;;;;97922;Anzahl;BEVSTD;Bevölkerung
12411;;;;2025-12-31;KREISE;;13004;;;;;;ALTX20;;ALTU18;unter 18 Jahre;14951;Anzahl;BEVSTD;Bevölkerung
12411;;;;2025-12-31;KREISE;;13004;;;;;;ALTX20;;ALT18B65;18 bis unter 65 Jahre;55500;Anzahl;BEVSTD;Bevölkerung
12411;;;;2025-12-31;KREISE;;13004;;;;;;ALTX20;;ALT65UM;65 Jahre und älter;27471;Anzahl;BEVSTD;Bevölkerung
12411;;;;2025-12-31;KREISE;;13004;;;;;;ALTX20;;ALTU18;unter 18 Jahre;15,3;%;BEVANT;Anteil an der Bevölkerung, berechnet
12411;;;;2025-12-31;KREISE;;13004;;;;;;ALTX20;;ALT18B65;18 bis unter 65 Jahre;56,7;%;BEVANT;Anteil an der Bevölkerung, berechnet
12411;;;;2025-12-31;KREISE;;13004;;;;;;ALTX20;;ALT65UM;65 Jahre und älter;28,1;%;BEVANT;Anteil an der Bevölkerung, berechnet
12411;;;;2025-12-31;KREISE;;13071;Mecklenburgische Seenplatte, Landkreis;;;;;;;;;245998;Anzahl;BEVSTD;Bevölkerung
12411;;;;2025-12-31;KREISE;;13071;;;;;;ALTX20;;ALTU18;unter 18 Jahre;36705;Anzahl;BEVSTD;Bevölkerung
12411;;;;2025-12-31;KREISE;;13071;;;;;;ALTX20;;ALT18B65;18 bis unter 65 Jahre;133815;Anzahl;BEVSTD;Bevölkerung
12411;;;;2025-12-31;KREISE;;13071;;;;;;ALTX20;;ALT65UM;65 Jahre und älter;75478;Anzahl;BEVSTD;Bevölkerung
12411;;;;2025-12-31;KREISE;;13071;;;;;;ALTX20;;ALTU18;unter 18 Jahre;14,9;%;BEVANT;Anteil an der Bevölkerung, berechnet
12411;;;;2025-12-31;KREISE;;13071;;;;;;ALTX20;;ALT18B65;18 bis unter 65 Jahre;54,4;%;BEVANT;Anteil an der Bevölkerung, berechnet
12411;;;;2025-12-31;KREISE;;13071;;;;;;ALTX20;;ALT65UM;65 Jahre und älter;30,7;%;BEVANT;Anteil an der Bevölkerung, berechnet
12411;;;;2025-12-31;KREISE;;13072;Landkreis Rostock;;;;;;;;;218123;Anzahl;BEVSTD;Bevölkerung
12411;;;;2025-12-31;KREISE;;13072;;;;;;ALTX20;;ALTU18;unter 18 Jahre;35721;Anzahl;BEVSTD;Bevölkerung
12411;;;;2025-12-31;KREISE;;13072;;;;;;ALTX20;;ALT18B65;18 bis unter 65 Jahre;120616;Anzahl;BEVSTD;Bevölkerung
12411;;;;2025-12-31;KREISE;;13072;;;;;;ALTX20;;ALT65UM;65 Jahre und älter;61786;Anzahl;BEVSTD;Bevölkerung
12411;;;;2025-12-31;KREISE;;13072;;;;;;ALTX20;;ALTU18;unter 18 Jahre;16,4;%;BEVANT;Anteil an der Bevölkerung, berechnet
12411;;;;2025-12-31;KREISE;;13072;;;;;;ALTX20;;ALT18B65;18 bis unter 65 Jahre;55,3;%;BEVANT;Anteil an der Bevölkerung, berechnet
12411;;;;2025-12-31;KREISE;;13072;;;;;;ALTX20;;ALT65UM;65 Jahre und älter;28,3;%;BEVANT;Anteil an der Bevölkerung, berechnet
12411;;;;2025-12-31;KREISE;;13073;Vorpommern-Rügen, Landkreis;;;;;;;;;217817;Anzahl;BEVSTD;Bevölkerung
12411;;;;2025-12-31;KREISE;;13073;;;;;;ALTX20;;ALTU18;unter 18 Jahre;31207;Anzahl;BEVSTD;Bevölkerung
12411;;;;2025-12-31;KREISE;;13073;;;;;;ALTX20;;ALT18B65;18 bis unter 65 Jahre;121051;Anzahl;BEVSTD;Bevölkerung
12411;;;;2025-12-31;KREISE;;13073;;;;;;ALTX20;;ALT65UM;65 Jahre und älter;65559;Anzahl;BEVSTD;Bevölkerung
12411;;;;2025-12-31;KREISE;;13073;;;;;;ALTX20;;ALTU18;unter 18 Jahre;14,3;%;BEVANT;Anteil an der Bevölkerung, berechnet
12411;;;;2025-12-31;KREISE;;13073;;;;;;ALTX20;;ALT18B65;18 bis unter 65 Jahre;55,6;%;BEVANT;Anteil an der Bevölkerung, berechnet
12411;;;;2025-12-31;KREISE;;13073;;;;;;ALTX20;;ALT65UM;65 Jahre und älter;30,1;%;BEVANT;Anteil an der Bevölkerung, berechnet
12411;;;;2025-12-31;KREISE;;13074;Nordwestmecklenburg, Landkreis;;;;;;;;;155869;Anzahl;BEVSTD;Bevölkerung
12411;;;;2025-12-31;KREISE;;13074;;;;;;ALTX20;;ALTU18;unter 18 Jahre;24328;Anzahl;BEVSTD;Bevölkerung
12411;;;;2025-12-31;KREISE;;13074;;;;;;ALTX20;;ALT18B65;18 bis unter 65 Jahre;88509;Anzahl;BEVSTD;Bevölkerung
12411;;;;2025-12-31;KREISE;;13074;;;;;;ALTX20;;ALT65UM;65 Jahre und älter;43032;Anzahl;BEVSTD;Bevölkerung
12411;;;;2025-12-31;KREISE;;13074;;;;;;ALTX20;;ALTU18;unter 18 Jahre;15,6;%;BEVANT;Anteil an der Bevölkerung, berechnet
12411;;;;2025-12-31;KREISE;;13074;;;;;;ALTX20;;ALT18B65;18 bis unter 65 Jahre;56,8;%;BEVANT;Anteil an der Bevölkerung, berechnet
12411;;;;2025-12-31;KREISE;;13074;;;;;;ALTX20;;ALT65UM;65 Jahre und älter;27,6;%;BEVANT;Anteil an der Bevölkerung, berechnet
12411;;;;2025-12-31;KREISE;;13075;Vorpommern-Greifswald, Landkreis;;;;;;;;;225867;Anzahl;BEVSTD;Bevölkerung
12411;;;;2025-12-31;KREISE;;13075;;;;;;ALTX20;;ALTU18;unter 18 Jahre;32787;Anzahl;BEVSTD;Bevölkerung
12411;;;;2025-12-31;KREISE;;13075;;;;;;ALTX20;;ALT18B65;18 bis unter 65 Jahre;125827;Anzahl;BEVSTD;Bevölkerung
12411;;;;2025-12-31;KREISE;;13075;;;;;;ALTX20;;ALT65UM;65 Jahre und älter;67253;Anzahl;BEVSTD;Bevölkerung
12411;;;;2025-12-31;KREISE;;13075;;;;;;ALTX20;;ALTU18;unter 18 Jahre;14,5;%;BEVANT;Anteil an der Bevölkerung, berechnet
12411;;;;2025-12-31;KREISE;;13075;;;;;;ALTX20;;ALT18B65;18 bis unter 65 Jahre;55,7;%;BEVANT;Anteil an der Bevölkerung, berechnet
12411;;;;2025-12-31;KREISE;;13075;;;;;;ALTX20;;ALT65UM;65 Jahre und älter;29,8;%;BEVANT;Anteil an der Bevölkerung, berechnet
12411;;;;2025-12-31;KREISE;;13076;Ludwigslust-Parchim, Landkreis;;;;;;;;;207160;Anzahl;BEVSTD;Bevölkerung
12411;;;;2025-12-31;KREISE;;13076;;;;;;ALTX20;;ALTU18;unter 18 Jahre;32732;Anzahl;BEVSTD;Bevölkerung
12411;;;;2025-12-31;KREISE;;13076;;;;;;ALTX20;;ALT18B65;18 bis unter 65 Jahre;115817;Anzahl;BEVSTD;Bevölkerung
12411;;;;2025-12-31;KREISE;;13076;;;;;;ALTX20;;ALT65UM;65 Jahre und älter;58611;Anzahl;BEVSTD;Bevölkerung
12411;;;;2025-12-31;KREISE;;13076;;;;;;ALTX20;;ALTU18;unter 18 Jahre;15,8;%;BEVANT;Anteil an der Bevölkerung, berechnet
12411;;;;2025-12-31;KREISE;;13076;;;;;;ALTX20;;ALT18B65;18 bis unter 65 Jahre;55,9;%;BEVANT;Anteil an der Bevölkerung, berechnet
12411;;;;2025-12-31;KREISE;;13076;;;;;;ALTX20;;ALT65UM;65 Jahre und älter;28,3;%;BEVANT;Anteil an der Bevölkerung, berechnet
12411;;;;2025-12-31;KREISE;;14511;Chemnitz, kreisfreie Stadt;;;;;;;;;247252;Anzahl;BEVSTD;Bevölkerung
12411;;;;2025-12-31;KREISE;;14511;;;;;;ALTX20;;ALTU18;unter 18 Jahre;38975;Anzahl;BEVSTD;Bevölkerung
12411;;;;2025-12-31;KREISE;;14511;;;;;;ALTX20;;ALT18B65;18 bis unter 65 Jahre;140090;Anzahl;BEVSTD;Bevölkerung
12411;;;;2025-12-31;KREISE;;14511;;;;;;ALTX20;;ALT65UM;65 Jahre und älter;68187;Anzahl;BEVSTD;Bevölkerung
12411;;;;2025-12-31;KREISE;;14511;;;;;;ALTX20;;ALTU18;unter 18 Jahre;15,8;%;BEVANT;Anteil an der Bevölkerung, berechnet
12411;;;;2025-12-31;KREISE;;14511;;;;;;ALTX20;;ALT18B65;18 bis unter 65 Jahre;56,7;%;BEVANT;Anteil an der Bevölkerung, berechnet
12411;;;;2025-12-31;KREISE;;14511;;;;;;ALTX20;;ALT65UM;65 Jahre und älter;27,6;%;BEVANT;Anteil an der Bevölkerung, berechnet
12411;;;;2025-12-31;KREISE;;14521;Erzgebirgskreis;;;;;;;;;315274;Anzahl;BEVSTD;Bevölkerung
12411;;;;2025-12-31;KREISE;;14521;;;;;;ALTX20;;ALTU18;unter 18 Jahre;47796;Anzahl;BEVSTD;Bevölkerung
12411;;;;2025-12-31;KREISE;;14521;;;;;;ALTX20;;ALT18B65;18 bis unter 65 Jahre;165169;Anzahl;BEVSTD;Bevölkerung
12411;;;;2025-12-31;KREISE;;14521;;;;;;ALTX20;;ALT65UM;65 Jahre und älter;102309;Anzahl;BEVSTD;Bevölkerung
12411;;;;2025-12-31;KREISE;;14521;;;;;;ALTX20;;ALTU18;unter 18 Jahre;15,2;%;BEVANT;Anteil an der Bevölkerung, berechnet
12411;;;;2025-12-31;KREISE;;14521;;;;;;ALTX20;;ALT18B65;18 bis unter 65 Jahre;52,4;%;BEVANT;Anteil an der Bevölkerung, berechnet
12411;;;;2025-12-31;KREISE;;14521;;;;;;ALTX20;;ALT65UM;65 Jahre und älter;32,5;%;BEVANT;Anteil an der Bevölkerung, berechnet
12411;;;;2025-12-31;KREISE;;14522;Mittelsachsen, Landkreis;;;;;;;;;294037;Anzahl;BEVSTD;Bevölkerung
12411;;;;2025-12-31;KREISE;;14522;;;;;;ALTX20;;ALTU18;unter 18 Jahre;45608;Anzahl;BEVSTD;Bevölkerung
12411;;;;2025-12-31;KREISE;;14522;;;;;;ALTX20;;ALT18B65;18 bis unter 65 Jahre;159003;Anzahl;BEVSTD;Bevölkerung
12411;;;;2025-12-31;KREISE;;14522;;;;;;ALTX20;;ALT65UM;65 Jahre und älter;89426;Anzahl;BEVSTD;Bevölkerung
12411;;;;2025-12-31;KREISE;;14522;;;;;;ALTX20;;ALTU18;unter 18 Jahre;15,5;%;BEVANT;Anteil an der Bevölkerung, berechnet
12411;;;;2025-12-31;KREISE;;14522;;;;;;ALTX20;;ALT18B65;18 bis unter 65 Jahre;54,1;%;BEVANT;Anteil an der Bevölkerung, berechnet
12411;;;;2025-12-31;KREISE;;14522;;;;;;ALTX20;;ALT65UM;65 Jahre und älter;30,4;%;BEVANT;Anteil an der Bevölkerung, berechnet
12411;;;;2025-12-31;KREISE;;14523;Vogtlandkreis;;;;;;;;;216387;Anzahl;BEVSTD;Bevölkerung
12411;;;;2025-12-31;KREISE;;14523;;;;;;ALTX20;;ALTU18;unter 18 Jahre;31199;Anzahl;BEVSTD;Bevölkerung
12411;;;;2025-12-31;KREISE;;14523;;;;;;ALTX20;;ALT18B65;18 bis unter 65 Jahre;115311;Anzahl;BEVSTD;Bevölkerung
12411;;;;2025-12-31;KREISE;;14523;;;;;;ALTX20;;ALT65UM;65 Jahre und älter;69877;Anzahl;BEVSTD;Bevölkerung
12411;;;;2025-12-31;KREISE;;14523;;;;;;ALTX20;;ALTU18;unter 18 Jahre;14,4;%;BEVANT;Anteil an der Bevölkerung, berechnet
12411;;;;2025-12-31;KREISE;;14523;;;;;;ALTX20;;ALT18B65;18 bis unter 65 Jahre;53,3;%;BEVANT;Anteil an der Bevölkerung, berechnet
12411;;;;2025-12-31;KREISE;;14523;;;;;;ALTX20;;ALT65UM;65 Jahre und älter;32,3;%;BEVANT;Anteil an der Bevölkerung, berechnet
12411;;;;2025-12-31;KREISE;;14524;Zwickau, Landkreis;;;;;;;;;303634;Anzahl;BEVSTD;Bevölkerung
12411;;;;2025-12-31;KREISE;;14524;;;;;;ALTX20;;ALTU18;unter 18 Jahre;45160;Anzahl;BEVSTD;Bevölkerung
12411;;;;2025-12-31;KREISE;;14524;;;;;;ALTX20;;ALT18B65;18 bis unter 65 Jahre;164438;Anzahl;BEVSTD;Bevölkerung
12411;;;;2025-12-31;KREISE;;14524;;;;;;ALTX20;;ALT65UM;65 Jahre und älter;94036;Anzahl;BEVSTD;Bevölkerung
12411;;;;2025-12-31;KREISE;;14524;;;;;;ALTX20;;ALTU18;unter 18 Jahre;14,9;%;BEVANT;Anteil an der Bevölkerung, berechnet
12411;;;;2025-12-31;KREISE;;14524;;;;;;ALTX20;;ALT18B65;18 bis unter 65 Jahre;54,2;%;BEVANT;Anteil an der Bevölkerung, berechnet
12411;;;;2025-12-31;KREISE;;14524;;;;;;ALTX20;;ALT65UM;65 Jahre und älter;31,0;%;BEVANT;Anteil an der Bevölkerung, berechnet
12411;;;;2025-12-31;KREISE;;14612;Dresden, kreisfreie Stadt;;;;;;;;;562764;Anzahl;BEVSTD;Bevölkerung
12411;;;;2025-12-31;KREISE;;14612;;;;;;ALTX20;;ALTU18;unter 18 Jahre;92394;Anzahl;BEVSTD;Bevölkerung
12411;;;;2025-12-31;KREISE;;14612;;;;;;ALTX20;;ALT18B65;18 bis unter 65 Jahre;345895;Anzahl;BEVSTD;Bevölkerung
12411;;;;2025-12-31;KREISE;;14612;;;;;;ALTX20;;ALT65UM;65 Jahre und älter;124475;Anzahl;BEVSTD;Bevölkerung
12411;;;;2025-12-31;KREISE;;14612;;;;;;ALTX20;;ALTU18;unter 18 Jahre;16,4;%;BEVANT;Anteil an der Bevölkerung, berechnet
12411;;;;2025-12-31;KREISE;;14612;;;;;;ALTX20;;ALT18B65;18 bis unter 65 Jahre;61,5;%;BEVANT;Anteil an der Bevölkerung, berechnet
12411;;;;2025-12-31;KREISE;;14612;;;;;;ALTX20;;ALT65UM;65 Jahre und älter;22,1;%;BEVANT;Anteil an der Bevölkerung, berechnet
12411;;;;2025-12-31;KREISE;;14625;Bautzen, Landkreis;;;;;;;;;290610;Anzahl;BEVSTD;Bevölkerung
12411;;;;2025-12-31;KREISE;;14625;;;;;;ALTX20;;ALTU18;unter 18 Jahre;47037;Anzahl;BEVSTD;Bevölkerung
12411;;;;2025-12-31;KREISE;;14625;;;;;;ALTX20;;ALT18B65;18 bis unter 65 Jahre;155816;Anzahl;BEVSTD;Bevölkerung
12411;;;;2025-12-31;KREISE;;14625;;;;;;ALTX20;;ALT65UM;65 Jahre und älter;87757;Anzahl;BEVSTD;Bevölkerung
12411;;;;2025-12-31;KREISE;;14625;;;;;;ALTX20;;ALTU18;unter 18 Jahre;16,2;%;BEVANT;Anteil an der Bevölkerung, berechnet
12411;;;;2025-12-31;KREISE;;14625;;;;;;ALTX20;;ALT18B65;18 bis unter 65 Jahre;53,6;%;BEVANT;Anteil an der Bevölkerung, berechnet
12411;;;;2025-12-31;KREISE;;14625;;;;;;ALTX20;;ALT65UM;65 Jahre und älter;30,2;%;BEVANT;Anteil an der Bevölkerung, berechnet
12411;;;;2025-12-31;KREISE;;14626;Görlitz, Landkreis;;;;;;;;;241749;Anzahl;BEVSTD;Bevölkerung
12411;;;;2025-12-31;KREISE;;14626;;;;;;ALTX20;;ALTU18;unter 18 Jahre;36450;Anzahl;BEVSTD;Bevölkerung
12411;;;;2025-12-31;KREISE;;14626;;;;;;ALTX20;;ALT18B65;18 bis unter 65 Jahre;126866;Anzahl;BEVSTD;Bevölkerung
12411;;;;2025-12-31;KREISE;;14626;;;;;;ALTX20;;ALT65UM;65 Jahre und älter;78433;Anzahl;BEVSTD;Bevölkerung
12411;;;;2025-12-31;KREISE;;14626;;;;;;ALTX20;;ALTU18;unter 18 Jahre;15,1;%;BEVANT;Anteil an der Bevölkerung, berechnet
12411;;;;2025-12-31;KREISE;;14626;;;;;;ALTX20;;ALT18B65;18 bis unter 65 Jahre;52,5;%;BEVANT;Anteil an der Bevölkerung, berechnet
12411;;;;2025-12-31;KREISE;;14626;;;;;;ALTX20;;ALT65UM;65 Jahre und älter;32,4;%;BEVANT;Anteil an der Bevölkerung, berechnet
12411;;;;2025-12-31;KREISE;;14627;Meißen, Landkreis;;;;;;;;;238334;Anzahl;BEVSTD;Bevölkerung
12411;;;;2025-12-31;KREISE;;14627;;;;;;ALTX20;;ALTU18;unter 18 Jahre;37756;Anzahl;BEVSTD;Bevölkerung
12411;;;;2025-12-31;KREISE;;14627;;;;;;ALTX20;;ALT18B65;18 bis unter 65 Jahre;129259;Anzahl;BEVSTD;Bevölkerung
12411;;;;2025-12-31;KREISE;;14627;;;;;;ALTX20;;ALT65UM;65 Jahre und älter;71319;Anzahl;BEVSTD;Bevölkerung
12411;;;;2025-12-31;KREISE;;14627;;;;;;ALTX20;;ALTU18;unter 18 Jahre;15,8;%;BEVANT;Anteil an der Bevölkerung, berechnet
12411;;;;2025-12-31;KREISE;;14627;;;;;;ALTX20;;ALT18B65;18 bis unter 65 Jahre;54,2;%;BEVANT;Anteil an der Bevölkerung, berechnet
12411;;;;2025-12-31;KREISE;;14627;;;;;;ALTX20;;ALT65UM;65 Jahre und älter;29,9;%;BEVANT;Anteil an der Bevölkerung, berechnet
12411;;;;2025-12-31;KREISE;;14628;Sächsische Schweiz-Osterzgebirge, Landkreis;;;;;;;;;242471;Anzahl;BEVSTD;Bevölkerung
12411;;;;2025-12-31;KREISE;;14628;;;;;;ALTX20;;ALTU18;unter 18 Jahre;39714;Anzahl;BEVSTD;Bevölkerung
12411;;;;2025-12-31;KREISE;;14628;;;;;;ALTX20;;ALT18B65;18 bis unter 65 Jahre;131554;Anzahl;BEVSTD;Bevölkerung
12411;;;;2025-12-31;KREISE;;14628;;;;;;ALTX20;;ALT65UM;65 Jahre und älter;71203;Anzahl;BEVSTD;Bevölkerung
12411;;;;2025-12-31;KREISE;;14628;;;;;;ALTX20;;ALTU18;unter 18 Jahre;16,4;%;BEVANT;Anteil an der Bevölkerung, berechnet
12411;;;;2025-12-31;KREISE;;14628;;;;;;ALTX20;;ALT18B65;18 bis unter 65 Jahre;54,3;%;BEVANT;Anteil an der Bevölkerung, berechnet
12411;;;;2025-12-31;KREISE;;14628;;;;;;ALTX20;;ALT65UM;65 Jahre und älter;29,4;%;BEVANT;Anteil an der Bevölkerung, berechnet
12411;;;;2025-12-31;KREISE;;14713;Leipzig, kreisfreie Stadt;;;;;;;;;615932;Anzahl;BEVSTD;Bevölkerung
12411;;;;2025-12-31;KREISE;;14713;;;;;;ALTX20;;ALTU18;unter 18 Jahre;97155;Anzahl;BEVSTD;Bevölkerung
12411;;;;2025-12-31;KREISE;;14713;;;;;;ALTX20;;ALT18B65;18 bis unter 65 Jahre;398444;Anzahl;BEVSTD;Bevölkerung
12411;;;;2025-12-31;KREISE;;14713;;;;;;ALTX20;;ALT65UM;65 Jahre und älter;120333;Anzahl;BEVSTD;Bevölkerung
12411;;;;2025-12-31;KREISE;;14713;;;;;;ALTX20;;ALTU18;unter 18 Jahre;15,8;%;BEVANT;Anteil an der Bevölkerung, berechnet
12411;;;;2025-12-31;KREISE;;14713;;;;;;ALTX20;;ALT18B65;18 bis unter 65 Jahre;64,7;%;BEVANT;Anteil an der Bevölkerung, berechnet
12411;;;;2025-12-31;KREISE;;14713;;;;;;ALTX20;;ALT65UM;65 Jahre und älter;19,5;%;BEVANT;Anteil an der Bevölkerung, berechnet
12411;;;;2025-12-31;KREISE;;14729;Leipzig, Landkreis;;;;;;;;;259516;Anzahl;BEVSTD;Bevölkerung
12411;;;;2025-12-31;KREISE;;14729;;;;;;ALTX20;;ALTU18;unter 18 Jahre;42267;Anzahl;BEVSTD;Bevölkerung
12411;;;;2025-12-31;KREISE;;14729;;;;;;ALTX20;;ALT18B65;18 bis unter 65 Jahre;143079;Anzahl;BEVSTD;Bevölkerung
12411;;;;2025-12-31;KREISE;;14729;;;;;;ALTX20;;ALT65UM;65 Jahre und älter;74170;Anzahl;BEVSTD;Bevölkerung
12411;;;;2025-12-31;KREISE;;14729;;;;;;ALTX20;;ALTU18;unter 18 Jahre;16,3;%;BEVANT;Anteil an der Bevölkerung, berechnet
12411;;;;2025-12-31;KREISE;;14729;;;;;;ALTX20;;ALT18B65;18 bis unter 65 Jahre;55,1;%;BEVANT;Anteil an der Bevölkerung, berechnet
12411;;;;2025-12-31;KREISE;;14729;;;;;;ALTX20;;ALT65UM;65 Jahre und älter;28,6;%;BEVANT;Anteil an der Bevölkerung, berechnet
12411;;;;2025-12-31;KREISE;;14730;Nordsachsen, Landkreis;;;;;;;;;198639;Anzahl;BEVSTD;Bevölkerung
12411;;;;2025-12-31;KREISE;;14730;;;;;;ALTX20;;ALTU18;unter 18 Jahre;31613;Anzahl;BEVSTD;Bevölkerung
12411;;;;2025-12-31;KREISE;;14730;;;;;;ALTX20;;ALT18B65;18 bis unter 65 Jahre;110866;Anzahl;BEVSTD;Bevölkerung
12411;;;;2025-12-31;KREISE;;14730;;;;;;ALTX20;;ALT65UM;65 Jahre und älter;56160;Anzahl;BEVSTD;Bevölkerung
12411;;;;2025-12-31;KREISE;;14730;;;;;;ALTX20;;ALTU18;unter 18 Jahre;15,9;%;BEVANT;Anteil an der Bevölkerung, berechnet
12411;;;;2025-12-31;KREISE;;14730;;;;;;ALTX20;;ALT18B65;18 bis unter 65 Jahre;55,8;%;BEVANT;Anteil an der Bevölkerung, berechnet
12411;;;;2025-12-31;KREISE;;14730;;;;;;ALTX20;;ALT65UM;65 Jahre und älter;28,3;%;BEVANT;Anteil an der Bevölkerung, berechnet
12411;;;;2025-12-31;KREISE;;15001;Dessau-Roßlau, kreisfreie Stadt;;;;;;;;;75035;Anzahl;BEVSTD;Bevölkerung
12411;;;;2025-12-31;KREISE;;15001;;;;;;ALTX20;;ALTU18;unter 18 Jahre;10653;Anzahl;BEVSTD;Bevölkerung
12411;;;;2025-12-31;KREISE;;15001;;;;;;ALTX20;;ALT18B65;18 bis unter 65 Jahre;39702;Anzahl;BEVSTD;Bevölkerung
12411;;;;2025-12-31;KREISE;;15001;;;;;;ALTX20;;ALT65UM;65 Jahre und älter;24680;Anzahl;BEVSTD;Bevölkerung
12411;;;;2025-12-31;KREISE;;15001;;;;;;ALTX20;;ALTU18;unter 18 Jahre;14,2;%;BEVANT;Anteil an der Bevölkerung, berechnet
12411;;;;2025-12-31;KREISE;;15001;;;;;;ALTX20;;ALT18B65;18 bis unter 65 Jahre;52,9;%;BEVANT;Anteil an der Bevölkerung, berechnet
12411;;;;2025-12-31;KREISE;;15001;;;;;;ALTX20;;ALT65UM;65 Jahre und älter;32,9;%;BEVANT;Anteil an der Bevölkerung, berechnet
12411;;;;2025-12-31;KREISE;;15002;Halle (Saale), kreisfreie Stadt;;;;;;;;;226186;Anzahl;BEVSTD;Bevölkerung
12411;;;;2025-12-31;KREISE;;15002;;;;;;ALTX20;;ALTU18;unter 18 Jahre;35590;Anzahl;BEVSTD;Bevölkerung
12411;;;;2025-12-31;KREISE;;15002;;;;;;ALTX20;;ALT18B65;18 bis unter 65 Jahre;135212;Anzahl;BEVSTD;Bevölkerung
12411;;;;2025-12-31;KREISE;;15002;;;;;;ALTX20;;ALT65UM;65 Jahre und älter;55384;Anzahl;BEVSTD;Bevölkerung
12411;;;;2025-12-31;KREISE;;15002;;;;;;ALTX20;;ALTU18;unter 18 Jahre;15,7;%;BEVANT;Anteil an der Bevölkerung, berechnet
12411;;;;2025-12-31;KREISE;;15002;;;;;;ALTX20;;ALT18B65;18 bis unter 65 Jahre;59,8;%;BEVANT;Anteil an der Bevölkerung, berechnet
12411;;;;2025-12-31;KREISE;;15002;;;;;;ALTX20;;ALT65UM;65 Jahre und älter;24,5;%;BEVANT;Anteil an der Bevölkerung, berechnet
12411;;;;2025-12-31;KREISE;;15003;Magdeburg, kreisfreie Stadt, Landeshauptstadt;;;;;;;;;244494;Anzahl;BEVSTD;Bevölkerung
12411;;;;2025-12-31;KREISE;;15003;;;;;;ALTX20;;ALTU18;unter 18 Jahre;36134;Anzahl;BEVSTD;Bevölkerung
12411;;;;2025-12-31;KREISE;;15003;;;;;;ALTX20;;ALT18B65;18 bis unter 65 Jahre;148344;Anzahl;BEVSTD;Bevölkerung
12411;;;;2025-12-31;KREISE;;15003;;;;;;ALTX20;;ALT65UM;65 Jahre und älter;60016;Anzahl;BEVSTD;Bevölkerung
12411;;;;2025-12-31;KREISE;;15003;;;;;;ALTX20;;ALTU18;unter 18 Jahre;14,8;%;BEVANT;Anteil an der Bevölkerung, berechnet
12411;;;;2025-12-31;KREISE;;15003;;;;;;ALTX20;;ALT18B65;18 bis unter 65 Jahre;60,7;%;BEVANT;Anteil an der Bevölkerung, berechnet
12411;;;;2025-12-31;KREISE;;15003;;;;;;ALTX20;;ALT65UM;65 Jahre und älter;24,5;%;BEVANT;Anteil an der Bevölkerung, berechnet
12411;;;;2025-12-31;KREISE;;15081;Altmarkkreis Salzwedel;;;;;;;;;79460;Anzahl;BEVSTD;Bevölkerung
12411;;;;2025-12-31;KREISE;;15081;;;;;;ALTX20;;ALTU18;unter 18 Jahre;12188;Anzahl;BEVSTD;Bevölkerung
12411;;;;2025-12-31;KREISE;;15081;;;;;;ALTX20;;ALT18B65;18 bis unter 65 Jahre;44640;Anzahl;BEVSTD;Bevölkerung
12411;;;;2025-12-31;KREISE;;15081;;;;;;ALTX20;;ALT65UM;65 Jahre und älter;22632;Anzahl;BEVSTD;Bevölkerung
12411;;;;2025-12-31;KREISE;;15081;;;;;;ALTX20;;ALTU18;unter 18 Jahre;15,3;%;BEVANT;Anteil an der Bevölkerung, berechnet
12411;;;;2025-12-31;KREISE;;15081;;;;;;ALTX20;;ALT18B65;18 bis unter 65 Jahre;56,2;%;BEVANT;Anteil an der Bevölkerung, berechnet
12411;;;;2025-12-31;KREISE;;15081;;;;;;ALTX20;;ALT65UM;65 Jahre und älter;28,5;%;BEVANT;Anteil an der Bevölkerung, berechnet
12411;;;;2025-12-31;KREISE;;15082;Anhalt-Bitterfeld, Landkreis;;;;;;;;;151352;Anzahl;BEVSTD;Bevölkerung
12411;;;;2025-12-31;KREISE;;15082;;;;;;ALTX20;;ALTU18;unter 18 Jahre;21487;Anzahl;BEVSTD;Bevölkerung
12411;;;;2025-12-31;KREISE;;15082;;;;;;ALTX20;;ALT18B65;18 bis unter 65 Jahre;83756;Anzahl;BEVSTD;Bevölkerung
12411;;;;2025-12-31;KREISE;;15082;;;;;;ALTX20;;ALT65UM;65 Jahre und älter;46109;Anzahl;BEVSTD;Bevölkerung
12411;;;;2025-12-31;KREISE;;15082;;;;;;ALTX20;;ALTU18;unter 18 Jahre;14,2;%;BEVANT;Anteil an der Bevölkerung, berechnet
12411;;;;2025-12-31;KREISE;;15082;;;;;;ALTX20;;ALT18B65;18 bis unter 65 Jahre;55,3;%;BEVANT;Anteil an der Bevölkerung, berechnet
12411;;;;2025-12-31;KREISE;;15082;;;;;;ALTX20;;ALT65UM;65 Jahre und älter;30,5;%;BEVANT;Anteil an der Bevölkerung, berechnet
12411;;;;2025-12-31;KREISE;;15083;Börde, Landkreis;;;;;;;;;167314;Anzahl;BEVSTD;Bevölkerung
12411;;;;2025-12-31;KREISE;;15083;;;;;;ALTX20;;ALTU18;unter 18 Jahre;26290;Anzahl;BEVSTD;Bevölkerung
12411;;;;2025-12-31;KREISE;;15083;;;;;;ALTX20;;ALT18B65;18 bis unter 65 Jahre;94903;Anzahl;BEVSTD;Bevölkerung
12411;;;;2025-12-31;KREISE;;15083;;;;;;ALTX20;;ALT65UM;65 Jahre und älter;46121;Anzahl;BEVSTD;Bevölkerung
12411;;;;2025-12-31;KREISE;;15083;;;;;;ALTX20;;ALTU18;unter 18 Jahre;15,7;%;BEVANT;Anteil an der Bevölkerung, berechnet
12411;;;;2025-12-31;KREISE;;15083;;;;;;ALTX20;;ALT18B65;18 bis unter 65 Jahre;56,7;%;BEVANT;Anteil an der Bevölkerung, berechnet
12411;;;;2025-12-31;KREISE;;15083;;;;;;ALTX20;;ALT65UM;65 Jahre und älter;27,6;%;BEVANT;Anteil an der Bevölkerung, berechnet
12411;;;;2025-12-31;KREISE;;15084;Burgenlandkreis;;;;;;;;;171535;Anzahl;BEVSTD;Bevölkerung
12411;;;;2025-12-31;KREISE;;15084;;;;;;ALTX20;;ALTU18;unter 18 Jahre;25224;Anzahl;BEVSTD;Bevölkerung
12411;;;;2025-12-31;KREISE;;15084;;;;;;ALTX20;;ALT18B65;18 bis unter 65 Jahre;93678;Anzahl;BEVSTD;Bevölkerung
12411;;;;2025-12-31;KREISE;;15084;;;;;;ALTX20;;ALT65UM;65 Jahre und älter;52633;Anzahl;BEVSTD;Bevölkerung
12411;;;;2025-12-31;KREISE;;15084;;;;;;ALTX20;;ALTU18;unter 18 Jahre;14,7;%;BEVANT;Anteil an der Bevölkerung, berechnet
12411;;;;2025-12-31;KREISE;;15084;;;;;;ALTX20;;ALT18B65;18 bis unter 65 Jahre;54,6;%;BEVANT;Anteil an der Bevölkerung, berechnet
12411;;;;2025-12-31;KREISE;;15084;;;;;;ALTX20;;ALT65UM;65 Jahre und älter;30,7;%;BEVANT;Anteil an der Bevölkerung, berechnet
12411;;;;2025-12-31;KREISE;;15085;Harz, Landkreis;;;;;;;;;202574;Anzahl;BEVSTD;Bevölkerung
12411;;;;2025-12-31;KREISE;;15085;;;;;;ALTX20;;ALTU18;unter 18 Jahre;27468;Anzahl;BEVSTD;Bevölkerung
12411;;;;2025-12-31;KREISE;;15085;;;;;;ALTX20;;ALT18B65;18 bis unter 65 Jahre;111426;Anzahl;BEVSTD;Bevölkerung
12411;;;;2025-12-31;KREISE;;15085;;;;;;ALTX20;;ALT65UM;65 Jahre und älter;63680;Anzahl;BEVSTD;Bevölkerung
12411;;;;2025-12-31;KREISE;;15085;;;;;;ALTX20;;ALTU18;unter 18 Jahre;13,6;%;BEVANT;Anteil an der Bevölkerung, berechnet
12411;;;;2025-12-31;KREISE;;15085;;;;;;ALTX20;;ALT18B65;18 bis unter 65 Jahre;55,0;%;BEVANT;Anteil an der Bevölkerung, berechnet
12411;;;;2025-12-31;KREISE;;15085;;;;;;ALTX20;;ALT65UM;65 Jahre und älter;31,4;%;BEVANT;Anteil an der Bevölkerung, berechnet
12411;;;;2025-12-31;KREISE;;15086;Jerichower Land, Landkreis;;;;;;;;;88356;Anzahl;BEVSTD;Bevölkerung
12411;;;;2025-12-31;KREISE;;15086;;;;;;ALTX20;;ALTU18;unter 18 Jahre;13618;Anzahl;BEVSTD;Bevölkerung
12411;;;;2025-12-31;KREISE;;15086;;;;;;ALTX20;;ALT18B65;18 bis unter 65 Jahre;48919;Anzahl;BEVSTD;Bevölkerung
12411;;;;2025-12-31;KREISE;;15086;;;;;;ALTX20;;ALT65UM;65 Jahre und älter;25819;Anzahl;BEVSTD;Bevölkerung
12411;;;;2025-12-31;KREISE;;15086;;;;;;ALTX20;;ALTU18;unter 18 Jahre;15,4;%;BEVANT;Anteil an der Bevölkerung, berechnet
12411;;;;2025-12-31;KREISE;;15086;;;;;;ALTX20;;ALT18B65;18 bis unter 65 Jahre;55,4;%;BEVANT;Anteil an der Bevölkerung, berechnet
12411;;;;2025-12-31;KREISE;;15086;;;;;;ALTX20;;ALT65UM;65 Jahre und älter;29,2;%;BEVANT;Anteil an der Bevölkerung, berechnet
12411;;;;2025-12-31;KREISE;;15087;Mansfeld-Südharz, Landkreis;;;;;;;;;127668;Anzahl;BEVSTD;Bevölkerung
12411;;;;2025-12-31;KREISE;;15087;;;;;;ALTX20;;ALTU18;unter 18 Jahre;17459;Anzahl;BEVSTD;Bevölkerung
12411;;;;2025-12-31;KREISE;;15087;;;;;;ALTX20;;ALT18B65;18 bis unter 65 Jahre;68266;Anzahl;BEVSTD;Bevölkerung
12411;;;;2025-12-31;KREISE;;15087;;;;;;ALTX20;;ALT65UM;65 Jahre und älter;41943;Anzahl;BEVSTD;Bevölkerung
12411;;;;2025-12-31;KREISE;;15087;;;;;;ALTX20;;ALTU18;unter 18 Jahre;13,7;%;BEVANT;Anteil an der Bevölkerung, berechnet
12411;;;;2025-12-31;KREISE;;15087;;;;;;ALTX20;;ALT18B65;18 bis unter 65 Jahre;53,5;%;BEVANT;Anteil an der Bevölkerung, berechnet
12411;;;;2025-12-31;KREISE;;15087;;;;;;ALTX20;;ALT65UM;65 Jahre und älter;32,9;%;BEVANT;Anteil an der Bevölkerung, berechnet
12411;;;;2025-12-31;KREISE;;15088;Saalekreis;;;;;;;;;181327;Anzahl;BEVSTD;Bevölkerung
12411;;;;2025-12-31;KREISE;;15088;;;;;;ALTX20;;ALTU18;unter 18 Jahre;28384;Anzahl;BEVSTD;Bevölkerung
12411;;;;2025-12-31;KREISE;;15088;;;;;;ALTX20;;ALT18B65;18 bis unter 65 Jahre;101883;Anzahl;BEVSTD;Bevölkerung
12411;;;;2025-12-31;KREISE;;15088;;;;;;ALTX20;;ALT65UM;65 Jahre und älter;51060;Anzahl;BEVSTD;Bevölkerung
12411;;;;2025-12-31;KREISE;;15088;;;;;;ALTX20;;ALTU18;unter 18 Jahre;15,7;%;BEVANT;Anteil an der Bevölkerung, berechnet
12411;;;;2025-12-31;KREISE;;15088;;;;;;ALTX20;;ALT18B65;18 bis unter 65 Jahre;56,2;%;BEVANT;Anteil an der Bevölkerung, berechnet
12411;;;;2025-12-31;KREISE;;15088;;;;;;ALTX20;;ALT65UM;65 Jahre und älter;28,2;%;BEVANT;Anteil an der Bevölkerung, berechnet
12411;;;;2025-12-31;KREISE;;15089;Salzlandkreis;;;;;;;;;178773;Anzahl;BEVSTD;Bevölkerung
12411;;;;2025-12-31;KREISE;;15089;;;;;;ALTX20;;ALTU18;unter 18 Jahre;25687;Anzahl;BEVSTD;Bevölkerung
12411;;;;2025-12-31;KREISE;;15089;;;;;;ALTX20;;ALT18B65;18 bis unter 65 Jahre;98757;Anzahl;BEVSTD;Bevölkerung
12411;;;;2025-12-31;KREISE;;15089;;;;;;ALTX20;;ALT65UM;65 Jahre und älter;54329;Anzahl;BEVSTD;Bevölkerung
12411;;;;2025-12-31;KREISE;;15089;;;;;;ALTX20;;ALTU18;unter 18 Jahre;14,4;%;BEVANT;Anteil an der Bevölkerung, berechnet
12411;;;;2025-12-31;KREISE;;15089;;;;;;ALTX20;;ALT18B65;18 bis unter 65 Jahre;55,2;%;BEVANT;Anteil an der Bevölkerung, berechnet
12411;;;;2025-12-31;KREISE;;15089;;;;;;ALTX20;;ALT65UM;65 Jahre und älter;30,4;%;BEVANT;Anteil an der Bevölkerung, berechnet
12411;;;;2025-12-31;KREISE;;15090;Stendal, Landkreis;;;;;;;;;105803;Anzahl;BEVSTD;Bevölkerung
12411;;;;2025-12-31;KREISE;;15090;;;;;;ALTX20;;ALTU18;unter 18 Jahre;16051;Anzahl;BEVSTD;Bevölkerung
12411;;;;2025-12-31;KREISE;;15090;;;;;;ALTX20;;ALT18B65;18 bis unter 65 Jahre;58649;Anzahl;BEVSTD;Bevölkerung
12411;;;;2025-12-31;KREISE;;15090;;;;;;ALTX20;;ALT65UM;65 Jahre und älter;31103;Anzahl;BEVSTD;Bevölkerung
12411;;;;2025-12-31;KREISE;;15090;;;;;;ALTX20;;ALTU18;unter 18 Jahre;15,2;%;BEVANT;Anteil an der Bevölkerung, berechnet
12411;;;;2025-12-31;KREISE;;15090;;;;;;ALTX20;;ALT18B65;18 bis unter 65 Jahre;55,4;%;BEVANT;Anteil an der Bevölkerung, berechnet
12411;;;;2025-12-31;KREISE;;15090;;;;;;ALTX20;;ALT65UM;65 Jahre und älter;29,4;%;BEVANT;Anteil an der Bevölkerung, berechnet
12411;;;;2025-12-31;KREISE;;15091;Wittenberg, Landkreis;;;;;;;;;120375;Anzahl;BEVSTD;Bevölkerung
12411;;;;2025-12-31;KREISE;;15091;;;;;;ALTX20;;ALTU18;unter 18 Jahre;17381;Anzahl;BEVSTD;Bevölkerung
12411;;;;2025-12-31;KREISE;;15091;;;;;;ALTX20;;ALT18B65;18 bis unter 65 Jahre;65051;Anzahl;BEVSTD;Bevölkerung
12411;;;;2025-12-31;KREISE;;15091;;;;;;ALTX20;;ALT65UM;65 Jahre und älter;37943;Anzahl;BEVSTD;Bevölkerung
12411;;;;2025-12-31;KREISE;;15091;;;;;;ALTX20;;ALTU18;unter 18 Jahre;14,4;%;BEVANT;Anteil an der Bevölkerung, berechnet
12411;;;;2025-12-31;KREISE;;15091;;;;;;ALTX20;;ALT18B65;18 bis unter 65 Jahre;54,0;%;BEVANT;Anteil an der Bevölkerung, berechnet
12411;;;;2025-12-31;KREISE;;15091;;;;;;ALTX20;;ALT65UM;65 Jahre und älter;31,5;%;BEVANT;Anteil an der Bevölkerung, berechnet
12411;;;;2025-12-31;KREISE;;16051;Erfurt, kreisfreie Stadt;;;;;;;;;217159;Anzahl;BEVSTD;Bevölkerung
12411;;;;2025-12-31;KREISE;;16051;;;;;;ALTX20;;ALTU18;unter 18 Jahre;33039;Anzahl;BEVSTD;Bevölkerung
12411;;;;2025-12-31;KREISE;;16051;;;;;;ALTX20;;ALT18B65;18 bis unter 65 Jahre;132267;Anzahl;BEVSTD;Bevölkerung
12411;;;;2025-12-31;KREISE;;16051;;;;;;ALTX20;;ALT65UM;65 Jahre und älter;51853;Anzahl;BEVSTD;Bevölkerung
12411;;;;2025-12-31;KREISE;;16051;;;;;;ALTX20;;ALTU18;unter 18 Jahre;15,2;%;BEVANT;Anteil an der Bevölkerung, berechnet
12411;;;;2025-12-31;KREISE;;16051;;;;;;ALTX20;;ALT18B65;18 bis unter 65 Jahre;60,9;%;BEVANT;Anteil an der Bevölkerung, berechnet
12411;;;;2025-12-31;KREISE;;16051;;;;;;ALTX20;;ALT65UM;65 Jahre und älter;23,9;%;BEVANT;Anteil an der Bevölkerung, berechnet
12411;;;;2025-12-31;KREISE;;16052;Gera, kreisfreie Stadt;;;;;;;;;95162;Anzahl;BEVSTD;Bevölkerung
12411;;;;2025-12-31;KREISE;;16052;;;;;;ALTX20;;ALTU18;unter 18 Jahre;14509;Anzahl;BEVSTD;Bevölkerung
12411;;;;2025-12-31;KREISE;;16052;;;;;;ALTX20;;ALT18B65;18 bis unter 65 Jahre;52148;Anzahl;BEVSTD;Bevölkerung
12411;;;;2025-12-31;KREISE;;16052;;;;;;ALTX20;;ALT65UM;65 Jahre und älter;28505;Anzahl;BEVSTD;Bevölkerung
12411;;;;2025-12-31;KREISE;;16052;;;;;;ALTX20;;ALTU18;unter 18 Jahre;15,2;%;BEVANT;Anteil an der Bevölkerung, berechnet
12411;;;;2025-12-31;KREISE;;16052;;;;;;ALTX20;;ALT18B65;18 bis unter 65 Jahre;54,8;%;BEVANT;Anteil an der Bevölkerung, berechnet
12411;;;;2025-12-31;KREISE;;16052;;;;;;ALTX20;;ALT65UM;65 Jahre und älter;30,0;%;BEVANT;Anteil an der Bevölkerung, berechnet
12411;;;;2025-12-31;KREISE;;16053;Jena, kreisfreie Stadt;;;;;;;;;109353;Anzahl;BEVSTD;Bevölkerung
12411;;;;2025-12-31;KREISE;;16053;;;;;;ALTX20;;ALTU18;unter 18 Jahre;16663;Anzahl;BEVSTD;Bevölkerung
12411;;;;2025-12-31;KREISE;;16053;;;;;;ALTX20;;ALT18B65;18 bis unter 65 Jahre;67620;Anzahl;BEVSTD;Bevölkerung
12411;;;;2025-12-31;KREISE;;16053;;;;;;ALTX20;;ALT65UM;65 Jahre und älter;25070;Anzahl;BEVSTD;Bevölkerung
12411;;;;2025-12-31;KREISE;;16053;;;;;;ALTX20;;ALTU18;unter 18 Jahre;15,2;%;BEVANT;Anteil an der Bevölkerung, berechnet
12411;;;;2025-12-31;KREISE;;16053;;;;;;ALTX20;;ALT18B65;18 bis unter 65 Jahre;61,8;%;BEVANT;Anteil an der Bevölkerung, berechnet
12411;;;;2025-12-31;KREISE;;16053;;;;;;ALTX20;;ALT65UM;65 Jahre und älter;22,9;%;BEVANT;Anteil an der Bevölkerung, berechnet
12411;;;;2025-12-31;KREISE;;16054;Suhl, kreisfreie Stadt;;;;;;;;;33976;Anzahl;BEVSTD;Bevölkerung
12411;;;;2025-12-31;KREISE;;16054;;;;;;ALTX20;;ALTU18;unter 18 Jahre;4163;Anzahl;BEVSTD;Bevölkerung
12411;;;;2025-12-31;KREISE;;16054;;;;;;ALTX20;;ALT18B65;18 bis unter 65 Jahre;17800;Anzahl;BEVSTD;Bevölkerung
12411;;;;2025-12-31;KREISE;;16054;;;;;;ALTX20;;ALT65UM;65 Jahre und älter;12013;Anzahl;BEVSTD;Bevölkerung
12411;;;;2025-12-31;KREISE;;16054;;;;;;ALTX20;;ALTU18;unter 18 Jahre;12,3;%;BEVANT;Anteil an der Bevölkerung, berechnet
12411;;;;2025-12-31;KREISE;;16054;;;;;;ALTX20;;ALT18B65;18 bis unter 65 Jahre;52,4;%;BEVANT;Anteil an der Bevölkerung, berechnet
12411;;;;2025-12-31;KREISE;;16054;;;;;;ALTX20;;ALT65UM;65 Jahre und älter;35,4;%;BEVANT;Anteil an der Bevölkerung, berechnet
12411;;;;2025-12-31;KREISE;;16055;Weimar, kreisfreie Stadt;;;;;;;;;65566;Anzahl;BEVSTD;Bevölkerung
12411;;;;2025-12-31;KREISE;;16055;;;;;;ALTX20;;ALTU18;unter 18 Jahre;10239;Anzahl;BEVSTD;Bevölkerung
12411;;;;2025-12-31;KREISE;;16055;;;;;;ALTX20;;ALT18B65;18 bis unter 65 Jahre;38847;Anzahl;BEVSTD;Bevölkerung
12411;;;;2025-12-31;KREISE;;16055;;;;;;ALTX20;;ALT65UM;65 Jahre und älter;16480;Anzahl;BEVSTD;Bevölkerung
12411;;;;2025-12-31;KREISE;;16055;;;;;;ALTX20;;ALTU18;unter 18 Jahre;15,6;%;BEVANT;Anteil an der Bevölkerung, berechnet
12411;;;;2025-12-31;KREISE;;16055;;;;;;ALTX20;;ALT18B65;18 bis unter 65 Jahre;59,2;%;BEVANT;Anteil an der Bevölkerung, berechnet
12411;;;;2025-12-31;KREISE;;16055;;;;;;ALTX20;;ALT65UM;65 Jahre und älter;25,1;%;BEVANT;Anteil an der Bevölkerung, berechnet
12411;;;;2025-12-31;KREISE;;16061;Eichsfeld, Landkreis;;;;;;;;;102772;Anzahl;BEVSTD;Bevölkerung
12411;;;;2025-12-31;KREISE;;16061;;;;;;ALTX20;;ALTU18;unter 18 Jahre;17335;Anzahl;BEVSTD;Bevölkerung
12411;;;;2025-12-31;KREISE;;16061;;;;;;ALTX20;;ALT18B65;18 bis unter 65 Jahre;57052;Anzahl;BEVSTD;Bevölkerung
12411;;;;2025-12-31;KREISE;;16061;;;;;;ALTX20;;ALT65UM;65 Jahre und älter;28385;Anzahl;BEVSTD;Bevölkerung
12411;;;;2025-12-31;KREISE;;16061;;;;;;ALTX20;;ALTU18;unter 18 Jahre;16,9;%;BEVANT;Anteil an der Bevölkerung, berechnet
12411;;;;2025-12-31;KREISE;;16061;;;;;;ALTX20;;ALT18B65;18 bis unter 65 Jahre;55,5;%;BEVANT;Anteil an der Bevölkerung, berechnet
12411;;;;2025-12-31;KREISE;;16061;;;;;;ALTX20;;ALT65UM;65 Jahre und älter;27,6;%;BEVANT;Anteil an der Bevölkerung, berechnet
12411;;;;2025-12-31;KREISE;;16062;Nordhausen, Landkreis;;;;;;;;;79695;Anzahl;BEVSTD;Bevölkerung
12411;;;;2025-12-31;KREISE;;16062;;;;;;ALTX20;;ALTU18;unter 18 Jahre;11891;Anzahl;BEVSTD;Bevölkerung
12411;;;;2025-12-31;KREISE;;16062;;;;;;ALTX20;;ALT18B65;18 bis unter 65 Jahre;44198;Anzahl;BEVSTD;Bevölkerung
12411;;;;2025-12-31;KREISE;;16062;;;;;;ALTX20;;ALT65UM;65 Jahre und älter;23606;Anzahl;BEVSTD;Bevölkerung
12411;;;;2025-12-31;KREISE;;16062;;;;;;ALTX20;;ALTU18;unter 18 Jahre;14,9;%;BEVANT;Anteil an der Bevölkerung, berechnet
12411;;;;2025-12-31;KREISE;;16062;;;;;;ALTX20;;ALT18B65;18 bis unter 65 Jahre;55,5;%;BEVANT;Anteil an der Bevölkerung, berechnet
12411;;;;2025-12-31;KREISE;;16062;;;;;;ALTX20;;ALT65UM;65 Jahre und älter;29,6;%;BEVANT;Anteil an der Bevölkerung, berechnet
12411;;;;2025-12-31;KREISE;;16063;Wartburgkreis;;;;;;;;;153346;Anzahl;BEVSTD;Bevölkerung
12411;;;;2025-12-31;KREISE;;16063;;;;;;ALTX20;;ALTU18;unter 18 Jahre;23174;Anzahl;BEVSTD;Bevölkerung
12411;;;;2025-12-31;KREISE;;16063;;;;;;ALTX20;;ALT18B65;18 bis unter 65 Jahre;85603;Anzahl;BEVSTD;Bevölkerung
12411;;;;2025-12-31;KREISE;;16063;;;;;;ALTX20;;ALT65UM;65 Jahre und älter;44569;Anzahl;BEVSTD;Bevölkerung
12411;;;;2025-12-31;KREISE;;16063;;;;;;ALTX20;;ALTU18;unter 18 Jahre;15,1;%;BEVANT;Anteil an der Bevölkerung, berechnet
12411;;;;2025-12-31;KREISE;;16063;;;;;;ALTX20;;ALT18B65;18 bis unter 65 Jahre;55,8;%;BEVANT;Anteil an der Bevölkerung, berechnet
12411;;;;2025-12-31;KREISE;;16063;;;;;;ALTX20;;ALT65UM;65 Jahre und älter;29,1;%;BEVANT;Anteil an der Bevölkerung, berechnet
12411;;;;2025-12-31;KREISE;;16064;Unstrut-Hainich-Kreis;;;;;;;;;93553;Anzahl;BEVSTD;Bevölkerung
12411;;;;2025-12-31;KREISE;;16064;;;;;;ALTX20;;ALTU18;unter 18 Jahre;15019;Anzahl;BEVSTD;Bevölkerung
12411;;;;2025-12-31;KREISE;;16064;;;;;;ALTX20;;ALT18B65;18 bis unter 65 Jahre;51655;Anzahl;BEVSTD;Bevölkerung
12411;;;;2025-12-31;KREISE;;16064;;;;;;ALTX20;;ALT65UM;65 Jahre und älter;26879;Anzahl;BEVSTD;Bevölkerung
12411;;;;2025-12-31;KREISE;;16064;;;;;;ALTX20;;ALTU18;unter 18 Jahre;16,1;%;BEVANT;Anteil an der Bevölkerung, berechnet
12411;;;;2025-12-31;KREISE;;16064;;;;;;ALTX20;;ALT18B65;18 bis unter 65 Jahre;55,2;%;BEVANT;Anteil an der Bevölkerung, berechnet
12411;;;;2025-12-31;KREISE;;16064;;;;;;ALTX20;;ALT65UM;65 Jahre und älter;28,7;%;BEVANT;Anteil an der Bevölkerung, berechnet
12411;;;;2025-12-31;KREISE;;16065;Kyffhäuserkreis;;;;;;;;;70635;Anzahl;BEVSTD;Bevölkerung
12411;;;;2025-12-31;KREISE;;16065;;;;;;ALTX20;;ALTU18;unter 18 Jahre;10286;Anzahl;BEVSTD;Bevölkerung
12411;;;;2025-12-31;KREISE;;16065;;;;;;ALTX20;;ALT18B65;18 bis unter 65 Jahre;38421;Anzahl;BEVSTD;Bevölkerung
12411;;;;2025-12-31;KREISE;;16065;;;;;;ALTX20;;ALT65UM;65 Jahre und älter;21928;Anzahl;BEVSTD;Bevölkerung
12411;;;;2025-12-31;KREISE;;16065;;;;;;ALTX20;;ALTU18;unter 18 Jahre;14,6;%;BEVANT;Anteil an der Bevölkerung, berechnet
12411;;;;2025-12-31;KREISE;;16065;;;;;;ALTX20;;ALT18B65;18 bis unter 65 Jahre;54,4;%;BEVANT;Anteil an der Bevölkerung, berechnet
12411;;;;2025-12-31;KREISE;;16065;;;;;;ALTX20;;ALT65UM;65 Jahre und älter;31,0;%;BEVANT;Anteil an der Bevölkerung, berechnet
12411;;;;2025-12-31;KREISE;;16066;Schmalkalden-Meiningen, Landkreis;;;;;;;;;118927;Anzahl;BEVSTD;Bevölkerung
12411;;;;2025-12-31;KREISE;;16066;;;;;;ALTX20;;ALTU18;unter 18 Jahre;17017;Anzahl;BEVSTD;Bevölkerung
12411;;;;2025-12-31;KREISE;;16066;;;;;;ALTX20;;ALT18B65;18 bis unter 65 Jahre;66061;Anzahl;BEVSTD;Bevölkerung
12411;;;;2025-12-31;KREISE;;16066;;;;;;ALTX20;;ALT65UM;65 Jahre und älter;35849;Anzahl;BEVSTD;Bevölkerung
12411;;;;2025-12-31;KREISE;;16066;;;;;;ALTX20;;ALTU18;unter 18 Jahre;14,3;%;BEVANT;Anteil an der Bevölkerung, berechnet
12411;;;;2025-12-31;KREISE;;16066;;;;;;ALTX20;;ALT18B65;18 bis unter 65 Jahre;55,5;%;BEVANT;Anteil an der Bevölkerung, berechnet
12411;;;;2025-12-31;KREISE;;16066;;;;;;ALTX20;;ALT65UM;65 Jahre und älter;30,1;%;BEVANT;Anteil an der Bevölkerung, berechnet
12411;;;;2025-12-31;KREISE;;16067;Gotha, Landkreis;;;;;;;;;134460;Anzahl;BEVSTD;Bevölkerung
12411;;;;2025-12-31;KREISE;;16067;;;;;;ALTX20;;ALTU18;unter 18 Jahre;20373;Anzahl;BEVSTD;Bevölkerung
12411;;;;2025-12-31;KREISE;;16067;;;;;;ALTX20;;ALT18B65;18 bis unter 65 Jahre;76510;Anzahl;BEVSTD;Bevölkerung
12411;;;;2025-12-31;KREISE;;16067;;;;;;ALTX20;;ALT65UM;65 Jahre und älter;37577;Anzahl;BEVSTD;Bevölkerung
12411;;;;2025-12-31;KREISE;;16067;;;;;;ALTX20;;ALTU18;unter 18 Jahre;15,2;%;BEVANT;Anteil an der Bevölkerung, berechnet
12411;;;;2025-12-31;KREISE;;16067;;;;;;ALTX20;;ALT18B65;18 bis unter 65 Jahre;56,9;%;BEVANT;Anteil an der Bevölkerung, berechnet
12411;;;;2025-12-31;KREISE;;16067;;;;;;ALTX20;;ALT65UM;65 Jahre und älter;27,9;%;BEVANT;Anteil an der Bevölkerung, berechnet
12411;;;;2025-12-31;KREISE;;16068;Sömmerda, Landkreis;;;;;;;;;67106;Anzahl;BEVSTD;Bevölkerung
12411;;;;2025-12-31;KREISE;;16068;;;;;;ALTX20;;ALTU18;unter 18 Jahre;10517;Anzahl;BEVSTD;Bevölkerung
12411;;;;2025-12-31;KREISE;;16068;;;;;;ALTX20;;ALT18B65;18 bis unter 65 Jahre;37539;Anzahl;BEVSTD;Bevölkerung
12411;;;;2025-12-31;KREISE;;16068;;;;;;ALTX20;;ALT65UM;65 Jahre und älter;19050;Anzahl;BEVSTD;Bevölkerung
12411;;;;2025-12-31;KREISE;;16068;;;;;;ALTX20;;ALTU18;unter 18 Jahre;15,7;%;BEVANT;Anteil an der Bevölkerung, berechnet
12411;;;;2025-12-31;KREISE;;16068;;;;;;ALTX20;;ALT18B65;18 bis unter 65 Jahre;55,9;%;BEVANT;Anteil an der Bevölkerung, berechnet
12411;;;;2025-12-31;KREISE;;16068;;;;;;ALTX20;;ALT65UM;65 Jahre und älter;28,4;%;BEVANT;Anteil an der Bevölkerung, berechnet
12411;;;;2025-12-31;KREISE;;16069;Hildburghausen, Landkreis;;;;;;;;;59287;Anzahl;BEVSTD;Bevölkerung
12411;;;;2025-12-31;KREISE;;16069;;;;;;ALTX20;;ALTU18;unter 18 Jahre;8807;Anzahl;BEVSTD;Bevölkerung
12411;;;;2025-12-31;KREISE;;16069;;;;;;ALTX20;;ALT18B65;18 bis unter 65 Jahre;33264;Anzahl;BEVSTD;Bevölkerung
12411;;;;2025-12-31;KREISE;;16069;;;;;;ALTX20;;ALT65UM;65 Jahre und älter;17216;Anzahl;BEVSTD;Bevölkerung
12411;;;;2025-12-31;KREISE;;16069;;;;;;ALTX20;;ALTU18;unter 18 Jahre;14,9;%;BEVANT;Anteil an der Bevölkerung, berechnet
12411;;;;2025-12-31;KREISE;;16069;;;;;;ALTX20;;ALT18B65;18 bis unter 65 Jahre;56,1;%;BEVANT;Anteil an der Bevölkerung, berechnet
12411;;;;2025-12-31;KREISE;;16069;;;;;;ALTX20;;ALT65UM;65 Jahre und älter;29,0;%;BEVANT;Anteil an der Bevölkerung, berechnet
12411;;;;2025-12-31;KREISE;;16070;Ilm-Kreis;;;;;;;;;106006;Anzahl;BEVSTD;Bevölkerung
12411;;;;2025-12-31;KREISE;;16070;;;;;;ALTX20;;ALTU18;unter 18 Jahre;15802;Anzahl;BEVSTD;Bevölkerung
12411;;;;2025-12-31;KREISE;;16070;;;;;;ALTX20;;ALT18B65;18 bis unter 65 Jahre;60454;Anzahl;BEVSTD;Bevölkerung
12411;;;;2025-12-31;KREISE;;16070;;;;;;ALTX20;;ALT65UM;65 Jahre und älter;29750;Anzahl;BEVSTD;Bevölkerung
12411;;;;2025-12-31;KREISE;;16070;;;;;;ALTX20;;ALTU18;unter 18 Jahre;14,9;%;BEVANT;Anteil an der Bevölkerung, berechnet
12411;;;;2025-12-31;KREISE;;16070;;;;;;ALTX20;;ALT18B65;18 bis unter 65 Jahre;57,0;%;BEVANT;Anteil an der Bevölkerung, berechnet
12411;;;;2025-12-31;KREISE;;16070;;;;;;ALTX20;;ALT65UM;65 Jahre und älter;28,1;%;BEVANT;Anteil an der Bevölkerung, berechnet
12411;;;;2025-12-31;KREISE;;16071;Weimarer Land, Landkreis;;;;;;;;;81766;Anzahl;BEVSTD;Bevölkerung
12411;;;;2025-12-31;KREISE;;16071;;;;;;ALTX20;;ALTU18;unter 18 Jahre;13908;Anzahl;BEVSTD;Bevölkerung
12411;;;;2025-12-31;KREISE;;16071;;;;;;ALTX20;;ALT18B65;18 bis unter 65 Jahre;45487;Anzahl;BEVSTD;Bevölkerung
12411;;;;2025-12-31;KREISE;;16071;;;;;;ALTX20;;ALT65UM;65 Jahre und älter;22371;Anzahl;BEVSTD;Bevölkerung
12411;;;;2025-12-31;KREISE;;16071;;;;;;ALTX20;;ALTU18;unter 18 Jahre;17,0;%;BEVANT;Anteil an der Bevölkerung, berechnet
12411;;;;2025-12-31;KREISE;;16071;;;;;;ALTX20;;ALT18B65;18 bis unter 65 Jahre;55,6;%;BEVANT;Anteil an der Bevölkerung, berechnet
12411;;;;2025-12-31;KREISE;;16071;;;;;;ALTX20;;ALT65UM;65 Jahre und älter;27,4;%;BEVANT;Anteil an der Bevölkerung, berechnet
12411;;;;2025-12-31;KREISE;;16072;Sonneberg, Landkreis;;;;;;;;;54249;Anzahl;BEVSTD;Bevölkerung
12411;;;;2025-12-31;KREISE;;16072;;;;;;ALTX20;;ALTU18;unter 18 Jahre;7210;Anzahl;BEVSTD;Bevölkerung
12411;;;;2025-12-31;KREISE;;16072;;;;;;ALTX20;;ALT18B65;18 bis unter 65 Jahre;30215;Anzahl;BEVSTD;Bevölkerung
12411;;;;2025-12-31;KREISE;;16072;;;;;;ALTX20;;ALT65UM;65 Jahre und älter;16824;Anzahl;BEVSTD;Bevölkerung
12411;;;;2025-12-31;KREISE;;16072;;;;;;ALTX20;;ALTU18;unter 18 Jahre;13,3;%;BEVANT;Anteil an der Bevölkerung, berechnet
12411;;;;2025-12-31;KREISE;;16072;;;;;;ALTX20;;ALT18B65;18 bis unter 65 Jahre;55,7;%;BEVANT;Anteil an der Bevölkerung, berechnet
12411;;;;2025-12-31;KREISE;;16072;;;;;;ALTX20;;ALT65UM;65 Jahre und älter;31,0;%;BEVANT;Anteil an der Bevölkerung, berechnet
12411;;;;2025-12-31;KREISE;;16073;Saalfeld-Rudolstadt, Landkreis;;;;;;;;;98386;Anzahl;BEVSTD;Bevölkerung
12411;;;;2025-12-31;KREISE;;16073;;;;;;ALTX20;;ALTU18;unter 18 Jahre;13796;Anzahl;BEVSTD;Bevölkerung
12411;;;;2025-12-31;KREISE;;16073;;;;;;ALTX20;;ALT18B65;18 bis unter 65 Jahre;52927;Anzahl;BEVSTD;Bevölkerung
12411;;;;2025-12-31;KREISE;;16073;;;;;;ALTX20;;ALT65UM;65 Jahre und älter;31663;Anzahl;BEVSTD;Bevölkerung
12411;;;;2025-12-31;KREISE;;16073;;;;;;ALTX20;;ALTU18;unter 18 Jahre;14,0;%;BEVANT;Anteil an der Bevölkerung, berechnet
12411;;;;2025-12-31;KREISE;;16073;;;;;;ALTX20;;ALT18B65;18 bis unter 65 Jahre;53,8;%;BEVANT;Anteil an der Bevölkerung, berechnet
12411;;;;2025-12-31;KREISE;;16073;;;;;;ALTX20;;ALT65UM;65 Jahre und älter;32,2;%;BEVANT;Anteil an der Bevölkerung, berechnet
12411;;;;2025-12-31;KREISE;;16074;Saale-Holzland-Kreis;;;;;;;;;82163;Anzahl;BEVSTD;Bevölkerung
12411;;;;2025-12-31;KREISE;;16074;;;;;;ALTX20;;ALTU18;unter 18 Jahre;12600;Anzahl;BEVSTD;Bevölkerung
12411;;;;2025-12-31;KREISE;;16074;;;;;;ALTX20;;ALT18B65;18 bis unter 65 Jahre;45335;Anzahl;BEVSTD;Bevölkerung
12411;;;;2025-12-31;KREISE;;16074;;;;;;ALTX20;;ALT65UM;65 Jahre und älter;24228;Anzahl;BEVSTD;Bevölkerung
12411;;;;2025-12-31;KREISE;;16074;;;;;;ALTX20;;ALTU18;unter 18 Jahre;15,3;%;BEVANT;Anteil an der Bevölkerung, berechnet
12411;;;;2025-12-31;KREISE;;16074;;;;;;ALTX20;;ALT18B65;18 bis unter 65 Jahre;55,2;%;BEVANT;Anteil an der Bevölkerung, berechnet
12411;;;;2025-12-31;KREISE;;16074;;;;;;ALTX20;;ALT65UM;65 Jahre und älter;29,5;%;BEVANT;Anteil an der Bevölkerung, berechnet
12411;;;;2025-12-31;KREISE;;16075;Saale-Orla-Kreis;;;;;;;;;76188;Anzahl;BEVSTD;Bevölkerung
12411;;;;2025-12-31;KREISE;;16075;;;;;;ALTX20;;ALTU18;unter 18 Jahre;11307;Anzahl;BEVSTD;Bevölkerung
12411;;;;2025-12-31;KREISE;;16075;;;;;;ALTX20;;ALT18B65;18 bis unter 65 Jahre;41724;Anzahl;BEVSTD;Bevölkerung
12411;;;;2025-12-31;KREISE;;16075;;;;;;ALTX20;;ALT65UM;65 Jahre und älter;23157;Anzahl;BEVSTD;Bevölkerung
12411;;;;2025-12-31;KREISE;;16075;;;;;;ALTX20;;ALTU18;unter 18 Jahre;14,8;%;BEVANT;Anteil an der Bevölkerung, berechnet
12411;;;;2025-12-31;KREISE;;16075;;;;;;ALTX20;;ALT18B65;18 bis unter 65 Jahre;54,8;%;BEVANT;Anteil an der Bevölkerung, berechnet
12411;;;;2025-12-31;KREISE;;16075;;;;;;ALTX20;;ALT65UM;65 Jahre und älter;30,4;%;BEVANT;Anteil an der Bevölkerung, berechnet
12411;;;;2025-12-31;KREISE;;16076;Greiz, Landkreis;;;;;;;;;92479;Anzahl;BEVSTD;Bevölkerung
12411;;;;2025-12-31;KREISE;;16076;;;;;;ALTX20;;ALTU18;unter 18 Jahre;13300;Anzahl;BEVSTD;Bevölkerung
12411;;;;2025-12-31;KREISE;;16076;;;;;;ALTX20;;ALT18B65;18 bis unter 65 Jahre;48531;Anzahl;BEVSTD;Bevölkerung
12411;;;;2025-12-31;KREISE;;16076;;;;;;ALTX20;;ALT65UM;65 Jahre und älter;30648;Anzahl;BEVSTD;Bevölkerung
12411;;;;2025-12-31;KREISE;;16076;;;;;;ALTX20;;ALTU18;unter 18 Jahre;14,4;%;BEVANT;Anteil an der Bevölkerung, berechnet
12411;;;;2025-12-31;KREISE;;16076;;;;;;ALTX20;;ALT18B65;18 bis unter 65 Jahre;52,5;%;BEVANT;Anteil an der Bevölkerung, berechnet
12411;;;;2025-12-31;KREISE;;16076;;;;;;ALTX20;;ALT65UM;65 Jahre und älter;33,1;%;BEVANT;Anteil an der Bevölkerung, berechnet
12411;;;;2025-12-31;KREISE;;16077;Altenburger Land, Landkreis;;;;;;;;;86712;Anzahl;BEVSTD;Bevölkerung
12411;;;;2025-12-31;KREISE;;16077;;;;;;ALTX20;;ALTU18;unter 18 Jahre;12268;Anzahl;BEVSTD;Bevölkerung
12411;;;;2025-12-31;KREISE;;16077;;;;;;ALTX20;;ALT18B65;18 bis unter 65 Jahre;45948;Anzahl;BEVSTD;Bevölkerung
12411;;;;2025-12-31;KREISE;;16077;;;;;;ALTX20;;ALT65UM;65 Jahre und älter;28496;Anzahl;BEVSTD;Bevölkerung
12411;;;;2025-12-31;KREISE;;16077;;;;;;ALTX20;;ALTU18;unter 18 Jahre;14,1;%;BEVANT;Anteil an der Bevölkerung, berechnet
12411;;;;2025-12-31;KREISE;;16077;;;;;;ALTX20;;ALT18B65;18 bis unter 65 Jahre;53,0;%;BEVANT;Anteil an der Bevölkerung, berechnet
12411;;;;2025-12-31;KREISE;;16077;;;;;;ALTX20;;ALT65UM;65 Jahre und älter;32,9;%;BEVANT;Anteil an der Bevölkerung, berechnet
