statistics_code;statistics_label;time_code;time_label;time;1_variable_code;1_variable_label;1_variable_attribute_code;1_variable_attribute_label;2_variable_code;2_variable_label;2_variable_attribute_code;2_variable_attribute_label;value;value_unit;value_variable_code;value_variable_label
13211;Arbeitsmarktstatistik der Bundesagentur für Arbeit;JAHR;Jahr;2025;DINSG;Deutschland;DG;Deutschland;ERWAQ8;Arbeitslosenquote nach Schwerpunkten;ARBEITSQUO05;Männer;6,6;Prozent;ERWP10;Arbeitslosenquote bez. auf alle zivile Erwerbsp.
13211;;;;2025;DINSG;;DG;;ERWAQ8;;ARBEITSQUO09;15 bis unter 25 Jahre;5,7;Prozent;ERWP10;Arbeitslosenquote bez. auf alle zivile Erwerbsp.
13211;;;;2025;DINSG;;DG;;ERWAQ8;;ARBEITSQUO07;ausländisch;14,8;Prozent;ERWP10;Arbeitslosenquote bez. auf alle zivile Erwerbsp.
13211;;;;2025;DINSG;;DG;;ERWAQ8;;ARBEITSQUO06;Frauen;6,0;Prozent;ERWP10;Arbeitslosenquote bez. auf alle zivile Erwerbsp.
13211;;;;2025;DLAND;;13;Mecklenburg-Vorpommern;ERWAQ8;;ARBEITSQUO05;Männer;8,8;Prozent;ERWP10;Arbeitslosenquote bez. auf alle zivile Erwerbsp.
13211;;;;2025;DLAND;;11;Berlin;ERWAQ8;;ARBEITSQUO05;Männer;10,6;Prozent;ERWP10;Arbeitslosenquote bez. auf alle zivile Erwerbsp.
13211;;;;2025;DLAND;;01;Schleswig-Holstein;ERWAQ8;;ARBEITSQUO07;ausländisch;17,8;Prozent;ERWP10;Arbeitslosenquote bez. auf alle zivile Erwerbsp.
13211;;;;2025;DLAND;;15;Sachsen-Anhalt;ERWAQ8;;ARBEITSQUO05;Männer;8,5;Prozent;ERWP10;Arbeitslosenquote bez. auf alle zivile Erwerbsp.
13211;;;;2025;DLAND;;12;Brandenburg;ERWAQ8;;ARBEITSQUO09;15 bis unter 25 Jahre;6,9;Prozent;ERWP10;Arbeitslosenquote bez. auf alle zivile Erwerbsp.
13211;;;;2025;DLAND;;14;Sachsen;ERWAQ8;;ARBEITSQUO09;15 bis unter 25 Jahre;7,3;Prozent;ERWP10;Arbeitslosenquote bez. auf alle zivile Erwerbsp.
13211;;;;2025;DLAND;;15;;ERWAQ8;;ARBEITSQUO06;Frauen;7,4;Prozent;ERWP10;Arbeitslosenquote bez. auf alle zivile Erwerbsp.
13211;;;;2025;DLAND;;13;;ERWAQ8;;ARBEITSQUO06;Frauen;7,2;Prozent;ERWP10;Arbeitslosenquote bez. auf alle zivile Erwerbsp.
13211;;;;2025;DLAND;;10;Saarland;ERWAQ8;;ARBEITSQUO09;15 bis unter 25 Jahre;6,2;Prozent;ERWP10;Arbeitslosenquote bez. auf alle zivile Erwerbsp.
13211;;;;2025;DLAND;;09;Bayern;ERWAQ8;;ARBEITSQUO09;15 bis unter 25 Jahre;3,6;Prozent;ERWP10;Arbeitslosenquote bez. auf alle zivile Erwerbsp.
13211;;;;2025;DLAND;;05;Nordrhein-Westfalen;ERWAQ8;;ARBEITSQUO09;15 bis unter 25 Jahre;6,4;Prozent;ERWP10;Arbeitslosenquote bez. auf alle zivile Erwerbsp.
13211;;;;2025;DLAND;;07;Rheinland-Pfalz;ERWAQ8;;ARBEITSQUO09;15 bis unter 25 Jahre;5,3;Prozent;ERWP10;Arbeitslosenquote bez. auf alle zivile Erwerbsp.
13211;;;;2025;DLAND;;15;;ERWAQ8;;ARBEITSQUO07;ausländisch;21,3;Prozent;ERWP10;Arbeitslosenquote bez. auf alle zivile Erwerbsp.
13211;;;;2025;DLAND;;13;;ERWAQ8;;ARBEITSQUO07;ausländisch;21,3;Prozent;ERWP10;Arbeitslosenquote bez. auf alle zivile Erwerbsp.
13211;;;;2025;DLAND;;01;;ERWAQ8;;ARBEITSQUO05;Männer;6,3;Prozent;ERWP10;Arbeitslosenquote bez. auf alle zivile Erwerbsp.
13211;;;;2025;DLAND;;03;Niedersachsen;ERWAQ8;;ARBEITSQUO05;Männer;6,4;Prozent;ERWP10;Arbeitslosenquote bez. auf alle zivile Erwerbsp.
13211;;;;2025;DLAND;;05;;ERWAQ8;;ARBEITSQUO05;Männer;8,1;Prozent;ERWP10;Arbeitslosenquote bez. auf alle zivile Erwerbsp.
13211;;;;2025;DLAND;;12;;ERWAQ8;;ARBEITSQUO07;ausländisch;19,4;Prozent;ERWP10;Arbeitslosenquote bez. auf alle zivile Erwerbsp.
13211;;;;2025;DLAND;;07;;ERWAQ8;;ARBEITSQUO05;Männer;5,8;Prozent;ERWP10;Arbeitslosenquote bez. auf alle zivile Erwerbsp.
13211;;;;2025;DLAND;;10;;ERWAQ8;;ARBEITSQUO07;ausländisch;20,5;Prozent;ERWP10;Arbeitslosenquote bez. auf alle zivile Erwerbsp.
13211;;;;2025;DLAND;;09;;ERWAQ8;;ARBEITSQUO05;Männer;4,2;Prozent;ERWP10;Arbeitslosenquote bez. auf alle zivile Erwerbsp.
13211;;;;2025;DLAND;;01;;ERWAQ8;;ARBEITSQUO09;15 bis unter 25 Jahre;5,8;Prozent;ERWP10;Arbeitslosenquote bez. auf alle zivile Erwerbsp.
13211;;;;2025;DLAND;;08;Baden-Württemberg;ERWAQ8;;ARBEITSQUO06;Frauen;4,4;Prozent;ERWP10;Arbeitslosenquote bez. auf alle zivile Erwerbsp.
13211;;;;2025;DLAND;;03;;ERWAQ8;;ARBEITSQUO09;15 bis unter 25 Jahre;5,7;Prozent;ERWP10;Arbeitslosenquote bez. auf alle zivile Erwerbsp.
13211;;;;2025;DLAND;;06;Hessen;ERWAQ8;;ARBEITSQUO06;Frauen;5,7;Prozent;ERWP10;Arbeitslosenquote bez. auf alle zivile Erwerbsp.
13211;;;;2025;DLAND;;04;Bremen;ERWAQ8;;ARBEITSQUO06;Frauen;11,2;Prozent;ERWP10;Arbeitslosenquote bez. auf alle zivile Erwerbsp.
13211;;;;2025;DLAND;;02;Hamburg;ERWAQ8;;ARBEITSQUO06;Frauen;8,1;Prozent;ERWP10;Arbeitslosenquote bez. auf alle zivile Erwerbsp.
13211;;;;2025;DLAND;;11;;ERWAQ8;;ARBEITSQUO06;Frauen;9,9;Prozent;ERWP10;Arbeitslosenquote bez. auf alle zivile Erwerbsp.
13211;;;;2025;DLAND;;15;;ERWAQ8;;ARBEITSQUO09;15 bis unter 25 Jahre;8,8;Prozent;ERWP10;Arbeitslosenquote bez. auf alle zivile Erwerbsp.
13211;;;;2025;DLAND;;05;;ERWAQ8;;ARBEITSQUO07;ausländisch;19,3;Prozent;ERWP10;Arbeitslosenquote bez. auf alle zivile Erwerbsp.
13211;;;;2025;DLAND;;03;;ERWAQ8;;ARBEITSQUO07;ausländisch;16,9;Prozent;ERWP10;Arbeitslosenquote bez. auf alle zivile Erwerbsp.
13211;;;;2025;DLAND;;09;;ERWAQ8;;ARBEITSQUO07;ausländisch;9,0;Prozent;ERWP10;Arbeitslosenquote bez. auf alle zivile Erwerbsp.
13211;;;;2025;DLAND;;10;;ERWAQ8;;ARBEITSQUO05;Männer;8,0;Prozent;ERWP10;Arbeitslosenquote bez. auf alle zivile Erwerbsp.
13211;;;;2025;DLAND;;07;;ERWAQ8;;ARBEITSQUO07;ausländisch;13,5;Prozent;ERWP10;Arbeitslosenquote bez. auf alle zivile Erwerbsp.
13211;;;;2025;DLAND;;14;;ERWAQ8;;ARBEITSQUO05;Männer;7,3;Prozent;ERWP10;Arbeitslosenquote bez. auf alle zivile Erwerbsp.
13211;;;;2025;DLAND;;12;;ERWAQ8;;ARBEITSQUO05;Männer;6,9;Prozent;ERWP10;Arbeitslosenquote bez. auf alle zivile Erwerbsp.
13211;;;;2025;DLAND;;16;Thüringen;ERWAQ8;;ARBEITSQUO05;Männer;6,8;Prozent;ERWP10;Arbeitslosenquote bez. auf alle zivile Erwerbsp.
13211;;;;2025;DLAND;;11;;ERWAQ8;;ARBEITSQUO09;15 bis unter 25 Jahre;9,3;Prozent;ERWP10;Arbeitslosenquote bez. auf alle zivile Erwerbsp.
13211;;;;2025;DLAND;;16;;ERWAQ8;;ARBEITSQUO06;Frauen;5,9;Prozent;ERWP10;Arbeitslosenquote bez. auf alle zivile Erwerbsp.
13211;;;;2025;DLAND;;13;;ERWAQ8;;ARBEITSQUO09;15 bis unter 25 Jahre;9,1;Prozent;ERWP10;Arbeitslosenquote bez. auf alle zivile Erwerbsp.
13211;;;;2025;DLAND;;14;;ERWAQ8;;ARBEITSQUO06;Frauen;6,5;Prozent;ERWP10;Arbeitslosenquote bez. auf alle zivile Erwerbsp.
13211;;;;2025;DLAND;;12;;ERWAQ8;;ARBEITSQUO06;Frauen;5,8;Prozent;ERWP10;Arbeitslosenquote bez. auf alle zivile Erwerbsp.
13211;;;;2025;DLAND;;08;;ERWAQ8;;ARBEITSQUO09;15 bis unter 25 Jahre;3,7;Prozent;ERWP10;Arbeitslosenquote bez. auf alle zivile Erwerbsp.
13211;;;;2025;DLAND;;04;;ERWAQ8;;ARBEITSQUO09;15 bis unter 25 Jahre;9,4;Prozent;ERWP10;Arbeitslosenquote bez. auf alle zivile Erwerbsp.
13211;;;;2025;DLAND;;06;;ERWAQ8;;ARBEITSQUO09;15 bis unter 25 Jahre;5,9;Prozent;ERWP10;Arbeitslosenquote bez. auf alle zivile Erwerbsp.
13211;;;;2025;DLAND;;16;;ERWAQ8;;ARBEITSQUO07;ausländisch;18,0;Prozent;ERWP10;Arbeitslosenquote bez. auf alle zivile Erwerbsp.
13211;;;;2025;DLAND;;14;;ERWAQ8;;ARBEITSQUO07;ausländisch;22,5;Prozent;ERWP10;Arbeitslosenquote bez. auf alle zivile Erwerbsp.
13211;;;;2025;DLAND;;02;;ERWAQ8;;ARBEITSQUO05;Männer;8,6;Prozent;ERWP10;Arbeitslosenquote bez. auf alle zivile Erwerbsp.
13211;;;;2025;DLAND;;04;;ERWAQ8;;ARBEITSQUO05;Männer;11,8;Prozent;ERWP10;Arbeitslosenquote bez. auf alle zivile Erwerbsp.
13211;;;;2025;DLAND;;11;;ERWAQ8;;ARBEITSQUO07;ausländisch;17,8;Prozent;ERWP10;Arbeitslosenquote bez. auf alle zivile Erwerbsp.
13211;;;;2025;DLAND;;09;;ERWAQ8;;ARBEITSQUO06;Frauen;3,9;Prozent;ERWP10;Arbeitslosenquote bez. auf alle zivile Erwerbsp.
13211;;;;2025;DLAND;;06;;ERWAQ8;;ARBEITSQUO05;Männer;5,9;Prozent;ERWP10;Arbeitslosenquote bez. auf alle zivile Erwerbsp.
13211;;;;2025;DLAND;;07;;ERWAQ8;;ARBEITSQUO06;Frauen;5,2;Prozent;ERWP10;Arbeitslosenquote bez. auf alle zivile Erwerbsp.
13211;;;;2025;DLAND;;08;;ERWAQ8;;ARBEITSQUO05;Männer;4,7;Prozent;ERWP10;Arbeitslosenquote bez. auf alle zivile Erwerbsp.
13211;;;;2025;DLAND;;02;;ERWAQ8;;ARBEITSQUO09;15 bis unter 25 Jahre;6,7;Prozent;ERWP10;Arbeitslosenquote bez. auf alle zivile Erwerbsp.
13211;;;;2025;DLAND;;05;;ERWAQ8;;ARBEITSQUO06;Frauen;7,5;Prozent;ERWP10;Arbeitslosenquote bez. auf alle zivile Erwerbsp.
13211;;;;2025;DLAND;;03;;ERWAQ8;;ARBEITSQUO06;Frauen;5,8;Prozent;ERWP10;Arbeitslosenquote bez. auf alle zivile Erwerbsp.
13211;;;;2025;DLAND;;01;;ERWAQ8;;ARBEITSQUO06;Frauen;5,4;Prozent;ERWP10;Arbeitslosenquote bez. auf alle zivile Erwerbsp.
13211;;;;2025;DLAND;;10;;ERWAQ8;;ARBEITSQUO06;Frauen;6,7;Prozent;ERWP10;Arbeitslosenquote bez. auf alle zivile Erwerbsp.
13211;;;;2025;DLAND;;16;;ERWAQ8;;ARBEITSQUO09;15 bis unter 25 Jahre;6,9;Prozent;ERWP10;Arbeitslosenquote bez. auf alle zivile Erwerbsp.
13211;;;;2025;DLAND;;04;;ERWAQ8;;ARBEITSQUO07;ausländisch;23,8;Prozent;ERWP10;Arbeitslosenquote bez. auf alle zivile Erwerbsp.
13211;;;;2025;DLAND;;02;;ERWAQ8;;ARBEITSQUO07;ausländisch;17,1;Prozent;ERWP10;Arbeitslosenquote bez. auf alle zivile Erwerbsp.
13211;;;;2025;DLAND;;08;;ERWAQ8;;ARBEITSQUO07;ausländisch;10,2;Prozent;ERWP10;Arbeitslosenquote bez. auf alle zivile Erwerbsp.
13211;;;;2025;DLAND;;06;;ERWAQ8;;ARBEITSQUO07;ausländisch;13,6;Prozent;ERWP10;Arbeitslosenquote bez. auf alle zivile Erwerbsp.
13211;;;;2025;KREISE;;07333;Donnersbergkreis;;;;;5,8;Prozent;ERWP10;Arbeitslosenquote bez. auf alle zivile Erwerbsp.
13211;;;;2025;KREISE;;07333;;;;;;2434;Anzahl;ERWP06;Arbeitslose
13211;;;;2025;KREISE;;09261;Landshut, kreisfreie Stadt;;;;;6,3;Prozent;ERWP10;Arbeitslosenquote bez. auf alle zivile Erwerbsp.
13211;;;;2025;KREISE;;09261;;;;;;2773;Anzahl;ERWP06;Arbeitslose
13211;;;;2025;KREISE;;09186;Pfaffenhofen a.d.Ilm, Landkreis;;;;;2,7;Prozent;ERWP10;Arbeitslosenquote bez. auf alle zivile Erwerbsp.
13211;;;;2025;KREISE;;09186;;;;;;2098;Anzahl;ERWP06;Arbeitslose
13211;;;;2025;KREISE;;06533;Limburg-Weilburg, Landkreis;;;;;5,5;Prozent;ERWP10;Arbeitslosenquote bez. auf alle zivile Erwerbsp.
13211;;;;2025;KREISE;;06533;;;;;;5233;Anzahl;ERWP06;Arbeitslose
13211;;;;2025;KREISE;;15083;Börde, Landkreis;;;;;5,7;Prozent;ERWP10;Arbeitslosenquote bez. auf alle zivile Erwerbsp.
13211;;;;2025;KREISE;;15083;;;;;;5068;Anzahl;ERWP06;Arbeitslose
13211;;;;2025;KREISE;;10043;Neunkirchen, Landkreis;;;;;8,2;Prozent;ERWP10;Arbeitslosenquote bez. auf alle zivile Erwerbsp.
13211;;;;2025;KREISE;;10043;;;;;;5879;Anzahl;ERWP06;Arbeitslose
13211;;;;2025;KREISE;;06631;Fulda, Landkreis;;;;;3,8;Prozent;ERWP10;Arbeitslosenquote bez. auf alle zivile Erwerbsp.
13211;;;;2025;KREISE;;06631;;;;;;4965;Anzahl;ERWP06;Arbeitslose
13211;;;;2025;KREISE;;09163;Rosenheim, kreisfreie Stadt;;;;;5,2;Prozent;ERWP10;Arbeitslosenquote bez. auf alle zivile Erwerbsp.
13211;;;;2025;KREISE;;09163;;;;;;1957;Anzahl;ERWP06;Arbeitslose
13211;;;;2025;KREISE;;01057;Plön, Kreis;;;;;4,4;Prozent;ERWP10;Arbeitslosenquote bez. auf alle zivile Erwerbsp.
13211;;;;2025;KREISE;;01057;;;;;;3004;Anzahl;ERWP06;Arbeitslose
13211;;;;2025;KREISE;;14272;Bautzen, Landkreis;;;;;-;Prozent;ERWP10;Arbeitslosenquote bez. auf alle zivile Erwerbsp.
13211;;;;2025;KREISE;;14272;;;;;;-;Anzahl;ERWP06;Arbeitslose
13211;;;;2025;KREISE;;08121;Heilbronn, Stadtkreis;;;;;6,7;Prozent;ERWP10;Arbeitslosenquote bez. auf alle zivile Erwerbsp.
13211;;;;2025;KREISE;;08121;;;;;;5027;Anzahl;ERWP06;Arbeitslose
13211;;;;2025;KREISE;;14730;Nordsachsen, Landkreis;;;;;6,8;Prozent;ERWP10;Arbeitslosenquote bez. auf alle zivile Erwerbsp.
13211;;;;2025;KREISE;;14730;;;;;;7309;Anzahl;ERWP06;Arbeitslose
13211;;;;2025;KREISE;;09272;Freyung-Grafenau, Landkreis;;;;;3,6;Prozent;ERWP10;Arbeitslosenquote bez. auf alle zivile Erwerbsp.
13211;;;;2025;KREISE;;09272;;;;;;1625;Anzahl;ERWP06;Arbeitslose
13211;;;;2025;KREISE;;07138;Neuwied, Landkreis;;;;;5,4;Prozent;ERWP10;Arbeitslosenquote bez. auf alle zivile Erwerbsp.
13211;;;;2025;KREISE;;07138;;;;;;5545;Anzahl;ERWP06;Arbeitslose
13211;;;;2025;KREISE;;09778;Unterallgäu, Landkreis;;;;;2,4;Prozent;ERWP10;Arbeitslosenquote bez. auf alle zivile Erwerbsp.
13211;;;;2025;KREISE;;09778;;;;;;2154;Anzahl;ERWP06;Arbeitslose
13211;;;;2025;KREISE;;09174;Dachau, Landkreis;;;;;3,2;Prozent;ERWP10;Arbeitslosenquote bez. auf alle zivile Erwerbsp.
13211;;;;2025;KREISE;;09174;;;;;;3058;Anzahl;ERWP06;Arbeitslose
13211;;;;2025;KREISE;;05334002;Aachen, kreisfreie Stadt;;;;;8,3;Prozent;ERWP10;Arbeitslosenquote bez. auf alle zivile Erwerbsp.
13211;;;;2025;KREISE;;05334002;;;;;;12046;Anzahl;ERWP06;Arbeitslose
13211;;;;2025;KREISE;;03358;Heidekreis;;;;;6,5;Prozent;ERWP10;Arbeitslosenquote bez. auf alle zivile Erwerbsp.
13211;;;;2025;KREISE;;03358;;;;;;5166;Anzahl;ERWP06;Arbeitslose
13211;;;;2025;KREISE;;14524;Zwickau, Landkreis;;;;;6,1;Prozent;ERWP10;Arbeitslosenquote bez. auf alle zivile Erwerbsp.
13211;;;;2025;KREISE;;14524;;;;;;9774;Anzahl;ERWP06;Arbeitslose
13211;;;;2025;KREISE;;13058;Landkreis Nordwestmecklenburg;;;;;-;Prozent;ERWP10;Arbeitslosenquote bez. auf alle zivile Erwerbsp.
13211;;;;2025;KREISE;;13058;;;;;;-;Anzahl;ERWP06;Arbeitslose
13211;;;;2025;KREISE;;06412;Frankfurt am Main, kreisfreie Stadt;;;;;6,9;Prozent;ERWP10;Arbeitslosenquote bez. auf alle zivile Erwerbsp.
13211;;;;2025;KREISE;;06412;;;;;;30822;Anzahl;ERWP06;Arbeitslose
13211;;;;2025;KREISE;;03456;Grafschaft Bentheim, Landkreis;;;;;3,6;Prozent;ERWP10;Arbeitslosenquote bez. auf alle zivile Erwerbsp.
13211;;;;2025;KREISE;;03456;;;;;;2902;Anzahl;ERWP06;Arbeitslose
13211;;;;2025;KREISE;;05515;Münster, kreisfreie Stadt;;;;;5,3;Prozent;ERWP10;Arbeitslosenquote bez. auf alle zivile Erwerbsp.
13211;;;;2025;KREISE;;05515;;;;;;9600;Anzahl;ERWP06;Arbeitslose
13211;;;;2025;KREISE;;08231;Pforzheim, Stadtkreis;;;;;7,4;Prozent;ERWP10;Arbeitslosenquote bez. auf alle zivile Erwerbsp.
13211;;;;2025;KREISE;;08231;;;;;;5176;Anzahl;ERWP06;Arbeitslose
13211;;;;2025;KREISE;;06435;Main-Kinzig-Kreis;;;;;6,2;Prozent;ERWP10;Arbeitslosenquote bez. auf alle zivile Erwerbsp.
13211;;;;2025;KREISE;;06435;;;;;;14640;Anzahl;ERWP06;Arbeitslose
13211;;;;2025;KREISE;;07332;Bad Dürkheim, Landkreis;;;;;4,7;Prozent;ERWP10;Arbeitslosenquote bez. auf alle zivile Erwerbsp.
13211;;;;2025;KREISE;;07332;;;;;;3418;Anzahl;ERWP06;Arbeitslose
13211;;;;2025;KREISE;;07311;Frankenthal (Pfalz), kreisfreie Stadt;;;;;8,2;Prozent;ERWP10;Arbeitslosenquote bez. auf alle zivile Erwerbsp.
13211;;;;2025;KREISE;;07311;;;;;;1959;Anzahl;ERWP06;Arbeitslose
13211;;;;2025;KREISE;;07334;Germersheim, Landkreis;;;;;4,9;Prozent;ERWP10;Arbeitslosenquote bez. auf alle zivile Erwerbsp.
13211;;;;2025;KREISE;;07334;;;;;;3657;Anzahl;ERWP06;Arbeitslose
13211;;;;2025;KREISE;;14284;Niederschlesischer Oberlausitzkreis;;;;;-;Prozent;ERWP10;Arbeitslosenquote bez. auf alle zivile Erwerbsp.
13211;;;;2025;KREISE;;14284;;;;;;-;Anzahl;ERWP06;Arbeitslose
13211;;;;2025;KREISE;;08111;Stuttgart, Stadtkreis;;;;;6,6;Prozent;ERWP10;Arbeitslosenquote bez. auf alle zivile Erwerbsp.
13211;;;;2025;KREISE;;08111;;;;;;23366;Anzahl;ERWP06;Arbeitslose
13211;;;;2025;KREISE;;14511;Chemnitz, kreisfreie Stadt;;;;;9,5;Prozent;ERWP10;Arbeitslosenquote bez. auf alle zivile Erwerbsp.
13211;;;;2025;KREISE;;14511;;;;;;12103;Anzahl;ERWP06;Arbeitslose
13211;;;;2025;KREISE;;10042;Merzig-Wadern, Landkreis;;;;;4,6;Prozent;ERWP10;Arbeitslosenquote bez. auf alle zivile Erwerbsp.
13211;;;;2025;KREISE;;10042;;;;;;2539;Anzahl;ERWP06;Arbeitslose
13211;;;;2025;KREISE;;05962;Märkischer Kreis;;;;;8,3;Prozent;ERWP10;Arbeitslosenquote bez. auf alle zivile Erwerbsp.
13211;;;;2025;KREISE;;05962;;;;;;18729;Anzahl;ERWP06;Arbeitslose
13211;;;;2025;KREISE;;09185;Neuburg-Schrobenhausen, Landkreis;;;;;3,1;Prozent;ERWP10;Arbeitslosenquote bez. auf alle zivile Erwerbsp.
13211;;;;2025;KREISE;;09185;;;;;;1793;Anzahl;ERWP06;Arbeitslose
13211;;;;2025;KREISE;;15202;Halle (Saale), kreisfreie Stadt;;;;;-;Prozent;ERWP10;Arbeitslosenquote bez. auf alle zivile Erwerbsp.
13211;;;;2025;KREISE;;15202;;;;;;-;Anzahl;ERWP06;Arbeitslose
13211;;;;2025;KREISE;;06532;Lahn-Dill-Kreis;;;;;6,0;Prozent;ERWP10;Arbeitslosenquote bez. auf alle zivile Erwerbsp.
13211;;;;2025;KREISE;;06532;;;;;;8444;Anzahl;ERWP06;Arbeitslose
13211;;;;2025;KREISE;;07211;Trier, kreisfreie Stadt;;;;;7,4;Prozent;ERWP10;Arbeitslosenquote bez. auf alle zivile Erwerbsp.
13211;;;;2025;KREISE;;07211;;;;;;4591;Anzahl;ERWP06;Arbeitslose
13211;;;;2025;KREISE;;15082;Anhalt-Bitterfeld, Landkreis;;;;;7,3;Prozent;ERWP10;Arbeitslosenquote bez. auf alle zivile Erwerbsp.
13211;;;;2025;KREISE;;15082;;;;;;5943;Anzahl;ERWP06;Arbeitslose
13211;;;;2025;KREISE;;09162;München, kreisfreie Stadt;;;;;5,4;Prozent;ERWP10;Arbeitslosenquote bez. auf alle zivile Erwerbsp.
13211;;;;2025;KREISE;;09162;;;;;;49405;Anzahl;ERWP06;Arbeitslose
13211;;;;2025;KREISE;;15369;Wernigerode, Kreis;;;;;-;Prozent;ERWP10;Arbeitslosenquote bez. auf alle zivile Erwerbsp.
13211;;;;2025;KREISE;;15369;;;;;;-;Anzahl;ERWP06;Arbeitslose
13211;;;;2025;KREISE;;01058;Rendsburg-Eckernförde, Kreis;;;;;4,7;Prozent;ERWP10;Arbeitslosenquote bez. auf alle zivile Erwerbsp.
13211;;;;2025;KREISE;;01058;;;;;;6903;Anzahl;ERWP06;Arbeitslose
13211;;;;2025;KREISE;;09779;Donau-Ries, Landkreis;;;;;2,4;Prozent;ERWP10;Arbeitslosenquote bez. auf alle zivile Erwerbsp.
13211;;;;2025;KREISE;;09779;;;;;;1990;Anzahl;ERWP06;Arbeitslose
13211;;;;2025;KREISE;;14523;Vogtlandkreis;;;;;6,2;Prozent;ERWP10;Arbeitslosenquote bez. auf alle zivile Erwerbsp.
13211;;;;2025;KREISE;;14523;;;;;;6926;Anzahl;ERWP06;Arbeitslose
13211;;;;2025;KREISE;;07137;Mayen-Koblenz, Landkreis;;;;;4,1;Prozent;ERWP10;Arbeitslosenquote bez. auf alle zivile Erwerbsp.
13211;;;;2025;KREISE;;07137;;;;;;4868;Anzahl;ERWP06;Arbeitslose
13211;;;;2025;KREISE;;03359;Stade, Landkreis;;;;;6,0;Prozent;ERWP10;Arbeitslosenquote bez. auf alle zivile Erwerbsp.
13211;;;;2025;KREISE;;03359;;;;;;7081;Anzahl;ERWP06;Arbeitslose
13211;;;;2025;KREISE;;09173;Bad Tölz-Wolfratshausen, Landkreis;;;;;2,4;Prozent;ERWP10;Arbeitslosenquote bez. auf alle zivile Erwerbsp.
13211;;;;2025;KREISE;;09173;;;;;;1759;Anzahl;ERWP06;Arbeitslose
13211;;;;2025;KREISE;;05974;Soest, Kreis;;;;;6,0;Prozent;ERWP10;Arbeitslosenquote bez. auf alle zivile Erwerbsp.
13211;;;;2025;KREISE;;05974;;;;;;10394;Anzahl;ERWP06;Arbeitslose
13211;;;;2025;KREISE;;09271;Deggendorf, Landkreis;;;;;3,8;Prozent;ERWP10;Arbeitslosenquote bez. auf alle zivile Erwerbsp.
13211;;;;2025;KREISE;;09271;;;;;;2724;Anzahl;ERWP06;Arbeitslose
13211;;;;2025;KREISE;;12070;Prignitz, Landkreis;;;;;8,4;Prozent;ERWP10;Arbeitslosenquote bez. auf alle zivile Erwerbsp.
13211;;;;2025;KREISE;;12070;;;;;;3198;Anzahl;ERWP06;Arbeitslose
13211;;;;2025;KREISE;;13057;Nordvorpommern, Landkreis;;;;;-;Prozent;ERWP10;Arbeitslosenquote bez. auf alle zivile Erwerbsp.
13211;;;;2025;KREISE;;13057;;;;;;-;Anzahl;ERWP06;Arbeitslose
13211;;;;2025;KREISE;;07235;Trier-Saarburg, Landkreis;;;;;3,4;Prozent;ERWP10;Arbeitslosenquote bez. auf alle zivile Erwerbsp.
13211;;;;2025;KREISE;;07235;;;;;;2758;Anzahl;ERWP06;Arbeitslose
13211;;;;2025;KREISE;;05766;Lippe, Kreis;;;;;6,1;Prozent;ERWP10;Arbeitslosenquote bez. auf alle zivile Erwerbsp.
13211;;;;2025;KREISE;;05766;;;;;;11350;Anzahl;ERWP06;Arbeitslose
13211;;;;2025;KREISE;;15358;Jerichower Land, Kreis;;;;;-;Prozent;ERWP10;Arbeitslosenquote bez. auf alle zivile Erwerbsp.
13211;;;;2025;KREISE;;15358;;;;;;-;Anzahl;ERWP06;Arbeitslose
13211;;;;2025;KREISE;;06434;Hochtaunuskreis;;;;;4,6;Prozent;ERWP10;Arbeitslosenquote bez. auf alle zivile Erwerbsp.
13211;;;;2025;KREISE;;06434;;;;;;5778;Anzahl;ERWP06;Arbeitslose
13211;;;;2025;KREISE;;06411;Darmstadt, kreisfreie Stadt, Wissenschaftsstadt;;;;;6,3;Prozent;ERWP10;Arbeitslosenquote bez. auf alle zivile Erwerbsp.
13211;;;;2025;KREISE;;06411;;;;;;5823;Anzahl;ERWP06;Arbeitslose
13211;;;;2025;KREISE;;03457;Leer, Landkreis;;;;;6,2;Prozent;ERWP10;Arbeitslosenquote bez. auf alle zivile Erwerbsp.
13211;;;;2025;KREISE;;03457;;;;;;5802;Anzahl;ERWP06;Arbeitslose
13211;;;;2025;KREISE;;14285;Riesa-Großenhain, Landkreis;;;;;-;Prozent;ERWP10;Arbeitslosenquote bez. auf alle zivile Erwerbsp.
13211;;;;2025;KREISE;;14285;;;;;;-;Anzahl;ERWP06;Arbeitslose
13211;;;;2025;KREISE;;14262;Dresden, kreisfreie Stadt;;;;;-;Prozent;ERWP10;Arbeitslosenquote bez. auf alle zivile Erwerbsp.
13211;;;;2025;KREISE;;14262;;;;;;-;Anzahl;ERWP06;Arbeitslose
13211;;;;2025;KREISE;;03241001;Hannover, Landeshauptstadt;;;;;9,9;Prozent;ERWP10;Arbeitslosenquote bez. auf alle zivile Erwerbsp.
13211;;;;2025;KREISE;;03241001;;;;;;31142;Anzahl;ERWP06;Arbeitslose
13211;;;;2025;KREISE;;08135;Heidenheim, Landkreis;;;;;5,1;Prozent;ERWP10;Arbeitslosenquote bez. auf alle zivile Erwerbsp.
13211;;;;2025;KREISE;;08135;;;;;;3876;Anzahl;ERWP06;Arbeitslose
13211;;;;2025;KREISE;;05362;Rhein-Erft-Kreis;;;;;6,5;Prozent;ERWP10;Arbeitslosenquote bez. auf alle zivile Erwerbsp.
13211;;;;2025;KREISE;;05362;;;;;;17334;Anzahl;ERWP06;Arbeitslose
13211;;;;2025;KREISE;;09263;Straubing, kreisfreie Stadt;;;;;6,4;Prozent;ERWP10;Arbeitslosenquote bez. auf alle zivile Erwerbsp.
13211;;;;2025;KREISE;;09263;;;;;;1844;Anzahl;ERWP06;Arbeitslose
13211;;;;2025;KREISE;;15085;Harz, Landkreis;;;;;6,0;Prozent;ERWP10;Arbeitslosenquote bez. auf alle zivile Erwerbsp.
13211;;;;2025;KREISE;;15085;;;;;;6191;Anzahl;ERWP06;Arbeitslose
13211;;;;2025;KREISE;;10041;Saarbrücken, Regionalverband;;;;;10,1;Prozent;ERWP10;Arbeitslosenquote bez. auf alle zivile Erwerbsp.
13211;;;;2025;KREISE;;10041;;;;;;17899;Anzahl;ERWP06;Arbeitslose
13211;;;;2025;KREISE;;09188;Starnberg, Landkreis;;;;;3,7;Prozent;ERWP10;Arbeitslosenquote bez. auf alle zivile Erwerbsp.
13211;;;;2025;KREISE;;09188;;;;;;2693;Anzahl;ERWP06;Arbeitslose
13211;;;;2025;KREISE;;07233;Vulkaneifel, Landkreis;;;;;4,5;Prozent;ERWP10;Arbeitslosenquote bez. auf alle zivile Erwerbsp.
13211;;;;2025;KREISE;;07233;;;;;;1526;Anzahl;ERWP06;Arbeitslose
13211;;;;2025;KREISE;;06535;Vogelsbergkreis;;;;;4,3;Prozent;ERWP10;Arbeitslosenquote bez. auf alle zivile Erwerbsp.
13211;;;;2025;KREISE;;06535;;;;;;2506;Anzahl;ERWP06;Arbeitslose
13211;;;;2025;KREISE;;06633;Kassel, Landkreis;;;;;4,7;Prozent;ERWP10;Arbeitslosenquote bez. auf alle zivile Erwerbsp.
13211;;;;2025;KREISE;;06633;;;;;;6084;Anzahl;ERWP06;Arbeitslose
13211;;;;2025;KREISE;;09372;Cham, Landkreis;;;;;3,4;Prozent;ERWP10;Arbeitslosenquote bez. auf alle zivile Erwerbsp.
13211;;;;2025;KREISE;;09372;;;;;;2570;Anzahl;ERWP06;Arbeitslose
13211;;;;2025;KREISE;;05754;Gütersloh, Kreis;;;;;5,1;Prozent;ERWP10;Arbeitslosenquote bez. auf alle zivile Erwerbsp.
13211;;;;2025;KREISE;;05754;;;;;;11055;Anzahl;ERWP06;Arbeitslose
13211;;;;2025;KREISE;;15171;Wittenberg, Kreis;;;;;-;Prozent;ERWP10;Arbeitslosenquote bez. auf alle zivile Erwerbsp.
13211;;;;2025;KREISE;;15171;;;;;;-;Anzahl;ERWP06;Arbeitslose
13211;;;;2025;KREISE;;08221;Heidelberg, Stadtkreis;;;;;5,1;Prozent;ERWP10;Arbeitslosenquote bez. auf alle zivile Erwerbsp.
13211;;;;2025;KREISE;;08221;;;;;;4151;Anzahl;ERWP06;Arbeitslose
13211;;;;2025;KREISE;;15303;Magdeburg, kreisfreie Stadt;;;;;-;Prozent;ERWP10;Arbeitslosenquote bez. auf alle zivile Erwerbsp.
13211;;;;2025;KREISE;;15303;;;;;;-;Anzahl;ERWP06;Arbeitslose
13211;;;;2025;KREISE;;01059;Schleswig-Flensburg, Kreis;;;;;5,7;Prozent;ERWP10;Arbeitslosenquote bez. auf alle zivile Erwerbsp.
13211;;;;2025;KREISE;;01059;;;;;;6309;Anzahl;ERWP06;Arbeitslose
13211;;;;2025;KREISE;;14522;Mittelsachsen, Landkreis;;;;;5,8;Prozent;ERWP10;Arbeitslosenquote bez. auf alle zivile Erwerbsp.
13211;;;;2025;KREISE;;14522;;;;;;8946;Anzahl;ERWP06;Arbeitslose
13211;;;;2025;KREISE;;09274;Landshut, Landkreis;;;;;3,5;Prozent;ERWP10;Arbeitslosenquote bez. auf alle zivile Erwerbsp.
13211;;;;2025;KREISE;;09274;;;;;;3477;Anzahl;ERWP06;Arbeitslose
13211;;;;2025;KREISE;;08417;Zollernalbkreis, Landkreis;;;;;4,6;Prozent;ERWP10;Arbeitslosenquote bez. auf alle zivile Erwerbsp.
13211;;;;2025;KREISE;;08417;;;;;;5084;Anzahl;ERWP06;Arbeitslose
13211;;;;2025;KREISE;;13056;Landkreis Müritz;;;;;-;Prozent;ERWP10;Arbeitslosenquote bez. auf alle zivile Erwerbsp.
13211;;;;2025;KREISE;;13056;;;;;;-;Anzahl;ERWP06;Arbeitslose
13211;;;;2025;KREISE;;09176;Eichstätt, Landkreis;;;;;2,7;Prozent;ERWP10;Arbeitslosenquote bez. auf alle zivile Erwerbsp.
13211;;;;2025;KREISE;;09176;;;;;;2126;Anzahl;ERWP06;Arbeitslose
13211;;;;2025;KREISE;;03356;Osterholz, Landkreis;;;;;3,6;Prozent;ERWP10;Arbeitslosenquote bez. auf alle zivile Erwerbsp.
13211;;;;2025;KREISE;;03356;;;;;;2249;Anzahl;ERWP06;Arbeitslose
13211;;;;2025;KREISE;;03102;Salzgitter, kreisfreie Stadt;;;;;10,1;Prozent;ERWP10;Arbeitslosenquote bez. auf alle zivile Erwerbsp.
13211;;;;2025;KREISE;;03102;;;;;;5452;Anzahl;ERWP06;Arbeitslose
13211;;;;2025;KREISE;;14188;Stollberg, Landkreis;;;;;-;Prozent;ERWP10;Arbeitslosenquote bez. auf alle zivile Erwerbsp.
13211;;;;2025;KREISE;;14188;;;;;;-;Anzahl;ERWP06;Arbeitslose
13211;;;;2025;KREISE;;09361;Amberg, kreisfreie Stadt;;;;;5,9;Prozent;ERWP10;Arbeitslosenquote bez. auf alle zivile Erwerbsp.
13211;;;;2025;KREISE;;09361;;;;;;1439;Anzahl;ERWP06;Arbeitslose
13211;;;;2025;KREISE;;03454;Emsland, Landkreis;;;;;3,5;Prozent;ERWP10;Arbeitslosenquote bez. auf alle zivile Erwerbsp.
13211;;;;2025;KREISE;;03454;;;;;;7095;Anzahl;ERWP06;Arbeitslose
13211;;;;2025;KREISE;;14263;Görlitz, kreisfreie Stadt;;;;;-;Prozent;ERWP10;Arbeitslosenquote bez. auf alle zivile Erwerbsp.
13211;;;;2025;KREISE;;14263;;;;;;-;Anzahl;ERWP06;Arbeitslose
13211;;;;2025;KREISE;;01001;Flensburg, kreisfreie Stadt;;;;;8,6;Prozent;ERWP10;Arbeitslosenquote bez. auf alle zivile Erwerbsp.
13211;;;;2025;KREISE;;01001;;;;;;4642;Anzahl;ERWP06;Arbeitslose
13211;;;;2025;KREISE;;06414;Wiesbaden, kreisfreie Stadt, Landeshauptstadt;;;;;8,2;Prozent;ERWP10;Arbeitslosenquote bez. auf alle zivile Erwerbsp.
13211;;;;2025;KREISE;;06414;;;;;;13249;Anzahl;ERWP06;Arbeitslose
13211;;;;2025;KREISE;;06437;Odenwaldkreis;;;;;4,7;Prozent;ERWP10;Arbeitslosenquote bez. auf alle zivile Erwerbsp.
13211;;;;2025;KREISE;;06437;;;;;;2466;Anzahl;ERWP06;Arbeitslose
13211;;;;2025;KREISE;;14286;Löbau-Zittau, Landkreis;;;;;-;Prozent;ERWP10;Arbeitslosenquote bez. auf alle zivile Erwerbsp.
13211;;;;2025;KREISE;;14286;;;;;;-;Anzahl;ERWP06;Arbeitslose
13211;;;;2025;KREISE;;09262;Passau, kreisfreie Stadt;;;;;6,3;Prozent;ERWP10;Arbeitslosenquote bez. auf alle zivile Erwerbsp.
13211;;;;2025;KREISE;;09262;;;;;;1936;Anzahl;ERWP06;Arbeitslose
13211;;;;2025;KREISE;;05154;Kleve, Kreis;;;;;6,3;Prozent;ERWP10;Arbeitslosenquote bez. auf alle zivile Erwerbsp.
13211;;;;2025;KREISE;;05154;;;;;;10866;Anzahl;ERWP06;Arbeitslose
13211;;;;2025;KREISE;;05570;Warendorf, Kreis;;;;;5,7;Prozent;ERWP10;Arbeitslosenquote bez. auf alle zivile Erwerbsp.
13211;;;;2025;KREISE;;05570;;;;;;9371;Anzahl;ERWP06;Arbeitslose
13211;;;;2025;KREISE;;15084;Burgenlandkreis;;;;;7,3;Prozent;ERWP10;Arbeitslosenquote bez. auf alle zivile Erwerbsp.
13211;;;;2025;KREISE;;15084;;;;;;6513;Anzahl;ERWP06;Arbeitslose
13211;;;;2025;KREISE;;09187;Rosenheim, Landkreis;;;;;3,1;Prozent;ERWP10;Arbeitslosenquote bez. auf alle zivile Erwerbsp.
13211;;;;2025;KREISE;;09187;;;;;;4745;Anzahl;ERWP06;Arbeitslose
13211;;;;2025;KREISE;;07232;Eifelkreis Bitburg-Prüm;;;;;3,4;Prozent;ERWP10;Arbeitslosenquote bez. auf alle zivile Erwerbsp.
13211;;;;2025;KREISE;;07232;;;;;;1850;Anzahl;ERWP06;Arbeitslose
13211;;;;2025;KREISE;;06534;Marburg-Biedenkopf, Landkreis;;;;;4,7;Prozent;ERWP10;Arbeitslosenquote bez. auf alle zivile Erwerbsp.
13211;;;;2025;KREISE;;06534;;;;;;6416;Anzahl;ERWP06;Arbeitslose
13211;;;;2025;KREISE;;14177;Freiberg, Landkreis;;;;;-;Prozent;ERWP10;Arbeitslosenquote bez. auf alle zivile Erwerbsp.
13211;;;;2025;KREISE;;14177;;;;;;-;Anzahl;ERWP06;Arbeitslose
13211;;;;2025;KREISE;;09371;Amberg-Sulzbach, Landkreis;;;;;3,6;Prozent;ERWP10;Arbeitslosenquote bez. auf alle zivile Erwerbsp.
13211;;;;2025;KREISE;;09371;;;;;;2159;Anzahl;ERWP06;Arbeitslose
13211;;;;2025;KREISE;;06632;Hersfeld-Rotenburg, Landkreis;;;;;4,3;Prozent;ERWP10;Arbeitslosenquote bez. auf alle zivile Erwerbsp.
13211;;;;2025;KREISE;;06632;;;;;;2839;Anzahl;ERWP06;Arbeitslose
13211;;;;2025;KREISE;;08125;Heilbronn, Landkreis;;;;;4,1;Prozent;ERWP10;Arbeitslosenquote bez. auf alle zivile Erwerbsp.
13211;;;;2025;KREISE;;08125;;;;;;8561;Anzahl;ERWP06;Arbeitslose
13211;;;;2025;KREISE;;08222;Mannheim, Stadtkreis;;;;;7,9;Prozent;ERWP10;Arbeitslosenquote bez. auf alle zivile Erwerbsp.
13211;;;;2025;KREISE;;08222;;;;;;14364;Anzahl;ERWP06;Arbeitslose
13211;;;;2025;KREISE;;07134;Birkenfeld, Landkreis;;;;;6,9;Prozent;ERWP10;Arbeitslosenquote bez. auf alle zivile Erwerbsp.
13211;;;;2025;KREISE;;07134;;;;;;2994;Anzahl;ERWP06;Arbeitslose
13211;;;;2025;KREISE;;05166;Viersen, Kreis;;;;;5,9;Prozent;ERWP10;Arbeitslosenquote bez. auf alle zivile Erwerbsp.
13211;;;;2025;KREISE;;05166;;;;;;9763;Anzahl;ERWP06;Arbeitslose
13211;;;;2025;KREISE;;07111;Koblenz, kreisfreie Stadt;;;;;6,7;Prozent;ERWP10;Arbeitslosenquote bez. auf alle zivile Erwerbsp.
13211;;;;2025;KREISE;;07111;;;;;;4315;Anzahl;ERWP06;Arbeitslose
13211;;;;2025;KREISE;;07320;Zweibrücken, kreisfreie Stadt;;;;;7,6;Prozent;ERWP10;Arbeitslosenquote bez. auf alle zivile Erwerbsp.
13211;;;;2025;KREISE;;07320;;;;;;1430;Anzahl;ERWP06;Arbeitslose
13211;;;;2025;KREISE;;14521;Erzgebirgskreis;;;;;5,6;Prozent;ERWP10;Arbeitslosenquote bez. auf alle zivile Erwerbsp.
13211;;;;2025;KREISE;;14521;;;;;;9245;Anzahl;ERWP06;Arbeitslose
13211;;;;2025;KREISE;;07135;Cochem-Zell, Landkreis;;;;;3,9;Prozent;ERWP10;Arbeitslosenquote bez. auf alle zivile Erwerbsp.
13211;;;;2025;KREISE;;07135;;;;;;1325;Anzahl;ERWP06;Arbeitslose
13211;;;;2025;KREISE;;05120;Remscheid, kreisfreie Stadt;;;;;8,4;Prozent;ERWP10;Arbeitslosenquote bez. auf alle zivile Erwerbsp.
13211;;;;2025;KREISE;;05120;;;;;;5066;Anzahl;ERWP06;Arbeitslose
13211;;;;2025;KREISE;;05374;Oberbergischer Kreis;;;;;5,7;Prozent;ERWP10;Arbeitslosenquote bez. auf alle zivile Erwerbsp.
13211;;;;2025;KREISE;;05374;;;;;;8611;Anzahl;ERWP06;Arbeitslose
13211;;;;2025;KREISE;;09273;Kelheim, Landkreis;;;;;3,4;Prozent;ERWP10;Arbeitslosenquote bez. auf alle zivile Erwerbsp.
13211;;;;2025;KREISE;;09273;;;;;;2521;Anzahl;ERWP06;Arbeitslose
13211;;;;2025;KREISE;;08416;Tübingen, Landkreis;;;;;3,6;Prozent;ERWP10;Arbeitslosenquote bez. auf alle zivile Erwerbsp.
13211;;;;2025;KREISE;;08416;;;;;;4715;Anzahl;ERWP06;Arbeitslose
13211;;;;2025;KREISE;;13055;Mecklenburg-Strelitz, Landkreis;;;;;-;Prozent;ERWP10;Arbeitslosenquote bez. auf alle zivile Erwerbsp.
13211;;;;2025;KREISE;;13055;;;;;;-;Anzahl;ERWP06;Arbeitslose
13211;;;;2025;KREISE;;03357;Rotenburg (Wümme), Landkreis;;;;;4,0;Prozent;ERWP10;Arbeitslosenquote bez. auf alle zivile Erwerbsp.
13211;;;;2025;KREISE;;03357;;;;;;3786;Anzahl;ERWP06;Arbeitslose
13211;;;;2025;KREISE;;09175;Ebersberg, Landkreis;;;;;3,0;Prozent;ERWP10;Arbeitslosenquote bez. auf alle zivile Erwerbsp.
13211;;;;2025;KREISE;;09175;;;;;;2573;Anzahl;ERWP06;Arbeitslose
13211;;;;2025;KREISE;;03103;Wolfsburg, kreisfreie Stadt;;;;;6,6;Prozent;ERWP10;Arbeitslosenquote bez. auf alle zivile Erwerbsp.
13211;;;;2025;KREISE;;03103;;;;;;4511;Anzahl;ERWP06;Arbeitslose
13211;;;;2025;KREISE;;14166;Plauen, kreisfreie Stadt;;;;;-;Prozent;ERWP10;Arbeitslosenquote bez. auf alle zivile Erwerbsp.
13211;;;;2025;KREISE;;14166;;;;;;-;Anzahl;ERWP06;Arbeitslose
13211;;;;2025;KREISE;;08211;Baden-Baden, Stadtkreis;;;;;7,0;Prozent;ERWP10;Arbeitslosenquote bez. auf alle zivile Erwerbsp.
13211;;;;2025;KREISE;;08211;;;;;;2139;Anzahl;ERWP06;Arbeitslose
13211;;;;2025;KREISE;;08136;Ostalbkreis, Landkreis;;;;;3,9;Prozent;ERWP10;Arbeitslosenquote bez. auf alle zivile Erwerbsp.
13211;;;;2025;KREISE;;08136;;;;;;7168;Anzahl;ERWP06;Arbeitslose
13211;;;;2025;KREISE;;03455;Friesland, Landkreis;;;;;4,6;Prozent;ERWP10;Arbeitslosenquote bez. auf alle zivile Erwerbsp.
13211;;;;2025;KREISE;;03455;;;;;;2412;Anzahl;ERWP06;Arbeitslose
13211;;;;2025;KREISE;;14264;Hoyerswerda, kreisfreie Stadt;;;;;-;Prozent;ERWP10;Arbeitslosenquote bez. auf alle zivile Erwerbsp.
13211;;;;2025;KREISE;;14264;;;;;;-;Anzahl;ERWP06;Arbeitslose
13211;;;;2025;KREISE;;01002;Kiel, kreisfreie Stadt;;;;;8,1;Prozent;ERWP10;Arbeitslosenquote bez. auf alle zivile Erwerbsp.
13211;;;;2025;KREISE;;01002;;;;;;11665;Anzahl;ERWP06;Arbeitslose
13211;;;;2025;KREISE;;06413;Offenbach am Main, kreisfreie Stadt;;;;;9,6;Prozent;ERWP10;Arbeitslosenquote bez. auf alle zivile Erwerbsp.
13211;;;;2025;KREISE;;06413;;;;;;7735;Anzahl;ERWP06;Arbeitslose
13211;;;;2025;KREISE;;07331;Alzey-Worms, Landkreis;;;;;4,6;Prozent;ERWP10;Arbeitslosenquote bez. auf alle zivile Erwerbsp.
13211;;;;2025;KREISE;;07331;;;;;;3445;Anzahl;ERWP06;Arbeitslose
13211;;;;2025;KREISE;;14287;Sächsische Schweiz, Landkreis;;;;;-;Prozent;ERWP10;Arbeitslosenquote bez. auf alle zivile Erwerbsp.
13211;;;;2025;KREISE;;14287;;;;;;-;Anzahl;ERWP06;Arbeitslose
13211;;;;2025;KREISE;;06436;Main-Taunus-Kreis;;;;;5,4;Prozent;ERWP10;Arbeitslosenquote bez. auf alle zivile Erwerbsp.
13211;;;;2025;KREISE;;06436;;;;;;7254;Anzahl;ERWP06;Arbeitslose
13211;;;;2025;KREISE;;07314;Ludwigshafen am Rhein, kreisfreie Stadt;;;;;9,5;Prozent;ERWP10;Arbeitslosenquote bez. auf alle zivile Erwerbsp.
13211;;;;2025;KREISE;;07314;;;;;;9148;Anzahl;ERWP06;Arbeitslose
13211;;;;2025;KREISE;;07337;Südliche Weinstraße, Landkreis;;;;;4,7;Prozent;ERWP10;Arbeitslosenquote bez. auf alle zivile Erwerbsp.
13211;;;;2025;KREISE;;07337;;;;;;2921;Anzahl;ERWP06;Arbeitslose
13211;;;;2025;KREISE;;09182;Miesbach, Landkreis;;;;;3,0;Prozent;ERWP10;Arbeitslosenquote bez. auf alle zivile Erwerbsp.
13211;;;;2025;KREISE;;09182;;;;;;1708;Anzahl;ERWP06;Arbeitslose
13211;;;;2025;KREISE;;16068;Sömmerda, Landkreis;;;;;6,2;Prozent;ERWP10;Arbeitslosenquote bez. auf alle zivile Erwerbsp.
13211;;;;2025;KREISE;;16068;;;;;;2214;Anzahl;ERWP06;Arbeitslose
13211;;;;2025;KREISE;;12061;Dahme-Spreewald, Landkreis;;;;;4,0;Prozent;ERWP10;Arbeitslosenquote bez. auf alle zivile Erwerbsp.
13211;;;;2025;KREISE;;12061;;;;;;3849;Anzahl;ERWP06;Arbeitslose
13211;;;;2025;KREISE;;13004;Schwerin, kreisfreie Stadt;;;;;10,6;Prozent;ERWP10;Arbeitslosenquote bez. auf alle zivile Erwerbsp.
13211;;;;2025;KREISE;;13004;;;;;;5334;Anzahl;ERWP06;Arbeitslose
13211;;;;2025;KREISE;;06635;Waldeck-Frankenberg, Landkreis;;;;;4,7;Prozent;ERWP10;Arbeitslosenquote bez. auf alle zivile Erwerbsp.
13211;;;;2025;KREISE;;06635;;;;;;4185;Anzahl;ERWP06;Arbeitslose
13211;;;;2025;KREISE;;15268;Weißenfels, Kreis;;;;;-;Prozent;ERWP10;Arbeitslosenquote bez. auf alle zivile Erwerbsp.
13211;;;;2025;KREISE;;15268;;;;;;-;Anzahl;ERWP06;Arbeitslose
13211;;;;2025;KREISE;;14181;Mittlerer Erzgebirgskreis;;;;;-;Prozent;ERWP10;Arbeitslosenquote bez. auf alle zivile Erwerbsp.
13211;;;;2025;KREISE;;14181;;;;;;-;Anzahl;ERWP06;Arbeitslose
13211;;;;2025;KREISE;;09676;Miltenberg, Landkreis;;;;;4,6;Prozent;ERWP10;Arbeitslosenquote bez. auf alle zivile Erwerbsp.
13211;;;;2025;KREISE;;09676;;;;;;3385;Anzahl;ERWP06;Arbeitslose
13211;;;;2025;KREISE;;03158;Wolfenbüttel, Landkreis;;;;;5,5;Prozent;ERWP10;Arbeitslosenquote bez. auf alle zivile Erwerbsp.
13211;;;;2025;KREISE;;03158;;;;;;3526;Anzahl;ERWP06;Arbeitslose
13211;;;;2025;KREISE;;09773;Dillingen a.d.Donau, Landkreis;;;;;3,1;Prozent;ERWP10;Arbeitslosenquote bez. auf alle zivile Erwerbsp.
13211;;;;2025;KREISE;;09773;;;;;;1764;Anzahl;ERWP06;Arbeitslose
13211;;;;2025;KREISE;;01053;Herzogtum Lauenburg, Kreis;;;;;5,3;Prozent;ERWP10;Arbeitslosenquote bez. auf alle zivile Erwerbsp.
13211;;;;2025;KREISE;;01053;;;;;;5881;Anzahl;ERWP06;Arbeitslose
13211;;;;2025;KREISE;;15090;Stendal, Landkreis;;;;;9,5;Prozent;ERWP10;Arbeitslosenquote bez. auf alle zivile Erwerbsp.
13211;;;;2025;KREISE;;15090;;;;;;5111;Anzahl;ERWP06;Arbeitslose
13211;;;;2025;KREISE;;03256;Nienburg (Weser), Landkreis;;;;;6,0;Prozent;ERWP10;Arbeitslosenquote bez. auf alle zivile Erwerbsp.
13211;;;;2025;KREISE;;03256;;;;;;4090;Anzahl;ERWP06;Arbeitslose
13211;;;;2025;KREISE;;15159;Köthen, Kreis;;;;;-;Prozent;ERWP10;Arbeitslosenquote bez. auf alle zivile Erwerbsp.
13211;;;;2025;KREISE;;15159;;;;;;-;Anzahl;ERWP06;Arbeitslose
13211;;;;2025;KREISE;;16056;Eisenach, kreisfreie Stadt;;;;;-;Prozent;ERWP10;Arbeitslosenquote bez. auf alle zivile Erwerbsp.
13211;;;;2025;KREISE;;16056;;;;;;-;Anzahl;ERWP06;Arbeitslose
13211;;;;2025;KREISE;;09675;Kitzingen, Landkreis;;;;;3,0;Prozent;ERWP10;Arbeitslosenquote bez. auf alle zivile Erwerbsp.
13211;;;;2025;KREISE;;09675;;;;;;1668;Anzahl;ERWP06;Arbeitslose
13211;;;;2025;KREISE;;12073;Uckermark, Landkreis;;;;;11,5;Prozent;ERWP10;Arbeitslosenquote bez. auf alle zivile Erwerbsp.
13211;;;;2025;KREISE;;12073;;;;;;6650;Anzahl;ERWP06;Arbeitslose
13211;;;;2025;KREISE;;03354;Lüchow-Dannenberg, Landkreis;;;;;7,7;Prozent;ERWP10;Arbeitslosenquote bez. auf alle zivile Erwerbsp.
13211;;;;2025;KREISE;;03354;;;;;;1803;Anzahl;ERWP06;Arbeitslose
13211;;;;2025;KREISE;;15003;Magdeburg, kreisfreie Stadt, Landeshauptstadt;;;;;9,2;Prozent;ERWP10;Arbeitslosenquote bez. auf alle zivile Erwerbsp.
13211;;;;2025;KREISE;;15003;;;;;;11804;Anzahl;ERWP06;Arbeitslose
13211;;;;2025;KREISE;;06439;Rheingau-Taunus-Kreis;;;;;5,1;Prozent;ERWP10;Arbeitslosenquote bez. auf alle zivile Erwerbsp.
13211;;;;2025;KREISE;;06439;;;;;;5166;Anzahl;ERWP06;Arbeitslose
13211;;;;2025;KREISE;;14193;Zwickauer Land, Landkreis;;;;;-;Prozent;ERWP10;Arbeitslosenquote bez. auf alle zivile Erwerbsp.
13211;;;;2025;KREISE;;14193;;;;;;-;Anzahl;ERWP06;Arbeitslose
13211;;;;2025;KREISE;;14626;Görlitz, Landkreis;;;;;8,9;Prozent;ERWP10;Arbeitslosenquote bez. auf alle zivile Erwerbsp.
13211;;;;2025;KREISE;;14626;;;;;;10819;Anzahl;ERWP06;Arbeitslose
13211;;;;2025;KREISE;;09762;Kaufbeuren, kreisfreie Stadt;;;;;4,7;Prozent;ERWP10;Arbeitslosenquote bez. auf alle zivile Erwerbsp.
13211;;;;2025;KREISE;;09762;;;;;;1212;Anzahl;ERWP06;Arbeitslose
13211;;;;2025;KREISE;;05112;Duisburg, kreisfreie Stadt;;;;;13,2;Prozent;ERWP10;Arbeitslosenquote bez. auf alle zivile Erwerbsp.
13211;;;;2025;KREISE;;05112;;;;;;35261;Anzahl;ERWP06;Arbeitslose
13211;;;;2025;KREISE;;11009009;Berlin-Treptow-Köpenick;;;;;.;Prozent;ERWP10;Arbeitslosenquote bez. auf alle zivile Erwerbsp.
13211;;;;2025;KREISE;;11009009;;;;;;.;Anzahl;ERWP06;Arbeitslose
13211;;;;2025;KREISE;;15355;Bördekreis;;;;;-;Prozent;ERWP10;Arbeitslosenquote bez. auf alle zivile Erwerbsp.
13211;;;;2025;KREISE;;15355;;;;;;-;Anzahl;ERWP06;Arbeitslose
13211;;;;2025;KREISE;;15101;Dessau, kreisfreie Stadt;;;;;-;Prozent;ERWP10;Arbeitslosenquote bez. auf alle zivile Erwerbsp.
13211;;;;2025;KREISE;;15101;;;;;;-;Anzahl;ERWP06;Arbeitslose
13211;;;;2025;KREISE;;03452;Aurich, Landkreis;;;;;6,5;Prozent;ERWP10;Arbeitslosenquote bez. auf alle zivile Erwerbsp.
13211;;;;2025;KREISE;;03452;;;;;;6827;Anzahl;ERWP06;Arbeitslose
13211;;;;2025;KREISE;;11003003;Berlin-Pankow;;;;;.;Prozent;ERWP10;Arbeitslosenquote bez. auf alle zivile Erwerbsp.
13211;;;;2025;KREISE;;11003003;;;;;;.;Anzahl;ERWP06;Arbeitslose
13211;;;;2025;KREISE;;05158;Mettmann, Kreis;;;;;7,2;Prozent;ERWP10;Arbeitslosenquote bez. auf alle zivile Erwerbsp.
13211;;;;2025;KREISE;;05158;;;;;;18978;Anzahl;ERWP06;Arbeitslose
13211;;;;2025;KREISE;;07338;Rhein-Pfalz-Kreis;;;;;4,3;Prozent;ERWP10;Arbeitslosenquote bez. auf alle zivile Erwerbsp.
13211;;;;2025;KREISE;;07338;;;;;;3765;Anzahl;ERWP06;Arbeitslose
13211;;;;2025;KREISE;;07315;Mainz, kreisfreie Stadt;;;;;5,8;Prozent;ERWP10;Arbeitslosenquote bez. auf alle zivile Erwerbsp.
13211;;;;2025;KREISE;;07315;;;;;;7505;Anzahl;ERWP06;Arbeitslose
13211;;;;2025;KREISE;;09181;Landsberg am Lech, Landkreis;;;;;3,2;Prozent;ERWP10;Arbeitslosenquote bez. auf alle zivile Erwerbsp.
13211;;;;2025;KREISE;;09181;;;;;;2188;Anzahl;ERWP06;Arbeitslose
13211;;;;2025;KREISE;;14280;Meißen, Landkreis;;;;;-;Prozent;ERWP10;Arbeitslosenquote bez. auf alle zivile Erwerbsp.
13211;;;;2025;KREISE;;14280;;;;;;-;Anzahl;ERWP06;Arbeitslose
13211;;;;2025;KREISE;;12062;Elbe-Elster, Landkreis;;;;;6,5;Prozent;ERWP10;Arbeitslosenquote bez. auf alle zivile Erwerbsp.
13211;;;;2025;KREISE;;12062;;;;;;3295;Anzahl;ERWP06;Arbeitslose
13211;;;;2025;KREISE;;16069;Hildburghausen, Landkreis;;;;;4,6;Prozent;ERWP10;Arbeitslosenquote bez. auf alle zivile Erwerbsp.
13211;;;;2025;KREISE;;16069;;;;;;1517;Anzahl;ERWP06;Arbeitslose
13211;;;;2025;KREISE;;13003;Rostock, kreisfreie Stadt;;;;;7,7;Prozent;ERWP10;Arbeitslosenquote bez. auf alle zivile Erwerbsp.
13211;;;;2025;KREISE;;13003;;;;;;8582;Anzahl;ERWP06;Arbeitslose
13211;;;;2025;KREISE;;06611;Kassel, kreisfreie Stadt, documenta-Stadt;;;;;9,0;Prozent;ERWP10;Arbeitslosenquote bez. auf alle zivile Erwerbsp.
13211;;;;2025;KREISE;;06611;;;;;;10066;Anzahl;ERWP06;Arbeitslose
13211;;;;2025;KREISE;;05774;Paderborn, Kreis;;;;;6,0;Prozent;ERWP10;Arbeitslosenquote bez. auf alle zivile Erwerbsp.
13211;;;;2025;KREISE;;05774;;;;;;10879;Anzahl;ERWP06;Arbeitslose
13211;;;;2025;KREISE;;14182;Mittweida, Landkreis;;;;;-;Prozent;ERWP10;Arbeitslosenquote bez. auf alle zivile Erwerbsp.
13211;;;;2025;KREISE;;14182;;;;;;-;Anzahl;ERWP06;Arbeitslose
13211;;;;2025;KREISE;;06634;Schwalm-Eder-Kreis;;;;;4,6;Prozent;ERWP10;Arbeitslosenquote bez. auf alle zivile Erwerbsp.
13211;;;;2025;KREISE;;06634;;;;;;4594;Anzahl;ERWP06;Arbeitslose
13211;;;;2025;KREISE;;03159;Göttingen, Landkreis;;;;;6,7;Prozent;ERWP10;Arbeitslosenquote bez. auf alle zivile Erwerbsp.
13211;;;;2025;KREISE;;03159;;;;;;11643;Anzahl;ERWP06;Arbeitslose
13211;;;;2025;KREISE;;09677;Main-Spessart, Landkreis;;;;;2,6;Prozent;ERWP10;Arbeitslosenquote bez. auf alle zivile Erwerbsp.
13211;;;;2025;KREISE;;09677;;;;;;1927;Anzahl;ERWP06;Arbeitslose
13211;;;;2025;KREISE;;01054;Nordfriesland, Kreis;;;;;5,1;Prozent;ERWP10;Arbeitslosenquote bez. auf alle zivile Erwerbsp.
13211;;;;2025;KREISE;;01054;;;;;;4776;Anzahl;ERWP06;Arbeitslose
13211;;;;2025;KREISE;;05354;Aachen, Kreis;;;;;-;Prozent;ERWP10;Arbeitslosenquote bez. auf alle zivile Erwerbsp.
13211;;;;2025;KREISE;;05354;;;;;;-;Anzahl;ERWP06;Arbeitslose
13211;;;;2025;KREISE;;05122;Solingen, kreisfreie Stadt;;;;;8,5;Prozent;ERWP10;Arbeitslosenquote bez. auf alle zivile Erwerbsp.
13211;;;;2025;KREISE;;05122;;;;;;7460;Anzahl;ERWP06;Arbeitslose
13211;;;;2025;KREISE;;09774;Günzburg, Landkreis;;;;;2,7;Prozent;ERWP10;Arbeitslosenquote bez. auf alle zivile Erwerbsp.
13211;;;;2025;KREISE;;09774;;;;;;2057;Anzahl;ERWP06;Arbeitslose
13211;;;;2025;KREISE;;14292;Kamenz, Landkreis;;;;;-;Prozent;ERWP10;Arbeitslosenquote bez. auf alle zivile Erwerbsp.
13211;;;;2025;KREISE;;14292;;;;;;-;Anzahl;ERWP06;Arbeitslose
13211;;;;2025;KREISE;;09775;Neu-Ulm, Landkreis;;;;;3,2;Prozent;ERWP10;Arbeitslosenquote bez. auf alle zivile Erwerbsp.
13211;;;;2025;KREISE;;09775;;;;;;3369;Anzahl;ERWP06;Arbeitslose
13211;;;;2025;KREISE;;03257;Schaumburg, Landkreis;;;;;6,3;Prozent;ERWP10;Arbeitslosenquote bez. auf alle zivile Erwerbsp.
13211;;;;2025;KREISE;;03257;;;;;;5300;Anzahl;ERWP06;Arbeitslose
13211;;;;2025;KREISE;;03355;Lüneburg, Landkreis;;;;;6,1;Prozent;ERWP10;Arbeitslosenquote bez. auf alle zivile Erwerbsp.
13211;;;;2025;KREISE;;03355;;;;;;6322;Anzahl;ERWP06;Arbeitslose
13211;;;;2025;KREISE;;12051;Brandenburg an der Havel, kreisfreie Stadt;;;;;9,1;Prozent;ERWP10;Arbeitslosenquote bez. auf alle zivile Erwerbsp.
13211;;;;2025;KREISE;;12051;;;;;;3471;Anzahl;ERWP06;Arbeitslose
13211;;;;2025;KREISE;;03101;Braunschweig, kreisfreie Stadt;;;;;6,3;Prozent;ERWP10;Arbeitslosenquote bez. auf alle zivile Erwerbsp.
13211;;;;2025;KREISE;;03101;;;;;;9110;Anzahl;ERWP06;Arbeitslose
13211;;;;2025;KREISE;;05970;Siegen-Wittgenstein, Kreis;;;;;6,0;Prozent;ERWP10;Arbeitslosenquote bez. auf alle zivile Erwerbsp.
13211;;;;2025;KREISE;;05970;;;;;;9453;Anzahl;ERWP06;Arbeitslose
13211;;;;2025;KREISE;;05762;Höxter, Kreis;;;;;4,6;Prozent;ERWP10;Arbeitslosenquote bez. auf alle zivile Erwerbsp.
13211;;;;2025;KREISE;;05762;;;;;;3525;Anzahl;ERWP06;Arbeitslose
13211;;;;2025;KREISE;;14171;Annaberg, Landkreis;;;;;-;Prozent;ERWP10;Arbeitslosenquote bez. auf alle zivile Erwerbsp.
13211;;;;2025;KREISE;;14171;;;;;;-;Anzahl;ERWP06;Arbeitslose
13211;;;;2025;KREISE;;15002;Halle (Saale), kreisfreie Stadt;;;;;9,9;Prozent;ERWP10;Arbeitslosenquote bez. auf alle zivile Erwerbsp.
13211;;;;2025;KREISE;;15002;;;;;;12278;Anzahl;ERWP06;Arbeitslose
13211;;;;2025;KREISE;;15256;Burgenlandkreis;;;;;-;Prozent;ERWP10;Arbeitslosenquote bez. auf alle zivile Erwerbsp.
13211;;;;2025;KREISE;;15256;;;;;;-;Anzahl;ERWP06;Arbeitslose
13211;;;;2025;KREISE;;14383;Muldentalkreis;;;;;-;Prozent;ERWP10;Arbeitslosenquote bez. auf alle zivile Erwerbsp.
13211;;;;2025;KREISE;;14383;;;;;;-;Anzahl;ERWP06;Arbeitslose
13211;;;;2025;KREISE;;12063;Havelland, Landkreis;;;;;6,7;Prozent;ERWP10;Arbeitslosenquote bez. auf alle zivile Erwerbsp.
13211;;;;2025;KREISE;;12063;;;;;;6193;Anzahl;ERWP06;Arbeitslose
13211;;;;2025;KREISE;;14625;Bautzen, Landkreis;;;;;6,2;Prozent;ERWP10;Arbeitslosenquote bez. auf alle zivile Erwerbsp.
13211;;;;2025;KREISE;;14625;;;;;;9404;Anzahl;ERWP06;Arbeitslose
13211;;;;2025;KREISE;;05111;Düsseldorf, kreisfreie Stadt;;;;;8,0;Prozent;ERWP10;Arbeitslosenquote bez. auf alle zivile Erwerbsp.
13211;;;;2025;KREISE;;05111;;;;;;28819;Anzahl;ERWP06;Arbeitslose
13211;;;;2025;KREISE;;09763;Kempten (Allgäu), kreisfreie Stadt;;;;;4,0;Prozent;ERWP10;Arbeitslosenquote bez. auf alle zivile Erwerbsp.
13211;;;;2025;KREISE;;09763;;;;;;1629;Anzahl;ERWP06;Arbeitslose
13211;;;;2025;KREISE;;06438;Offenbach, Landkreis;;;;;5,4;Prozent;ERWP10;Arbeitslosenquote bez. auf alle zivile Erwerbsp.
13211;;;;2025;KREISE;;06438;;;;;;10952;Anzahl;ERWP06;Arbeitslose
13211;;;;2025;KREISE;;06415;Hanau, kreisfreie Stadt;;;;;-;Prozent;ERWP10;Arbeitslosenquote bez. auf alle zivile Erwerbsp.
13211;;;;2025;KREISE;;06415;;;;;;-;Anzahl;ERWP06;Arbeitslose
13211;;;;2025;KREISE;;03453;Cloppenburg, Landkreis;;;;;4,4;Prozent;ERWP10;Arbeitslosenquote bez. auf alle zivile Erwerbsp.
13211;;;;2025;KREISE;;03453;;;;;;4684;Anzahl;ERWP06;Arbeitslose
13211;;;;2025;KREISE;;07312;Kaiserslautern, kreisfreie Stadt;;;;;9,5;Prozent;ERWP10;Arbeitslosenquote bez. auf alle zivile Erwerbsp.
13211;;;;2025;KREISE;;07312;;;;;;5330;Anzahl;ERWP06;Arbeitslose
13211;;;;2025;KREISE;;07335;Kaiserslautern, Landkreis;;;;;5,4;Prozent;ERWP10;Arbeitslosenquote bez. auf alle zivile Erwerbsp.
13211;;;;2025;KREISE;;07335;;;;;;3062;Anzahl;ERWP06;Arbeitslose
13211;;;;2025;KREISE;;09764;Memmingen, kreisfreie Stadt;;;;;3,8;Prozent;ERWP10;Arbeitslosenquote bez. auf alle zivile Erwerbsp.
13211;;;;2025;KREISE;;09764;;;;;;994;Anzahl;ERWP06;Arbeitslose
13211;;;;2025;KREISE;;09184;München, Landkreis;;;;;3,5;Prozent;ERWP10;Arbeitslosenquote bez. auf alle zivile Erwerbsp.
13211;;;;2025;KREISE;;09184;;;;;;7049;Anzahl;ERWP06;Arbeitslose
13211;;;;2025;KREISE;;11007007;Berlin-Tempelhof-Schöneberg;;;;;.;Prozent;ERWP10;Arbeitslosenquote bez. auf alle zivile Erwerbsp.
13211;;;;2025;KREISE;;11007007;;;;;;.;Anzahl;ERWP06;Arbeitslose
13211;;;;2025;KREISE;;13002;Neubrandenburg, Stadt,  kreisfreie Stadt;;;;;-;Prozent;ERWP10;Arbeitslosenquote bez. auf alle zivile Erwerbsp.
13211;;;;2025;KREISE;;13002;;;;;;-;Anzahl;ERWP06;Arbeitslose
13211;;;;2025;KREISE;;15081;Altmarkkreis Salzwedel;;;;;7,5;Prozent;ERWP10;Arbeitslosenquote bez. auf alle zivile Erwerbsp.
13211;;;;2025;KREISE;;15081;;;;;;3146;Anzahl;ERWP06;Arbeitslose
13211;;;;2025;KREISE;;03156;Osterode am Harz, Landkreis;;;;;-;Prozent;ERWP10;Arbeitslosenquote bez. auf alle zivile Erwerbsp.
13211;;;;2025;KREISE;;03156;;;;;;-;Anzahl;ERWP06;Arbeitslose
13211;;;;2025;KREISE;;09678;Schweinfurt, Landkreis;;;;;2,8;Prozent;ERWP10;Arbeitslosenquote bez. auf alle zivile Erwerbsp.
13211;;;;2025;KREISE;;09678;;;;;;1893;Anzahl;ERWP06;Arbeitslose
13211;;;;2025;KREISE;;05562;Recklinghausen, Kreis;;;;;8,7;Prozent;ERWP10;Arbeitslosenquote bez. auf alle zivile Erwerbsp.
13211;;;;2025;KREISE;;05562;;;;;;28709;Anzahl;ERWP06;Arbeitslose
13211;;;;2025;KREISE;;11001001;Berlin-Mitte;;;;;.;Prozent;ERWP10;Arbeitslosenquote bez. auf alle zivile Erwerbsp.
13211;;;;2025;KREISE;;11001001;;;;;;.;Anzahl;ERWP06;Arbeitslose
13211;;;;2025;KREISE;;16077;Altenburger Land, Landkreis;;;;;9,3;Prozent;ERWP10;Arbeitslosenquote bez. auf alle zivile Erwerbsp.
13211;;;;2025;KREISE;;16077;;;;;;4109;Anzahl;ERWP06;Arbeitslose
13211;;;;2025;KREISE;;16054;Suhl, kreisfreie Stadt;;;;;7,2;Prozent;ERWP10;Arbeitslosenquote bez. auf alle zivile Erwerbsp.
13211;;;;2025;KREISE;;16054;;;;;;1277;Anzahl;ERWP06;Arbeitslose
13211;;;;2025;KREISE;;09161;Ingolstadt, kreisfreie Stadt;;;;;4,6;Prozent;ERWP10;Arbeitslosenquote bez. auf alle zivile Erwerbsp.
13211;;;;2025;KREISE;;09161;;;;;;3807;Anzahl;ERWP06;Arbeitslose
13211;;;;2025;KREISE;;14612;Dresden, kreisfreie Stadt;;;;;7,0;Prozent;ERWP10;Arbeitslosenquote bez. auf alle zivile Erwerbsp.
13211;;;;2025;KREISE;;14612;;;;;;22103;Anzahl;ERWP06;Arbeitslose
13211;;;;2025;KREISE;;01055;Ostholstein, Kreis;;;;;5,0;Prozent;ERWP10;Arbeitslosenquote bez. auf alle zivile Erwerbsp.
13211;;;;2025;KREISE;;01055;;;;;;5393;Anzahl;ERWP06;Arbeitslose
13211;;;;2025;KREISE;;05378;Rheinisch-Bergischer Kreis;;;;;6,2;Prozent;ERWP10;Arbeitslosenquote bez. auf alle zivile Erwerbsp.
13211;;;;2025;KREISE;;05378;;;;;;9584;Anzahl;ERWP06;Arbeitslose
13211;;;;2025;KREISE;;03461;Wesermarsch, Landkreis;;;;;6,7;Prozent;ERWP10;Arbeitslosenquote bez. auf alle zivile Erwerbsp.
13211;;;;2025;KREISE;;03461;;;;;;3254;Anzahl;ERWP06;Arbeitslose
13211;;;;2025;KREISE;;03254;Hildesheim, Landkreis;;;;;7,5;Prozent;ERWP10;Arbeitslosenquote bez. auf alle zivile Erwerbsp.
13211;;;;2025;KREISE;;03254;;;;;;11230;Anzahl;ERWP06;Arbeitslose
13211;;;;2025;KREISE;;09776;Lindau (Bodensee), Landkreis;;;;;3,1;Prozent;ERWP10;Arbeitslosenquote bez. auf alle zivile Erwerbsp.
13211;;;;2025;KREISE;;09776;;;;;;1466;Anzahl;ERWP06;Arbeitslose
13211;;;;2025;KREISE;;09172;Berchtesgadener Land, Landkreis;;;;;3,8;Prozent;ERWP10;Arbeitslosenquote bez. auf alle zivile Erwerbsp.
13211;;;;2025;KREISE;;09172;;;;;;2070;Anzahl;ERWP06;Arbeitslose
13211;;;;2025;KREISE;;05916;Herne, kreisfreie Stadt;;;;;12,2;Prozent;ERWP10;Arbeitslosenquote bez. auf alle zivile Erwerbsp.
13211;;;;2025;KREISE;;05916;;;;;;10086;Anzahl;ERWP06;Arbeitslose
13211;;;;2025;KREISE;;12071;Spree-Neiße, Landkreis;;;;;6,3;Prozent;ERWP10;Arbeitslosenquote bez. auf alle zivile Erwerbsp.
13211;;;;2025;KREISE;;12071;;;;;;3593;Anzahl;ERWP06;Arbeitslose
13211;;;;2025;KREISE;;03352;Cuxhaven, Landkreis;;;;;5,9;Prozent;ERWP10;Arbeitslosenquote bez. auf alle zivile Erwerbsp.
13211;;;;2025;KREISE;;03352;;;;;;6250;Anzahl;ERWP06;Arbeitslose
13211;;;;2025;KREISE;;16065;Kyffhäuserkreis;;;;;8,3;Prozent;ERWP10;Arbeitslosenquote bez. auf alle zivile Erwerbsp.
13211;;;;2025;KREISE;;16065;;;;;;3013;Anzahl;ERWP06;Arbeitslose
13211;;;;2025;KREISE;;05114;Krefeld, kreisfreie Stadt;;;;;11,0;Prozent;ERWP10;Arbeitslosenquote bez. auf alle zivile Erwerbsp.
13211;;;;2025;KREISE;;05114;;;;;;13818;Anzahl;ERWP06;Arbeitslose
13211;;;;2025;KREISE;;05366;Euskirchen, Kreis;;;;;5,9;Prozent;ERWP10;Arbeitslosenquote bez. auf alle zivile Erwerbsp.
13211;;;;2025;KREISE;;05366;;;;;;6417;Anzahl;ERWP06;Arbeitslose
13211;;;;2025;KREISE;;15357;Halberstadt, Kreis;;;;;-;Prozent;ERWP10;Arbeitslosenquote bez. auf alle zivile Erwerbsp.
13211;;;;2025;KREISE;;15357;;;;;;-;Anzahl;ERWP06;Arbeitslose
13211;;;;2025;KREISE;;07313;Landau in der Pfalz, kreisfreie Stadt;;;;;6,3;Prozent;ERWP10;Arbeitslosenquote bez. auf alle zivile Erwerbsp.
13211;;;;2025;KREISE;;07313;;;;;;1730;Anzahl;ERWP06;Arbeitslose
13211;;;;2025;KREISE;;07336;Kusel, Landkreis;;;;;5,1;Prozent;ERWP10;Arbeitslosenquote bez. auf alle zivile Erwerbsp.
13211;;;;2025;KREISE;;07336;;;;;;1850;Anzahl;ERWP06;Arbeitslose
13211;;;;2025;KREISE;;09183;Mühldorf a.Inn, Landkreis;;;;;3,8;Prozent;ERWP10;Arbeitslosenquote bez. auf alle zivile Erwerbsp.
13211;;;;2025;KREISE;;09183;;;;;;2665;Anzahl;ERWP06;Arbeitslose
13211;;;;2025;KREISE;;12060;Barnim, Landkreis;;;;;5,6;Prozent;ERWP10;Arbeitslosenquote bez. auf alle zivile Erwerbsp.
13211;;;;2025;KREISE;;12060;;;;;;5768;Anzahl;ERWP06;Arbeitslose
13211;;;;2025;KREISE;;16067;Gotha, Landkreis;;;;;6,6;Prozent;ERWP10;Arbeitslosenquote bez. auf alle zivile Erwerbsp.
13211;;;;2025;KREISE;;16067;;;;;;4771;Anzahl;ERWP06;Arbeitslose
13211;;;;2025;KREISE;;13001;Greifswald, Hansestadt, kreisfreie Stadt;;;;;-;Prozent;ERWP10;Arbeitslosenquote bez. auf alle zivile Erwerbsp.
13211;;;;2025;KREISE;;13001;;;;;;-;Anzahl;ERWP06;Arbeitslose
13211;;;;2025;KREISE;;14161;Chemnitz, kreisfreie Stadt;;;;;-;Prozent;ERWP10;Arbeitslosenquote bez. auf alle zivile Erwerbsp.
13211;;;;2025;KREISE;;14161;;;;;;-;Anzahl;ERWP06;Arbeitslose
13211;;;;2025;KREISE;;06636;Werra-Meißner-Kreis;;;;;5,4;Prozent;ERWP10;Arbeitslosenquote bez. auf alle zivile Erwerbsp.
13211;;;;2025;KREISE;;06636;;;;;;2833;Anzahl;ERWP06;Arbeitslose
13211;;;;2025;KREISE;;09679;Würzburg, Landkreis;;;;;2,9;Prozent;ERWP10;Arbeitslosenquote bez. auf alle zivile Erwerbsp.
13211;;;;2025;KREISE;;09679;;;;;;2798;Anzahl;ERWP06;Arbeitslose
13211;;;;2025;KREISE;;03157;Peine, Landkreis;;;;;6,0;Prozent;ERWP10;Arbeitslosenquote bez. auf alle zivile Erwerbsp.
13211;;;;2025;KREISE;;03157;;;;;;4577;Anzahl;ERWP06;Arbeitslose
13211;;;;2025;KREISE;;16055;Weimar, kreisfreie Stadt;;;;;6,3;Prozent;ERWP10;Arbeitslosenquote bez. auf alle zivile Erwerbsp.
13211;;;;2025;KREISE;;16055;;;;;;2099;Anzahl;ERWP06;Arbeitslose
13211;;;;2025;KREISE;;05124;Wuppertal, kreisfreie Stadt;;;;;10,7;Prozent;ERWP10;Arbeitslosenquote bez. auf alle zivile Erwerbsp.
13211;;;;2025;KREISE;;05124;;;;;;20162;Anzahl;ERWP06;Arbeitslose
13211;;;;2025;KREISE;;15367;Schönebeck, Kreis;;;;;-;Prozent;ERWP10;Arbeitslosenquote bez. auf alle zivile Erwerbsp.
13211;;;;2025;KREISE;;15367;;;;;;-;Anzahl;ERWP06;Arbeitslose
13211;;;;2025;KREISE;;11011011;Berlin-Lichtenberg;;;;;.;Prozent;ERWP10;Arbeitslosenquote bez. auf alle zivile Erwerbsp.
13211;;;;2025;KREISE;;11011011;;;;;;.;Anzahl;ERWP06;Arbeitslose
13211;;;;2025;KREISE;;03462;Wittmund, Landkreis;;;;;5,6;Prozent;ERWP10;Arbeitslosenquote bez. auf alle zivile Erwerbsp.
13211;;;;2025;KREISE;;03462;;;;;;1657;Anzahl;ERWP06;Arbeitslose
13211;;;;2025;KREISE;;01056;Pinneberg, Kreis;;;;;5,6;Prozent;ERWP10;Arbeitslosenquote bez. auf alle zivile Erwerbsp.
13211;;;;2025;KREISE;;01056;;;;;;10206;Anzahl;ERWP06;Arbeitslose
13211;;;;2025;KREISE;;11005005;Berlin-Spandau;;;;;.;Prozent;ERWP10;Arbeitslosenquote bez. auf alle zivile Erwerbsp.
13211;;;;2025;KREISE;;11005005;;;;;;.;Anzahl;ERWP06;Arbeitslose
13211;;;;2025;KREISE;;03255;Holzminden, Landkreis;;;;;7,2;Prozent;ERWP10;Arbeitslosenquote bez. auf alle zivile Erwerbsp.
13211;;;;2025;KREISE;;03255;;;;;;2610;Anzahl;ERWP06;Arbeitslose
13211;;;;2025;KREISE;;09777;Ostallgäu, Landkreis;;;;;2,8;Prozent;ERWP10;Arbeitslosenquote bez. auf alle zivile Erwerbsp.
13211;;;;2025;KREISE;;09777;;;;;;2352;Anzahl;ERWP06;Arbeitslose
13211;;;;2025;KREISE;;09171;Altötting, Landkreis;;;;;3,7;Prozent;ERWP10;Arbeitslosenquote bez. auf alle zivile Erwerbsp.
13211;;;;2025;KREISE;;09171;;;;;;2456;Anzahl;ERWP06;Arbeitslose
13211;;;;2025;KREISE;;05915;Hamm, kreisfreie Stadt;;;;;8,7;Prozent;ERWP10;Arbeitslosenquote bez. auf alle zivile Erwerbsp.
13211;;;;2025;KREISE;;05915;;;;;;8463;Anzahl;ERWP06;Arbeitslose
13211;;;;2025;KREISE;;12072;Teltow-Fläming, Landkreis;;;;;5,3;Prozent;ERWP10;Arbeitslosenquote bez. auf alle zivile Erwerbsp.
13211;;;;2025;KREISE;;12072;;;;;;5232;Anzahl;ERWP06;Arbeitslose
13211;;;;2025;KREISE;;13059;Ostvorpommern, Landkreis;;;;;-;Prozent;ERWP10;Arbeitslosenquote bez. auf alle zivile Erwerbsp.
13211;;;;2025;KREISE;;13059;;;;;;-;Anzahl;ERWP06;Arbeitslose
13211;;;;2025;KREISE;;03353;Harburg, Landkreis;;;;;4,8;Prozent;ERWP10;Arbeitslosenquote bez. auf alle zivile Erwerbsp.
13211;;;;2025;KREISE;;03353;;;;;;7068;Anzahl;ERWP06;Arbeitslose
13211;;;;2025;KREISE;;15091;Wittenberg, Landkreis;;;;;7,0;Prozent;ERWP10;Arbeitslosenquote bez. auf alle zivile Erwerbsp.
13211;;;;2025;KREISE;;15091;;;;;;4371;Anzahl;ERWP06;Arbeitslose
13211;;;;2025;KREISE;;14173;Chemnitzer Land, Landkreis;;;;;-;Prozent;ERWP10;Arbeitslosenquote bez. auf alle zivile Erwerbsp.
13211;;;;2025;KREISE;;14173;;;;;;-;Anzahl;ERWP06;Arbeitslose
13211;;;;2025;KREISE;;16066;Schmalkalden-Meiningen, Landkreis;;;;;5,1;Prozent;ERWP10;Arbeitslosenquote bez. auf alle zivile Erwerbsp.
13211;;;;2025;KREISE;;16066;;;;;;3272;Anzahl;ERWP06;Arbeitslose
13211;;;;2025;KREISE;;05113;Essen, kreisfreie Stadt;;;;;11,4;Prozent;ERWP10;Arbeitslosenquote bez. auf alle zivile Erwerbsp.
13211;;;;2025;KREISE;;05113;;;;;;35270;Anzahl;ERWP06;Arbeitslose
13211;;;;2025;KREISE;;03451;Ammerland, Landkreis;;;;;4,1;Prozent;ERWP10;Arbeitslosenquote bez. auf alle zivile Erwerbsp.
13211;;;;2025;KREISE;;03451;;;;;;2889;Anzahl;ERWP06;Arbeitslose
13211;;;;2025;KREISE;;09476;Kronach, Landkreis;;;;;4,2;Prozent;ERWP10;Arbeitslosenquote bez. auf alle zivile Erwerbsp.
13211;;;;2025;KREISE;;09476;;;;;;1587;Anzahl;ERWP06;Arbeitslose
13211;;;;2025;KREISE;;08216;Rastatt, Landkreis;;;;;3,8;Prozent;ERWP10;Arbeitslosenquote bez. auf alle zivile Erwerbsp.
13211;;;;2025;KREISE;;08216;;;;;;5245;Anzahl;ERWP06;Arbeitslose
13211;;;;2025;KREISE;;01060;Segeberg, Kreis;;;;;5,1;Prozent;ERWP10;Arbeitslosenquote bez. auf alle zivile Erwerbsp.
13211;;;;2025;KREISE;;01060;;;;;;8259;Anzahl;ERWP06;Arbeitslose
13211;;;;2025;KREISE;;07318;Speyer, kreisfreie Stadt;;;;;6,1;Prozent;ERWP10;Arbeitslosenquote bez. auf alle zivile Erwerbsp.
13211;;;;2025;KREISE;;07318;;;;;;1654;Anzahl;ERWP06;Arbeitslose
13211;;;;2025;KREISE;;14389;Torgau-Oschatz, Landkreis;;;;;-;Prozent;ERWP10;Arbeitslosenquote bez. auf alle zivile Erwerbsp.
13211;;;;2025;KREISE;;14389;;;;;;-;Anzahl;ERWP06;Arbeitslose
13211;;;;2025;KREISE;;03154;Helmstedt, Landkreis;;;;;7,2;Prozent;ERWP10;Arbeitslosenquote bez. auf alle zivile Erwerbsp.
13211;;;;2025;KREISE;;03154;;;;;;3597;Anzahl;ERWP06;Arbeitslose
13211;;;;2025;KREISE;;09562;Erlangen, kreisfreie Stadt;;;;;4,6;Prozent;ERWP10;Arbeitslosenquote bez. auf alle zivile Erwerbsp.
13211;;;;2025;KREISE;;09562;;;;;;3216;Anzahl;ERWP06;Arbeitslose
13211;;;;2025;KREISE;;16075;Saale-Orla-Kreis;;;;;5,7;Prozent;ERWP10;Arbeitslosenquote bez. auf alle zivile Erwerbsp.
13211;;;;2025;KREISE;;16075;;;;;;2349;Anzahl;ERWP06;Arbeitslose
13211;;;;2025;KREISE;;16052;Gera, kreisfreie Stadt;;;;;10,3;Prozent;ERWP10;Arbeitslosenquote bez. auf alle zivile Erwerbsp.
13211;;;;2025;KREISE;;16052;;;;;;4842;Anzahl;ERWP06;Arbeitslose
13211;;;;2025;KREISE;;05334;Städteregion Aachen, Kreis;;;;;7,8;Prozent;ERWP10;Arbeitslosenquote bez. auf alle zivile Erwerbsp.
13211;;;;2025;KREISE;;05334;;;;;;24645;Anzahl;ERWP06;Arbeitslose
13211;;;;2025;KREISE;;08337;Waldshut, Landkreis;;;;;4,7;Prozent;ERWP10;Arbeitslosenquote bez. auf alle zivile Erwerbsp.
13211;;;;2025;KREISE;;08337;;;;;;4445;Anzahl;ERWP06;Arbeitslose
13211;;;;2025;KREISE;;13072;Landkreis Rostock;;;;;6,0;Prozent;ERWP10;Arbeitslosenquote bez. auf alle zivile Erwerbsp.
13211;;;;2025;KREISE;;13072;;;;;;6583;Anzahl;ERWP06;Arbeitslose
13211;;;;2025;KREISE;;12054;Potsdam, kreisfreie Stadt;;;;;6,1;Prozent;ERWP10;Arbeitslosenquote bez. auf alle zivile Erwerbsp.
13211;;;;2025;KREISE;;12054;;;;;;6258;Anzahl;ERWP06;Arbeitslose
13211;;;;2025;KREISE;;03251;Diepholz, Landkreis;;;;;4,4;Prozent;ERWP10;Arbeitslosenquote bez. auf alle zivile Erwerbsp.
13211;;;;2025;KREISE;;03251;;;;;;5591;Anzahl;ERWP06;Arbeitslose
13211;;;;2025;KREISE;;03252;Hameln-Pyrmont, Landkreis;;;;;7,0;Prozent;ERWP10;Arbeitslosenquote bez. auf alle zivile Erwerbsp.
13211;;;;2025;KREISE;;03252;;;;;;5512;Anzahl;ERWP06;Arbeitslose
13211;;;;2025;KREISE;;05914;Hagen, kreisfreie Stadt;;;;;12,3;Prozent;ERWP10;Arbeitslosenquote bez. auf alle zivile Erwerbsp.
13211;;;;2025;KREISE;;05914;;;;;;12682;Anzahl;ERWP06;Arbeitslose
13211;;;;2025;KREISE;;15362;Ohrekreis;;;;;-;Prozent;ERWP10;Arbeitslosenquote bez. auf alle zivile Erwerbsp.
13211;;;;2025;KREISE;;15362;;;;;;-;Anzahl;ERWP06;Arbeitslose
13211;;;;2025;KREISE;;11002002;Berlin-Friedrichshain-Kreuzberg;;;;;.;Prozent;ERWP10;Arbeitslosenquote bez. auf alle zivile Erwerbsp.
13211;;;;2025;KREISE;;11002002;;;;;;.;Anzahl;ERWP06;Arbeitslose
13211;;;;2025;KREISE;;11008008;Berlin-Neukölln;;;;;.;Prozent;ERWP10;Arbeitslosenquote bez. auf alle zivile Erwerbsp.
13211;;;;2025;KREISE;;11008008;;;;;;.;Anzahl;ERWP06;Arbeitslose
13211;;;;2025;KREISE;;09671;Aschaffenburg, Landkreis;;;;;4,2;Prozent;ERWP10;Arbeitslosenquote bez. auf alle zivile Erwerbsp.
13211;;;;2025;KREISE;;09671;;;;;;4284;Anzahl;ERWP06;Arbeitslose
13211;;;;2025;KREISE;;05770;Minden-Lübbecke, Kreis;;;;;6,4;Prozent;ERWP10;Arbeitslosenquote bez. auf alle zivile Erwerbsp.
13211;;;;2025;KREISE;;05770;;;;;;11102;Anzahl;ERWP06;Arbeitslose
13211;;;;2025;KREISE;;03361;Verden, Landkreis;;;;;4,1;Prozent;ERWP10;Arbeitslosenquote bez. auf alle zivile Erwerbsp.
13211;;;;2025;KREISE;;03361;;;;;;3173;Anzahl;ERWP06;Arbeitslose
13211;;;;2025;KREISE;;10041100;Saarbrücken, Landeshauptstadt;;;;;11,9;Prozent;ERWP10;Arbeitslosenquote bez. auf alle zivile Erwerbsp.
13211;;;;2025;KREISE;;10041100;;;;;;11711;Anzahl;ERWP06;Arbeitslose
13211;;;;2025;KREISE;;09573;Fürth, Landkreis;;;;;3,1;Prozent;ERWP10;Arbeitslosenquote bez. auf alle zivile Erwerbsp.
13211;;;;2025;KREISE;;09573;;;;;;2101;Anzahl;ERWP06;Arbeitslose
13211;;;;2025;KREISE;;16063;Wartburgkreis;;;;;6,0;Prozent;ERWP10;Arbeitslosenquote bez. auf alle zivile Erwerbsp.
13211;;;;2025;KREISE;;16063;;;;;;5023;Anzahl;ERWP06;Arbeitslose
13211;;;;2025;KREISE;;12066;Oberspreewald-Lausitz, Landkreis;;;;;7,2;Prozent;ERWP10;Arbeitslosenquote bez. auf alle zivile Erwerbsp.
13211;;;;2025;KREISE;;12066;;;;;;3971;Anzahl;ERWP06;Arbeitslose
13211;;;;2025;KREISE;;08326;Schwarzwald-Baar-Kreis, Landkreis;;;;;4,9;Prozent;ERWP10;Arbeitslosenquote bez. auf alle zivile Erwerbsp.
13211;;;;2025;KREISE;;08326;;;;;;6051;Anzahl;ERWP06;Arbeitslose
13211;;;;2025;KREISE;;13061;Rügen, Landkreis;;;;;-;Prozent;ERWP10;Arbeitslosenquote bez. auf alle zivile Erwerbsp.
13211;;;;2025;KREISE;;13061;;;;;;-;Anzahl;ERWP06;Arbeitslose
13211;;;;2025;KREISE;;08118;Ludwigsburg, Landkreis;;;;;4,2;Prozent;ERWP10;Arbeitslosenquote bez. auf alle zivile Erwerbsp.
13211;;;;2025;KREISE;;08118;;;;;;13208;Anzahl;ERWP06;Arbeitslose
13211;;;;2025;KREISE;;07141;Rhein-Lahn-Kreis;;;;;4,4;Prozent;ERWP10;Arbeitslosenquote bez. auf alle zivile Erwerbsp.
13211;;;;2025;KREISE;;07141;;;;;;2963;Anzahl;ERWP06;Arbeitslose
13211;;;;2025;KREISE;;05116;Mönchengladbach, kreisfreie Stadt;;;;;10,8;Prozent;ERWP10;Arbeitslosenquote bez. auf alle zivile Erwerbsp.
13211;;;;2025;KREISE;;05116;;;;;;15604;Anzahl;ERWP06;Arbeitslose
13211;;;;2025;KREISE;;01061;Steinburg, Kreis;;;;;5,9;Prozent;ERWP10;Arbeitslosenquote bez. auf alle zivile Erwerbsp.
13211;;;;2025;KREISE;;01061;;;;;;4310;Anzahl;ERWP06;Arbeitslose
13211;;;;2025;KREISE;;09475;Hof, Landkreis;;;;;4,4;Prozent;ERWP10;Arbeitslosenquote bez. auf alle zivile Erwerbsp.
13211;;;;2025;KREISE;;09475;;;;;;2238;Anzahl;ERWP06;Arbeitslose
13211;;;;2025;KREISE;;07319;Worms, kreisfreie Stadt;;;;;8,8;Prozent;ERWP10;Arbeitslosenquote bez. auf alle zivile Erwerbsp.
13211;;;;2025;KREISE;;07319;;;;;;4182;Anzahl;ERWP06;Arbeitslose
13211;;;;2025;KREISE;;14365;Leipzig, kreisfreie Stadt;;;;;-;Prozent;ERWP10;Arbeitslosenquote bez. auf alle zivile Erwerbsp.
13211;;;;2025;KREISE;;14365;;;;;;-;Anzahl;ERWP06;Arbeitslose
13211;;;;2025;KREISE;;09661;Aschaffenburg, kreisfreie Stadt;;;;;7,4;Prozent;ERWP10;Arbeitslosenquote bez. auf alle zivile Erwerbsp.
13211;;;;2025;KREISE;;09661;;;;;;3171;Anzahl;ERWP06;Arbeitslose
13211;;;;2025;KREISE;;03155;Northeim, Landkreis;;;;;6,5;Prozent;ERWP10;Arbeitslosenquote bez. auf alle zivile Erwerbsp.
13211;;;;2025;KREISE;;03155;;;;;;4582;Anzahl;ERWP06;Arbeitslose
13211;;;;2025;KREISE;;09377;Tirschenreuth, Landkreis;;;;;3,9;Prozent;ERWP10;Arbeitslosenquote bez. auf alle zivile Erwerbsp.
13211;;;;2025;KREISE;;09377;;;;;;1594;Anzahl;ERWP06;Arbeitslose
13211;;;;2025;KREISE;;09563;Fürth, kreisfreie Stadt;;;;;5,8;Prozent;ERWP10;Arbeitslosenquote bez. auf alle zivile Erwerbsp.
13211;;;;2025;KREISE;;09563;;;;;;4561;Anzahl;ERWP06;Arbeitslose
13211;;;;2025;KREISE;;16053;Jena, kreisfreie Stadt;;;;;6,1;Prozent;ERWP10;Arbeitslosenquote bez. auf alle zivile Erwerbsp.
13211;;;;2025;KREISE;;16053;;;;;;3546;Anzahl;ERWP06;Arbeitslose
13211;;;;2025;KREISE;;16076;Greiz, Landkreis;;;;;6,0;Prozent;ERWP10;Arbeitslosenquote bez. auf alle zivile Erwerbsp.
13211;;;;2025;KREISE;;16076;;;;;;2822;Anzahl;ERWP06;Arbeitslose
13211;;;;2025;KREISE;;08315;Breisgau-Hochschwarzwald, Landkreis;;;;;3,7;Prozent;ERWP10;Arbeitslosenquote bez. auf alle zivile Erwerbsp.
13211;;;;2025;KREISE;;08315;;;;;;5750;Anzahl;ERWP06;Arbeitslose
13211;;;;2025;KREISE;;13071;Mecklenburgische Seenplatte, Landkreis;;;;;9,2;Prozent;ERWP10;Arbeitslosenquote bez. auf alle zivile Erwerbsp.
13211;;;;2025;KREISE;;13071;;;;;;11697;Anzahl;ERWP06;Arbeitslose
13211;;;;2025;KREISE;;11000;Berlin, kreisfreie Stadt;;;;;10,3;Prozent;ERWP10;Arbeitslosenquote bez. auf alle zivile Erwerbsp.
13211;;;;2025;KREISE;;11000;;;;;;218315;Anzahl;ERWP06;Arbeitslose
13211;;;;2025;KREISE;;15153;Bernburg, Kreis;;;;;-;Prozent;ERWP10;Arbeitslosenquote bez. auf alle zivile Erwerbsp.
13211;;;;2025;KREISE;;15153;;;;;;-;Anzahl;ERWP06;Arbeitslose
13211;;;;2025;KREISE;;05358;Düren, Kreis;;;;;7,6;Prozent;ERWP10;Arbeitslosenquote bez. auf alle zivile Erwerbsp.
13211;;;;2025;KREISE;;05358;;;;;;11324;Anzahl;ERWP06;Arbeitslose
13211;;;;2025;KREISE;;05913;Dortmund, kreisfreie Stadt;;;;;12,0;Prozent;ERWP10;Arbeitslosenquote bez. auf alle zivile Erwerbsp.
13211;;;;2025;KREISE;;05913;;;;;;39689;Anzahl;ERWP06;Arbeitslose
13211;;;;2025;KREISE;;09279;Dingolfing-Landau, Landkreis;;;;;3,9;Prozent;ERWP10;Arbeitslosenquote bez. auf alle zivile Erwerbsp.
13211;;;;2025;KREISE;;09279;;;;;;2507;Anzahl;ERWP06;Arbeitslose
13211;;;;2025;KREISE;;15154;Bitterfeld, Kreis;;;;;-;Prozent;ERWP10;Arbeitslosenquote bez. auf alle zivile Erwerbsp.
13211;;;;2025;KREISE;;15154;;;;;;-;Anzahl;ERWP06;Arbeitslose
13211;;;;2025;KREISE;;03460;Vechta, Landkreis;;;;;3,8;Prozent;ERWP10;Arbeitslosenquote bez. auf alle zivile Erwerbsp.
13211;;;;2025;KREISE;;03460;;;;;;3475;Anzahl;ERWP06;Arbeitslose
13211;;;;2025;KREISE;;09464;Hof, kreisfreie Stadt;;;;;7,6;Prozent;ERWP10;Arbeitslosenquote bez. auf alle zivile Erwerbsp.
13211;;;;2025;KREISE;;09464;;;;;;1941;Anzahl;ERWP06;Arbeitslose
13211;;;;2025;KREISE;;09672;Bad Kissingen, Landkreis;;;;;3,7;Prozent;ERWP10;Arbeitslosenquote bez. auf alle zivile Erwerbsp.
13211;;;;2025;KREISE;;09672;;;;;;2135;Anzahl;ERWP06;Arbeitslose
13211;;;;2025;KREISE;;03351;Celle, Landkreis;;;;;6,1;Prozent;ERWP10;Arbeitslosenquote bez. auf alle zivile Erwerbsp.
13211;;;;2025;KREISE;;03351;;;;;;5835;Anzahl;ERWP06;Arbeitslose
13211;;;;2025;KREISE;;08327;Tuttlingen, Landkreis;;;;;5,3;Prozent;ERWP10;Arbeitslosenquote bez. auf alle zivile Erwerbsp.
13211;;;;2025;KREISE;;08327;;;;;;4432;Anzahl;ERWP06;Arbeitslose
13211;;;;2025;KREISE;;12067;Oder-Spree, Landkreis;;;;;6,6;Prozent;ERWP10;Arbeitslosenquote bez. auf alle zivile Erwerbsp.
13211;;;;2025;KREISE;;12067;;;;;;6185;Anzahl;ERWP06;Arbeitslose
13211;;;;2025;KREISE;;16064;Unstrut-Hainich-Kreis;;;;;7,4;Prozent;ERWP10;Arbeitslosenquote bez. auf alle zivile Erwerbsp.
13211;;;;2025;KREISE;;16064;;;;;;3676;Anzahl;ERWP06;Arbeitslose
13211;;;;2025;KREISE;;09574;Nürnberger Land, Landkreis;;;;;3,0;Prozent;ERWP10;Arbeitslosenquote bez. auf alle zivile Erwerbsp.
13211;;;;2025;KREISE;;09574;;;;;;2929;Anzahl;ERWP06;Arbeitslose
13211;;;;2025;KREISE;;13060;Landkreis Parchim;;;;;-;Prozent;ERWP10;Arbeitslosenquote bez. auf alle zivile Erwerbsp.
13211;;;;2025;KREISE;;13060;;;;;;-;Anzahl;ERWP06;Arbeitslose
13211;;;;2025;KREISE;;05554;Borken, Kreis;;;;;4,6;Prozent;ERWP10;Arbeitslosenquote bez. auf alle zivile Erwerbsp.
13211;;;;2025;KREISE;;05554;;;;;;10360;Anzahl;ERWP06;Arbeitslose
13211;;;;2025;KREISE;;08421;Ulm, Stadtkreis;;;;;4,2;Prozent;ERWP10;Arbeitslosenquote bez. auf alle zivile Erwerbsp.
13211;;;;2025;KREISE;;08421;;;;;;3204;Anzahl;ERWP06;Arbeitslose
13211;;;;2025;KREISE;;08119;Rems-Murr-Kreis, Landkreis;;;;;4,6;Prozent;ERWP10;Arbeitslosenquote bez. auf alle zivile Erwerbsp.
13211;;;;2025;KREISE;;08119;;;;;;11272;Anzahl;ERWP06;Arbeitslose
13211;;;;2025;KREISE;;07140;Rhein-Hunsrück-Kreis;;;;;4,2;Prozent;ERWP10;Arbeitslosenquote bez. auf alle zivile Erwerbsp.
13211;;;;2025;KREISE;;07140;;;;;;2502;Anzahl;ERWP06;Arbeitslose
13211;;;;2025;KREISE;;03241;Region Hannover, Landkreis;;;;;8,1;Prozent;ERWP10;Arbeitslosenquote bez. auf alle zivile Erwerbsp.
13211;;;;2025;KREISE;;03241;;;;;;53240;Anzahl;ERWP06;Arbeitslose
13211;;;;2025;KREISE;;13006;Wismar, Hansestadt,  kreisfreie Stadt;;;;;-;Prozent;ERWP10;Arbeitslosenquote bez. auf alle zivile Erwerbsp.
13211;;;;2025;KREISE;;13006;;;;;;-;Anzahl;ERWP06;Arbeitslose
13211;;;;2025;KREISE;;09180;Garmisch-Partenkirchen, Landkreis;;;;;3,6;Prozent;ERWP10;Arbeitslosenquote bez. auf alle zivile Erwerbsp.
13211;;;;2025;KREISE;;09180;;;;;;1759;Anzahl;ERWP06;Arbeitslose
13211;;;;2025;KREISE;;05170;Wesel, Kreis;;;;;7,3;Prozent;ERWP10;Arbeitslosenquote bez. auf alle zivile Erwerbsp.
13211;;;;2025;KREISE;;05170;;;;;;18221;Anzahl;ERWP06;Arbeitslose
13211;;;;2025;KREISE;;01062;Stormarn, Kreis;;;;;4,5;Prozent;ERWP10;Arbeitslosenquote bez. auf alle zivile Erwerbsp.
13211;;;;2025;KREISE;;01062;;;;;;6065;Anzahl;ERWP06;Arbeitslose
13211;;;;2025;KREISE;;07316;Neustadt an der Weinstraße, kreisfreie Stadt;;;;;6,8;Prozent;ERWP10;Arbeitslosenquote bez. auf alle zivile Erwerbsp.
13211;;;;2025;KREISE;;07316;;;;;;1984;Anzahl;ERWP06;Arbeitslose
13211;;;;2025;KREISE;;07339;Mainz-Bingen, Landkreis;;;;;5,0;Prozent;ERWP10;Arbeitslosenquote bez. auf alle zivile Erwerbsp.
13211;;;;2025;KREISE;;07339;;;;;;6084;Anzahl;ERWP06;Arbeitslose
13211;;;;2025;KREISE;;09662;Schweinfurt, kreisfreie Stadt;;;;;7,2;Prozent;ERWP10;Arbeitslosenquote bez. auf alle zivile Erwerbsp.
13211;;;;2025;KREISE;;09662;;;;;;2124;Anzahl;ERWP06;Arbeitslose
13211;;;;2025;KREISE;;05566;Steinfurt, Kreis;;;;;5,2;Prozent;ERWP10;Arbeitslosenquote bez. auf alle zivile Erwerbsp.
13211;;;;2025;KREISE;;05566;;;;;;14034;Anzahl;ERWP06;Arbeitslose
13211;;;;2025;KREISE;;08316;Emmendingen, Landkreis;;;;;3,3;Prozent;ERWP10;Arbeitslosenquote bez. auf alle zivile Erwerbsp.
13211;;;;2025;KREISE;;08316;;;;;;3272;Anzahl;ERWP06;Arbeitslose
13211;;;;2025;KREISE;;16073;Saalfeld-Rudolstadt, Landkreis;;;;;6,2;Prozent;ERWP10;Arbeitslosenquote bez. auf alle zivile Erwerbsp.
13211;;;;2025;KREISE;;16073;;;;;;3237;Anzahl;ERWP06;Arbeitslose
13211;;;;2025;KREISE;;05313;Aachen, Stadt (alt);;;;;-;Prozent;ERWP10;Arbeitslosenquote bez. auf alle zivile Erwerbsp.
13211;;;;2025;KREISE;;05313;;;;;;-;Anzahl;ERWP06;Arbeitslose
13211;;;;2025;KREISE;;15266;Sangerhausen, Kreis;;;;;-;Prozent;ERWP10;Arbeitslosenquote bez. auf alle zivile Erwerbsp.
13211;;;;2025;KREISE;;15266;;;;;;-;Anzahl;ERWP06;Arbeitslose
13211;;;;2025;KREISE;;03404;Osnabrück, kreisfreie Stadt;;;;;8,1;Prozent;ERWP10;Arbeitslosenquote bez. auf alle zivile Erwerbsp.
13211;;;;2025;KREISE;;03404;;;;;;7972;Anzahl;ERWP06;Arbeitslose
13211;;;;2025;KREISE;;12052;Cottbus, kreisfreie Stadt;;;;;8,3;Prozent;ERWP10;Arbeitslosenquote bez. auf alle zivile Erwerbsp.
13211;;;;2025;KREISE;;12052;;;;;;4227;Anzahl;ERWP06;Arbeitslose
13211;;;;2025;KREISE;;09564;Nürnberg, kreisfreie Stadt;;;;;7,3;Prozent;ERWP10;Arbeitslosenquote bez. auf alle zivile Erwerbsp.
13211;;;;2025;KREISE;;09564;;;;;;22572;Anzahl;ERWP06;Arbeitslose
13211;;;;2025;KREISE;;09771;Aichach-Friedberg, Landkreis;;;;;3,0;Prozent;ERWP10;Arbeitslosenquote bez. auf alle zivile Erwerbsp.
13211;;;;2025;KREISE;;09771;;;;;;2418;Anzahl;ERWP06;Arbeitslose
13211;;;;2025;KREISE;;15364;Quedlinburg, Kreis;;;;;-;Prozent;ERWP10;Arbeitslosenquote bez. auf alle zivile Erwerbsp.
13211;;;;2025;KREISE;;15364;;;;;;-;Anzahl;ERWP06;Arbeitslose
13211;;;;2025;KREISE;;06440;Wetteraukreis;;;;;4,6;Prozent;ERWP10;Arbeitslosenquote bez. auf alle zivile Erwerbsp.
13211;;;;2025;KREISE;;06440;;;;;;8019;Anzahl;ERWP06;Arbeitslose
13211;;;;2025;KREISE;;05958;Hochsauerlandkreis;;;;;5,0;Prozent;ERWP10;Arbeitslosenquote bez. auf alle zivile Erwerbsp.
13211;;;;2025;KREISE;;05958;;;;;;7498;Anzahl;ERWP06;Arbeitslose
13211;;;;2025;KREISE;;14375;Döbeln, Landkreis;;;;;-;Prozent;ERWP10;Arbeitslosenquote bez. auf alle zivile Erwerbsp.
13211;;;;2025;KREISE;;14375;;;;;;-;Anzahl;ERWP06;Arbeitslose
13211;;;;2025;KREISE;;14713;Leipzig, kreisfreie Stadt;;;;;8,5;Prozent;ERWP10;Arbeitslosenquote bez. auf alle zivile Erwerbsp.
13211;;;;2025;KREISE;;14713;;;;;;29688;Anzahl;ERWP06;Arbeitslose
13211;;;;2025;KREISE;;09673;Rhön-Grabfeld, Landkreis;;;;;3,7;Prozent;ERWP10;Arbeitslosenquote bez. auf alle zivile Erwerbsp.
13211;;;;2025;KREISE;;09673;;;;;;1692;Anzahl;ERWP06;Arbeitslose
13211;;;;2025;KREISE;;03151;Gifhorn, Landkreis;;;;;4,7;Prozent;ERWP10;Arbeitslosenquote bez. auf alle zivile Erwerbsp.
13211;;;;2025;KREISE;;03151;;;;;;4564;Anzahl;ERWP06;Arbeitslose
13211;;;;2025;KREISE;;15001;Dessau-Roßlau, kreisfreie Stadt;;;;;9,3;Prozent;ERWP10;Arbeitslosenquote bez. auf alle zivile Erwerbsp.
13211;;;;2025;KREISE;;15001;;;;;;3584;Anzahl;ERWP06;Arbeitslose
13211;;;;2025;KREISE;;16061;Eichsfeld, Landkreis;;;;;4,4;Prozent;ERWP10;Arbeitslosenquote bez. auf alle zivile Erwerbsp.
13211;;;;2025;KREISE;;16061;;;;;;2448;Anzahl;ERWP06;Arbeitslose
13211;;;;2025;KREISE;;14191;Aue-Schwarzenberg, Landkreis;;;;;-;Prozent;ERWP10;Arbeitslosenquote bez. auf alle zivile Erwerbsp.
13211;;;;2025;KREISE;;14191;;;;;;-;Anzahl;ERWP06;Arbeitslose
13211;;;;2025;KREISE;;09575;Neustadt a.d.Aisch-Bad Windsheim, Landkreis;;;;;2,9;Prozent;ERWP10;Arbeitslosenquote bez. auf alle zivile Erwerbsp.
13211;;;;2025;KREISE;;09575;;;;;;1744;Anzahl;ERWP06;Arbeitslose
13211;;;;2025;KREISE;;12064;Märkisch-Oderland, Landkreis;;;;;5,9;Prozent;ERWP10;Arbeitslosenquote bez. auf alle zivile Erwerbsp.
13211;;;;2025;KREISE;;12064;;;;;;6174;Anzahl;ERWP06;Arbeitslose
13211;;;;2025;KREISE;;09479;Wunsiedel i.Fichtelgebirge, Landkreis;;;;;5,6;Prozent;ERWP10;Arbeitslosenquote bez. auf alle zivile Erwerbsp.
13211;;;;2025;KREISE;;09479;;;;;;2181;Anzahl;ERWP06;Arbeitslose
13211;;;;2025;KREISE;;14628;Sächsische Schweiz-Osterzgebirge, Landkreis;;;;;5,5;Prozent;ERWP10;Arbeitslosenquote bez. auf alle zivile Erwerbsp.
13211;;;;2025;KREISE;;14628;;;;;;6990;Anzahl;ERWP06;Arbeitslose
13211;;;;2025;KREISE;;09477;Kulmbach, Landkreis;;;;;4,4;Prozent;ERWP10;Arbeitslosenquote bez. auf alle zivile Erwerbsp.
13211;;;;2025;KREISE;;09477;;;;;;1802;Anzahl;ERWP06;Arbeitslose
13211;;;;2025;KREISE;;07317;Pirmasens, kreisfreie Stadt;;;;;12,3;Prozent;ERWP10;Arbeitslosenquote bez. auf alle zivile Erwerbsp.
13211;;;;2025;KREISE;;07317;;;;;;2629;Anzahl;ERWP06;Arbeitslose
13211;;;;2025;KREISE;;09577;Weißenburg-Gunzenhausen, Landkreis;;;;;3,7;Prozent;ERWP10;Arbeitslosenquote bez. auf alle zivile Erwerbsp.
13211;;;;2025;KREISE;;09577;;;;;;2003;Anzahl;ERWP06;Arbeitslose
13211;;;;2025;KREISE;;09663;Würzburg, kreisfreie Stadt;;;;;4,8;Prozent;ERWP10;Arbeitslosenquote bez. auf alle zivile Erwerbsp.
13211;;;;2025;KREISE;;09663;;;;;;3728;Anzahl;ERWP06;Arbeitslose
13211;;;;2025;KREISE;;13005;Stralsund, Hansestadt,  kreisfreie Stadt;;;;;-;Prozent;ERWP10;Arbeitslosenquote bez. auf alle zivile Erwerbsp.
13211;;;;2025;KREISE;;13005;;;;;;-;Anzahl;ERWP06;Arbeitslose
13211;;;;2025;KREISE;;03405;Wilhelmshaven, kreisfreie Stadt;;;;;11,1;Prozent;ERWP10;Arbeitslosenquote bez. auf alle zivile Erwerbsp.
13211;;;;2025;KREISE;;03405;;;;;;4316;Anzahl;ERWP06;Arbeitslose
13211;;;;2025;KREISE;;08317;Ortenaukreis, Landkreis;;;;;4,1;Prozent;ERWP10;Arbeitslosenquote bez. auf alle zivile Erwerbsp.
13211;;;;2025;KREISE;;08317;;;;;;10537;Anzahl;ERWP06;Arbeitslose
13211;;;;2025;KREISE;;15265;Saalkreis;;;;;-;Prozent;ERWP10;Arbeitslosenquote bez. auf alle zivile Erwerbsp.
13211;;;;2025;KREISE;;15265;;;;;;-;Anzahl;ERWP06;Arbeitslose
13211;;;;2025;KREISE;;03153;Goslar, Landkreis;;;;;7,2;Prozent;ERWP10;Arbeitslosenquote bez. auf alle zivile Erwerbsp.
13211;;;;2025;KREISE;;03153;;;;;;4932;Anzahl;ERWP06;Arbeitslose
13211;;;;2025;KREISE;;05314;Bonn, kreisfreie Stadt;;;;;7,4;Prozent;ERWP10;Arbeitslosenquote bez. auf alle zivile Erwerbsp.
13211;;;;2025;KREISE;;05314;;;;;;13710;Anzahl;ERWP06;Arbeitslose
13211;;;;2025;KREISE;;16051;Erfurt, kreisfreie Stadt;;;;;6,3;Prozent;ERWP10;Arbeitslosenquote bez. auf alle zivile Erwerbsp.
13211;;;;2025;KREISE;;16051;;;;;;7423;Anzahl;ERWP06;Arbeitslose
13211;;;;2025;KREISE;;12053;Frankfurt (Oder), kreisfreie Stadt;;;;;9,4;Prozent;ERWP10;Arbeitslosenquote bez. auf alle zivile Erwerbsp.
13211;;;;2025;KREISE;;12053;;;;;;2747;Anzahl;ERWP06;Arbeitslose
13211;;;;2025;KREISE;;16074;Saale-Holzland-Kreis;;;;;5,0;Prozent;ERWP10;Arbeitslosenquote bez. auf alle zivile Erwerbsp.
13211;;;;2025;KREISE;;16074;;;;;;2184;Anzahl;ERWP06;Arbeitslose
13211;;;;2025;KREISE;;09565;Schwabach, kreisfreie Stadt;;;;;4,6;Prozent;ERWP10;Arbeitslosenquote bez. auf alle zivile Erwerbsp.
13211;;;;2025;KREISE;;09565;;;;;;1074;Anzahl;ERWP06;Arbeitslose
13211;;;;2025;KREISE;;09772;Augsburg, Landkreis;;;;;3,4;Prozent;ERWP10;Arbeitslosenquote bez. auf alle zivile Erwerbsp.
13211;;;;2025;KREISE;;09772;;;;;;5064;Anzahl;ERWP06;Arbeitslose
13211;;;;2025;KREISE;;15363;Stendal, Kreis;;;;;-;Prozent;ERWP10;Arbeitslosenquote bez. auf alle zivile Erwerbsp.
13211;;;;2025;KREISE;;15363;;;;;;-;Anzahl;ERWP06;Arbeitslose
13211;;;;2025;KREISE;;09190;Weilheim-Schongau, Landkreis;;;;;3,2;Prozent;ERWP10;Arbeitslosenquote bez. auf alle zivile Erwerbsp.
13211;;;;2025;KREISE;;09190;;;;;;2475;Anzahl;ERWP06;Arbeitslose
13211;;;;2025;KREISE;;05911;Bochum, kreisfreie Stadt;;;;;9,1;Prozent;ERWP10;Arbeitslosenquote bez. auf alle zivile Erwerbsp.
13211;;;;2025;KREISE;;05911;;;;;;18079;Anzahl;ERWP06;Arbeitslose
13211;;;;2025;KREISE;;01051;Dithmarschen, Kreis;;;;;6,5;Prozent;ERWP10;Arbeitslosenquote bez. auf alle zivile Erwerbsp.
13211;;;;2025;KREISE;;01051;;;;;;4648;Anzahl;ERWP06;Arbeitslose
13211;;;;2025;KREISE;;14290;Weißeritzkreis;;;;;-;Prozent;ERWP10;Arbeitslosenquote bez. auf alle zivile Erwerbsp.
13211;;;;2025;KREISE;;14290;;;;;;-;Anzahl;ERWP06;Arbeitslose
13211;;;;2025;KREISE;;09674;Haßberge, Landkreis;;;;;3,3;Prozent;ERWP10;Arbeitslosenquote bez. auf alle zivile Erwerbsp.
13211;;;;2025;KREISE;;09674;;;;;;1625;Anzahl;ERWP06;Arbeitslose
13211;;;;2025;KREISE;;14374;Delitzsch, Landkreis;;;;;-;Prozent;ERWP10;Arbeitslosenquote bez. auf alle zivile Erwerbsp.
13211;;;;2025;KREISE;;14374;;;;;;-;Anzahl;ERWP06;Arbeitslose
13211;;;;2025;KREISE;;03152;Göttingen, Landkreis;;;;;-;Prozent;ERWP10;Arbeitslosenquote bez. auf alle zivile Erwerbsp.
13211;;;;2025;KREISE;;03152;;;;;;-;Anzahl;ERWP06;Arbeitslose
13211;;;;2025;KREISE;;03360;Uelzen, Landkreis;;;;;5,1;Prozent;ERWP10;Arbeitslosenquote bez. auf alle zivile Erwerbsp.
13211;;;;2025;KREISE;;03360;;;;;;2491;Anzahl;ERWP06;Arbeitslose
13211;;;;2025;KREISE;;16062;Nordhausen, Landkreis;;;;;8,2;Prozent;ERWP10;Arbeitslosenquote bez. auf alle zivile Erwerbsp.
13211;;;;2025;KREISE;;16062;;;;;;3403;Anzahl;ERWP06;Arbeitslose
13211;;;;2025;KREISE;;12065;Oberhavel, Landkreis;;;;;5,3;Prozent;ERWP10;Arbeitslosenquote bez. auf alle zivile Erwerbsp.
13211;;;;2025;KREISE;;12065;;;;;;6305;Anzahl;ERWP06;Arbeitslose
13211;;;;2025;KREISE;;09576;Roth, Landkreis;;;;;2,5;Prozent;ERWP10;Arbeitslosenquote bez. auf alle zivile Erwerbsp.
13211;;;;2025;KREISE;;09576;;;;;;1836;Anzahl;ERWP06;Arbeitslose
13211;;;;2025;KREISE;;09761;Augsburg, kreisfreie Stadt;;;;;6,7;Prozent;ERWP10;Arbeitslosenquote bez. auf alle zivile Erwerbsp.
13211;;;;2025;KREISE;;09761;;;;;;11765;Anzahl;ERWP06;Arbeitslose
13211;;;;2025;KREISE;;09478;Lichtenfels, Landkreis;;;;;4,5;Prozent;ERWP10;Arbeitslosenquote bez. auf alle zivile Erwerbsp.
13211;;;;2025;KREISE;;09478;;;;;;1741;Anzahl;ERWP06;Arbeitslose
13211;;;;2025;KREISE;;05117;Mülheim an der Ruhr, kreisfreie Stadt;;;;;8,1;Prozent;ERWP10;Arbeitslosenquote bez. auf alle zivile Erwerbsp.
13211;;;;2025;KREISE;;05117;;;;;;7172;Anzahl;ERWP06;Arbeitslose
13211;;;;2025;KREISE;;14627;Meißen, Landkreis;;;;;5,8;Prozent;ERWP10;Arbeitslosenquote bez. auf alle zivile Erwerbsp.
13211;;;;2025;KREISE;;14627;;;;;;7238;Anzahl;ERWP06;Arbeitslose
13211;;;;2025;KREISE;;15352;Aschersleben-Staßfurt, Kreis;;;;;-;Prozent;ERWP10;Arbeitslosenquote bez. auf alle zivile Erwerbsp.
13211;;;;2025;KREISE;;15352;;;;;;-;Anzahl;ERWP06;Arbeitslose
13211;;;;2025;KREISE;;09472;Bayreuth, Landkreis;;;;;3,4;Prozent;ERWP10;Arbeitslosenquote bez. auf alle zivile Erwerbsp.
13211;;;;2025;KREISE;;09472;;;;;;2065;Anzahl;ERWP06;Arbeitslose
13211;;;;2025;KREISE;;08235;Calw, Landkreis;;;;;4,2;Prozent;ERWP10;Arbeitslosenquote bez. auf alle zivile Erwerbsp.
13211;;;;2025;KREISE;;08235;;;;;;3952;Anzahl;ERWP06;Arbeitslose
13211;;;;2025;KREISE;;15087;Mansfeld-Südharz, Landkreis;;;;;10,2;Prozent;ERWP10;Arbeitslosenquote bez. auf alle zivile Erwerbsp.
13211;;;;2025;KREISE;;15087;;;;;;6451;Anzahl;ERWP06;Arbeitslose
13211;;;;2025;KREISE;;14178;Vogtlandkreis;;;;;-;Prozent;ERWP10;Arbeitslosenquote bez. auf alle zivile Erwerbsp.
13211;;;;2025;KREISE;;14178;;;;;;-;Anzahl;ERWP06;Arbeitslose
13211;;;;2025;KREISE;;07231;Bernkastel-Wittlich, Landkreis;;;;;4,0;Prozent;ERWP10;Arbeitslosenquote bez. auf alle zivile Erwerbsp.
13211;;;;2025;KREISE;;07231;;;;;;2635;Anzahl;ERWP06;Arbeitslose
13211;;;;2025;KREISE;;16071;Weimarer Land, Landkreis;;;;;4,7;Prozent;ERWP10;Arbeitslosenquote bez. auf alle zivile Erwerbsp.
13211;;;;2025;KREISE;;16071;;;;;;2056;Anzahl;ERWP06;Arbeitslose
13211;;;;2025;KREISE;;05315;Köln, kreisfreie Stadt;;;;;9,1;Prozent;ERWP10;Arbeitslosenquote bez. auf alle zivile Erwerbsp.
13211;;;;2025;KREISE;;05315;;;;;;56541;Anzahl;ERWP06;Arbeitslose
13211;;;;2025;KREISE;;09374;Neustadt a.d.Waldnaab, Landkreis;;;;;3,7;Prozent;ERWP10;Arbeitslosenquote bez. auf alle zivile Erwerbsp.
13211;;;;2025;KREISE;;09374;;;;;;2017;Anzahl;ERWP06;Arbeitslose
13211;;;;2025;KREISE;;08126;Hohenlohekreis, Landkreis;;;;;3,7;Prozent;ERWP10;Arbeitslosenquote bez. auf alle zivile Erwerbsp.
13211;;;;2025;KREISE;;08126;;;;;;2549;Anzahl;ERWP06;Arbeitslose
13211;;;;2025;KREISE;;07133;Bad Kreuznach, Landkreis;;;;;6,8;Prozent;ERWP10;Arbeitslosenquote bez. auf alle zivile Erwerbsp.
13211;;;;2025;KREISE;;07133;;;;;;5914;Anzahl;ERWP06;Arbeitslose
13211;;;;2025;KREISE;;03402;Emden, kreisfreie Stadt;;;;;9,0;Prozent;ERWP10;Arbeitslosenquote bez. auf alle zivile Erwerbsp.
13211;;;;2025;KREISE;;03402;;;;;;2519;Anzahl;ERWP06;Arbeitslose
13211;;;;2025;KREISE;;07340;Südwestpfalz, Landkreis;;;;;4,6;Prozent;ERWP10;Arbeitslosenquote bez. auf alle zivile Erwerbsp.
13211;;;;2025;KREISE;;07340;;;;;;2334;Anzahl;ERWP06;Arbeitslose
13211;;;;2025;KREISE;;09461;Bamberg, kreisfreie Stadt;;;;;5,0;Prozent;ERWP10;Arbeitslosenquote bez. auf alle zivile Erwerbsp.
13211;;;;2025;KREISE;;09461;;;;;;2222;Anzahl;ERWP06;Arbeitslose
13211;;;;2025;KREISE;;09276;Regen, Landkreis;;;;;4,1;Prozent;ERWP10;Arbeitslosenquote bez. auf alle zivile Erwerbsp.
13211;;;;2025;KREISE;;09276;;;;;;1814;Anzahl;ERWP06;Arbeitslose
13211;;;;2025;KREISE;;08415;Reutlingen, Landkreis;;;;;4,7;Prozent;ERWP10;Arbeitslosenquote bez. auf alle zivile Erwerbsp.
13211;;;;2025;KREISE;;08415;;;;;;7912;Anzahl;ERWP06;Arbeitslose
13211;;;;2025;KREISE;;11012012;Berlin-Reinickendorf;;;;;.;Prozent;ERWP10;Arbeitslosenquote bez. auf alle zivile Erwerbsp.
13211;;;;2025;KREISE;;11012012;;;;;;.;Anzahl;ERWP06;Arbeitslose
13211;;;;2025;KREISE;;13054;Landkreis Ludwigslust;;;;;-;Prozent;ERWP10;Arbeitslosenquote bez. auf alle zivile Erwerbsp.
13211;;;;2025;KREISE;;13054;;;;;;-;Anzahl;ERWP06;Arbeitslose
13211;;;;2025;KREISE;;15260;Mansfelder Land, Kreis;;;;;-;Prozent;ERWP10;Arbeitslosenquote bez. auf alle zivile Erwerbsp.
13211;;;;2025;KREISE;;15260;;;;;;-;Anzahl;ERWP06;Arbeitslose
13211;;;;2025;KREISE;;09178;Freising, Landkreis;;;;;3,3;Prozent;ERWP10;Arbeitslosenquote bez. auf alle zivile Erwerbsp.
13211;;;;2025;KREISE;;09178;;;;;;3879;Anzahl;ERWP06;Arbeitslose
13211;;;;2025;KREISE;;14167;Zwickau, kreisfreie Stadt;;;;;-;Prozent;ERWP10;Arbeitslosenquote bez. auf alle zivile Erwerbsp.
13211;;;;2025;KREISE;;14167;;;;;;-;Anzahl;ERWP06;Arbeitslose
13211;;;;2025;KREISE;;09363;Weiden i.d.OPf., kreisfreie Stadt;;;;;6,5;Prozent;ERWP10;Arbeitslosenquote bez. auf alle zivile Erwerbsp.
13211;;;;2025;KREISE;;09363;;;;;;1608;Anzahl;ERWP06;Arbeitslose
13211;;;;2025;KREISE;;08212;Karlsruhe, Stadtkreis;;;;;5,1;Prozent;ERWP10;Arbeitslosenquote bez. auf alle zivile Erwerbsp.
13211;;;;2025;KREISE;;08212;;;;;;8870;Anzahl;ERWP06;Arbeitslose
13211;;;;2025;KREISE;;06431;Bergstraße, Landkreis;;;;;4,6;Prozent;ERWP10;Arbeitslosenquote bez. auf alle zivile Erwerbsp.
13211;;;;2025;KREISE;;06431;;;;;;6996;Anzahl;ERWP06;Arbeitslose
13211;;;;2025;KREISE;;01003;Lübeck, kreisfreie Stadt, Hansestadt;;;;;8,4;Prozent;ERWP10;Arbeitslosenquote bez. auf alle zivile Erwerbsp.
13211;;;;2025;KREISE;;01003;;;;;;10061;Anzahl;ERWP06;Arbeitslose
13211;;;;2025;KREISE;;09471;Bamberg, Landkreis;;;;;2,7;Prozent;ERWP10;Arbeitslosenquote bez. auf alle zivile Erwerbsp.
13211;;;;2025;KREISE;;09471;;;;;;2429;Anzahl;ERWP06;Arbeitslose
13211;;;;2025;KREISE;;05966;Olpe, Kreis;;;;;4,6;Prozent;ERWP10;Arbeitslosenquote bez. auf alle zivile Erwerbsp.
13211;;;;2025;KREISE;;05966;;;;;;3642;Anzahl;ERWP06;Arbeitslose
13211;;;;2025;KREISE;;08236;Enzkreis, Landkreis;;;;;3,7;Prozent;ERWP10;Arbeitslosenquote bez. auf alle zivile Erwerbsp.
13211;;;;2025;KREISE;;08236;;;;;;4176;Anzahl;ERWP06;Arbeitslose
13211;;;;2025;KREISE;;08426;Biberach, Landkreis;;;;;2,8;Prozent;ERWP10;Arbeitslosenquote bez. auf alle zivile Erwerbsp.
13211;;;;2025;KREISE;;08426;;;;;;3390;Anzahl;ERWP06;Arbeitslose
13211;;;;2025;KREISE;;15086;Jerichower Land, Landkreis;;;;;7,4;Prozent;ERWP10;Arbeitslosenquote bez. auf alle zivile Erwerbsp.
13211;;;;2025;KREISE;;15086;;;;;;3338;Anzahl;ERWP06;Arbeitslose
13211;;;;2025;KREISE;;10046;St. Wendel, Landkreis;;;;;4,2;Prozent;ERWP10;Arbeitslosenquote bez. auf alle zivile Erwerbsp.
13211;;;;2025;KREISE;;10046;;;;;;1984;Anzahl;ERWP06;Arbeitslose
13211;;;;2025;KREISE;;09189;Traunstein, Landkreis;;;;;3,3;Prozent;ERWP10;Arbeitslosenquote bez. auf alle zivile Erwerbsp.
13211;;;;2025;KREISE;;09189;;;;;;3381;Anzahl;ERWP06;Arbeitslose
13211;;;;2025;KREISE;;05316;Leverkusen, kreisfreie Stadt;;;;;7,6;Prozent;ERWP10;Arbeitslosenquote bez. auf alle zivile Erwerbsp.
13211;;;;2025;KREISE;;05316;;;;;;6800;Anzahl;ERWP06;Arbeitslose
13211;;;;2025;KREISE;;03403;Oldenburg (Oldb), kreisfreie Stadt;;;;;6,9;Prozent;ERWP10;Arbeitslosenquote bez. auf alle zivile Erwerbsp.
13211;;;;2025;KREISE;;03403;;;;;;6917;Anzahl;ERWP06;Arbeitslose
13211;;;;2025;KREISE;;16072;Sonneberg, Landkreis;;;;;5,4;Prozent;ERWP10;Arbeitslosenquote bez. auf alle zivile Erwerbsp.
13211;;;;2025;KREISE;;16072;;;;;;1568;Anzahl;ERWP06;Arbeitslose
13211;;;;2025;KREISE;;13052;Landkreis Demmin;;;;;-;Prozent;ERWP10;Arbeitslosenquote bez. auf alle zivile Erwerbsp.
13211;;;;2025;KREISE;;13052;;;;;;-;Anzahl;ERWP06;Arbeitslose
13211;;;;2025;KREISE;;09373;Neumarkt i.d.OPf., Landkreis;;;;;2,8;Prozent;ERWP10;Arbeitslosenquote bez. auf alle zivile Erwerbsp.
13211;;;;2025;KREISE;;09373;;;;;;2253;Anzahl;ERWP06;Arbeitslose
13211;;;;2025;KREISE;;04011;Bremen, kreisfreie Stadt;;;;;11,0;Prozent;ERWP10;Arbeitslosenquote bez. auf alle zivile Erwerbsp.
13211;;;;2025;KREISE;;04011;;;;;;34206;Anzahl;ERWP06;Arbeitslose
13211;;;;2025;KREISE;;07132;Altenkirchen (Westerwald), Landkreis;;;;;5,9;Prozent;ERWP10;Arbeitslosenquote bez. auf alle zivile Erwerbsp.
13211;;;;2025;KREISE;;07132;;;;;;4315;Anzahl;ERWP06;Arbeitslose
13211;;;;2025;KREISE;;08127;Schwäbisch Hall, Landkreis;;;;;3,9;Prozent;ERWP10;Arbeitslosenquote bez. auf alle zivile Erwerbsp.
13211;;;;2025;KREISE;;08127;;;;;;4747;Anzahl;ERWP06;Arbeitslose
13211;;;;2025;KREISE;;05978;Unna, Kreis;;;;;7,5;Prozent;ERWP10;Arbeitslosenquote bez. auf alle zivile Erwerbsp.
13211;;;;2025;KREISE;;05978;;;;;;16314;Anzahl;ERWP06;Arbeitslose
13211;;;;2025;KREISE;;09275;Passau, Landkreis;;;;;3,7;Prozent;ERWP10;Arbeitslosenquote bez. auf alle zivile Erwerbsp.
13211;;;;2025;KREISE;;09275;;;;;;4103;Anzahl;ERWP06;Arbeitslose
13211;;;;2025;KREISE;;08225;Neckar-Odenwald-Kreis, Landkreis;;;;;4,1;Prozent;ERWP10;Arbeitslosenquote bez. auf alle zivile Erwerbsp.
13211;;;;2025;KREISE;;08225;;;;;;3337;Anzahl;ERWP06;Arbeitslose
13211;;;;2025;KREISE;;08437;Sigmaringen, Landkreis;;;;;3,7;Prozent;ERWP10;Arbeitslosenquote bez. auf alle zivile Erwerbsp.
13211;;;;2025;KREISE;;08437;;;;;;2847;Anzahl;ERWP06;Arbeitslose
13211;;;;2025;KREISE;;13053;Güstrow, Landkreis;;;;;-;Prozent;ERWP10;Arbeitslosenquote bez. auf alle zivile Erwerbsp.
13211;;;;2025;KREISE;;13053;;;;;;-;Anzahl;ERWP06;Arbeitslose
13211;;;;2025;KREISE;;13076;Ludwigslust-Parchim, Landkreis;;;;;6,2;Prozent;ERWP10;Arbeitslosenquote bez. auf alle zivile Erwerbsp.
13211;;;;2025;KREISE;;13076;;;;;;6891;Anzahl;ERWP06;Arbeitslose
13211;;;;2025;KREISE;;08311;Freiburg im Breisgau, Stadtkreis;;;;;5,6;Prozent;ERWP10;Arbeitslosenquote bez. auf alle zivile Erwerbsp.
13211;;;;2025;KREISE;;08311;;;;;;7472;Anzahl;ERWP06;Arbeitslose
13211;;;;2025;KREISE;;09177;Erding, Landkreis;;;;;2,8;Prozent;ERWP10;Arbeitslosenquote bez. auf alle zivile Erwerbsp.
13211;;;;2025;KREISE;;09177;;;;;;2439;Anzahl;ERWP06;Arbeitslose
13211;;;;2025;KREISE;;09362;Regensburg, kreisfreie Stadt;;;;;5,0;Prozent;ERWP10;Arbeitslosenquote bez. auf alle zivile Erwerbsp.
13211;;;;2025;KREISE;;09362;;;;;;4819;Anzahl;ERWP06;Arbeitslose
13211;;;;2025;KREISE;;05119;Oberhausen, kreisfreie Stadt;;;;;11,4;Prozent;ERWP10;Arbeitslosenquote bez. auf alle zivile Erwerbsp.
13211;;;;2025;KREISE;;05119;;;;;;12743;Anzahl;ERWP06;Arbeitslose
13211;;;;2025;KREISE;;05558;Coesfeld, Kreis;;;;;4,2;Prozent;ERWP10;Arbeitslosenquote bez. auf alle zivile Erwerbsp.
13211;;;;2025;KREISE;;05558;;;;;;5436;Anzahl;ERWP06;Arbeitslose
13211;;;;2025;KREISE;;05512;Bottrop, kreisfreie Stadt;;;;;8,2;Prozent;ERWP10;Arbeitslosenquote bez. auf alle zivile Erwerbsp.
13211;;;;2025;KREISE;;05512;;;;;;5117;Anzahl;ERWP06;Arbeitslose
13211;;;;2025;KREISE;;08115;Böblingen, Landkreis;;;;;4,3;Prozent;ERWP10;Arbeitslosenquote bez. auf alle zivile Erwerbsp.
13211;;;;2025;KREISE;;08115;;;;;;9633;Anzahl;ERWP06;Arbeitslose
13211;;;;2025;KREISE;;01004;Neumünster, kreisfreie Stadt;;;;;8,5;Prozent;ERWP10;Arbeitslosenquote bez. auf alle zivile Erwerbsp.
13211;;;;2025;KREISE;;01004;;;;;;3763;Anzahl;ERWP06;Arbeitslose
13211;;;;2025;KREISE;;08425;Alb-Donau-Kreis, Landkreis;;;;;3,1;Prozent;ERWP10;Arbeitslosenquote bez. auf alle zivile Erwerbsp.
13211;;;;2025;KREISE;;08425;;;;;;3671;Anzahl;ERWP06;Arbeitslose
13211;;;;2025;KREISE;;08237;Freudenstadt, Landkreis;;;;;4,4;Prozent;ERWP10;Arbeitslosenquote bez. auf alle zivile Erwerbsp.
13211;;;;2025;KREISE;;08237;;;;;;3165;Anzahl;ERWP06;Arbeitslose
13211;;;;2025;KREISE;;09474;Forchheim, Landkreis;;;;;3,3;Prozent;ERWP10;Arbeitslosenquote bez. auf alle zivile Erwerbsp.
13211;;;;2025;KREISE;;09474;;;;;;2251;Anzahl;ERWP06;Arbeitslose
13211;;;;2025;KREISE;;11010010;Berlin-Marzahn-Hellersdorf;;;;;.;Prozent;ERWP10;Arbeitslosenquote bez. auf alle zivile Erwerbsp.
13211;;;;2025;KREISE;;11010010;;;;;;.;Anzahl;ERWP06;Arbeitslose
13211;;;;2025;KREISE;;06531;Gießen, Landkreis;;;;;6,2;Prozent;ERWP10;Arbeitslosenquote bez. auf alle zivile Erwerbsp.
13211;;;;2025;KREISE;;06531;;;;;;9426;Anzahl;ERWP06;Arbeitslose
13211;;;;2025;KREISE;;10045;Saarpfalz-Kreis;;;;;5,4;Prozent;ERWP10;Arbeitslosenquote bez. auf alle zivile Erwerbsp.
13211;;;;2025;KREISE;;10045;;;;;;4065;Anzahl;ERWP06;Arbeitslose
13211;;;;2025;KREISE;;14729;Leipzig, Landkreis;;;;;6,0;Prozent;ERWP10;Arbeitslosenquote bez. auf alle zivile Erwerbsp.
13211;;;;2025;KREISE;;14729;;;;;;8203;Anzahl;ERWP06;Arbeitslose
13211;;;;2025;KREISE;;09376;Schwandorf, Landkreis;;;;;3,7;Prozent;ERWP10;Arbeitslosenquote bez. auf alle zivile Erwerbsp.
13211;;;;2025;KREISE;;09376;;;;;;3269;Anzahl;ERWP06;Arbeitslose
13211;;;;2025;KREISE;;08335;Konstanz, Landkreis;;;;;4,4;Prozent;ERWP10;Arbeitslosenquote bez. auf alle zivile Erwerbsp.
13211;;;;2025;KREISE;;08335;;;;;;7301;Anzahl;ERWP06;Arbeitslose
13211;;;;2025;KREISE;;13051;Bad Doberan, Landkreis;;;;;-;Prozent;ERWP10;Arbeitslosenquote bez. auf alle zivile Erwerbsp.
13211;;;;2025;KREISE;;13051;;;;;;-;Anzahl;ERWP06;Arbeitslose
13211;;;;2025;KREISE;;13074;Nordwestmecklenburg, Landkreis;;;;;6,7;Prozent;ERWP10;Arbeitslosenquote bez. auf alle zivile Erwerbsp.
13211;;;;2025;KREISE;;13074;;;;;;5605;Anzahl;ERWP06;Arbeitslose
13211;;;;2025;KREISE;;11004004;Berlin-Charlottenburg-Wilmersdorf;;;;;.;Prozent;ERWP10;Arbeitslosenquote bez. auf alle zivile Erwerbsp.
13211;;;;2025;KREISE;;11004004;;;;;;.;Anzahl;ERWP06;Arbeitslose
13211;;;;2025;KREISE;;04012;Bremerhaven, kreisfreie Stadt;;;;;14,5;Prozent;ERWP10;Arbeitslosenquote bez. auf alle zivile Erwerbsp.
13211;;;;2025;KREISE;;04012;;;;;;9087;Anzahl;ERWP06;Arbeitslose
13211;;;;2025;KREISE;;07131;Ahrweiler, Landkreis;;;;;4,1;Prozent;ERWP10;Arbeitslosenquote bez. auf alle zivile Erwerbsp.
13211;;;;2025;KREISE;;07131;;;;;;2884;Anzahl;ERWP06;Arbeitslose
13211;;;;2025;KREISE;;05758;Herford, Kreis;;;;;6,4;Prozent;ERWP10;Arbeitslosenquote bez. auf alle zivile Erwerbsp.
13211;;;;2025;KREISE;;05758;;;;;;8964;Anzahl;ERWP06;Arbeitslose
13211;;;;2025;KREISE;;08128;Main-Tauber-Kreis, Landkreis;;;;;3,6;Prozent;ERWP10;Arbeitslosenquote bez. auf alle zivile Erwerbsp.
13211;;;;2025;KREISE;;08128;;;;;;2822;Anzahl;ERWP06;Arbeitslose
13211;;;;2025;KREISE;;09278;Straubing-Bogen, Landkreis;;;;;3,4;Prozent;ERWP10;Arbeitslosenquote bez. auf alle zivile Erwerbsp.
13211;;;;2025;KREISE;;09278;;;;;;2098;Anzahl;ERWP06;Arbeitslose
13211;;;;2025;KREISE;;08436;Ravensburg, Landkreis;;;;;3,2;Prozent;ERWP10;Arbeitslosenquote bez. auf alle zivile Erwerbsp.
13211;;;;2025;KREISE;;08436;;;;;;5382;Anzahl;ERWP06;Arbeitslose
13211;;;;2025;KREISE;;08226;Rhein-Neckar-Kreis, Landkreis;;;;;4,6;Prozent;ERWP10;Arbeitslosenquote bez. auf alle zivile Erwerbsp.
13211;;;;2025;KREISE;;08226;;;;;;14108;Anzahl;ERWP06;Arbeitslose
13211;;;;2025;KREISE;;09463;Coburg, kreisfreie Stadt;;;;;7,4;Prozent;ERWP10;Arbeitslosenquote bez. auf alle zivile Erwerbsp.
13211;;;;2025;KREISE;;09463;;;;;;1728;Anzahl;ERWP06;Arbeitslose
13211;;;;2025;KREISE;;05954;Ennepe-Ruhr-Kreis;;;;;7,3;Prozent;ERWP10;Arbeitslosenquote bez. auf alle zivile Erwerbsp.
13211;;;;2025;KREISE;;05954;;;;;;12790;Anzahl;ERWP06;Arbeitslose
13211;;;;2025;KREISE;;13075;Vorpommern-Greifswald, Landkreis;;;;;9,3;Prozent;ERWP10;Arbeitslosenquote bez. auf alle zivile Erwerbsp.
13211;;;;2025;KREISE;;13075;;;;;;10565;Anzahl;ERWP06;Arbeitslose
13211;;;;2025;KREISE;;14379;Leipziger Land, Landkreis;;;;;-;Prozent;ERWP10;Arbeitslosenquote bez. auf alle zivile Erwerbsp.
13211;;;;2025;KREISE;;14379;;;;;;-;Anzahl;ERWP06;Arbeitslose
13211;;;;2025;KREISE;;09571;Ansbach, Landkreis;;;;;2,9;Prozent;ERWP10;Arbeitslosenquote bez. auf alle zivile Erwerbsp.
13211;;;;2025;KREISE;;09571;;;;;;3200;Anzahl;ERWP06;Arbeitslose
13211;;;;2025;KREISE;;12068;Ostprignitz-Ruppin, Landkreis;;;;;7,0;Prozent;ERWP10;Arbeitslosenquote bez. auf alle zivile Erwerbsp.
13211;;;;2025;KREISE;;12068;;;;;;3594;Anzahl;ERWP06;Arbeitslose
13211;;;;2025;KREISE;;05513;Gelsenkirchen, kreisfreie Stadt;;;;;15,2;Prozent;ERWP10;Arbeitslosenquote bez. auf alle zivile Erwerbsp.
13211;;;;2025;KREISE;;05513;;;;;;20770;Anzahl;ERWP06;Arbeitslose
13211;;;;2025;KREISE;;03458;Oldenburg, Landkreis;;;;;3,8;Prozent;ERWP10;Arbeitslosenquote bez. auf alle zivile Erwerbsp.
13211;;;;2025;KREISE;;03458;;;;;;2956;Anzahl;ERWP06;Arbeitslose
13211;;;;2025;KREISE;;15089;Salzlandkreis;;;;;8,9;Prozent;ERWP10;Arbeitslosenquote bez. auf alle zivile Erwerbsp.
13211;;;;2025;KREISE;;15089;;;;;;8091;Anzahl;ERWP06;Arbeitslose
13211;;;;2025;KREISE;;07143;Westerwaldkreis;;;;;3,9;Prozent;ERWP10;Arbeitslosenquote bez. auf alle zivile Erwerbsp.
13211;;;;2025;KREISE;;07143;;;;;;4563;Anzahl;ERWP06;Arbeitslose
13211;;;;2025;KREISE;;06433;Groß-Gerau, Landkreis;;;;;6,8;Prozent;ERWP10;Arbeitslosenquote bez. auf alle zivile Erwerbsp.
13211;;;;2025;KREISE;;06433;;;;;;10751;Anzahl;ERWP06;Arbeitslose
13211;;;;2025;KREISE;;08116;Esslingen, Landkreis;;;;;4,5;Prozent;ERWP10;Arbeitslosenquote bez. auf alle zivile Erwerbsp.
13211;;;;2025;KREISE;;08116;;;;;;14097;Anzahl;ERWP06;Arbeitslose
13211;;;;2025;KREISE;;09473;Coburg, Landkreis;;;;;4,6;Prozent;ERWP10;Arbeitslosenquote bez. auf alle zivile Erwerbsp.
13211;;;;2025;KREISE;;09473;;;;;;2262;Anzahl;ERWP06;Arbeitslose
13211;;;;2025;KREISE;;15370;Altmarkkreis Salzwedel, Kreis;;;;;-;Prozent;ERWP10;Arbeitslosenquote bez. auf alle zivile Erwerbsp.
13211;;;;2025;KREISE;;15370;;;;;;-;Anzahl;ERWP06;Arbeitslose
13211;;;;2025;KREISE;;08215;Karlsruhe, Landkreis;;;;;4,1;Prozent;ERWP10;Arbeitslosenquote bez. auf alle zivile Erwerbsp.
13211;;;;2025;KREISE;;08215;;;;;;10725;Anzahl;ERWP06;Arbeitslose
13211;;;;2025;KREISE;;05382;Rhein-Sieg-Kreis;;;;;5,9;Prozent;ERWP10;Arbeitslosenquote bez. auf alle zivile Erwerbsp.
13211;;;;2025;KREISE;;05382;;;;;;19471;Anzahl;ERWP06;Arbeitslose
13211;;;;2025;KREISE;;05711;Bielefeld, kreisfreie Stadt;;;;;9,1;Prozent;ERWP10;Arbeitslosenquote bez. auf alle zivile Erwerbsp.
13211;;;;2025;KREISE;;05711;;;;;;17086;Anzahl;ERWP06;Arbeitslose
13211;;;;2025;KREISE;;10044;Saarlouis, Landkreis;;;;;6,6;Prozent;ERWP10;Arbeitslosenquote bez. auf alle zivile Erwerbsp.
13211;;;;2025;KREISE;;10044;;;;;;6924;Anzahl;ERWP06;Arbeitslose
13211;;;;2025;KREISE;;02000;Hamburg, kreisfreie Stadt, Freie und Hansestadt;;;;;8,3;Prozent;ERWP10;Arbeitslosenquote bez. auf alle zivile Erwerbsp.
13211;;;;2025;KREISE;;02000;;;;;;93783;Anzahl;ERWP06;Arbeitslose
13211;;;;2025;KREISE;;09375;Regensburg, Landkreis;;;;;3,1;Prozent;ERWP10;Arbeitslosenquote bez. auf alle zivile Erwerbsp.
13211;;;;2025;KREISE;;09375;;;;;;3669;Anzahl;ERWP06;Arbeitslose
13211;;;;2025;KREISE;;16070;Ilm-Kreis;;;;;6,4;Prozent;ERWP10;Arbeitslosenquote bez. auf alle zivile Erwerbsp.
13211;;;;2025;KREISE;;16070;;;;;;3571;Anzahl;ERWP06;Arbeitslose
13211;;;;2025;KREISE;;09561;Ansbach, kreisfreie Stadt;;;;;5,2;Prozent;ERWP10;Arbeitslosenquote bez. auf alle zivile Erwerbsp.
13211;;;;2025;KREISE;;09561;;;;;;1241;Anzahl;ERWP06;Arbeitslose
13211;;;;2025;KREISE;;13073;Vorpommern-Rügen, Landkreis;;;;;9,2;Prozent;ERWP10;Arbeitslosenquote bez. auf alle zivile Erwerbsp.
13211;;;;2025;KREISE;;13073;;;;;;10348;Anzahl;ERWP06;Arbeitslose
13211;;;;2025;KREISE;;08336;Lörrach, Landkreis;;;;;5,4;Prozent;ERWP10;Arbeitslosenquote bez. auf alle zivile Erwerbsp.
13211;;;;2025;KREISE;;08336;;;;;;7119;Anzahl;ERWP06;Arbeitslose
13211;;;;2025;KREISE;;03401;Delmenhorst, kreisfreie Stadt;;;;;10,8;Prozent;ERWP10;Arbeitslosenquote bez. auf alle zivile Erwerbsp.
13211;;;;2025;KREISE;;03401;;;;;;4325;Anzahl;ERWP06;Arbeitslose
13211;;;;2025;KREISE;;15151;Anhalt-Zerbst, Kreis;;;;;-;Prozent;ERWP10;Arbeitslosenquote bez. auf alle zivile Erwerbsp.
13211;;;;2025;KREISE;;15151;;;;;;-;Anzahl;ERWP06;Arbeitslose
13211;;;;2025;KREISE;;05162;Rhein-Kreis Neuss;;;;;6,4;Prozent;ERWP10;Arbeitslosenquote bez. auf alle zivile Erwerbsp.
13211;;;;2025;KREISE;;05162;;;;;;15892;Anzahl;ERWP06;Arbeitslose
13211;;;;2025;KREISE;;09462;Bayreuth, kreisfreie Stadt;;;;;5,4;Prozent;ERWP10;Arbeitslosenquote bez. auf alle zivile Erwerbsp.
13211;;;;2025;KREISE;;09462;;;;;;2250;Anzahl;ERWP06;Arbeitslose
13211;;;;2025;KREISE;;08435;Bodenseekreis, Landkreis;;;;;3,8;Prozent;ERWP10;Arbeitslosenquote bez. auf alle zivile Erwerbsp.
13211;;;;2025;KREISE;;08435;;;;;;4797;Anzahl;ERWP06;Arbeitslose
13211;;;;2025;KREISE;;05370;Heinsberg, Kreis;;;;;6,1;Prozent;ERWP10;Arbeitslosenquote bez. auf alle zivile Erwerbsp.
13211;;;;2025;KREISE;;05370;;;;;;8705;Anzahl;ERWP06;Arbeitslose
13211;;;;2025;KREISE;;09277;Rottal-Inn, Landkreis;;;;;3,9;Prozent;ERWP10;Arbeitslosenquote bez. auf alle zivile Erwerbsp.
13211;;;;2025;KREISE;;09277;;;;;;2776;Anzahl;ERWP06;Arbeitslose
13211;;;;2025;KREISE;;15261;Merseburg-Querfurt, Kreis;;;;;-;Prozent;ERWP10;Arbeitslosenquote bez. auf alle zivile Erwerbsp.
13211;;;;2025;KREISE;;15261;;;;;;-;Anzahl;ERWP06;Arbeitslose
13211;;;;2025;KREISE;;09179;Fürstenfeldbruck, Landkreis;;;;;3,7;Prozent;ERWP10;Arbeitslosenquote bez. auf alle zivile Erwerbsp.
13211;;;;2025;KREISE;;09179;;;;;;4718;Anzahl;ERWP06;Arbeitslose
13211;;;;2025;KREISE;;12069;Potsdam-Mittelmark, Landkreis;;;;;4,8;Prozent;ERWP10;Arbeitslosenquote bez. auf alle zivile Erwerbsp.
13211;;;;2025;KREISE;;12069;;;;;;5705;Anzahl;ERWP06;Arbeitslose
13211;;;;2025;KREISE;;09572;Erlangen-Höchstadt, Landkreis;;;;;3,0;Prozent;ERWP10;Arbeitslosenquote bez. auf alle zivile Erwerbsp.
13211;;;;2025;KREISE;;09572;;;;;;2454;Anzahl;ERWP06;Arbeitslose
13211;;;;2025;KREISE;;13062;Landkreis Uecker-Randow;;;;;-;Prozent;ERWP10;Arbeitslosenquote bez. auf alle zivile Erwerbsp.
13211;;;;2025;KREISE;;13062;;;;;;-;Anzahl;ERWP06;Arbeitslose
13211;;;;2025;KREISE;;03459;Osnabrück, Landkreis;;;;;3,8;Prozent;ERWP10;Arbeitslosenquote bez. auf alle zivile Erwerbsp.
13211;;;;2025;KREISE;;03459;;;;;;8049;Anzahl;ERWP06;Arbeitslose
13211;;;;2025;KREISE;;15088;Saalekreis;;;;;6,9;Prozent;ERWP10;Arbeitslosenquote bez. auf alle zivile Erwerbsp.
13211;;;;2025;KREISE;;15088;;;;;;6684;Anzahl;ERWP06;Arbeitslose
13211;;;;2025;KREISE;;08325;Rottweil, Landkreis;;;;;3,5;Prozent;ERWP10;Arbeitslosenquote bez. auf alle zivile Erwerbsp.
13211;;;;2025;KREISE;;08325;;;;;;2870;Anzahl;ERWP06;Arbeitslose
13211;;;;2025;KREISE;;08117;Göppingen, Landkreis;;;;;5,3;Prozent;ERWP10;Arbeitslosenquote bez. auf alle zivile Erwerbsp.
13211;;;;2025;KREISE;;08117;;;;;;7729;Anzahl;ERWP06;Arbeitslose
13211;;;;2025;KREISE;;06432;Darmstadt-Dieburg, Landkreis;;;;;5,2;Prozent;ERWP10;Arbeitslosenquote bez. auf alle zivile Erwerbsp.
13211;;;;2025;KREISE;;06432;;;;;;8703;Anzahl;ERWP06;Arbeitslose
13211;;;;2025;KREISE;;11006006;Berlin-Steglitz-Zehlendorf;;;;;.;Prozent;ERWP10;Arbeitslosenquote bez. auf alle zivile Erwerbsp.
13211;;;;2025;KREISE;;11006006;;;;;;.;Anzahl;ERWP06;Arbeitslose
13211;;;;2025;KREISE;;09780;Oberallgäu, Landkreis;;;;;2,8;Prozent;ERWP10;Arbeitslosenquote bez. auf alle zivile Erwerbsp.
13211;;;;2025;KREISE;;09780;;;;;;2604;Anzahl;ERWP06;Arbeitslose
13211;;;;2025;DLAND;;08;;;;;;4,6;Prozent;ERWP10;Arbeitslosenquote bez. auf alle zivile Erwerbsp.
13211;;;;2025;DLAND;;08;;;;;;293713;Anzahl;ERWP06;Arbeitslose
13211;;;;2025;DLAND;;09;;;;;;4,0;Prozent;ERWP10;Arbeitslosenquote bez. auf alle zivile Erwerbsp.
13211;;;;2025;DLAND;;09;;;;;;315289;Anzahl;ERWP06;Arbeitslose
13211;;;;2025;DLAND;;15;;;;;;8,0;Prozent;ERWP10;Arbeitslosenquote bez. auf alle zivile Erwerbsp.
13211;;;;2025;DLAND;;15;;;;;;88574;Anzahl;ERWP06;Arbeitslose
13211;;;;2025;DLAND;;04;;;;;;11,5;Prozent;ERWP10;Arbeitslosenquote bez. auf alle zivile Erwerbsp.
13211;;;;2025;DLAND;;04;;;;;;43293;Anzahl;ERWP06;Arbeitslose
13211;;;;2025;DLAND;;16;;;;;;6,4;Prozent;ERWP10;Arbeitslosenquote bez. auf alle zivile Erwerbsp.
13211;;;;2025;DLAND;;16;;;;;;70417;Anzahl;ERWP06;Arbeitslose
13211;;;;2025;DLAND;;05;;;;;;7,8;Prozent;ERWP10;Arbeitslosenquote bez. auf alle zivile Erwerbsp.
13211;;;;2025;DLAND;;05;;;;;;783416;Anzahl;ERWP06;Arbeitslose
13211;;;;2025;DLAND;;06;;;;;;5,8;Prozent;ERWP10;Arbeitslosenquote bez. auf alle zivile Erwerbsp.
13211;;;;2025;DLAND;;06;;;;;;205944;Anzahl;ERWP06;Arbeitslose
13211;;;;2025;DLAND;;07;;;;;;5,5;Prozent;ERWP10;Arbeitslosenquote bez. auf alle zivile Erwerbsp.
13211;;;;2025;DLAND;;07;;;;;;126067;Anzahl;ERWP06;Arbeitslose
13211;;;;2025;DLAND;;11;;;;;;10,3;Prozent;ERWP10;Arbeitslosenquote bez. auf alle zivile Erwerbsp.
13211;;;;2025;DLAND;;11;;;;;;218315;Anzahl;ERWP06;Arbeitslose
13211;;;;2025;DLAND;;12;;;;;;6,4;Prozent;ERWP10;Arbeitslosenquote bez. auf alle zivile Erwerbsp.
13211;;;;2025;DLAND;;12;;;;;;86413;Anzahl;ERWP06;Arbeitslose
13211;;;;2025;DLAND;;01;;;;;;5,9;Prozent;ERWP10;Arbeitslosenquote bez. auf alle zivile Erwerbsp.
13211;;;;2025;DLAND;;01;;;;;;95886;Anzahl;ERWP06;Arbeitslose
13211;;;;2025;DLAND;;13;;;;;;8,0;Prozent;ERWP10;Arbeitslosenquote bez. auf alle zivile Erwerbsp.
13211;;;;2025;DLAND;;13;;;;;;65605;Anzahl;ERWP06;Arbeitslose
13211;;;;2025;DLAND;;02;;;;;;8,3;Prozent;ERWP10;Arbeitslosenquote bez. auf alle zivile Erwerbsp.
13211;;;;2025;DLAND;;02;;;;;;93783;Anzahl;ERWP06;Arbeitslose
13211;;;;2025;DLAND;;14;;;;;;6,9;Prozent;ERWP10;Arbeitslosenquote bez. auf alle zivile Erwerbsp.
13211;;;;2025;DLAND;;14;;;;;;148747;Anzahl;ERWP06;Arbeitslose
13211;;;;2025;DLAND;;03;;;;;;6,1;Prozent;ERWP10;Arbeitslosenquote bez. auf alle zivile Erwerbsp.
13211;;;;2025;DLAND;;03;;;;;;273342;Anzahl;ERWP06;Arbeitslose
13211;;;;2025;DLAND;;10;;;;;;7,4;Prozent;ERWP10;Arbeitslosenquote bez. auf alle zivile Erwerbsp.
13211;;;;2025;DLAND;;10;;;;;;39289;Anzahl;ERWP06;Arbeitslose
13211;;;;2025;KREISE;;06411;;ERWAQ8;;ARBEITSQUO09;15 bis unter 25 Jahre;5,3;Prozent;ERWP10;Arbeitslosenquote bez. auf alle zivile Erwerbsp.
13211;;;;2025;KREISE;;15357;;ERWAQ8;;ARBEITSQUO09;15 bis unter 25 Jahre;-;Prozent;ERWP10;Arbeitslosenquote bez. auf alle zivile Erwerbsp.
13211;;;;2025;KREISE;;05114;;ERWAQ8;;ARBEITSQUO07;ausländisch;21,5;Prozent;ERWP10;Arbeitslosenquote bez. auf alle zivile Erwerbsp.
13211;;;;2025;KREISE;;09185;;ERWAQ8;;ARBEITSQUO05;Männer;3,1;Prozent;ERWP10;Arbeitslosenquote bez. auf alle zivile Erwerbsp.
13211;;;;2025;KREISE;;08117;;ERWAQ8;;ARBEITSQUO07;ausländisch;12,0;Prozent;ERWP10;Arbeitslosenquote bez. auf alle zivile Erwerbsp.
13211;;;;2025;KREISE;;07332;;ERWAQ8;;ARBEITSQUO05;Männer;5,1;Prozent;ERWP10;Arbeitslosenquote bez. auf alle zivile Erwerbsp.
13211;;;;2025;KREISE;;08426;;ERWAQ8;;ARBEITSQUO06;Frauen;2,7;Prozent;ERWP10;Arbeitslosenquote bez. auf alle zivile Erwerbsp.
13211;;;;2025;KREISE;;14511;;ERWAQ8;;ARBEITSQUO09;15 bis unter 25 Jahre;10,4;Prozent;ERWP10;Arbeitslosenquote bez. auf alle zivile Erwerbsp.
13211;;;;2025;KREISE;;13071;;ERWAQ8;;ARBEITSQUO07;ausländisch;27,4;Prozent;ERWP10;Arbeitslosenquote bez. auf alle zivile Erwerbsp.
13211;;;;2025;KREISE;;16074;;ERWAQ8;;ARBEITSQUO07;ausländisch;13,4;Prozent;ERWP10;Arbeitslosenquote bez. auf alle zivile Erwerbsp.
13211;;;;2025;KREISE;;16067;;ERWAQ8;;ARBEITSQUO06;Frauen;6,1;Prozent;ERWP10;Arbeitslosenquote bez. auf alle zivile Erwerbsp.
13211;;;;2025;KREISE;;09271;;ERWAQ8;;ARBEITSQUO09;15 bis unter 25 Jahre;3,3;Prozent;ERWP10;Arbeitslosenquote bez. auf alle zivile Erwerbsp.
13211;;;;2025;KREISE;;15202;;ERWAQ8;;ARBEITSQUO09;15 bis unter 25 Jahre;-;Prozent;ERWP10;Arbeitslosenquote bez. auf alle zivile Erwerbsp.
13211;;;;2025;KREISE;;08215;;ERWAQ8;;ARBEITSQUO07;ausländisch;9,4;Prozent;ERWP10;Arbeitslosenquote bez. auf alle zivile Erwerbsp.
13211;;;;2025;KREISE;;10042;;ERWAQ8;;ARBEITSQUO09;15 bis unter 25 Jahre;3,3;Prozent;ERWP10;Arbeitslosenquote bez. auf alle zivile Erwerbsp.
13211;;;;2025;KREISE;;07320;;ERWAQ8;;ARBEITSQUO09;15 bis unter 25 Jahre;7,0;Prozent;ERWP10;Arbeitslosenquote bez. auf alle zivile Erwerbsp.
13211;;;;2025;KREISE;;03153;;ERWAQ8;;ARBEITSQUO07;ausländisch;16,4;Prozent;ERWP10;Arbeitslosenquote bez. auf alle zivile Erwerbsp.
13211;;;;2025;KREISE;;05774;;ERWAQ8;;ARBEITSQUO06;Frauen;5,7;Prozent;ERWP10;Arbeitslosenquote bez. auf alle zivile Erwerbsp.
13211;;;;2025;KREISE;;01055;;ERWAQ8;;ARBEITSQUO09;15 bis unter 25 Jahre;4,6;Prozent;ERWP10;Arbeitslosenquote bez. auf alle zivile Erwerbsp.
13211;;;;2025;KREISE;;11000;;ERWAQ8;;ARBEITSQUO07;ausländisch;17,8;Prozent;ERWP10;Arbeitslosenquote bez. auf alle zivile Erwerbsp.
13211;;;;2025;KREISE;;15369;;ERWAQ8;;ARBEITSQUO05;Männer;-;Prozent;ERWP10;Arbeitslosenquote bez. auf alle zivile Erwerbsp.
13211;;;;2025;KREISE;;09279;;ERWAQ8;;ARBEITSQUO07;ausländisch;7,4;Prozent;ERWP10;Arbeitslosenquote bez. auf alle zivile Erwerbsp.
13211;;;;2025;KREISE;;09573;;ERWAQ8;;ARBEITSQUO07;ausländisch;7,1;Prozent;ERWP10;Arbeitslosenquote bez. auf alle zivile Erwerbsp.
13211;;;;2025;KREISE;;05970;;ERWAQ8;;ARBEITSQUO06;Frauen;5,8;Prozent;ERWP10;Arbeitslosenquote bez. auf alle zivile Erwerbsp.
13211;;;;2025;KREISE;;09377;;ERWAQ8;;ARBEITSQUO07;ausländisch;17,1;Prozent;ERWP10;Arbeitslosenquote bez. auf alle zivile Erwerbsp.
13211;;;;2025;KREISE;;09475;;ERWAQ8;;ARBEITSQUO07;ausländisch;14,6;Prozent;ERWP10;Arbeitslosenquote bez. auf alle zivile Erwerbsp.
13211;;;;2025;KREISE;;12064;;ERWAQ8;;ARBEITSQUO07;ausländisch;19,0;Prozent;ERWP10;Arbeitslosenquote bez. auf alle zivile Erwerbsp.
13211;;;;2025;KREISE;;15256;;ERWAQ8;;ARBEITSQUO06;Frauen;-;Prozent;ERWP10;Arbeitslosenquote bez. auf alle zivile Erwerbsp.
13211;;;;2025;KREISE;;15081;;ERWAQ8;;ARBEITSQUO09;15 bis unter 25 Jahre;10,2;Prozent;ERWP10;Arbeitslosenquote bez. auf alle zivile Erwerbsp.
13211;;;;2025;KREISE;;09764;;ERWAQ8;;ARBEITSQUO05;Männer;3,8;Prozent;ERWP10;Arbeitslosenquote bez. auf alle zivile Erwerbsp.
13211;;;;2025;KREISE;;07333;;ERWAQ8;;ARBEITSQUO09;15 bis unter 25 Jahre;5,8;Prozent;ERWP10;Arbeitslosenquote bez. auf alle zivile Erwerbsp.
13211;;;;2025;KREISE;;15101;;ERWAQ8;;ARBEITSQUO06;Frauen;-;Prozent;ERWP10;Arbeitslosenquote bez. auf alle zivile Erwerbsp.
13211;;;;2025;KREISE;;09771;;ERWAQ8;;ARBEITSQUO06;Frauen;2,9;Prozent;ERWP10;Arbeitslosenquote bez. auf alle zivile Erwerbsp.
13211;;;;2025;KREISE;;05754;;ERWAQ8;;ARBEITSQUO05;Männer;5,1;Prozent;ERWP10;Arbeitslosenquote bez. auf alle zivile Erwerbsp.
13211;;;;2025;KREISE;;14389;;ERWAQ8;;ARBEITSQUO07;ausländisch;-;Prozent;ERWP10;Arbeitslosenquote bez. auf alle zivile Erwerbsp.
13211;;;;2025;KREISE;;10041;;ERWAQ8;;ARBEITSQUO05;Männer;10,7;Prozent;ERWP10;Arbeitslosenquote bez. auf alle zivile Erwerbsp.
13211;;;;2025;KREISE;;14292;;ERWAQ8;;ARBEITSQUO09;15 bis unter 25 Jahre;-;Prozent;ERWP10;Arbeitslosenquote bez. auf alle zivile Erwerbsp.
13211;;;;2025;KREISE;;09671;;ERWAQ8;;ARBEITSQUO07;ausländisch;11,9;Prozent;ERWP10;Arbeitslosenquote bez. auf alle zivile Erwerbsp.
13211;;;;2025;KREISE;;09462;;ERWAQ8;;ARBEITSQUO07;ausländisch;11,1;Prozent;ERWP10;Arbeitslosenquote bez. auf alle zivile Erwerbsp.
13211;;;;2025;KREISE;;09173;;ERWAQ8;;ARBEITSQUO09;15 bis unter 25 Jahre;2,2;Prozent;ERWP10;Arbeitslosenquote bez. auf alle zivile Erwerbsp.
13211;;;;2025;KREISE;;01054;;ERWAQ8;;ARBEITSQUO05;Männer;5,5;Prozent;ERWP10;Arbeitslosenquote bez. auf alle zivile Erwerbsp.
13211;;;;2025;KREISE;;03462;;ERWAQ8;;ARBEITSQUO06;Frauen;5,4;Prozent;ERWP10;Arbeitslosenquote bez. auf alle zivile Erwerbsp.
13211;;;;2025;KREISE;;14191;;ERWAQ8;;ARBEITSQUO06;Frauen;-;Prozent;ERWP10;Arbeitslosenquote bez. auf alle zivile Erwerbsp.
13211;;;;2025;KREISE;;14523;;ERWAQ8;;ARBEITSQUO05;Männer;6,5;Prozent;ERWP10;Arbeitslosenquote bez. auf alle zivile Erwerbsp.
13211;;;;2025;KREISE;;03251;;ERWAQ8;;ARBEITSQUO07;ausländisch;13,3;Prozent;ERWP10;Arbeitslosenquote bez. auf alle zivile Erwerbsp.
13211;;;;2025;KREISE;;15363;;ERWAQ8;;ARBEITSQUO06;Frauen;-;Prozent;ERWP10;Arbeitslosenquote bez. auf alle zivile Erwerbsp.
13211;;;;2025;KREISE;;07134;;ERWAQ8;;ARBEITSQUO06;Frauen;6,7;Prozent;ERWP10;Arbeitslosenquote bez. auf alle zivile Erwerbsp.
13211;;;;2025;KREISE;;09190;;ERWAQ8;;ARBEITSQUO07;ausländisch;8,8;Prozent;ERWP10;Arbeitslosenquote bez. auf alle zivile Erwerbsp.
13211;;;;2025;KREISE;;07137;;ERWAQ8;;ARBEITSQUO09;15 bis unter 25 Jahre;4,4;Prozent;ERWP10;Arbeitslosenquote bez. auf alle zivile Erwerbsp.
13211;;;;2025;KREISE;;16054;;ERWAQ8;;ARBEITSQUO06;Frauen;6,3;Prozent;ERWP10;Arbeitslosenquote bez. auf alle zivile Erwerbsp.
13211;;;;2025;KREISE;;05558;;ERWAQ8;;ARBEITSQUO05;Männer;4,5;Prozent;ERWP10;Arbeitslosenquote bez. auf alle zivile Erwerbsp.
13211;;;;2025;KREISE;;07235;;ERWAQ8;;ARBEITSQUO09;15 bis unter 25 Jahre;3,3;Prozent;ERWP10;Arbeitslosenquote bez. auf alle zivile Erwerbsp.
13211;;;;2025;KREISE;;13057;;ERWAQ8;;ARBEITSQUO05;Männer;-;Prozent;ERWP10;Arbeitslosenquote bez. auf alle zivile Erwerbsp.
13211;;;;2025;KREISE;;15003;;ERWAQ8;;ARBEITSQUO06;Frauen;8,7;Prozent;ERWP10;Arbeitslosenquote bez. auf alle zivile Erwerbsp.
13211;;;;2025;KREISE;;07232;;ERWAQ8;;ARBEITSQUO06;Frauen;3,2;Prozent;ERWP10;Arbeitslosenquote bez. auf alle zivile Erwerbsp.
13211;;;;2025;KREISE;;05911;;ERWAQ8;;ARBEITSQUO07;ausländisch;21,0;Prozent;ERWP10;Arbeitslosenquote bez. auf alle zivile Erwerbsp.
13211;;;;2025;KREISE;;06432;;ERWAQ8;;ARBEITSQUO05;Männer;5,2;Prozent;ERWP10;Arbeitslosenquote bez. auf alle zivile Erwerbsp.
13211;;;;2025;KREISE;;03456;;ERWAQ8;;ARBEITSQUO09;15 bis unter 25 Jahre;2,9;Prozent;ERWP10;Arbeitslosenquote bez. auf alle zivile Erwerbsp.
13211;;;;2025;KREISE;;14182;;ERWAQ8;;ARBEITSQUO06;Frauen;-;Prozent;ERWP10;Arbeitslosenquote bez. auf alle zivile Erwerbsp.
13211;;;;2025;KREISE;;11003003;;ERWAQ8;;ARBEITSQUO05;Männer;.;Prozent;ERWP10;Arbeitslosenquote bez. auf alle zivile Erwerbsp.
13211;;;;2025;KREISE;;07315;;ERWAQ8;;ARBEITSQUO07;ausländisch;13,4;Prozent;ERWP10;Arbeitslosenquote bez. auf alle zivile Erwerbsp.
13211;;;;2025;KREISE;;02000;;ERWAQ8;;ARBEITSQUO07;ausländisch;17,1;Prozent;ERWP10;Arbeitslosenquote bez. auf alle zivile Erwerbsp.
13211;;;;2025;KREISE;;09774;;ERWAQ8;;ARBEITSQUO09;15 bis unter 25 Jahre;2,6;Prozent;ERWP10;Arbeitslosenquote bez. auf alle zivile Erwerbsp.
13211;;;;2025;KREISE;;07111;;ERWAQ8;;ARBEITSQUO09;15 bis unter 25 Jahre;4,7;Prozent;ERWP10;Arbeitslosenquote bez. auf alle zivile Erwerbsp.
13211;;;;2025;KREISE;;13005;;ERWAQ8;;ARBEITSQUO07;ausländisch;-;Prozent;ERWP10;Arbeitslosenquote bez. auf alle zivile Erwerbsp.
13211;;;;2025;KREISE;;03155;;ERWAQ8;;ARBEITSQUO06;Frauen;5,9;Prozent;ERWP10;Arbeitslosenquote bez. auf alle zivile Erwerbsp.
13211;;;;2025;KREISE;;12051;;ERWAQ8;;ARBEITSQUO07;ausländisch;27,0;Prozent;ERWP10;Arbeitslosenquote bez. auf alle zivile Erwerbsp.
13211;;;;2025;KREISE;;15265;;ERWAQ8;;ARBEITSQUO06;Frauen;-;Prozent;ERWP10;Arbeitslosenquote bez. auf alle zivile Erwerbsp.
13211;;;;2025;KREISE;;09172;;ERWAQ8;;ARBEITSQUO05;Männer;4,2;Prozent;ERWP10;Arbeitslosenquote bez. auf alle zivile Erwerbsp.
13211;;;;2025;KREISE;;09677;;ERWAQ8;;ARBEITSQUO06;Frauen;2,4;Prozent;ERWP10;Arbeitslosenquote bez. auf alle zivile Erwerbsp.
13211;;;;2025;KREISE;;14521;;ERWAQ8;;ARBEITSQUO06;Frauen;4,9;Prozent;ERWP10;Arbeitslosenquote bez. auf alle zivile Erwerbsp.
13211;;;;2025;KREISE;;05162;;ERWAQ8;;ARBEITSQUO05;Männer;6,6;Prozent;ERWP10;Arbeitslosenquote bez. auf alle zivile Erwerbsp.
13211;;;;2025;KREISE;;03403;;ERWAQ8;;ARBEITSQUO07;ausländisch;17,4;Prozent;ERWP10;Arbeitslosenquote bez. auf alle zivile Erwerbsp.
13211;;;;2025;KREISE;;05316;;ERWAQ8;;ARBEITSQUO06;Frauen;7,3;Prozent;ERWP10;Arbeitslosenquote bez. auf alle zivile Erwerbsp.
13211;;;;2025;KREISE;;09775;;ERWAQ8;;ARBEITSQUO06;Frauen;3,0;Prozent;ERWP10;Arbeitslosenquote bez. auf alle zivile Erwerbsp.
13211;;;;2025;KREISE;;16061;;ERWAQ8;;ARBEITSQUO07;ausländisch;15,1;Prozent;ERWP10;Arbeitslosenquote bez. auf alle zivile Erwerbsp.
13211;;;;2025;KREISE;;03358;;ERWAQ8;;ARBEITSQUO09;15 bis unter 25 Jahre;7,4;Prozent;ERWP10;Arbeitslosenquote bez. auf alle zivile Erwerbsp.
13211;;;;2025;KREISE;;09564;;ERWAQ8;;ARBEITSQUO07;ausländisch;13,5;Prozent;ERWP10;Arbeitslosenquote bez. auf alle zivile Erwerbsp.
13211;;;;2025;KREISE;;14626;;ERWAQ8;;ARBEITSQUO07;ausländisch;24,9;Prozent;ERWP10;Arbeitslosenquote bez. auf alle zivile Erwerbsp.
13211;;;;2025;KREISE;;13055;;ERWAQ8;;ARBEITSQUO06;Frauen;-;Prozent;ERWP10;Arbeitslosenquote bez. auf alle zivile Erwerbsp.
13211;;;;2025;KREISE;;13054;;ERWAQ8;;ARBEITSQUO09;15 bis unter 25 Jahre;-;Prozent;ERWP10;Arbeitslosenquote bez. auf alle zivile Erwerbsp.
13211;;;;2025;KREISE;;16076;;ERWAQ8;;ARBEITSQUO06;Frauen;5,5;Prozent;ERWP10;Arbeitslosenquote bez. auf alle zivile Erwerbsp.
13211;;;;2025;KREISE;;11006006;;ERWAQ8;;ARBEITSQUO06;Frauen;.;Prozent;ERWP10;Arbeitslosenquote bez. auf alle zivile Erwerbsp.
13211;;;;2025;KREISE;;05512;;ERWAQ8;;ARBEITSQUO06;Frauen;7,8;Prozent;ERWP10;Arbeitslosenquote bez. auf alle zivile Erwerbsp.
13211;;;;2025;KREISE;;05154;;ERWAQ8;;ARBEITSQUO09;15 bis unter 25 Jahre;5,6;Prozent;ERWP10;Arbeitslosenquote bez. auf alle zivile Erwerbsp.
13211;;;;2025;KREISE;;08326;;ERWAQ8;;ARBEITSQUO07;ausländisch;10,6;Prozent;ERWP10;Arbeitslosenquote bez. auf alle zivile Erwerbsp.
13211;;;;2025;KREISE;;03351;;ERWAQ8;;ARBEITSQUO06;Frauen;5,7;Prozent;ERWP10;Arbeitslosenquote bez. auf alle zivile Erwerbsp.
13211;;;;2025;KREISE;;15089;;ERWAQ8;;ARBEITSQUO07;ausländisch;25,2;Prozent;ERWP10;Arbeitslosenquote bez. auf alle zivile Erwerbsp.
13211;;;;2025;KREISE;;09186;;ERWAQ8;;ARBEITSQUO09;15 bis unter 25 Jahre;3,2;Prozent;ERWP10;Arbeitslosenquote bez. auf alle zivile Erwerbsp.
13211;;;;2025;KREISE;;03451;;ERWAQ8;;ARBEITSQUO05;Männer;4,3;Prozent;ERWP10;Arbeitslosenquote bez. auf alle zivile Erwerbsp.
13211;;;;2025;KREISE;;06437;;ERWAQ8;;ARBEITSQUO09;15 bis unter 25 Jahre;5,7;Prozent;ERWP10;Arbeitslosenquote bez. auf alle zivile Erwerbsp.
13211;;;;2025;KREISE;;07337;;ERWAQ8;;ARBEITSQUO07;ausländisch;12,4;Prozent;ERWP10;Arbeitslosenquote bez. auf alle zivile Erwerbsp.
13211;;;;2025;KREISE;;14181;;ERWAQ8;;ARBEITSQUO09;15 bis unter 25 Jahre;-;Prozent;ERWP10;Arbeitslosenquote bez. auf alle zivile Erwerbsp.
13211;;;;2025;KREISE;;09762;;ERWAQ8;;ARBEITSQUO06;Frauen;4,6;Prozent;ERWP10;Arbeitslosenquote bez. auf alle zivile Erwerbsp.
13211;;;;2025;KREISE;;14612;;ERWAQ8;;ARBEITSQUO05;Männer;7,2;Prozent;ERWP10;Arbeitslosenquote bez. auf alle zivile Erwerbsp.
13211;;;;2025;KREISE;;06535;;ERWAQ8;;ARBEITSQUO09;15 bis unter 25 Jahre;5,6;Prozent;ERWP10;Arbeitslosenquote bez. auf alle zivile Erwerbsp.
13211;;;;2025;KREISE;;06633;;ERWAQ8;;ARBEITSQUO09;15 bis unter 25 Jahre;5,7;Prozent;ERWP10;Arbeitslosenquote bez. auf alle zivile Erwerbsp.
13211;;;;2025;KREISE;;04011;;ERWAQ8;;ARBEITSQUO06;Frauen;10,6;Prozent;ERWP10;Arbeitslosenquote bez. auf alle zivile Erwerbsp.
13211;;;;2025;KREISE;;08121;;ERWAQ8;;ARBEITSQUO05;Männer;6,9;Prozent;ERWP10;Arbeitslosenquote bez. auf alle zivile Erwerbsp.
13211;;;;2025;KREISE;;08417;;ERWAQ8;;ARBEITSQUO06;Frauen;4,4;Prozent;ERWP10;Arbeitslosenquote bez. auf alle zivile Erwerbsp.
13211;;;;2025;KREISE;;11012012;;ERWAQ8;;ARBEITSQUO06;Frauen;.;Prozent;ERWP10;Arbeitslosenquote bez. auf alle zivile Erwerbsp.
13211;;;;2025;KREISE;;05358;;ERWAQ8;;ARBEITSQUO07;ausländisch;19,4;Prozent;ERWP10;Arbeitslosenquote bez. auf alle zivile Erwerbsp.
13211;;;;2025;KREISE;;09679;;ERWAQ8;;ARBEITSQUO05;Männer;3,0;Prozent;ERWP10;Arbeitslosenquote bez. auf alle zivile Erwerbsp.
13211;;;;2025;KREISE;;09777;;ERWAQ8;;ARBEITSQUO05;Männer;2,8;Prozent;ERWP10;Arbeitslosenquote bez. auf alle zivile Erwerbsp.
13211;;;;2025;KREISE;;08416;;ERWAQ8;;ARBEITSQUO09;15 bis unter 25 Jahre;2,3;Prozent;ERWP10;Arbeitslosenquote bez. auf alle zivile Erwerbsp.
13211;;;;2025;KREISE;;08437;;ERWAQ8;;ARBEITSQUO07;ausländisch;8,9;Prozent;ERWP10;Arbeitslosenquote bez. auf alle zivile Erwerbsp.
13211;;;;2025;KREISE;;16063;;ERWAQ8;;ARBEITSQUO06;Frauen;5,6;Prozent;ERWP10;Arbeitslosenquote bez. auf alle zivile Erwerbsp.
13211;;;;2025;KREISE;;03255;;ERWAQ8;;ARBEITSQUO05;Männer;7,7;Prozent;ERWP10;Arbeitslosenquote bez. auf alle zivile Erwerbsp.
13211;;;;2025;KREISE;;09761;;ERWAQ8;;ARBEITSQUO09;15 bis unter 25 Jahre;6,2;Prozent;ERWP10;Arbeitslosenquote bez. auf alle zivile Erwerbsp.
13211;;;;2025;KREISE;;11009009;;ERWAQ8;;ARBEITSQUO06;Frauen;.;Prozent;ERWP10;Arbeitslosenquote bez. auf alle zivile Erwerbsp.
13211;;;;2025;KREISE;;14280;;ERWAQ8;;ARBEITSQUO06;Frauen;-;Prozent;ERWP10;Arbeitslosenquote bez. auf alle zivile Erwerbsp.
13211;;;;2025;KREISE;;05554;;ERWAQ8;;ARBEITSQUO07;ausländisch;17,7;Prozent;ERWP10;Arbeitslosenquote bez. auf alle zivile Erwerbsp.
13211;;;;2025;KREISE;;12066;;ERWAQ8;;ARBEITSQUO06;Frauen;6,7;Prozent;ERWP10;Arbeitslosenquote bez. auf alle zivile Erwerbsp.
13211;;;;2025;KREISE;;03353;;ERWAQ8;;ARBEITSQUO05;Männer;5,1;Prozent;ERWP10;Arbeitslosenquote bez. auf alle zivile Erwerbsp.
13211;;;;2025;KREISE;;09262;;ERWAQ8;;ARBEITSQUO09;15 bis unter 25 Jahre;5,2;Prozent;ERWP10;Arbeitslosenquote bez. auf alle zivile Erwerbsp.
13211;;;;2025;KREISE;;07317;;ERWAQ8;;ARBEITSQUO06;Frauen;11,5;Prozent;ERWP10;Arbeitslosenquote bez. auf alle zivile Erwerbsp.
13211;;;;2025;KREISE;;09663;;ERWAQ8;;ARBEITSQUO09;15 bis unter 25 Jahre;3,5;Prozent;ERWP10;Arbeitslosenquote bez. auf alle zivile Erwerbsp.
13211;;;;2025;KREISE;;09479;;ERWAQ8;;ARBEITSQUO05;Männer;5,9;Prozent;ERWP10;Arbeitslosenquote bez. auf alle zivile Erwerbsp.
13211;;;;2025;KREISE;;12060;;ERWAQ8;;ARBEITSQUO09;15 bis unter 25 Jahre;6,4;Prozent;ERWP10;Arbeitslosenquote bez. auf alle zivile Erwerbsp.
13211;;;;2025;KREISE;;15082;;ERWAQ8;;ARBEITSQUO06;Frauen;7,1;Prozent;ERWP10;Arbeitslosenquote bez. auf alle zivile Erwerbsp.
13211;;;;2025;KREISE;;09181;;ERWAQ8;;ARBEITSQUO05;Männer;3,3;Prozent;ERWP10;Arbeitslosenquote bez. auf alle zivile Erwerbsp.
13211;;;;2025;KREISE;;01002;;ERWAQ8;;ARBEITSQUO09;15 bis unter 25 Jahre;6,0;Prozent;ERWP10;Arbeitslosenquote bez. auf alle zivile Erwerbsp.
13211;;;;2025;KREISE;;06415;;ERWAQ8;;ARBEITSQUO09;15 bis unter 25 Jahre;-;Prozent;ERWP10;Arbeitslosenquote bez. auf alle zivile Erwerbsp.
13211;;;;2025;KREISE;;01002;;ERWAQ8;;ARBEITSQUO07;ausländisch;19,7;Prozent;ERWP10;Arbeitslosenquote bez. auf alle zivile Erwerbsp.
13211;;;;2025;KREISE;;09373;;ERWAQ8;;ARBEITSQUO07;ausländisch;7,5;Prozent;ERWP10;Arbeitslosenquote bez. auf alle zivile Erwerbsp.
13211;;;;2025;KREISE;;16070;;ERWAQ8;;ARBEITSQUO07;ausländisch;15,5;Prozent;ERWP10;Arbeitslosenquote bez. auf alle zivile Erwerbsp.
13211;;;;2025;KREISE;;09565;;ERWAQ8;;ARBEITSQUO09;15 bis unter 25 Jahre;4,2;Prozent;ERWP10;Arbeitslosenquote bez. auf alle zivile Erwerbsp.
13211;;;;2025;KREISE;;08211;;ERWAQ8;;ARBEITSQUO07;ausländisch;14,8;Prozent;ERWP10;Arbeitslosenquote bez. auf alle zivile Erwerbsp.
13211;;;;2025;KREISE;;07132;;ERWAQ8;;ARBEITSQUO07;ausländisch;18,6;Prozent;ERWP10;Arbeitslosenquote bez. auf alle zivile Erwerbsp.
13211;;;;2025;KREISE;;09577;;ERWAQ8;;ARBEITSQUO05;Männer;3,9;Prozent;ERWP10;Arbeitslosenquote bez. auf alle zivile Erwerbsp.
13211;;;;2025;KREISE;;08317;;ERWAQ8;;ARBEITSQUO05;Männer;4,1;Prozent;ERWP10;Arbeitslosenquote bez. auf alle zivile Erwerbsp.
13211;;;;2025;KREISE;;05314;;ERWAQ8;;ARBEITSQUO07;ausländisch;14,8;Prozent;ERWP10;Arbeitslosenquote bez. auf alle zivile Erwerbsp.
13211;;;;2025;KREISE;;05770;;ERWAQ8;;ARBEITSQUO06;Frauen;6,1;Prozent;ERWP10;Arbeitslosenquote bez. auf alle zivile Erwerbsp.
13211;;;;2025;KREISE;;14173;;ERWAQ8;;ARBEITSQUO06;Frauen;-;Prozent;ERWP10;Arbeitslosenquote bez. auf alle zivile Erwerbsp.
13211;;;;2025;KREISE;;06611;;ERWAQ8;;ARBEITSQUO09;15 bis unter 25 Jahre;6,4;Prozent;ERWP10;Arbeitslosenquote bez. auf alle zivile Erwerbsp.
13211;;;;2025;KREISE;;11012012;;ERWAQ8;;ARBEITSQUO09;15 bis unter 25 Jahre;.;Prozent;ERWP10;Arbeitslosenquote bez. auf alle zivile Erwerbsp.
13211;;;;2025;KREISE;;09275;;ERWAQ8;;ARBEITSQUO07;ausländisch;10,6;Prozent;ERWP10;Arbeitslosenquote bez. auf alle zivile Erwerbsp.
13211;;;;2025;KREISE;;12053;;ERWAQ8;;ARBEITSQUO06;Frauen;8,9;Prozent;ERWP10;Arbeitslosenquote bez. auf alle zivile Erwerbsp.
13211;;;;2025;KREISE;;05122;;ERWAQ8;;ARBEITSQUO05;Männer;8,8;Prozent;ERWP10;Arbeitslosenquote bez. auf alle zivile Erwerbsp.
13211;;;;2025;KREISE;;12072;;ERWAQ8;;ARBEITSQUO05;Männer;5,7;Prozent;ERWP10;Arbeitslosenquote bez. auf alle zivile Erwerbsp.
13211;;;;2025;KREISE;;01056;;ERWAQ8;;ARBEITSQUO06;Frauen;5,3;Prozent;ERWP10;Arbeitslosenquote bez. auf alle zivile Erwerbsp.
13211;;;;2025;KREISE;;01059;;ERWAQ8;;ARBEITSQUO09;15 bis unter 25 Jahre;6,1;Prozent;ERWP10;Arbeitslosenquote bez. auf alle zivile Erwerbsp.
13211;;;;2025;KREISE;;08415;;ERWAQ8;;ARBEITSQUO05;Männer;5,0;Prozent;ERWP10;Arbeitslosenquote bez. auf alle zivile Erwerbsp.
13211;;;;2025;KREISE;;15090;;ERWAQ8;;ARBEITSQUO09;15 bis unter 25 Jahre;11,5;Prozent;ERWP10;Arbeitslosenquote bez. auf alle zivile Erwerbsp.
13211;;;;2025;KREISE;;01059;;ERWAQ8;;ARBEITSQUO07;ausländisch;24,1;Prozent;ERWP10;Arbeitslosenquote bez. auf alle zivile Erwerbsp.
13211;;;;2025;KREISE;;07132;;ERWAQ8;;ARBEITSQUO05;Männer;6,0;Prozent;ERWP10;Arbeitslosenquote bez. auf alle zivile Erwerbsp.
13211;;;;2025;KREISE;;11006006;;ERWAQ8;;ARBEITSQUO09;15 bis unter 25 Jahre;.;Prozent;ERWP10;Arbeitslosenquote bez. auf alle zivile Erwerbsp.
13211;;;;2025;KREISE;;13075;;ERWAQ8;;ARBEITSQUO05;Männer;10,4;Prozent;ERWP10;Arbeitslosenquote bez. auf alle zivile Erwerbsp.
13211;;;;2025;KREISE;;13075;;ERWAQ8;;ARBEITSQUO07;ausländisch;23,8;Prozent;ERWP10;Arbeitslosenquote bez. auf alle zivile Erwerbsp.
13211;;;;2025;KREISE;;12068;;ERWAQ8;;ARBEITSQUO07;ausländisch;20,6;Prozent;ERWP10;Arbeitslosenquote bez. auf alle zivile Erwerbsp.
13211;;;;2025;KREISE;;05913;;ERWAQ8;;ARBEITSQUO06;Frauen;11,8;Prozent;ERWP10;Arbeitslosenquote bez. auf alle zivile Erwerbsp.
13211;;;;2025;KREISE;;05916;;ERWAQ8;;ARBEITSQUO09;15 bis unter 25 Jahre;11,0;Prozent;ERWP10;Arbeitslosenquote bez. auf alle zivile Erwerbsp.
13211;;;;2025;KREISE;;08135;;ERWAQ8;;ARBEITSQUO09;15 bis unter 25 Jahre;4,0;Prozent;ERWP10;Arbeitslosenquote bez. auf alle zivile Erwerbsp.
13211;;;;2025;KREISE;;05954;;ERWAQ8;;ARBEITSQUO05;Männer;7,7;Prozent;ERWP10;Arbeitslosenquote bez. auf alle zivile Erwerbsp.
13211;;;;2025;KREISE;;09471;;ERWAQ8;;ARBEITSQUO07;ausländisch;8,5;Prozent;ERWP10;Arbeitslosenquote bez. auf alle zivile Erwerbsp.
13211;;;;2025;KREISE;;05362;;ERWAQ8;;ARBEITSQUO05;Männer;6,7;Prozent;ERWP10;Arbeitslosenquote bez. auf alle zivile Erwerbsp.
13211;;;;2025;KREISE;;09662;;ERWAQ8;;ARBEITSQUO05;Männer;6,9;Prozent;ERWP10;Arbeitslosenquote bez. auf alle zivile Erwerbsp.
13211;;;;2025;KREISE;;14287;;ERWAQ8;;ARBEITSQUO07;ausländisch;-;Prozent;ERWP10;Arbeitslosenquote bez. auf alle zivile Erwerbsp.
13211;;;;2025;KREISE;;07339;;ERWAQ8;;ARBEITSQUO06;Frauen;4,8;Prozent;ERWP10;Arbeitslosenquote bez. auf alle zivile Erwerbsp.
13211;;;;2025;KREISE;;07337;;ERWAQ8;;ARBEITSQUO09;15 bis unter 25 Jahre;4,6;Prozent;ERWP10;Arbeitslosenquote bez. auf alle zivile Erwerbsp.
13211;;;;2025;KREISE;;09272;;ERWAQ8;;ARBEITSQUO06;Frauen;2,9;Prozent;ERWP10;Arbeitslosenquote bez. auf alle zivile Erwerbsp.
13211;;;;2025;KREISE;;05758;;ERWAQ8;;ARBEITSQUO05;Männer;6,6;Prozent;ERWP10;Arbeitslosenquote bez. auf alle zivile Erwerbsp.
13211;;;;2025;KREISE;;15268;;ERWAQ8;;ARBEITSQUO09;15 bis unter 25 Jahre;-;Prozent;ERWP10;Arbeitslosenquote bez. auf alle zivile Erwerbsp.
13211;;;;2025;KREISE;;03158;;ERWAQ8;;ARBEITSQUO09;15 bis unter 25 Jahre;5,2;Prozent;ERWP10;Arbeitslosenquote bez. auf alle zivile Erwerbsp.
13211;;;;2025;KREISE;;09676;;ERWAQ8;;ARBEITSQUO09;15 bis unter 25 Jahre;4,6;Prozent;ERWP10;Arbeitslosenquote bez. auf alle zivile Erwerbsp.
13211;;;;2025;KREISE;;11003003;;ERWAQ8;;ARBEITSQUO07;ausländisch;.;Prozent;ERWP10;Arbeitslosenquote bez. auf alle zivile Erwerbsp.
13211;;;;2025;KREISE;;10045;;ERWAQ8;;ARBEITSQUO05;Männer;5,8;Prozent;ERWP10;Arbeitslosenquote bez. auf alle zivile Erwerbsp.
13211;;;;2025;KREISE;;05378;;ERWAQ8;;ARBEITSQUO06;Frauen;5,8;Prozent;ERWP10;Arbeitslosenquote bez. auf alle zivile Erwerbsp.
13211;;;;2025;KREISE;;14713;;ERWAQ8;;ARBEITSQUO06;Frauen;8,1;Prozent;ERWP10;Arbeitslosenquote bez. auf alle zivile Erwerbsp.
13211;;;;2025;KREISE;;08437;;ERWAQ8;;ARBEITSQUO05;Männer;3,9;Prozent;ERWP10;Arbeitslosenquote bez. auf alle zivile Erwerbsp.
13211;;;;2025;KREISE;;09174;;ERWAQ8;;ARBEITSQUO06;Frauen;3,2;Prozent;ERWP10;Arbeitslosenquote bez. auf alle zivile Erwerbsp.
13211;;;;2025;KREISE;;03461;;ERWAQ8;;ARBEITSQUO09;15 bis unter 25 Jahre;6,5;Prozent;ERWP10;Arbeitslosenquote bez. auf alle zivile Erwerbsp.
13211;;;;2025;KREISE;;07138;;ERWAQ8;;ARBEITSQUO06;Frauen;5,0;Prozent;ERWP10;Arbeitslosenquote bez. auf alle zivile Erwerbsp.
13211;;;;2025;KREISE;;15367;;ERWAQ8;;ARBEITSQUO06;Frauen;-;Prozent;ERWP10;Arbeitslosenquote bez. auf alle zivile Erwerbsp.
13211;;;;2025;KREISE;;13053;;ERWAQ8;;ARBEITSQUO05;Männer;-;Prozent;ERWP10;Arbeitslosenquote bez. auf alle zivile Erwerbsp.
13211;;;;2025;KREISE;;11003003;;ERWAQ8;;ARBEITSQUO06;Frauen;.;Prozent;ERWP10;Arbeitslosenquote bez. auf alle zivile Erwerbsp.
13211;;;;2025;KREISE;;15002;;ERWAQ8;;ARBEITSQUO09;15 bis unter 25 Jahre;8,8;Prozent;ERWP10;Arbeitslosenquote bez. auf alle zivile Erwerbsp.
13211;;;;2025;KREISE;;03101;;ERWAQ8;;ARBEITSQUO09;15 bis unter 25 Jahre;5,0;Prozent;ERWP10;Arbeitslosenquote bez. auf alle zivile Erwerbsp.
13211;;;;2025;KREISE;;09262;;ERWAQ8;;ARBEITSQUO07;ausländisch;12,4;Prozent;ERWP10;Arbeitslosenquote bez. auf alle zivile Erwerbsp.
13211;;;;2025;KREISE;;03102;;ERWAQ8;;ARBEITSQUO06;Frauen;10,5;Prozent;ERWP10;Arbeitslosenquote bez. auf alle zivile Erwerbsp.
13211;;;;2025;KREISE;;09183;;ERWAQ8;;ARBEITSQUO06;Frauen;3,7;Prozent;ERWP10;Arbeitslosenquote bez. auf alle zivile Erwerbsp.
13211;;;;2025;KREISE;;06432;;ERWAQ8;;ARBEITSQUO07;ausländisch;14,0;Prozent;ERWP10;Arbeitslosenquote bez. auf alle zivile Erwerbsp.
13211;;;;2025;KREISE;;07319;;ERWAQ8;;ARBEITSQUO07;ausländisch;15,8;Prozent;ERWP10;Arbeitslosenquote bez. auf alle zivile Erwerbsp.
13211;;;;2025;KREISE;;14284;;ERWAQ8;;ARBEITSQUO06;Frauen;-;Prozent;ERWP10;Arbeitslosenquote bez. auf alle zivile Erwerbsp.
13211;;;;2025;KREISE;;05158;;ERWAQ8;;ARBEITSQUO09;15 bis unter 25 Jahre;6,1;Prozent;ERWP10;Arbeitslosenquote bez. auf alle zivile Erwerbsp.
13211;;;;2025;KREISE;;03452;;ERWAQ8;;ARBEITSQUO09;15 bis unter 25 Jahre;5,8;Prozent;ERWP10;Arbeitslosenquote bez. auf alle zivile Erwerbsp.
13211;;;;2025;KREISE;;07311;;ERWAQ8;;ARBEITSQUO09;15 bis unter 25 Jahre;8,2;Prozent;ERWP10;Arbeitslosenquote bez. auf alle zivile Erwerbsp.
13211;;;;2025;KREISE;;05116;;ERWAQ8;;ARBEITSQUO06;Frauen;10,6;Prozent;ERWP10;Arbeitslosenquote bez. auf alle zivile Erwerbsp.
13211;;;;2025;KREISE;;11006006;;ERWAQ8;;ARBEITSQUO05;Männer;.;Prozent;ERWP10;Arbeitslosenquote bez. auf alle zivile Erwerbsp.
13211;;;;2025;KREISE;;06436;;ERWAQ8;;ARBEITSQUO05;Männer;5,3;Prozent;ERWP10;Arbeitslosenquote bez. auf alle zivile Erwerbsp.
13211;;;;2025;KREISE;;03456;;ERWAQ8;;ARBEITSQUO07;ausländisch;11,4;Prozent;ERWP10;Arbeitslosenquote bez. auf alle zivile Erwerbsp.
13211;;;;2025;KREISE;;16053;;ERWAQ8;;ARBEITSQUO09;15 bis unter 25 Jahre;5,2;Prozent;ERWP10;Arbeitslosenquote bez. auf alle zivile Erwerbsp.
13211;;;;2025;KREISE;;13001;;ERWAQ8;;ARBEITSQUO09;15 bis unter 25 Jahre;-;Prozent;ERWP10;Arbeitslosenquote bez. auf alle zivile Erwerbsp.
13211;;;;2025;KREISE;;13062;;ERWAQ8;;ARBEITSQUO07;ausländisch;-;Prozent;ERWP10;Arbeitslosenquote bez. auf alle zivile Erwerbsp.
13211;;;;2025;KREISE;;03159;;ERWAQ8;;ARBEITSQUO06;Frauen;6,2;Prozent;ERWP10;Arbeitslosenquote bez. auf alle zivile Erwerbsp.
13211;;;;2025;KREISE;;14171;;ERWAQ8;;ARBEITSQUO05;Männer;-;Prozent;ERWP10;Arbeitslosenquote bez. auf alle zivile Erwerbsp.
13211;;;;2025;KREISE;;06534;;ERWAQ8;;ARBEITSQUO05;Männer;5,0;Prozent;ERWP10;Arbeitslosenquote bez. auf alle zivile Erwerbsp.
13211;;;;2025;KREISE;;12073;;ERWAQ8;;ARBEITSQUO09;15 bis unter 25 Jahre;14,1;Prozent;ERWP10;Arbeitslosenquote bez. auf alle zivile Erwerbsp.
13211;;;;2025;KREISE;;08126;;ERWAQ8;;ARBEITSQUO07;ausländisch;8,5;Prozent;ERWP10;Arbeitslosenquote bez. auf alle zivile Erwerbsp.
13211;;;;2025;KREISE;;05166;;ERWAQ8;;ARBEITSQUO05;Männer;6,3;Prozent;ERWP10;Arbeitslosenquote bez. auf alle zivile Erwerbsp.
13211;;;;2025;KREISE;;03257;;ERWAQ8;;ARBEITSQUO06;Frauen;5,6;Prozent;ERWP10;Arbeitslosenquote bez. auf alle zivile Erwerbsp.
13211;;;;2025;KREISE;;15091;;ERWAQ8;;ARBEITSQUO06;Frauen;6,5;Prozent;ERWP10;Arbeitslosenquote bez. auf alle zivile Erwerbsp.
13211;;;;2025;KREISE;;14524;;ERWAQ8;;ARBEITSQUO09;15 bis unter 25 Jahre;6,3;Prozent;ERWP10;Arbeitslosenquote bez. auf alle zivile Erwerbsp.
13211;;;;2025;KREISE;;03460;;ERWAQ8;;ARBEITSQUO05;Männer;3,7;Prozent;ERWP10;Arbeitslosenquote bez. auf alle zivile Erwerbsp.
13211;;;;2025;KREISE;;06632;;ERWAQ8;;ARBEITSQUO05;Männer;4,4;Prozent;ERWP10;Arbeitslosenquote bez. auf alle zivile Erwerbsp.
13211;;;;2025;KREISE;;09779;;ERWAQ8;;ARBEITSQUO06;Frauen;2,4;Prozent;ERWP10;Arbeitslosenquote bez. auf alle zivile Erwerbsp.
13211;;;;2025;KREISE;;03256;;ERWAQ8;;ARBEITSQUO09;15 bis unter 25 Jahre;6,0;Prozent;ERWP10;Arbeitslosenquote bez. auf alle zivile Erwerbsp.
13211;;;;2025;KREISE;;09778;;ERWAQ8;;ARBEITSQUO09;15 bis unter 25 Jahre;2,3;Prozent;ERWP10;Arbeitslosenquote bez. auf alle zivile Erwerbsp.
13211;;;;2025;KREISE;;09564;;ERWAQ8;;ARBEITSQUO05;Männer;7,4;Prozent;ERWP10;Arbeitslosenquote bez. auf alle zivile Erwerbsp.
13211;;;;2025;KREISE;;08221;;ERWAQ8;;ARBEITSQUO06;Frauen;4,7;Prozent;ERWP10;Arbeitslosenquote bez. auf alle zivile Erwerbsp.
13211;;;;2025;KREISE;;03358;;ERWAQ8;;ARBEITSQUO07;ausländisch;17,2;Prozent;ERWP10;Arbeitslosenquote bez. auf alle zivile Erwerbsp.
13211;;;;2025;KREISE;;14167;;ERWAQ8;;ARBEITSQUO07;ausländisch;-;Prozent;ERWP10;Arbeitslosenquote bez. auf alle zivile Erwerbsp.
13211;;;;2025;KREISE;;07141;;ERWAQ8;;ARBEITSQUO07;ausländisch;13,7;Prozent;ERWP10;Arbeitslosenquote bez. auf alle zivile Erwerbsp.
13211;;;;2025;KREISE;;03354;;ERWAQ8;;ARBEITSQUO09;15 bis unter 25 Jahre;8,2;Prozent;ERWP10;Arbeitslosenquote bez. auf alle zivile Erwerbsp.
13211;;;;2025;KREISE;;13058;;ERWAQ8;;ARBEITSQUO09;15 bis unter 25 Jahre;-;Prozent;ERWP10;Arbeitslosenquote bez. auf alle zivile Erwerbsp.
13211;;;;2025;KREISE;;15370;;ERWAQ8;;ARBEITSQUO07;ausländisch;-;Prozent;ERWP10;Arbeitslosenquote bez. auf alle zivile Erwerbsp.
13211;;;;2025;KREISE;;13059;;ERWAQ8;;ARBEITSQUO06;Frauen;-;Prozent;ERWP10;Arbeitslosenquote bez. auf alle zivile Erwerbsp.
13211;;;;2025;KREISE;;15001;;ERWAQ8;;ARBEITSQUO05;Männer;10,5;Prozent;ERWP10;Arbeitslosenquote bez. auf alle zivile Erwerbsp.
13211;;;;2025;KREISE;;11012012;;ERWAQ8;;ARBEITSQUO05;Männer;.;Prozent;ERWP10;Arbeitslosenquote bez. auf alle zivile Erwerbsp.
13211;;;;2025;KREISE;;03355;;ERWAQ8;;ARBEITSQUO06;Frauen;5,4;Prozent;ERWP10;Arbeitslosenquote bez. auf alle zivile Erwerbsp.
13211;;;;2025;KREISE;;15085;;ERWAQ8;;ARBEITSQUO07;ausländisch;16,5;Prozent;ERWP10;Arbeitslosenquote bez. auf alle zivile Erwerbsp.
13211;;;;2025;KREISE;;03453;;ERWAQ8;;ARBEITSQUO06;Frauen;4,5;Prozent;ERWP10;Arbeitslosenquote bez. auf alle zivile Erwerbsp.
13211;;;;2025;KREISE;;15358;;ERWAQ8;;ARBEITSQUO06;Frauen;-;Prozent;ERWP10;Arbeitslosenquote bez. auf alle zivile Erwerbsp.
13211;;;;2025;KREISE;;09161;;ERWAQ8;;ARBEITSQUO06;Frauen;4,7;Prozent;ERWP10;Arbeitslosenquote bez. auf alle zivile Erwerbsp.
13211;;;;2025;KREISE;;14262;;ERWAQ8;;ARBEITSQUO06;Frauen;-;Prozent;ERWP10;Arbeitslosenquote bez. auf alle zivile Erwerbsp.
13211;;;;2025;KREISE;;06414;;ERWAQ8;;ARBEITSQUO05;Männer;7,8;Prozent;ERWP10;Arbeitslosenquote bez. auf alle zivile Erwerbsp.
13211;;;;2025;KREISE;;16073;;ERWAQ8;;ARBEITSQUO05;Männer;6,8;Prozent;ERWP10;Arbeitslosenquote bez. auf alle zivile Erwerbsp.
13211;;;;2025;KREISE;;15352;;ERWAQ8;;ARBEITSQUO05;Männer;-;Prozent;ERWP10;Arbeitslosenquote bez. auf alle zivile Erwerbsp.
13211;;;;2025;KREISE;;09182;;ERWAQ8;;ARBEITSQUO09;15 bis unter 25 Jahre;2,3;Prozent;ERWP10;Arbeitslosenquote bez. auf alle zivile Erwerbsp.
13211;;;;2025;KREISE;;10041;;ERWAQ8;;ARBEITSQUO07;ausländisch;23,3;Prozent;ERWP10;Arbeitslosenquote bez. auf alle zivile Erwerbsp.
13211;;;;2025;KREISE;;08237;;ERWAQ8;;ARBEITSQUO07;ausländisch;10,3;Prozent;ERWP10;Arbeitslosenquote bez. auf alle zivile Erwerbsp.
13211;;;;2025;KREISE;;13002;;ERWAQ8;;ARBEITSQUO06;Frauen;-;Prozent;ERWP10;Arbeitslosenquote bez. auf alle zivile Erwerbsp.
13211;;;;2025;KREISE;;11009009;;ERWAQ8;;ARBEITSQUO07;ausländisch;.;Prozent;ERWP10;Arbeitslosenquote bez. auf alle zivile Erwerbsp.
13211;;;;2025;KREISE;;14193;;ERWAQ8;;ARBEITSQUO05;Männer;-;Prozent;ERWP10;Arbeitslosenquote bez. auf alle zivile Erwerbsp.
13211;;;;2025;KREISE;;08335;;ERWAQ8;;ARBEITSQUO07;ausländisch;8,7;Prozent;ERWP10;Arbeitslosenquote bez. auf alle zivile Erwerbsp.
13211;;;;2025;KREISE;;05754;;ERWAQ8;;ARBEITSQUO07;ausländisch;11,8;Prozent;ERWP10;Arbeitslosenquote bez. auf alle zivile Erwerbsp.
13211;;;;2025;KREISE;;03152;;ERWAQ8;;ARBEITSQUO05;Männer;-;Prozent;ERWP10;Arbeitslosenquote bez. auf alle zivile Erwerbsp.
13211;;;;2025;KREISE;;09675;;ERWAQ8;;ARBEITSQUO05;Männer;3,3;Prozent;ERWP10;Arbeitslosenquote bez. auf alle zivile Erwerbsp.
13211;;;;2025;KREISE;;09177;;ERWAQ8;;ARBEITSQUO07;ausländisch;6,0;Prozent;ERWP10;Arbeitslosenquote bez. auf alle zivile Erwerbsp.
13211;;;;2025;KREISE;;05334;;ERWAQ8;;ARBEITSQUO06;Frauen;7,4;Prozent;ERWP10;Arbeitslosenquote bez. auf alle zivile Erwerbsp.
13211;;;;2025;KREISE;;03251;;ERWAQ8;;ARBEITSQUO05;Männer;4,6;Prozent;ERWP10;Arbeitslosenquote bez. auf alle zivile Erwerbsp.
13211;;;;2025;KREISE;;09773;;ERWAQ8;;ARBEITSQUO05;Männer;3,1;Prozent;ERWP10;Arbeitslosenquote bez. auf alle zivile Erwerbsp.
13211;;;;2025;KREISE;;09190;;ERWAQ8;;ARBEITSQUO05;Männer;3,4;Prozent;ERWP10;Arbeitslosenquote bez. auf alle zivile Erwerbsp.
13211;;;;2025;KREISE;;16066;;ERWAQ8;;ARBEITSQUO09;15 bis unter 25 Jahre;5,4;Prozent;ERWP10;Arbeitslosenquote bez. auf alle zivile Erwerbsp.
13211;;;;2025;KREISE;;05558;;ERWAQ8;;ARBEITSQUO07;ausländisch;21,5;Prozent;ERWP10;Arbeitslosenquote bez. auf alle zivile Erwerbsp.
13211;;;;2025;KREISE;;12062;;ERWAQ8;;ARBEITSQUO06;Frauen;5,9;Prozent;ERWP10;Arbeitslosenquote bez. auf alle zivile Erwerbsp.
13211;;;;2025;KREISE;;15357;;ERWAQ8;;ARBEITSQUO07;ausländisch;-;Prozent;ERWP10;Arbeitslosenquote bez. auf alle zivile Erwerbsp.
13211;;;;2025;KREISE;;08136;;ERWAQ8;;ARBEITSQUO06;Frauen;3,8;Prozent;ERWP10;Arbeitslosenquote bez. auf alle zivile Erwerbsp.
13211;;;;2025;KREISE;;09185;;ERWAQ8;;ARBEITSQUO07;ausländisch;8,7;Prozent;ERWP10;Arbeitslosenquote bez. auf alle zivile Erwerbsp.
13211;;;;2025;KREISE;;08117;;ERWAQ8;;ARBEITSQUO09;15 bis unter 25 Jahre;4,8;Prozent;ERWP10;Arbeitslosenquote bez. auf alle zivile Erwerbsp.
13211;;;;2025;KREISE;;05114;;ERWAQ8;;ARBEITSQUO05;Männer;11,5;Prozent;ERWP10;Arbeitslosenquote bez. auf alle zivile Erwerbsp.
13211;;;;2025;KREISE;;12064;;ERWAQ8;;ARBEITSQUO05;Männer;6,4;Prozent;ERWP10;Arbeitslosenquote bez. auf alle zivile Erwerbsp.
13211;;;;2025;KREISE;;09475;;ERWAQ8;;ARBEITSQUO05;Männer;4,8;Prozent;ERWP10;Arbeitslosenquote bez. auf alle zivile Erwerbsp.
13211;;;;2025;KREISE;;14263;;ERWAQ8;;ARBEITSQUO06;Frauen;-;Prozent;ERWP10;Arbeitslosenquote bez. auf alle zivile Erwerbsp.
13211;;;;2025;KREISE;;06411;;ERWAQ8;;ARBEITSQUO07;ausländisch;12,8;Prozent;ERWP10;Arbeitslosenquote bez. auf alle zivile Erwerbsp.
13211;;;;2025;KREISE;;13071;;ERWAQ8;;ARBEITSQUO09;15 bis unter 25 Jahre;11,2;Prozent;ERWP10;Arbeitslosenquote bez. auf alle zivile Erwerbsp.
13211;;;;2025;KREISE;;09561;;ERWAQ8;;ARBEITSQUO09;15 bis unter 25 Jahre;5,0;Prozent;ERWP10;Arbeitslosenquote bez. auf alle zivile Erwerbsp.
13211;;;;2025;KREISE;;07332;;ERWAQ8;;ARBEITSQUO07;ausländisch;11,6;Prozent;ERWP10;Arbeitslosenquote bez. auf alle zivile Erwerbsp.
13211;;;;2025;KREISE;;16051;;ERWAQ8;;ARBEITSQUO05;Männer;6,7;Prozent;ERWP10;Arbeitslosenquote bez. auf alle zivile Erwerbsp.
13211;;;;2025;KREISE;;08215;;ERWAQ8;;ARBEITSQUO09;15 bis unter 25 Jahre;4,1;Prozent;ERWP10;Arbeitslosenquote bez. auf alle zivile Erwerbsp.
13211;;;;2025;KREISE;;15202;;ERWAQ8;;ARBEITSQUO07;ausländisch;-;Prozent;ERWP10;Arbeitslosenquote bez. auf alle zivile Erwerbsp.
13211;;;;2025;KREISE;;09573;;ERWAQ8;;ARBEITSQUO05;Männer;3,3;Prozent;ERWP10;Arbeitslosenquote bez. auf alle zivile Erwerbsp.
13211;;;;2025;KREISE;;03153;;ERWAQ8;;ARBEITSQUO05;Männer;7,6;Prozent;ERWP10;Arbeitslosenquote bez. auf alle zivile Erwerbsp.
13211;;;;2025;KREISE;;03153;;ERWAQ8;;ARBEITSQUO09;15 bis unter 25 Jahre;7,2;Prozent;ERWP10;Arbeitslosenquote bez. auf alle zivile Erwerbsp.
13211;;;;2025;KREISE;;09463;;ERWAQ8;;ARBEITSQUO09;15 bis unter 25 Jahre;7,6;Prozent;ERWP10;Arbeitslosenquote bez. auf alle zivile Erwerbsp.
13211;;;;2025;KREISE;;01055;;ERWAQ8;;ARBEITSQUO07;ausländisch;13,4;Prozent;ERWP10;Arbeitslosenquote bez. auf alle zivile Erwerbsp.
13211;;;;2025;KREISE;;11000;;ERWAQ8;;ARBEITSQUO09;15 bis unter 25 Jahre;9,3;Prozent;ERWP10;Arbeitslosenquote bez. auf alle zivile Erwerbsp.
13211;;;;2025;KREISE;;09362;;ERWAQ8;;ARBEITSQUO06;Frauen;4,7;Prozent;ERWP10;Arbeitslosenquote bez. auf alle zivile Erwerbsp.
13211;;;;2025;KREISE;;09279;;ERWAQ8;;ARBEITSQUO05;Männer;4,0;Prozent;ERWP10;Arbeitslosenquote bez. auf alle zivile Erwerbsp.
13211;;;;2025;KREISE;;09377;;ERWAQ8;;ARBEITSQUO05;Männer;4,1;Prozent;ERWP10;Arbeitslosenquote bez. auf alle zivile Erwerbsp.
13211;;;;2025;KREISE;;05978;;ERWAQ8;;ARBEITSQUO06;Frauen;7,1;Prozent;ERWP10;Arbeitslosenquote bez. auf alle zivile Erwerbsp.
13211;;;;2025;KREISE;;12061;;ERWAQ8;;ARBEITSQUO06;Frauen;3,5;Prozent;ERWP10;Arbeitslosenquote bez. auf alle zivile Erwerbsp.
13211;;;;2025;KREISE;;15086;;ERWAQ8;;ARBEITSQUO06;Frauen;6,6;Prozent;ERWP10;Arbeitslosenquote bez. auf alle zivile Erwerbsp.
13211;;;;2025;KREISE;;09163;;ERWAQ8;;ARBEITSQUO07;ausländisch;8,3;Prozent;ERWP10;Arbeitslosenquote bez. auf alle zivile Erwerbsp.
13211;;;;2025;KREISE;;08116;;ERWAQ8;;ARBEITSQUO05;Männer;4,8;Prozent;ERWP10;Arbeitslosenquote bez. auf alle zivile Erwerbsp.
13211;;;;2025;KREISE;;06433;;ERWAQ8;;ARBEITSQUO07;ausländisch;13,5;Prozent;ERWP10;Arbeitslosenquote bez. auf alle zivile Erwerbsp.
13211;;;;2025;KREISE;;07312;;ERWAQ8;;ARBEITSQUO06;Frauen;9,4;Prozent;ERWP10;Arbeitslosenquote bez. auf alle zivile Erwerbsp.
13211;;;;2025;KREISE;;16075;;ERWAQ8;;ARBEITSQUO09;15 bis unter 25 Jahre;6,0;Prozent;ERWP10;Arbeitslosenquote bez. auf alle zivile Erwerbsp.
13211;;;;2025;KREISE;;06439;;ERWAQ8;;ARBEITSQUO06;Frauen;4,9;Prozent;ERWP10;Arbeitslosenquote bez. auf alle zivile Erwerbsp.
13211;;;;2025;KREISE;;06531;;ERWAQ8;;ARBEITSQUO07;ausländisch;18,6;Prozent;ERWP10;Arbeitslosenquote bez. auf alle zivile Erwerbsp.
13211;;;;2025;KREISE;;16064;;ERWAQ8;;ARBEITSQUO05;Männer;8,0;Prozent;ERWP10;Arbeitslosenquote bez. auf alle zivile Erwerbsp.
13211;;;;2025;KREISE;;08237;;ERWAQ8;;ARBEITSQUO09;15 bis unter 25 Jahre;3,8;Prozent;ERWP10;Arbeitslosenquote bez. auf alle zivile Erwerbsp.
13211;;;;2025;KREISE;;13061;;ERWAQ8;;ARBEITSQUO05;Männer;-;Prozent;ERWP10;Arbeitslosenquote bez. auf alle zivile Erwerbsp.
13211;;;;2025;KREISE;;09179;;ERWAQ8;;ARBEITSQUO06;Frauen;3,6;Prozent;ERWP10;Arbeitslosenquote bez. auf alle zivile Erwerbsp.
13211;;;;2025;KREISE;;05162;;ERWAQ8;;ARBEITSQUO07;ausländisch;15,5;Prozent;ERWP10;Arbeitslosenquote bez. auf alle zivile Erwerbsp.
13211;;;;2025;KREISE;;12052;;ERWAQ8;;ARBEITSQUO09;15 bis unter 25 Jahre;6,0;Prozent;ERWP10;Arbeitslosenquote bez. auf alle zivile Erwerbsp.
13211;;;;2025;KREISE;;08335;;ERWAQ8;;ARBEITSQUO09;15 bis unter 25 Jahre;3,1;Prozent;ERWP10;Arbeitslosenquote bez. auf alle zivile Erwerbsp.
13211;;;;2025;KREISE;;05354;;ERWAQ8;;ARBEITSQUO09;15 bis unter 25 Jahre;-;Prozent;ERWP10;Arbeitslosenquote bez. auf alle zivile Erwerbsp.
13211;;;;2025;KREISE;;09672;;ERWAQ8;;ARBEITSQUO09;15 bis unter 25 Jahre;3,1;Prozent;ERWP10;Arbeitslosenquote bez. auf alle zivile Erwerbsp.
13211;;;;2025;KREISE;;09679;;ERWAQ8;;ARBEITSQUO07;ausländisch;10,3;Prozent;ERWP10;Arbeitslosenquote bez. auf alle zivile Erwerbsp.
13211;;;;2025;KREISE;;05120;;ERWAQ8;;ARBEITSQUO06;Frauen;8,1;Prozent;ERWP10;Arbeitslosenquote bez. auf alle zivile Erwerbsp.
13211;;;;2025;KREISE;;15260;;ERWAQ8;;ARBEITSQUO06;Frauen;-;Prozent;ERWP10;Arbeitslosenquote bez. auf alle zivile Erwerbsp.
13211;;;;2025;KREISE;;05354;;ERWAQ8;;ARBEITSQUO05;Männer;-;Prozent;ERWP10;Arbeitslosenquote bez. auf alle zivile Erwerbsp.
13211;;;;2025;KREISE;;09277;;ERWAQ8;;ARBEITSQUO06;Frauen;3,7;Prozent;ERWP10;Arbeitslosenquote bez. auf alle zivile Erwerbsp.
13211;;;;2025;KREISE;;09777;;ERWAQ8;;ARBEITSQUO07;ausländisch;6,6;Prozent;ERWP10;Arbeitslosenquote bez. auf alle zivile Erwerbsp.
13211;;;;2025;KREISE;;09574;;ERWAQ8;;ARBEITSQUO09;15 bis unter 25 Jahre;3,0;Prozent;ERWP10;Arbeitslosenquote bez. auf alle zivile Erwerbsp.
13211;;;;2025;KREISE;;09476;;ERWAQ8;;ARBEITSQUO09;15 bis unter 25 Jahre;4,4;Prozent;ERWP10;Arbeitslosenquote bez. auf alle zivile Erwerbsp.
13211;;;;2025;KREISE;;05158;;ERWAQ8;;ARBEITSQUO05;Männer;7,6;Prozent;ERWP10;Arbeitslosenquote bez. auf alle zivile Erwerbsp.
13211;;;;2025;KREISE;;03452;;ERWAQ8;;ARBEITSQUO07;ausländisch;20,4;Prozent;ERWP10;Arbeitslosenquote bez. auf alle zivile Erwerbsp.
13211;;;;2025;KREISE;;06413;;ERWAQ8;;ARBEITSQUO06;Frauen;10,3;Prozent;ERWP10;Arbeitslosenquote bez. auf alle zivile Erwerbsp.
13211;;;;2025;KREISE;;07319;;ERWAQ8;;ARBEITSQUO05;Männer;8,8;Prozent;ERWP10;Arbeitslosenquote bez. auf alle zivile Erwerbsp.
13211;;;;2025;KREISE;;09371;;ERWAQ8;;ARBEITSQUO06;Frauen;3,3;Prozent;ERWP10;Arbeitslosenquote bez. auf alle zivile Erwerbsp.
13211;;;;2025;KREISE;;07334;;ERWAQ8;;ARBEITSQUO06;Frauen;4,6;Prozent;ERWP10;Arbeitslosenquote bez. auf alle zivile Erwerbsp.
13211;;;;2025;KREISE;;07338;;ERWAQ8;;ARBEITSQUO09;15 bis unter 25 Jahre;3,9;Prozent;ERWP10;Arbeitslosenquote bez. auf alle zivile Erwerbsp.
13211;;;;2025;KREISE;;02000;;ERWAQ8;;ARBEITSQUO05;Männer;8,6;Prozent;ERWP10;Arbeitslosenquote bez. auf alle zivile Erwerbsp.
13211;;;;2025;KREISE;;09273;;ERWAQ8;;ARBEITSQUO06;Frauen;3,1;Prozent;ERWP10;Arbeitslosenquote bez. auf alle zivile Erwerbsp.
13211;;;;2025;KREISE;;05334002;;ERWAQ8;;ARBEITSQUO07;ausländisch;14,8;Prozent;ERWP10;Arbeitslosenquote bez. auf alle zivile Erwerbsp.
13211;;;;2025;KREISE;;13005;;ERWAQ8;;ARBEITSQUO09;15 bis unter 25 Jahre;-;Prozent;ERWP10;Arbeitslosenquote bez. auf alle zivile Erwerbsp.
13211;;;;2025;KREISE;;16069;;ERWAQ8;;ARBEITSQUO07;ausländisch;15,3;Prozent;ERWP10;Arbeitslosenquote bez. auf alle zivile Erwerbsp.
13211;;;;2025;KREISE;;12051;;ERWAQ8;;ARBEITSQUO05;Männer;9,7;Prozent;ERWP10;Arbeitslosenquote bez. auf alle zivile Erwerbsp.
13211;;;;2025;KREISE;;09172;;ERWAQ8;;ARBEITSQUO07;ausländisch;7,8;Prozent;ERWP10;Arbeitslosenquote bez. auf alle zivile Erwerbsp.
13211;;;;2025;KREISE;;08126;;ERWAQ8;;ARBEITSQUO09;15 bis unter 25 Jahre;3,2;Prozent;ERWP10;Arbeitslosenquote bez. auf alle zivile Erwerbsp.
13211;;;;2025;KREISE;;05166;;ERWAQ8;;ARBEITSQUO07;ausländisch;15,0;Prozent;ERWP10;Arbeitslosenquote bez. auf alle zivile Erwerbsp.
13211;;;;2025;KREISE;;09175;;ERWAQ8;;ARBEITSQUO06;Frauen;2,8;Prozent;ERWP10;Arbeitslosenquote bez. auf alle zivile Erwerbsp.
13211;;;;2025;KREISE;;08127;;ERWAQ8;;ARBEITSQUO06;Frauen;3,9;Prozent;ERWP10;Arbeitslosenquote bez. auf alle zivile Erwerbsp.
13211;;;;2025;KREISE;;06635;;ERWAQ8;;ARBEITSQUO06;Frauen;4,3;Prozent;ERWP10;Arbeitslosenquote bez. auf alle zivile Erwerbsp.
13211;;;;2025;KREISE;;08436;;ERWAQ8;;ARBEITSQUO05;Männer;3,4;Prozent;ERWP10;Arbeitslosenquote bez. auf alle zivile Erwerbsp.
13211;;;;2025;KREISE;;06636;;ERWAQ8;;ARBEITSQUO05;Männer;5,8;Prozent;ERWP10;Arbeitslosenquote bez. auf alle zivile Erwerbsp.
13211;;;;2025;KREISE;;15151;;ERWAQ8;;ARBEITSQUO05;Männer;-;Prozent;ERWP10;Arbeitslosenquote bez. auf alle zivile Erwerbsp.
13211;;;;2025;KREISE;;03256;;ERWAQ8;;ARBEITSQUO07;ausländisch;18,5;Prozent;ERWP10;Arbeitslosenquote bez. auf alle zivile Erwerbsp.
13211;;;;2025;KREISE;;16077;;ERWAQ8;;ARBEITSQUO05;Männer;9,6;Prozent;ERWP10;Arbeitslosenquote bez. auf alle zivile Erwerbsp.
13211;;;;2025;KREISE;;07141;;ERWAQ8;;ARBEITSQUO05;Männer;4,8;Prozent;ERWP10;Arbeitslosenquote bez. auf alle zivile Erwerbsp.
13211;;;;2025;KREISE;;13054;;ERWAQ8;;ARBEITSQUO07;ausländisch;-;Prozent;ERWP10;Arbeitslosenquote bez. auf alle zivile Erwerbsp.
13211;;;;2025;KREISE;;14374;;ERWAQ8;;ARBEITSQUO06;Frauen;-;Prozent;ERWP10;Arbeitslosenquote bez. auf alle zivile Erwerbsp.
13211;;;;2025;KREISE;;03359;;ERWAQ8;;ARBEITSQUO06;Frauen;5,9;Prozent;ERWP10;Arbeitslosenquote bez. auf alle zivile Erwerbsp.
13211;;;;2025;KREISE;;08225;;ERWAQ8;;ARBEITSQUO06;Frauen;4,0;Prozent;ERWP10;Arbeitslosenquote bez. auf alle zivile Erwerbsp.
13211;;;;2025;KREISE;;15001;;ERWAQ8;;ARBEITSQUO09;15 bis unter 25 Jahre;10,9;Prozent;ERWP10;Arbeitslosenquote bez. auf alle zivile Erwerbsp.
13211;;;;2025;KREISE;;03354;;ERWAQ8;;ARBEITSQUO07;ausländisch;18,5;Prozent;ERWP10;Arbeitslosenquote bez. auf alle zivile Erwerbsp.
13211;;;;2025;KREISE;;09261;;ERWAQ8;;ARBEITSQUO07;ausländisch;11,6;Prozent;ERWP10;Arbeitslosenquote bez. auf alle zivile Erwerbsp.
13211;;;;2025;KREISE;;05111;;ERWAQ8;;ARBEITSQUO06;Frauen;7,7;Prozent;ERWP10;Arbeitslosenquote bez. auf alle zivile Erwerbsp.
13211;;;;2025;KREISE;;08135;;ERWAQ8;;ARBEITSQUO07;ausländisch;10,1;Prozent;ERWP10;Arbeitslosenquote bez. auf alle zivile Erwerbsp.
13211;;;;2025;KREISE;;05362;;ERWAQ8;;ARBEITSQUO07;ausländisch;14,9;Prozent;ERWP10;Arbeitslosenquote bez. auf alle zivile Erwerbsp.
13211;;;;2025;KREISE;;15081;;ERWAQ8;;ARBEITSQUO07;ausländisch;23,7;Prozent;ERWP10;Arbeitslosenquote bez. auf alle zivile Erwerbsp.
13211;;;;2025;KREISE;;09188;;ERWAQ8;;ARBEITSQUO06;Frauen;3,5;Prozent;ERWP10;Arbeitslosenquote bez. auf alle zivile Erwerbsp.
13211;;;;2025;KREISE;;15352;;ERWAQ8;;ARBEITSQUO09;15 bis unter 25 Jahre;-;Prozent;ERWP10;Arbeitslosenquote bez. auf alle zivile Erwerbsp.
13211;;;;2025;KREISE;;03459;;ERWAQ8;;ARBEITSQUO05;Männer;3,9;Prozent;ERWP10;Arbeitslosenquote bez. auf alle zivile Erwerbsp.
13211;;;;2025;KREISE;;01003;;ERWAQ8;;ARBEITSQUO06;Frauen;7,7;Prozent;ERWP10;Arbeitslosenquote bez. auf alle zivile Erwerbsp.
13211;;;;2025;KREISE;;03457;;ERWAQ8;;ARBEITSQUO06;Frauen;5,9;Prozent;ERWP10;Arbeitslosenquote bez. auf alle zivile Erwerbsp.
13211;;;;2025;KREISE;;07316;;ERWAQ8;;ARBEITSQUO09;15 bis unter 25 Jahre;6,9;Prozent;ERWP10;Arbeitslosenquote bez. auf alle zivile Erwerbsp.
13211;;;;2025;KREISE;;08421;;ERWAQ8;;ARBEITSQUO06;Frauen;3,8;Prozent;ERWP10;Arbeitslosenquote bez. auf alle zivile Erwerbsp.
13211;;;;2025;KREISE;;05758;;ERWAQ8;;ARBEITSQUO07;ausländisch;17,8;Prozent;ERWP10;Arbeitslosenquote bez. auf alle zivile Erwerbsp.
13211;;;;2025;KREISE;;15171;;ERWAQ8;;ARBEITSQUO06;Frauen;-;Prozent;ERWP10;Arbeitslosenquote bez. auf alle zivile Erwerbsp.
13211;;;;2025;KREISE;;08212;;ERWAQ8;;ARBEITSQUO06;Frauen;5,0;Prozent;ERWP10;Arbeitslosenquote bez. auf alle zivile Erwerbsp.
13211;;;;2025;KREISE;;03251;;ERWAQ8;;ARBEITSQUO09;15 bis unter 25 Jahre;4,7;Prozent;ERWP10;Arbeitslosenquote bez. auf alle zivile Erwerbsp.
13211;;;;2025;KREISE;;13006;;ERWAQ8;;ARBEITSQUO06;Frauen;-;Prozent;ERWP10;Arbeitslosenquote bez. auf alle zivile Erwerbsp.
13211;;;;2025;KREISE;;09462;;ERWAQ8;;ARBEITSQUO05;Männer;5,9;Prozent;ERWP10;Arbeitslosenquote bez. auf alle zivile Erwerbsp.
13211;;;;2025;KREISE;;14389;;ERWAQ8;;ARBEITSQUO05;Männer;-;Prozent;ERWP10;Arbeitslosenquote bez. auf alle zivile Erwerbsp.
13211;;;;2025;KREISE;;03158;;ERWAQ8;;ARBEITSQUO07;ausländisch;21,8;Prozent;ERWP10;Arbeitslosenquote bez. auf alle zivile Erwerbsp.
13211;;;;2025;KREISE;;10045;;ERWAQ8;;ARBEITSQUO07;ausländisch;15,4;Prozent;ERWP10;Arbeitslosenquote bez. auf alle zivile Erwerbsp.
13211;;;;2025;KREISE;;14178;;ERWAQ8;;ARBEITSQUO06;Frauen;-;Prozent;ERWP10;Arbeitslosenquote bez. auf alle zivile Erwerbsp.
13211;;;;2025;KREISE;;12070;;ERWAQ8;;ARBEITSQUO06;Frauen;7,6;Prozent;ERWP10;Arbeitslosenquote bez. auf alle zivile Erwerbsp.
13211;;;;2025;KREISE;;09671;;ERWAQ8;;ARBEITSQUO05;Männer;4,5;Prozent;ERWP10;Arbeitslosenquote bez. auf alle zivile Erwerbsp.
13211;;;;2025;KREISE;;14730;;ERWAQ8;;ARBEITSQUO06;Frauen;6,5;Prozent;ERWP10;Arbeitslosenquote bez. auf alle zivile Erwerbsp.
13211;;;;2025;KREISE;;12073;;ERWAQ8;;ARBEITSQUO05;Männer;11,7;Prozent;ERWP10;Arbeitslosenquote bez. auf alle zivile Erwerbsp.
13211;;;;2025;KREISE;;05915;;ERWAQ8;;ARBEITSQUO05;Männer;9,0;Prozent;ERWP10;Arbeitslosenquote bez. auf alle zivile Erwerbsp.
13211;;;;2025;KREISE;;16062;;ERWAQ8;;ARBEITSQUO09;15 bis unter 25 Jahre;9,7;Prozent;ERWP10;Arbeitslosenquote bez. auf alle zivile Erwerbsp.
13211;;;;2025;KREISE;;14628;;ERWAQ8;;ARBEITSQUO06;Frauen;4,9;Prozent;ERWP10;Arbeitslosenquote bez. auf alle zivile Erwerbsp.
13211;;;;2025;KREISE;;03402;;ERWAQ8;;ARBEITSQUO05;Männer;9,4;Prozent;ERWP10;Arbeitslosenquote bez. auf alle zivile Erwerbsp.
13211;;;;2025;KREISE;;16055;;ERWAQ8;;ARBEITSQUO05;Männer;6,9;Prozent;ERWP10;Arbeitslosenquote bez. auf alle zivile Erwerbsp.
13211;;;;2025;KREISE;;08211;;ERWAQ8;;ARBEITSQUO09;15 bis unter 25 Jahre;5,2;Prozent;ERWP10;Arbeitslosenquote bez. auf alle zivile Erwerbsp.
13211;;;;2025;KREISE;;13074;;ERWAQ8;;ARBEITSQUO05;Männer;7,3;Prozent;ERWP10;Arbeitslosenquote bez. auf alle zivile Erwerbsp.
13211;;;;2025;KREISE;;14627;;ERWAQ8;;ARBEITSQUO09;15 bis unter 25 Jahre;5,8;Prozent;ERWP10;Arbeitslosenquote bez. auf alle zivile Erwerbsp.
13211;;;;2025;KREISE;;13076;;ERWAQ8;;ARBEITSQUO07;ausländisch;14,0;Prozent;ERWP10;Arbeitslosenquote bez. auf alle zivile Erwerbsp.
13211;;;;2025;KREISE;;08325;;ERWAQ8;;ARBEITSQUO05;Männer;3,8;Prozent;ERWP10;Arbeitslosenquote bez. auf alle zivile Erwerbsp.
13211;;;;2025;KREISE;;15088;;ERWAQ8;;ARBEITSQUO05;Männer;7,3;Prozent;ERWP10;Arbeitslosenquote bez. auf alle zivile Erwerbsp.
13211;;;;2025;KREISE;;05911;;ERWAQ8;;ARBEITSQUO09;15 bis unter 25 Jahre;6,6;Prozent;ERWP10;Arbeitslosenquote bez. auf alle zivile Erwerbsp.
13211;;;;2025;KREISE;;03101;;ERWAQ8;;ARBEITSQUO07;ausländisch;15,2;Prozent;ERWP10;Arbeitslosenquote bez. auf alle zivile Erwerbsp.
13211;;;;2025;KREISE;;12065;;ERWAQ8;;ARBEITSQUO09;15 bis unter 25 Jahre;6,3;Prozent;ERWP10;Arbeitslosenquote bez. auf alle zivile Erwerbsp.
13211;;;;2025;KREISE;;09479;;ERWAQ8;;ARBEITSQUO07;ausländisch;16,8;Prozent;ERWP10;Arbeitslosenquote bez. auf alle zivile Erwerbsp.
13211;;;;2025;KREISE;;09373;;ERWAQ8;;ARBEITSQUO05;Männer;3,0;Prozent;ERWP10;Arbeitslosenquote bez. auf alle zivile Erwerbsp.
13211;;;;2025;KREISE;;12068;;ERWAQ8;;ARBEITSQUO05;Männer;7,8;Prozent;ERWP10;Arbeitslosenquote bez. auf alle zivile Erwerbsp.
13211;;;;2025;KREISE;;06415;;ERWAQ8;;ARBEITSQUO07;ausländisch;-;Prozent;ERWP10;Arbeitslosenquote bez. auf alle zivile Erwerbsp.
13211;;;;2025;KREISE;;09181;;ERWAQ8;;ARBEITSQUO07;ausländisch;7,9;Prozent;ERWP10;Arbeitslosenquote bez. auf alle zivile Erwerbsp.
13211;;;;2025;KREISE;;07336;;ERWAQ8;;ARBEITSQUO07;ausländisch;13,5;Prozent;ERWP10;Arbeitslosenquote bez. auf alle zivile Erwerbsp.
13211;;;;2025;KREISE;;09577;;ERWAQ8;;ARBEITSQUO07;ausländisch;10,0;Prozent;ERWP10;Arbeitslosenquote bez. auf alle zivile Erwerbsp.
13211;;;;2025;KREISE;;10046;;ERWAQ8;;ARBEITSQUO09;15 bis unter 25 Jahre;2,2;Prozent;ERWP10;Arbeitslosenquote bez. auf alle zivile Erwerbsp.
13211;;;;2025;KREISE;;03157;;ERWAQ8;;ARBEITSQUO05;Männer;6,1;Prozent;ERWP10;Arbeitslosenquote bez. auf alle zivile Erwerbsp.
13211;;;;2025;KREISE;;14365;;ERWAQ8;;ARBEITSQUO06;Frauen;-;Prozent;ERWP10;Arbeitslosenquote bez. auf alle zivile Erwerbsp.
13211;;;;2025;KREISE;;09275;;ERWAQ8;;ARBEITSQUO05;Männer;4,1;Prozent;ERWP10;Arbeitslosenquote bez. auf alle zivile Erwerbsp.
13211;;;;2025;KREISE;;06611;;ERWAQ8;;ARBEITSQUO07;ausländisch;19,1;Prozent;ERWP10;Arbeitslosenquote bez. auf alle zivile Erwerbsp.
13211;;;;2025;KREISE;;08336;;ERWAQ8;;ARBEITSQUO06;Frauen;5,1;Prozent;ERWP10;Arbeitslosenquote bez. auf alle zivile Erwerbsp.
13211;;;;2025;KREISE;;08317;;ERWAQ8;;ARBEITSQUO09;15 bis unter 25 Jahre;3,4;Prozent;ERWP10;Arbeitslosenquote bez. auf alle zivile Erwerbsp.
13211;;;;2025;KREISE;;12072;;ERWAQ8;;ARBEITSQUO07;ausländisch;12,7;Prozent;ERWP10;Arbeitslosenquote bez. auf alle zivile Erwerbsp.
13211;;;;2025;KREISE;;04012;;ERWAQ8;;ARBEITSQUO06;Frauen;14,6;Prozent;ERWP10;Arbeitslosenquote bez. auf alle zivile Erwerbsp.
13211;;;;2025;KREISE;;09178;;ERWAQ8;;ARBEITSQUO09;15 bis unter 25 Jahre;3,1;Prozent;ERWP10;Arbeitslosenquote bez. auf alle zivile Erwerbsp.
13211;;;;2025;KREISE;;01051;;ERWAQ8;;ARBEITSQUO07;ausländisch;20,5;Prozent;ERWP10;Arbeitslosenquote bez. auf alle zivile Erwerbsp.
13211;;;;2025;KREISE;;15090;;ERWAQ8;;ARBEITSQUO07;ausländisch;31,0;Prozent;ERWP10;Arbeitslosenquote bez. auf alle zivile Erwerbsp.
13211;;;;2025;KREISE;;05122;;ERWAQ8;;ARBEITSQUO07;ausländisch;18,5;Prozent;ERWP10;Arbeitslosenquote bez. auf alle zivile Erwerbsp.
13211;;;;2025;KREISE;;03404;;ERWAQ8;;ARBEITSQUO06;Frauen;7,4;Prozent;ERWP10;Arbeitslosenquote bez. auf alle zivile Erwerbsp.
13211;;;;2025;KREISE;;08415;;ERWAQ8;;ARBEITSQUO09;15 bis unter 25 Jahre;3,8;Prozent;ERWP10;Arbeitslosenquote bez. auf alle zivile Erwerbsp.
13211;;;;2025;KREISE;;09361;;ERWAQ8;;ARBEITSQUO09;15 bis unter 25 Jahre;6,0;Prozent;ERWP10;Arbeitslosenquote bez. auf alle zivile Erwerbsp.
13211;;;;2025;KREISE;;16056;;ERWAQ8;;ARBEITSQUO07;ausländisch;-;Prozent;ERWP10;Arbeitslosenquote bez. auf alle zivile Erwerbsp.
13211;;;;2025;KREISE;;09780;;ERWAQ8;;ARBEITSQUO06;Frauen;2,7;Prozent;ERWP10;Arbeitslosenquote bez. auf alle zivile Erwerbsp.
13211;;;;2025;KREISE;;13075;;ERWAQ8;;ARBEITSQUO09;15 bis unter 25 Jahre;10,3;Prozent;ERWP10;Arbeitslosenquote bez. auf alle zivile Erwerbsp.
13211;;;;2025;KREISE;;13072;;ERWAQ8;;ARBEITSQUO06;Frauen;5,3;Prozent;ERWP10;Arbeitslosenquote bez. auf alle zivile Erwerbsp.
13211;;;;2025;KREISE;;09471;;ERWAQ8;;ARBEITSQUO05;Männer;3,0;Prozent;ERWP10;Arbeitslosenquote bez. auf alle zivile Erwerbsp.
13211;;;;2025;KREISE;;05916;;ERWAQ8;;ARBEITSQUO07;ausländisch;25,3;Prozent;ERWP10;Arbeitslosenquote bez. auf alle zivile Erwerbsp.
13211;;;;2025;KREISE;;05382;;ERWAQ8;;ARBEITSQUO06;Frauen;5,4;Prozent;ERWP10;Arbeitslosenquote bez. auf alle zivile Erwerbsp.
13211;;;;2025;KREISE;;09263;;ERWAQ8;;ARBEITSQUO09;15 bis unter 25 Jahre;6,6;Prozent;ERWP10;Arbeitslosenquote bez. auf alle zivile Erwerbsp.
13211;;;;2025;KREISE;;05974;;ERWAQ8;;ARBEITSQUO06;Frauen;5,6;Prozent;ERWP10;Arbeitslosenquote bez. auf alle zivile Erwerbsp.
13211;;;;2025;KREISE;;09662;;ERWAQ8;;ARBEITSQUO07;ausländisch;12,8;Prozent;ERWP10;Arbeitslosenquote bez. auf alle zivile Erwerbsp.
13211;;;;2025;KREISE;;06431;;ERWAQ8;;ARBEITSQUO05;Männer;4,7;Prozent;ERWP10;Arbeitslosenquote bez. auf alle zivile Erwerbsp.
13211;;;;2025;KREISE;;05334002;;ERWAQ8;;ARBEITSQUO05;Männer;8,6;Prozent;ERWP10;Arbeitslosenquote bez. auf alle zivile Erwerbsp.
13211;;;;2025;KREISE;;15085;;ERWAQ8;;ARBEITSQUO09;15 bis unter 25 Jahre;6,6;Prozent;ERWP10;Arbeitslosenquote bez. auf alle zivile Erwerbsp.
13211;;;;2025;KREISE;;07337;;ERWAQ8;;ARBEITSQUO05;Männer;5,0;Prozent;ERWP10;Arbeitslosenquote bez. auf alle zivile Erwerbsp.
13211;;;;2025;KREISE;;06435;;ERWAQ8;;ARBEITSQUO06;Frauen;6,3;Prozent;ERWP10;Arbeitslosenquote bez. auf alle zivile Erwerbsp.
13211;;;;2025;KREISE;;07231;;ERWAQ8;;ARBEITSQUO09;15 bis unter 25 Jahre;4,0;Prozent;ERWP10;Arbeitslosenquote bez. auf alle zivile Erwerbsp.
13211;;;;2025;KREISE;;01001;;ERWAQ8;;ARBEITSQUO05;Männer;9,4;Prozent;ERWP10;Arbeitslosenquote bez. auf alle zivile Erwerbsp.
13211;;;;2025;KREISE;;16071;;ERWAQ8;;ARBEITSQUO09;15 bis unter 25 Jahre;5,7;Prozent;ERWP10;Arbeitslosenquote bez. auf alle zivile Erwerbsp.
13211;;;;2025;KREISE;;06437;;ERWAQ8;;ARBEITSQUO07;ausländisch;12,0;Prozent;ERWP10;Arbeitslosenquote bez. auf alle zivile Erwerbsp.
13211;;;;2025;KREISE;;05119;;ERWAQ8;;ARBEITSQUO09;15 bis unter 25 Jahre;9,4;Prozent;ERWP10;Arbeitslosenquote bez. auf alle zivile Erwerbsp.
13211;;;;2025;KREISE;;09374;;ERWAQ8;;ARBEITSQUO09;15 bis unter 25 Jahre;3,6;Prozent;ERWP10;Arbeitslosenquote bez. auf alle zivile Erwerbsp.
13211;;;;2025;KREISE;;14612;;ERWAQ8;;ARBEITSQUO07;ausländisch;19,7;Prozent;ERWP10;Arbeitslosenquote bez. auf alle zivile Erwerbsp.
13211;;;;2025;KREISE;;10043;;ERWAQ8;;ARBEITSQUO06;Frauen;7,4;Prozent;ERWP10;Arbeitslosenquote bez. auf alle zivile Erwerbsp.
13211;;;;2025;KREISE;;07133;;ERWAQ8;;ARBEITSQUO09;15 bis unter 25 Jahre;7,5;Prozent;ERWP10;Arbeitslosenquote bez. auf alle zivile Erwerbsp.
13211;;;;2025;KREISE;;06533;;ERWAQ8;;ARBEITSQUO06;Frauen;5,1;Prozent;ERWP10;Arbeitslosenquote bez. auf alle zivile Erwerbsp.
13211;;;;2025;KREISE;;06535;;ERWAQ8;;ARBEITSQUO07;ausländisch;15,1;Prozent;ERWP10;Arbeitslosenquote bez. auf alle zivile Erwerbsp.
13211;;;;2025;KREISE;;16068;;ERWAQ8;;ARBEITSQUO05;Männer;6,8;Prozent;ERWP10;Arbeitslosenquote bez. auf alle zivile Erwerbsp.
13211;;;;2025;KREISE;;13004;;ERWAQ8;;ARBEITSQUO05;Männer;11,4;Prozent;ERWP10;Arbeitslosenquote bez. auf alle zivile Erwerbsp.
13211;;;;2025;KREISE;;05315;;ERWAQ8;;ARBEITSQUO09;15 bis unter 25 Jahre;6,0;Prozent;ERWP10;Arbeitslosenquote bez. auf alle zivile Erwerbsp.
13211;;;;2025;KREISE;;06633;;ERWAQ8;;ARBEITSQUO07;ausländisch;17,3;Prozent;ERWP10;Arbeitslosenquote bez. auf alle zivile Erwerbsp.
13211;;;;2025;KREISE;;09177;;ERWAQ8;;ARBEITSQUO05;Männer;2,9;Prozent;ERWP10;Arbeitslosenquote bez. auf alle zivile Erwerbsp.
13211;;;;2025;KREISE;;09276;;ERWAQ8;;ARBEITSQUO09;15 bis unter 25 Jahre;3,5;Prozent;ERWP10;Arbeitslosenquote bez. auf alle zivile Erwerbsp.
13211;;;;2025;KREISE;;09675;;ERWAQ8;;ARBEITSQUO07;ausländisch;6,8;Prozent;ERWP10;Arbeitslosenquote bez. auf alle zivile Erwerbsp.
13211;;;;2025;KREISE;;08437;;ERWAQ8;;ARBEITSQUO09;15 bis unter 25 Jahre;3,2;Prozent;ERWP10;Arbeitslosenquote bez. auf alle zivile Erwerbsp.
13211;;;;2025;KREISE;;05358;;ERWAQ8;;ARBEITSQUO05;Männer;7,9;Prozent;ERWP10;Arbeitslosenquote bez. auf alle zivile Erwerbsp.
13211;;;;2025;KREISE;;08416;;ERWAQ8;;ARBEITSQUO07;ausländisch;9,8;Prozent;ERWP10;Arbeitslosenquote bez. auf alle zivile Erwerbsp.
13211;;;;2025;KREISE;;05334002;;ERWAQ8;;ARBEITSQUO06;Frauen;7,9;Prozent;ERWP10;Arbeitslosenquote bez. auf alle zivile Erwerbsp.
13211;;;;2025;KREISE;;01058;;ERWAQ8;;ARBEITSQUO05;Männer;5,1;Prozent;ERWP10;Arbeitslosenquote bez. auf alle zivile Erwerbsp.
13211;;;;2025;KREISE;;09773;;ERWAQ8;;ARBEITSQUO07;ausländisch;8,7;Prozent;ERWP10;Arbeitslosenquote bez. auf alle zivile Erwerbsp.
13211;;;;2025;KREISE;;09571;;ERWAQ8;;ARBEITSQUO06;Frauen;2,7;Prozent;ERWP10;Arbeitslosenquote bez. auf alle zivile Erwerbsp.
13211;;;;2025;KREISE;;13053;;ERWAQ8;;ARBEITSQUO09;15 bis unter 25 Jahre;-;Prozent;ERWP10;Arbeitslosenquote bez. auf alle zivile Erwerbsp.
13211;;;;2025;KREISE;;09472;;ERWAQ8;;ARBEITSQUO09;15 bis unter 25 Jahre;3,2;Prozent;ERWP10;Arbeitslosenquote bez. auf alle zivile Erwerbsp.
13211;;;;2025;KREISE;;05554;;ERWAQ8;;ARBEITSQUO05;Männer;4,5;Prozent;ERWP10;Arbeitslosenquote bez. auf alle zivile Erwerbsp.
13211;;;;2025;KREISE;;09473;;ERWAQ8;;ARBEITSQUO06;Frauen;4,4;Prozent;ERWP10;Arbeitslosenquote bez. auf alle zivile Erwerbsp.
13211;;;;2025;KREISE;;07315;;ERWAQ8;;ARBEITSQUO05;Männer;6,4;Prozent;ERWP10;Arbeitslosenquote bez. auf alle zivile Erwerbsp.
13211;;;;2025;KREISE;;06432;;ERWAQ8;;ARBEITSQUO09;15 bis unter 25 Jahre;5,5;Prozent;ERWP10;Arbeitslosenquote bez. auf alle zivile Erwerbsp.
13211;;;;2025;KREISE;;10041100;;ERWAQ8;;ARBEITSQUO05;Männer;12,7;Prozent;ERWP10;Arbeitslosenquote bez. auf alle zivile Erwerbsp.
13211;;;;2025;KREISE;;09477;;ERWAQ8;;ARBEITSQUO06;Frauen;4,0;Prozent;ERWP10;Arbeitslosenquote bez. auf alle zivile Erwerbsp.
13211;;;;2025;KREISE;;09375;;ERWAQ8;;ARBEITSQUO06;Frauen;3,0;Prozent;ERWP10;Arbeitslosenquote bez. auf alle zivile Erwerbsp.
13211;;;;2025;KREISE;;11009009;;ERWAQ8;;ARBEITSQUO05;Männer;.;Prozent;ERWP10;Arbeitslosenquote bez. auf alle zivile Erwerbsp.
13211;;;;2025;KREISE;;16072;;ERWAQ8;;ARBEITSQUO06;Frauen;4,9;Prozent;ERWP10;Arbeitslosenquote bez. auf alle zivile Erwerbsp.
13211;;;;2025;KREISE;;05711;;ERWAQ8;;ARBEITSQUO09;15 bis unter 25 Jahre;6,7;Prozent;ERWP10;Arbeitslosenquote bez. auf alle zivile Erwerbsp.
13211;;;;2025;KREISE;;16065;;ERWAQ8;;ARBEITSQUO07;ausländisch;24,7;Prozent;ERWP10;Arbeitslosenquote bez. auf alle zivile Erwerbsp.
13211;;;;2025;KREISE;;09575;;ERWAQ8;;ARBEITSQUO06;Frauen;2,7;Prozent;ERWP10;Arbeitslosenquote bez. auf alle zivile Erwerbsp.
13211;;;;2025;KREISE;;13001;;ERWAQ8;;ARBEITSQUO07;ausländisch;-;Prozent;ERWP10;Arbeitslosenquote bez. auf alle zivile Erwerbsp.
13211;;;;2025;KREISE;;08236;;ERWAQ8;;ARBEITSQUO05;Männer;3,9;Prozent;ERWP10;Arbeitslosenquote bez. auf alle zivile Erwerbsp.
13211;;;;2025;KREISE;;09673;;ERWAQ8;;ARBEITSQUO06;Frauen;3,3;Prozent;ERWP10;Arbeitslosenquote bez. auf alle zivile Erwerbsp.
13211;;;;2025;KREISE;;06631;;ERWAQ8;;ARBEITSQUO06;Frauen;3,7;Prozent;ERWP10;Arbeitslosenquote bez. auf alle zivile Erwerbsp.
13211;;;;2025;KREISE;;14193;;ERWAQ8;;ARBEITSQUO07;ausländisch;-;Prozent;ERWP10;Arbeitslosenquote bez. auf alle zivile Erwerbsp.
13211;;;;2025;KREISE;;15362;;ERWAQ8;;ARBEITSQUO06;Frauen;-;Prozent;ERWP10;Arbeitslosenquote bez. auf alle zivile Erwerbsp.
13211;;;;2025;KREISE;;03403;;ERWAQ8;;ARBEITSQUO09;15 bis unter 25 Jahre;5,5;Prozent;ERWP10;Arbeitslosenquote bez. auf alle zivile Erwerbsp.
13211;;;;2025;KREISE;;03252;;ERWAQ8;;ARBEITSQUO07;ausländisch;19,6;Prozent;ERWP10;Arbeitslosenquote bez. auf alle zivile Erwerbsp.
13211;;;;2025;KREISE;;14167;;ERWAQ8;;ARBEITSQUO05;Männer;-;Prozent;ERWP10;Arbeitslosenquote bez. auf alle zivile Erwerbsp.
13211;;;;2025;KREISE;;14626;;ERWAQ8;;ARBEITSQUO05;Männer;9,6;Prozent;ERWP10;Arbeitslosenquote bez. auf alle zivile Erwerbsp.
13211;;;;2025;KREISE;;13058;;ERWAQ8;;ARBEITSQUO07;ausländisch;-;Prozent;ERWP10;Arbeitslosenquote bez. auf alle zivile Erwerbsp.
13211;;;;2025;KREISE;;05515;;ERWAQ8;;ARBEITSQUO09;15 bis unter 25 Jahre;3,2;Prozent;ERWP10;Arbeitslosenquote bez. auf alle zivile Erwerbsp.
13211;;;;2025;KREISE;;15370;;ERWAQ8;;ARBEITSQUO09;15 bis unter 25 Jahre;-;Prozent;ERWP10;Arbeitslosenquote bez. auf alle zivile Erwerbsp.
13211;;;;2025;KREISE;;08327;;ERWAQ8;;ARBEITSQUO06;Frauen;5,3;Prozent;ERWP10;Arbeitslosenquote bez. auf alle zivile Erwerbsp.
13211;;;;2025;KREISE;;08326;;ERWAQ8;;ARBEITSQUO09;15 bis unter 25 Jahre;4,7;Prozent;ERWP10;Arbeitslosenquote bez. auf alle zivile Erwerbsp.
13211;;;;2025;KREISE;;15089;;ERWAQ8;;ARBEITSQUO09;15 bis unter 25 Jahre;9,5;Prozent;ERWP10;Arbeitslosenquote bez. auf alle zivile Erwerbsp.
13211;;;;2025;KREISE;;14287;;ERWAQ8;;ARBEITSQUO05;Männer;-;Prozent;ERWP10;Arbeitslosenquote bez. auf alle zivile Erwerbsp.
13211;;;;2025;KREISE;;09186;;ERWAQ8;;ARBEITSQUO05;Männer;2,7;Prozent;ERWP10;Arbeitslosenquote bez. auf alle zivile Erwerbsp.
13211;;;;2025;KREISE;;01060;;ERWAQ8;;ARBEITSQUO06;Frauen;4,9;Prozent;ERWP10;Arbeitslosenquote bez. auf alle zivile Erwerbsp.
13211;;;;2025;KREISE;;08118;;ERWAQ8;;ARBEITSQUO06;Frauen;4,0;Prozent;ERWP10;Arbeitslosenquote bez. auf alle zivile Erwerbsp.
13211;;;;2025;KREISE;;14729;;ERWAQ8;;ARBEITSQUO09;15 bis unter 25 Jahre;7,5;Prozent;ERWP10;Arbeitslosenquote bez. auf alle zivile Erwerbsp.
13211;;;;2025;KREISE;;05366;;ERWAQ8;;ARBEITSQUO07;ausländisch;16,7;Prozent;ERWP10;Arbeitslosenquote bez. auf alle zivile Erwerbsp.
13211;;;;2025;KREISE;;08425;;ERWAQ8;;ARBEITSQUO06;Frauen;3,1;Prozent;ERWP10;Arbeitslosenquote bez. auf alle zivile Erwerbsp.
13211;;;;2025;KREISE;;16052;;ERWAQ8;;ARBEITSQUO07;ausländisch;31,0;Prozent;ERWP10;Arbeitslosenquote bez. auf alle zivile Erwerbsp.
13211;;;;2025;KREISE;;11012012;;ERWAQ8;;ARBEITSQUO07;ausländisch;.;Prozent;ERWP10;Arbeitslosenquote bez. auf alle zivile Erwerbsp.
13211;;;;2025;KREISE;;09562;;ERWAQ8;;ARBEITSQUO06;Frauen;4,8;Prozent;ERWP10;Arbeitslosenquote bez. auf alle zivile Erwerbsp.
13211;;;;2025;KREISE;;07143;;ERWAQ8;;ARBEITSQUO06;Frauen;3,6;Prozent;ERWP10;Arbeitslosenquote bez. auf alle zivile Erwerbsp.
13211;;;;2025;KREISE;;03455;;ERWAQ8;;ARBEITSQUO05;Männer;4,9;Prozent;ERWP10;Arbeitslosenquote bez. auf alle zivile Erwerbsp.
13211;;;;2025;KREISE;;09764;;ERWAQ8;;ARBEITSQUO07;ausländisch;6,4;Prozent;ERWP10;Arbeitslosenquote bez. auf alle zivile Erwerbsp.
13211;;;;2025;KREISE;;08216;;ERWAQ8;;ARBEITSQUO06;Frauen;3,9;Prozent;ERWP10;Arbeitslosenquote bez. auf alle zivile Erwerbsp.
13211;;;;2025;KREISE;;03154;;ERWAQ8;;ARBEITSQUO07;ausländisch;20,8;Prozent;ERWP10;Arbeitslosenquote bez. auf alle zivile Erwerbsp.
13211;;;;2025;KREISE;;05562;;ERWAQ8;;ARBEITSQUO07;ausländisch;23,5;Prozent;ERWP10;Arbeitslosenquote bez. auf alle zivile Erwerbsp.
13211;;;;2025;KREISE;;15268;;ERWAQ8;;ARBEITSQUO07;ausländisch;-;Prozent;ERWP10;Arbeitslosenquote bez. auf alle zivile Erwerbsp.
13211;;;;2025;KREISE;;09464;;ERWAQ8;;ARBEITSQUO06;Frauen;7,1;Prozent;ERWP10;Arbeitslosenquote bez. auf alle zivile Erwerbsp.
13211;;;;2025;KREISE;;03461;;ERWAQ8;;ARBEITSQUO07;ausländisch;21,6;Prozent;ERWP10;Arbeitslosenquote bez. auf alle zivile Erwerbsp.
13211;;;;2025;KREISE;;14523;;ERWAQ8;;ARBEITSQUO07;ausländisch;22,8;Prozent;ERWP10;Arbeitslosenquote bez. auf alle zivile Erwerbsp.
13211;;;;2025;KREISE;;06440;;ERWAQ8;;ARBEITSQUO05;Männer;4,9;Prozent;ERWP10;Arbeitslosenquote bez. auf alle zivile Erwerbsp.
13211;;;;2025;KREISE;;08125;;ERWAQ8;;ARBEITSQUO05;Männer;4,2;Prozent;ERWP10;Arbeitslosenquote bez. auf alle zivile Erwerbsp.
13211;;;;2025;KREISE;;11003003;;ERWAQ8;;ARBEITSQUO09;15 bis unter 25 Jahre;.;Prozent;ERWP10;Arbeitslosenquote bez. auf alle zivile Erwerbsp.
13211;;;;2025;KREISE;;15153;;ERWAQ8;;ARBEITSQUO06;Frauen;-;Prozent;ERWP10;Arbeitslosenquote bez. auf alle zivile Erwerbsp.
13211;;;;2025;KREISE;;14171;;ERWAQ8;;ARBEITSQUO07;ausländisch;-;Prozent;ERWP10;Arbeitslosenquote bez. auf alle zivile Erwerbsp.
13211;;;;2025;KREISE;;05314;;ERWAQ8;;ARBEITSQUO05;Männer;7,8;Prozent;ERWP10;Arbeitslosenquote bez. auf alle zivile Erwerbsp.
13211;;;;2025;KREISE;;15303;;ERWAQ8;;ARBEITSQUO05;Männer;-;Prozent;ERWP10;Arbeitslosenquote bez. auf alle zivile Erwerbsp.
13211;;;;2025;KREISE;;13062;;ERWAQ8;;ARBEITSQUO09;15 bis unter 25 Jahre;-;Prozent;ERWP10;Arbeitslosenquote bez. auf alle zivile Erwerbsp.
13211;;;;2025;KREISE;;03357;;ERWAQ8;;ARBEITSQUO05;Männer;4,2;Prozent;ERWP10;Arbeitslosenquote bez. auf alle zivile Erwerbsp.
13211;;;;2025;KREISE;;12069;;ERWAQ8;;ARBEITSQUO09;15 bis unter 25 Jahre;4,9;Prozent;ERWP10;Arbeitslosenquote bez. auf alle zivile Erwerbsp.
13211;;;;2025;KREISE;;09262;;ERWAQ8;;ARBEITSQUO05;Männer;6,8;Prozent;ERWP10;Arbeitslosenquote bez. auf alle zivile Erwerbsp.
13211;;;;2025;KREISE;;15002;;ERWAQ8;;ARBEITSQUO07;ausländisch;23,5;Prozent;ERWP10;Arbeitslosenquote bez. auf alle zivile Erwerbsp.
13211;;;;2025;KREISE;;15084;;ERWAQ8;;ARBEITSQUO05;Männer;7,7;Prozent;ERWP10;Arbeitslosenquote bez. auf alle zivile Erwerbsp.
13211;;;;2025;KREISE;;06434;;ERWAQ8;;ARBEITSQUO09;15 bis unter 25 Jahre;5,3;Prozent;ERWP10;Arbeitslosenquote bez. auf alle zivile Erwerbsp.
13211;;;;2025;KREISE;;15357;;ERWAQ8;;ARBEITSQUO05;Männer;-;Prozent;ERWP10;Arbeitslosenquote bez. auf alle zivile Erwerbsp.
13211;;;;2025;KREISE;;09162;;ERWAQ8;;ARBEITSQUO05;Männer;5,4;Prozent;ERWP10;Arbeitslosenquote bez. auf alle zivile Erwerbsp.
13211;;;;2025;KREISE;;14511;;ERWAQ8;;ARBEITSQUO05;Männer;10,0;Prozent;ERWP10;Arbeitslosenquote bez. auf alle zivile Erwerbsp.
13211;;;;2025;KREISE;;16051;;ERWAQ8;;ARBEITSQUO07;ausländisch;14,7;Prozent;ERWP10;Arbeitslosenquote bez. auf alle zivile Erwerbsp.
13211;;;;2025;KREISE;;15202;;ERWAQ8;;ARBEITSQUO05;Männer;-;Prozent;ERWP10;Arbeitslosenquote bez. auf alle zivile Erwerbsp.
13211;;;;2025;KREISE;;10042;;ERWAQ8;;ARBEITSQUO05;Männer;5,4;Prozent;ERWP10;Arbeitslosenquote bez. auf alle zivile Erwerbsp.
13211;;;;2025;KREISE;;06532;;ERWAQ8;;ARBEITSQUO09;15 bis unter 25 Jahre;6,4;Prozent;ERWP10;Arbeitslosenquote bez. auf alle zivile Erwerbsp.
13211;;;;2025;KREISE;;05370;;ERWAQ8;;ARBEITSQUO05;Männer;6,4;Prozent;ERWP10;Arbeitslosenquote bez. auf alle zivile Erwerbsp.
13211;;;;2025;KREISE;;05962;;ERWAQ8;;ARBEITSQUO05;Männer;8,7;Prozent;ERWP10;Arbeitslosenquote bez. auf alle zivile Erwerbsp.
13211;;;;2025;KREISE;;09174;;ERWAQ8;;ARBEITSQUO09;15 bis unter 25 Jahre;3,1;Prozent;ERWP10;Arbeitslosenquote bez. auf alle zivile Erwerbsp.
13211;;;;2025;KREISE;;03461;;ERWAQ8;;ARBEITSQUO06;Frauen;6,8;Prozent;ERWP10;Arbeitslosenquote bez. auf alle zivile Erwerbsp.
13211;;;;2025;KREISE;;09678;;ERWAQ8;;ARBEITSQUO05;Männer;3,1;Prozent;ERWP10;Arbeitslosenquote bez. auf alle zivile Erwerbsp.
13211;;;;2025;KREISE;;09776;;ERWAQ8;;ARBEITSQUO05;Männer;3,2;Prozent;ERWP10;Arbeitslosenquote bez. auf alle zivile Erwerbsp.
13211;;;;2025;KREISE;;15369;;ERWAQ8;;ARBEITSQUO09;15 bis unter 25 Jahre;-;Prozent;ERWP10;Arbeitslosenquote bez. auf alle zivile Erwerbsp.
13211;;;;2025;KREISE;;07133;;ERWAQ8;;ARBEITSQUO06;Frauen;6,5;Prozent;ERWP10;Arbeitslosenquote bez. auf alle zivile Erwerbsp.
13211;;;;2025;KREISE;;16055;;ERWAQ8;;ARBEITSQUO06;Frauen;5,7;Prozent;ERWP10;Arbeitslosenquote bez. auf alle zivile Erwerbsp.
13211;;;;2025;KREISE;;13056;;ERWAQ8;;ARBEITSQUO05;Männer;-;Prozent;ERWP10;Arbeitslosenquote bez. auf alle zivile Erwerbsp.
13211;;;;2025;KREISE;;07332;;ERWAQ8;;ARBEITSQUO09;15 bis unter 25 Jahre;5,0;Prozent;ERWP10;Arbeitslosenquote bez. auf alle zivile Erwerbsp.
13211;;;;2025;KREISE;;05513;;ERWAQ8;;ARBEITSQUO05;Männer;15,1;Prozent;ERWP10;Arbeitslosenquote bez. auf alle zivile Erwerbsp.
13211;;;;2025;KREISE;;05170;;ERWAQ8;;ARBEITSQUO06;Frauen;7,0;Prozent;ERWP10;Arbeitslosenquote bez. auf alle zivile Erwerbsp.
13211;;;;2025;KREISE;;07231;;ERWAQ8;;ARBEITSQUO06;Frauen;4,0;Prozent;ERWP10;Arbeitslosenquote bez. auf alle zivile Erwerbsp.
13211;;;;2025;KREISE;;15002;;ERWAQ8;;ARBEITSQUO06;Frauen;9,0;Prozent;ERWP10;Arbeitslosenquote bez. auf alle zivile Erwerbsp.
13211;;;;2025;KREISE;;05762;;ERWAQ8;;ARBEITSQUO06;Frauen;4,2;Prozent;ERWP10;Arbeitslosenquote bez. auf alle zivile Erwerbsp.
13211;;;;2025;KREISE;;06412;;ERWAQ8;;ARBEITSQUO09;15 bis unter 25 Jahre;5,7;Prozent;ERWP10;Arbeitslosenquote bez. auf alle zivile Erwerbsp.
13211;;;;2025;KREISE;;15081;;ERWAQ8;;ARBEITSQUO05;Männer;8,1;Prozent;ERWP10;Arbeitslosenquote bez. auf alle zivile Erwerbsp.
13211;;;;2025;KREISE;;09184;;ERWAQ8;;ARBEITSQUO05;Männer;3,4;Prozent;ERWP10;Arbeitslosenquote bez. auf alle zivile Erwerbsp.
13211;;;;2025;KREISE;;01062;;ERWAQ8;;ARBEITSQUO06;Frauen;4,1;Prozent;ERWP10;Arbeitslosenquote bez. auf alle zivile Erwerbsp.
13211;;;;2025;KREISE;;05113;;ERWAQ8;;ARBEITSQUO07;ausländisch;26,6;Prozent;ERWP10;Arbeitslosenquote bez. auf alle zivile Erwerbsp.
13211;;;;2025;KREISE;;09478;;ERWAQ8;;ARBEITSQUO06;Frauen;4,1;Prozent;ERWP10;Arbeitslosenquote bez. auf alle zivile Erwerbsp.
13211;;;;2025;KREISE;;09376;;ERWAQ8;;ARBEITSQUO07;ausländisch;11,0;Prozent;ERWP10;Arbeitslosenquote bez. auf alle zivile Erwerbsp.
13211;;;;2025;KREISE;;05117;;ERWAQ8;;ARBEITSQUO06;Frauen;8,0;Prozent;ERWP10;Arbeitslosenquote bez. auf alle zivile Erwerbsp.
13211;;;;2025;KREISE;;06435;;ERWAQ8;;ARBEITSQUO05;Männer;6,1;Prozent;ERWP10;Arbeitslosenquote bez. auf alle zivile Erwerbsp.
13211;;;;2025;KREISE;;11011011;;ERWAQ8;;ARBEITSQUO09;15 bis unter 25 Jahre;.;Prozent;ERWP10;Arbeitslosenquote bez. auf alle zivile Erwerbsp.
13211;;;;2025;KREISE;;07316;;ERWAQ8;;ARBEITSQUO07;ausländisch;15,1;Prozent;ERWP10;Arbeitslosenquote bez. auf alle zivile Erwerbsp.
13211;;;;2025;KREISE;;07333;;ERWAQ8;;ARBEITSQUO05;Männer;6,2;Prozent;ERWP10;Arbeitslosenquote bez. auf alle zivile Erwerbsp.
13211;;;;2025;KREISE;;16073;;ERWAQ8;;ARBEITSQUO07;ausländisch;24,4;Prozent;ERWP10;Arbeitslosenquote bez. auf alle zivile Erwerbsp.
13211;;;;2025;KREISE;;09161;;ERWAQ8;;ARBEITSQUO09;15 bis unter 25 Jahre;4,4;Prozent;ERWP10;Arbeitslosenquote bez. auf alle zivile Erwerbsp.
13211;;;;2025;KREISE;;09576;;ERWAQ8;;ARBEITSQUO06;Frauen;2,3;Prozent;ERWP10;Arbeitslosenquote bez. auf alle zivile Erwerbsp.
13211;;;;2025;KREISE;;06533;;ERWAQ8;;ARBEITSQUO05;Männer;5,8;Prozent;ERWP10;Arbeitslosenquote bez. auf alle zivile Erwerbsp.
13211;;;;2025;KREISE;;10041;;ERWAQ8;;ARBEITSQUO09;15 bis unter 25 Jahre;9,2;Prozent;ERWP10;Arbeitslosenquote bez. auf alle zivile Erwerbsp.
13211;;;;2025;KREISE;;14729;;ERWAQ8;;ARBEITSQUO06;Frauen;5,5;Prozent;ERWP10;Arbeitslosenquote bez. auf alle zivile Erwerbsp.
13211;;;;2025;KREISE;;03361;;ERWAQ8;;ARBEITSQUO07;ausländisch;13,3;Prozent;ERWP10;Arbeitslosenquote bez. auf alle zivile Erwerbsp.
13211;;;;2025;KREISE;;05566;;ERWAQ8;;ARBEITSQUO06;Frauen;5,1;Prozent;ERWP10;Arbeitslosenquote bez. auf alle zivile Erwerbsp.
13211;;;;2025;KREISE;;03152;;ERWAQ8;;ARBEITSQUO07;ausländisch;-;Prozent;ERWP10;Arbeitslosenquote bez. auf alle zivile Erwerbsp.
13211;;;;2025;KREISE;;13006;;ERWAQ8;;ARBEITSQUO07;ausländisch;-;Prozent;ERWP10;Arbeitslosenquote bez. auf alle zivile Erwerbsp.
13211;;;;2025;KREISE;;12054;;ERWAQ8;;ARBEITSQUO07;ausländisch;17,7;Prozent;ERWP10;Arbeitslosenquote bez. auf alle zivile Erwerbsp.
13211;;;;2025;KREISE;;15268;;ERWAQ8;;ARBEITSQUO06;Frauen;-;Prozent;ERWP10;Arbeitslosenquote bez. auf alle zivile Erwerbsp.
13211;;;;2025;KREISE;;09272;;ERWAQ8;;ARBEITSQUO09;15 bis unter 25 Jahre;3,2;Prozent;ERWP10;Arbeitslosenquote bez. auf alle zivile Erwerbsp.
13211;;;;2025;KREISE;;09674;;ERWAQ8;;ARBEITSQUO06;Frauen;3,1;Prozent;ERWP10;Arbeitslosenquote bez. auf alle zivile Erwerbsp.
13211;;;;2025;KREISE;;15090;;ERWAQ8;;ARBEITSQUO06;Frauen;8,6;Prozent;ERWP10;Arbeitslosenquote bez. auf alle zivile Erwerbsp.
13211;;;;2025;KREISE;;06631;;ERWAQ8;;ARBEITSQUO05;Männer;3,9;Prozent;ERWP10;Arbeitslosenquote bez. auf alle zivile Erwerbsp.
13211;;;;2025;KREISE;;05313;;ERWAQ8;;ARBEITSQUO06;Frauen;-;Prozent;ERWP10;Arbeitslosenquote bez. auf alle zivile Erwerbsp.
13211;;;;2025;KREISE;;09278;;ERWAQ8;;ARBEITSQUO07;ausländisch;9,5;Prozent;ERWP10;Arbeitslosenquote bez. auf alle zivile Erwerbsp.
13211;;;;2025;KREISE;;07137;;ERWAQ8;;ARBEITSQUO05;Männer;4,3;Prozent;ERWP10;Arbeitslosenquote bez. auf alle zivile Erwerbsp.
13211;;;;2025;KREISE;;10041100;;ERWAQ8;;ARBEITSQUO06;Frauen;11,1;Prozent;ERWP10;Arbeitslosenquote bez. auf alle zivile Erwerbsp.
13211;;;;2025;KREISE;;14523;;ERWAQ8;;ARBEITSQUO09;15 bis unter 25 Jahre;7,6;Prozent;ERWP10;Arbeitslosenquote bez. auf alle zivile Erwerbsp.
13211;;;;2025;KREISE;;14171;;ERWAQ8;;ARBEITSQUO09;15 bis unter 25 Jahre;-;Prozent;ERWP10;Arbeitslosenquote bez. auf alle zivile Erwerbsp.
13211;;;;2025;KREISE;;07111;;ERWAQ8;;ARBEITSQUO06;Frauen;6,2;Prozent;ERWP10;Arbeitslosenquote bez. auf alle zivile Erwerbsp.
13211;;;;2025;KREISE;;09775;;ERWAQ8;;ARBEITSQUO09;15 bis unter 25 Jahre;2,7;Prozent;ERWP10;Arbeitslosenquote bez. auf alle zivile Erwerbsp.
13211;;;;2025;KREISE;;09772;;ERWAQ8;;ARBEITSQUO06;Frauen;3,3;Prozent;ERWP10;Arbeitslosenquote bez. auf alle zivile Erwerbsp.
13211;;;;2025;KREISE;;09572;;ERWAQ8;;ARBEITSQUO07;ausländisch;7,3;Prozent;ERWP10;Arbeitslosenquote bez. auf alle zivile Erwerbsp.
13211;;;;2025;KREISE;;16077;;ERWAQ8;;ARBEITSQUO06;Frauen;9,1;Prozent;ERWP10;Arbeitslosenquote bez. auf alle zivile Erwerbsp.
13211;;;;2025;KREISE;;05766;;ERWAQ8;;ARBEITSQUO05;Männer;6,4;Prozent;ERWP10;Arbeitslosenquote bez. auf alle zivile Erwerbsp.
13211;;;;2025;KREISE;;14627;;ERWAQ8;;ARBEITSQUO07;ausländisch;21,2;Prozent;ERWP10;Arbeitslosenquote bez. auf alle zivile Erwerbsp.
13211;;;;2025;KREISE;;05974;;ERWAQ8;;ARBEITSQUO09;15 bis unter 25 Jahre;5,3;Prozent;ERWP10;Arbeitslosenquote bez. auf alle zivile Erwerbsp.
13211;;;;2025;KREISE;;07235;;ERWAQ8;;ARBEITSQUO05;Männer;3,7;Prozent;ERWP10;Arbeitslosenquote bez. auf alle zivile Erwerbsp.
13211;;;;2025;KREISE;;08325;;ERWAQ8;;ARBEITSQUO07;ausländisch;9,7;Prozent;ERWP10;Arbeitslosenquote bez. auf alle zivile Erwerbsp.
13211;;;;2025;KREISE;;09474;;ERWAQ8;;ARBEITSQUO07;ausländisch;11,0;Prozent;ERWP10;Arbeitslosenquote bez. auf alle zivile Erwerbsp.
13211;;;;2025;KREISE;;05512;;ERWAQ8;;ARBEITSQUO09;15 bis unter 25 Jahre;7,4;Prozent;ERWP10;Arbeitslosenquote bez. auf alle zivile Erwerbsp.
13211;;;;2025;KREISE;;03452;;ERWAQ8;;ARBEITSQUO05;Männer;6,7;Prozent;ERWP10;Arbeitslosenquote bez. auf alle zivile Erwerbsp.
13211;;;;2025;KREISE;;09661;;ERWAQ8;;ARBEITSQUO07;ausländisch;16,2;Prozent;ERWP10;Arbeitslosenquote bez. auf alle zivile Erwerbsp.
13211;;;;2025;KREISE;;09187;;ERWAQ8;;ARBEITSQUO09;15 bis unter 25 Jahre;2,6;Prozent;ERWP10;Arbeitslosenquote bez. auf alle zivile Erwerbsp.
13211;;;;2025;KREISE;;15084;;ERWAQ8;;ARBEITSQUO09;15 bis unter 25 Jahre;8,7;Prozent;ERWP10;Arbeitslosenquote bez. auf alle zivile Erwerbsp.
13211;;;;2025;KREISE;;09763;;ERWAQ8;;ARBEITSQUO06;Frauen;3,7;Prozent;ERWP10;Arbeitslosenquote bez. auf alle zivile Erwerbsp.
13211;;;;2025;KREISE;;07338;;ERWAQ8;;ARBEITSQUO07;ausländisch;8,4;Prozent;ERWP10;Arbeitslosenquote bez. auf alle zivile Erwerbsp.
13211;;;;2025;KREISE;;09563;;ERWAQ8;;ARBEITSQUO07;ausländisch;11,4;Prozent;ERWP10;Arbeitslosenquote bez. auf alle zivile Erwerbsp.
13211;;;;2025;KREISE;;07311;;ERWAQ8;;ARBEITSQUO05;Männer;8,1;Prozent;ERWP10;Arbeitslosenquote bez. auf alle zivile Erwerbsp.
13211;;;;2025;KREISE;;04011;;ERWAQ8;;ARBEITSQUO09;15 bis unter 25 Jahre;8,9;Prozent;ERWP10;Arbeitslosenquote bez. auf alle zivile Erwerbsp.
13211;;;;2025;KREISE;;03256;;ERWAQ8;;ARBEITSQUO05;Männer;6,2;Prozent;ERWP10;Arbeitslosenquote bez. auf alle zivile Erwerbsp.
13211;;;;2025;KREISE;;14524;;ERWAQ8;;ARBEITSQUO05;Männer;6,5;Prozent;ERWP10;Arbeitslosenquote bez. auf alle zivile Erwerbsp.
13211;;;;2025;KREISE;;08416;;ERWAQ8;;ARBEITSQUO06;Frauen;3,2;Prozent;ERWP10;Arbeitslosenquote bez. auf alle zivile Erwerbsp.
13211;;;;2025;KREISE;;14193;;ERWAQ8;;ARBEITSQUO09;15 bis unter 25 Jahre;-;Prozent;ERWP10;Arbeitslosenquote bez. auf alle zivile Erwerbsp.
13211;;;;2025;KREISE;;08436;;ERWAQ8;;ARBEITSQUO07;ausländisch;8,0;Prozent;ERWP10;Arbeitslosenquote bez. auf alle zivile Erwerbsp.
13211;;;;2025;KREISE;;01057;;ERWAQ8;;ARBEITSQUO05;Männer;4,7;Prozent;ERWP10;Arbeitslosenquote bez. auf alle zivile Erwerbsp.
13211;;;;2025;KREISE;;09762;;ERWAQ8;;ARBEITSQUO09;15 bis unter 25 Jahre;5,8;Prozent;ERWP10;Arbeitslosenquote bez. auf alle zivile Erwerbsp.
13211;;;;2025;KREISE;;12067;;ERWAQ8;;ARBEITSQUO06;Frauen;6,0;Prozent;ERWP10;Arbeitslosenquote bez. auf alle zivile Erwerbsp.
13211;;;;2025;KREISE;;01060;;ERWAQ8;;ARBEITSQUO07;ausländisch;16,4;Prozent;ERWP10;Arbeitslosenquote bez. auf alle zivile Erwerbsp.
13211;;;;2025;KREISE;;03354;;ERWAQ8;;ARBEITSQUO05;Männer;8,5;Prozent;ERWP10;Arbeitslosenquote bez. auf alle zivile Erwerbsp.
13211;;;;2025;KREISE;;03455;;ERWAQ8;;ARBEITSQUO09;15 bis unter 25 Jahre;4,0;Prozent;ERWP10;Arbeitslosenquote bez. auf alle zivile Erwerbsp.
13211;;;;2025;KREISE;;14181;;ERWAQ8;;ARBEITSQUO06;Frauen;-;Prozent;ERWP10;Arbeitslosenquote bez. auf alle zivile Erwerbsp.
13211;;;;2025;KREISE;;09180;;ERWAQ8;;ARBEITSQUO06;Frauen;3,4;Prozent;ERWP10;Arbeitslosenquote bez. auf alle zivile Erwerbsp.
13211;;;;2025;KREISE;;16064;;ERWAQ8;;ARBEITSQUO06;Frauen;6,6;Prozent;ERWP10;Arbeitslosenquote bez. auf alle zivile Erwerbsp.
13211;;;;2025;KREISE;;08316;;ERWAQ8;;ARBEITSQUO07;ausländisch;8,4;Prozent;ERWP10;Arbeitslosenquote bez. auf alle zivile Erwerbsp.
13211;;;;2025;KREISE;;14292;;ERWAQ8;;ARBEITSQUO06;Frauen;-;Prozent;ERWP10;Arbeitslosenquote bez. auf alle zivile Erwerbsp.
13211;;;;2025;KREISE;;03154;;ERWAQ8;;ARBEITSQUO06;Frauen;6,9;Prozent;ERWP10;Arbeitslosenquote bez. auf alle zivile Erwerbsp.
13211;;;;2025;KREISE;;05566;;ERWAQ8;;ARBEITSQUO07;ausländisch;17,7;Prozent;ERWP10;Arbeitslosenquote bez. auf alle zivile Erwerbsp.
13211;;;;2025;KREISE;;12054;;ERWAQ8;;ARBEITSQUO06;Frauen;5,7;Prozent;ERWP10;Arbeitslosenquote bez. auf alle zivile Erwerbsp.
13211;;;;2025;KREISE;;05120;;ERWAQ8;;ARBEITSQUO09;15 bis unter 25 Jahre;7,7;Prozent;ERWP10;Arbeitslosenquote bez. auf alle zivile Erwerbsp.
13211;;;;2025;KREISE;;09171;;ERWAQ8;;ARBEITSQUO05;Männer;3,8;Prozent;ERWP10;Arbeitslosenquote bez. auf alle zivile Erwerbsp.
13211;;;;2025;KREISE;;01053;;ERWAQ8;;ARBEITSQUO06;Frauen;5,0;Prozent;ERWP10;Arbeitslosenquote bez. auf alle zivile Erwerbsp.
13211;;;;2025;KREISE;;15303;;ERWAQ8;;ARBEITSQUO09;15 bis unter 25 Jahre;-;Prozent;ERWP10;Arbeitslosenquote bez. auf alle zivile Erwerbsp.
13211;;;;2025;KREISE;;03252;;ERWAQ8;;ARBEITSQUO06;Frauen;6,3;Prozent;ERWP10;Arbeitslosenquote bez. auf alle zivile Erwerbsp.
13211;;;;2025;KREISE;;13055;;ERWAQ8;;ARBEITSQUO09;15 bis unter 25 Jahre;-;Prozent;ERWP10;Arbeitslosenquote bez. auf alle zivile Erwerbsp.
13211;;;;2025;KREISE;;03357;;ERWAQ8;;ARBEITSQUO09;15 bis unter 25 Jahre;4,2;Prozent;ERWP10;Arbeitslosenquote bez. auf alle zivile Erwerbsp.
13211;;;;2025;KREISE;;13056;;ERWAQ8;;ARBEITSQUO06;Frauen;-;Prozent;ERWP10;Arbeitslosenquote bez. auf alle zivile Erwerbsp.
13211;;;;2025;KREISE;;05978;;ERWAQ8;;ARBEITSQUO07;ausländisch;19,2;Prozent;ERWP10;Arbeitslosenquote bez. auf alle zivile Erwerbsp.
13211;;;;2025;KREISE;;12063;;ERWAQ8;;ARBEITSQUO07;ausländisch;23,2;Prozent;ERWP10;Arbeitslosenquote bez. auf alle zivile Erwerbsp.
13211;;;;2025;KREISE;;05762;;ERWAQ8;;ARBEITSQUO07;ausländisch;17,1;Prozent;ERWP10;Arbeitslosenquote bez. auf alle zivile Erwerbsp.
13211;;;;2025;KREISE;;15357;;ERWAQ8;;ARBEITSQUO06;Frauen;-;Prozent;ERWP10;Arbeitslosenquote bez. auf alle zivile Erwerbsp.
13211;;;;2025;KREISE;;09162;;ERWAQ8;;ARBEITSQUO06;Frauen;5,3;Prozent;ERWP10;Arbeitslosenquote bez. auf alle zivile Erwerbsp.
13211;;;;2025;KREISE;;14286;;ERWAQ8;;ARBEITSQUO09;15 bis unter 25 Jahre;-;Prozent;ERWP10;Arbeitslosenquote bez. auf alle zivile Erwerbsp.
13211;;;;2025;KREISE;;14511;;ERWAQ8;;ARBEITSQUO06;Frauen;9,0;Prozent;ERWP10;Arbeitslosenquote bez. auf alle zivile Erwerbsp.
13211;;;;2025;KREISE;;06438;;ERWAQ8;;ARBEITSQUO09;15 bis unter 25 Jahre;6,2;Prozent;ERWP10;Arbeitslosenquote bez. auf alle zivile Erwerbsp.
13211;;;;2025;KREISE;;09189;;ERWAQ8;;ARBEITSQUO07;ausländisch;8,4;Prozent;ERWP10;Arbeitslosenquote bez. auf alle zivile Erwerbsp.
13211;;;;2025;KREISE;;07336;;ERWAQ8;;ARBEITSQUO09;15 bis unter 25 Jahre;5,8;Prozent;ERWP10;Arbeitslosenquote bez. auf alle zivile Erwerbsp.
13211;;;;2025;KREISE;;16070;;ERWAQ8;;ARBEITSQUO05;Männer;6,7;Prozent;ERWP10;Arbeitslosenquote bez. auf alle zivile Erwerbsp.
13211;;;;2025;KREISE;;15202;;ERWAQ8;;ARBEITSQUO06;Frauen;-;Prozent;ERWP10;Arbeitslosenquote bez. auf alle zivile Erwerbsp.
13211;;;;2025;KREISE;;16067;;ERWAQ8;;ARBEITSQUO09;15 bis unter 25 Jahre;7,8;Prozent;ERWP10;Arbeitslosenquote bez. auf alle zivile Erwerbsp.
13211;;;;2025;KREISE;;14177;;ERWAQ8;;ARBEITSQUO07;ausländisch;-;Prozent;ERWP10;Arbeitslosenquote bez. auf alle zivile Erwerbsp.
13211;;;;2025;KREISE;;05774;;ERWAQ8;;ARBEITSQUO09;15 bis unter 25 Jahre;4,9;Prozent;ERWP10;Arbeitslosenquote bez. auf alle zivile Erwerbsp.
13211;;;;2025;KREISE;;06634;;ERWAQ8;;ARBEITSQUO09;15 bis unter 25 Jahre;5,3;Prozent;ERWP10;Arbeitslosenquote bez. auf alle zivile Erwerbsp.
13211;;;;2025;KREISE;;05966;;ERWAQ8;;ARBEITSQUO05;Männer;4,6;Prozent;ERWP10;Arbeitslosenquote bez. auf alle zivile Erwerbsp.
13211;;;;2025;KREISE;;10046;;ERWAQ8;;ARBEITSQUO05;Männer;4,3;Prozent;ERWP10;Arbeitslosenquote bez. auf alle zivile Erwerbsp.
13211;;;;2025;KREISE;;03157;;ERWAQ8;;ARBEITSQUO09;15 bis unter 25 Jahre;6,3;Prozent;ERWP10;Arbeitslosenquote bez. auf alle zivile Erwerbsp.
13211;;;;2025;KREISE;;05374;;ERWAQ8;;ARBEITSQUO05;Männer;6,0;Prozent;ERWP10;Arbeitslosenquote bez. auf alle zivile Erwerbsp.
13211;;;;2025;KREISE;;09674;;ERWAQ8;;ARBEITSQUO05;Männer;3,5;Prozent;ERWP10;Arbeitslosenquote bez. auf alle zivile Erwerbsp.
13211;;;;2025;KREISE;;15090;;ERWAQ8;;ARBEITSQUO05;Männer;10,2;Prozent;ERWP10;Arbeitslosenquote bez. auf alle zivile Erwerbsp.
13211;;;;2025;KREISE;;07137;;ERWAQ8;;ARBEITSQUO06;Frauen;3,8;Prozent;ERWP10;Arbeitslosenquote bez. auf alle zivile Erwerbsp.
13211;;;;2025;KREISE;;09772;;ERWAQ8;;ARBEITSQUO05;Männer;3,4;Prozent;ERWP10;Arbeitslosenquote bez. auf alle zivile Erwerbsp.
13211;;;;2025;KREISE;;11008008;;ERWAQ8;;ARBEITSQUO05;Männer;.;Prozent;ERWP10;Arbeitslosenquote bez. auf alle zivile Erwerbsp.
13211;;;;2025;KREISE;;14188;;ERWAQ8;;ARBEITSQUO09;15 bis unter 25 Jahre;-;Prozent;ERWP10;Arbeitslosenquote bez. auf alle zivile Erwerbsp.
13211;;;;2025;KREISE;;13052;;ERWAQ8;;ARBEITSQUO05;Männer;-;Prozent;ERWP10;Arbeitslosenquote bez. auf alle zivile Erwerbsp.
13211;;;;2025;KREISE;;07235;;ERWAQ8;;ARBEITSQUO06;Frauen;3,0;Prozent;ERWP10;Arbeitslosenquote bez. auf alle zivile Erwerbsp.
13211;;;;2025;KREISE;;05570;;ERWAQ8;;ARBEITSQUO05;Männer;5,8;Prozent;ERWP10;Arbeitslosenquote bez. auf alle zivile Erwerbsp.
13211;;;;2025;KREISE;;07316;;ERWAQ8;;ARBEITSQUO06;Frauen;6,4;Prozent;ERWP10;Arbeitslosenquote bez. auf alle zivile Erwerbsp.
13211;;;;2025;KREISE;;09180;;ERWAQ8;;ARBEITSQUO05;Männer;3,8;Prozent;ERWP10;Arbeitslosenquote bez. auf alle zivile Erwerbsp.
13211;;;;2025;KREISE;;05111;;ERWAQ8;;ARBEITSQUO09;15 bis unter 25 Jahre;5,7;Prozent;ERWP10;Arbeitslosenquote bez. auf alle zivile Erwerbsp.
13211;;;;2025;KREISE;;05113;;ERWAQ8;;ARBEITSQUO06;Frauen;11,3;Prozent;ERWP10;Arbeitslosenquote bez. auf alle zivile Erwerbsp.
13211;;;;2025;KREISE;;05366;;ERWAQ8;;ARBEITSQUO06;Frauen;5,6;Prozent;ERWP10;Arbeitslosenquote bez. auf alle zivile Erwerbsp.
13211;;;;2025;KREISE;;01062;;ERWAQ8;;ARBEITSQUO05;Männer;4,8;Prozent;ERWP10;Arbeitslosenquote bez. auf alle zivile Erwerbsp.
13211;;;;2025;KREISE;;06439;;ERWAQ8;;ARBEITSQUO05;Männer;5,2;Prozent;ERWP10;Arbeitslosenquote bez. auf alle zivile Erwerbsp.
13211;;;;2025;KREISE;;01003;;ERWAQ8;;ARBEITSQUO07;ausländisch;18,7;Prozent;ERWP10;Arbeitslosenquote bez. auf alle zivile Erwerbsp.
13211;;;;2025;KREISE;;08425;;ERWAQ8;;ARBEITSQUO05;Männer;3,1;Prozent;ERWP10;Arbeitslosenquote bez. auf alle zivile Erwerbsp.
13211;;;;2025;KREISE;;07314;;ERWAQ8;;ARBEITSQUO09;15 bis unter 25 Jahre;8,5;Prozent;ERWP10;Arbeitslosenquote bez. auf alle zivile Erwerbsp.
13211;;;;2025;KREISE;;05117;;ERWAQ8;;ARBEITSQUO07;ausländisch;20,8;Prozent;ERWP10;Arbeitslosenquote bez. auf alle zivile Erwerbsp.
13211;;;;2025;KREISE;;03459;;ERWAQ8;;ARBEITSQUO07;ausländisch;10,1;Prozent;ERWP10;Arbeitslosenquote bez. auf alle zivile Erwerbsp.
13211;;;;2025;KREISE;;09372;;ERWAQ8;;ARBEITSQUO07;ausländisch;10,5;Prozent;ERWP10;Arbeitslosenquote bez. auf alle zivile Erwerbsp.
13211;;;;2025;KREISE;;15268;;ERWAQ8;;ARBEITSQUO05;Männer;-;Prozent;ERWP10;Arbeitslosenquote bez. auf alle zivile Erwerbsp.
13211;;;;2025;KREISE;;03460;;ERWAQ8;;ARBEITSQUO09;15 bis unter 25 Jahre;3,3;Prozent;ERWP10;Arbeitslosenquote bez. auf alle zivile Erwerbsp.
13211;;;;2025;KREISE;;05313;;ERWAQ8;;ARBEITSQUO07;ausländisch;-;Prozent;ERWP10;Arbeitslosenquote bez. auf alle zivile Erwerbsp.
13211;;;;2025;KREISE;;14729;;ERWAQ8;;ARBEITSQUO07;ausländisch;25,8;Prozent;ERWP10;Arbeitslosenquote bez. auf alle zivile Erwerbsp.
13211;;;;2025;KREISE;;09274;;ERWAQ8;;ARBEITSQUO07;ausländisch;9,5;Prozent;ERWP10;Arbeitslosenquote bez. auf alle zivile Erwerbsp.
13211;;;;2025;KREISE;;05562;;ERWAQ8;;ARBEITSQUO06;Frauen;8,5;Prozent;ERWP10;Arbeitslosenquote bez. auf alle zivile Erwerbsp.
13211;;;;2025;KREISE;;08125;;ERWAQ8;;ARBEITSQUO07;ausländisch;9,3;Prozent;ERWP10;Arbeitslosenquote bez. auf alle zivile Erwerbsp.
13211;;;;2025;KREISE;;12071;;ERWAQ8;;ARBEITSQUO05;Männer;6,9;Prozent;ERWP10;Arbeitslosenquote bez. auf alle zivile Erwerbsp.
13211;;;;2025;KREISE;;03461;;ERWAQ8;;ARBEITSQUO05;Männer;6,6;Prozent;ERWP10;Arbeitslosenquote bez. auf alle zivile Erwerbsp.
13211;;;;2025;KREISE;;12070;;ERWAQ8;;ARBEITSQUO09;15 bis unter 25 Jahre;9,9;Prozent;ERWP10;Arbeitslosenquote bez. auf alle zivile Erwerbsp.
13211;;;;2025;KREISE;;14524;;ERWAQ8;;ARBEITSQUO06;Frauen;5,6;Prozent;ERWP10;Arbeitslosenquote bez. auf alle zivile Erwerbsp.
13211;;;;2025;KREISE;;09678;;ERWAQ8;;ARBEITSQUO06;Frauen;2,6;Prozent;ERWP10;Arbeitslosenquote bez. auf alle zivile Erwerbsp.
13211;;;;2025;KREISE;;09779;;ERWAQ8;;ARBEITSQUO09;15 bis unter 25 Jahre;2,7;Prozent;ERWP10;Arbeitslosenquote bez. auf alle zivile Erwerbsp.
13211;;;;2025;KREISE;;03402;;ERWAQ8;;ARBEITSQUO07;ausländisch;20,2;Prozent;ERWP10;Arbeitslosenquote bez. auf alle zivile Erwerbsp.
13211;;;;2025;KREISE;;09776;;ERWAQ8;;ARBEITSQUO06;Frauen;3,0;Prozent;ERWP10;Arbeitslosenquote bez. auf alle zivile Erwerbsp.
13211;;;;2025;KREISE;;06635;;ERWAQ8;;ARBEITSQUO05;Männer;5,0;Prozent;ERWP10;Arbeitslosenquote bez. auf alle zivile Erwerbsp.
13211;;;;2025;KREISE;;07133;;ERWAQ8;;ARBEITSQUO05;Männer;7,1;Prozent;ERWP10;Arbeitslosenquote bez. auf alle zivile Erwerbsp.
13211;;;;2025;KREISE;;15303;;ERWAQ8;;ARBEITSQUO07;ausländisch;-;Prozent;ERWP10;Arbeitslosenquote bez. auf alle zivile Erwerbsp.
13211;;;;2025;KREISE;;14625;;ERWAQ8;;ARBEITSQUO09;15 bis unter 25 Jahre;6,2;Prozent;ERWP10;Arbeitslosenquote bez. auf alle zivile Erwerbsp.
13211;;;;2025;KREISE;;08327;;ERWAQ8;;ARBEITSQUO05;Männer;5,3;Prozent;ERWP10;Arbeitslosenquote bez. auf alle zivile Erwerbsp.
13211;;;;2025;KREISE;;05970;;ERWAQ8;;ARBEITSQUO09;15 bis unter 25 Jahre;6,1;Prozent;ERWP10;Arbeitslosenquote bez. auf alle zivile Erwerbsp.
13211;;;;2025;KREISE;;05914;;ERWAQ8;;ARBEITSQUO06;Frauen;11,8;Prozent;ERWP10;Arbeitslosenquote bez. auf alle zivile Erwerbsp.
13211;;;;2025;KREISE;;07231;;ERWAQ8;;ARBEITSQUO05;Männer;4,1;Prozent;ERWP10;Arbeitslosenquote bez. auf alle zivile Erwerbsp.
13211;;;;2025;KREISE;;15088;;ERWAQ8;;ARBEITSQUO07;ausländisch;24,3;Prozent;ERWP10;Arbeitslosenquote bez. auf alle zivile Erwerbsp.
13211;;;;2025;KREISE;;05170;;ERWAQ8;;ARBEITSQUO07;ausländisch;20,1;Prozent;ERWP10;Arbeitslosenquote bez. auf alle zivile Erwerbsp.
13211;;;;2025;KREISE;;15002;;ERWAQ8;;ARBEITSQUO05;Männer;10,7;Prozent;ERWP10;Arbeitslosenquote bez. auf alle zivile Erwerbsp.
13211;;;;2025;KREISE;;15084;;ERWAQ8;;ARBEITSQUO07;ausländisch;18,1;Prozent;ERWP10;Arbeitslosenquote bez. auf alle zivile Erwerbsp.
13211;;;;2025;KREISE;;07338;;ERWAQ8;;ARBEITSQUO06;Frauen;4,0;Prozent;ERWP10;Arbeitslosenquote bez. auf alle zivile Erwerbsp.
13211;;;;2025;KREISE;;03452;;ERWAQ8;;ARBEITSQUO06;Frauen;6,3;Prozent;ERWP10;Arbeitslosenquote bez. auf alle zivile Erwerbsp.
13211;;;;2025;KREISE;;11005005;;ERWAQ8;;ARBEITSQUO07;ausländisch;.;Prozent;ERWP10;Arbeitslosenquote bez. auf alle zivile Erwerbsp.
13211;;;;2025;KREISE;;06413;;ERWAQ8;;ARBEITSQUO05;Männer;9,0;Prozent;ERWP10;Arbeitslosenquote bez. auf alle zivile Erwerbsp.
13211;;;;2025;KREISE;;16076;;ERWAQ8;;ARBEITSQUO09;15 bis unter 25 Jahre;6,8;Prozent;ERWP10;Arbeitslosenquote bez. auf alle zivile Erwerbsp.
13211;;;;2025;KREISE;;09763;;ERWAQ8;;ARBEITSQUO05;Männer;4,4;Prozent;ERWP10;Arbeitslosenquote bez. auf alle zivile Erwerbsp.
13211;;;;2025;KREISE;;09183;;ERWAQ8;;ARBEITSQUO09;15 bis unter 25 Jahre;3,4;Prozent;ERWP10;Arbeitslosenquote bez. auf alle zivile Erwerbsp.
13211;;;;2025;KREISE;;08236;;ERWAQ8;;ARBEITSQUO07;ausländisch;9,4;Prozent;ERWP10;Arbeitslosenquote bez. auf alle zivile Erwerbsp.
13211;;;;2025;KREISE;;15151;;ERWAQ8;;ARBEITSQUO07;ausländisch;-;Prozent;ERWP10;Arbeitslosenquote bez. auf alle zivile Erwerbsp.
13211;;;;2025;KREISE;;09677;;ERWAQ8;;ARBEITSQUO09;15 bis unter 25 Jahre;2,6;Prozent;ERWP10;Arbeitslosenquote bez. auf alle zivile Erwerbsp.
13211;;;;2025;KREISE;;09461;;ERWAQ8;;ARBEITSQUO07;ausländisch;10,0;Prozent;ERWP10;Arbeitslosenquote bez. auf alle zivile Erwerbsp.
13211;;;;2025;KREISE;;01053;;ERWAQ8;;ARBEITSQUO05;Männer;5,6;Prozent;ERWP10;Arbeitslosenquote bez. auf alle zivile Erwerbsp.
13211;;;;2025;KREISE;;05124;;ERWAQ8;;ARBEITSQUO09;15 bis unter 25 Jahre;9,6;Prozent;ERWP10;Arbeitslosenquote bez. auf alle zivile Erwerbsp.
13211;;;;2025;KREISE;;05334;;ERWAQ8;;ARBEITSQUO09;15 bis unter 25 Jahre;5,5;Prozent;ERWP10;Arbeitslosenquote bez. auf alle zivile Erwerbsp.
13211;;;;2025;KREISE;;09171;;ERWAQ8;;ARBEITSQUO06;Frauen;3,6;Prozent;ERWP10;Arbeitslosenquote bez. auf alle zivile Erwerbsp.
13211;;;;2025;KREISE;;09176;;ERWAQ8;;ARBEITSQUO07;ausländisch;9,4;Prozent;ERWP10;Arbeitslosenquote bez. auf alle zivile Erwerbsp.
13211;;;;2025;KREISE;;14292;;ERWAQ8;;ARBEITSQUO05;Männer;-;Prozent;ERWP10;Arbeitslosenquote bez. auf alle zivile Erwerbsp.
13211;;;;2025;KREISE;;09363;;ERWAQ8;;ARBEITSQUO07;ausländisch;13,6;Prozent;ERWP10;Arbeitslosenquote bez. auf alle zivile Erwerbsp.
13211;;;;2025;KREISE;;16061;;ERWAQ8;;ARBEITSQUO05;Männer;4,7;Prozent;ERWP10;Arbeitslosenquote bez. auf alle zivile Erwerbsp.
13211;;;;2025;KREISE;;03252;;ERWAQ8;;ARBEITSQUO05;Männer;7,6;Prozent;ERWP10;Arbeitslosenquote bez. auf alle zivile Erwerbsp.
13211;;;;2025;KREISE;;07111;;ERWAQ8;;ARBEITSQUO05;Männer;7,2;Prozent;ERWP10;Arbeitslosenquote bez. auf alle zivile Erwerbsp.
13211;;;;2025;KREISE;;12063;;ERWAQ8;;ARBEITSQUO06;Frauen;6,0;Prozent;ERWP10;Arbeitslosenquote bez. auf alle zivile Erwerbsp.
13211;;;;2025;KREISE;;03101;;ERWAQ8;;ARBEITSQUO06;Frauen;6,1;Prozent;ERWP10;Arbeitslosenquote bez. auf alle zivile Erwerbsp.
13211;;;;2025;KREISE;;09478;;ERWAQ8;;ARBEITSQUO05;Männer;4,8;Prozent;ERWP10;Arbeitslosenquote bez. auf alle zivile Erwerbsp.
13211;;;;2025;KREISE;;12061;;ERWAQ8;;ARBEITSQUO09;15 bis unter 25 Jahre;3,2;Prozent;ERWP10;Arbeitslosenquote bez. auf alle zivile Erwerbsp.
13211;;;;2025;KREISE;;09184;;ERWAQ8;;ARBEITSQUO06;Frauen;3,6;Prozent;ERWP10;Arbeitslosenquote bez. auf alle zivile Erwerbsp.
13211;;;;2025;KREISE;;15081;;ERWAQ8;;ARBEITSQUO06;Frauen;6,7;Prozent;ERWP10;Arbeitslosenquote bez. auf alle zivile Erwerbsp.
13211;;;;2025;KREISE;;03451;;ERWAQ8;;ARBEITSQUO09;15 bis unter 25 Jahre;3,7;Prozent;ERWP10;Arbeitslosenquote bez. auf alle zivile Erwerbsp.
13211;;;;2025;KREISE;;08116;;ERWAQ8;;ARBEITSQUO07;ausländisch;10,4;Prozent;ERWP10;Arbeitslosenquote bez. auf alle zivile Erwerbsp.
13211;;;;2025;KREISE;;14181;;ERWAQ8;;ARBEITSQUO05;Männer;-;Prozent;ERWP10;Arbeitslosenquote bez. auf alle zivile Erwerbsp.
13211;;;;2025;KREISE;;13072;;ERWAQ8;;ARBEITSQUO07;ausländisch;19,2;Prozent;ERWP10;Arbeitslosenquote bez. auf alle zivile Erwerbsp.
13211;;;;2025;KREISE;;16054;;ERWAQ8;;ARBEITSQUO09;15 bis unter 25 Jahre;8,5;Prozent;ERWP10;Arbeitslosenquote bez. auf alle zivile Erwerbsp.
13211;;;;2025;KREISE;;09576;;ERWAQ8;;ARBEITSQUO05;Männer;2,6;Prozent;ERWP10;Arbeitslosenquote bez. auf alle zivile Erwerbsp.
13211;;;;2025;KREISE;;14612;;ERWAQ8;;ARBEITSQUO09;15 bis unter 25 Jahre;6,5;Prozent;ERWP10;Arbeitslosenquote bez. auf alle zivile Erwerbsp.
13211;;;;2025;KREISE;;03158;;ERWAQ8;;ARBEITSQUO06;Frauen;5,1;Prozent;ERWP10;Arbeitslosenquote bez. auf alle zivile Erwerbsp.
13211;;;;2025;KREISE;;13002;;ERWAQ8;;ARBEITSQUO09;15 bis unter 25 Jahre;-;Prozent;ERWP10;Arbeitslosenquote bez. auf alle zivile Erwerbsp.
13211;;;;2025;KREISE;;16068;;ERWAQ8;;ARBEITSQUO06;Frauen;5,6;Prozent;ERWP10;Arbeitslosenquote bez. auf alle zivile Erwerbsp.
13211;;;;2025;KREISE;;08121;;ERWAQ8;;ARBEITSQUO09;15 bis unter 25 Jahre;5,3;Prozent;ERWP10;Arbeitslosenquote bez. auf alle zivile Erwerbsp.
13211;;;;2025;KREISE;;04012;;ERWAQ8;;ARBEITSQUO07;ausländisch;25,3;Prozent;ERWP10;Arbeitslosenquote bez. auf alle zivile Erwerbsp.
13211;;;;2025;KREISE;;08416;;ERWAQ8;;ARBEITSQUO05;Männer;4,1;Prozent;ERWP10;Arbeitslosenquote bez. auf alle zivile Erwerbsp.
13211;;;;2025;KREISE;;01056;;ERWAQ8;;ARBEITSQUO09;15 bis unter 25 Jahre;6,0;Prozent;ERWP10;Arbeitslosenquote bez. auf alle zivile Erwerbsp.
13211;;;;2025;KREISE;;07320;;ERWAQ8;;ARBEITSQUO05;Männer;8,1;Prozent;ERWP10;Arbeitslosenquote bez. auf alle zivile Erwerbsp.
13211;;;;2025;KREISE;;03255;;ERWAQ8;;ARBEITSQUO09;15 bis unter 25 Jahre;7,6;Prozent;ERWP10;Arbeitslosenquote bez. auf alle zivile Erwerbsp.
13211;;;;2025;KREISE;;01057;;ERWAQ8;;ARBEITSQUO06;Frauen;4,1;Prozent;ERWP10;Arbeitslosenquote bez. auf alle zivile Erwerbsp.
13211;;;;2025;KREISE;;03256;;ERWAQ8;;ARBEITSQUO06;Frauen;5,7;Prozent;ERWP10;Arbeitslosenquote bez. auf alle zivile Erwerbsp.
13211;;;;2025;KREISE;;05974;;ERWAQ8;;ARBEITSQUO07;ausländisch;17,5;Prozent;ERWP10;Arbeitslosenquote bez. auf alle zivile Erwerbsp.
13211;;;;2025;KREISE;;05766;;ERWAQ8;;ARBEITSQUO07;ausländisch;18,9;Prozent;ERWP10;Arbeitslosenquote bez. auf alle zivile Erwerbsp.
13211;;;;2025;KREISE;;16074;;ERWAQ8;;ARBEITSQUO05;Männer;5,6;Prozent;ERWP10;Arbeitslosenquote bez. auf alle zivile Erwerbsp.
13211;;;;2025;KREISE;;13059;;ERWAQ8;;ARBEITSQUO09;15 bis unter 25 Jahre;-;Prozent;ERWP10;Arbeitslosenquote bez. auf alle zivile Erwerbsp.
13211;;;;2025;KREISE;;03353;;ERWAQ8;;ARBEITSQUO09;15 bis unter 25 Jahre;5,0;Prozent;ERWP10;Arbeitslosenquote bez. auf alle zivile Erwerbsp.
13211;;;;2025;KREISE;;11011011;;ERWAQ8;;ARBEITSQUO07;ausländisch;.;Prozent;ERWP10;Arbeitslosenquote bez. auf alle zivile Erwerbsp.
13211;;;;2025;KREISE;;12067;;ERWAQ8;;ARBEITSQUO07;ausländisch;22,8;Prozent;ERWP10;Arbeitslosenquote bez. auf alle zivile Erwerbsp.
13211;;;;2025;KREISE;;03354;;ERWAQ8;;ARBEITSQUO06;Frauen;7,0;Prozent;ERWP10;Arbeitslosenquote bez. auf alle zivile Erwerbsp.
13211;;;;2025;KREISE;;09162;;ERWAQ8;;ARBEITSQUO07;ausländisch;8,3;Prozent;ERWP10;Arbeitslosenquote bez. auf alle zivile Erwerbsp.
13211;;;;2025;KREISE;;14511;;ERWAQ8;;ARBEITSQUO07;ausländisch;28,4;Prozent;ERWP10;Arbeitslosenquote bez. auf alle zivile Erwerbsp.
13211;;;;2025;KREISE;;08117;;ERWAQ8;;ARBEITSQUO05;Männer;5,5;Prozent;ERWP10;Arbeitslosenquote bez. auf alle zivile Erwerbsp.
13211;;;;2025;KREISE;;06434;;ERWAQ8;;ARBEITSQUO07;ausländisch;10,7;Prozent;ERWP10;Arbeitslosenquote bez. auf alle zivile Erwerbsp.
13211;;;;2025;KREISE;;06438;;ERWAQ8;;ARBEITSQUO06;Frauen;5,5;Prozent;ERWP10;Arbeitslosenquote bez. auf alle zivile Erwerbsp.
13211;;;;2025;KREISE;;10042;;ERWAQ8;;ARBEITSQUO07;ausländisch;11,8;Prozent;ERWP10;Arbeitslosenquote bez. auf alle zivile Erwerbsp.
13211;;;;2025;KREISE;;08211;;ERWAQ8;;ARBEITSQUO06;Frauen;7,4;Prozent;ERWP10;Arbeitslosenquote bez. auf alle zivile Erwerbsp.
13211;;;;2025;KREISE;;13060;;ERWAQ8;;ARBEITSQUO05;Männer;-;Prozent;ERWP10;Arbeitslosenquote bez. auf alle zivile Erwerbsp.
13211;;;;2025;KREISE;;06532;;ERWAQ8;;ARBEITSQUO07;ausländisch;20,9;Prozent;ERWP10;Arbeitslosenquote bez. auf alle zivile Erwerbsp.
13211;;;;2025;KREISE;;08215;;ERWAQ8;;ARBEITSQUO05;Männer;4,2;Prozent;ERWP10;Arbeitslosenquote bez. auf alle zivile Erwerbsp.
13211;;;;2025;KREISE;;13003;;ERWAQ8;;ARBEITSQUO06;Frauen;7,0;Prozent;ERWP10;Arbeitslosenquote bez. auf alle zivile Erwerbsp.
13211;;;;2025;KREISE;;14177;;ERWAQ8;;ARBEITSQUO06;Frauen;-;Prozent;ERWP10;Arbeitslosenquote bez. auf alle zivile Erwerbsp.
13211;;;;2025;KREISE;;05966;;ERWAQ8;;ARBEITSQUO06;Frauen;4,5;Prozent;ERWP10;Arbeitslosenquote bez. auf alle zivile Erwerbsp.
13211;;;;2025;KREISE;;12053;;ERWAQ8;;ARBEITSQUO09;15 bis unter 25 Jahre;10,5;Prozent;ERWP10;Arbeitslosenquote bez. auf alle zivile Erwerbsp.
13211;;;;2025;KREISE;;10046;;ERWAQ8;;ARBEITSQUO06;Frauen;4,1;Prozent;ERWP10;Arbeitslosenquote bez. auf alle zivile Erwerbsp.
13211;;;;2025;KREISE;;05370;;ERWAQ8;;ARBEITSQUO07;ausländisch;15,2;Prozent;ERWP10;Arbeitslosenquote bez. auf alle zivile Erwerbsp.
13211;;;;2025;KREISE;;12071;;ERWAQ8;;ARBEITSQUO06;Frauen;5,7;Prozent;ERWP10;Arbeitslosenquote bez. auf alle zivile Erwerbsp.
13211;;;;2025;KREISE;;15369;;ERWAQ8;;ARBEITSQUO07;ausländisch;-;Prozent;ERWP10;Arbeitslosenquote bez. auf alle zivile Erwerbsp.
13211;;;;2025;KREISE;;11000;;ERWAQ8;;ARBEITSQUO05;Männer;10,6;Prozent;ERWP10;Arbeitslosenquote bez. auf alle zivile Erwerbsp.
13211;;;;2025;KREISE;;11007007;;ERWAQ8;;ARBEITSQUO05;Männer;.;Prozent;ERWP10;Arbeitslosenquote bez. auf alle zivile Erwerbsp.
13211;;;;2025;KREISE;;09678;;ERWAQ8;;ARBEITSQUO07;ausländisch;9,0;Prozent;ERWP10;Arbeitslosenquote bez. auf alle zivile Erwerbsp.
13211;;;;2025;KREISE;;09776;;ERWAQ8;;ARBEITSQUO07;ausländisch;6,3;Prozent;ERWP10;Arbeitslosenquote bez. auf alle zivile Erwerbsp.
13211;;;;2025;KREISE;;16063;;ERWAQ8;;ARBEITSQUO09;15 bis unter 25 Jahre;6,4;Prozent;ERWP10;Arbeitslosenquote bez. auf alle zivile Erwerbsp.
13211;;;;2025;KREISE;;16052;;ERWAQ8;;ARBEITSQUO05;Männer;10,8;Prozent;ERWP10;Arbeitslosenquote bez. auf alle zivile Erwerbsp.
13211;;;;2025;KREISE;;05513;;ERWAQ8;;ARBEITSQUO07;ausländisch;30,2;Prozent;ERWP10;Arbeitslosenquote bez. auf alle zivile Erwerbsp.
13211;;;;2025;KREISE;;05958;;ERWAQ8;;ARBEITSQUO05;Männer;5,1;Prozent;ERWP10;Arbeitslosenquote bez. auf alle zivile Erwerbsp.
13211;;;;2025;KREISE;;09189;;ERWAQ8;;ARBEITSQUO06;Frauen;3,0;Prozent;ERWP10;Arbeitslosenquote bez. auf alle zivile Erwerbsp.
13211;;;;2025;KREISE;;03455;;ERWAQ8;;ARBEITSQUO07;ausländisch;19,9;Prozent;ERWP10;Arbeitslosenquote bez. auf alle zivile Erwerbsp.
13211;;;;2025;KREISE;;08135;;ERWAQ8;;ARBEITSQUO06;Frauen;5,2;Prozent;ERWP10;Arbeitslosenquote bez. auf alle zivile Erwerbsp.
13211;;;;2025;KREISE;;08116;;ERWAQ8;;ARBEITSQUO09;15 bis unter 25 Jahre;4,1;Prozent;ERWP10;Arbeitslosenquote bez. auf alle zivile Erwerbsp.
13211;;;;2025;KREISE;;05366;;ERWAQ8;;ARBEITSQUO05;Männer;6,2;Prozent;ERWP10;Arbeitslosenquote bez. auf alle zivile Erwerbsp.
13211;;;;2025;KREISE;;12063;;ERWAQ8;;ARBEITSQUO05;Männer;7,3;Prozent;ERWP10;Arbeitslosenquote bez. auf alle zivile Erwerbsp.
13211;;;;2025;KREISE;;13072;;ERWAQ8;;ARBEITSQUO09;15 bis unter 25 Jahre;7,4;Prozent;ERWP10;Arbeitslosenquote bez. auf alle zivile Erwerbsp.
13211;;;;2025;KREISE;;09562;;ERWAQ8;;ARBEITSQUO09;15 bis unter 25 Jahre;3,8;Prozent;ERWP10;Arbeitslosenquote bez. auf alle zivile Erwerbsp.
13211;;;;2025;KREISE;;11010010;;ERWAQ8;;ARBEITSQUO05;Männer;.;Prozent;ERWP10;Arbeitslosenquote bez. auf alle zivile Erwerbsp.
13211;;;;2025;KREISE;;08237;;ERWAQ8;;ARBEITSQUO05;Männer;4,5;Prozent;ERWP10;Arbeitslosenquote bez. auf alle zivile Erwerbsp.
13211;;;;2025;KREISE;;03154;;ERWAQ8;;ARBEITSQUO05;Männer;7,4;Prozent;ERWP10;Arbeitslosenquote bez. auf alle zivile Erwerbsp.
13211;;;;2025;KREISE;;08335;;ERWAQ8;;ARBEITSQUO05;Männer;4,9;Prozent;ERWP10;Arbeitslosenquote bez. auf alle zivile Erwerbsp.
13211;;;;2025;KREISE;;05562;;ERWAQ8;;ARBEITSQUO05;Männer;8,8;Prozent;ERWP10;Arbeitslosenquote bez. auf alle zivile Erwerbsp.
13211;;;;2025;KREISE;;08121;;ERWAQ8;;ARBEITSQUO07;ausländisch;10,5;Prozent;ERWP10;Arbeitslosenquote bez. auf alle zivile Erwerbsp.
13211;;;;2025;KREISE;;09464;;ERWAQ8;;ARBEITSQUO09;15 bis unter 25 Jahre;8,0;Prozent;ERWP10;Arbeitslosenquote bez. auf alle zivile Erwerbsp.
13211;;;;2025;KREISE;;05374;;ERWAQ8;;ARBEITSQUO06;Frauen;5,3;Prozent;ERWP10;Arbeitslosenquote bez. auf alle zivile Erwerbsp.
13211;;;;2025;KREISE;;01056;;ERWAQ8;;ARBEITSQUO07;ausländisch;17,1;Prozent;ERWP10;Arbeitslosenquote bez. auf alle zivile Erwerbsp.
13211;;;;2025;KREISE;;09175;;ERWAQ8;;ARBEITSQUO07;ausländisch;6,0;Prozent;ERWP10;Arbeitslosenquote bez. auf alle zivile Erwerbsp.
13211;;;;2025;KREISE;;07320;;ERWAQ8;;ARBEITSQUO07;ausländisch;14,6;Prozent;ERWP10;Arbeitslosenquote bez. auf alle zivile Erwerbsp.
13211;;;;2025;KREISE;;09363;;ERWAQ8;;ARBEITSQUO06;Frauen;6,0;Prozent;ERWP10;Arbeitslosenquote bez. auf alle zivile Erwerbsp.
13211;;;;2025;KREISE;;03357;;ERWAQ8;;ARBEITSQUO07;ausländisch;13,0;Prozent;ERWP10;Arbeitslosenquote bez. auf alle zivile Erwerbsp.
13211;;;;2025;KREISE;;09563;;ERWAQ8;;ARBEITSQUO05;Männer;6,0;Prozent;ERWP10;Arbeitslosenquote bez. auf alle zivile Erwerbsp.
13211;;;;2025;KREISE;;13055;;ERWAQ8;;ARBEITSQUO07;ausländisch;-;Prozent;ERWP10;Arbeitslosenquote bez. auf alle zivile Erwerbsp.
13211;;;;2025;KREISE;;05570;;ERWAQ8;;ARBEITSQUO06;Frauen;5,6;Prozent;ERWP10;Arbeitslosenquote bez. auf alle zivile Erwerbsp.
13211;;;;2025;KREISE;;09661;;ERWAQ8;;ARBEITSQUO05;Männer;7,7;Prozent;ERWP10;Arbeitslosenquote bez. auf alle zivile Erwerbsp.
13211;;;;2025;KREISE;;01061;;ERWAQ8;;ARBEITSQUO05;Männer;6,2;Prozent;ERWP10;Arbeitslosenquote bez. auf alle zivile Erwerbsp.
13211;;;;2025;KREISE;;05116;;ERWAQ8;;ARBEITSQUO09;15 bis unter 25 Jahre;9,5;Prozent;ERWP10;Arbeitslosenquote bez. auf alle zivile Erwerbsp.
13211;;;;2025;KREISE;;05112;;ERWAQ8;;ARBEITSQUO06;Frauen;13,8;Prozent;ERWP10;Arbeitslosenquote bez. auf alle zivile Erwerbsp.
13211;;;;2025;KREISE;;03241;;ERWAQ8;;ARBEITSQUO09;15 bis unter 25 Jahre;7,0;Prozent;ERWP10;Arbeitslosenquote bez. auf alle zivile Erwerbsp.
13211;;;;2025;KREISE;;16072;;ERWAQ8;;ARBEITSQUO09;15 bis unter 25 Jahre;6,4;Prozent;ERWP10;Arbeitslosenquote bez. auf alle zivile Erwerbsp.
13211;;;;2025;KREISE;;01004;;ERWAQ8;;ARBEITSQUO06;Frauen;8,1;Prozent;ERWP10;Arbeitslosenquote bez. auf alle zivile Erwerbsp.
13211;;;;2025;KREISE;;15370;;ERWAQ8;;ARBEITSQUO05;Männer;-;Prozent;ERWP10;Arbeitslosenquote bez. auf alle zivile Erwerbsp.
13211;;;;2025;KREISE;;07311;;ERWAQ8;;ARBEITSQUO06;Frauen;8,3;Prozent;ERWP10;Arbeitslosenquote bez. auf alle zivile Erwerbsp.
13211;;;;2025;KREISE;;07315;;ERWAQ8;;ARBEITSQUO09;15 bis unter 25 Jahre;4,0;Prozent;ERWP10;Arbeitslosenquote bez. auf alle zivile Erwerbsp.
13211;;;;2025;KREISE;;03456;;ERWAQ8;;ARBEITSQUO06;Frauen;3,6;Prozent;ERWP10;Arbeitslosenquote bez. auf alle zivile Erwerbsp.
13211;;;;2025;KREISE;;09371;;ERWAQ8;;ARBEITSQUO07;ausländisch;14,6;Prozent;ERWP10;Arbeitslosenquote bez. auf alle zivile Erwerbsp.
13211;;;;2025;KREISE;;16065;;ERWAQ8;;ARBEITSQUO05;Männer;8,8;Prozent;ERWP10;Arbeitslosenquote bez. auf alle zivile Erwerbsp.
13211;;;;2025;KREISE;;08236;;ERWAQ8;;ARBEITSQUO09;15 bis unter 25 Jahre;3,4;Prozent;ERWP10;Arbeitslosenquote bez. auf alle zivile Erwerbsp.
13211;;;;2025;KREISE;;09461;;ERWAQ8;;ARBEITSQUO05;Männer;5,4;Prozent;ERWP10;Arbeitslosenquote bez. auf alle zivile Erwerbsp.
13211;;;;2025;KREISE;;09273;;ERWAQ8;;ARBEITSQUO07;ausländisch;7,8;Prozent;ERWP10;Arbeitslosenquote bez. auf alle zivile Erwerbsp.
13211;;;;2025;KREISE;;09461;;ERWAQ8;;ARBEITSQUO06;Frauen;4,6;Prozent;ERWP10;Arbeitslosenquote bez. auf alle zivile Erwerbsp.
13211;;;;2025;KREISE;;09673;;ERWAQ8;;ARBEITSQUO09;15 bis unter 25 Jahre;3,7;Prozent;ERWP10;Arbeitslosenquote bez. auf alle zivile Erwerbsp.
13211;;;;2025;KREISE;;03403;;ERWAQ8;;ARBEITSQUO05;Männer;7,6;Prozent;ERWP10;Arbeitslosenquote bez. auf alle zivile Erwerbsp.
13211;;;;2025;KREISE;;03361;;ERWAQ8;;ARBEITSQUO09;15 bis unter 25 Jahre;4,1;Prozent;ERWP10;Arbeitslosenquote bez. auf alle zivile Erwerbsp.
13211;;;;2025;KREISE;;09363;;ERWAQ8;;ARBEITSQUO05;Männer;7,0;Prozent;ERWP10;Arbeitslosenquote bez. auf alle zivile Erwerbsp.
13211;;;;2025;KREISE;;07111;;ERWAQ8;;ARBEITSQUO07;ausländisch;14,7;Prozent;ERWP10;Arbeitslosenquote bez. auf alle zivile Erwerbsp.
13211;;;;2025;KREISE;;09575;;ERWAQ8;;ARBEITSQUO09;15 bis unter 25 Jahre;2,9;Prozent;ERWP10;Arbeitslosenquote bez. auf alle zivile Erwerbsp.
13211;;;;2025;KREISE;;14626;;ERWAQ8;;ARBEITSQUO09;15 bis unter 25 Jahre;9,3;Prozent;ERWP10;Arbeitslosenquote bez. auf alle zivile Erwerbsp.
13211;;;;2025;KREISE;;14627;;ERWAQ8;;ARBEITSQUO06;Frauen;5,4;Prozent;ERWP10;Arbeitslosenquote bez. auf alle zivile Erwerbsp.
13211;;;;2025;KREISE;;14167;;ERWAQ8;;ARBEITSQUO09;15 bis unter 25 Jahre;-;Prozent;ERWP10;Arbeitslosenquote bez. auf alle zivile Erwerbsp.
13211;;;;2025;KREISE;;13073;;ERWAQ8;;ARBEITSQUO05;Männer;10,1;Prozent;ERWP10;Arbeitslosenquote bez. auf alle zivile Erwerbsp.
13211;;;;2025;KREISE;;08326;;ERWAQ8;;ARBEITSQUO05;Männer;5,2;Prozent;ERWP10;Arbeitslosenquote bez. auf alle zivile Erwerbsp.
13211;;;;2025;KREISE;;15089;;ERWAQ8;;ARBEITSQUO05;Männer;9,5;Prozent;ERWP10;Arbeitslosenquote bez. auf alle zivile Erwerbsp.
13211;;;;2025;KREISE;;05914;;ERWAQ8;;ARBEITSQUO05;Männer;12,8;Prozent;ERWP10;Arbeitslosenquote bez. auf alle zivile Erwerbsp.
13211;;;;2025;KREISE;;09477;;ERWAQ8;;ARBEITSQUO09;15 bis unter 25 Jahre;3,8;Prozent;ERWP10;Arbeitslosenquote bez. auf alle zivile Erwerbsp.
13211;;;;2025;KREISE;;12066;;ERWAQ8;;ARBEITSQUO09;15 bis unter 25 Jahre;6,6;Prozent;ERWP10;Arbeitslosenquote bez. auf alle zivile Erwerbsp.
13211;;;;2025;KREISE;;09184;;ERWAQ8;;ARBEITSQUO07;ausländisch;6,6;Prozent;ERWP10;Arbeitslosenquote bez. auf alle zivile Erwerbsp.
13211;;;;2025;KREISE;;05113;;ERWAQ8;;ARBEITSQUO05;Männer;11,5;Prozent;ERWP10;Arbeitslosenquote bez. auf alle zivile Erwerbsp.
13211;;;;2025;KREISE;;07231;;ERWAQ8;;ARBEITSQUO07;ausländisch;9,0;Prozent;ERWP10;Arbeitslosenquote bez. auf alle zivile Erwerbsp.
13211;;;;2025;KREISE;;09474;;ERWAQ8;;ARBEITSQUO05;Männer;3,6;Prozent;ERWP10;Arbeitslosenquote bez. auf alle zivile Erwerbsp.
13211;;;;2025;KREISE;;01003;;ERWAQ8;;ARBEITSQUO09;15 bis unter 25 Jahre;7,6;Prozent;ERWP10;Arbeitslosenquote bez. auf alle zivile Erwerbsp.
13211;;;;2025;KREISE;;14287;;ERWAQ8;;ARBEITSQUO09;15 bis unter 25 Jahre;-;Prozent;ERWP10;Arbeitslosenquote bez. auf alle zivile Erwerbsp.
13211;;;;2025;KREISE;;06412;;ERWAQ8;;ARBEITSQUO07;ausländisch;11,0;Prozent;ERWP10;Arbeitslosenquote bez. auf alle zivile Erwerbsp.
13211;;;;2025;KREISE;;07333;;ERWAQ8;;ARBEITSQUO06;Frauen;5,3;Prozent;ERWP10;Arbeitslosenquote bez. auf alle zivile Erwerbsp.
13211;;;;2025;KREISE;;09372;;ERWAQ8;;ARBEITSQUO06;Frauen;3,0;Prozent;ERWP10;Arbeitslosenquote bez. auf alle zivile Erwerbsp.
13211;;;;2025;KREISE;;16068;;ERWAQ8;;ARBEITSQUO07;ausländisch;14,6;Prozent;ERWP10;Arbeitslosenquote bez. auf alle zivile Erwerbsp.
13211;;;;2025;KREISE;;09274;;ERWAQ8;;ARBEITSQUO06;Frauen;3,3;Prozent;ERWP10;Arbeitslosenquote bez. auf alle zivile Erwerbsp.
13211;;;;2025;KREISE;;13006;;ERWAQ8;;ARBEITSQUO09;15 bis unter 25 Jahre;-;Prozent;ERWP10;Arbeitslosenquote bez. auf alle zivile Erwerbsp.
13211;;;;2025;KREISE;;14729;;ERWAQ8;;ARBEITSQUO05;Männer;6,6;Prozent;ERWP10;Arbeitslosenquote bez. auf alle zivile Erwerbsp.
13211;;;;2025;KREISE;;15266;;ERWAQ8;;ARBEITSQUO09;15 bis unter 25 Jahre;-;Prozent;ERWP10;Arbeitslosenquote bez. auf alle zivile Erwerbsp.
13211;;;;2025;KREISE;;08125;;ERWAQ8;;ARBEITSQUO09;15 bis unter 25 Jahre;3,6;Prozent;ERWP10;Arbeitslosenquote bez. auf alle zivile Erwerbsp.
13211;;;;2025;KREISE;;03152;;ERWAQ8;;ARBEITSQUO09;15 bis unter 25 Jahre;-;Prozent;ERWP10;Arbeitslosenquote bez. auf alle zivile Erwerbsp.
13211;;;;2025;KREISE;;09176;;ERWAQ8;;ARBEITSQUO06;Frauen;2,8;Prozent;ERWP10;Arbeitslosenquote bez. auf alle zivile Erwerbsp.
13211;;;;2025;KREISE;;08126;;ERWAQ8;;ARBEITSQUO06;Frauen;3,7;Prozent;ERWP10;Arbeitslosenquote bez. auf alle zivile Erwerbsp.
13211;;;;2025;KREISE;;15364;;ERWAQ8;;ARBEITSQUO09;15 bis unter 25 Jahre;-;Prozent;ERWP10;Arbeitslosenquote bez. auf alle zivile Erwerbsp.
13211;;;;2025;KREISE;;05334002;;ERWAQ8;;ARBEITSQUO09;15 bis unter 25 Jahre;4,6;Prozent;ERWP10;Arbeitslosenquote bez. auf alle zivile Erwerbsp.
13211;;;;2025;KREISE;;06634;;ERWAQ8;;ARBEITSQUO06;Frauen;4,3;Prozent;ERWP10;Arbeitslosenquote bez. auf alle zivile Erwerbsp.
13211;;;;2025;KREISE;;09278;;ERWAQ8;;ARBEITSQUO05;Männer;3,7;Prozent;ERWP10;Arbeitslosenquote bez. auf alle zivile Erwerbsp.
13211;;;;2025;KREISE;;09572;;ERWAQ8;;ARBEITSQUO05;Männer;3,3;Prozent;ERWP10;Arbeitslosenquote bez. auf alle zivile Erwerbsp.
13211;;;;2025;KREISE;;07133;;ERWAQ8;;ARBEITSQUO07;ausländisch;16,4;Prozent;ERWP10;Arbeitslosenquote bez. auf alle zivile Erwerbsp.
13211;;;;2025;KREISE;;03358;;ERWAQ8;;ARBEITSQUO06;Frauen;6,7;Prozent;ERWP10;Arbeitslosenquote bez. auf alle zivile Erwerbsp.
13211;;;;2025;KREISE;;05970;;ERWAQ8;;ARBEITSQUO07;ausländisch;16,9;Prozent;ERWP10;Arbeitslosenquote bez. auf alle zivile Erwerbsp.
13211;;;;2025;KREISE;;13051;;ERWAQ8;;ARBEITSQUO05;Männer;-;Prozent;ERWP10;Arbeitslosenquote bez. auf alle zivile Erwerbsp.
13211;;;;2025;KREISE;;09376;;ERWAQ8;;ARBEITSQUO05;Männer;3,7;Prozent;ERWP10;Arbeitslosenquote bez. auf alle zivile Erwerbsp.
13211;;;;2025;KREISE;;15085;;ERWAQ8;;ARBEITSQUO06;Frauen;5,4;Prozent;ERWP10;Arbeitslosenquote bez. auf alle zivile Erwerbsp.
13211;;;;2025;KREISE;;05570;;ERWAQ8;;ARBEITSQUO07;ausländisch;16,3;Prozent;ERWP10;Arbeitslosenquote bez. auf alle zivile Erwerbsp.
13211;;;;2025;KREISE;;08117;;ERWAQ8;;ARBEITSQUO06;Frauen;5,0;Prozent;ERWP10;Arbeitslosenquote bez. auf alle zivile Erwerbsp.
13211;;;;2025;KREISE;;06434;;ERWAQ8;;ARBEITSQUO06;Frauen;4,6;Prozent;ERWP10;Arbeitslosenquote bez. auf alle zivile Erwerbsp.
13211;;;;2025;KREISE;;06438;;ERWAQ8;;ARBEITSQUO07;ausländisch;11,4;Prozent;ERWP10;Arbeitslosenquote bez. auf alle zivile Erwerbsp.
13211;;;;2025;KREISE;;16051;;ERWAQ8;;ARBEITSQUO06;Frauen;5,9;Prozent;ERWP10;Arbeitslosenquote bez. auf alle zivile Erwerbsp.
13211;;;;2025;KREISE;;07132;;ERWAQ8;;ARBEITSQUO09;15 bis unter 25 Jahre;5,3;Prozent;ERWP10;Arbeitslosenquote bez. auf alle zivile Erwerbsp.
13211;;;;2025;KREISE;;05962;;ERWAQ8;;ARBEITSQUO06;Frauen;7,9;Prozent;ERWP10;Arbeitslosenquote bez. auf alle zivile Erwerbsp.
13211;;;;2025;KREISE;;09772;;ERWAQ8;;ARBEITSQUO07;ausländisch;8,8;Prozent;ERWP10;Arbeitslosenquote bez. auf alle zivile Erwerbsp.
13211;;;;2025;KREISE;;08211;;ERWAQ8;;ARBEITSQUO05;Männer;6,7;Prozent;ERWP10;Arbeitslosenquote bez. auf alle zivile Erwerbsp.
13211;;;;2025;KREISE;;10042;;ERWAQ8;;ARBEITSQUO06;Frauen;3,9;Prozent;ERWP10;Arbeitslosenquote bez. auf alle zivile Erwerbsp.
13211;;;;2025;KREISE;;08215;;ERWAQ8;;ARBEITSQUO06;Frauen;4,0;Prozent;ERWP10;Arbeitslosenquote bez. auf alle zivile Erwerbsp.
13211;;;;2025;KREISE;;06532;;ERWAQ8;;ARBEITSQUO06;Frauen;5,8;Prozent;ERWP10;Arbeitslosenquote bez. auf alle zivile Erwerbsp.
13211;;;;2025;KREISE;;06634;;ERWAQ8;;ARBEITSQUO07;ausländisch;16,0;Prozent;ERWP10;Arbeitslosenquote bez. auf alle zivile Erwerbsp.
13211;;;;2025;KREISE;;08317;;ERWAQ8;;ARBEITSQUO07;ausländisch;10,2;Prozent;ERWP10;Arbeitslosenquote bez. auf alle zivile Erwerbsp.
13211;;;;2025;KREISE;;13003;;ERWAQ8;;ARBEITSQUO05;Männer;8,4;Prozent;ERWP10;Arbeitslosenquote bez. auf alle zivile Erwerbsp.
13211;;;;2025;KREISE;;01051;;ERWAQ8;;ARBEITSQUO09;15 bis unter 25 Jahre;6,9;Prozent;ERWP10;Arbeitslosenquote bez. auf alle zivile Erwerbsp.
13211;;;;2025;KREISE;;05370;;ERWAQ8;;ARBEITSQUO06;Frauen;5,8;Prozent;ERWP10;Arbeitslosenquote bez. auf alle zivile Erwerbsp.
13211;;;;2025;KREISE;;10046;;ERWAQ8;;ARBEITSQUO07;ausländisch;18,1;Prozent;ERWP10;Arbeitslosenquote bez. auf alle zivile Erwerbsp.
13211;;;;2025;KREISE;;03157;;ERWAQ8;;ARBEITSQUO07;ausländisch;21,1;Prozent;ERWP10;Arbeitslosenquote bez. auf alle zivile Erwerbsp.
13211;;;;2025;KREISE;;14177;;ERWAQ8;;ARBEITSQUO05;Männer;-;Prozent;ERWP10;Arbeitslosenquote bez. auf alle zivile Erwerbsp.
13211;;;;2025;KREISE;;03153;;ERWAQ8;;ARBEITSQUO06;Frauen;6,7;Prozent;ERWP10;Arbeitslosenquote bez. auf alle zivile Erwerbsp.
13211;;;;2025;KREISE;;12071;;ERWAQ8;;ARBEITSQUO07;ausländisch;22,4;Prozent;ERWP10;Arbeitslosenquote bez. auf alle zivile Erwerbsp.
13211;;;;2025;KREISE;;09674;;ERWAQ8;;ARBEITSQUO07;ausländisch;11,3;Prozent;ERWP10;Arbeitslosenquote bez. auf alle zivile Erwerbsp.
13211;;;;2025;KREISE;;05374;;ERWAQ8;;ARBEITSQUO07;ausländisch;15,9;Prozent;ERWP10;Arbeitslosenquote bez. auf alle zivile Erwerbsp.
13211;;;;2025;KREISE;;05313;;ERWAQ8;;ARBEITSQUO05;Männer;-;Prozent;ERWP10;Arbeitslosenquote bez. auf alle zivile Erwerbsp.
13211;;;;2025;KREISE;;03251;;ERWAQ8;;ARBEITSQUO06;Frauen;4,2;Prozent;ERWP10;Arbeitslosenquote bez. auf alle zivile Erwerbsp.
13211;;;;2025;KREISE;;11011011;;ERWAQ8;;ARBEITSQUO05;Männer;.;Prozent;ERWP10;Arbeitslosenquote bez. auf alle zivile Erwerbsp.
13211;;;;2025;KREISE;;08415;;ERWAQ8;;ARBEITSQUO07;ausländisch;11,1;Prozent;ERWP10;Arbeitslosenquote bez. auf alle zivile Erwerbsp.
13211;;;;2025;KREISE;;07320;;ERWAQ8;;ARBEITSQUO06;Frauen;7,0;Prozent;ERWP10;Arbeitslosenquote bez. auf alle zivile Erwerbsp.
13211;;;;2025;KREISE;;13060;;ERWAQ8;;ARBEITSQUO06;Frauen;-;Prozent;ERWP10;Arbeitslosenquote bez. auf alle zivile Erwerbsp.
13211;;;;2025;KREISE;;09572;;ERWAQ8;;ARBEITSQUO06;Frauen;2,8;Prozent;ERWP10;Arbeitslosenquote bez. auf alle zivile Erwerbsp.
13211;;;;2025;KREISE;;05766;;ERWAQ8;;ARBEITSQUO06;Frauen;5,7;Prozent;ERWP10;Arbeitslosenquote bez. auf alle zivile Erwerbsp.
13211;;;;2025;KREISE;;16056;;ERWAQ8;;ARBEITSQUO05;Männer;-;Prozent;ERWP10;Arbeitslosenquote bez. auf alle zivile Erwerbsp.
13211;;;;2025;KREISE;;09474;;ERWAQ8;;ARBEITSQUO06;Frauen;3,0;Prozent;ERWP10;Arbeitslosenquote bez. auf alle zivile Erwerbsp.
13211;;;;2025;KREISE;;08135;;ERWAQ8;;ARBEITSQUO05;Männer;4,9;Prozent;ERWP10;Arbeitslosenquote bez. auf alle zivile Erwerbsp.
13211;;;;2025;KREISE;;03451;;ERWAQ8;;ARBEITSQUO07;ausländisch;13,3;Prozent;ERWP10;Arbeitslosenquote bez. auf alle zivile Erwerbsp.
13211;;;;2025;KREISE;;14181;;ERWAQ8;;ARBEITSQUO07;ausländisch;-;Prozent;ERWP10;Arbeitslosenquote bez. auf alle zivile Erwerbsp.
13211;;;;2025;KREISE;;15352;;ERWAQ8;;ARBEITSQUO07;ausländisch;-;Prozent;ERWP10;Arbeitslosenquote bez. auf alle zivile Erwerbsp.
13211;;;;2025;KREISE;;09188;;ERWAQ8;;ARBEITSQUO09;15 bis unter 25 Jahre;2,8;Prozent;ERWP10;Arbeitslosenquote bez. auf alle zivile Erwerbsp.
13211;;;;2025;KREISE;;06412;;ERWAQ8;;ARBEITSQUO06;Frauen;6,8;Prozent;ERWP10;Arbeitslosenquote bez. auf alle zivile Erwerbsp.
13211;;;;2025;KREISE;;09478;;ERWAQ8;;ARBEITSQUO07;ausländisch;11,9;Prozent;ERWP10;Arbeitslosenquote bez. auf alle zivile Erwerbsp.
13211;;;;2025;KREISE;;14262;;ERWAQ8;;ARBEITSQUO05;Männer;-;Prozent;ERWP10;Arbeitslosenquote bez. auf alle zivile Erwerbsp.
13211;;;;2025;KREISE;;12067;;ERWAQ8;;ARBEITSQUO05;Männer;7,1;Prozent;ERWP10;Arbeitslosenquote bez. auf alle zivile Erwerbsp.
13211;;;;2025;KREISE;;16073;;ERWAQ8;;ARBEITSQUO06;Frauen;5,6;Prozent;ERWP10;Arbeitslosenquote bez. auf alle zivile Erwerbsp.
13211;;;;2025;KREISE;;09771;;ERWAQ8;;ARBEITSQUO09;15 bis unter 25 Jahre;2,9;Prozent;ERWP10;Arbeitslosenquote bez. auf alle zivile Erwerbsp.
13211;;;;2025;KREISE;;10045;;ERWAQ8;;ARBEITSQUO09;15 bis unter 25 Jahre;5,2;Prozent;ERWP10;Arbeitslosenquote bez. auf alle zivile Erwerbsp.
13211;;;;2025;KREISE;;09576;;ERWAQ8;;ARBEITSQUO07;ausländisch;6,1;Prozent;ERWP10;Arbeitslosenquote bez. auf alle zivile Erwerbsp.
13211;;;;2025;KREISE;;08237;;ERWAQ8;;ARBEITSQUO06;Frauen;4,3;Prozent;ERWP10;Arbeitslosenquote bez. auf alle zivile Erwerbsp.
13211;;;;2025;KREISE;;03158;;ERWAQ8;;ARBEITSQUO05;Männer;5,8;Prozent;ERWP10;Arbeitslosenquote bez. auf alle zivile Erwerbsp.
13211;;;;2025;KREISE;;05566;;ERWAQ8;;ARBEITSQUO05;Männer;5,4;Prozent;ERWP10;Arbeitslosenquote bez. auf alle zivile Erwerbsp.
13211;;;;2025;KREISE;;13002;;ERWAQ8;;ARBEITSQUO07;ausländisch;-;Prozent;ERWP10;Arbeitslosenquote bez. auf alle zivile Erwerbsp.
13211;;;;2025;KREISE;;08316;;ERWAQ8;;ARBEITSQUO09;15 bis unter 25 Jahre;2,8;Prozent;ERWP10;Arbeitslosenquote bez. auf alle zivile Erwerbsp.
13211;;;;2025;KREISE;;08335;;ERWAQ8;;ARBEITSQUO06;Frauen;3,9;Prozent;ERWP10;Arbeitslosenquote bez. auf alle zivile Erwerbsp.
13211;;;;2025;KREISE;;11002002;;ERWAQ8;;ARBEITSQUO06;Frauen;.;Prozent;ERWP10;Arbeitslosenquote bez. auf alle zivile Erwerbsp.
13211;;;;2025;KREISE;;09171;;ERWAQ8;;ARBEITSQUO07;ausländisch;7,7;Prozent;ERWP10;Arbeitslosenquote bez. auf alle zivile Erwerbsp.
13211;;;;2025;KREISE;;03255;;ERWAQ8;;ARBEITSQUO07;ausländisch;20,5;Prozent;ERWP10;Arbeitslosenquote bez. auf alle zivile Erwerbsp.
13211;;;;2025;KREISE;;09362;;ERWAQ8;;ARBEITSQUO09;15 bis unter 25 Jahre;4,1;Prozent;ERWP10;Arbeitslosenquote bez. auf alle zivile Erwerbsp.
13211;;;;2025;KREISE;;16055;;ERWAQ8;;ARBEITSQUO07;ausländisch;13,4;Prozent;ERWP10;Arbeitslosenquote bez. auf alle zivile Erwerbsp.
13211;;;;2025;KREISE;;13073;;ERWAQ8;;ARBEITSQUO06;Frauen;8,3;Prozent;ERWP10;Arbeitslosenquote bez. auf alle zivile Erwerbsp.
13211;;;;2025;KREISE;;13076;;ERWAQ8;;ARBEITSQUO09;15 bis unter 25 Jahre;7,4;Prozent;ERWP10;Arbeitslosenquote bez. auf alle zivile Erwerbsp.
13211;;;;2025;KREISE;;05513;;ERWAQ8;;ARBEITSQUO06;Frauen;15,4;Prozent;ERWP10;Arbeitslosenquote bez. auf alle zivile Erwerbsp.
13211;;;;2025;KREISE;;15370;;ERWAQ8;;ARBEITSQUO06;Frauen;-;Prozent;ERWP10;Arbeitslosenquote bez. auf alle zivile Erwerbsp.
13211;;;;2025;KREISE;;09189;;ERWAQ8;;ARBEITSQUO05;Männer;3,5;Prozent;ERWP10;Arbeitslosenquote bez. auf alle zivile Erwerbsp.
13211;;;;2025;KREISE;;03353;;ERWAQ8;;ARBEITSQUO07;ausländisch;14,4;Prozent;ERWP10;Arbeitslosenquote bez. auf alle zivile Erwerbsp.
13211;;;;2025;KREISE;;05762;;ERWAQ8;;ARBEITSQUO05;Männer;4,9;Prozent;ERWP10;Arbeitslosenquote bez. auf alle zivile Erwerbsp.
13211;;;;2025;KREISE;;13059;;ERWAQ8;;ARBEITSQUO07;ausländisch;-;Prozent;ERWP10;Arbeitslosenquote bez. auf alle zivile Erwerbsp.
13211;;;;2025;KREISE;;03101;;ERWAQ8;;ARBEITSQUO05;Männer;6,5;Prozent;ERWP10;Arbeitslosenquote bez. auf alle zivile Erwerbsp.
13211;;;;2025;KREISE;;05978;;ERWAQ8;;ARBEITSQUO09;15 bis unter 25 Jahre;5,6;Prozent;ERWP10;Arbeitslosenquote bez. auf alle zivile Erwerbsp.
13211;;;;2025;KREISE;;05112;;ERWAQ8;;ARBEITSQUO07;ausländisch;25,5;Prozent;ERWP10;Arbeitslosenquote bez. auf alle zivile Erwerbsp.
13211;;;;2025;KREISE;;07319;;ERWAQ8;;ARBEITSQUO09;15 bis unter 25 Jahre;9,2;Prozent;ERWP10;Arbeitslosenquote bez. auf alle zivile Erwerbsp.
13211;;;;2025;KREISE;;07338;;ERWAQ8;;ARBEITSQUO05;Männer;4,5;Prozent;ERWP10;Arbeitslosenquote bez. auf alle zivile Erwerbsp.
13211;;;;2025;KREISE;;01061;;ERWAQ8;;ARBEITSQUO06;Frauen;5,5;Prozent;ERWP10;Arbeitslosenquote bez. auf alle zivile Erwerbsp.
13211;;;;2025;KREISE;;01004;;ERWAQ8;;ARBEITSQUO05;Männer;8,8;Prozent;ERWP10;Arbeitslosenquote bez. auf alle zivile Erwerbsp.
13211;;;;2025;KREISE;;09375;;ERWAQ8;;ARBEITSQUO09;15 bis unter 25 Jahre;3,3;Prozent;ERWP10;Arbeitslosenquote bez. auf alle zivile Erwerbsp.
13211;;;;2025;KREISE;;07311;;ERWAQ8;;ARBEITSQUO07;ausländisch;15,1;Prozent;ERWP10;Arbeitslosenquote bez. auf alle zivile Erwerbsp.
13211;;;;2025;KREISE;;03456;;ERWAQ8;;ARBEITSQUO05;Männer;3,6;Prozent;ERWP10;Arbeitslosenquote bez. auf alle zivile Erwerbsp.
13211;;;;2025;KREISE;;09763;;ERWAQ8;;ARBEITSQUO07;ausländisch;6,3;Prozent;ERWP10;Arbeitslosenquote bez. auf alle zivile Erwerbsp.
13211;;;;2025;KREISE;;02000;;ERWAQ8;;ARBEITSQUO09;15 bis unter 25 Jahre;6,7;Prozent;ERWP10;Arbeitslosenquote bez. auf alle zivile Erwerbsp.
13211;;;;2025;KREISE;;16069;;ERWAQ8;;ARBEITSQUO05;Männer;5,1;Prozent;ERWP10;Arbeitslosenquote bez. auf alle zivile Erwerbsp.
13211;;;;2025;KREISE;;15151;;ERWAQ8;;ARBEITSQUO09;15 bis unter 25 Jahre;-;Prozent;ERWP10;Arbeitslosenquote bez. auf alle zivile Erwerbsp.
13211;;;;2025;KREISE;;05316;;ERWAQ8;;ARBEITSQUO09;15 bis unter 25 Jahre;5,6;Prozent;ERWP10;Arbeitslosenquote bez. auf alle zivile Erwerbsp.
13211;;;;2025;KREISE;;09277;;ERWAQ8;;ARBEITSQUO09;15 bis unter 25 Jahre;3,4;Prozent;ERWP10;Arbeitslosenquote bez. auf alle zivile Erwerbsp.
13211;;;;2025;KREISE;;09176;;ERWAQ8;;ARBEITSQUO05;Männer;2,7;Prozent;ERWP10;Arbeitslosenquote bez. auf alle zivile Erwerbsp.
13211;;;;2025;KREISE;;08126;;ERWAQ8;;ARBEITSQUO05;Männer;3,6;Prozent;ERWP10;Arbeitslosenquote bez. auf alle zivile Erwerbsp.
13211;;;;2025;KREISE;;03460;;ERWAQ8;;ARBEITSQUO07;ausländisch;9,6;Prozent;ERWP10;Arbeitslosenquote bez. auf alle zivile Erwerbsp.
13211;;;;2025;KREISE;;14524;;ERWAQ8;;ARBEITSQUO07;ausländisch;20,6;Prozent;ERWP10;Arbeitslosenquote bez. auf alle zivile Erwerbsp.
13211;;;;2025;KREISE;;09278;;ERWAQ8;;ARBEITSQUO06;Frauen;3,1;Prozent;ERWP10;Arbeitslosenquote bez. auf alle zivile Erwerbsp.
13211;;;;2025;KREISE;;09571;;ERWAQ8;;ARBEITSQUO09;15 bis unter 25 Jahre;2,7;Prozent;ERWP10;Arbeitslosenquote bez. auf alle zivile Erwerbsp.
13211;;;;2025;KREISE;;08436;;ERWAQ8;;ARBEITSQUO09;15 bis unter 25 Jahre;2,9;Prozent;ERWP10;Arbeitslosenquote bez. auf alle zivile Erwerbsp.
13211;;;;2025;KREISE;;09563;;ERWAQ8;;ARBEITSQUO06;Frauen;5,5;Prozent;ERWP10;Arbeitslosenquote bez. auf alle zivile Erwerbsp.
13211;;;;2025;KREISE;;16077;;ERWAQ8;;ARBEITSQUO07;ausländisch;36,9;Prozent;ERWP10;Arbeitslosenquote bez. auf alle zivile Erwerbsp.
13211;;;;2025;KREISE;;03358;;ERWAQ8;;ARBEITSQUO05;Männer;6,4;Prozent;ERWP10;Arbeitslosenquote bez. auf alle zivile Erwerbsp.
13211;;;;2025;KREISE;;07141;;ERWAQ8;;ARBEITSQUO09;15 bis unter 25 Jahre;4,4;Prozent;ERWP10;Arbeitslosenquote bez. auf alle zivile Erwerbsp.
13211;;;;2025;KREISE;;13051;;ERWAQ8;;ARBEITSQUO06;Frauen;-;Prozent;ERWP10;Arbeitslosenquote bez. auf alle zivile Erwerbsp.
13211;;;;2025;KREISE;;09376;;ERWAQ8;;ARBEITSQUO06;Frauen;3,6;Prozent;ERWP10;Arbeitslosenquote bez. auf alle zivile Erwerbsp.
13211;;;;2025;KREISE;;09473;;ERWAQ8;;ARBEITSQUO09;15 bis unter 25 Jahre;5,3;Prozent;ERWP10;Arbeitslosenquote bez. auf alle zivile Erwerbsp.
13211;;;;2025;KREISE;;15001;;ERWAQ8;;ARBEITSQUO07;ausländisch;26,1;Prozent;ERWP10;Arbeitslosenquote bez. auf alle zivile Erwerbsp.
13211;;;;2025;KREISE;;09261;;ERWAQ8;;ARBEITSQUO05;Männer;6,7;Prozent;ERWP10;Arbeitslosenquote bez. auf alle zivile Erwerbsp.
13211;;;;2025;KREISE;;01060;;ERWAQ8;;ARBEITSQUO09;15 bis unter 25 Jahre;4,4;Prozent;ERWP10;Arbeitslosenquote bez. auf alle zivile Erwerbsp.
13211;;;;2025;KREISE;;15085;;ERWAQ8;;ARBEITSQUO05;Männer;6,5;Prozent;ERWP10;Arbeitslosenquote bez. auf alle zivile Erwerbsp.
13211;;;;2025;KREISE;;09661;;ERWAQ8;;ARBEITSQUO06;Frauen;7,2;Prozent;ERWP10;Arbeitslosenquote bez. auf alle zivile Erwerbsp.
13211;;;;2025;KREISE;;06433;;ERWAQ8;;ARBEITSQUO09;15 bis unter 25 Jahre;6,5;Prozent;ERWP10;Arbeitslosenquote bez. auf alle zivile Erwerbsp.
13211;;;;2025;KREISE;;07316;;ERWAQ8;;ARBEITSQUO05;Männer;7,1;Prozent;ERWP10;Arbeitslosenquote bez. auf alle zivile Erwerbsp.
13211;;;;2025;KREISE;;09163;;ERWAQ8;;ARBEITSQUO05;Männer;5,6;Prozent;ERWP10;Arbeitslosenquote bez. auf alle zivile Erwerbsp.
13211;;;;2025;KREISE;;07333;;ERWAQ8;;ARBEITSQUO07;ausländisch;15,3;Prozent;ERWP10;Arbeitslosenquote bez. auf alle zivile Erwerbsp.
13211;;;;2025;KREISE;;09372;;ERWAQ8;;ARBEITSQUO05;Männer;3,8;Prozent;ERWP10;Arbeitslosenquote bez. auf alle zivile Erwerbsp.
13211;;;;2025;KREISE;;09180;;ERWAQ8;;ARBEITSQUO07;ausländisch;9,1;Prozent;ERWP10;Arbeitslosenquote bez. auf alle zivile Erwerbsp.
13211;;;;2025;KREISE;;03459;;ERWAQ8;;ARBEITSQUO09;15 bis unter 25 Jahre;3,5;Prozent;ERWP10;Arbeitslosenquote bez. auf alle zivile Erwerbsp.
13211;;;;2025;KREISE;;05117;;ERWAQ8;;ARBEITSQUO05;Männer;8,2;Prozent;ERWP10;Arbeitslosenquote bez. auf alle zivile Erwerbsp.
13211;;;;2025;KREISE;;06531;;ERWAQ8;;ARBEITSQUO09;15 bis unter 25 Jahre;4,7;Prozent;ERWP10;Arbeitslosenquote bez. auf alle zivile Erwerbsp.
13211;;;;2025;KREISE;;14389;;ERWAQ8;;ARBEITSQUO09;15 bis unter 25 Jahre;-;Prozent;ERWP10;Arbeitslosenquote bez. auf alle zivile Erwerbsp.
13211;;;;2025;KREISE;;11005005;;ERWAQ8;;ARBEITSQUO09;15 bis unter 25 Jahre;.;Prozent;ERWP10;Arbeitslosenquote bez. auf alle zivile Erwerbsp.
13211;;;;2025;KREISE;;09274;;ERWAQ8;;ARBEITSQUO05;Männer;3,7;Prozent;ERWP10;Arbeitslosenquote bez. auf alle zivile Erwerbsp.
13211;;;;2025;KREISE;;14292;;ERWAQ8;;ARBEITSQUO07;ausländisch;-;Prozent;ERWP10;Arbeitslosenquote bez. auf alle zivile Erwerbsp.
13211;;;;2025;KREISE;;11006006;;ERWAQ8;;ARBEITSQUO07;ausländisch;.;Prozent;ERWP10;Arbeitslosenquote bez. auf alle zivile Erwerbsp.
13211;;;;2025;KREISE;;12054;;ERWAQ8;;ARBEITSQUO05;Männer;6,5;Prozent;ERWP10;Arbeitslosenquote bez. auf alle zivile Erwerbsp.
13211;;;;2025;KREISE;;03402;;ERWAQ8;;ARBEITSQUO09;15 bis unter 25 Jahre;7,5;Prozent;ERWP10;Arbeitslosenquote bez. auf alle zivile Erwerbsp.
13211;;;;2025;KREISE;;11010010;;ERWAQ8;;ARBEITSQUO07;ausländisch;.;Prozent;ERWP10;Arbeitslosenquote bez. auf alle zivile Erwerbsp.
13211;;;;2025;KREISE;;09179;;ERWAQ8;;ARBEITSQUO09;15 bis unter 25 Jahre;3,1;Prozent;ERWP10;Arbeitslosenquote bez. auf alle zivile Erwerbsp.
13211;;;;2025;KREISE;;07137;;ERWAQ8;;ARBEITSQUO07;ausländisch;13,1;Prozent;ERWP10;Arbeitslosenquote bez. auf alle zivile Erwerbsp.
13211;;;;2025;KREISE;;14627;;ERWAQ8;;ARBEITSQUO05;Männer;6,2;Prozent;ERWP10;Arbeitslosenquote bez. auf alle zivile Erwerbsp.
13211;;;;2025;KREISE;;16064;;ERWAQ8;;ARBEITSQUO07;ausländisch;22,2;Prozent;ERWP10;Arbeitslosenquote bez. auf alle zivile Erwerbsp.
13211;;;;2025;KREISE;;03403;;ERWAQ8;;ARBEITSQUO06;Frauen;6,1;Prozent;ERWP10;Arbeitslosenquote bez. auf alle zivile Erwerbsp.
13211;;;;2025;KREISE;;09780;;ERWAQ8;;ARBEITSQUO09;15 bis unter 25 Jahre;2,5;Prozent;ERWP10;Arbeitslosenquote bez. auf alle zivile Erwerbsp.
13211;;;;2025;KREISE;;05913;;ERWAQ8;;ARBEITSQUO07;ausländisch;25,5;Prozent;ERWP10;Arbeitslosenquote bez. auf alle zivile Erwerbsp.
13211;;;;2025;KREISE;;08326;;ERWAQ8;;ARBEITSQUO06;Frauen;4,7;Prozent;ERWP10;Arbeitslosenquote bez. auf alle zivile Erwerbsp.
13211;;;;2025;KREISE;;15089;;ERWAQ8;;ARBEITSQUO06;Frauen;8,2;Prozent;ERWP10;Arbeitslosenquote bez. auf alle zivile Erwerbsp.
13211;;;;2025;KREISE;;05170;;ERWAQ8;;ARBEITSQUO05;Männer;7,7;Prozent;ERWP10;Arbeitslosenquote bez. auf alle zivile Erwerbsp.
13211;;;;2025;KREISE;;08325;;ERWAQ8;;ARBEITSQUO09;15 bis unter 25 Jahre;3,9;Prozent;ERWP10;Arbeitslosenquote bez. auf alle zivile Erwerbsp.
13211;;;;2025;KREISE;;05382;;ERWAQ8;;ARBEITSQUO09;15 bis unter 25 Jahre;5,0;Prozent;ERWP10;Arbeitslosenquote bez. auf alle zivile Erwerbsp.
13211;;;;2025;KREISE;;15088;;ERWAQ8;;ARBEITSQUO09;15 bis unter 25 Jahre;8,8;Prozent;ERWP10;Arbeitslosenquote bez. auf alle zivile Erwerbsp.
13211;;;;2025;KREISE;;07235;;ERWAQ8;;ARBEITSQUO07;ausländisch;9,6;Prozent;ERWP10;Arbeitslosenquote bez. auf alle zivile Erwerbsp.
13211;;;;2025;KREISE;;09479;;ERWAQ8;;ARBEITSQUO06;Frauen;5,3;Prozent;ERWP10;Arbeitslosenquote bez. auf alle zivile Erwerbsp.
13211;;;;2025;KREISE;;09162;;ERWAQ8;;ARBEITSQUO09;15 bis unter 25 Jahre;3,8;Prozent;ERWP10;Arbeitslosenquote bez. auf alle zivile Erwerbsp.
13211;;;;2025;KREISE;;07317;;ERWAQ8;;ARBEITSQUO07;ausländisch;22,6;Prozent;ERWP10;Arbeitslosenquote bez. auf alle zivile Erwerbsp.
13211;;;;2025;KREISE;;03454;;ERWAQ8;;ARBEITSQUO09;15 bis unter 25 Jahre;3,2;Prozent;ERWP10;Arbeitslosenquote bez. auf alle zivile Erwerbsp.
13211;;;;2025;KREISE;;15082;;ERWAQ8;;ARBEITSQUO05;Männer;7,5;Prozent;ERWP10;Arbeitslosenquote bez. auf alle zivile Erwerbsp.
13211;;;;2025;KREISE;;09181;;ERWAQ8;;ARBEITSQUO06;Frauen;3,0;Prozent;ERWP10;Arbeitslosenquote bez. auf alle zivile Erwerbsp.
13211;;;;2025;KREISE;;05382;;ERWAQ8;;ARBEITSQUO05;Männer;6,3;Prozent;ERWP10;Arbeitslosenquote bez. auf alle zivile Erwerbsp.
13211;;;;2025;KREISE;;06434;;ERWAQ8;;ARBEITSQUO05;Männer;4,6;Prozent;ERWP10;Arbeitslosenquote bez. auf alle zivile Erwerbsp.
13211;;;;2025;KREISE;;07211;;ERWAQ8;;ARBEITSQUO09;15 bis unter 25 Jahre;6,1;Prozent;ERWP10;Arbeitslosenquote bez. auf alle zivile Erwerbsp.
13211;;;;2025;KREISE;;14161;;ERWAQ8;;ARBEITSQUO09;15 bis unter 25 Jahre;-;Prozent;ERWP10;Arbeitslosenquote bez. auf alle zivile Erwerbsp.
13211;;;;2025;KREISE;;09577;;ERWAQ8;;ARBEITSQUO06;Frauen;3,4;Prozent;ERWP10;Arbeitslosenquote bez. auf alle zivile Erwerbsp.
13211;;;;2025;KREISE;;05962;;ERWAQ8;;ARBEITSQUO09;15 bis unter 25 Jahre;6,8;Prozent;ERWP10;Arbeitslosenquote bez. auf alle zivile Erwerbsp.
13211;;;;2025;KREISE;;06532;;ERWAQ8;;ARBEITSQUO05;Männer;6,2;Prozent;ERWP10;Arbeitslosenquote bez. auf alle zivile Erwerbsp.
13211;;;;2025;KREISE;;08317;;ERWAQ8;;ARBEITSQUO06;Frauen;4,0;Prozent;ERWP10;Arbeitslosenquote bez. auf alle zivile Erwerbsp.
13211;;;;2025;KREISE;;14365;;ERWAQ8;;ARBEITSQUO07;ausländisch;-;Prozent;ERWP10;Arbeitslosenquote bez. auf alle zivile Erwerbsp.
13211;;;;2025;KREISE;;03360;;ERWAQ8;;ARBEITSQUO07;ausländisch;15,7;Prozent;ERWP10;Arbeitslosenquote bez. auf alle zivile Erwerbsp.
13211;;;;2025;KREISE;;05370;;ERWAQ8;;ARBEITSQUO09;15 bis unter 25 Jahre;6,0;Prozent;ERWP10;Arbeitslosenquote bez. auf alle zivile Erwerbsp.
13211;;;;2025;KREISE;;14173;;ERWAQ8;;ARBEITSQUO05;Männer;-;Prozent;ERWP10;Arbeitslosenquote bez. auf alle zivile Erwerbsp.
13211;;;;2025;KREISE;;03157;;ERWAQ8;;ARBEITSQUO06;Frauen;5,9;Prozent;ERWP10;Arbeitslosenquote bez. auf alle zivile Erwerbsp.
13211;;;;2025;KREISE;;05770;;ERWAQ8;;ARBEITSQUO07;ausländisch;21,2;Prozent;ERWP10;Arbeitslosenquote bez. auf alle zivile Erwerbsp.
13211;;;;2025;KREISE;;12053;;ERWAQ8;;ARBEITSQUO07;ausländisch;19,9;Prozent;ERWP10;Arbeitslosenquote bez. auf alle zivile Erwerbsp.
13211;;;;2025;KREISE;;09675;;ERWAQ8;;ARBEITSQUO06;Frauen;2,8;Prozent;ERWP10;Arbeitslosenquote bez. auf alle zivile Erwerbsp.
13211;;;;2025;KREISE;;14730;;ERWAQ8;;ARBEITSQUO05;Männer;7,1;Prozent;ERWP10;Arbeitslosenquote bez. auf alle zivile Erwerbsp.
13211;;;;2025;KREISE;;09174;;ERWAQ8;;ARBEITSQUO05;Männer;3,3;Prozent;ERWP10;Arbeitslosenquote bez. auf alle zivile Erwerbsp.
13211;;;;2025;KREISE;;08128;;ERWAQ8;;ARBEITSQUO07;ausländisch;9,1;Prozent;ERWP10;Arbeitslosenquote bez. auf alle zivile Erwerbsp.
13211;;;;2025;KREISE;;05378;;ERWAQ8;;ARBEITSQUO07;ausländisch;17,8;Prozent;ERWP10;Arbeitslosenquote bez. auf alle zivile Erwerbsp.
13211;;;;2025;KREISE;;05314;;ERWAQ8;;ARBEITSQUO06;Frauen;7,1;Prozent;ERWP10;Arbeitslosenquote bez. auf alle zivile Erwerbsp.
13211;;;;2025;KREISE;;08437;;ERWAQ8;;ARBEITSQUO06;Frauen;3,5;Prozent;ERWP10;Arbeitslosenquote bez. auf alle zivile Erwerbsp.
13211;;;;2025;KREISE;;14522;;ERWAQ8;;ARBEITSQUO09;15 bis unter 25 Jahre;6,9;Prozent;ERWP10;Arbeitslosenquote bez. auf alle zivile Erwerbsp.
13211;;;;2025;KREISE;;09776;;ERWAQ8;;ARBEITSQUO09;15 bis unter 25 Jahre;2,6;Prozent;ERWP10;Arbeitslosenquote bez. auf alle zivile Erwerbsp.
13211;;;;2025;KREISE;;16063;;ERWAQ8;;ARBEITSQUO07;ausländisch;18,7;Prozent;ERWP10;Arbeitslosenquote bez. auf alle zivile Erwerbsp.
13211;;;;2025;KREISE;;03255;;ERWAQ8;;ARBEITSQUO06;Frauen;6,6;Prozent;ERWP10;Arbeitslosenquote bez. auf alle zivile Erwerbsp.
13211;;;;2025;KREISE;;03405;;ERWAQ8;;ARBEITSQUO07;ausländisch;21,1;Prozent;ERWP10;Arbeitslosenquote bez. auf alle zivile Erwerbsp.
13211;;;;2025;KREISE;;09773;;ERWAQ8;;ARBEITSQUO06;Frauen;3,1;Prozent;ERWP10;Arbeitslosenquote bez. auf alle zivile Erwerbsp.
13211;;;;2025;KREISE;;13056;;ERWAQ8;;ARBEITSQUO09;15 bis unter 25 Jahre;-;Prozent;ERWP10;Arbeitslosenquote bez. auf alle zivile Erwerbsp.
13211;;;;2025;KREISE;;03356;;ERWAQ8;;ARBEITSQUO09;15 bis unter 25 Jahre;4,4;Prozent;ERWP10;Arbeitslosenquote bez. auf alle zivile Erwerbsp.
13211;;;;2025;KREISE;;14628;;ERWAQ8;;ARBEITSQUO07;ausländisch;25,3;Prozent;ERWP10;Arbeitslosenquote bez. auf alle zivile Erwerbsp.
13211;;;;2025;KREISE;;08226;;ERWAQ8;;ARBEITSQUO07;ausländisch;11,1;Prozent;ERWP10;Arbeitslosenquote bez. auf alle zivile Erwerbsp.
13211;;;;2025;KREISE;;13053;;ERWAQ8;;ARBEITSQUO06;Frauen;-;Prozent;ERWP10;Arbeitslosenquote bez. auf alle zivile Erwerbsp.
13211;;;;2025;KREISE;;03353;;ERWAQ8;;ARBEITSQUO06;Frauen;4,4;Prozent;ERWP10;Arbeitslosenquote bez. auf alle zivile Erwerbsp.
13211;;;;2025;KREISE;;05513;;ERWAQ8;;ARBEITSQUO09;15 bis unter 25 Jahre;13,4;Prozent;ERWP10;Arbeitslosenquote bez. auf alle zivile Erwerbsp.
13211;;;;2025;KREISE;;09662;;ERWAQ8;;ARBEITSQUO06;Frauen;7,5;Prozent;ERWP10;Arbeitslosenquote bez. auf alle zivile Erwerbsp.
13211;;;;2025;KREISE;;09184;;ERWAQ8;;ARBEITSQUO09;15 bis unter 25 Jahre;3,2;Prozent;ERWP10;Arbeitslosenquote bez. auf alle zivile Erwerbsp.
13211;;;;2025;KREISE;;03453;;ERWAQ8;;ARBEITSQUO05;Männer;4,3;Prozent;ERWP10;Arbeitslosenquote bez. auf alle zivile Erwerbsp.
13211;;;;2025;KREISE;;03451;;ERWAQ8;;ARBEITSQUO06;Frauen;3,9;Prozent;ERWP10;Arbeitslosenquote bez. auf alle zivile Erwerbsp.
13211;;;;2025;KREISE;;07339;;ERWAQ8;;ARBEITSQUO07;ausländisch;15,7;Prozent;ERWP10;Arbeitslosenquote bez. auf alle zivile Erwerbsp.
13211;;;;2025;KREISE;;09161;;ERWAQ8;;ARBEITSQUO05;Männer;4,5;Prozent;ERWP10;Arbeitslosenquote bez. auf alle zivile Erwerbsp.
13211;;;;2025;KREISE;;15358;;ERWAQ8;;ARBEITSQUO05;Männer;-;Prozent;ERWP10;Arbeitslosenquote bez. auf alle zivile Erwerbsp.
13211;;;;2025;KREISE;;06412;;ERWAQ8;;ARBEITSQUO05;Männer;7,0;Prozent;ERWP10;Arbeitslosenquote bez. auf alle zivile Erwerbsp.
13211;;;;2025;KREISE;;06435;;ERWAQ8;;ARBEITSQUO09;15 bis unter 25 Jahre;9,5;Prozent;ERWP10;Arbeitslosenquote bez. auf alle zivile Erwerbsp.
13211;;;;2025;KREISE;;15352;;ERWAQ8;;ARBEITSQUO06;Frauen;-;Prozent;ERWP10;Arbeitslosenquote bez. auf alle zivile Erwerbsp.
13211;;;;2025;KREISE;;06533;;ERWAQ8;;ARBEITSQUO09;15 bis unter 25 Jahre;5,7;Prozent;ERWP10;Arbeitslosenquote bez. auf alle zivile Erwerbsp.
13211;;;;2025;KREISE;;09272;;ERWAQ8;;ARBEITSQUO05;Männer;4,2;Prozent;ERWP10;Arbeitslosenquote bez. auf alle zivile Erwerbsp.
13211;;;;2025;KREISE;;08337;;ERWAQ8;;ARBEITSQUO07;ausländisch;9,9;Prozent;ERWP10;Arbeitslosenquote bez. auf alle zivile Erwerbsp.
13211;;;;2025;KREISE;;06631;;ERWAQ8;;ARBEITSQUO09;15 bis unter 25 Jahre;3,9;Prozent;ERWP10;Arbeitslosenquote bez. auf alle zivile Erwerbsp.
13211;;;;2025;KREISE;;04012;;ERWAQ8;;ARBEITSQUO09;15 bis unter 25 Jahre;11,4;Prozent;ERWP10;Arbeitslosenquote bez. auf alle zivile Erwerbsp.
13211;;;;2025;KREISE;;03257;;ERWAQ8;;ARBEITSQUO05;Männer;6,8;Prozent;ERWP10;Arbeitslosenquote bez. auf alle zivile Erwerbsp.
13211;;;;2025;KREISE;;09677;;ERWAQ8;;ARBEITSQUO05;Männer;2,8;Prozent;ERWP10;Arbeitslosenquote bez. auf alle zivile Erwerbsp.
13211;;;;2025;KREISE;;15261;;ERWAQ8;;ARBEITSQUO07;ausländisch;-;Prozent;ERWP10;Arbeitslosenquote bez. auf alle zivile Erwerbsp.
13211;;;;2025;KREISE;;08435;;ERWAQ8;;ARBEITSQUO07;ausländisch;8,9;Prozent;ERWP10;Arbeitslosenquote bez. auf alle zivile Erwerbsp.
13211;;;;2025;KREISE;;09775;;ERWAQ8;;ARBEITSQUO05;Männer;3,3;Prozent;ERWP10;Arbeitslosenquote bez. auf alle zivile Erwerbsp.
13211;;;;2025;KREISE;;08415;;ERWAQ8;;ARBEITSQUO06;Frauen;4,4;Prozent;ERWP10;Arbeitslosenquote bez. auf alle zivile Erwerbsp.
13211;;;;2025;KREISE;;05316;;ERWAQ8;;ARBEITSQUO05;Männer;7,9;Prozent;ERWP10;Arbeitslosenquote bez. auf alle zivile Erwerbsp.
13211;;;;2025;KREISE;;09564;;ERWAQ8;;ARBEITSQUO06;Frauen;7,2;Prozent;ERWP10;Arbeitslosenquote bez. auf alle zivile Erwerbsp.
13211;;;;2025;KREISE;;03355;;ERWAQ8;;ARBEITSQUO05;Männer;6,8;Prozent;ERWP10;Arbeitslosenquote bez. auf alle zivile Erwerbsp.
13211;;;;2025;KREISE;;09763;;ERWAQ8;;ARBEITSQUO09;15 bis unter 25 Jahre;4,2;Prozent;ERWP10;Arbeitslosenquote bez. auf alle zivile Erwerbsp.
13211;;;;2025;KREISE;;09780;;ERWAQ8;;ARBEITSQUO07;ausländisch;7,9;Prozent;ERWP10;Arbeitslosenquote bez. auf alle zivile Erwerbsp.
13211;;;;2025;KREISE;;05512;;ERWAQ8;;ARBEITSQUO05;Männer;8,6;Prozent;ERWP10;Arbeitslosenquote bez. auf alle zivile Erwerbsp.
13211;;;;2025;KREISE;;12068;;ERWAQ8;;ARBEITSQUO06;Frauen;6,2;Prozent;ERWP10;Arbeitslosenquote bez. auf alle zivile Erwerbsp.
13211;;;;2025;KREISE;;05766;;ERWAQ8;;ARBEITSQUO09;15 bis unter 25 Jahre;5,8;Prozent;ERWP10;Arbeitslosenquote bez. auf alle zivile Erwerbsp.
13211;;;;2025;KREISE;;05974;;ERWAQ8;;ARBEITSQUO05;Männer;6,3;Prozent;ERWP10;Arbeitslosenquote bez. auf alle zivile Erwerbsp.
13211;;;;2025;KREISE;;09183;;ERWAQ8;;ARBEITSQUO05;Männer;3,8;Prozent;ERWP10;Arbeitslosenquote bez. auf alle zivile Erwerbsp.
13211;;;;2025;KREISE;;07319;;ERWAQ8;;ARBEITSQUO06;Frauen;8,7;Prozent;ERWP10;Arbeitslosenquote bez. auf alle zivile Erwerbsp.
13211;;;;2025;KREISE;;05116;;ERWAQ8;;ARBEITSQUO07;ausländisch;20,1;Prozent;ERWP10;Arbeitslosenquote bez. auf alle zivile Erwerbsp.
13211;;;;2025;KREISE;;01061;;ERWAQ8;;ARBEITSQUO07;ausländisch;21,5;Prozent;ERWP10;Arbeitslosenquote bez. auf alle zivile Erwerbsp.
13211;;;;2025;KREISE;;09477;;ERWAQ8;;ARBEITSQUO07;ausländisch;13,5;Prozent;ERWP10;Arbeitslosenquote bez. auf alle zivile Erwerbsp.
13211;;;;2025;KREISE;;14284;;ERWAQ8;;ARBEITSQUO05;Männer;-;Prozent;ERWP10;Arbeitslosenquote bez. auf alle zivile Erwerbsp.
13211;;;;2025;KREISE;;08119;;ERWAQ8;;ARBEITSQUO07;ausländisch;10,8;Prozent;ERWP10;Arbeitslosenquote bez. auf alle zivile Erwerbsp.
13211;;;;2025;KREISE;;06413;;ERWAQ8;;ARBEITSQUO09;15 bis unter 25 Jahre;8,4;Prozent;ERWP10;Arbeitslosenquote bez. auf alle zivile Erwerbsp.
13211;;;;2025;KREISE;;09371;;ERWAQ8;;ARBEITSQUO09;15 bis unter 25 Jahre;4,1;Prozent;ERWP10;Arbeitslosenquote bez. auf alle zivile Erwerbsp.
13211;;;;2025;KREISE;;07334;;ERWAQ8;;ARBEITSQUO05;Männer;5,1;Prozent;ERWP10;Arbeitslosenquote bez. auf alle zivile Erwerbsp.
13211;;;;2025;KREISE;;16072;;ERWAQ8;;ARBEITSQUO07;ausländisch;13,6;Prozent;ERWP10;Arbeitslosenquote bez. auf alle zivile Erwerbsp.
13211;;;;2025;KREISE;;16065;;ERWAQ8;;ARBEITSQUO06;Frauen;7,8;Prozent;ERWP10;Arbeitslosenquote bez. auf alle zivile Erwerbsp.
13211;;;;2025;KREISE;;09575;;ERWAQ8;;ARBEITSQUO07;ausländisch;8,0;Prozent;ERWP10;Arbeitslosenquote bez. auf alle zivile Erwerbsp.
13211;;;;2025;KREISE;;15265;;ERWAQ8;;ARBEITSQUO07;ausländisch;-;Prozent;ERWP10;Arbeitslosenquote bez. auf alle zivile Erwerbsp.
13211;;;;2025;KREISE;;08315;;ERWAQ8;;ARBEITSQUO07;ausländisch;8,7;Prozent;ERWP10;Arbeitslosenquote bez. auf alle zivile Erwerbsp.
13211;;;;2025;KREISE;;03151;;ERWAQ8;;ARBEITSQUO07;ausländisch;16,2;Prozent;ERWP10;Arbeitslosenquote bez. auf alle zivile Erwerbsp.
13211;;;;2025;KREISE;;09273;;ERWAQ8;;ARBEITSQUO09;15 bis unter 25 Jahre;3,3;Prozent;ERWP10;Arbeitslosenquote bez. auf alle zivile Erwerbsp.
13211;;;;2025;KREISE;;15367;;ERWAQ8;;ARBEITSQUO05;Männer;-;Prozent;ERWP10;Arbeitslosenquote bez. auf alle zivile Erwerbsp.
13211;;;;2025;KREISE;;01054;;ERWAQ8;;ARBEITSQUO06;Frauen;4,6;Prozent;ERWP10;Arbeitslosenquote bez. auf alle zivile Erwerbsp.
13211;;;;2025;KREISE;;01053;;ERWAQ8;;ARBEITSQUO09;15 bis unter 25 Jahre;6,0;Prozent;ERWP10;Arbeitslosenquote bez. auf alle zivile Erwerbsp.
13211;;;;2025;KREISE;;14713;;ERWAQ8;;ARBEITSQUO07;ausländisch;21,3;Prozent;ERWP10;Arbeitslosenquote bez. auf alle zivile Erwerbsp.
13211;;;;2025;KREISE;;05334;;ERWAQ8;;ARBEITSQUO07;ausländisch;15,8;Prozent;ERWP10;Arbeitslosenquote bez. auf alle zivile Erwerbsp.
13211;;;;2025;KREISE;;14171;;ERWAQ8;;ARBEITSQUO06;Frauen;-;Prozent;ERWP10;Arbeitslosenquote bez. auf alle zivile Erwerbsp.
13211;;;;2025;KREISE;;07138;;ERWAQ8;;ARBEITSQUO05;Männer;5,8;Prozent;ERWP10;Arbeitslosenquote bez. auf alle zivile Erwerbsp.
13211;;;;2025;KREISE;;15363;;ERWAQ8;;ARBEITSQUO07;ausländisch;-;Prozent;ERWP10;Arbeitslosenquote bez. auf alle zivile Erwerbsp.
13211;;;;2025;KREISE;;09190;;ERWAQ8;;ARBEITSQUO06;Frauen;3,0;Prozent;ERWP10;Arbeitslosenquote bez. auf alle zivile Erwerbsp.
13211;;;;2025;KREISE;;05558;;ERWAQ8;;ARBEITSQUO06;Frauen;3,9;Prozent;ERWP10;Arbeitslosenquote bez. auf alle zivile Erwerbsp.
13211;;;;2025;KREISE;;12062;;ERWAQ8;;ARBEITSQUO07;ausländisch;26,7;Prozent;ERWP10;Arbeitslosenquote bez. auf alle zivile Erwerbsp.
13211;;;;2025;KREISE;;07233;;ERWAQ8;;ARBEITSQUO09;15 bis unter 25 Jahre;4,9;Prozent;ERWP10;Arbeitslosenquote bez. auf alle zivile Erwerbsp.
13211;;;;2025;KREISE;;15083;;ERWAQ8;;ARBEITSQUO09;15 bis unter 25 Jahre;6,7;Prozent;ERWP10;Arbeitslosenquote bez. auf alle zivile Erwerbsp.
13211;;;;2025;KREISE;;16052;;ERWAQ8;;ARBEITSQUO06;Frauen;9,8;Prozent;ERWP10;Arbeitslosenquote bez. auf alle zivile Erwerbsp.
13211;;;;2025;KREISE;;09562;;ERWAQ8;;ARBEITSQUO07;ausländisch;8,0;Prozent;ERWP10;Arbeitslosenquote bez. auf alle zivile Erwerbsp.
13211;;;;2025;KREISE;;07312;;ERWAQ8;;ARBEITSQUO05;Männer;9,6;Prozent;ERWP10;Arbeitslosenquote bez. auf alle zivile Erwerbsp.
13211;;;;2025;KREISE;;10041;;ERWAQ8;;ARBEITSQUO06;Frauen;9,4;Prozent;ERWP10;Arbeitslosenquote bez. auf alle zivile Erwerbsp.
13211;;;;2025;KREISE;;09771;;ERWAQ8;;ARBEITSQUO07;ausländisch;8,1;Prozent;ERWP10;Arbeitslosenquote bez. auf alle zivile Erwerbsp.
13211;;;;2025;KREISE;;05754;;ERWAQ8;;ARBEITSQUO06;Frauen;5,1;Prozent;ERWP10;Arbeitslosenquote bez. auf alle zivile Erwerbsp.
13211;;;;2025;KREISE;;13002;;ERWAQ8;;ARBEITSQUO05;Männer;-;Prozent;ERWP10;Arbeitslosenquote bez. auf alle zivile Erwerbsp.
13211;;;;2025;KREISE;;09464;;ERWAQ8;;ARBEITSQUO07;ausländisch;15,9;Prozent;ERWP10;Arbeitslosenquote bez. auf alle zivile Erwerbsp.
13211;;;;2025;KREISE;;14290;;ERWAQ8;;ARBEITSQUO09;15 bis unter 25 Jahre;-;Prozent;ERWP10;Arbeitslosenquote bez. auf alle zivile Erwerbsp.
13211;;;;2025;KREISE;;10043;;ERWAQ8;;ARBEITSQUO05;Männer;8,9;Prozent;ERWP10;Arbeitslosenquote bez. auf alle zivile Erwerbsp.
13211;;;;2025;KREISE;;09673;;ERWAQ8;;ARBEITSQUO07;ausländisch;12,5;Prozent;ERWP10;Arbeitslosenquote bez. auf alle zivile Erwerbsp.
13211;;;;2025;KREISE;;09175;;ERWAQ8;;ARBEITSQUO09;15 bis unter 25 Jahre;2,2;Prozent;ERWP10;Arbeitslosenquote bez. auf alle zivile Erwerbsp.
13211;;;;2025;KREISE;;15091;;ERWAQ8;;ARBEITSQUO05;Männer;7,5;Prozent;ERWP10;Arbeitslosenquote bez. auf alle zivile Erwerbsp.
13211;;;;2025;KREISE;;03460;;ERWAQ8;;ARBEITSQUO06;Frauen;3,8;Prozent;ERWP10;Arbeitslosenquote bez. auf alle zivile Erwerbsp.
13211;;;;2025;KREISE;;14193;;ERWAQ8;;ARBEITSQUO06;Frauen;-;Prozent;ERWP10;Arbeitslosenquote bez. auf alle zivile Erwerbsp.
13211;;;;2025;KREISE;;15154;;ERWAQ8;;ARBEITSQUO07;ausländisch;-;Prozent;ERWP10;Arbeitslosenquote bez. auf alle zivile Erwerbsp.
13211;;;;2025;KREISE;;01056;;ERWAQ8;;ARBEITSQUO05;Männer;5,8;Prozent;ERWP10;Arbeitslosenquote bez. auf alle zivile Erwerbsp.
13211;;;;2025;KREISE;;07135;;ERWAQ8;;ARBEITSQUO09;15 bis unter 25 Jahre;3,2;Prozent;ERWP10;Arbeitslosenquote bez. auf alle zivile Erwerbsp.
13211;;;;2025;KREISE;;07331;;ERWAQ8;;ARBEITSQUO09;15 bis unter 25 Jahre;4,8;Prozent;ERWP10;Arbeitslosenquote bez. auf alle zivile Erwerbsp.
13211;;;;2025;KREISE;;03103;;ERWAQ8;;ARBEITSQUO09;15 bis unter 25 Jahre;6,9;Prozent;ERWP10;Arbeitslosenquote bez. auf alle zivile Erwerbsp.
13211;;;;2025;KREISE;;13059;;ERWAQ8;;ARBEITSQUO05;Männer;-;Prozent;ERWP10;Arbeitslosenquote bez. auf alle zivile Erwerbsp.
13211;;;;2025;KREISE;;15001;;ERWAQ8;;ARBEITSQUO06;Frauen;8,1;Prozent;ERWP10;Arbeitslosenquote bez. auf alle zivile Erwerbsp.
13211;;;;2025;KREISE;;14263;;ERWAQ8;;ARBEITSQUO09;15 bis unter 25 Jahre;-;Prozent;ERWP10;Arbeitslosenquote bez. auf alle zivile Erwerbsp.
13211;;;;2025;KREISE;;08426;;ERWAQ8;;ARBEITSQUO05;Männer;2,8;Prozent;ERWP10;Arbeitslosenquote bez. auf alle zivile Erwerbsp.
13211;;;;2025;KREISE;;05114;;ERWAQ8;;ARBEITSQUO06;Frauen;10,5;Prozent;ERWP10;Arbeitslosenquote bez. auf alle zivile Erwerbsp.
13211;;;;2025;KREISE;;09185;;ERWAQ8;;ARBEITSQUO06;Frauen;3,0;Prozent;ERWP10;Arbeitslosenquote bez. auf alle zivile Erwerbsp.
13211;;;;2025;KREISE;;14263;;ERWAQ8;;ARBEITSQUO07;ausländisch;-;Prozent;ERWP10;Arbeitslosenquote bez. auf alle zivile Erwerbsp.
13211;;;;2025;KREISE;;07313;;ERWAQ8;;ARBEITSQUO09;15 bis unter 25 Jahre;5,0;Prozent;ERWP10;Arbeitslosenquote bez. auf alle zivile Erwerbsp.
13211;;;;2025;KREISE;;03458;;ERWAQ8;;ARBEITSQUO07;ausländisch;9,4;Prozent;ERWP10;Arbeitslosenquote bez. auf alle zivile Erwerbsp.
13211;;;;2025;KREISE;;16055;;ERWAQ8;;ARBEITSQUO09;15 bis unter 25 Jahre;5,0;Prozent;ERWP10;Arbeitslosenquote bez. auf alle zivile Erwerbsp.
13211;;;;2025;KREISE;;08222;;ERWAQ8;;ARBEITSQUO09;15 bis unter 25 Jahre;3,1;Prozent;ERWP10;Arbeitslosenquote bez. auf alle zivile Erwerbsp.
13211;;;;2025;KREISE;;06438;;ERWAQ8;;ARBEITSQUO05;Männer;5,4;Prozent;ERWP10;Arbeitslosenquote bez. auf alle zivile Erwerbsp.
13211;;;;2025;KREISE;;13003;;ERWAQ8;;ARBEITSQUO09;15 bis unter 25 Jahre;7,4;Prozent;ERWP10;Arbeitslosenquote bez. auf alle zivile Erwerbsp.
13211;;;;2025;KREISE;;05966;;ERWAQ8;;ARBEITSQUO07;ausländisch;14,2;Prozent;ERWP10;Arbeitslosenquote bez. auf alle zivile Erwerbsp.
13211;;;;2025;KREISE;;05774;;ERWAQ8;;ARBEITSQUO07;ausländisch;17,3;Prozent;ERWP10;Arbeitslosenquote bez. auf alle zivile Erwerbsp.
13211;;;;2025;KREISE;;12071;;ERWAQ8;;ARBEITSQUO09;15 bis unter 25 Jahre;6,0;Prozent;ERWP10;Arbeitslosenquote bez. auf alle zivile Erwerbsp.
13211;;;;2025;KREISE;;03462;;ERWAQ8;;ARBEITSQUO05;Männer;5,7;Prozent;ERWP10;Arbeitslosenquote bez. auf alle zivile Erwerbsp.
13211;;;;2025;KREISE;;14523;;ERWAQ8;;ARBEITSQUO06;Frauen;5,8;Prozent;ERWP10;Arbeitslosenquote bez. auf alle zivile Erwerbsp.
13211;;;;2025;KREISE;;09679;;ERWAQ8;;ARBEITSQUO06;Frauen;2,8;Prozent;ERWP10;Arbeitslosenquote bez. auf alle zivile Erwerbsp.
13211;;;;2025;KREISE;;14191;;ERWAQ8;;ARBEITSQUO05;Männer;-;Prozent;ERWP10;Arbeitslosenquote bez. auf alle zivile Erwerbsp.
13211;;;;2025;KREISE;;06634;;ERWAQ8;;ARBEITSQUO05;Männer;4,8;Prozent;ERWP10;Arbeitslosenquote bez. auf alle zivile Erwerbsp.
13211;;;;2025;KREISE;;03254;;ERWAQ8;;ARBEITSQUO09;15 bis unter 25 Jahre;6,8;Prozent;ERWP10;Arbeitslosenquote bez. auf alle zivile Erwerbsp.
13211;;;;2025;KREISE;;03401;;ERWAQ8;;ARBEITSQUO07;ausländisch;22,7;Prozent;ERWP10;Arbeitslosenquote bez. auf alle zivile Erwerbsp.
13211;;;;2025;KREISE;;09777;;ERWAQ8;;ARBEITSQUO06;Frauen;2,7;Prozent;ERWP10;Arbeitslosenquote bez. auf alle zivile Erwerbsp.
13211;;;;2025;KREISE;;08222;;ERWAQ8;;ARBEITSQUO07;ausländisch;13,6;Prozent;ERWP10;Arbeitslosenquote bez. auf alle zivile Erwerbsp.
13211;;;;2025;KREISE;;03357;;ERWAQ8;;ARBEITSQUO06;Frauen;3,8;Prozent;ERWP10;Arbeitslosenquote bez. auf alle zivile Erwerbsp.
13211;;;;2025;KREISE;;07143;;ERWAQ8;;ARBEITSQUO07;ausländisch;11,0;Prozent;ERWP10;Arbeitslosenquote bez. auf alle zivile Erwerbsp.
13211;;;;2025;KREISE;;13057;;ERWAQ8;;ARBEITSQUO06;Frauen;-;Prozent;ERWP10;Arbeitslosenquote bez. auf alle zivile Erwerbsp.
13211;;;;2025;KREISE;;03352;;ERWAQ8;;ARBEITSQUO09;15 bis unter 25 Jahre;5,6;Prozent;ERWP10;Arbeitslosenquote bez. auf alle zivile Erwerbsp.
13211;;;;2025;KREISE;;15003;;ERWAQ8;;ARBEITSQUO05;Männer;9,6;Prozent;ERWP10;Arbeitslosenquote bez. auf alle zivile Erwerbsp.
13211;;;;2025;KREISE;;15087;;ERWAQ8;;ARBEITSQUO07;ausländisch;31,4;Prozent;ERWP10;Arbeitslosenquote bez. auf alle zivile Erwerbsp.
13211;;;;2025;KREISE;;05111;;ERWAQ8;;ARBEITSQUO05;Männer;8,3;Prozent;ERWP10;Arbeitslosenquote bez. auf alle zivile Erwerbsp.
13211;;;;2025;KREISE;;14285;;ERWAQ8;;ARBEITSQUO09;15 bis unter 25 Jahre;-;Prozent;ERWP10;Arbeitslosenquote bez. auf alle zivile Erwerbsp.
13211;;;;2025;KREISE;;09163;;ERWAQ8;;ARBEITSQUO06;Frauen;4,7;Prozent;ERWP10;Arbeitslosenquote bez. auf alle zivile Erwerbsp.
13211;;;;2025;KREISE;;06439;;ERWAQ8;;ARBEITSQUO09;15 bis unter 25 Jahre;5,6;Prozent;ERWP10;Arbeitslosenquote bez. auf alle zivile Erwerbsp.
13211;;;;2025;KREISE;;09764;;ERWAQ8;;ARBEITSQUO06;Frauen;3,7;Prozent;ERWP10;Arbeitslosenquote bez. auf alle zivile Erwerbsp.
13211;;;;2025;KREISE;;09180;;ERWAQ8;;ARBEITSQUO09;15 bis unter 25 Jahre;2,8;Prozent;ERWP10;Arbeitslosenquote bez. auf alle zivile Erwerbsp.
13211;;;;2025;KREISE;;16071;;ERWAQ8;;ARBEITSQUO05;Männer;5,1;Prozent;ERWP10;Arbeitslosenquote bez. auf alle zivile Erwerbsp.
13211;;;;2025;KREISE;;03455;;ERWAQ8;;ARBEITSQUO06;Frauen;4,3;Prozent;ERWP10;Arbeitslosenquote bez. auf alle zivile Erwerbsp.
13211;;;;2025;KREISE;;15101;;ERWAQ8;;ARBEITSQUO05;Männer;-;Prozent;ERWP10;Arbeitslosenquote bez. auf alle zivile Erwerbsp.
13211;;;;2025;KREISE;;14178;;ERWAQ8;;ARBEITSQUO07;ausländisch;-;Prozent;ERWP10;Arbeitslosenquote bez. auf alle zivile Erwerbsp.
13211;;;;2025;KREISE;;08235;;ERWAQ8;;ARBEITSQUO07;ausländisch;8,8;Prozent;ERWP10;Arbeitslosenquote bez. auf alle zivile Erwerbsp.
13211;;;;2025;KREISE;;16068;;ERWAQ8;;ARBEITSQUO09;15 bis unter 25 Jahre;6,8;Prozent;ERWP10;Arbeitslosenquote bez. auf alle zivile Erwerbsp.
13211;;;;2025;KREISE;;09179;;ERWAQ8;;ARBEITSQUO07;ausländisch;7,4;Prozent;ERWP10;Arbeitslosenquote bez. auf alle zivile Erwerbsp.
13211;;;;2025;KREISE;;06635;;ERWAQ8;;ARBEITSQUO09;15 bis unter 25 Jahre;5,2;Prozent;ERWP10;Arbeitslosenquote bez. auf alle zivile Erwerbsp.
13211;;;;2025;KREISE;;05566;;ERWAQ8;;ARBEITSQUO09;15 bis unter 25 Jahre;5,0;Prozent;ERWP10;Arbeitslosenquote bez. auf alle zivile Erwerbsp.
13211;;;;2025;KREISE;;09673;;ERWAQ8;;ARBEITSQUO05;Männer;4,1;Prozent;ERWP10;Arbeitslosenquote bez. auf alle zivile Erwerbsp.
13211;;;;2025;KREISE;;14383;;ERWAQ8;;ARBEITSQUO09;15 bis unter 25 Jahre;-;Prozent;ERWP10;Arbeitslosenquote bez. auf alle zivile Erwerbsp.
13211;;;;2025;KREISE;;09771;;ERWAQ8;;ARBEITSQUO05;Männer;3,1;Prozent;ERWP10;Arbeitslosenquote bez. auf alle zivile Erwerbsp.
13211;;;;2025;KREISE;;13051;;ERWAQ8;;ARBEITSQUO07;ausländisch;-;Prozent;ERWP10;Arbeitslosenquote bez. auf alle zivile Erwerbsp.
13211;;;;2025;KREISE;;14374;;ERWAQ8;;ARBEITSQUO07;ausländisch;-;Prozent;ERWP10;Arbeitslosenquote bez. auf alle zivile Erwerbsp.
13211;;;;2025;KREISE;;05762;;ERWAQ8;;ARBEITSQUO09;15 bis unter 25 Jahre;4,4;Prozent;ERWP10;Arbeitslosenquote bez. auf alle zivile Erwerbsp.
13211;;;;2025;KREISE;;05978;;ERWAQ8;;ARBEITSQUO05;Männer;7,9;Prozent;ERWP10;Arbeitslosenquote bez. auf alle zivile Erwerbsp.
13211;;;;2025;KREISE;;12064;;ERWAQ8;;ARBEITSQUO06;Frauen;5,3;Prozent;ERWP10;Arbeitslosenquote bez. auf alle zivile Erwerbsp.
13211;;;;2025;KREISE;;09261;;ERWAQ8;;ARBEITSQUO06;Frauen;5,8;Prozent;ERWP10;Arbeitslosenquote bez. auf alle zivile Erwerbsp.
13211;;;;2025;KREISE;;08111;;ERWAQ8;;ARBEITSQUO09;15 bis unter 25 Jahre;5,4;Prozent;ERWP10;Arbeitslosenquote bez. auf alle zivile Erwerbsp.
13211;;;;2025;KREISE;;03351;;ERWAQ8;;ARBEITSQUO05;Männer;6,6;Prozent;ERWP10;Arbeitslosenquote bez. auf alle zivile Erwerbsp.
13211;;;;2025;KREISE;;15256;;ERWAQ8;;ARBEITSQUO05;Männer;-;Prozent;ERWP10;Arbeitslosenquote bez. auf alle zivile Erwerbsp.
13211;;;;2025;KREISE;;12062;;ERWAQ8;;ARBEITSQUO09;15 bis unter 25 Jahre;7,5;Prozent;ERWP10;Arbeitslosenquote bez. auf alle zivile Erwerbsp.
13211;;;;2025;KREISE;;08115;;ERWAQ8;;ARBEITSQUO07;ausländisch;9,4;Prozent;ERWP10;Arbeitslosenquote bez. auf alle zivile Erwerbsp.
13211;;;;2025;KREISE;;05112;;ERWAQ8;;ARBEITSQUO09;15 bis unter 25 Jahre;10,2;Prozent;ERWP10;Arbeitslosenquote bez. auf alle zivile Erwerbsp.
13211;;;;2025;KREISE;;15355;;ERWAQ8;;ARBEITSQUO09;15 bis unter 25 Jahre;-;Prozent;ERWP10;Arbeitslosenquote bez. auf alle zivile Erwerbsp.
13211;;;;2025;KREISE;;11004004;;ERWAQ8;;ARBEITSQUO09;15 bis unter 25 Jahre;.;Prozent;ERWP10;Arbeitslosenquote bez. auf alle zivile Erwerbsp.
13211;;;;2025;KREISE;;09477;;ERWAQ8;;ARBEITSQUO05;Männer;4,7;Prozent;ERWP10;Arbeitslosenquote bez. auf alle zivile Erwerbsp.
13211;;;;2025;KREISE;;01004;;ERWAQ8;;ARBEITSQUO07;ausländisch;18,5;Prozent;ERWP10;Arbeitslosenquote bez. auf alle zivile Erwerbsp.
13211;;;;2025;KREISE;;09375;;ERWAQ8;;ARBEITSQUO07;ausländisch;9,1;Prozent;ERWP10;Arbeitslosenquote bez. auf alle zivile Erwerbsp.
13211;;;;2025;KREISE;;07315;;ERWAQ8;;ARBEITSQUO06;Frauen;5,2;Prozent;ERWP10;Arbeitslosenquote bez. auf alle zivile Erwerbsp.
13211;;;;2025;KREISE;;09575;;ERWAQ8;;ARBEITSQUO05;Männer;3,2;Prozent;ERWP10;Arbeitslosenquote bez. auf alle zivile Erwerbsp.
13211;;;;2025;KREISE;;16069;;ERWAQ8;;ARBEITSQUO06;Frauen;4,0;Prozent;ERWP10;Arbeitslosenquote bez. auf alle zivile Erwerbsp.
13211;;;;2025;KREISE;;05316;;ERWAQ8;;ARBEITSQUO07;ausländisch;15,2;Prozent;ERWP10;Arbeitslosenquote bez. auf alle zivile Erwerbsp.
13211;;;;2025;KREISE;;09277;;ERWAQ8;;ARBEITSQUO07;ausländisch;10,3;Prozent;ERWP10;Arbeitslosenquote bez. auf alle zivile Erwerbsp.
13211;;;;2025;KREISE;;14272;;ERWAQ8;;ARBEITSQUO09;15 bis unter 25 Jahre;-;Prozent;ERWP10;Arbeitslosenquote bez. auf alle zivile Erwerbsp.
13211;;;;2025;KREISE;;12051;;ERWAQ8;;ARBEITSQUO06;Frauen;8,4;Prozent;ERWP10;Arbeitslosenquote bez. auf alle zivile Erwerbsp.
13211;;;;2025;KREISE;;15265;;ERWAQ8;;ARBEITSQUO05;Männer;-;Prozent;ERWP10;Arbeitslosenquote bez. auf alle zivile Erwerbsp.
13211;;;;2025;KREISE;;08311;;ERWAQ8;;ARBEITSQUO07;ausländisch;10,4;Prozent;ERWP10;Arbeitslosenquote bez. auf alle zivile Erwerbsp.
13211;;;;2025;KREISE;;12070;;ERWAQ8;;ARBEITSQUO05;Männer;9,1;Prozent;ERWP10;Arbeitslosenquote bez. auf alle zivile Erwerbsp.
13211;;;;2025;KREISE;;12073;;ERWAQ8;;ARBEITSQUO06;Frauen;11,3;Prozent;ERWP10;Arbeitslosenquote bez. auf alle zivile Erwerbsp.
13211;;;;2025;KREISE;;04011;;ERWAQ8;;ARBEITSQUO07;ausländisch;23,6;Prozent;ERWP10;Arbeitslosenquote bez. auf alle zivile Erwerbsp.
13211;;;;2025;KREISE;;01057;;ERWAQ8;;ARBEITSQUO09;15 bis unter 25 Jahre;5,2;Prozent;ERWP10;Arbeitslosenquote bez. auf alle zivile Erwerbsp.
13211;;;;2025;KREISE;;05120;;ERWAQ8;;ARBEITSQUO05;Männer;8,6;Prozent;ERWP10;Arbeitslosenquote bez. auf alle zivile Erwerbsp.
13211;;;;2025;KREISE;;08417;;ERWAQ8;;ARBEITSQUO05;Männer;4,9;Prozent;ERWP10;Arbeitslosenquote bez. auf alle zivile Erwerbsp.
13211;;;;2025;KREISE;;05358;;ERWAQ8;;ARBEITSQUO06;Frauen;7,4;Prozent;ERWP10;Arbeitslosenquote bez. auf alle zivile Erwerbsp.
13211;;;;2025;KREISE;;08231;;ERWAQ8;;ARBEITSQUO09;15 bis unter 25 Jahre;5,3;Prozent;ERWP10;Arbeitslosenquote bez. auf alle zivile Erwerbsp.
13211;;;;2025;KREISE;;15363;;ERWAQ8;;ARBEITSQUO05;Männer;-;Prozent;ERWP10;Arbeitslosenquote bez. auf alle zivile Erwerbsp.
13211;;;;2025;KREISE;;07134;;ERWAQ8;;ARBEITSQUO05;Männer;7,1;Prozent;ERWP10;Arbeitslosenquote bez. auf alle zivile Erwerbsp.
13211;;;;2025;KREISE;;01058;;ERWAQ8;;ARBEITSQUO06;Frauen;4,2;Prozent;ERWP10;Arbeitslosenquote bez. auf alle zivile Erwerbsp.
13211;;;;2025;KREISE;;09571;;ERWAQ8;;ARBEITSQUO07;ausländisch;7,4;Prozent;ERWP10;Arbeitslosenquote bez. auf alle zivile Erwerbsp.
13211;;;;2025;KREISE;;15159;;ERWAQ8;;ARBEITSQUO09;15 bis unter 25 Jahre;-;Prozent;ERWP10;Arbeitslosenquote bez. auf alle zivile Erwerbsp.
13211;;;;2025;KREISE;;11010010;;ERWAQ8;;ARBEITSQUO09;15 bis unter 25 Jahre;.;Prozent;ERWP10;Arbeitslosenquote bez. auf alle zivile Erwerbsp.
13211;;;;2025;KREISE;;13073;;ERWAQ8;;ARBEITSQUO07;ausländisch;20,9;Prozent;ERWP10;Arbeitslosenquote bez. auf alle zivile Erwerbsp.
13211;;;;2025;KREISE;;14182;;ERWAQ8;;ARBEITSQUO05;Männer;-;Prozent;ERWP10;Arbeitslosenquote bez. auf alle zivile Erwerbsp.
13211;;;;2025;KREISE;;05554;;ERWAQ8;;ARBEITSQUO06;Frauen;4,6;Prozent;ERWP10;Arbeitslosenquote bez. auf alle zivile Erwerbsp.
13211;;;;2025;KREISE;;05914;;ERWAQ8;;ARBEITSQUO09;15 bis unter 25 Jahre;10,3;Prozent;ERWP10;Arbeitslosenquote bez. auf alle zivile Erwerbsp.
13211;;;;2025;KREISE;;09473;;ERWAQ8;;ARBEITSQUO07;ausländisch;12,1;Prozent;ERWP10;Arbeitslosenquote bez. auf alle zivile Erwerbsp.
13211;;;;2025;KREISE;;14280;;ERWAQ8;;ARBEITSQUO05;Männer;-;Prozent;ERWP10;Arbeitslosenquote bez. auf alle zivile Erwerbsp.
13211;;;;2025;KREISE;;12066;;ERWAQ8;;ARBEITSQUO07;ausländisch;19,1;Prozent;ERWP10;Arbeitslosenquote bez. auf alle zivile Erwerbsp.
13211;;;;2025;KREISE;;05915;;ERWAQ8;;ARBEITSQUO06;Frauen;8,4;Prozent;ERWP10;Arbeitslosenquote bez. auf alle zivile Erwerbsp.
13211;;;;2025;KREISE;;07232;;ERWAQ8;;ARBEITSQUO05;Männer;3,5;Prozent;ERWP10;Arbeitslosenquote bez. auf alle zivile Erwerbsp.
13211;;;;2025;KREISE;;09188;;ERWAQ8;;ARBEITSQUO07;ausländisch;7,5;Prozent;ERWP10;Arbeitslosenquote bez. auf alle zivile Erwerbsp.
13211;;;;2025;KREISE;;07335;;ERWAQ8;;ARBEITSQUO09;15 bis unter 25 Jahre;6,0;Prozent;ERWP10;Arbeitslosenquote bez. auf alle zivile Erwerbsp.
13211;;;;2025;KREISE;;09762;;ERWAQ8;;ARBEITSQUO05;Männer;4,7;Prozent;ERWP10;Arbeitslosenquote bez. auf alle zivile Erwerbsp.
13211;;;;2025;KREISE;;16077;;ERWAQ8;;ARBEITSQUO09;15 bis unter 25 Jahre;10,7;Prozent;ERWP10;Arbeitslosenquote bez. auf alle zivile Erwerbsp.
13211;;;;2025;KREISE;;07337;;ERWAQ8;;ARBEITSQUO06;Frauen;4,3;Prozent;ERWP10;Arbeitslosenquote bez. auf alle zivile Erwerbsp.
13211;;;;2025;KREISE;;14612;;ERWAQ8;;ARBEITSQUO06;Frauen;6,8;Prozent;ERWP10;Arbeitslosenquote bez. auf alle zivile Erwerbsp.
13211;;;;2025;KREISE;;03156;;ERWAQ8;;ARBEITSQUO09;15 bis unter 25 Jahre;-;Prozent;ERWP10;Arbeitslosenquote bez. auf alle zivile Erwerbsp.
13211;;;;2025;KREISE;;08121;;ERWAQ8;;ARBEITSQUO06;Frauen;6,3;Prozent;ERWP10;Arbeitslosenquote bez. auf alle zivile Erwerbsp.
13211;;;;2025;KREISE;;09678;;ERWAQ8;;ARBEITSQUO09;15 bis unter 25 Jahre;3,2;Prozent;ERWP10;Arbeitslosenquote bez. auf alle zivile Erwerbsp.
13211;;;;2025;KREISE;;09172;;ERWAQ8;;ARBEITSQUO06;Frauen;3,4;Prozent;ERWP10;Arbeitslosenquote bez. auf alle zivile Erwerbsp.
13211;;;;2025;KREISE;;15369;;ERWAQ8;;ARBEITSQUO06;Frauen;-;Prozent;ERWP10;Arbeitslosenquote bez. auf alle zivile Erwerbsp.
13211;;;;2025;KREISE;;14521;;ERWAQ8;;ARBEITSQUO05;Männer;6,2;Prozent;ERWP10;Arbeitslosenquote bez. auf alle zivile Erwerbsp.
13211;;;;2025;KREISE;;09362;;ERWAQ8;;ARBEITSQUO07;ausländisch;9,6;Prozent;ERWP10;Arbeitslosenquote bez. auf alle zivile Erwerbsp.
13211;;;;2025;KREISE;;13060;;ERWAQ8;;ARBEITSQUO07;ausländisch;-;Prozent;ERWP10;Arbeitslosenquote bez. auf alle zivile Erwerbsp.
13211;;;;2025;KREISE;;16062;;ERWAQ8;;ARBEITSQUO05;Männer;8,7;Prozent;ERWP10;Arbeitslosenquote bez. auf alle zivile Erwerbsp.
13211;;;;2025;KREISE;;11000;;ERWAQ8;;ARBEITSQUO06;Frauen;9,9;Prozent;ERWP10;Arbeitslosenquote bez. auf alle zivile Erwerbsp.
13211;;;;2025;KREISE;;09171;;ERWAQ8;;ARBEITSQUO09;15 bis unter 25 Jahre;3,2;Prozent;ERWP10;Arbeitslosenquote bez. auf alle zivile Erwerbsp.
13211;;;;2025;KREISE;;16056;;ERWAQ8;;ARBEITSQUO06;Frauen;-;Prozent;ERWP10;Arbeitslosenquote bez. auf alle zivile Erwerbsp.
13211;;;;2025;KREISE;;13055;;ERWAQ8;;ARBEITSQUO05;Männer;-;Prozent;ERWP10;Arbeitslosenquote bez. auf alle zivile Erwerbsp.
13211;;;;2025;KREISE;;11007007;;ERWAQ8;;ARBEITSQUO07;ausländisch;.;Prozent;ERWP10;Arbeitslosenquote bez. auf alle zivile Erwerbsp.
13211;;;;2025;KREISE;;05512;;ERWAQ8;;ARBEITSQUO07;ausländisch;22,8;Prozent;ERWP10;Arbeitslosenquote bez. auf alle zivile Erwerbsp.
13211;;;;2025;KREISE;;03454;;ERWAQ8;;ARBEITSQUO07;ausländisch;8,8;Prozent;ERWP10;Arbeitslosenquote bez. auf alle zivile Erwerbsp.
13211;;;;2025;KREISE;;03241001;;ERWAQ8;;ARBEITSQUO06;Frauen;9,2;Prozent;ERWP10;Arbeitslosenquote bez. auf alle zivile Erwerbsp.
13211;;;;2025;KREISE;;07317;;ERWAQ8;;ARBEITSQUO05;Männer;13,0;Prozent;ERWP10;Arbeitslosenquote bez. auf alle zivile Erwerbsp.
13211;;;;2025;KREISE;;16070;;ERWAQ8;;ARBEITSQUO06;Frauen;6,1;Prozent;ERWP10;Arbeitslosenquote bez. auf alle zivile Erwerbsp.
13211;;;;2025;KREISE;;16051;;ERWAQ8;;ARBEITSQUO09;15 bis unter 25 Jahre;5,5;Prozent;ERWP10;Arbeitslosenquote bez. auf alle zivile Erwerbsp.
13211;;;;2025;KREISE;;06415;;ERWAQ8;;ARBEITSQUO06;Frauen;-;Prozent;ERWP10;Arbeitslosenquote bez. auf alle zivile Erwerbsp.
13211;;;;2025;KREISE;;11001001;;ERWAQ8;;ARBEITSQUO06;Frauen;.;Prozent;ERWP10;Arbeitslosenquote bez. auf alle zivile Erwerbsp.
13211;;;;2025;KREISE;;11004004;;ERWAQ8;;ARBEITSQUO06;Frauen;.;Prozent;ERWP10;Arbeitslosenquote bez. auf alle zivile Erwerbsp.
13211;;;;2025;KREISE;;09373;;ERWAQ8;;ARBEITSQUO06;Frauen;2,6;Prozent;ERWP10;Arbeitslosenquote bez. auf alle zivile Erwerbsp.
13211;;;;2025;KREISE;;07336;;ERWAQ8;;ARBEITSQUO06;Frauen;4,8;Prozent;ERWP10;Arbeitslosenquote bez. auf alle zivile Erwerbsp.
13211;;;;2025;KREISE;;05962;;ERWAQ8;;ARBEITSQUO07;ausländisch;20,6;Prozent;ERWP10;Arbeitslosenquote bez. auf alle zivile Erwerbsp.
13211;;;;2025;KREISE;;14365;;ERWAQ8;;ARBEITSQUO05;Männer;-;Prozent;ERWP10;Arbeitslosenquote bez. auf alle zivile Erwerbsp.
13211;;;;2025;KREISE;;09275;;ERWAQ8;;ARBEITSQUO06;Frauen;3,1;Prozent;ERWP10;Arbeitslosenquote bez. auf alle zivile Erwerbsp.
13211;;;;2025;KREISE;;14173;;ERWAQ8;;ARBEITSQUO07;ausländisch;-;Prozent;ERWP10;Arbeitslosenquote bez. auf alle zivile Erwerbsp.
13211;;;;2025;KREISE;;06611;;ERWAQ8;;ARBEITSQUO06;Frauen;8,4;Prozent;ERWP10;Arbeitslosenquote bez. auf alle zivile Erwerbsp.
13211;;;;2025;KREISE;;05770;;ERWAQ8;;ARBEITSQUO05;Männer;6,6;Prozent;ERWP10;Arbeitslosenquote bez. auf alle zivile Erwerbsp.
13211;;;;2025;KREISE;;08336;;ERWAQ8;;ARBEITSQUO05;Männer;5,8;Prozent;ERWP10;Arbeitslosenquote bez. auf alle zivile Erwerbsp.
13211;;;;2025;KREISE;;12053;;ERWAQ8;;ARBEITSQUO05;Männer;9,9;Prozent;ERWP10;Arbeitslosenquote bez. auf alle zivile Erwerbsp.
13211;;;;2025;KREISE;;08128;;ERWAQ8;;ARBEITSQUO09;15 bis unter 25 Jahre;3,5;Prozent;ERWP10;Arbeitslosenquote bez. auf alle zivile Erwerbsp.
13211;;;;2025;KREISE;;05378;;ERWAQ8;;ARBEITSQUO09;15 bis unter 25 Jahre;5,3;Prozent;ERWP10;Arbeitslosenquote bez. auf alle zivile Erwerbsp.
13211;;;;2025;KREISE;;08125;;ERWAQ8;;ARBEITSQUO06;Frauen;4,0;Prozent;ERWP10;Arbeitslosenquote bez. auf alle zivile Erwerbsp.
13211;;;;2025;KREISE;;09174;;ERWAQ8;;ARBEITSQUO07;ausländisch;6,7;Prozent;ERWP10;Arbeitslosenquote bez. auf alle zivile Erwerbsp.
13211;;;;2025;KREISE;;11001001;;ERWAQ8;;ARBEITSQUO05;Männer;.;Prozent;ERWP10;Arbeitslosenquote bez. auf alle zivile Erwerbsp.
13211;;;;2025;KREISE;;05378;;ERWAQ8;;ARBEITSQUO05;Männer;6,6;Prozent;ERWP10;Arbeitslosenquote bez. auf alle zivile Erwerbsp.
13211;;;;2025;KREISE;;09177;;ERWAQ8;;ARBEITSQUO06;Frauen;2,7;Prozent;ERWP10;Arbeitslosenquote bez. auf alle zivile Erwerbsp.
13211;;;;2025;KREISE;;05770;;ERWAQ8;;ARBEITSQUO09;15 bis unter 25 Jahre;6,7;Prozent;ERWP10;Arbeitslosenquote bez. auf alle zivile Erwerbsp.
13211;;;;2025;KREISE;;09464;;ERWAQ8;;ARBEITSQUO05;Männer;8,1;Prozent;ERWP10;Arbeitslosenquote bez. auf alle zivile Erwerbsp.
13211;;;;2025;KREISE;;06633;;ERWAQ8;;ARBEITSQUO06;Frauen;4,5;Prozent;ERWP10;Arbeitslosenquote bez. auf alle zivile Erwerbsp.
13211;;;;2025;KREISE;;03405;;ERWAQ8;;ARBEITSQUO09;15 bis unter 25 Jahre;9,1;Prozent;ERWP10;Arbeitslosenquote bez. auf alle zivile Erwerbsp.
13211;;;;2025;KREISE;;03241001;;ERWAQ8;;ARBEITSQUO07;ausländisch;21,4;Prozent;ERWP10;Arbeitslosenquote bez. auf alle zivile Erwerbsp.
13211;;;;2025;KREISE;;15303;;ERWAQ8;;ARBEITSQUO06;Frauen;-;Prozent;ERWP10;Arbeitslosenquote bez. auf alle zivile Erwerbsp.
13211;;;;2025;KREISE;;14628;;ERWAQ8;;ARBEITSQUO05;Männer;5,9;Prozent;ERWP10;Arbeitslosenquote bez. auf alle zivile Erwerbsp.
13211;;;;2025;KREISE;;14730;;ERWAQ8;;ARBEITSQUO07;ausländisch;18,2;Prozent;ERWP10;Arbeitslosenquote bez. auf alle zivile Erwerbsp.
13211;;;;2025;KREISE;;15153;;ERWAQ8;;ARBEITSQUO05;Männer;-;Prozent;ERWP10;Arbeitslosenquote bez. auf alle zivile Erwerbsp.
13211;;;;2025;KREISE;;11004004;;ERWAQ8;;ARBEITSQUO07;ausländisch;.;Prozent;ERWP10;Arbeitslosenquote bez. auf alle zivile Erwerbsp.
13211;;;;2025;KREISE;;13056;;ERWAQ8;;ARBEITSQUO07;ausländisch;-;Prozent;ERWP10;Arbeitslosenquote bez. auf alle zivile Erwerbsp.
13211;;;;2025;KREISE;;16075;;ERWAQ8;;ARBEITSQUO05;Männer;5,9;Prozent;ERWP10;Arbeitslosenquote bez. auf alle zivile Erwerbsp.
13211;;;;2025;KREISE;;09562;;ERWAQ8;;ARBEITSQUO05;Männer;4,5;Prozent;ERWP10;Arbeitslosenquote bez. auf alle zivile Erwerbsp.
13211;;;;2025;KREISE;;08226;;ERWAQ8;;ARBEITSQUO09;15 bis unter 25 Jahre;3,8;Prozent;ERWP10;Arbeitslosenquote bez. auf alle zivile Erwerbsp.
13211;;;;2025;KREISE;;03356;;ERWAQ8;;ARBEITSQUO07;ausländisch;17,0;Prozent;ERWP10;Arbeitslosenquote bez. auf alle zivile Erwerbsp.
13211;;;;2025;KREISE;;15083;;ERWAQ8;;ARBEITSQUO07;ausländisch;17,1;Prozent;ERWP10;Arbeitslosenquote bez. auf alle zivile Erwerbsp.
13211;;;;2025;KREISE;;05362;;ERWAQ8;;ARBEITSQUO06;Frauen;6,3;Prozent;ERWP10;Arbeitslosenquote bez. auf alle zivile Erwerbsp.
13211;;;;2025;KREISE;;14287;;ERWAQ8;;ARBEITSQUO06;Frauen;-;Prozent;ERWP10;Arbeitslosenquote bez. auf alle zivile Erwerbsp.
13211;;;;2025;KREISE;;01001;;ERWAQ8;;ARBEITSQUO06;Frauen;7,7;Prozent;ERWP10;Arbeitslosenquote bez. auf alle zivile Erwerbsp.
13211;;;;2025;KREISE;;03459;;ERWAQ8;;ARBEITSQUO06;Frauen;3,7;Prozent;ERWP10;Arbeitslosenquote bez. auf alle zivile Erwerbsp.
13211;;;;2025;KREISE;;08421;;ERWAQ8;;ARBEITSQUO05;Männer;4,6;Prozent;ERWP10;Arbeitslosenquote bez. auf alle zivile Erwerbsp.
13211;;;;2025;KREISE;;07318;;ERWAQ8;;ARBEITSQUO09;15 bis unter 25 Jahre;5,5;Prozent;ERWP10;Arbeitslosenquote bez. auf alle zivile Erwerbsp.
13211;;;;2025;KREISE;;10043;;ERWAQ8;;ARBEITSQUO07;ausländisch;24,3;Prozent;ERWP10;Arbeitslosenquote bez. auf alle zivile Erwerbsp.
13211;;;;2025;KREISE;;13004;;ERWAQ8;;ARBEITSQUO06;Frauen;9,8;Prozent;ERWP10;Arbeitslosenquote bez. auf alle zivile Erwerbsp.
13211;;;;2025;KREISE;;12072;;ERWAQ8;;ARBEITSQUO06;Frauen;4,8;Prozent;ERWP10;Arbeitslosenquote bez. auf alle zivile Erwerbsp.
13211;;;;2025;KREISE;;11004004;;ERWAQ8;;ARBEITSQUO05;Männer;.;Prozent;ERWP10;Arbeitslosenquote bez. auf alle zivile Erwerbsp.
13211;;;;2025;KREISE;;08311;;ERWAQ8;;ARBEITSQUO09;15 bis unter 25 Jahre;3,2;Prozent;ERWP10;Arbeitslosenquote bez. auf alle zivile Erwerbsp.
13211;;;;2025;KREISE;;05166;;ERWAQ8;;ARBEITSQUO06;Frauen;5,5;Prozent;ERWP10;Arbeitslosenquote bez. auf alle zivile Erwerbsp.
13211;;;;2025;KREISE;;08127;;ERWAQ8;;ARBEITSQUO05;Männer;4,0;Prozent;ERWP10;Arbeitslosenquote bez. auf alle zivile Erwerbsp.
13211;;;;2025;KREISE;;03404;;ERWAQ8;;ARBEITSQUO05;Männer;8,7;Prozent;ERWP10;Arbeitslosenquote bez. auf alle zivile Erwerbsp.
13211;;;;2025;KREISE;;14521;;ERWAQ8;;ARBEITSQUO07;ausländisch;30,5;Prozent;ERWP10;Arbeitslosenquote bez. auf alle zivile Erwerbsp.
13211;;;;2025;KREISE;;15151;;ERWAQ8;;ARBEITSQUO06;Frauen;-;Prozent;ERWP10;Arbeitslosenquote bez. auf alle zivile Erwerbsp.
13211;;;;2025;KREISE;;15154;;ERWAQ8;;ARBEITSQUO09;15 bis unter 25 Jahre;-;Prozent;ERWP10;Arbeitslosenquote bez. auf alle zivile Erwerbsp.
13211;;;;2025;KREISE;;15362;;ERWAQ8;;ARBEITSQUO05;Männer;-;Prozent;ERWP10;Arbeitslosenquote bez. auf alle zivile Erwerbsp.
13211;;;;2025;KREISE;;13060;;ERWAQ8;;ARBEITSQUO09;15 bis unter 25 Jahre;-;Prozent;ERWP10;Arbeitslosenquote bez. auf alle zivile Erwerbsp.
13211;;;;2025;KREISE;;16064;;ERWAQ8;;ARBEITSQUO09;15 bis unter 25 Jahre;8,5;Prozent;ERWP10;Arbeitslosenquote bez. auf alle zivile Erwerbsp.
13211;;;;2025;KREISE;;14626;;ERWAQ8;;ARBEITSQUO06;Frauen;8,1;Prozent;ERWP10;Arbeitslosenquote bez. auf alle zivile Erwerbsp.
13211;;;;2025;KREISE;;16053;;ERWAQ8;;ARBEITSQUO05;Männer;6,4;Prozent;ERWP10;Arbeitslosenquote bez. auf alle zivile Erwerbsp.
13211;;;;2025;KREISE;;13072;;ERWAQ8;;ARBEITSQUO05;Männer;6,6;Prozent;ERWP10;Arbeitslosenquote bez. auf alle zivile Erwerbsp.
13211;;;;2025;KREISE;;07140;;ERWAQ8;;ARBEITSQUO09;15 bis unter 25 Jahre;4,3;Prozent;ERWP10;Arbeitslosenquote bez. auf alle zivile Erwerbsp.
13211;;;;2025;KREISE;;08225;;ERWAQ8;;ARBEITSQUO05;Männer;4,1;Prozent;ERWP10;Arbeitslosenquote bez. auf alle zivile Erwerbsp.
13211;;;;2025;KREISE;;05913;;ERWAQ8;;ARBEITSQUO09;15 bis unter 25 Jahre;9,9;Prozent;ERWP10;Arbeitslosenquote bez. auf alle zivile Erwerbsp.
13211;;;;2025;KREISE;;05913;;ERWAQ8;;ARBEITSQUO05;Männer;12,2;Prozent;ERWP10;Arbeitslosenquote bez. auf alle zivile Erwerbsp.
13211;;;;2025;KREISE;;05382;;ERWAQ8;;ARBEITSQUO07;ausländisch;16,5;Prozent;ERWP10;Arbeitslosenquote bez. auf alle zivile Erwerbsp.
13211;;;;2025;KREISE;;03103;;ERWAQ8;;ARBEITSQUO07;ausländisch;16,0;Prozent;ERWP10;Arbeitslosenquote bez. auf alle zivile Erwerbsp.
13211;;;;2025;KREISE;;12063;;ERWAQ8;;ARBEITSQUO09;15 bis unter 25 Jahre;8,6;Prozent;ERWP10;Arbeitslosenquote bez. auf alle zivile Erwerbsp.
13211;;;;2025;KREISE;;08115;;ERWAQ8;;ARBEITSQUO09;15 bis unter 25 Jahre;3,3;Prozent;ERWP10;Arbeitslosenquote bez. auf alle zivile Erwerbsp.
13211;;;;2025;KREISE;;15084;;ERWAQ8;;ARBEITSQUO06;Frauen;6,9;Prozent;ERWP10;Arbeitslosenquote bez. auf alle zivile Erwerbsp.
13211;;;;2025;KREISE;;05112;;ERWAQ8;;ARBEITSQUO05;Männer;12,8;Prozent;ERWP10;Arbeitslosenquote bez. auf alle zivile Erwerbsp.
13211;;;;2025;KREISE;;09183;;ERWAQ8;;ARBEITSQUO07;ausländisch;7,7;Prozent;ERWP10;Arbeitslosenquote bez. auf alle zivile Erwerbsp.
13211;;;;2025;KREISE;;12062;;ERWAQ8;;ARBEITSQUO05;Männer;7,0;Prozent;ERWP10;Arbeitslosenquote bez. auf alle zivile Erwerbsp.
13211;;;;2025;KREISE;;09661;;ERWAQ8;;ARBEITSQUO09;15 bis unter 25 Jahre;7,2;Prozent;ERWP10;Arbeitslosenquote bez. auf alle zivile Erwerbsp.
13211;;;;2025;KREISE;;06413;;ERWAQ8;;ARBEITSQUO07;ausländisch;12,9;Prozent;ERWP10;Arbeitslosenquote bez. auf alle zivile Erwerbsp.
13211;;;;2025;KREISE;;01004;;ERWAQ8;;ARBEITSQUO09;15 bis unter 25 Jahre;8,5;Prozent;ERWP10;Arbeitslosenquote bez. auf alle zivile Erwerbsp.
13211;;;;2025;KREISE;;14284;;ERWAQ8;;ARBEITSQUO07;ausländisch;-;Prozent;ERWP10;Arbeitslosenquote bez. auf alle zivile Erwerbsp.
13211;;;;2025;KREISE;;09563;;ERWAQ8;;ARBEITSQUO09;15 bis unter 25 Jahre;5,3;Prozent;ERWP10;Arbeitslosenquote bez. auf alle zivile Erwerbsp.
13211;;;;2025;KREISE;;08236;;ERWAQ8;;ARBEITSQUO06;Frauen;3,4;Prozent;ERWP10;Arbeitslosenquote bez. auf alle zivile Erwerbsp.
13211;;;;2025;KREISE;;15265;;ERWAQ8;;ARBEITSQUO09;15 bis unter 25 Jahre;-;Prozent;ERWP10;Arbeitslosenquote bez. auf alle zivile Erwerbsp.
13211;;;;2025;KREISE;;03155;;ERWAQ8;;ARBEITSQUO05;Männer;7,0;Prozent;ERWP10;Arbeitslosenquote bez. auf alle zivile Erwerbsp.
13211;;;;2025;KREISE;;01057;;ERWAQ8;;ARBEITSQUO07;ausländisch;18,2;Prozent;ERWP10;Arbeitslosenquote bez. auf alle zivile Erwerbsp.
13211;;;;2025;KREISE;;05120;;ERWAQ8;;ARBEITSQUO07;ausländisch;16,4;Prozent;ERWP10;Arbeitslosenquote bez. auf alle zivile Erwerbsp.
13211;;;;2025;KREISE;;03151;;ERWAQ8;;ARBEITSQUO09;15 bis unter 25 Jahre;4,8;Prozent;ERWP10;Arbeitslosenquote bez. auf alle zivile Erwerbsp.
13211;;;;2025;KREISE;;05334;;ERWAQ8;;ARBEITSQUO05;Männer;8,1;Prozent;ERWP10;Arbeitslosenquote bez. auf alle zivile Erwerbsp.
13211;;;;2025;KREISE;;15363;;ERWAQ8;;ARBEITSQUO09;15 bis unter 25 Jahre;-;Prozent;ERWP10;Arbeitslosenquote bez. auf alle zivile Erwerbsp.
13211;;;;2025;KREISE;;09277;;ERWAQ8;;ARBEITSQUO05;Männer;4,0;Prozent;ERWP10;Arbeitslosenquote bez. auf alle zivile Erwerbsp.
13211;;;;2025;KREISE;;09571;;ERWAQ8;;ARBEITSQUO05;Männer;3,1;Prozent;ERWP10;Arbeitslosenquote bez. auf alle zivile Erwerbsp.
13211;;;;2025;KREISE;;08231;;ERWAQ8;;ARBEITSQUO07;ausländisch;12,2;Prozent;ERWP10;Arbeitslosenquote bez. auf alle zivile Erwerbsp.
13211;;;;2025;KREISE;;07134;;ERWAQ8;;ARBEITSQUO07;ausländisch;20,1;Prozent;ERWP10;Arbeitslosenquote bez. auf alle zivile Erwerbsp.
13211;;;;2025;KREISE;;14375;;ERWAQ8;;ARBEITSQUO09;15 bis unter 25 Jahre;-;Prozent;ERWP10;Arbeitslosenquote bez. auf alle zivile Erwerbsp.
13211;;;;2025;KREISE;;09375;;ERWAQ8;;ARBEITSQUO05;Männer;3,3;Prozent;ERWP10;Arbeitslosenquote bez. auf alle zivile Erwerbsp.
13211;;;;2025;KREISE;;09262;;ERWAQ8;;ARBEITSQUO06;Frauen;5,8;Prozent;ERWP10;Arbeitslosenquote bez. auf alle zivile Erwerbsp.
13211;;;;2025;KREISE;;09473;;ERWAQ8;;ARBEITSQUO05;Männer;4,8;Prozent;ERWP10;Arbeitslosenquote bez. auf alle zivile Erwerbsp.
13211;;;;2025;KREISE;;07232;;ERWAQ8;;ARBEITSQUO07;ausländisch;9,1;Prozent;ERWP10;Arbeitslosenquote bez. auf alle zivile Erwerbsp.
13211;;;;2025;KREISE;;09161;;ERWAQ8;;ARBEITSQUO07;ausländisch;8,0;Prozent;ERWP10;Arbeitslosenquote bez. auf alle zivile Erwerbsp.
13211;;;;2025;KREISE;;09478;;ERWAQ8;;ARBEITSQUO09;15 bis unter 25 Jahre;4,4;Prozent;ERWP10;Arbeitslosenquote bez. auf alle zivile Erwerbsp.
13211;;;;2025;KREISE;;14262;;ERWAQ8;;ARBEITSQUO07;ausländisch;-;Prozent;ERWP10;Arbeitslosenquote bez. auf alle zivile Erwerbsp.
13211;;;;2025;KREISE;;01060;;ERWAQ8;;ARBEITSQUO05;Männer;5,3;Prozent;ERWP10;Arbeitslosenquote bez. auf alle zivile Erwerbsp.
13211;;;;2025;KREISE;;14264;;ERWAQ8;;ARBEITSQUO09;15 bis unter 25 Jahre;-;Prozent;ERWP10;Arbeitslosenquote bez. auf alle zivile Erwerbsp.
13211;;;;2025;KREISE;;06435;;ERWAQ8;;ARBEITSQUO07;ausländisch;15,5;Prozent;ERWP10;Arbeitslosenquote bez. auf alle zivile Erwerbsp.
13211;;;;2025;KREISE;;05117;;ERWAQ8;;ARBEITSQUO09;15 bis unter 25 Jahre;5,4;Prozent;ERWP10;Arbeitslosenquote bez. auf alle zivile Erwerbsp.
13211;;;;2025;KREISE;;16073;;ERWAQ8;;ARBEITSQUO09;15 bis unter 25 Jahre;8,1;Prozent;ERWP10;Arbeitslosenquote bez. auf alle zivile Erwerbsp.
13211;;;;2025;KREISE;;08118;;ERWAQ8;;ARBEITSQUO05;Männer;4,3;Prozent;ERWP10;Arbeitslosenquote bez. auf alle zivile Erwerbsp.
13211;;;;2025;KREISE;;06437;;ERWAQ8;;ARBEITSQUO06;Frauen;4,6;Prozent;ERWP10;Arbeitslosenquote bez. auf alle zivile Erwerbsp.
13211;;;;2025;KREISE;;07143;;ERWAQ8;;ARBEITSQUO05;Männer;4,2;Prozent;ERWP10;Arbeitslosenquote bez. auf alle zivile Erwerbsp.
13211;;;;2025;KREISE;;16066;;ERWAQ8;;ARBEITSQUO05;Männer;5,5;Prozent;ERWP10;Arbeitslosenquote bez. auf alle zivile Erwerbsp.
13211;;;;2025;KREISE;;08235;;ERWAQ8;;ARBEITSQUO09;15 bis unter 25 Jahre;3,3;Prozent;ERWP10;Arbeitslosenquote bez. auf alle zivile Erwerbsp.
13211;;;;2025;KREISE;;06533;;ERWAQ8;;ARBEITSQUO07;ausländisch;16,5;Prozent;ERWP10;Arbeitslosenquote bez. auf alle zivile Erwerbsp.
13211;;;;2025;KREISE;;08216;;ERWAQ8;;ARBEITSQUO05;Männer;3,8;Prozent;ERWP10;Arbeitslosenquote bez. auf alle zivile Erwerbsp.
13211;;;;2025;KREISE;;09179;;ERWAQ8;;ARBEITSQUO05;Männer;3,8;Prozent;ERWP10;Arbeitslosenquote bez. auf alle zivile Erwerbsp.
13211;;;;2025;KREISE;;06535;;ERWAQ8;;ARBEITSQUO06;Frauen;4,0;Prozent;ERWP10;Arbeitslosenquote bez. auf alle zivile Erwerbsp.
13211;;;;2025;KREISE;;05313;;ERWAQ8;;ARBEITSQUO09;15 bis unter 25 Jahre;-;Prozent;ERWP10;Arbeitslosenquote bez. auf alle zivile Erwerbsp.
13211;;;;2025;KREISE;;06631;;ERWAQ8;;ARBEITSQUO07;ausländisch;12,9;Prozent;ERWP10;Arbeitslosenquote bez. auf alle zivile Erwerbsp.
13211;;;;2025;KREISE;;12054;;ERWAQ8;;ARBEITSQUO09;15 bis unter 25 Jahre;5,0;Prozent;ERWP10;Arbeitslosenquote bez. auf alle zivile Erwerbsp.
13211;;;;2025;KREISE;;09272;;ERWAQ8;;ARBEITSQUO07;ausländisch;14,5;Prozent;ERWP10;Arbeitslosenquote bez. auf alle zivile Erwerbsp.
13211;;;;2025;KREISE;;09674;;ERWAQ8;;ARBEITSQUO09;15 bis unter 25 Jahre;3,0;Prozent;ERWP10;Arbeitslosenquote bez. auf alle zivile Erwerbsp.
13211;;;;2025;KREISE;;05122;;ERWAQ8;;ARBEITSQUO06;Frauen;8,1;Prozent;ERWP10;Arbeitslosenquote bez. auf alle zivile Erwerbsp.
13211;;;;2025;KREISE;;09779;;ERWAQ8;;ARBEITSQUO07;ausländisch;6,7;Prozent;ERWP10;Arbeitslosenquote bez. auf alle zivile Erwerbsp.
13211;;;;2025;KREISE;;03360;;ERWAQ8;;ARBEITSQUO09;15 bis unter 25 Jahre;5,0;Prozent;ERWP10;Arbeitslosenquote bez. auf alle zivile Erwerbsp.
13211;;;;2025;KREISE;;09576;;ERWAQ8;;ARBEITSQUO09;15 bis unter 25 Jahre;2,6;Prozent;ERWP10;Arbeitslosenquote bez. auf alle zivile Erwerbsp.
13211;;;;2025;KREISE;;09780;;ERWAQ8;;ARBEITSQUO05;Männer;2,9;Prozent;ERWP10;Arbeitslosenquote bez. auf alle zivile Erwerbsp.
13211;;;;2025;KREISE;;14167;;ERWAQ8;;ARBEITSQUO06;Frauen;-;Prozent;ERWP10;Arbeitslosenquote bez. auf alle zivile Erwerbsp.
13211;;;;2025;KREISE;;03241001;;ERWAQ8;;ARBEITSQUO09;15 bis unter 25 Jahre;7,6;Prozent;ERWP10;Arbeitslosenquote bez. auf alle zivile Erwerbsp.
13211;;;;2025;KREISE;;14166;;ERWAQ8;;ARBEITSQUO09;15 bis unter 25 Jahre;-;Prozent;ERWP10;Arbeitslosenquote bez. auf alle zivile Erwerbsp.
13211;;;;2025;KREISE;;05958;;ERWAQ8;;ARBEITSQUO06;Frauen;4,8;Prozent;ERWP10;Arbeitslosenquote bez. auf alle zivile Erwerbsp.
13211;;;;2025;KREISE;;09471;;ERWAQ8;;ARBEITSQUO06;Frauen;2,4;Prozent;ERWP10;Arbeitslosenquote bez. auf alle zivile Erwerbsp.
13211;;;;2025;KREISE;;05170;;ERWAQ8;;ARBEITSQUO09;15 bis unter 25 Jahre;6,7;Prozent;ERWP10;Arbeitslosenquote bez. auf alle zivile Erwerbsp.
13211;;;;2025;KREISE;;08111;;ERWAQ8;;ARBEITSQUO07;ausländisch;12,8;Prozent;ERWP10;Arbeitslosenquote bez. auf alle zivile Erwerbsp.
13211;;;;2025;KREISE;;14263;;ERWAQ8;;ARBEITSQUO05;Männer;-;Prozent;ERWP10;Arbeitslosenquote bez. auf alle zivile Erwerbsp.
13211;;;;2025;KREISE;;05570;;ERWAQ8;;ARBEITSQUO09;15 bis unter 25 Jahre;5,3;Prozent;ERWP10;Arbeitslosenquote bez. auf alle zivile Erwerbsp.
13211;;;;2025;KREISE;;09189;;ERWAQ8;;ARBEITSQUO09;15 bis unter 25 Jahre;2,8;Prozent;ERWP10;Arbeitslosenquote bez. auf alle zivile Erwerbsp.
13211;;;;2025;KREISE;;09475;;ERWAQ8;;ARBEITSQUO06;Frauen;3,9;Prozent;ERWP10;Arbeitslosenquote bez. auf alle zivile Erwerbsp.
13211;;;;2025;KREISE;;06411;;ERWAQ8;;ARBEITSQUO06;Frauen;6,3;Prozent;ERWP10;Arbeitslosenquote bez. auf alle zivile Erwerbsp.
13211;;;;2025;KREISE;;08136;;ERWAQ8;;ARBEITSQUO05;Männer;4,0;Prozent;ERWP10;Arbeitslosenquote bez. auf alle zivile Erwerbsp.
13211;;;;2025;KREISE;;08426;;ERWAQ8;;ARBEITSQUO09;15 bis unter 25 Jahre;2,9;Prozent;ERWP10;Arbeitslosenquote bez. auf alle zivile Erwerbsp.
13211;;;;2025;KREISE;;07332;;ERWAQ8;;ARBEITSQUO06;Frauen;4,2;Prozent;ERWP10;Arbeitslosenquote bez. auf alle zivile Erwerbsp.
13211;;;;2025;KREISE;;16074;;ERWAQ8;;ARBEITSQUO06;Frauen;4,4;Prozent;ERWP10;Arbeitslosenquote bez. auf alle zivile Erwerbsp.
13211;;;;2025;KREISE;;07313;;ERWAQ8;;ARBEITSQUO05;Männer;7,1;Prozent;ERWP10;Arbeitslosenquote bez. auf alle zivile Erwerbsp.
13211;;;;2025;KREISE;;03458;;ERWAQ8;;ARBEITSQUO09;15 bis unter 25 Jahre;4,1;Prozent;ERWP10;Arbeitslosenquote bez. auf alle zivile Erwerbsp.
13211;;;;2025;KREISE;;09772;;ERWAQ8;;ARBEITSQUO09;15 bis unter 25 Jahre;3,4;Prozent;ERWP10;Arbeitslosenquote bez. auf alle zivile Erwerbsp.
13211;;;;2025;KREISE;;16067;;ERWAQ8;;ARBEITSQUO07;ausländisch;13,8;Prozent;ERWP10;Arbeitslosenquote bez. auf alle zivile Erwerbsp.
13211;;;;2025;KREISE;;13003;;ERWAQ8;;ARBEITSQUO07;ausländisch;18,0;Prozent;ERWP10;Arbeitslosenquote bez. auf alle zivile Erwerbsp.
13211;;;;2025;KREISE;;05774;;ERWAQ8;;ARBEITSQUO05;Männer;6,3;Prozent;ERWP10;Arbeitslosenquote bez. auf alle zivile Erwerbsp.
13211;;;;2025;KREISE;;05374;;ERWAQ8;;ARBEITSQUO09;15 bis unter 25 Jahre;5,5;Prozent;ERWP10;Arbeitslosenquote bez. auf alle zivile Erwerbsp.
13211;;;;2025;KREISE;;05966;;ERWAQ8;;ARBEITSQUO09;15 bis unter 25 Jahre;3,9;Prozent;ERWP10;Arbeitslosenquote bez. auf alle zivile Erwerbsp.
13211;;;;2025;KREISE;;14191;;ERWAQ8;;ARBEITSQUO07;ausländisch;-;Prozent;ERWP10;Arbeitslosenquote bez. auf alle zivile Erwerbsp.
13211;;;;2025;KREISE;;03401;;ERWAQ8;;ARBEITSQUO09;15 bis unter 25 Jahre;9,4;Prozent;ERWP10;Arbeitslosenquote bez. auf alle zivile Erwerbsp.
13211;;;;2025;KREISE;;03254;;ERWAQ8;;ARBEITSQUO07;ausländisch;23,2;Prozent;ERWP10;Arbeitslosenquote bez. auf alle zivile Erwerbsp.
13211;;;;2025;KREISE;;03352;;ERWAQ8;;ARBEITSQUO07;ausländisch;19,1;Prozent;ERWP10;Arbeitslosenquote bez. auf alle zivile Erwerbsp.
13211;;;;2025;KREISE;;08325;;ERWAQ8;;ARBEITSQUO06;Frauen;3,1;Prozent;ERWP10;Arbeitslosenquote bez. auf alle zivile Erwerbsp.
13211;;;;2025;KREISE;;14285;;ERWAQ8;;ARBEITSQUO05;Männer;-;Prozent;ERWP10;Arbeitslosenquote bez. auf alle zivile Erwerbsp.
13211;;;;2025;KREISE;;08116;;ERWAQ8;;ARBEITSQUO06;Frauen;4,2;Prozent;ERWP10;Arbeitslosenquote bez. auf alle zivile Erwerbsp.
13211;;;;2025;KREISE;;07312;;ERWAQ8;;ARBEITSQUO07;ausländisch;15,8;Prozent;ERWP10;Arbeitslosenquote bez. auf alle zivile Erwerbsp.
13211;;;;2025;KREISE;;03457;;ERWAQ8;;ARBEITSQUO05;Männer;6,4;Prozent;ERWP10;Arbeitslosenquote bez. auf alle zivile Erwerbsp.
13211;;;;2025;KREISE;;09762;;ERWAQ8;;ARBEITSQUO07;ausländisch;8,0;Prozent;ERWP10;Arbeitslosenquote bez. auf alle zivile Erwerbsp.
13211;;;;2025;KREISE;;13061;;ERWAQ8;;ARBEITSQUO06;Frauen;-;Prozent;ERWP10;Arbeitslosenquote bez. auf alle zivile Erwerbsp.
13211;;;;2025;KREISE;;07340;;ERWAQ8;;ARBEITSQUO09;15 bis unter 25 Jahre;4,9;Prozent;ERWP10;Arbeitslosenquote bez. auf alle zivile Erwerbsp.
13211;;;;2025;KREISE;;14383;;ERWAQ8;;ARBEITSQUO05;Männer;-;Prozent;ERWP10;Arbeitslosenquote bez. auf alle zivile Erwerbsp.
13211;;;;2025;KREISE;;05162;;ERWAQ8;;ARBEITSQUO06;Frauen;6,1;Prozent;ERWP10;Arbeitslosenquote bez. auf alle zivile Erwerbsp.
13211;;;;2025;KREISE;;15260;;ERWAQ8;;ARBEITSQUO05;Männer;-;Prozent;ERWP10;Arbeitslosenquote bez. auf alle zivile Erwerbsp.
13211;;;;2025;KREISE;;14389;;ERWAQ8;;ARBEITSQUO06;Frauen;-;Prozent;ERWP10;Arbeitslosenquote bez. auf alle zivile Erwerbsp.
13211;;;;2025;KREISE;;09462;;ERWAQ8;;ARBEITSQUO06;Frauen;4,9;Prozent;ERWP10;Arbeitslosenquote bez. auf alle zivile Erwerbsp.
13211;;;;2025;KREISE;;03152;;ERWAQ8;;ARBEITSQUO06;Frauen;-;Prozent;ERWP10;Arbeitslosenquote bez. auf alle zivile Erwerbsp.
13211;;;;2025;KREISE;;15266;;ERWAQ8;;ARBEITSQUO07;ausländisch;-;Prozent;ERWP10;Arbeitslosenquote bez. auf alle zivile Erwerbsp.
13211;;;;2025;KREISE;;03156;;ERWAQ8;;ARBEITSQUO07;ausländisch;-;Prozent;ERWP10;Arbeitslosenquote bez. auf alle zivile Erwerbsp.
13211;;;;2025;KREISE;;09362;;ERWAQ8;;ARBEITSQUO05;Männer;5,3;Prozent;ERWP10;Arbeitslosenquote bez. auf alle zivile Erwerbsp.
13211;;;;2025;KREISE;;15364;;ERWAQ8;;ARBEITSQUO07;ausländisch;-;Prozent;ERWP10;Arbeitslosenquote bez. auf alle zivile Erwerbsp.
13211;;;;2025;KREISE;;16061;;ERWAQ8;;ARBEITSQUO06;Frauen;4,0;Prozent;ERWP10;Arbeitslosenquote bez. auf alle zivile Erwerbsp.
13211;;;;2025;KREISE;;08221;;ERWAQ8;;ARBEITSQUO05;Männer;5,5;Prozent;ERWP10;Arbeitslosenquote bez. auf alle zivile Erwerbsp.
13211;;;;2025;KREISE;;07141;;ERWAQ8;;ARBEITSQUO06;Frauen;4,0;Prozent;ERWP10;Arbeitslosenquote bez. auf alle zivile Erwerbsp.
13211;;;;2025;KREISE;;05970;;ERWAQ8;;ARBEITSQUO05;Männer;6,2;Prozent;ERWP10;Arbeitslosenquote bez. auf alle zivile Erwerbsp.
13211;;;;2025;KREISE;;03359;;ERWAQ8;;ARBEITSQUO05;Männer;6,0;Prozent;ERWP10;Arbeitslosenquote bez. auf alle zivile Erwerbsp.
13211;;;;2025;KREISE;;11005005;;ERWAQ8;;ARBEITSQUO05;Männer;.;Prozent;ERWP10;Arbeitslosenquote bez. auf alle zivile Erwerbsp.
13211;;;;2025;KREISE;;01061;;ERWAQ8;;ARBEITSQUO09;15 bis unter 25 Jahre;6,7;Prozent;ERWP10;Arbeitslosenquote bez. auf alle zivile Erwerbsp.
13211;;;;2025;KREISE;;12067;;ERWAQ8;;ARBEITSQUO09;15 bis unter 25 Jahre;7,4;Prozent;ERWP10;Arbeitslosenquote bez. auf alle zivile Erwerbsp.
13211;;;;2025;KREISE;;15086;;ERWAQ8;;ARBEITSQUO05;Männer;8,0;Prozent;ERWP10;Arbeitslosenquote bez. auf alle zivile Erwerbsp.
13211;;;;2025;KREISE;;12061;;ERWAQ8;;ARBEITSQUO07;ausländisch;10,3;Prozent;ERWP10;Arbeitslosenquote bez. auf alle zivile Erwerbsp.
13211;;;;2025;KREISE;;15355;;ERWAQ8;;ARBEITSQUO07;ausländisch;-;Prozent;ERWP10;Arbeitslosenquote bez. auf alle zivile Erwerbsp.
13211;;;;2025;KREISE;;11007007;;ERWAQ8;;ARBEITSQUO09;15 bis unter 25 Jahre;.;Prozent;ERWP10;Arbeitslosenquote bez. auf alle zivile Erwerbsp.
13211;;;;2025;KREISE;;08119;;ERWAQ8;;ARBEITSQUO09;15 bis unter 25 Jahre;3,5;Prozent;ERWP10;Arbeitslosenquote bez. auf alle zivile Erwerbsp.
13211;;;;2025;KREISE;;14182;;ERWAQ8;;ARBEITSQUO07;ausländisch;-;Prozent;ERWP10;Arbeitslosenquote bez. auf alle zivile Erwerbsp.
13211;;;;2025;KREISE;;12066;;ERWAQ8;;ARBEITSQUO05;Männer;7,6;Prozent;ERWP10;Arbeitslosenquote bez. auf alle zivile Erwerbsp.
13211;;;;2025;KREISE;;11008008;;ERWAQ8;;ARBEITSQUO07;ausländisch;.;Prozent;ERWP10;Arbeitslosenquote bez. auf alle zivile Erwerbsp.
13211;;;;2025;KREISE;;07334;;ERWAQ8;;ARBEITSQUO07;ausländisch;10,3;Prozent;ERWP10;Arbeitslosenquote bez. auf alle zivile Erwerbsp.
13211;;;;2025;KREISE;;13073;;ERWAQ8;;ARBEITSQUO09;15 bis unter 25 Jahre;10,1;Prozent;ERWP10;Arbeitslosenquote bez. auf alle zivile Erwerbsp.
13211;;;;2025;KREISE;;09371;;ERWAQ8;;ARBEITSQUO05;Männer;3,9;Prozent;ERWP10;Arbeitslosenquote bez. auf alle zivile Erwerbsp.
13211;;;;2025;KREISE;;03241;;ERWAQ8;;ARBEITSQUO07;ausländisch;20,5;Prozent;ERWP10;Arbeitslosenquote bez. auf alle zivile Erwerbsp.
13211;;;;2025;KREISE;;05116;;ERWAQ8;;ARBEITSQUO05;Männer;11,1;Prozent;ERWP10;Arbeitslosenquote bez. auf alle zivile Erwerbsp.
13211;;;;2025;KREISE;;10044;;ERWAQ8;;ARBEITSQUO09;15 bis unter 25 Jahre;2,6;Prozent;ERWP10;Arbeitslosenquote bez. auf alle zivile Erwerbsp.
13211;;;;2025;KREISE;;02000;;ERWAQ8;;ARBEITSQUO06;Frauen;8,1;Prozent;ERWP10;Arbeitslosenquote bez. auf alle zivile Erwerbsp.
13211;;;;2025;KREISE;;09273;;ERWAQ8;;ARBEITSQUO05;Männer;3,6;Prozent;ERWP10;Arbeitslosenquote bez. auf alle zivile Erwerbsp.
13211;;;;2025;KREISE;;03159;;ERWAQ8;;ARBEITSQUO05;Männer;7,1;Prozent;ERWP10;Arbeitslosenquote bez. auf alle zivile Erwerbsp.
13211;;;;2025;KREISE;;09461;;ERWAQ8;;ARBEITSQUO09;15 bis unter 25 Jahre;3,9;Prozent;ERWP10;Arbeitslosenquote bez. auf alle zivile Erwerbsp.
13211;;;;2025;KREISE;;08315;;ERWAQ8;;ARBEITSQUO09;15 bis unter 25 Jahre;3,1;Prozent;ERWP10;Arbeitslosenquote bez. auf alle zivile Erwerbsp.
13211;;;;2025;KREISE;;05124;;ERWAQ8;;ARBEITSQUO07;ausländisch;22,2;Prozent;ERWP10;Arbeitslosenquote bez. auf alle zivile Erwerbsp.
13211;;;;2025;KREISE;;14713;;ERWAQ8;;ARBEITSQUO05;Männer;8,9;Prozent;ERWP10;Arbeitslosenquote bez. auf alle zivile Erwerbsp.
13211;;;;2025;KREISE;;01053;;ERWAQ8;;ARBEITSQUO07;ausländisch;17,6;Prozent;ERWP10;Arbeitslosenquote bez. auf alle zivile Erwerbsp.
13211;;;;2025;KREISE;;07138;;ERWAQ8;;ARBEITSQUO07;ausländisch;14,8;Prozent;ERWP10;Arbeitslosenquote bez. auf alle zivile Erwerbsp.
13211;;;;2025;KREISE;;15159;;ERWAQ8;;ARBEITSQUO07;ausländisch;-;Prozent;ERWP10;Arbeitslosenquote bez. auf alle zivile Erwerbsp.
13211;;;;2025;KREISE;;03402;;ERWAQ8;;ARBEITSQUO06;Frauen;8,6;Prozent;ERWP10;Arbeitslosenquote bez. auf alle zivile Erwerbsp.
13211;;;;2025;KREISE;;09363;;ERWAQ8;;ARBEITSQUO09;15 bis unter 25 Jahre;6,7;Prozent;ERWP10;Arbeitslosenquote bez. auf alle zivile Erwerbsp.
13211;;;;2025;KREISE;;03102;;ERWAQ8;;ARBEITSQUO05;Männer;9,9;Prozent;ERWP10;Arbeitslosenquote bez. auf alle zivile Erwerbsp.
13211;;;;2025;KREISE;;16054;;ERWAQ8;;ARBEITSQUO07;ausländisch;11,8;Prozent;ERWP10;Arbeitslosenquote bez. auf alle zivile Erwerbsp.
13211;;;;2025;KREISE;;14379;;ERWAQ8;;ARBEITSQUO09;15 bis unter 25 Jahre;-;Prozent;ERWP10;Arbeitslosenquote bez. auf alle zivile Erwerbsp.
13211;;;;2025;KREISE;;13074;;ERWAQ8;;ARBEITSQUO06;Frauen;6,1;Prozent;ERWP10;Arbeitslosenquote bez. auf alle zivile Erwerbsp.
13211;;;;2025;KREISE;;05914;;ERWAQ8;;ARBEITSQUO07;ausländisch;25,4;Prozent;ERWP10;Arbeitslosenquote bez. auf alle zivile Erwerbsp.
13211;;;;2025;KREISE;;09188;;ERWAQ8;;ARBEITSQUO05;Männer;3,9;Prozent;ERWP10;Arbeitslosenquote bez. auf alle zivile Erwerbsp.
13211;;;;2025;KREISE;;14280;;ERWAQ8;;ARBEITSQUO07;ausländisch;-;Prozent;ERWP10;Arbeitslosenquote bez. auf alle zivile Erwerbsp.
13211;;;;2025;KREISE;;15088;;ERWAQ8;;ARBEITSQUO06;Frauen;6,3;Prozent;ERWP10;Arbeitslosenquote bez. auf alle zivile Erwerbsp.
13211;;;;2025;KREISE;;05111;;ERWAQ8;;ARBEITSQUO07;ausländisch;14,0;Prozent;ERWP10;Arbeitslosenquote bez. auf alle zivile Erwerbsp.
13211;;;;2025;KREISE;;15087;;ERWAQ8;;ARBEITSQUO09;15 bis unter 25 Jahre;11,6;Prozent;ERWP10;Arbeitslosenquote bez. auf alle zivile Erwerbsp.
13211;;;;2025;KREISE;;07339;;ERWAQ8;;ARBEITSQUO05;Männer;5,3;Prozent;ERWP10;Arbeitslosenquote bez. auf alle zivile Erwerbsp.
13211;;;;2025;KREISE;;06433;;ERWAQ8;;ARBEITSQUO06;Frauen;6,9;Prozent;ERWP10;Arbeitslosenquote bez. auf alle zivile Erwerbsp.
13211;;;;2025;KREISE;;01003;;ERWAQ8;;ARBEITSQUO05;Männer;9,1;Prozent;ERWP10;Arbeitslosenquote bez. auf alle zivile Erwerbsp.
13211;;;;2025;KREISE;;09376;;ERWAQ8;;ARBEITSQUO09;15 bis unter 25 Jahre;3,4;Prozent;ERWP10;Arbeitslosenquote bez. auf alle zivile Erwerbsp.
13211;;;;2025;KREISE;;06439;;ERWAQ8;;ARBEITSQUO07;ausländisch;16,8;Prozent;ERWP10;Arbeitslosenquote bez. auf alle zivile Erwerbsp.
13211;;;;2025;KREISE;;13051;;ERWAQ8;;ARBEITSQUO09;15 bis unter 25 Jahre;-;Prozent;ERWP10;Arbeitslosenquote bez. auf alle zivile Erwerbsp.
13211;;;;2025;KREISE;;07131;;ERWAQ8;;ARBEITSQUO09;15 bis unter 25 Jahre;4,0;Prozent;ERWP10;Arbeitslosenquote bez. auf alle zivile Erwerbsp.
13211;;;;2025;KREISE;;15171;;ERWAQ8;;ARBEITSQUO05;Männer;-;Prozent;ERWP10;Arbeitslosenquote bez. auf alle zivile Erwerbsp.
13211;;;;2025;KREISE;;08212;;ERWAQ8;;ARBEITSQUO05;Männer;5,3;Prozent;ERWP10;Arbeitslosenquote bez. auf alle zivile Erwerbsp.
13211;;;;2025;KREISE;;05758;;ERWAQ8;;ARBEITSQUO06;Frauen;6,1;Prozent;ERWP10;Arbeitslosenquote bez. auf alle zivile Erwerbsp.
13211;;;;2025;KREISE;;06531;;ERWAQ8;;ARBEITSQUO06;Frauen;5,8;Prozent;ERWP10;Arbeitslosenquote bez. auf alle zivile Erwerbsp.
13211;;;;2025;KREISE;;06635;;ERWAQ8;;ARBEITSQUO07;ausländisch;14,8;Prozent;ERWP10;Arbeitslosenquote bez. auf alle zivile Erwerbsp.
13211;;;;2025;KREISE;;09278;;ERWAQ8;;ARBEITSQUO09;15 bis unter 25 Jahre;3,3;Prozent;ERWP10;Arbeitslosenquote bez. auf alle zivile Erwerbsp.
13211;;;;2025;KREISE;;10045;;ERWAQ8;;ARBEITSQUO06;Frauen;4,9;Prozent;ERWP10;Arbeitslosenquote bez. auf alle zivile Erwerbsp.
13211;;;;2025;KREISE;;08337;;ERWAQ8;;ARBEITSQUO09;15 bis unter 25 Jahre;4,0;Prozent;ERWP10;Arbeitslosenquote bez. auf alle zivile Erwerbsp.
13211;;;;2025;KREISE;;13006;;ERWAQ8;;ARBEITSQUO05;Männer;-;Prozent;ERWP10;Arbeitslosenquote bez. auf alle zivile Erwerbsp.
13211;;;;2025;KREISE;;09671;;ERWAQ8;;ARBEITSQUO06;Frauen;3,9;Prozent;ERWP10;Arbeitslosenquote bez. auf alle zivile Erwerbsp.
13211;;;;2025;KREISE;;14178;;ERWAQ8;;ARBEITSQUO05;Männer;-;Prozent;ERWP10;Arbeitslosenquote bez. auf alle zivile Erwerbsp.
13211;;;;2025;KREISE;;12070;;ERWAQ8;;ARBEITSQUO07;ausländisch;24,9;Prozent;ERWP10;Arbeitslosenquote bez. auf alle zivile Erwerbsp.
13211;;;;2025;KREISE;;09677;;ERWAQ8;;ARBEITSQUO07;ausländisch;8,0;Prozent;ERWP10;Arbeitslosenquote bez. auf alle zivile Erwerbsp.
13211;;;;2025;KREISE;;15261;;ERWAQ8;;ARBEITSQUO09;15 bis unter 25 Jahre;-;Prozent;ERWP10;Arbeitslosenquote bez. auf alle zivile Erwerbsp.
13211;;;;2025;KREISE;;09175;;ERWAQ8;;ARBEITSQUO05;Männer;3,1;Prozent;ERWP10;Arbeitslosenquote bez. auf alle zivile Erwerbsp.
13211;;;;2025;KREISE;;09279;;ERWAQ8;;ARBEITSQUO06;Frauen;3,7;Prozent;ERWP10;Arbeitslosenquote bez. auf alle zivile Erwerbsp.
13211;;;;2025;KREISE;;09572;;ERWAQ8;;ARBEITSQUO09;15 bis unter 25 Jahre;3,0;Prozent;ERWP10;Arbeitslosenquote bez. auf alle zivile Erwerbsp.
13211;;;;2025;KREISE;;08436;;ERWAQ8;;ARBEITSQUO06;Frauen;2,9;Prozent;ERWP10;Arbeitslosenquote bez. auf alle zivile Erwerbsp.
13211;;;;2025;KREISE;;09775;;ERWAQ8;;ARBEITSQUO07;ausländisch;6,5;Prozent;ERWP10;Arbeitslosenquote bez. auf alle zivile Erwerbsp.
13211;;;;2025;KREISE;;09573;;ERWAQ8;;ARBEITSQUO06;Frauen;2,9;Prozent;ERWP10;Arbeitslosenquote bez. auf alle zivile Erwerbsp.
13211;;;;2025;KREISE;;07132;;ERWAQ8;;ARBEITSQUO06;Frauen;5,8;Prozent;ERWP10;Arbeitslosenquote bez. auf alle zivile Erwerbsp.
13211;;;;2025;KREISE;;08435;;ERWAQ8;;ARBEITSQUO09;15 bis unter 25 Jahre;3,8;Prozent;ERWP10;Arbeitslosenquote bez. auf alle zivile Erwerbsp.
13211;;;;2025;KREISE;;14374;;ERWAQ8;;ARBEITSQUO05;Männer;-;Prozent;ERWP10;Arbeitslosenquote bez. auf alle zivile Erwerbsp.
13211;;;;2025;KREISE;;16076;;ERWAQ8;;ARBEITSQUO07;ausländisch;25,7;Prozent;ERWP10;Arbeitslosenquote bez. auf alle zivile Erwerbsp.
13211;;;;2025;KREISE;;13052;;ERWAQ8;;ARBEITSQUO06;Frauen;-;Prozent;ERWP10;Arbeitslosenquote bez. auf alle zivile Erwerbsp.
13211;;;;2025;KREISE;;09377;;ERWAQ8;;ARBEITSQUO06;Frauen;3,6;Prozent;ERWP10;Arbeitslosenquote bez. auf alle zivile Erwerbsp.
13211;;;;2025;KREISE;;05954;;ERWAQ8;;ARBEITSQUO06;Frauen;6,8;Prozent;ERWP10;Arbeitslosenquote bez. auf alle zivile Erwerbsp.
13211;;;;2025;KREISE;;09474;;ERWAQ8;;ARBEITSQUO09;15 bis unter 25 Jahre;2,4;Prozent;ERWP10;Arbeitslosenquote bez. auf alle zivile Erwerbsp.
13211;;;;2025;KREISE;;09185;;ERWAQ8;;ARBEITSQUO09;15 bis unter 25 Jahre;3,1;Prozent;ERWP10;Arbeitslosenquote bez. auf alle zivile Erwerbsp.
13211;;;;2025;KREISE;;09663;;ERWAQ8;;ARBEITSQUO06;Frauen;4,4;Prozent;ERWP10;Arbeitslosenquote bez. auf alle zivile Erwerbsp.
13211;;;;2025;KREISE;;15082;;ERWAQ8;;ARBEITSQUO09;15 bis unter 25 Jahre;8,1;Prozent;ERWP10;Arbeitslosenquote bez. auf alle zivile Erwerbsp.
13211;;;;2025;KREISE;;06411;;ERWAQ8;;ARBEITSQUO05;Männer;6,3;Prozent;ERWP10;Arbeitslosenquote bez. auf alle zivile Erwerbsp.
13211;;;;2025;KREISE;;09561;;ERWAQ8;;ARBEITSQUO07;ausländisch;11,2;Prozent;ERWP10;Arbeitslosenquote bez. auf alle zivile Erwerbsp.
13211;;;;2025;KREISE;;09761;;ERWAQ8;;ARBEITSQUO06;Frauen;6,6;Prozent;ERWP10;Arbeitslosenquote bez. auf alle zivile Erwerbsp.
13211;;;;2025;KREISE;;03454;;ERWAQ8;;ARBEITSQUO05;Männer;3,4;Prozent;ERWP10;Arbeitslosenquote bez. auf alle zivile Erwerbsp.
13211;;;;2025;KREISE;;09271;;ERWAQ8;;ARBEITSQUO05;Männer;4,1;Prozent;ERWP10;Arbeitslosenquote bez. auf alle zivile Erwerbsp.
13211;;;;2025;KREISE;;08336;;ERWAQ8;;ARBEITSQUO07;ausländisch;10,6;Prozent;ERWP10;Arbeitslosenquote bez. auf alle zivile Erwerbsp.
13211;;;;2025;KREISE;;09679;;ERWAQ8;;ARBEITSQUO09;15 bis unter 25 Jahre;3,3;Prozent;ERWP10;Arbeitslosenquote bez. auf alle zivile Erwerbsp.
13211;;;;2025;KREISE;;09463;;ERWAQ8;;ARBEITSQUO07;ausländisch;16,8;Prozent;ERWP10;Arbeitslosenquote bez. auf alle zivile Erwerbsp.
13211;;;;2025;KREISE;;01055;;ERWAQ8;;ARBEITSQUO05;Männer;5,4;Prozent;ERWP10;Arbeitslosenquote bez. auf alle zivile Erwerbsp.
13211;;;;2025;KREISE;;14522;;ERWAQ8;;ARBEITSQUO05;Männer;6,1;Prozent;ERWP10;Arbeitslosenquote bez. auf alle zivile Erwerbsp.
13211;;;;2025;KREISE;;15153;;ERWAQ8;;ARBEITSQUO07;ausländisch;-;Prozent;ERWP10;Arbeitslosenquote bez. auf alle zivile Erwerbsp.
13211;;;;2025;KREISE;;15364;;ERWAQ8;;ARBEITSQUO06;Frauen;-;Prozent;ERWP10;Arbeitslosenquote bez. auf alle zivile Erwerbsp.
13211;;;;2025;KREISE;;14730;;ERWAQ8;;ARBEITSQUO09;15 bis unter 25 Jahre;7,7;Prozent;ERWP10;Arbeitslosenquote bez. auf alle zivile Erwerbsp.
13211;;;;2025;KREISE;;13076;;ERWAQ8;;ARBEITSQUO06;Frauen;5,8;Prozent;ERWP10;Arbeitslosenquote bez. auf alle zivile Erwerbsp.
13211;;;;2025;KREISE;;03356;;ERWAQ8;;ARBEITSQUO05;Männer;3,6;Prozent;ERWP10;Arbeitslosenquote bez. auf alle zivile Erwerbsp.
13211;;;;2025;KREISE;;09565;;ERWAQ8;;ARBEITSQUO06;Frauen;4,6;Prozent;ERWP10;Arbeitslosenquote bez. auf alle zivile Erwerbsp.
13211;;;;2025;KREISE;;12069;;ERWAQ8;;ARBEITSQUO06;Frauen;4,3;Prozent;ERWP10;Arbeitslosenquote bez. auf alle zivile Erwerbsp.
13211;;;;2025;KREISE;;14161;;ERWAQ8;;ARBEITSQUO05;Männer;-;Prozent;ERWP10;Arbeitslosenquote bez. auf alle zivile Erwerbsp.
13211;;;;2025;KREISE;;07211;;ERWAQ8;;ARBEITSQUO05;Männer;8,2;Prozent;ERWP10;Arbeitslosenquote bez. auf alle zivile Erwerbsp.
13211;;;;2025;KREISE;;05958;;ERWAQ8;;ARBEITSQUO07;ausländisch;15,9;Prozent;ERWP10;Arbeitslosenquote bez. auf alle zivile Erwerbsp.
13211;;;;2025;KREISE;;06431;;ERWAQ8;;ARBEITSQUO06;Frauen;4,6;Prozent;ERWP10;Arbeitslosenquote bez. auf alle zivile Erwerbsp.
13211;;;;2025;KREISE;;15358;;ERWAQ8;;ARBEITSQUO09;15 bis unter 25 Jahre;-;Prozent;ERWP10;Arbeitslosenquote bez. auf alle zivile Erwerbsp.
13211;;;;2025;KREISE;;09182;;ERWAQ8;;ARBEITSQUO06;Frauen;2,7;Prozent;ERWP10;Arbeitslosenquote bez. auf alle zivile Erwerbsp.
13211;;;;2025;KREISE;;08118;;ERWAQ8;;ARBEITSQUO07;ausländisch;9,7;Prozent;ERWP10;Arbeitslosenquote bez. auf alle zivile Erwerbsp.
13211;;;;2025;KREISE;;03453;;ERWAQ8;;ARBEITSQUO09;15 bis unter 25 Jahre;4,0;Prozent;ERWP10;Arbeitslosenquote bez. auf alle zivile Erwerbsp.
13211;;;;2025;KREISE;;09764;;ERWAQ8;;ARBEITSQUO09;15 bis unter 25 Jahre;4,1;Prozent;ERWP10;Arbeitslosenquote bez. auf alle zivile Erwerbsp.
13211;;;;2025;KREISE;;16066;;ERWAQ8;;ARBEITSQUO06;Frauen;4,5;Prozent;ERWP10;Arbeitslosenquote bez. auf alle zivile Erwerbsp.
13211;;;;2025;KREISE;;11008008;;ERWAQ8;;ARBEITSQUO09;15 bis unter 25 Jahre;.;Prozent;ERWP10;Arbeitslosenquote bez. auf alle zivile Erwerbsp.
13211;;;;2025;KREISE;;10041100;;ERWAQ8;;ARBEITSQUO07;ausländisch;23,5;Prozent;ERWP10;Arbeitslosenquote bez. auf alle zivile Erwerbsp.
13211;;;;2025;KREISE;;08216;;ERWAQ8;;ARBEITSQUO07;ausländisch;8,4;Prozent;ERWP10;Arbeitslosenquote bez. auf alle zivile Erwerbsp.
13211;;;;2025;KREISE;;08316;;ERWAQ8;;ARBEITSQUO06;Frauen;3,1;Prozent;ERWP10;Arbeitslosenquote bez. auf alle zivile Erwerbsp.
13211;;;;2025;KREISE;;03156;;ERWAQ8;;ARBEITSQUO06;Frauen;-;Prozent;ERWP10;Arbeitslosenquote bez. auf alle zivile Erwerbsp.
13211;;;;2025;KREISE;;14290;;ERWAQ8;;ARBEITSQUO06;Frauen;-;Prozent;ERWP10;Arbeitslosenquote bez. auf alle zivile Erwerbsp.
13211;;;;2025;KREISE;;05754;;ERWAQ8;;ARBEITSQUO09;15 bis unter 25 Jahre;4,0;Prozent;ERWP10;Arbeitslosenquote bez. auf alle zivile Erwerbsp.
13211;;;;2025;KREISE;;01054;;ERWAQ8;;ARBEITSQUO09;15 bis unter 25 Jahre;4,9;Prozent;ERWP10;Arbeitslosenquote bez. auf alle zivile Erwerbsp.
13211;;;;2025;KREISE;;15159;;ERWAQ8;;ARBEITSQUO06;Frauen;-;Prozent;ERWP10;Arbeitslosenquote bez. auf alle zivile Erwerbsp.
13211;;;;2025;KREISE;;04012;;ERWAQ8;;ARBEITSQUO05;Männer;14,4;Prozent;ERWP10;Arbeitslosenquote bez. auf alle zivile Erwerbsp.
13211;;;;2025;KREISE;;09173;;ERWAQ8;;ARBEITSQUO05;Männer;2,6;Prozent;ERWP10;Arbeitslosenquote bez. auf alle zivile Erwerbsp.
13211;;;;2025;KREISE;;01051;;ERWAQ8;;ARBEITSQUO06;Frauen;5,9;Prozent;ERWP10;Arbeitslosenquote bez. auf alle zivile Erwerbsp.
13211;;;;2025;KREISE;;03257;;ERWAQ8;;ARBEITSQUO09;15 bis unter 25 Jahre;8,0;Prozent;ERWP10;Arbeitslosenquote bez. auf alle zivile Erwerbsp.
13211;;;;2025;KREISE;;16062;;ERWAQ8;;ARBEITSQUO07;ausländisch;25,3;Prozent;ERWP10;Arbeitslosenquote bez. auf alle zivile Erwerbsp.
13211;;;;2025;KREISE;;03254;;ERWAQ8;;ARBEITSQUO06;Frauen;6,7;Prozent;ERWP10;Arbeitslosenquote bez. auf alle zivile Erwerbsp.
13211;;;;2025;KREISE;;13054;;ERWAQ8;;ARBEITSQUO06;Frauen;-;Prozent;ERWP10;Arbeitslosenquote bez. auf alle zivile Erwerbsp.
13211;;;;2025;KREISE;;03355;;ERWAQ8;;ARBEITSQUO09;15 bis unter 25 Jahre;5,6;Prozent;ERWP10;Arbeitslosenquote bez. auf alle zivile Erwerbsp.
13211;;;;2025;KREISE;;13057;;ERWAQ8;;ARBEITSQUO09;15 bis unter 25 Jahre;-;Prozent;ERWP10;Arbeitslosenquote bez. auf alle zivile Erwerbsp.
13211;;;;2025;KREISE;;05558;;ERWAQ8;;ARBEITSQUO09;15 bis unter 25 Jahre;4,7;Prozent;ERWP10;Arbeitslosenquote bez. auf alle zivile Erwerbsp.
13211;;;;2025;KREISE;;12065;;ERWAQ8;;ARBEITSQUO07;ausländisch;19,1;Prozent;ERWP10;Arbeitslosenquote bez. auf alle zivile Erwerbsp.
13211;;;;2025;KREISE;;03352;;ERWAQ8;;ARBEITSQUO06;Frauen;5,6;Prozent;ERWP10;Arbeitslosenquote bez. auf alle zivile Erwerbsp.
13211;;;;2025;KREISE;;08111;;ERWAQ8;;ARBEITSQUO05;Männer;6,8;Prozent;ERWP10;Arbeitslosenquote bez. auf alle zivile Erwerbsp.
13211;;;;2025;KREISE;;07232;;ERWAQ8;;ARBEITSQUO09;15 bis unter 25 Jahre;2,9;Prozent;ERWP10;Arbeitslosenquote bez. auf alle zivile Erwerbsp.
13211;;;;2025;KREISE;;06436;;ERWAQ8;;ARBEITSQUO09;15 bis unter 25 Jahre;6,9;Prozent;ERWP10;Arbeitslosenquote bez. auf alle zivile Erwerbsp.
13211;;;;2025;KREISE;;03241;;ERWAQ8;;ARBEITSQUO06;Frauen;7,6;Prozent;ERWP10;Arbeitslosenquote bez. auf alle zivile Erwerbsp.
13211;;;;2025;KREISE;;14182;;ERWAQ8;;ARBEITSQUO09;15 bis unter 25 Jahre;-;Prozent;ERWP10;Arbeitslosenquote bez. auf alle zivile Erwerbsp.
13211;;;;2025;KREISE;;15355;;ERWAQ8;;ARBEITSQUO06;Frauen;-;Prozent;ERWP10;Arbeitslosenquote bez. auf alle zivile Erwerbsp.
13211;;;;2025;KREISE;;15355;;ERWAQ8;;ARBEITSQUO05;Männer;-;Prozent;ERWP10;Arbeitslosenquote bez. auf alle zivile Erwerbsp.
13211;;;;2025;KREISE;;16069;;ERWAQ8;;ARBEITSQUO09;15 bis unter 25 Jahre;5,4;Prozent;ERWP10;Arbeitslosenquote bez. auf alle zivile Erwerbsp.
13211;;;;2025;KREISE;;05711;;ERWAQ8;;ARBEITSQUO05;Männer;9,4;Prozent;ERWP10;Arbeitslosenquote bez. auf alle zivile Erwerbsp.
13211;;;;2025;KREISE;;07134;;ERWAQ8;;ARBEITSQUO09;15 bis unter 25 Jahre;7,1;Prozent;ERWP10;Arbeitslosenquote bez. auf alle zivile Erwerbsp.
13211;;;;2025;KREISE;;13001;;ERWAQ8;;ARBEITSQUO05;Männer;-;Prozent;ERWP10;Arbeitslosenquote bez. auf alle zivile Erwerbsp.
13211;;;;2025;KREISE;;06534;;ERWAQ8;;ARBEITSQUO09;15 bis unter 25 Jahre;4,0;Prozent;ERWP10;Arbeitslosenquote bez. auf alle zivile Erwerbsp.
13211;;;;2025;KREISE;;06632;;ERWAQ8;;ARBEITSQUO09;15 bis unter 25 Jahre;5,3;Prozent;ERWP10;Arbeitslosenquote bez. auf alle zivile Erwerbsp.
13211;;;;2025;KREISE;;10044;;ERWAQ8;;ARBEITSQUO05;Männer;7,2;Prozent;ERWP10;Arbeitslosenquote bez. auf alle zivile Erwerbsp.
13211;;;;2025;KREISE;;03159;;ERWAQ8;;ARBEITSQUO09;15 bis unter 25 Jahre;6,0;Prozent;ERWP10;Arbeitslosenquote bez. auf alle zivile Erwerbsp.
13211;;;;2025;KREISE;;09672;;ERWAQ8;;ARBEITSQUO07;ausländisch;11,3;Prozent;ERWP10;Arbeitslosenquote bez. auf alle zivile Erwerbsp.
13211;;;;2025;KREISE;;09176;;ERWAQ8;;ARBEITSQUO09;15 bis unter 25 Jahre;3,0;Prozent;ERWP10;Arbeitslosenquote bez. auf alle zivile Erwerbsp.
13211;;;;2025;KREISE;;15159;;ERWAQ8;;ARBEITSQUO05;Männer;-;Prozent;ERWP10;Arbeitslosenquote bez. auf alle zivile Erwerbsp.
13211;;;;2025;KREISE;;06440;;ERWAQ8;;ARBEITSQUO06;Frauen;4,2;Prozent;ERWP10;Arbeitslosenquote bez. auf alle zivile Erwerbsp.
13211;;;;2025;KREISE;;05166;;ERWAQ8;;ARBEITSQUO09;15 bis unter 25 Jahre;4,7;Prozent;ERWP10;Arbeitslosenquote bez. auf alle zivile Erwerbsp.
13211;;;;2025;KREISE;;09778;;ERWAQ8;;ARBEITSQUO05;Männer;2,5;Prozent;ERWP10;Arbeitslosenquote bez. auf alle zivile Erwerbsp.
13211;;;;2025;KREISE;;08417;;ERWAQ8;;ARBEITSQUO09;15 bis unter 25 Jahre;4,3;Prozent;ERWP10;Arbeitslosenquote bez. auf alle zivile Erwerbsp.
13211;;;;2025;KREISE;;07135;;ERWAQ8;;ARBEITSQUO06;Frauen;3,9;Prozent;ERWP10;Arbeitslosenquote bez. auf alle zivile Erwerbsp.
13211;;;;2025;KREISE;;05515;;ERWAQ8;;ARBEITSQUO05;Männer;5,7;Prozent;ERWP10;Arbeitslosenquote bez. auf alle zivile Erwerbsp.
13211;;;;2025;KREISE;;16053;;ERWAQ8;;ARBEITSQUO06;Frauen;5,8;Prozent;ERWP10;Arbeitslosenquote bez. auf alle zivile Erwerbsp.
13211;;;;2025;KREISE;;14379;;ERWAQ8;;ARBEITSQUO07;ausländisch;-;Prozent;ERWP10;Arbeitslosenquote bez. auf alle zivile Erwerbsp.
13211;;;;2025;KREISE;;13058;;ERWAQ8;;ARBEITSQUO05;Männer;-;Prozent;ERWP10;Arbeitslosenquote bez. auf alle zivile Erwerbsp.
13211;;;;2025;KREISE;;03102;;ERWAQ8;;ARBEITSQUO09;15 bis unter 25 Jahre;10,1;Prozent;ERWP10;Arbeitslosenquote bez. auf alle zivile Erwerbsp.
13211;;;;2025;KREISE;;14280;;ERWAQ8;;ARBEITSQUO09;15 bis unter 25 Jahre;-;Prozent;ERWP10;Arbeitslosenquote bez. auf alle zivile Erwerbsp.
13211;;;;2025;KREISE;;09261;;ERWAQ8;;ARBEITSQUO09;15 bis unter 25 Jahre;6,0;Prozent;ERWP10;Arbeitslosenquote bez. auf alle zivile Erwerbsp.
13211;;;;2025;KREISE;;07233;;ERWAQ8;;ARBEITSQUO06;Frauen;4,4;Prozent;ERWP10;Arbeitslosenquote bez. auf alle zivile Erwerbsp.
13211;;;;2025;KREISE;;09182;;ERWAQ8;;ARBEITSQUO05;Männer;3,2;Prozent;ERWP10;Arbeitslosenquote bez. auf alle zivile Erwerbsp.
13211;;;;2025;KREISE;;09163;;ERWAQ8;;ARBEITSQUO09;15 bis unter 25 Jahre;3,8;Prozent;ERWP10;Arbeitslosenquote bez. auf alle zivile Erwerbsp.
13211;;;;2025;KREISE;;06433;;ERWAQ8;;ARBEITSQUO05;Männer;6,8;Prozent;ERWP10;Arbeitslosenquote bez. auf alle zivile Erwerbsp.
13211;;;;2025;KREISE;;07318;;ERWAQ8;;ARBEITSQUO06;Frauen;5,5;Prozent;ERWP10;Arbeitslosenquote bez. auf alle zivile Erwerbsp.
13211;;;;2025;KREISE;;09476;;ERWAQ8;;ARBEITSQUO07;ausländisch;11,4;Prozent;ERWP10;Arbeitslosenquote bez. auf alle zivile Erwerbsp.
13211;;;;2025;KREISE;;01062;;ERWAQ8;;ARBEITSQUO07;ausländisch;16,0;Prozent;ERWP10;Arbeitslosenquote bez. auf alle zivile Erwerbsp.
13211;;;;2025;KREISE;;06414;;ERWAQ8;;ARBEITSQUO09;15 bis unter 25 Jahre;7,5;Prozent;ERWP10;Arbeitslosenquote bez. auf alle zivile Erwerbsp.
13211;;;;2025;KREISE;;16071;;ERWAQ8;;ARBEITSQUO07;ausländisch;15,2;Prozent;ERWP10;Arbeitslosenquote bez. auf alle zivile Erwerbsp.
13211;;;;2025;KREISE;;08425;;ERWAQ8;;ARBEITSQUO07;ausländisch;8,4;Prozent;ERWP10;Arbeitslosenquote bez. auf alle zivile Erwerbsp.
13211;;;;2025;KREISE;;12069;;ERWAQ8;;ARBEITSQUO05;Männer;5,3;Prozent;ERWP10;Arbeitslosenquote bez. auf alle zivile Erwerbsp.
13211;;;;2025;KREISE;;09372;;ERWAQ8;;ARBEITSQUO09;15 bis unter 25 Jahre;3,3;Prozent;ERWP10;Arbeitslosenquote bez. auf alle zivile Erwerbsp.
13211;;;;2025;KREISE;;07314;;ERWAQ8;;ARBEITSQUO07;ausländisch;14,9;Prozent;ERWP10;Arbeitslosenquote bez. auf alle zivile Erwerbsp.
13211;;;;2025;KREISE;;07335;;ERWAQ8;;ARBEITSQUO05;Männer;5,7;Prozent;ERWP10;Arbeitslosenquote bez. auf alle zivile Erwerbsp.
13211;;;;2025;KREISE;;05119;;ERWAQ8;;ARBEITSQUO06;Frauen;11,4;Prozent;ERWP10;Arbeitslosenquote bez. auf alle zivile Erwerbsp.
13211;;;;2025;KREISE;;08231;;ERWAQ8;;ARBEITSQUO05;Männer;7,1;Prozent;ERWP10;Arbeitslosenquote bez. auf alle zivile Erwerbsp.
13211;;;;2025;KREISE;;11011011;;ERWAQ8;;ARBEITSQUO06;Frauen;.;Prozent;ERWP10;Arbeitslosenquote bez. auf alle zivile Erwerbsp.
13211;;;;2025;KREISE;;09773;;ERWAQ8;;ARBEITSQUO09;15 bis unter 25 Jahre;2,7;Prozent;ERWP10;Arbeitslosenquote bez. auf alle zivile Erwerbsp.
13211;;;;2025;KREISE;;15171;;ERWAQ8;;ARBEITSQUO09;15 bis unter 25 Jahre;-;Prozent;ERWP10;Arbeitslosenquote bez. auf alle zivile Erwerbsp.
13211;;;;2025;KREISE;;06531;;ERWAQ8;;ARBEITSQUO05;Männer;6,5;Prozent;ERWP10;Arbeitslosenquote bez. auf alle zivile Erwerbsp.
13211;;;;2025;KREISE;;13004;;ERWAQ8;;ARBEITSQUO07;ausländisch;34,0;Prozent;ERWP10;Arbeitslosenquote bez. auf alle zivile Erwerbsp.
13211;;;;2025;KREISE;;03361;;ERWAQ8;;ARBEITSQUO06;Frauen;4,0;Prozent;ERWP10;Arbeitslosenquote bez. auf alle zivile Erwerbsp.
13211;;;;2025;KREISE;;11008008;;ERWAQ8;;ARBEITSQUO06;Frauen;.;Prozent;ERWP10;Arbeitslosenquote bez. auf alle zivile Erwerbsp.
13211;;;;2025;KREISE;;09274;;ERWAQ8;;ARBEITSQUO09;15 bis unter 25 Jahre;3,5;Prozent;ERWP10;Arbeitslosenquote bez. auf alle zivile Erwerbsp.
13211;;;;2025;KREISE;;12052;;ERWAQ8;;ARBEITSQUO07;ausländisch;21,3;Prozent;ERWP10;Arbeitslosenquote bez. auf alle zivile Erwerbsp.
13211;;;;2025;KREISE;;15266;;ERWAQ8;;ARBEITSQUO06;Frauen;-;Prozent;ERWP10;Arbeitslosenquote bez. auf alle zivile Erwerbsp.
13211;;;;2025;KREISE;;10041100;;ERWAQ8;;ARBEITSQUO09;15 bis unter 25 Jahre;10,0;Prozent;ERWP10;Arbeitslosenquote bez. auf alle zivile Erwerbsp.
13211;;;;2025;KREISE;;09676;;ERWAQ8;;ARBEITSQUO06;Frauen;4,2;Prozent;ERWP10;Arbeitslosenquote bez. auf alle zivile Erwerbsp.
13211;;;;2025;KREISE;;14272;;ERWAQ8;;ARBEITSQUO05;Männer;-;Prozent;ERWP10;Arbeitslosenquote bez. auf alle zivile Erwerbsp.
13211;;;;2025;KREISE;;14522;;ERWAQ8;;ARBEITSQUO06;Frauen;5,4;Prozent;ERWP10;Arbeitslosenquote bez. auf alle zivile Erwerbsp.
13211;;;;2025;KREISE;;03404;;ERWAQ8;;ARBEITSQUO07;ausländisch;20,2;Prozent;ERWP10;Arbeitslosenquote bez. auf alle zivile Erwerbsp.
13211;;;;2025;KREISE;;14521;;ERWAQ8;;ARBEITSQUO09;15 bis unter 25 Jahre;7,0;Prozent;ERWP10;Arbeitslosenquote bez. auf alle zivile Erwerbsp.
13211;;;;2025;KREISE;;05315;;ERWAQ8;;ARBEITSQUO06;Frauen;8,6;Prozent;ERWP10;Arbeitslosenquote bez. auf alle zivile Erwerbsp.
13211;;;;2025;KREISE;;15362;;ERWAQ8;;ARBEITSQUO07;ausländisch;-;Prozent;ERWP10;Arbeitslosenquote bez. auf alle zivile Erwerbsp.
13211;;;;2025;KREISE;;09774;;ERWAQ8;;ARBEITSQUO06;Frauen;2,6;Prozent;ERWP10;Arbeitslosenquote bez. auf alle zivile Erwerbsp.
13211;;;;2025;KREISE;;09574;;ERWAQ8;;ARBEITSQUO07;ausländisch;7,9;Prozent;ERWP10;Arbeitslosenquote bez. auf alle zivile Erwerbsp.
13211;;;;2025;KREISE;;14625;;ERWAQ8;;ARBEITSQUO07;ausländisch;27,0;Prozent;ERWP10;Arbeitslosenquote bez. auf alle zivile Erwerbsp.
13211;;;;2025;KREISE;;16075;;ERWAQ8;;ARBEITSQUO06;Frauen;5,6;Prozent;ERWP10;Arbeitslosenquote bez. auf alle zivile Erwerbsp.
13211;;;;2025;KREISE;;08327;;ERWAQ8;;ARBEITSQUO07;ausländisch;11,7;Prozent;ERWP10;Arbeitslosenquote bez. auf alle zivile Erwerbsp.
13211;;;;2025;KREISE;;07211;;ERWAQ8;;ARBEITSQUO06;Frauen;6,5;Prozent;ERWP10;Arbeitslosenquote bez. auf alle zivile Erwerbsp.
13211;;;;2025;KREISE;;03454;;ERWAQ8;;ARBEITSQUO06;Frauen;3,6;Prozent;ERWP10;Arbeitslosenquote bez. auf alle zivile Erwerbsp.
13211;;;;2025;KREISE;;08136;;ERWAQ8;;ARBEITSQUO07;ausländisch;9,5;Prozent;ERWP10;Arbeitslosenquote bez. auf alle zivile Erwerbsp.
13211;;;;2025;KREISE;;12060;;ERWAQ8;;ARBEITSQUO05;Männer;6,1;Prozent;ERWP10;Arbeitslosenquote bez. auf alle zivile Erwerbsp.
13211;;;;2025;KREISE;;09479;;ERWAQ8;;ARBEITSQUO09;15 bis unter 25 Jahre;5,7;Prozent;ERWP10;Arbeitslosenquote bez. auf alle zivile Erwerbsp.
13211;;;;2025;KREISE;;08136;;ERWAQ8;;ARBEITSQUO09;15 bis unter 25 Jahre;2,9;Prozent;ERWP10;Arbeitslosenquote bez. auf alle zivile Erwerbsp.
13211;;;;2025;KREISE;;09663;;ERWAQ8;;ARBEITSQUO05;Männer;5,2;Prozent;ERWP10;Arbeitslosenquote bez. auf alle zivile Erwerbsp.
13211;;;;2025;KREISE;;14286;;ERWAQ8;;ARBEITSQUO07;ausländisch;-;Prozent;ERWP10;Arbeitslosenquote bez. auf alle zivile Erwerbsp.
13211;;;;2025;KREISE;;06415;;ERWAQ8;;ARBEITSQUO05;Männer;-;Prozent;ERWP10;Arbeitslosenquote bez. auf alle zivile Erwerbsp.
13211;;;;2025;KREISE;;09181;;ERWAQ8;;ARBEITSQUO09;15 bis unter 25 Jahre;2,8;Prozent;ERWP10;Arbeitslosenquote bez. auf alle zivile Erwerbsp.
13211;;;;2025;KREISE;;09761;;ERWAQ8;;ARBEITSQUO05;Männer;6,8;Prozent;ERWP10;Arbeitslosenquote bez. auf alle zivile Erwerbsp.
13211;;;;2025;KREISE;;09577;;ERWAQ8;;ARBEITSQUO09;15 bis unter 25 Jahre;3,6;Prozent;ERWP10;Arbeitslosenquote bez. auf alle zivile Erwerbsp.
13211;;;;2025;KREISE;;09271;;ERWAQ8;;ARBEITSQUO06;Frauen;3,4;Prozent;ERWP10;Arbeitslosenquote bez. auf alle zivile Erwerbsp.
13211;;;;2025;KREISE;;14177;;ERWAQ8;;ARBEITSQUO09;15 bis unter 25 Jahre;-;Prozent;ERWP10;Arbeitslosenquote bez. auf alle zivile Erwerbsp.
13211;;;;2025;KREISE;;06611;;ERWAQ8;;ARBEITSQUO05;Männer;9,5;Prozent;ERWP10;Arbeitslosenquote bez. auf alle zivile Erwerbsp.
13211;;;;2025;KREISE;;09675;;ERWAQ8;;ARBEITSQUO09;15 bis unter 25 Jahre;2,8;Prozent;ERWP10;Arbeitslosenquote bez. auf alle zivile Erwerbsp.
13211;;;;2025;KREISE;;09173;;ERWAQ8;;ARBEITSQUO06;Frauen;2,2;Prozent;ERWP10;Arbeitslosenquote bez. auf alle zivile Erwerbsp.
13211;;;;2025;KREISE;;05122;;ERWAQ8;;ARBEITSQUO09;15 bis unter 25 Jahre;8,1;Prozent;ERWP10;Arbeitslosenquote bez. auf alle zivile Erwerbsp.
13211;;;;2025;KREISE;;09178;;ERWAQ8;;ARBEITSQUO07;ausländisch;6,0;Prozent;ERWP10;Arbeitslosenquote bez. auf alle zivile Erwerbsp.
13211;;;;2025;KREISE;;01051;;ERWAQ8;;ARBEITSQUO05;Männer;6,9;Prozent;ERWP10;Arbeitslosenquote bez. auf alle zivile Erwerbsp.
13211;;;;2025;KREISE;;03462;;ERWAQ8;;ARBEITSQUO09;15 bis unter 25 Jahre;5,0;Prozent;ERWP10;Arbeitslosenquote bez. auf alle zivile Erwerbsp.
13211;;;;2025;KREISE;;07340;;ERWAQ8;;ARBEITSQUO05;Männer;4,9;Prozent;ERWP10;Arbeitslosenquote bez. auf alle zivile Erwerbsp.
13211;;;;2025;KREISE;;03254;;ERWAQ8;;ARBEITSQUO05;Männer;8,1;Prozent;ERWP10;Arbeitslosenquote bez. auf alle zivile Erwerbsp.
13211;;;;2025;KREISE;;09361;;ERWAQ8;;ARBEITSQUO07;ausländisch;14,3;Prozent;ERWP10;Arbeitslosenquote bez. auf alle zivile Erwerbsp.
13211;;;;2025;KREISE;;03103;;ERWAQ8;;ARBEITSQUO06;Frauen;6,8;Prozent;ERWP10;Arbeitslosenquote bez. auf alle zivile Erwerbsp.
13211;;;;2025;KREISE;;16056;;ERWAQ8;;ARBEITSQUO09;15 bis unter 25 Jahre;-;Prozent;ERWP10;Arbeitslosenquote bez. auf alle zivile Erwerbsp.
13211;;;;2025;KREISE;;13052;;ERWAQ8;;ARBEITSQUO07;ausländisch;-;Prozent;ERWP10;Arbeitslosenquote bez. auf alle zivile Erwerbsp.
13211;;;;2025;KREISE;;11002002;;ERWAQ8;;ARBEITSQUO05;Männer;.;Prozent;ERWP10;Arbeitslosenquote bez. auf alle zivile Erwerbsp.
13211;;;;2025;KREISE;;15003;;ERWAQ8;;ARBEITSQUO09;15 bis unter 25 Jahre;8,5;Prozent;ERWP10;Arbeitslosenquote bez. auf alle zivile Erwerbsp.
13211;;;;2025;KREISE;;12065;;ERWAQ8;;ARBEITSQUO06;Frauen;4,9;Prozent;ERWP10;Arbeitslosenquote bez. auf alle zivile Erwerbsp.
13211;;;;2025;KREISE;;09263;;ERWAQ8;;ARBEITSQUO07;ausländisch;10,2;Prozent;ERWP10;Arbeitslosenquote bez. auf alle zivile Erwerbsp.
13211;;;;2025;KREISE;;14188;;ERWAQ8;;ARBEITSQUO07;ausländisch;-;Prozent;ERWP10;Arbeitslosenquote bez. auf alle zivile Erwerbsp.
13211;;;;2025;KREISE;;03352;;ERWAQ8;;ARBEITSQUO05;Männer;6,1;Prozent;ERWP10;Arbeitslosenquote bez. auf alle zivile Erwerbsp.
13211;;;;2025;KREISE;;05954;;ERWAQ8;;ARBEITSQUO07;ausländisch;22,7;Prozent;ERWP10;Arbeitslosenquote bez. auf alle zivile Erwerbsp.
13211;;;;2025;KREISE;;15083;;ERWAQ8;;ARBEITSQUO06;Frauen;5,0;Prozent;ERWP10;Arbeitslosenquote bez. auf alle zivile Erwerbsp.
13211;;;;2025;KREISE;;01001;;ERWAQ8;;ARBEITSQUO09;15 bis unter 25 Jahre;6,7;Prozent;ERWP10;Arbeitslosenquote bez. auf alle zivile Erwerbsp.
13211;;;;2025;KREISE;;14264;;ERWAQ8;;ARBEITSQUO07;ausländisch;-;Prozent;ERWP10;Arbeitslosenquote bez. auf alle zivile Erwerbsp.
13211;;;;2025;KREISE;;09186;;ERWAQ8;;ARBEITSQUO06;Frauen;2,6;Prozent;ERWP10;Arbeitslosenquote bez. auf alle zivile Erwerbsp.
13211;;;;2025;KREISE;;15101;;ERWAQ8;;ARBEITSQUO09;15 bis unter 25 Jahre;-;Prozent;ERWP10;Arbeitslosenquote bez. auf alle zivile Erwerbsp.
13211;;;;2025;KREISE;;08221;;ERWAQ8;;ARBEITSQUO09;15 bis unter 25 Jahre;2,5;Prozent;ERWP10;Arbeitslosenquote bez. auf alle zivile Erwerbsp.
13211;;;;2025;KREISE;;07131;;ERWAQ8;;ARBEITSQUO07;ausländisch;9,8;Prozent;ERWP10;Arbeitslosenquote bez. auf alle zivile Erwerbsp.
13211;;;;2025;KREISE;;08212;;ERWAQ8;;ARBEITSQUO07;ausländisch;9,3;Prozent;ERWP10;Arbeitslosenquote bez. auf alle zivile Erwerbsp.
13211;;;;2025;KREISE;;15171;;ERWAQ8;;ARBEITSQUO07;ausländisch;-;Prozent;ERWP10;Arbeitslosenquote bez. auf alle zivile Erwerbsp.
13211;;;;2025;KREISE;;08316;;ERWAQ8;;ARBEITSQUO05;Männer;3,5;Prozent;ERWP10;Arbeitslosenquote bez. auf alle zivile Erwerbsp.
13211;;;;2025;KREISE;;13004;;ERWAQ8;;ARBEITSQUO09;15 bis unter 25 Jahre;12,1;Prozent;ERWP10;Arbeitslosenquote bez. auf alle zivile Erwerbsp.
13211;;;;2025;KREISE;;12052;;ERWAQ8;;ARBEITSQUO06;Frauen;7,6;Prozent;ERWP10;Arbeitslosenquote bez. auf alle zivile Erwerbsp.
13211;;;;2025;KREISE;;11005005;;ERWAQ8;;ARBEITSQUO06;Frauen;.;Prozent;ERWP10;Arbeitslosenquote bez. auf alle zivile Erwerbsp.
13211;;;;2025;KREISE;;05124;;ERWAQ8;;ARBEITSQUO06;Frauen;10,4;Prozent;ERWP10;Arbeitslosenquote bez. auf alle zivile Erwerbsp.
13211;;;;2025;KREISE;;01055;;ERWAQ8;;ARBEITSQUO06;Frauen;4,5;Prozent;ERWP10;Arbeitslosenquote bez. auf alle zivile Erwerbsp.
13211;;;;2025;KREISE;;06440;;ERWAQ8;;ARBEITSQUO07;ausländisch;10,6;Prozent;ERWP10;Arbeitslosenquote bez. auf alle zivile Erwerbsp.
13211;;;;2025;KREISE;;05358;;ERWAQ8;;ARBEITSQUO09;15 bis unter 25 Jahre;8,0;Prozent;ERWP10;Arbeitslosenquote bez. auf alle zivile Erwerbsp.
13211;;;;2025;KREISE;;01058;;ERWAQ8;;ARBEITSQUO09;15 bis unter 25 Jahre;5,5;Prozent;ERWP10;Arbeitslosenquote bez. auf alle zivile Erwerbsp.
13211;;;;2025;KREISE;;06636;;ERWAQ8;;ARBEITSQUO06;Frauen;4,9;Prozent;ERWP10;Arbeitslosenquote bez. auf alle zivile Erwerbsp.
13211;;;;2025;KREISE;;13076;;ERWAQ8;;ARBEITSQUO05;Männer;6,6;Prozent;ERWP10;Arbeitslosenquote bez. auf alle zivile Erwerbsp.
13211;;;;2025;KREISE;;03356;;ERWAQ8;;ARBEITSQUO06;Frauen;3,7;Prozent;ERWP10;Arbeitslosenquote bez. auf alle zivile Erwerbsp.
13211;;;;2025;KREISE;;14166;;ERWAQ8;;ARBEITSQUO07;ausländisch;-;Prozent;ERWP10;Arbeitslosenquote bez. auf alle zivile Erwerbsp.
13211;;;;2025;KREISE;;13074;;ERWAQ8;;ARBEITSQUO07;ausländisch;19,5;Prozent;ERWP10;Arbeitslosenquote bez. auf alle zivile Erwerbsp.
13211;;;;2025;KREISE;;14161;;ERWAQ8;;ARBEITSQUO06;Frauen;-;Prozent;ERWP10;Arbeitslosenquote bez. auf alle zivile Erwerbsp.
13211;;;;2025;KREISE;;12069;;ERWAQ8;;ARBEITSQUO07;ausländisch;17,8;Prozent;ERWP10;Arbeitslosenquote bez. auf alle zivile Erwerbsp.
13211;;;;2025;KREISE;;03351;;ERWAQ8;;ARBEITSQUO09;15 bis unter 25 Jahre;7,5;Prozent;ERWP10;Arbeitslosenquote bez. auf alle zivile Erwerbsp.
13211;;;;2025;KREISE;;15256;;ERWAQ8;;ARBEITSQUO09;15 bis unter 25 Jahre;-;Prozent;ERWP10;Arbeitslosenquote bez. auf alle zivile Erwerbsp.
13211;;;;2025;KREISE;;14262;;ERWAQ8;;ARBEITSQUO09;15 bis unter 25 Jahre;-;Prozent;ERWP10;Arbeitslosenquote bez. auf alle zivile Erwerbsp.
13211;;;;2025;KREISE;;13058;;ERWAQ8;;ARBEITSQUO06;Frauen;-;Prozent;ERWP10;Arbeitslosenquote bez. auf alle zivile Erwerbsp.
13211;;;;2025;KREISE;;05554;;ERWAQ8;;ARBEITSQUO09;15 bis unter 25 Jahre;4,2;Prozent;ERWP10;Arbeitslosenquote bez. auf alle zivile Erwerbsp.
13211;;;;2025;KREISE;;08111;;ERWAQ8;;ARBEITSQUO06;Frauen;6,5;Prozent;ERWP10;Arbeitslosenquote bez. auf alle zivile Erwerbsp.
13211;;;;2025;KREISE;;05154;;ERWAQ8;;ARBEITSQUO05;Männer;6,5;Prozent;ERWP10;Arbeitslosenquote bez. auf alle zivile Erwerbsp.
13211;;;;2025;KREISE;;09187;;ERWAQ8;;ARBEITSQUO07;ausländisch;7,7;Prozent;ERWP10;Arbeitslosenquote bez. auf alle zivile Erwerbsp.
13211;;;;2025;KREISE;;07334;;ERWAQ8;;ARBEITSQUO09;15 bis unter 25 Jahre;4,8;Prozent;ERWP10;Arbeitslosenquote bez. auf alle zivile Erwerbsp.
13211;;;;2025;KREISE;;16072;;ERWAQ8;;ARBEITSQUO05;Männer;5,7;Prozent;ERWP10;Arbeitslosenquote bez. auf alle zivile Erwerbsp.
13211;;;;2025;KREISE;;03241;;ERWAQ8;;ARBEITSQUO05;Männer;8,6;Prozent;ERWP10;Arbeitslosenquote bez. auf alle zivile Erwerbsp.
13211;;;;2025;KREISE;;13001;;ERWAQ8;;ARBEITSQUO06;Frauen;-;Prozent;ERWP10;Arbeitslosenquote bez. auf alle zivile Erwerbsp.
13211;;;;2025;KREISE;;06636;;ERWAQ8;;ARBEITSQUO09;15 bis unter 25 Jahre;7,0;Prozent;ERWP10;Arbeitslosenquote bez. auf alle zivile Erwerbsp.
13211;;;;2025;KREISE;;03155;;ERWAQ8;;ARBEITSQUO09;15 bis unter 25 Jahre;7,2;Prozent;ERWP10;Arbeitslosenquote bez. auf alle zivile Erwerbsp.
13211;;;;2025;KREISE;;03151;;ERWAQ8;;ARBEITSQUO05;Männer;4,9;Prozent;ERWP10;Arbeitslosenquote bez. auf alle zivile Erwerbsp.
13211;;;;2025;KREISE;;15367;;ERWAQ8;;ARBEITSQUO09;15 bis unter 25 Jahre;-;Prozent;ERWP10;Arbeitslosenquote bez. auf alle zivile Erwerbsp.
13211;;;;2025;KREISE;;09676;;ERWAQ8;;ARBEITSQUO05;Männer;4,8;Prozent;ERWP10;Arbeitslosenquote bez. auf alle zivile Erwerbsp.
13211;;;;2025;KREISE;;15260;;ERWAQ8;;ARBEITSQUO07;ausländisch;-;Prozent;ERWP10;Arbeitslosenquote bez. auf alle zivile Erwerbsp.
13211;;;;2025;KREISE;;14272;;ERWAQ8;;ARBEITSQUO06;Frauen;-;Prozent;ERWP10;Arbeitslosenquote bez. auf alle zivile Erwerbsp.
13211;;;;2025;KREISE;;13061;;ERWAQ8;;ARBEITSQUO07;ausländisch;-;Prozent;ERWP10;Arbeitslosenquote bez. auf alle zivile Erwerbsp.
13211;;;;2025;KREISE;;16065;;ERWAQ8;;ARBEITSQUO09;15 bis unter 25 Jahre;8,2;Prozent;ERWP10;Arbeitslosenquote bez. auf alle zivile Erwerbsp.
13211;;;;2025;KREISE;;09774;;ERWAQ8;;ARBEITSQUO05;Männer;2,7;Prozent;ERWP10;Arbeitslosenquote bez. auf alle zivile Erwerbsp.
13211;;;;2025;KREISE;;07138;;ERWAQ8;;ARBEITSQUO09;15 bis unter 25 Jahre;4,4;Prozent;ERWP10;Arbeitslosenquote bez. auf alle zivile Erwerbsp.
13211;;;;2025;KREISE;;09172;;ERWAQ8;;ARBEITSQUO09;15 bis unter 25 Jahre;2,7;Prozent;ERWP10;Arbeitslosenquote bez. auf alle zivile Erwerbsp.
13211;;;;2025;KREISE;;14375;;ERWAQ8;;ARBEITSQUO07;ausländisch;-;Prozent;ERWP10;Arbeitslosenquote bez. auf alle zivile Erwerbsp.
13211;;;;2025;KREISE;;13054;;ERWAQ8;;ARBEITSQUO05;Männer;-;Prozent;ERWP10;Arbeitslosenquote bez. auf alle zivile Erwerbsp.
13211;;;;2025;KREISE;;14284;;ERWAQ8;;ARBEITSQUO09;15 bis unter 25 Jahre;-;Prozent;ERWP10;Arbeitslosenquote bez. auf alle zivile Erwerbsp.
13211;;;;2025;KREISE;;07318;;ERWAQ8;;ARBEITSQUO07;ausländisch;11,2;Prozent;ERWP10;Arbeitslosenquote bez. auf alle zivile Erwerbsp.
13211;;;;2025;KREISE;;06431;;ERWAQ8;;ARBEITSQUO07;ausländisch;12,2;Prozent;ERWP10;Arbeitslosenquote bez. auf alle zivile Erwerbsp.
13211;;;;2025;KREISE;;05113;;ERWAQ8;;ARBEITSQUO09;15 bis unter 25 Jahre;11,0;Prozent;ERWP10;Arbeitslosenquote bez. auf alle zivile Erwerbsp.
13211;;;;2025;KREISE;;14285;;ERWAQ8;;ARBEITSQUO06;Frauen;-;Prozent;ERWP10;Arbeitslosenquote bez. auf alle zivile Erwerbsp.
13211;;;;2025;KREISE;;07331;;ERWAQ8;;ARBEITSQUO05;Männer;4,8;Prozent;ERWP10;Arbeitslosenquote bez. auf alle zivile Erwerbsp.
13211;;;;2025;KREISE;;07312;;ERWAQ8;;ARBEITSQUO09;15 bis unter 25 Jahre;7,7;Prozent;ERWP10;Arbeitslosenquote bez. auf alle zivile Erwerbsp.
13211;;;;2025;KREISE;;05119;;ERWAQ8;;ARBEITSQUO07;ausländisch;25,4;Prozent;ERWP10;Arbeitslosenquote bez. auf alle zivile Erwerbsp.
13211;;;;2025;KREISE;;09374;;ERWAQ8;;ARBEITSQUO07;ausländisch;13,5;Prozent;ERWP10;Arbeitslosenquote bez. auf alle zivile Erwerbsp.
13211;;;;2025;KREISE;;08421;;ERWAQ8;;ARBEITSQUO07;ausländisch;8,2;Prozent;ERWP10;Arbeitslosenquote bez. auf alle zivile Erwerbsp.
13211;;;;2025;KREISE;;06437;;ERWAQ8;;ARBEITSQUO05;Männer;4,8;Prozent;ERWP10;Arbeitslosenquote bez. auf alle zivile Erwerbsp.
13211;;;;2025;KREISE;;03457;;ERWAQ8;;ARBEITSQUO07;ausländisch;20,4;Prozent;ERWP10;Arbeitslosenquote bez. auf alle zivile Erwerbsp.
13211;;;;2025;KREISE;;07314;;ERWAQ8;;ARBEITSQUO06;Frauen;10,0;Prozent;ERWP10;Arbeitslosenquote bez. auf alle zivile Erwerbsp.
13211;;;;2025;KREISE;;14383;;ERWAQ8;;ARBEITSQUO06;Frauen;-;Prozent;ERWP10;Arbeitslosenquote bez. auf alle zivile Erwerbsp.
13211;;;;2025;KREISE;;05315;;ERWAQ8;;ARBEITSQUO07;ausländisch;18,1;Prozent;ERWP10;Arbeitslosenquote bez. auf alle zivile Erwerbsp.
13211;;;;2025;KREISE;;14290;;ERWAQ8;;ARBEITSQUO05;Männer;-;Prozent;ERWP10;Arbeitslosenquote bez. auf alle zivile Erwerbsp.
13211;;;;2025;KREISE;;09276;;ERWAQ8;;ARBEITSQUO07;ausländisch;15,8;Prozent;ERWP10;Arbeitslosenquote bez. auf alle zivile Erwerbsp.
13211;;;;2025;KREISE;;06535;;ERWAQ8;;ARBEITSQUO05;Männer;4,6;Prozent;ERWP10;Arbeitslosenquote bez. auf alle zivile Erwerbsp.
13211;;;;2025;KREISE;;03361;;ERWAQ8;;ARBEITSQUO05;Männer;4,3;Prozent;ERWP10;Arbeitslosenquote bez. auf alle zivile Erwerbsp.
13211;;;;2025;KREISE;;15266;;ERWAQ8;;ARBEITSQUO05;Männer;-;Prozent;ERWP10;Arbeitslosenquote bez. auf alle zivile Erwerbsp.
13211;;;;2025;KREISE;;11002002;;ERWAQ8;;ARBEITSQUO09;15 bis unter 25 Jahre;.;Prozent;ERWP10;Arbeitslosenquote bez. auf alle zivile Erwerbsp.
13211;;;;2025;KREISE;;12072;;ERWAQ8;;ARBEITSQUO09;15 bis unter 25 Jahre;5,6;Prozent;ERWP10;Arbeitslosenquote bez. auf alle zivile Erwerbsp.
13211;;;;2025;KREISE;;05916;;ERWAQ8;;ARBEITSQUO06;Frauen;11,9;Prozent;ERWP10;Arbeitslosenquote bez. auf alle zivile Erwerbsp.
13211;;;;2025;KREISE;;08127;;ERWAQ8;;ARBEITSQUO07;ausländisch;9,2;Prozent;ERWP10;Arbeitslosenquote bez. auf alle zivile Erwerbsp.
13211;;;;2025;KREISE;;15091;;ERWAQ8;;ARBEITSQUO09;15 bis unter 25 Jahre;7,9;Prozent;ERWP10;Arbeitslosenquote bez. auf alle zivile Erwerbsp.
13211;;;;2025;KREISE;;09778;;ERWAQ8;;ARBEITSQUO06;Frauen;2,3;Prozent;ERWP10;Arbeitslosenquote bez. auf alle zivile Erwerbsp.
13211;;;;2025;KREISE;;06633;;ERWAQ8;;ARBEITSQUO05;Männer;4,8;Prozent;ERWP10;Arbeitslosenquote bez. auf alle zivile Erwerbsp.
13211;;;;2025;KREISE;;14173;;ERWAQ8;;ARBEITSQUO09;15 bis unter 25 Jahre;-;Prozent;ERWP10;Arbeitslosenquote bez. auf alle zivile Erwerbsp.
13211;;;;2025;KREISE;;07135;;ERWAQ8;;ARBEITSQUO05;Männer;3,8;Prozent;ERWP10;Arbeitslosenquote bez. auf alle zivile Erwerbsp.
13211;;;;2025;KREISE;;15364;;ERWAQ8;;ARBEITSQUO05;Männer;-;Prozent;ERWP10;Arbeitslosenquote bez. auf alle zivile Erwerbsp.
13211;;;;2025;KREISE;;08231;;ERWAQ8;;ARBEITSQUO06;Frauen;7,7;Prozent;ERWP10;Arbeitslosenquote bez. auf alle zivile Erwerbsp.
13211;;;;2025;KREISE;;09777;;ERWAQ8;;ARBEITSQUO09;15 bis unter 25 Jahre;2,5;Prozent;ERWP10;Arbeitslosenquote bez. auf alle zivile Erwerbsp.
13211;;;;2025;KREISE;;09565;;ERWAQ8;;ARBEITSQUO05;Männer;4,7;Prozent;ERWP10;Arbeitslosenquote bez. auf alle zivile Erwerbsp.
13211;;;;2025;KREISE;;03359;;ERWAQ8;;ARBEITSQUO07;ausländisch;17,5;Prozent;ERWP10;Arbeitslosenquote bez. auf alle zivile Erwerbsp.
13211;;;;2025;KREISE;;07140;;ERWAQ8;;ARBEITSQUO07;ausländisch;10,1;Prozent;ERWP10;Arbeitslosenquote bez. auf alle zivile Erwerbsp.
13211;;;;2025;KREISE;;08225;;ERWAQ8;;ARBEITSQUO07;ausländisch;9,6;Prozent;ERWP10;Arbeitslosenquote bez. auf alle zivile Erwerbsp.
13211;;;;2025;KREISE;;09472;;ERWAQ8;;ARBEITSQUO07;ausländisch;12,3;Prozent;ERWP10;Arbeitslosenquote bez. auf alle zivile Erwerbsp.
13211;;;;2025;KREISE;;05911;;ERWAQ8;;ARBEITSQUO05;Männer;9,6;Prozent;ERWP10;Arbeitslosenquote bez. auf alle zivile Erwerbsp.
13211;;;;2025;KREISE;;07233;;ERWAQ8;;ARBEITSQUO05;Männer;4,7;Prozent;ERWP10;Arbeitslosenquote bez. auf alle zivile Erwerbsp.
13211;;;;2025;KREISE;;15086;;ERWAQ8;;ARBEITSQUO07;ausländisch;22,3;Prozent;ERWP10;Arbeitslosenquote bez. auf alle zivile Erwerbsp.
13211;;;;2025;KREISE;;05915;;ERWAQ8;;ARBEITSQUO09;15 bis unter 25 Jahre;7,5;Prozent;ERWP10;Arbeitslosenquote bez. auf alle zivile Erwerbsp.
13211;;;;2025;KREISE;;05114;;ERWAQ8;;ARBEITSQUO09;15 bis unter 25 Jahre;8,6;Prozent;ERWP10;Arbeitslosenquote bez. auf alle zivile Erwerbsp.
13211;;;;2025;KREISE;;14286;;ERWAQ8;;ARBEITSQUO06;Frauen;-;Prozent;ERWP10;Arbeitslosenquote bez. auf alle zivile Erwerbsp.
13211;;;;2025;KREISE;;15082;;ERWAQ8;;ARBEITSQUO07;ausländisch;14,6;Prozent;ERWP10;Arbeitslosenquote bez. auf alle zivile Erwerbsp.
13211;;;;2025;KREISE;;14161;;ERWAQ8;;ARBEITSQUO07;ausländisch;-;Prozent;ERWP10;Arbeitslosenquote bez. auf alle zivile Erwerbsp.
13211;;;;2025;KREISE;;11007007;;ERWAQ8;;ARBEITSQUO06;Frauen;.;Prozent;ERWP10;Arbeitslosenquote bez. auf alle zivile Erwerbsp.
13211;;;;2025;KREISE;;01002;;ERWAQ8;;ARBEITSQUO06;Frauen;7,3;Prozent;ERWP10;Arbeitslosenquote bez. auf alle zivile Erwerbsp.
13211;;;;2025;KREISE;;09377;;ERWAQ8;;ARBEITSQUO09;15 bis unter 25 Jahre;3,9;Prozent;ERWP10;Arbeitslosenquote bez. auf alle zivile Erwerbsp.
13211;;;;2025;KREISE;;07313;;ERWAQ8;;ARBEITSQUO06;Frauen;5,5;Prozent;ERWP10;Arbeitslosenquote bez. auf alle zivile Erwerbsp.
13211;;;;2025;KREISE;;03458;;ERWAQ8;;ARBEITSQUO06;Frauen;3,7;Prozent;ERWP10;Arbeitslosenquote bez. auf alle zivile Erwerbsp.
13211;;;;2025;KREISE;;09561;;ERWAQ8;;ARBEITSQUO05;Männer;5,4;Prozent;ERWP10;Arbeitslosenquote bez. auf alle zivile Erwerbsp.
13211;;;;2025;KREISE;;16074;;ERWAQ8;;ARBEITSQUO09;15 bis unter 25 Jahre;5,6;Prozent;ERWP10;Arbeitslosenquote bez. auf alle zivile Erwerbsp.
13211;;;;2025;KREISE;;07317;;ERWAQ8;;ARBEITSQUO09;15 bis unter 25 Jahre;12,2;Prozent;ERWP10;Arbeitslosenquote bez. auf alle zivile Erwerbsp.
13211;;;;2025;KREISE;;14365;;ERWAQ8;;ARBEITSQUO09;15 bis unter 25 Jahre;-;Prozent;ERWP10;Arbeitslosenquote bez. auf alle zivile Erwerbsp.
13211;;;;2025;KREISE;;16063;;ERWAQ8;;ARBEITSQUO05;Männer;6,4;Prozent;ERWP10;Arbeitslosenquote bez. auf alle zivile Erwerbsp.
13211;;;;2025;KREISE;;15153;;ERWAQ8;;ARBEITSQUO09;15 bis unter 25 Jahre;-;Prozent;ERWP10;Arbeitslosenquote bez. auf alle zivile Erwerbsp.
13211;;;;2025;KREISE;;09279;;ERWAQ8;;ARBEITSQUO09;15 bis unter 25 Jahre;4,2;Prozent;ERWP10;Arbeitslosenquote bez. auf alle zivile Erwerbsp.
13211;;;;2025;KREISE;;09178;;ERWAQ8;;ARBEITSQUO06;Frauen;3,2;Prozent;ERWP10;Arbeitslosenquote bez. auf alle zivile Erwerbsp.
13211;;;;2025;KREISE;;03360;;ERWAQ8;;ARBEITSQUO05;Männer;5,5;Prozent;ERWP10;Arbeitslosenquote bez. auf alle zivile Erwerbsp.
13211;;;;2025;KREISE;;08336;;ERWAQ8;;ARBEITSQUO09;15 bis unter 25 Jahre;3,5;Prozent;ERWP10;Arbeitslosenquote bez. auf alle zivile Erwerbsp.
13211;;;;2025;KREISE;;09271;;ERWAQ8;;ARBEITSQUO07;ausländisch;8,0;Prozent;ERWP10;Arbeitslosenquote bez. auf alle zivile Erwerbsp.
13211;;;;2025;KREISE;;09671;;ERWAQ8;;ARBEITSQUO09;15 bis unter 25 Jahre;4,3;Prozent;ERWP10;Arbeitslosenquote bez. auf alle zivile Erwerbsp.
13211;;;;2025;KREISE;;08128;;ERWAQ8;;ARBEITSQUO05;Männer;3,7;Prozent;ERWP10;Arbeitslosenquote bez. auf alle zivile Erwerbsp.
13211;;;;2025;KREISE;;14522;;ERWAQ8;;ARBEITSQUO07;ausländisch;21,9;Prozent;ERWP10;Arbeitslosenquote bez. auf alle zivile Erwerbsp.
13211;;;;2025;KREISE;;03405;;ERWAQ8;;ARBEITSQUO05;Männer;11,6;Prozent;ERWP10;Arbeitslosenquote bez. auf alle zivile Erwerbsp.
13211;;;;2025;KREISE;;09573;;ERWAQ8;;ARBEITSQUO09;15 bis unter 25 Jahre;3,1;Prozent;ERWP10;Arbeitslosenquote bez. auf alle zivile Erwerbsp.
13211;;;;2025;KREISE;;14625;;ERWAQ8;;ARBEITSQUO06;Frauen;5,7;Prozent;ERWP10;Arbeitslosenquote bez. auf alle zivile Erwerbsp.
13211;;;;2025;KREISE;;14166;;ERWAQ8;;ARBEITSQUO06;Frauen;-;Prozent;ERWP10;Arbeitslosenquote bez. auf alle zivile Erwerbsp.
13211;;;;2025;KREISE;;13071;;ERWAQ8;;ARBEITSQUO05;Männer;10,2;Prozent;ERWP10;Arbeitslosenquote bez. auf alle zivile Erwerbsp.
13211;;;;2025;KREISE;;14628;;ERWAQ8;;ARBEITSQUO09;15 bis unter 25 Jahre;6,2;Prozent;ERWP10;Arbeitslosenquote bez. auf alle zivile Erwerbsp.
13211;;;;2025;KREISE;;08226;;ERWAQ8;;ARBEITSQUO05;Männer;4,7;Prozent;ERWP10;Arbeitslosenquote bez. auf alle zivile Erwerbsp.
13211;;;;2025;KREISE;;07211;;ERWAQ8;;ARBEITSQUO07;ausländisch;15,4;Prozent;ERWP10;Arbeitslosenquote bez. auf alle zivile Erwerbsp.
13211;;;;2025;KREISE;;11010010;;ERWAQ8;;ARBEITSQUO06;Frauen;.;Prozent;ERWP10;Arbeitslosenquote bez. auf alle zivile Erwerbsp.
13211;;;;2025;KREISE;;09475;;ERWAQ8;;ARBEITSQUO09;15 bis unter 25 Jahre;4,7;Prozent;ERWP10;Arbeitslosenquote bez. auf alle zivile Erwerbsp.
13211;;;;2025;KREISE;;12064;;ERWAQ8;;ARBEITSQUO09;15 bis unter 25 Jahre;7,8;Prozent;ERWP10;Arbeitslosenquote bez. auf alle zivile Erwerbsp.
13211;;;;2025;KREISE;;05958;;ERWAQ8;;ARBEITSQUO09;15 bis unter 25 Jahre;4,5;Prozent;ERWP10;Arbeitslosenquote bez. auf alle zivile Erwerbsp.
13211;;;;2025;KREISE;;14264;;ERWAQ8;;ARBEITSQUO06;Frauen;-;Prozent;ERWP10;Arbeitslosenquote bez. auf alle zivile Erwerbsp.
13211;;;;2025;KREISE;;07318;;ERWAQ8;;ARBEITSQUO05;Männer;6,6;Prozent;ERWP10;Arbeitslosenquote bez. auf alle zivile Erwerbsp.
13211;;;;2025;KREISE;;05366;;ERWAQ8;;ARBEITSQUO09;15 bis unter 25 Jahre;5,1;Prozent;ERWP10;Arbeitslosenquote bez. auf alle zivile Erwerbsp.
13211;;;;2025;KREISE;;09186;;ERWAQ8;;ARBEITSQUO07;ausländisch;6,5;Prozent;ERWP10;Arbeitslosenquote bez. auf alle zivile Erwerbsp.
13211;;;;2025;KREISE;;09476;;ERWAQ8;;ARBEITSQUO05;Männer;4,6;Prozent;ERWP10;Arbeitslosenquote bez. auf alle zivile Erwerbsp.
13211;;;;2025;KREISE;;09374;;ERWAQ8;;ARBEITSQUO06;Frauen;3,4;Prozent;ERWP10;Arbeitslosenquote bez. auf alle zivile Erwerbsp.
13211;;;;2025;KREISE;;07331;;ERWAQ8;;ARBEITSQUO07;ausländisch;11,7;Prozent;ERWP10;Arbeitslosenquote bez. auf alle zivile Erwerbsp.
13211;;;;2025;KREISE;;16052;;ERWAQ8;;ARBEITSQUO09;15 bis unter 25 Jahre;12,2;Prozent;ERWP10;Arbeitslosenquote bez. auf alle zivile Erwerbsp.
13211;;;;2025;KREISE;;07335;;ERWAQ8;;ARBEITSQUO06;Frauen;5,1;Prozent;ERWP10;Arbeitslosenquote bez. auf alle zivile Erwerbsp.
13211;;;;2025;KREISE;;09574;;ERWAQ8;;ARBEITSQUO05;Männer;3,2;Prozent;ERWP10;Arbeitslosenquote bez. auf alle zivile Erwerbsp.
13211;;;;2025;KREISE;;09276;;ERWAQ8;;ARBEITSQUO06;Frauen;3,4;Prozent;ERWP10;Arbeitslosenquote bez. auf alle zivile Erwerbsp.
13211;;;;2025;KREISE;;03154;;ERWAQ8;;ARBEITSQUO09;15 bis unter 25 Jahre;9,5;Prozent;ERWP10;Arbeitslosenquote bez. auf alle zivile Erwerbsp.
13211;;;;2025;KREISE;;03241001;;ERWAQ8;;ARBEITSQUO05;Männer;10,5;Prozent;ERWP10;Arbeitslosenquote bez. auf alle zivile Erwerbsp.
13211;;;;2025;KREISE;;12052;;ERWAQ8;;ARBEITSQUO05;Männer;8,9;Prozent;ERWP10;Arbeitslosenquote bez. auf alle zivile Erwerbsp.
13211;;;;2025;KREISE;;05562;;ERWAQ8;;ARBEITSQUO09;15 bis unter 25 Jahre;7,1;Prozent;ERWP10;Arbeitslosenquote bez. auf alle zivile Erwerbsp.
13211;;;;2025;KREISE;;08127;;ERWAQ8;;ARBEITSQUO09;15 bis unter 25 Jahre;3,8;Prozent;ERWP10;Arbeitslosenquote bez. auf alle zivile Erwerbsp.
13211;;;;2025;KREISE;;12051;;ERWAQ8;;ARBEITSQUO09;15 bis unter 25 Jahre;9,9;Prozent;ERWP10;Arbeitslosenquote bez. auf alle zivile Erwerbsp.
13211;;;;2025;KREISE;;14272;;ERWAQ8;;ARBEITSQUO07;ausländisch;-;Prozent;ERWP10;Arbeitslosenquote bez. auf alle zivile Erwerbsp.
13211;;;;2025;KREISE;;06632;;ERWAQ8;;ARBEITSQUO06;Frauen;4,3;Prozent;ERWP10;Arbeitslosenquote bez. auf alle zivile Erwerbsp.
13211;;;;2025;KREISE;;15154;;ERWAQ8;;ARBEITSQUO05;Männer;-;Prozent;ERWP10;Arbeitslosenquote bez. auf alle zivile Erwerbsp.
13211;;;;2025;KREISE;;03404;;ERWAQ8;;ARBEITSQUO09;15 bis unter 25 Jahre;5,9;Prozent;ERWP10;Arbeitslosenquote bez. auf alle zivile Erwerbsp.
13211;;;;2025;KREISE;;07135;;ERWAQ8;;ARBEITSQUO07;ausländisch;10,8;Prozent;ERWP10;Arbeitslosenquote bez. auf alle zivile Erwerbsp.
13211;;;;2025;KREISE;;03401;;ERWAQ8;;ARBEITSQUO06;Frauen;11,1;Prozent;ERWP10;Arbeitslosenquote bez. auf alle zivile Erwerbsp.
13211;;;;2025;KREISE;;01059;;ERWAQ8;;ARBEITSQUO06;Frauen;5,3;Prozent;ERWP10;Arbeitslosenquote bez. auf alle zivile Erwerbsp.
13211;;;;2025;KREISE;;08222;;ERWAQ8;;ARBEITSQUO06;Frauen;8,0;Prozent;ERWP10;Arbeitslosenquote bez. auf alle zivile Erwerbsp.
13211;;;;2025;KREISE;;11001001;;ERWAQ8;;ARBEITSQUO07;ausländisch;.;Prozent;ERWP10;Arbeitslosenquote bez. auf alle zivile Erwerbsp.
13211;;;;2025;KREISE;;16076;;ERWAQ8;;ARBEITSQUO05;Männer;6,4;Prozent;ERWP10;Arbeitslosenquote bez. auf alle zivile Erwerbsp.
13211;;;;2025;KREISE;;07140;;ERWAQ8;;ARBEITSQUO05;Männer;4,2;Prozent;ERWP10;Arbeitslosenquote bez. auf alle zivile Erwerbsp.
13211;;;;2025;KREISE;;08225;;ERWAQ8;;ARBEITSQUO09;15 bis unter 25 Jahre;3,7;Prozent;ERWP10;Arbeitslosenquote bez. auf alle zivile Erwerbsp.
13211;;;;2025;KREISE;;08421;;ERWAQ8;;ARBEITSQUO09;15 bis unter 25 Jahre;3,8;Prozent;ERWP10;Arbeitslosenquote bez. auf alle zivile Erwerbsp.
13211;;;;2025;KREISE;;15087;;ERWAQ8;;ARBEITSQUO06;Frauen;9,6;Prozent;ERWP10;Arbeitslosenquote bez. auf alle zivile Erwerbsp.
13211;;;;2025;KREISE;;14188;;ERWAQ8;;ARBEITSQUO06;Frauen;-;Prozent;ERWP10;Arbeitslosenquote bez. auf alle zivile Erwerbsp.
13211;;;;2025;KREISE;;07233;;ERWAQ8;;ARBEITSQUO07;ausländisch;11,8;Prozent;ERWP10;Arbeitslosenquote bez. auf alle zivile Erwerbsp.
13211;;;;2025;KREISE;;12060;;ERWAQ8;;ARBEITSQUO06;Frauen;5,1;Prozent;ERWP10;Arbeitslosenquote bez. auf alle zivile Erwerbsp.
13211;;;;2025;KREISE;;05158;;ERWAQ8;;ARBEITSQUO06;Frauen;6,7;Prozent;ERWP10;Arbeitslosenquote bez. auf alle zivile Erwerbsp.
13211;;;;2025;KREISE;;09187;;ERWAQ8;;ARBEITSQUO06;Frauen;2,9;Prozent;ERWP10;Arbeitslosenquote bez. auf alle zivile Erwerbsp.
13211;;;;2025;KREISE;;05154;;ERWAQ8;;ARBEITSQUO07;ausländisch;17,3;Prozent;ERWP10;Arbeitslosenquote bez. auf alle zivile Erwerbsp.
13211;;;;2025;KREISE;;06436;;ERWAQ8;;ARBEITSQUO07;ausländisch;13,4;Prozent;ERWP10;Arbeitslosenquote bez. auf alle zivile Erwerbsp.
13211;;;;2025;KREISE;;08115;;ERWAQ8;;ARBEITSQUO06;Frauen;4,2;Prozent;ERWP10;Arbeitslosenquote bez. auf alle zivile Erwerbsp.
13211;;;;2025;KREISE;;08119;;ERWAQ8;;ARBEITSQUO05;Männer;4,9;Prozent;ERWP10;Arbeitslosenquote bez. auf alle zivile Erwerbsp.
13211;;;;2025;KREISE;;06436;;ERWAQ8;;ARBEITSQUO06;Frauen;5,4;Prozent;ERWP10;Arbeitslosenquote bez. auf alle zivile Erwerbsp.
13211;;;;2025;KREISE;;05711;;ERWAQ8;;ARBEITSQUO07;ausländisch;21,4;Prozent;ERWP10;Arbeitslosenquote bez. auf alle zivile Erwerbsp.
13211;;;;2025;KREISE;;10044;;ERWAQ8;;ARBEITSQUO07;ausländisch;19,2;Prozent;ERWP10;Arbeitslosenquote bez. auf alle zivile Erwerbsp.
13211;;;;2025;KREISE;;03159;;ERWAQ8;;ARBEITSQUO07;ausländisch;16,9;Prozent;ERWP10;Arbeitslosenquote bez. auf alle zivile Erwerbsp.
13211;;;;2025;KREISE;;06534;;ERWAQ8;;ARBEITSQUO06;Frauen;4,3;Prozent;ERWP10;Arbeitslosenquote bez. auf alle zivile Erwerbsp.
13211;;;;2025;KREISE;;13062;;ERWAQ8;;ARBEITSQUO05;Männer;-;Prozent;ERWP10;Arbeitslosenquote bez. auf alle zivile Erwerbsp.
13211;;;;2025;KREISE;;06534;;ERWAQ8;;ARBEITSQUO07;ausländisch;14,0;Prozent;ERWP10;Arbeitslosenquote bez. auf alle zivile Erwerbsp.
13211;;;;2025;KREISE;;15362;;ERWAQ8;;ARBEITSQUO09;15 bis unter 25 Jahre;-;Prozent;ERWP10;Arbeitslosenquote bez. auf alle zivile Erwerbsp.
13211;;;;2025;KREISE;;08315;;ERWAQ8;;ARBEITSQUO05;Männer;3,9;Prozent;ERWP10;Arbeitslosenquote bez. auf alle zivile Erwerbsp.
13211;;;;2025;KREISE;;06632;;ERWAQ8;;ARBEITSQUO07;ausländisch;11,6;Prozent;ERWP10;Arbeitslosenquote bez. auf alle zivile Erwerbsp.
13211;;;;2025;KREISE;;15261;;ERWAQ8;;ARBEITSQUO05;Männer;-;Prozent;ERWP10;Arbeitslosenquote bez. auf alle zivile Erwerbsp.
13211;;;;2025;KREISE;;13005;;ERWAQ8;;ARBEITSQUO06;Frauen;-;Prozent;ERWP10;Arbeitslosenquote bez. auf alle zivile Erwerbsp.
13211;;;;2025;KREISE;;08311;;ERWAQ8;;ARBEITSQUO06;Frauen;4,9;Prozent;ERWP10;Arbeitslosenquote bez. auf alle zivile Erwerbsp.
13211;;;;2025;KREISE;;09672;;ERWAQ8;;ARBEITSQUO05;Männer;3,9;Prozent;ERWP10;Arbeitslosenquote bez. auf alle zivile Erwerbsp.
13211;;;;2025;KREISE;;05124;;ERWAQ8;;ARBEITSQUO05;Männer;11,0;Prozent;ERWP10;Arbeitslosenquote bez. auf alle zivile Erwerbsp.
13211;;;;2025;KREISE;;14713;;ERWAQ8;;ARBEITSQUO09;15 bis unter 25 Jahre;7,7;Prozent;ERWP10;Arbeitslosenquote bez. auf alle zivile Erwerbsp.
13211;;;;2025;KREISE;;05354;;ERWAQ8;;ARBEITSQUO06;Frauen;-;Prozent;ERWP10;Arbeitslosenquote bez. auf alle zivile Erwerbsp.
13211;;;;2025;KREISE;;16061;;ERWAQ8;;ARBEITSQUO09;15 bis unter 25 Jahre;4,2;Prozent;ERWP10;Arbeitslosenquote bez. auf alle zivile Erwerbsp.
13211;;;;2025;KREISE;;03252;;ERWAQ8;;ARBEITSQUO09;15 bis unter 25 Jahre;7,3;Prozent;ERWP10;Arbeitslosenquote bez. auf alle zivile Erwerbsp.
13211;;;;2025;KREISE;;09778;;ERWAQ8;;ARBEITSQUO07;ausländisch;5,7;Prozent;ERWP10;Arbeitslosenquote bez. auf alle zivile Erwerbsp.
13211;;;;2025;KREISE;;16054;;ERWAQ8;;ARBEITSQUO05;Männer;8,1;Prozent;ERWP10;Arbeitslosenquote bez. auf alle zivile Erwerbsp.
13211;;;;2025;KREISE;;08212;;ERWAQ8;;ARBEITSQUO09;15 bis unter 25 Jahre;3,7;Prozent;ERWP10;Arbeitslosenquote bez. auf alle zivile Erwerbsp.
13211;;;;2025;KREISE;;05515;;ERWAQ8;;ARBEITSQUO07;ausländisch;14,8;Prozent;ERWP10;Arbeitslosenquote bez. auf alle zivile Erwerbsp.
13211;;;;2025;KREISE;;09472;;ERWAQ8;;ARBEITSQUO06;Frauen;3,1;Prozent;ERWP10;Arbeitslosenquote bez. auf alle zivile Erwerbsp.
13211;;;;2025;KREISE;;14379;;ERWAQ8;;ARBEITSQUO05;Männer;-;Prozent;ERWP10;Arbeitslosenquote bez. auf alle zivile Erwerbsp.
13211;;;;2025;KREISE;;05911;;ERWAQ8;;ARBEITSQUO06;Frauen;8,4;Prozent;ERWP10;Arbeitslosenquote bez. auf alle zivile Erwerbsp.
13211;;;;2025;KREISE;;03102;;ERWAQ8;;ARBEITSQUO07;ausländisch;21,8;Prozent;ERWP10;Arbeitslosenquote bez. auf alle zivile Erwerbsp.
13211;;;;2025;KREISE;;15358;;ERWAQ8;;ARBEITSQUO07;ausländisch;-;Prozent;ERWP10;Arbeitslosenquote bez. auf alle zivile Erwerbsp.
13211;;;;2025;KREISE;;12061;;ERWAQ8;;ARBEITSQUO05;Männer;4,3;Prozent;ERWP10;Arbeitslosenquote bez. auf alle zivile Erwerbsp.
13211;;;;2025;KREISE;;09662;;ERWAQ8;;ARBEITSQUO09;15 bis unter 25 Jahre;5,6;Prozent;ERWP10;Arbeitslosenquote bez. auf alle zivile Erwerbsp.
13211;;;;2025;KREISE;;03453;;ERWAQ8;;ARBEITSQUO07;ausländisch;7,5;Prozent;ERWP10;Arbeitslosenquote bez. auf alle zivile Erwerbsp.
13211;;;;2025;KREISE;;14285;;ERWAQ8;;ARBEITSQUO07;ausländisch;-;Prozent;ERWP10;Arbeitslosenquote bez. auf alle zivile Erwerbsp.
13211;;;;2025;KREISE;;01001;;ERWAQ8;;ARBEITSQUO07;ausländisch;15,5;Prozent;ERWP10;Arbeitslosenquote bez. auf alle zivile Erwerbsp.
13211;;;;2025;KREISE;;06414;;ERWAQ8;;ARBEITSQUO06;Frauen;8,6;Prozent;ERWP10;Arbeitslosenquote bez. auf alle zivile Erwerbsp.
13211;;;;2025;KREISE;;07339;;ERWAQ8;;ARBEITSQUO09;15 bis unter 25 Jahre;6,5;Prozent;ERWP10;Arbeitslosenquote bez. auf alle zivile Erwerbsp.
13211;;;;2025;KREISE;;08221;;ERWAQ8;;ARBEITSQUO07;ausländisch;8,8;Prozent;ERWP10;Arbeitslosenquote bez. auf alle zivile Erwerbsp.
13211;;;;2025;KREISE;;09564;;ERWAQ8;;ARBEITSQUO09;15 bis unter 25 Jahre;6,4;Prozent;ERWP10;Arbeitslosenquote bez. auf alle zivile Erwerbsp.
13211;;;;2025;KREISE;;08235;;ERWAQ8;;ARBEITSQUO06;Frauen;3,9;Prozent;ERWP10;Arbeitslosenquote bez. auf alle zivile Erwerbsp.
13211;;;;2025;KREISE;;07340;;ERWAQ8;;ARBEITSQUO07;ausländisch;16,6;Prozent;ERWP10;Arbeitslosenquote bez. auf alle zivile Erwerbsp.
13211;;;;2025;KREISE;;14178;;ERWAQ8;;ARBEITSQUO09;15 bis unter 25 Jahre;-;Prozent;ERWP10;Arbeitslosenquote bez. auf alle zivile Erwerbsp.
13211;;;;2025;KREISE;;14383;;ERWAQ8;;ARBEITSQUO07;ausländisch;-;Prozent;ERWP10;Arbeitslosenquote bez. auf alle zivile Erwerbsp.
13211;;;;2025;KREISE;;08337;;ERWAQ8;;ARBEITSQUO05;Männer;5,1;Prozent;ERWP10;Arbeitslosenquote bez. auf alle zivile Erwerbsp.
13211;;;;2025;KREISE;;03156;;ERWAQ8;;ARBEITSQUO05;Männer;-;Prozent;ERWP10;Arbeitslosenquote bez. auf alle zivile Erwerbsp.
13211;;;;2025;KREISE;;06440;;ERWAQ8;;ARBEITSQUO09;15 bis unter 25 Jahre;5,0;Prozent;ERWP10;Arbeitslosenquote bez. auf alle zivile Erwerbsp.
13211;;;;2025;KREISE;;09173;;ERWAQ8;;ARBEITSQUO07;ausländisch;5,9;Prozent;ERWP10;Arbeitslosenquote bez. auf alle zivile Erwerbsp.
13211;;;;2025;KREISE;;09463;;ERWAQ8;;ARBEITSQUO05;Männer;7,6;Prozent;ERWP10;Arbeitslosenquote bez. auf alle zivile Erwerbsp.
13211;;;;2025;KREISE;;09190;;ERWAQ8;;ARBEITSQUO09;15 bis unter 25 Jahre;2,6;Prozent;ERWP10;Arbeitslosenquote bez. auf alle zivile Erwerbsp.
13211;;;;2025;KREISE;;09361;;ERWAQ8;;ARBEITSQUO06;Frauen;5,5;Prozent;ERWP10;Arbeitslosenquote bez. auf alle zivile Erwerbsp.
13211;;;;2025;KREISE;;08435;;ERWAQ8;;ARBEITSQUO05;Männer;3,8;Prozent;ERWP10;Arbeitslosenquote bez. auf alle zivile Erwerbsp.
13211;;;;2025;KREISE;;01058;;ERWAQ8;;ARBEITSQUO07;ausländisch;20,0;Prozent;ERWP10;Arbeitslosenquote bez. auf alle zivile Erwerbsp.
13211;;;;2025;KREISE;;07131;;ERWAQ8;;ARBEITSQUO05;Männer;4,5;Prozent;ERWP10;Arbeitslosenquote bez. auf alle zivile Erwerbsp.
13211;;;;2025;KREISE;;03257;;ERWAQ8;;ARBEITSQUO07;ausländisch;19,5;Prozent;ERWP10;Arbeitslosenquote bez. auf alle zivile Erwerbsp.
13211;;;;2025;KREISE;;13053;;ERWAQ8;;ARBEITSQUO07;ausländisch;-;Prozent;ERWP10;Arbeitslosenquote bez. auf alle zivile Erwerbsp.
13211;;;;2025;KREISE;;14375;;ERWAQ8;;ARBEITSQUO06;Frauen;-;Prozent;ERWP10;Arbeitslosenquote bez. auf alle zivile Erwerbsp.
13211;;;;2025;KREISE;;14374;;ERWAQ8;;ARBEITSQUO09;15 bis unter 25 Jahre;-;Prozent;ERWP10;Arbeitslosenquote bez. auf alle zivile Erwerbsp.
13211;;;;2025;KREISE;;09263;;ERWAQ8;;ARBEITSQUO06;Frauen;6,1;Prozent;ERWP10;Arbeitslosenquote bez. auf alle zivile Erwerbsp.
13211;;;;2025;KREISE;;03355;;ERWAQ8;;ARBEITSQUO07;ausländisch;21,0;Prozent;ERWP10;Arbeitslosenquote bez. auf alle zivile Erwerbsp.
13211;;;;2025;KREISE;;15086;;ERWAQ8;;ARBEITSQUO09;15 bis unter 25 Jahre;9,8;Prozent;ERWP10;Arbeitslosenquote bez. auf alle zivile Erwerbsp.
13211;;;;2025;KREISE;;12060;;ERWAQ8;;ARBEITSQUO07;ausländisch;19,0;Prozent;ERWP10;Arbeitslosenquote bez. auf alle zivile Erwerbsp.
13211;;;;2025;KREISE;;14286;;ERWAQ8;;ARBEITSQUO05;Männer;-;Prozent;ERWP10;Arbeitslosenquote bez. auf alle zivile Erwerbsp.
13211;;;;2025;KREISE;;16070;;ERWAQ8;;ARBEITSQUO09;15 bis unter 25 Jahre;7,2;Prozent;ERWP10;Arbeitslosenquote bez. auf alle zivile Erwerbsp.
13211;;;;2025;KREISE;;03458;;ERWAQ8;;ARBEITSQUO05;Männer;3,9;Prozent;ERWP10;Arbeitslosenquote bez. auf alle zivile Erwerbsp.
13211;;;;2025;KREISE;;13071;;ERWAQ8;;ARBEITSQUO06;Frauen;8,0;Prozent;ERWP10;Arbeitslosenquote bez. auf alle zivile Erwerbsp.
13211;;;;2025;KREISE;;01002;;ERWAQ8;;ARBEITSQUO05;Männer;8,9;Prozent;ERWP10;Arbeitslosenquote bez. auf alle zivile Erwerbsp.
13211;;;;2025;KREISE;;08426;;ERWAQ8;;ARBEITSQUO07;ausländisch;8,3;Prozent;ERWP10;Arbeitslosenquote bez. auf alle zivile Erwerbsp.
13211;;;;2025;KREISE;;13052;;ERWAQ8;;ARBEITSQUO09;15 bis unter 25 Jahre;-;Prozent;ERWP10;Arbeitslosenquote bez. auf alle zivile Erwerbsp.
13211;;;;2025;KREISE;;07313;;ERWAQ8;;ARBEITSQUO07;ausländisch;16,3;Prozent;ERWP10;Arbeitslosenquote bez. auf alle zivile Erwerbsp.
13211;;;;2025;KREISE;;07336;;ERWAQ8;;ARBEITSQUO05;Männer;5,3;Prozent;ERWP10;Arbeitslosenquote bez. auf alle zivile Erwerbsp.
13211;;;;2025;KREISE;;09561;;ERWAQ8;;ARBEITSQUO06;Frauen;4,9;Prozent;ERWP10;Arbeitslosenquote bez. auf alle zivile Erwerbsp.
13211;;;;2025;KREISE;;09373;;ERWAQ8;;ARBEITSQUO09;15 bis unter 25 Jahre;2,7;Prozent;ERWP10;Arbeitslosenquote bez. auf alle zivile Erwerbsp.
13211;;;;2025;KREISE;;16067;;ERWAQ8;;ARBEITSQUO05;Männer;7,0;Prozent;ERWP10;Arbeitslosenquote bez. auf alle zivile Erwerbsp.
13211;;;;2025;KREISE;;03360;;ERWAQ8;;ARBEITSQUO06;Frauen;4,7;Prozent;ERWP10;Arbeitslosenquote bez. auf alle zivile Erwerbsp.
13211;;;;2025;KREISE;;05314;;ERWAQ8;;ARBEITSQUO09;15 bis unter 25 Jahre;4,7;Prozent;ERWP10;Arbeitslosenquote bez. auf alle zivile Erwerbsp.
13211;;;;2025;KREISE;;09178;;ERWAQ8;;ARBEITSQUO05;Männer;3,4;Prozent;ERWP10;Arbeitslosenquote bez. auf alle zivile Erwerbsp.
13211;;;;2025;KREISE;;09275;;ERWAQ8;;ARBEITSQUO09;15 bis unter 25 Jahre;3,4;Prozent;ERWP10;Arbeitslosenquote bez. auf alle zivile Erwerbsp.
13211;;;;2025;KREISE;;09463;;ERWAQ8;;ARBEITSQUO06;Frauen;7,2;Prozent;ERWP10;Arbeitslosenquote bez. auf alle zivile Erwerbsp.
13211;;;;2025;KREISE;;14191;;ERWAQ8;;ARBEITSQUO09;15 bis unter 25 Jahre;-;Prozent;ERWP10;Arbeitslosenquote bez. auf alle zivile Erwerbsp.
13211;;;;2025;KREISE;;03462;;ERWAQ8;;ARBEITSQUO07;ausländisch;18,4;Prozent;ERWP10;Arbeitslosenquote bez. auf alle zivile Erwerbsp.
13211;;;;2025;KREISE;;05916;;ERWAQ8;;ARBEITSQUO05;Männer;12,4;Prozent;ERWP10;Arbeitslosenquote bez. auf alle zivile Erwerbsp.
13211;;;;2025;KREISE;;09361;;ERWAQ8;;ARBEITSQUO05;Männer;6,3;Prozent;ERWP10;Arbeitslosenquote bez. auf alle zivile Erwerbsp.
13211;;;;2025;KREISE;;16062;;ERWAQ8;;ARBEITSQUO06;Frauen;7,6;Prozent;ERWP10;Arbeitslosenquote bez. auf alle zivile Erwerbsp.
13211;;;;2025;KREISE;;03401;;ERWAQ8;;ARBEITSQUO05;Männer;10,6;Prozent;ERWP10;Arbeitslosenquote bez. auf alle zivile Erwerbsp.
13211;;;;2025;KREISE;;15154;;ERWAQ8;;ARBEITSQUO06;Frauen;-;Prozent;ERWP10;Arbeitslosenquote bez. auf alle zivile Erwerbsp.
13211;;;;2025;KREISE;;01059;;ERWAQ8;;ARBEITSQUO05;Männer;6,2;Prozent;ERWP10;Arbeitslosenquote bez. auf alle zivile Erwerbsp.
13211;;;;2025;KREISE;;05954;;ERWAQ8;;ARBEITSQUO09;15 bis unter 25 Jahre;6,8;Prozent;ERWP10;Arbeitslosenquote bez. auf alle zivile Erwerbsp.
13211;;;;2025;KREISE;;07143;;ERWAQ8;;ARBEITSQUO09;15 bis unter 25 Jahre;3,9;Prozent;ERWP10;Arbeitslosenquote bez. auf alle zivile Erwerbsp.
13211;;;;2025;KREISE;;08222;;ERWAQ8;;ARBEITSQUO05;Männer;7,7;Prozent;ERWP10;Arbeitslosenquote bez. auf alle zivile Erwerbsp.
13211;;;;2025;KREISE;;07140;;ERWAQ8;;ARBEITSQUO06;Frauen;4,1;Prozent;ERWP10;Arbeitslosenquote bez. auf alle zivile Erwerbsp.
13211;;;;2025;KREISE;;09263;;ERWAQ8;;ARBEITSQUO05;Männer;6,6;Prozent;ERWP10;Arbeitslosenquote bez. auf alle zivile Erwerbsp.
13211;;;;2025;KREISE;;09471;;ERWAQ8;;ARBEITSQUO09;15 bis unter 25 Jahre;2,7;Prozent;ERWP10;Arbeitslosenquote bez. auf alle zivile Erwerbsp.
13211;;;;2025;KREISE;;12068;;ERWAQ8;;ARBEITSQUO09;15 bis unter 25 Jahre;8,6;Prozent;ERWP10;Arbeitslosenquote bez. auf alle zivile Erwerbsp.
13211;;;;2025;KREISE;;01062;;ERWAQ8;;ARBEITSQUO09;15 bis unter 25 Jahre;4,6;Prozent;ERWP10;Arbeitslosenquote bez. auf alle zivile Erwerbsp.
13211;;;;2025;KREISE;;15087;;ERWAQ8;;ARBEITSQUO05;Männer;10,7;Prozent;ERWP10;Arbeitslosenquote bez. auf alle zivile Erwerbsp.
13211;;;;2025;KREISE;;15003;;ERWAQ8;;ARBEITSQUO07;ausländisch;20,0;Prozent;ERWP10;Arbeitslosenquote bez. auf alle zivile Erwerbsp.
13211;;;;2025;KREISE;;14188;;ERWAQ8;;ARBEITSQUO05;Männer;-;Prozent;ERWP10;Arbeitslosenquote bez. auf alle zivile Erwerbsp.
13211;;;;2025;KREISE;;05362;;ERWAQ8;;ARBEITSQUO09;15 bis unter 25 Jahre;5,3;Prozent;ERWP10;Arbeitslosenquote bez. auf alle zivile Erwerbsp.
13211;;;;2025;KREISE;;09182;;ERWAQ8;;ARBEITSQUO07;ausländisch;6,1;Prozent;ERWP10;Arbeitslosenquote bez. auf alle zivile Erwerbsp.
13211;;;;2025;KREISE;;03457;;ERWAQ8;;ARBEITSQUO09;15 bis unter 25 Jahre;5,6;Prozent;ERWP10;Arbeitslosenquote bez. auf alle zivile Erwerbsp.
13211;;;;2025;KREISE;;06431;;ERWAQ8;;ARBEITSQUO09;15 bis unter 25 Jahre;3,7;Prozent;ERWP10;Arbeitslosenquote bez. auf alle zivile Erwerbsp.
13211;;;;2025;KREISE;;06414;;ERWAQ8;;ARBEITSQUO07;ausländisch;16,2;Prozent;ERWP10;Arbeitslosenquote bez. auf alle zivile Erwerbsp.
13211;;;;2025;KREISE;;05119;;ERWAQ8;;ARBEITSQUO05;Männer;11,4;Prozent;ERWP10;Arbeitslosenquote bez. auf alle zivile Erwerbsp.
13211;;;;2025;KREISE;;09374;;ERWAQ8;;ARBEITSQUO05;Männer;3,9;Prozent;ERWP10;Arbeitslosenquote bez. auf alle zivile Erwerbsp.
13211;;;;2025;KREISE;;07331;;ERWAQ8;;ARBEITSQUO06;Frauen;4,5;Prozent;ERWP10;Arbeitslosenquote bez. auf alle zivile Erwerbsp.
13211;;;;2025;KREISE;;07314;;ERWAQ8;;ARBEITSQUO05;Männer;9,2;Prozent;ERWP10;Arbeitslosenquote bez. auf alle zivile Erwerbsp.
13211;;;;2025;KREISE;;07335;;ERWAQ8;;ARBEITSQUO07;ausländisch;13,8;Prozent;ERWP10;Arbeitslosenquote bez. auf alle zivile Erwerbsp.
13211;;;;2025;KREISE;;08425;;ERWAQ8;;ARBEITSQUO09;15 bis unter 25 Jahre;3,0;Prozent;ERWP10;Arbeitslosenquote bez. auf alle zivile Erwerbsp.
13211;;;;2025;KREISE;;05758;;ERWAQ8;;ARBEITSQUO09;15 bis unter 25 Jahre;5,8;Prozent;ERWP10;Arbeitslosenquote bez. auf alle zivile Erwerbsp.
13211;;;;2025;KREISE;;16066;;ERWAQ8;;ARBEITSQUO07;ausländisch;12,5;Prozent;ERWP10;Arbeitslosenquote bez. auf alle zivile Erwerbsp.
13211;;;;2025;KREISE;;14290;;ERWAQ8;;ARBEITSQUO07;ausländisch;-;Prozent;ERWP10;Arbeitslosenquote bez. auf alle zivile Erwerbsp.
13211;;;;2025;KREISE;;12073;;ERWAQ8;;ARBEITSQUO07;ausländisch;34,6;Prozent;ERWP10;Arbeitslosenquote bez. auf alle zivile Erwerbsp.
13211;;;;2025;KREISE;;15091;;ERWAQ8;;ARBEITSQUO07;ausländisch;18,4;Prozent;ERWP10;Arbeitslosenquote bez. auf alle zivile Erwerbsp.
13211;;;;2025;KREISE;;08128;;ERWAQ8;;ARBEITSQUO06;Frauen;3,6;Prozent;ERWP10;Arbeitslosenquote bez. auf alle zivile Erwerbsp.
13211;;;;2025;KREISE;;09177;;ERWAQ8;;ARBEITSQUO09;15 bis unter 25 Jahre;2,6;Prozent;ERWP10;Arbeitslosenquote bez. auf alle zivile Erwerbsp.
13211;;;;2025;KREISE;;09779;;ERWAQ8;;ARBEITSQUO05;Männer;2,5;Prozent;ERWP10;Arbeitslosenquote bez. auf alle zivile Erwerbsp.
13211;;;;2025;KREISE;;09276;;ERWAQ8;;ARBEITSQUO05;Männer;4,7;Prozent;ERWP10;Arbeitslosenquote bez. auf alle zivile Erwerbsp.
13211;;;;2025;KREISE;;03405;;ERWAQ8;;ARBEITSQUO06;Frauen;10,5;Prozent;ERWP10;Arbeitslosenquote bez. auf alle zivile Erwerbsp.
13211;;;;2025;KREISE;;11009009;;ERWAQ8;;ARBEITSQUO09;15 bis unter 25 Jahre;.;Prozent;ERWP10;Arbeitslosenquote bez. auf alle zivile Erwerbsp.
13211;;;;2025;KREISE;;09565;;ERWAQ8;;ARBEITSQUO07;ausländisch;10,7;Prozent;ERWP10;Arbeitslosenquote bez. auf alle zivile Erwerbsp.
13211;;;;2025;KREISE;;14625;;ERWAQ8;;ARBEITSQUO05;Männer;6,5;Prozent;ERWP10;Arbeitslosenquote bez. auf alle zivile Erwerbsp.
13211;;;;2025;KREISE;;09761;;ERWAQ8;;ARBEITSQUO07;ausländisch;11,7;Prozent;ERWP10;Arbeitslosenquote bez. auf alle zivile Erwerbsp.
13211;;;;2025;KREISE;;08226;;ERWAQ8;;ARBEITSQUO06;Frauen;4,4;Prozent;ERWP10;Arbeitslosenquote bez. auf alle zivile Erwerbsp.
13211;;;;2025;KREISE;;05915;;ERWAQ8;;ARBEITSQUO07;ausländisch;17,2;Prozent;ERWP10;Arbeitslosenquote bez. auf alle zivile Erwerbsp.
13211;;;;2025;KREISE;;08327;;ERWAQ8;;ARBEITSQUO09;15 bis unter 25 Jahre;6,4;Prozent;ERWP10;Arbeitslosenquote bez. auf alle zivile Erwerbsp.
13211;;;;2025;KREISE;;09472;;ERWAQ8;;ARBEITSQUO05;Männer;3,6;Prozent;ERWP10;Arbeitslosenquote bez. auf alle zivile Erwerbsp.
13211;;;;2025;KREISE;;09663;;ERWAQ8;;ARBEITSQUO07;ausländisch;11,0;Prozent;ERWP10;Arbeitslosenquote bez. auf alle zivile Erwerbsp.
13211;;;;2025;KREISE;;03359;;ERWAQ8;;ARBEITSQUO09;15 bis unter 25 Jahre;5,4;Prozent;ERWP10;Arbeitslosenquote bez. auf alle zivile Erwerbsp.
13211;;;;2025;KREISE;;05158;;ERWAQ8;;ARBEITSQUO07;ausländisch;17,6;Prozent;ERWP10;Arbeitslosenquote bez. auf alle zivile Erwerbsp.
13211;;;;2025;KREISE;;09187;;ERWAQ8;;ARBEITSQUO05;Männer;3,4;Prozent;ERWP10;Arbeitslosenquote bez. auf alle zivile Erwerbsp.
13211;;;;2025;KREISE;;11001001;;ERWAQ8;;ARBEITSQUO09;15 bis unter 25 Jahre;.;Prozent;ERWP10;Arbeitslosenquote bez. auf alle zivile Erwerbsp.
13211;;;;2025;KREISE;;05154;;ERWAQ8;;ARBEITSQUO06;Frauen;6,0;Prozent;ERWP10;Arbeitslosenquote bez. auf alle zivile Erwerbsp.
13211;;;;2025;KREISE;;06432;;ERWAQ8;;ARBEITSQUO06;Frauen;5,2;Prozent;ERWP10;Arbeitslosenquote bez. auf alle zivile Erwerbsp.
13211;;;;2025;KREISE;;08115;;ERWAQ8;;ARBEITSQUO05;Männer;4,3;Prozent;ERWP10;Arbeitslosenquote bez. auf alle zivile Erwerbsp.
13211;;;;2025;KREISE;;11002002;;ERWAQ8;;ARBEITSQUO07;ausländisch;.;Prozent;ERWP10;Arbeitslosenquote bez. auf alle zivile Erwerbsp.
13211;;;;2025;KREISE;;08119;;ERWAQ8;;ARBEITSQUO06;Frauen;4,2;Prozent;ERWP10;Arbeitslosenquote bez. auf alle zivile Erwerbsp.
13211;;;;2025;KREISE;;16053;;ERWAQ8;;ARBEITSQUO07;ausländisch;15,7;Prozent;ERWP10;Arbeitslosenquote bez. auf alle zivile Erwerbsp.
13211;;;;2025;KREISE;;05711;;ERWAQ8;;ARBEITSQUO06;Frauen;8,7;Prozent;ERWP10;Arbeitslosenquote bez. auf alle zivile Erwerbsp.
13211;;;;2025;KREISE;;13062;;ERWAQ8;;ARBEITSQUO06;Frauen;-;Prozent;ERWP10;Arbeitslosenquote bez. auf alle zivile Erwerbsp.
13211;;;;2025;KREISE;;06636;;ERWAQ8;;ARBEITSQUO07;ausländisch;17,0;Prozent;ERWP10;Arbeitslosenquote bez. auf alle zivile Erwerbsp.
13211;;;;2025;KREISE;;08315;;ERWAQ8;;ARBEITSQUO06;Frauen;3,5;Prozent;ERWP10;Arbeitslosenquote bez. auf alle zivile Erwerbsp.
13211;;;;2025;KREISE;;13005;;ERWAQ8;;ARBEITSQUO05;Männer;-;Prozent;ERWP10;Arbeitslosenquote bez. auf alle zivile Erwerbsp.
13211;;;;2025;KREISE;;15261;;ERWAQ8;;ARBEITSQUO06;Frauen;-;Prozent;ERWP10;Arbeitslosenquote bez. auf alle zivile Erwerbsp.
13211;;;;2025;KREISE;;03151;;ERWAQ8;;ARBEITSQUO06;Frauen;4,5;Prozent;ERWP10;Arbeitslosenquote bez. auf alle zivile Erwerbsp.
13211;;;;2025;KREISE;;10044;;ERWAQ8;;ARBEITSQUO06;Frauen;6,0;Prozent;ERWP10;Arbeitslosenquote bez. auf alle zivile Erwerbsp.
13211;;;;2025;KREISE;;08311;;ERWAQ8;;ARBEITSQUO05;Männer;6,3;Prozent;ERWP10;Arbeitslosenquote bez. auf alle zivile Erwerbsp.
13211;;;;2025;KREISE;;09672;;ERWAQ8;;ARBEITSQUO06;Frauen;3,4;Prozent;ERWP10;Arbeitslosenquote bez. auf alle zivile Erwerbsp.
13211;;;;2025;KREISE;;03155;;ERWAQ8;;ARBEITSQUO07;ausländisch;20,1;Prozent;ERWP10;Arbeitslosenquote bez. auf alle zivile Erwerbsp.
13211;;;;2025;KREISE;;09676;;ERWAQ8;;ARBEITSQUO07;ausländisch;13,0;Prozent;ERWP10;Arbeitslosenquote bez. auf alle zivile Erwerbsp.
13211;;;;2025;KREISE;;08417;;ERWAQ8;;ARBEITSQUO07;ausländisch;10,9;Prozent;ERWP10;Arbeitslosenquote bez. auf alle zivile Erwerbsp.
13211;;;;2025;KREISE;;15260;;ERWAQ8;;ARBEITSQUO09;15 bis unter 25 Jahre;-;Prozent;ERWP10;Arbeitslosenquote bez. auf alle zivile Erwerbsp.
13211;;;;2025;KREISE;;04011;;ERWAQ8;;ARBEITSQUO05;Männer;11,3;Prozent;ERWP10;Arbeitslosenquote bez. auf alle zivile Erwerbsp.
13211;;;;2025;KREISE;;08435;;ERWAQ8;;ARBEITSQUO06;Frauen;3,8;Prozent;ERWP10;Arbeitslosenquote bez. auf alle zivile Erwerbsp.
13211;;;;2025;KREISE;;05315;;ERWAQ8;;ARBEITSQUO05;Männer;9,5;Prozent;ERWP10;Arbeitslosenquote bez. auf alle zivile Erwerbsp.
13211;;;;2025;KREISE;;13061;;ERWAQ8;;ARBEITSQUO09;15 bis unter 25 Jahre;-;Prozent;ERWP10;Arbeitslosenquote bez. auf alle zivile Erwerbsp.
13211;;;;2025;KREISE;;15367;;ERWAQ8;;ARBEITSQUO07;ausländisch;-;Prozent;ERWP10;Arbeitslosenquote bez. auf alle zivile Erwerbsp.
13211;;;;2025;KREISE;;09774;;ERWAQ8;;ARBEITSQUO07;ausländisch;5,0;Prozent;ERWP10;Arbeitslosenquote bez. auf alle zivile Erwerbsp.
13211;;;;2025;KREISE;;14375;;ERWAQ8;;ARBEITSQUO05;Männer;-;Prozent;ERWP10;Arbeitslosenquote bez. auf alle zivile Erwerbsp.
13211;;;;2025;KREISE;;14264;;ERWAQ8;;ARBEITSQUO05;Männer;-;Prozent;ERWP10;Arbeitslosenquote bez. auf alle zivile Erwerbsp.
13211;;;;2025;KREISE;;15083;;ERWAQ8;;ARBEITSQUO05;Männer;6,3;Prozent;ERWP10;Arbeitslosenquote bez. auf alle zivile Erwerbsp.
13211;;;;2025;KREISE;;08118;;ERWAQ8;;ARBEITSQUO09;15 bis unter 25 Jahre;4,0;Prozent;ERWP10;Arbeitslosenquote bez. auf alle zivile Erwerbsp.
13211;;;;2025;KREISE;;09476;;ERWAQ8;;ARBEITSQUO06;Frauen;3,8;Prozent;ERWP10;Arbeitslosenquote bez. auf alle zivile Erwerbsp.
13211;;;;2025;KREISE;;12065;;ERWAQ8;;ARBEITSQUO05;Männer;5,7;Prozent;ERWP10;Arbeitslosenquote bez. auf alle zivile Erwerbsp.
13211;;;;2025;KREISE;;13074;;ERWAQ8;;ARBEITSQUO09;15 bis unter 25 Jahre;7,4;Prozent;ERWP10;Arbeitslosenquote bez. auf alle zivile Erwerbsp.
13211;;;;2025;KREISE;;16075;;ERWAQ8;;ARBEITSQUO07;ausländisch;15,2;Prozent;ERWP10;Arbeitslosenquote bez. auf alle zivile Erwerbsp.
13211;;;;2025;KREISE;;08216;;ERWAQ8;;ARBEITSQUO09;15 bis unter 25 Jahre;3,3;Prozent;ERWP10;Arbeitslosenquote bez. auf alle zivile Erwerbsp.
13211;;;;2025;KREISE;;15101;;ERWAQ8;;ARBEITSQUO07;ausländisch;-;Prozent;ERWP10;Arbeitslosenquote bez. auf alle zivile Erwerbsp.
13211;;;;2025;KREISE;;16071;;ERWAQ8;;ARBEITSQUO06;Frauen;4,2;Prozent;ERWP10;Arbeitslosenquote bez. auf alle zivile Erwerbsp.
13211;;;;2025;KREISE;;10043;;ERWAQ8;;ARBEITSQUO09;15 bis unter 25 Jahre;9,8;Prozent;ERWP10;Arbeitslosenquote bez. auf alle zivile Erwerbsp.
13211;;;;2025;KREISE;;07131;;ERWAQ8;;ARBEITSQUO06;Frauen;3,7;Prozent;ERWP10;Arbeitslosenquote bez. auf alle zivile Erwerbsp.
13211;;;;2025;KREISE;;09574;;ERWAQ8;;ARBEITSQUO06;Frauen;2,7;Prozent;ERWP10;Arbeitslosenquote bez. auf alle zivile Erwerbsp.
13211;;;;2025;KREISE;;07340;;ERWAQ8;;ARBEITSQUO06;Frauen;4,2;Prozent;ERWP10;Arbeitslosenquote bez. auf alle zivile Erwerbsp.
13211;;;;2025;KREISE;;08235;;ERWAQ8;;ARBEITSQUO05;Männer;4,4;Prozent;ERWP10;Arbeitslosenquote bez. auf alle zivile Erwerbsp.
13211;;;;2025;KREISE;;09462;;ERWAQ8;;ARBEITSQUO09;15 bis unter 25 Jahre;3,8;Prozent;ERWP10;Arbeitslosenquote bez. auf alle zivile Erwerbsp.
13211;;;;2025;KREISE;;08337;;ERWAQ8;;ARBEITSQUO06;Frauen;4,3;Prozent;ERWP10;Arbeitslosenquote bez. auf alle zivile Erwerbsp.
13211;;;;2025;KREISE;;05162;;ERWAQ8;;ARBEITSQUO09;15 bis unter 25 Jahre;4,7;Prozent;ERWP10;Arbeitslosenquote bez. auf alle zivile Erwerbsp.
13211;;;;2025;KREISE;;01054;;ERWAQ8;;ARBEITSQUO07;ausländisch;14,7;Prozent;ERWP10;Arbeitslosenquote bez. auf alle zivile Erwerbsp.
13211;;;;2025;KREISE;;05354;;ERWAQ8;;ARBEITSQUO07;ausländisch;-;Prozent;ERWP10;Arbeitslosenquote bez. auf alle zivile Erwerbsp.
13211;;;;2025;KREISE;;14166;;ERWAQ8;;ARBEITSQUO05;Männer;-;Prozent;ERWP10;Arbeitslosenquote bez. auf alle zivile Erwerbsp.
13211;;;;2025;KREISE;;13057;;ERWAQ8;;ARBEITSQUO07;ausländisch;-;Prozent;ERWP10;Arbeitslosenquote bez. auf alle zivile Erwerbsp.
13211;;;;2025;KREISE;;03103;;ERWAQ8;;ARBEITSQUO05;Männer;6,4;Prozent;ERWP10;Arbeitslosenquote bez. auf alle zivile Erwerbsp.
13211;;;;2025;KREISE;;03351;;ERWAQ8;;ARBEITSQUO07;ausländisch;16,1;Prozent;ERWP10;Arbeitslosenquote bez. auf alle zivile Erwerbsp.
13211;;;;2025;KREISE;;13075;;ERWAQ8;;ARBEITSQUO06;Frauen;8,1;Prozent;ERWP10;Arbeitslosenquote bez. auf alle zivile Erwerbsp.
13211;;;;2025;KREISE;;05515;;ERWAQ8;;ARBEITSQUO06;Frauen;4,8;Prozent;ERWP10;Arbeitslosenquote bez. auf alle zivile Erwerbsp.
13211;;;;2025;KREISE;;15256;;ERWAQ8;;ARBEITSQUO07;ausländisch;-;Prozent;ERWP10;Arbeitslosenquote bez. auf alle zivile Erwerbsp.
13211;;;;2025;KREISE;;14379;;ERWAQ8;;ARBEITSQUO06;Frauen;-;Prozent;ERWP10;Arbeitslosenquote bez. auf alle zivile Erwerbsp.
13211;;;;2025;DINSG;;DG;;;;;;6,3;Prozent;ERWP10;Arbeitslosenquote bez. auf alle zivile Erwerbsp.
13211;;;;2025;DINSG;;DG;;;;;;2948092;Anzahl;ERWP06;Arbeitslose
