statistics_code;statistics_label;time_code;time_label;time;1_variable_code;1_variable_label;1_variable_attribute_code;1_variable_attribute_label;2_variable_code;2_variable_label;2_variable_attribute_code;2_variable_attribute_label;value;value_unit;value_variable_code;value_variable_label
46251;Statistik des Kraftfahrzeug- und Anhängerbestandes;STAG;Stichtag;2026-01-01;DINSG;Deutschland;DG;Deutschland;KLASS;Kraftstoffarten;;Insgesamt;49486487;Anzahl;W1;Personenkraftwagen nach Kraftstoffarten
46251;;;;2026-01-01;DINSG;;DG;;KLASS;;A1;Benzin;29343732;Anzahl;W1;Personenkraftwagen nach Kraftstoffarten
46251;;;;2026-01-01;DINSG;;DG;;KLASS;;A2;Diesel;13385662;Anzahl;W1;Personenkraftwagen nach Kraftstoffarten
46251;;;;2026-01-01;DINSG;;DG;;KLASS;;A3;Gas (einschl. bivalent);350851;Anzahl;W1;Personenkraftwagen nach Kraftstoffarten
46251;;;;2026-01-01;DINSG;;DG;;KLASS;;A4;Hybrid;4362563;Anzahl;W1;Personenkraftwagen nach Kraftstoffarten
46251;;;;2026-01-01;DINSG;;DG;;KLASS;;A5;darunter Plug-In-Hybrid;1122958;Anzahl;W1;Personenkraftwagen nach Kraftstoffarten
46251;;;;2026-01-01;DINSG;;DG;;KLASS;;A6;Elektro;2034260;Anzahl;W1;Personenkraftwagen nach Kraftstoffarten
46251;;;;2026-01-01;DINSG;;DG;;KLASS;;A7;sonstige Kraftstoffarten;9419;Anzahl;W1;Personenkraftwagen nach Kraftstoffarten
46251;;;;2026-01-01;DINSG;;DG;;;;;;592,9;;PKWEW;Pkw je 1.000 Einwohner, berechnet
46251;;;;2026-01-01;DINSG;;DG;;KLASS;;A1;Benzin;59,3;%;PKWANT;Anteil am Pkw-Bestand, berechnet
46251;;;;2026-01-01;DINSG;;DG;;KLASS;;A2;Diesel;27,0;%;PKWANT;Anteil am Pkw-Bestand, berechnet
46251;;;;2026-01-01;DINSG;;DG;;KLASS;;A3;Gas (einschl. bivalent);0,7;%;PKWANT;Anteil am Pkw-Bestand, berechnet
46251;;;;2026-01-01;DINSG;;DG;;KLASS;;A4;Hybrid;8,8;%;PKWANT;Anteil am Pkw-Bestand, berechnet
46251;;;;2026-01-01;DINSG;;DG;;KLASS;;A5;darunter Plug-In-Hybrid;2,3;%;PKWANT;Anteil am Pkw-Bestand, berechnet
46251;;;;2026-01-01;DINSG;;DG;;KLASS;;A6;Elektro;4,1;%;PKWANT;Anteil am Pkw-Bestand, berechnet
46251;;;;2026-01-01;DINSG;;DG;;KLASS;;A7;sonstige Kraftstoffarten;0,0;%;PKWANT;Anteil am Pkw-Bestand, berechnet
46251;;;;2026-01-01;DLAND;;01;Schleswig-Holstein;KLASS;;;Insgesamt;1759157;Anzahl;W1;Personenkraftwagen nach Kraftstoffarten
46251;;;;2026-01-01;DLAND;;01;;KLASS;;A1;Benzin;1003792;Anzahl;W1;Personenkraftwagen nach Kraftstoffarten
46251;;;;2026-01-01;DLAND;;01;;KLASS;;A2;Diesel;541540;Anzahl;W1;Personenkraftwagen nach Kraftstoffarten
46251;;;;2026-01-01;DLAND;;01;;KLASS;;A3;Gas (einschl. bivalent);9771;Anzahl;W1;Personenkraftwagen nach Kraftstoffarten
46251;;;;2026-01-01;DLAND;;01;;KLASS;;A4;Hybrid;129134;Anzahl;W1;Personenkraftwagen nach Kraftstoffarten
46251;;;;2026-01-01;DLAND;;01;;KLASS;;A5;darunter Plug-In-Hybrid;33733;Anzahl;W1;Personenkraftwagen nach Kraftstoffarten
46251;;;;2026-01-01;DLAND;;01;;KLASS;;A6;Elektro;74561;Anzahl;W1;Personenkraftwagen nach Kraftstoffarten
46251;;;;2026-01-01;DLAND;;01;;KLASS;;A7;sonstige Kraftstoffarten;359;Anzahl;W1;Personenkraftwagen nach Kraftstoffarten
46251;;;;2026-01-01;DLAND;;01;;;;;;594,6;;PKWEW;Pkw je 1.000 Einwohner, berechnet
46251;;;;2026-01-01;DLAND;;01;;KLASS;;A1;Benzin;57,1;%;PKWANT;Anteil am Pkw-Bestand, berechnet
46251;;;;2026-01-01;DLAND;;01;;KLASS;;A2;Diesel;30,8;%;PKWANT;Anteil am Pkw-Bestand, berechnet
46251;;;;2026-01-01;DLAND;;01;;KLASS;;A3;Gas (einschl. bivalent);0,6;%;PKWANT;Anteil am Pkw-Bestand, berechnet
46251;;;;2026-01-01;DLAND;;01;;KLASS;;A4;Hybrid;7,3;%;PKWANT;Anteil am Pkw-Bestand, berechnet
46251;;;;2026-01-01;DLAND;;01;;KLASS;;A5;darunter Plug-In-Hybrid;1,9;%;PKWANT;Anteil am Pkw-Bestand, berechnet
46251;;;;2026-01-01;DLAND;;01;;KLASS;;A6;Elektro;4,2;%;PKWANT;Anteil am Pkw-Bestand, berechnet
46251;;;;2026-01-01;DLAND;;01;;KLASS;;A7;sonstige Kraftstoffarten;0,0;%;PKWANT;Anteil am Pkw-Bestand, berechnet
46251;;;;2026-01-01;DLAND;;02;Hamburg;KLASS;;;Insgesamt;807162;Anzahl;W1;Personenkraftwagen nach Kraftstoffarten
46251;;;;2026-01-01;DLAND;;02;;KLASS;;A1;Benzin;464061;Anzahl;W1;Personenkraftwagen nach Kraftstoffarten
46251;;;;2026-01-01;DLAND;;02;;KLASS;;A2;Diesel;200666;Anzahl;W1;Personenkraftwagen nach Kraftstoffarten
46251;;;;2026-01-01;DLAND;;02;;KLASS;;A3;Gas (einschl. bivalent);4238;Anzahl;W1;Personenkraftwagen nach Kraftstoffarten
46251;;;;2026-01-01;DLAND;;02;;KLASS;;A4;Hybrid;95341;Anzahl;W1;Personenkraftwagen nach Kraftstoffarten
46251;;;;2026-01-01;DLAND;;02;;KLASS;;A5;darunter Plug-In-Hybrid;28058;Anzahl;W1;Personenkraftwagen nach Kraftstoffarten
46251;;;;2026-01-01;DLAND;;02;;KLASS;;A6;Elektro;42674;Anzahl;W1;Personenkraftwagen nach Kraftstoffarten
46251;;;;2026-01-01;DLAND;;02;;KLASS;;A7;sonstige Kraftstoffarten;182;Anzahl;W1;Personenkraftwagen nach Kraftstoffarten
46251;;;;2026-01-01;DLAND;;02;;;;;;431,8;;PKWEW;Pkw je 1.000 Einwohner, berechnet
46251;;;;2026-01-01;DLAND;;02;;KLASS;;A1;Benzin;57,5;%;PKWANT;Anteil am Pkw-Bestand, berechnet
46251;;;;2026-01-01;DLAND;;02;;KLASS;;A2;Diesel;24,9;%;PKWANT;Anteil am Pkw-Bestand, berechnet
46251;;;;2026-01-01;DLAND;;02;;KLASS;;A3;Gas (einschl. bivalent);0,5;%;PKWANT;Anteil am Pkw-Bestand, berechnet
46251;;;;2026-01-01;DLAND;;02;;KLASS;;A4;Hybrid;11,8;%;PKWANT;Anteil am Pkw-Bestand, berechnet
46251;;;;2026-01-01;DLAND;;02;;KLASS;;A5;darunter Plug-In-Hybrid;3,5;%;PKWANT;Anteil am Pkw-Bestand, berechnet
46251;;;;2026-01-01;DLAND;;02;;KLASS;;A6;Elektro;5,3;%;PKWANT;Anteil am Pkw-Bestand, berechnet
46251;;;;2026-01-01;DLAND;;02;;KLASS;;A7;sonstige Kraftstoffarten;0,0;%;PKWANT;Anteil am Pkw-Bestand, berechnet
46251;;;;2026-01-01;DLAND;;03;Niedersachsen;KLASS;;;Insgesamt;5002902;Anzahl;W1;Personenkraftwagen nach Kraftstoffarten
46251;;;;2026-01-01;DLAND;;03;;KLASS;;A1;Benzin;2848894;Anzahl;W1;Personenkraftwagen nach Kraftstoffarten
46251;;;;2026-01-01;DLAND;;03;;KLASS;;A2;Diesel;1526886;Anzahl;W1;Personenkraftwagen nach Kraftstoffarten
46251;;;;2026-01-01;DLAND;;03;;KLASS;;A3;Gas (einschl. bivalent);41228;Anzahl;W1;Personenkraftwagen nach Kraftstoffarten
46251;;;;2026-01-01;DLAND;;03;;KLASS;;A4;Hybrid;363249;Anzahl;W1;Personenkraftwagen nach Kraftstoffarten
46251;;;;2026-01-01;DLAND;;03;;KLASS;;A5;darunter Plug-In-Hybrid;105607;Anzahl;W1;Personenkraftwagen nach Kraftstoffarten
46251;;;;2026-01-01;DLAND;;03;;KLASS;;A6;Elektro;221823;Anzahl;W1;Personenkraftwagen nach Kraftstoffarten
46251;;;;2026-01-01;DLAND;;03;;KLASS;;A7;sonstige Kraftstoffarten;822;Anzahl;W1;Personenkraftwagen nach Kraftstoffarten
46251;;;;2026-01-01;DLAND;;03;;;;;;625,3;;PKWEW;Pkw je 1.000 Einwohner, berechnet
46251;;;;2026-01-01;DLAND;;03;;KLASS;;A1;Benzin;56,9;%;PKWANT;Anteil am Pkw-Bestand, berechnet
46251;;;;2026-01-01;DLAND;;03;;KLASS;;A2;Diesel;30,5;%;PKWANT;Anteil am Pkw-Bestand, berechnet
46251;;;;2026-01-01;DLAND;;03;;KLASS;;A3;Gas (einschl. bivalent);0,8;%;PKWANT;Anteil am Pkw-Bestand, berechnet
46251;;;;2026-01-01;DLAND;;03;;KLASS;;A4;Hybrid;7,3;%;PKWANT;Anteil am Pkw-Bestand, berechnet
46251;;;;2026-01-01;DLAND;;03;;KLASS;;A5;darunter Plug-In-Hybrid;2,1;%;PKWANT;Anteil am Pkw-Bestand, berechnet
46251;;;;2026-01-01;DLAND;;03;;KLASS;;A6;Elektro;4,4;%;PKWANT;Anteil am Pkw-Bestand, berechnet
46251;;;;2026-01-01;DLAND;;03;;KLASS;;A7;sonstige Kraftstoffarten;0,0;%;PKWANT;Anteil am Pkw-Bestand, berechnet
46251;;;;2026-01-01;DLAND;;04;Bremen;KLASS;;;Insgesamt;301648;Anzahl;W1;Personenkraftwagen nach Kraftstoffarten
46251;;;;2026-01-01;DLAND;;04;;KLASS;;A1;Benzin;179245;Anzahl;W1;Personenkraftwagen nach Kraftstoffarten
46251;;;;2026-01-01;DLAND;;04;;KLASS;;A2;Diesel;82070;Anzahl;W1;Personenkraftwagen nach Kraftstoffarten
46251;;;;2026-01-01;DLAND;;04;;KLASS;;A3;Gas (einschl. bivalent);2289;Anzahl;W1;Personenkraftwagen nach Kraftstoffarten
46251;;;;2026-01-01;DLAND;;04;;KLASS;;A4;Hybrid;27346;Anzahl;W1;Personenkraftwagen nach Kraftstoffarten
46251;;;;2026-01-01;DLAND;;04;;KLASS;;A5;darunter Plug-In-Hybrid;7284;Anzahl;W1;Personenkraftwagen nach Kraftstoffarten
46251;;;;2026-01-01;DLAND;;04;;KLASS;;A6;Elektro;10643;Anzahl;W1;Personenkraftwagen nach Kraftstoffarten
46251;;;;2026-01-01;DLAND;;04;;KLASS;;A7;sonstige Kraftstoffarten;55;Anzahl;W1;Personenkraftwagen nach Kraftstoffarten
46251;;;;2026-01-01;DLAND;;04;;;;;;426,7;;PKWEW;Pkw je 1.000 Einwohner, berechnet
46251;;;;2026-01-01;DLAND;;04;;KLASS;;A1;Benzin;59,4;%;PKWANT;Anteil am Pkw-Bestand, berechnet
46251;;;;2026-01-01;DLAND;;04;;KLASS;;A2;Diesel;27,2;%;PKWANT;Anteil am Pkw-Bestand, berechnet
46251;;;;2026-01-01;DLAND;;04;;KLASS;;A3;Gas (einschl. bivalent);0,8;%;PKWANT;Anteil am Pkw-Bestand, berechnet
46251;;;;2026-01-01;DLAND;;04;;KLASS;;A4;Hybrid;9,1;%;PKWANT;Anteil am Pkw-Bestand, berechnet
46251;;;;2026-01-01;DLAND;;04;;KLASS;;A5;darunter Plug-In-Hybrid;2,4;%;PKWANT;Anteil am Pkw-Bestand, berechnet
46251;;;;2026-01-01;DLAND;;04;;KLASS;;A6;Elektro;3,5;%;PKWANT;Anteil am Pkw-Bestand, berechnet
46251;;;;2026-01-01;DLAND;;04;;KLASS;;A7;sonstige Kraftstoffarten;0,0;%;PKWANT;Anteil am Pkw-Bestand, berechnet
46251;;;;2026-01-01;DLAND;;05;Nordrhein-Westfalen;KLASS;;;Insgesamt;10664594;Anzahl;W1;Personenkraftwagen nach Kraftstoffarten
46251;;;;2026-01-01;DLAND;;05;;KLASS;;A1;Benzin;6480757;Anzahl;W1;Personenkraftwagen nach Kraftstoffarten
46251;;;;2026-01-01;DLAND;;05;;KLASS;;A2;Diesel;2654006;Anzahl;W1;Personenkraftwagen nach Kraftstoffarten
46251;;;;2026-01-01;DLAND;;05;;KLASS;;A3;Gas (einschl. bivalent);112729;Anzahl;W1;Personenkraftwagen nach Kraftstoffarten
46251;;;;2026-01-01;DLAND;;05;;KLASS;;A4;Hybrid;960556;Anzahl;W1;Personenkraftwagen nach Kraftstoffarten
46251;;;;2026-01-01;DLAND;;05;;KLASS;;A5;darunter Plug-In-Hybrid;257763;Anzahl;W1;Personenkraftwagen nach Kraftstoffarten
46251;;;;2026-01-01;DLAND;;05;;KLASS;;A6;Elektro;454782;Anzahl;W1;Personenkraftwagen nach Kraftstoffarten
46251;;;;2026-01-01;DLAND;;05;;KLASS;;A7;sonstige Kraftstoffarten;1764;Anzahl;W1;Personenkraftwagen nach Kraftstoffarten
46251;;;;2026-01-01;DLAND;;05;;;;;;592,9;;PKWEW;Pkw je 1.000 Einwohner, berechnet
46251;;;;2026-01-01;DLAND;;05;;KLASS;;A1;Benzin;60,8;%;PKWANT;Anteil am Pkw-Bestand, berechnet
46251;;;;2026-01-01;DLAND;;05;;KLASS;;A2;Diesel;24,9;%;PKWANT;Anteil am Pkw-Bestand, berechnet
46251;;;;2026-01-01;DLAND;;05;;KLASS;;A3;Gas (einschl. bivalent);1,1;%;PKWANT;Anteil am Pkw-Bestand, berechnet
46251;;;;2026-01-01;DLAND;;05;;KLASS;;A4;Hybrid;9,0;%;PKWANT;Anteil am Pkw-Bestand, berechnet
46251;;;;2026-01-01;DLAND;;05;;KLASS;;A5;darunter Plug-In-Hybrid;2,4;%;PKWANT;Anteil am Pkw-Bestand, berechnet
46251;;;;2026-01-01;DLAND;;05;;KLASS;;A6;Elektro;4,3;%;PKWANT;Anteil am Pkw-Bestand, berechnet
46251;;;;2026-01-01;DLAND;;05;;KLASS;;A7;sonstige Kraftstoffarten;0,0;%;PKWANT;Anteil am Pkw-Bestand, berechnet
46251;;;;2026-01-01;DLAND;;06;Hessen;KLASS;;;Insgesamt;3917833;Anzahl;W1;Personenkraftwagen nach Kraftstoffarten
46251;;;;2026-01-01;DLAND;;06;;KLASS;;A1;Benzin;2289362;Anzahl;W1;Personenkraftwagen nach Kraftstoffarten
46251;;;;2026-01-01;DLAND;;06;;KLASS;;A2;Diesel;1017889;Anzahl;W1;Personenkraftwagen nach Kraftstoffarten
46251;;;;2026-01-01;DLAND;;06;;KLASS;;A3;Gas (einschl. bivalent);25034;Anzahl;W1;Personenkraftwagen nach Kraftstoffarten
46251;;;;2026-01-01;DLAND;;06;;KLASS;;A4;Hybrid;405632;Anzahl;W1;Personenkraftwagen nach Kraftstoffarten
46251;;;;2026-01-01;DLAND;;06;;KLASS;;A5;darunter Plug-In-Hybrid;103727;Anzahl;W1;Personenkraftwagen nach Kraftstoffarten
46251;;;;2026-01-01;DLAND;;06;;KLASS;;A6;Elektro;179213;Anzahl;W1;Personenkraftwagen nach Kraftstoffarten
46251;;;;2026-01-01;DLAND;;06;;KLASS;;A7;sonstige Kraftstoffarten;703;Anzahl;W1;Personenkraftwagen nach Kraftstoffarten
46251;;;;2026-01-01;DLAND;;06;;;;;;624,0;;PKWEW;Pkw je 1.000 Einwohner, berechnet
46251;;;;2026-01-01;DLAND;;06;;KLASS;;A1;Benzin;58,4;%;PKWANT;Anteil am Pkw-Bestand, berechnet
46251;;;;2026-01-01;DLAND;;06;;KLASS;;A2;Diesel;26,0;%;PKWANT;Anteil am Pkw-Bestand, berechnet
46251;;;;2026-01-01;DLAND;;06;;KLASS;;A3;Gas (einschl. bivalent);0,6;%;PKWANT;Anteil am Pkw-Bestand, berechnet
46251;;;;2026-01-01;DLAND;;06;;KLASS;;A4;Hybrid;10,4;%;PKWANT;Anteil am Pkw-Bestand, berechnet
46251;;;;2026-01-01;DLAND;;06;;KLASS;;A5;darunter Plug-In-Hybrid;2,6;%;PKWANT;Anteil am Pkw-Bestand, berechnet
46251;;;;2026-01-01;DLAND;;06;;KLASS;;A6;Elektro;4,6;%;PKWANT;Anteil am Pkw-Bestand, berechnet
46251;;;;2026-01-01;DLAND;;06;;KLASS;;A7;sonstige Kraftstoffarten;0,0;%;PKWANT;Anteil am Pkw-Bestand, berechnet
46251;;;;2026-01-01;DLAND;;07;Rheinland-Pfalz;KLASS;;;Insgesamt;2655433;Anzahl;W1;Personenkraftwagen nach Kraftstoffarten
46251;;;;2026-01-01;DLAND;;07;;KLASS;;A1;Benzin;1586811;Anzahl;W1;Personenkraftwagen nach Kraftstoffarten
46251;;;;2026-01-01;DLAND;;07;;KLASS;;A2;Diesel;736316;Anzahl;W1;Personenkraftwagen nach Kraftstoffarten
46251;;;;2026-01-01;DLAND;;07;;KLASS;;A3;Gas (einschl. bivalent);16784;Anzahl;W1;Personenkraftwagen nach Kraftstoffarten
46251;;;;2026-01-01;DLAND;;07;;KLASS;;A4;Hybrid;213112;Anzahl;W1;Personenkraftwagen nach Kraftstoffarten
46251;;;;2026-01-01;DLAND;;07;;KLASS;;A5;darunter Plug-In-Hybrid;53482;Anzahl;W1;Personenkraftwagen nach Kraftstoffarten
46251;;;;2026-01-01;DLAND;;07;;KLASS;;A6;Elektro;102047;Anzahl;W1;Personenkraftwagen nach Kraftstoffarten
46251;;;;2026-01-01;DLAND;;07;;KLASS;;A7;sonstige Kraftstoffarten;363;Anzahl;W1;Personenkraftwagen nach Kraftstoffarten
46251;;;;2026-01-01;DLAND;;07;;;;;;644,1;;PKWEW;Pkw je 1.000 Einwohner, berechnet
46251;;;;2026-01-01;DLAND;;07;;KLASS;;A1;Benzin;59,8;%;PKWANT;Anteil am Pkw-Bestand, berechnet
46251;;;;2026-01-01;DLAND;;07;;KLASS;;A2;Diesel;27,7;%;PKWANT;Anteil am Pkw-Bestand, berechnet
46251;;;;2026-01-01;DLAND;;07;;KLASS;;A3;Gas (einschl. bivalent);0,6;%;PKWANT;Anteil am Pkw-Bestand, berechnet
46251;;;;2026-01-01;DLAND;;07;;KLASS;;A4;Hybrid;8,0;%;PKWANT;Anteil am Pkw-Bestand, berechnet
46251;;;;2026-01-01;DLAND;;07;;KLASS;;A5;darunter Plug-In-Hybrid;2,0;%;PKWANT;Anteil am Pkw-Bestand, berechnet
46251;;;;2026-01-01;DLAND;;07;;KLASS;;A6;Elektro;3,8;%;PKWANT;Anteil am Pkw-Bestand, berechnet
46251;;;;2026-01-01;DLAND;;07;;KLASS;;A7;sonstige Kraftstoffarten;0,0;%;PKWANT;Anteil am Pkw-Bestand, berechnet
46251;;;;2026-01-01;DLAND;;08;Baden-Württemberg;KLASS;;;Insgesamt;6988847;Anzahl;W1;Personenkraftwagen nach Kraftstoffarten
46251;;;;2026-01-01;DLAND;;08;;KLASS;;A1;Benzin;4098833;Anzahl;W1;Personenkraftwagen nach Kraftstoffarten
46251;;;;2026-01-01;DLAND;;08;;KLASS;;A2;Diesel;1887589;Anzahl;W1;Personenkraftwagen nach Kraftstoffarten
46251;;;;2026-01-01;DLAND;;08;;KLASS;;A3;Gas (einschl. bivalent);37758;Anzahl;W1;Personenkraftwagen nach Kraftstoffarten
46251;;;;2026-01-01;DLAND;;08;;KLASS;;A4;Hybrid;641433;Anzahl;W1;Personenkraftwagen nach Kraftstoffarten
46251;;;;2026-01-01;DLAND;;08;;KLASS;;A5;darunter Plug-In-Hybrid;180792;Anzahl;W1;Personenkraftwagen nach Kraftstoffarten
46251;;;;2026-01-01;DLAND;;08;;KLASS;;A6;Elektro;322060;Anzahl;W1;Personenkraftwagen nach Kraftstoffarten
46251;;;;2026-01-01;DLAND;;08;;KLASS;;A7;sonstige Kraftstoffarten;1174;Anzahl;W1;Personenkraftwagen nach Kraftstoffarten
46251;;;;2026-01-01;DLAND;;08;;;;;;621,9;;PKWEW;Pkw je 1.000 Einwohner, berechnet
46251;;;;2026-01-01;DLAND;;08;;KLASS;;A1;Benzin;58,6;%;PKWANT;Anteil am Pkw-Bestand, berechnet
46251;;;;2026-01-01;DLAND;;08;;KLASS;;A2;Diesel;27,0;%;PKWANT;Anteil am Pkw-Bestand, berechnet
46251;;;;2026-01-01;DLAND;;08;;KLASS;;A3;Gas (einschl. bivalent);0,5;%;PKWANT;Anteil am Pkw-Bestand, berechnet
46251;;;;2026-01-01;DLAND;;08;;KLASS;;A4;Hybrid;9,2;%;PKWANT;Anteil am Pkw-Bestand, berechnet
46251;;;;2026-01-01;DLAND;;08;;KLASS;;A5;darunter Plug-In-Hybrid;2,6;%;PKWANT;Anteil am Pkw-Bestand, berechnet
46251;;;;2026-01-01;DLAND;;08;;KLASS;;A6;Elektro;4,6;%;PKWANT;Anteil am Pkw-Bestand, berechnet
46251;;;;2026-01-01;DLAND;;08;;KLASS;;A7;sonstige Kraftstoffarten;0,0;%;PKWANT;Anteil am Pkw-Bestand, berechnet
46251;;;;2026-01-01;DLAND;;09;Bayern;KLASS;;;Insgesamt;8468258;Anzahl;W1;Personenkraftwagen nach Kraftstoffarten
46251;;;;2026-01-01;DLAND;;09;;KLASS;;A1;Benzin;4781285;Anzahl;W1;Personenkraftwagen nach Kraftstoffarten
46251;;;;2026-01-01;DLAND;;09;;KLASS;;A2;Diesel;2454541;Anzahl;W1;Personenkraftwagen nach Kraftstoffarten
46251;;;;2026-01-01;DLAND;;09;;KLASS;;A3;Gas (einschl. bivalent);42668;Anzahl;W1;Personenkraftwagen nach Kraftstoffarten
46251;;;;2026-01-01;DLAND;;09;;KLASS;;A4;Hybrid;793154;Anzahl;W1;Personenkraftwagen nach Kraftstoffarten
46251;;;;2026-01-01;DLAND;;09;;KLASS;;A5;darunter Plug-In-Hybrid;195577;Anzahl;W1;Personenkraftwagen nach Kraftstoffarten
46251;;;;2026-01-01;DLAND;;09;;KLASS;;A6;Elektro;395271;Anzahl;W1;Personenkraftwagen nach Kraftstoffarten
46251;;;;2026-01-01;DLAND;;09;;KLASS;;A7;sonstige Kraftstoffarten;1339;Anzahl;W1;Personenkraftwagen nach Kraftstoffarten
46251;;;;2026-01-01;DLAND;;09;;;;;;639,3;;PKWEW;Pkw je 1.000 Einwohner, berechnet
46251;;;;2026-01-01;DLAND;;09;;KLASS;;A1;Benzin;56,5;%;PKWANT;Anteil am Pkw-Bestand, berechnet
46251;;;;2026-01-01;DLAND;;09;;KLASS;;A2;Diesel;29,0;%;PKWANT;Anteil am Pkw-Bestand, berechnet
46251;;;;2026-01-01;DLAND;;09;;KLASS;;A3;Gas (einschl. bivalent);0,5;%;PKWANT;Anteil am Pkw-Bestand, berechnet
46251;;;;2026-01-01;DLAND;;09;;KLASS;;A4;Hybrid;9,4;%;PKWANT;Anteil am Pkw-Bestand, berechnet
46251;;;;2026-01-01;DLAND;;09;;KLASS;;A5;darunter Plug-In-Hybrid;2,3;%;PKWANT;Anteil am Pkw-Bestand, berechnet
46251;;;;2026-01-01;DLAND;;09;;KLASS;;A6;Elektro;4,7;%;PKWANT;Anteil am Pkw-Bestand, berechnet
46251;;;;2026-01-01;DLAND;;09;;KLASS;;A7;sonstige Kraftstoffarten;0,0;%;PKWANT;Anteil am Pkw-Bestand, berechnet
46251;;;;2026-01-01;DLAND;;10;Saarland;KLASS;;;Insgesamt;654016;Anzahl;W1;Personenkraftwagen nach Kraftstoffarten
46251;;;;2026-01-01;DLAND;;10;;KLASS;;A1;Benzin;407070;Anzahl;W1;Personenkraftwagen nach Kraftstoffarten
46251;;;;2026-01-01;DLAND;;10;;KLASS;;A2;Diesel;164591;Anzahl;W1;Personenkraftwagen nach Kraftstoffarten
46251;;;;2026-01-01;DLAND;;10;;KLASS;;A3;Gas (einschl. bivalent);2838;Anzahl;W1;Personenkraftwagen nach Kraftstoffarten
46251;;;;2026-01-01;DLAND;;10;;KLASS;;A4;Hybrid;58344;Anzahl;W1;Personenkraftwagen nach Kraftstoffarten
46251;;;;2026-01-01;DLAND;;10;;KLASS;;A5;darunter Plug-In-Hybrid;13062;Anzahl;W1;Personenkraftwagen nach Kraftstoffarten
46251;;;;2026-01-01;DLAND;;10;;KLASS;;A6;Elektro;21056;Anzahl;W1;Personenkraftwagen nach Kraftstoffarten
46251;;;;2026-01-01;DLAND;;10;;KLASS;;A7;sonstige Kraftstoffarten;117;Anzahl;W1;Personenkraftwagen nach Kraftstoffarten
46251;;;;2026-01-01;DLAND;;10;;;;;;649,2;;PKWEW;Pkw je 1.000 Einwohner, berechnet
46251;;;;2026-01-01;DLAND;;10;;KLASS;;A1;Benzin;62,2;%;PKWANT;Anteil am Pkw-Bestand, berechnet
46251;;;;2026-01-01;DLAND;;10;;KLASS;;A2;Diesel;25,2;%;PKWANT;Anteil am Pkw-Bestand, berechnet
46251;;;;2026-01-01;DLAND;;10;;KLASS;;A3;Gas (einschl. bivalent);0,4;%;PKWANT;Anteil am Pkw-Bestand, berechnet
46251;;;;2026-01-01;DLAND;;10;;KLASS;;A4;Hybrid;8,9;%;PKWANT;Anteil am Pkw-Bestand, berechnet
46251;;;;2026-01-01;DLAND;;10;;KLASS;;A5;darunter Plug-In-Hybrid;2,0;%;PKWANT;Anteil am Pkw-Bestand, berechnet
46251;;;;2026-01-01;DLAND;;10;;KLASS;;A6;Elektro;3,2;%;PKWANT;Anteil am Pkw-Bestand, berechnet
46251;;;;2026-01-01;DLAND;;10;;KLASS;;A7;sonstige Kraftstoffarten;0,0;%;PKWANT;Anteil am Pkw-Bestand, berechnet
46251;;;;2026-01-01;DLAND;;11;Berlin;KLASS;;;Insgesamt;1222641;Anzahl;W1;Personenkraftwagen nach Kraftstoffarten
46251;;;;2026-01-01;DLAND;;11;;KLASS;;A1;Benzin;779715;Anzahl;W1;Personenkraftwagen nach Kraftstoffarten
46251;;;;2026-01-01;DLAND;;11;;KLASS;;A2;Diesel;242671;Anzahl;W1;Personenkraftwagen nach Kraftstoffarten
46251;;;;2026-01-01;DLAND;;11;;KLASS;;A3;Gas (einschl. bivalent);10521;Anzahl;W1;Personenkraftwagen nach Kraftstoffarten
46251;;;;2026-01-01;DLAND;;11;;KLASS;;A4;Hybrid;140450;Anzahl;W1;Personenkraftwagen nach Kraftstoffarten
46251;;;;2026-01-01;DLAND;;11;;KLASS;;A5;darunter Plug-In-Hybrid;32396;Anzahl;W1;Personenkraftwagen nach Kraftstoffarten
46251;;;;2026-01-01;DLAND;;11;;KLASS;;A6;Elektro;48888;Anzahl;W1;Personenkraftwagen nach Kraftstoffarten
46251;;;;2026-01-01;DLAND;;11;;KLASS;;A7;sonstige Kraftstoffarten;396;Anzahl;W1;Personenkraftwagen nach Kraftstoffarten
46251;;;;2026-01-01;DLAND;;11;;;;;;330,4;;PKWEW;Pkw je 1.000 Einwohner, berechnet
46251;;;;2026-01-01;DLAND;;11;;KLASS;;A1;Benzin;63,8;%;PKWANT;Anteil am Pkw-Bestand, berechnet
46251;;;;2026-01-01;DLAND;;11;;KLASS;;A2;Diesel;19,8;%;PKWANT;Anteil am Pkw-Bestand, berechnet
46251;;;;2026-01-01;DLAND;;11;;KLASS;;A3;Gas (einschl. bivalent);0,9;%;PKWANT;Anteil am Pkw-Bestand, berechnet
46251;;;;2026-01-01;DLAND;;11;;KLASS;;A4;Hybrid;11,5;%;PKWANT;Anteil am Pkw-Bestand, berechnet
46251;;;;2026-01-01;DLAND;;11;;KLASS;;A5;darunter Plug-In-Hybrid;2,6;%;PKWANT;Anteil am Pkw-Bestand, berechnet
46251;;;;2026-01-01;DLAND;;11;;KLASS;;A6;Elektro;4,0;%;PKWANT;Anteil am Pkw-Bestand, berechnet
46251;;;;2026-01-01;DLAND;;11;;KLASS;;A7;sonstige Kraftstoffarten;0,0;%;PKWANT;Anteil am Pkw-Bestand, berechnet
46251;;;;2026-01-01;DLAND;;12;Brandenburg;KLASS;;;Insgesamt;1501091;Anzahl;W1;Personenkraftwagen nach Kraftstoffarten
46251;;;;2026-01-01;DLAND;;12;;KLASS;;A1;Benzin;939958;Anzahl;W1;Personenkraftwagen nach Kraftstoffarten
46251;;;;2026-01-01;DLAND;;12;;KLASS;;A2;Diesel;387496;Anzahl;W1;Personenkraftwagen nach Kraftstoffarten
46251;;;;2026-01-01;DLAND;;12;;KLASS;;A3;Gas (einschl. bivalent);11850;Anzahl;W1;Personenkraftwagen nach Kraftstoffarten
46251;;;;2026-01-01;DLAND;;12;;KLASS;;A4;Hybrid;119668;Anzahl;W1;Personenkraftwagen nach Kraftstoffarten
46251;;;;2026-01-01;DLAND;;12;;KLASS;;A5;darunter Plug-In-Hybrid;26686;Anzahl;W1;Personenkraftwagen nach Kraftstoffarten
46251;;;;2026-01-01;DLAND;;12;;KLASS;;A6;Elektro;41653;Anzahl;W1;Personenkraftwagen nach Kraftstoffarten
46251;;;;2026-01-01;DLAND;;12;;KLASS;;A7;sonstige Kraftstoffarten;466;Anzahl;W1;Personenkraftwagen nach Kraftstoffarten
46251;;;;2026-01-01;DLAND;;12;;;;;;588,2;;PKWEW;Pkw je 1.000 Einwohner, berechnet
46251;;;;2026-01-01;DLAND;;12;;KLASS;;A1;Benzin;62,6;%;PKWANT;Anteil am Pkw-Bestand, berechnet
46251;;;;2026-01-01;DLAND;;12;;KLASS;;A2;Diesel;25,8;%;PKWANT;Anteil am Pkw-Bestand, berechnet
46251;;;;2026-01-01;DLAND;;12;;KLASS;;A3;Gas (einschl. bivalent);0,8;%;PKWANT;Anteil am Pkw-Bestand, berechnet
46251;;;;2026-01-01;DLAND;;12;;KLASS;;A4;Hybrid;8,0;%;PKWANT;Anteil am Pkw-Bestand, berechnet
46251;;;;2026-01-01;DLAND;;12;;KLASS;;A5;darunter Plug-In-Hybrid;1,8;%;PKWANT;Anteil am Pkw-Bestand, berechnet
46251;;;;2026-01-01;DLAND;;12;;KLASS;;A6;Elektro;2,8;%;PKWANT;Anteil am Pkw-Bestand, berechnet
46251;;;;2026-01-01;DLAND;;12;;KLASS;;A7;sonstige Kraftstoffarten;0,0;%;PKWANT;Anteil am Pkw-Bestand, berechnet
46251;;;;2026-01-01;DLAND;;13;Mecklenburg-Vorpommern;KLASS;;;Insgesamt;891039;Anzahl;W1;Personenkraftwagen nach Kraftstoffarten
46251;;;;2026-01-01;DLAND;;13;;KLASS;;A1;Benzin;530981;Anzahl;W1;Personenkraftwagen nach Kraftstoffarten
46251;;;;2026-01-01;DLAND;;13;;KLASS;;A2;Diesel;272688;Anzahl;W1;Personenkraftwagen nach Kraftstoffarten
46251;;;;2026-01-01;DLAND;;13;;KLASS;;A3;Gas (einschl. bivalent);5466;Anzahl;W1;Personenkraftwagen nach Kraftstoffarten
46251;;;;2026-01-01;DLAND;;13;;KLASS;;A4;Hybrid;63323;Anzahl;W1;Personenkraftwagen nach Kraftstoffarten
46251;;;;2026-01-01;DLAND;;13;;KLASS;;A5;darunter Plug-In-Hybrid;12477;Anzahl;W1;Personenkraftwagen nach Kraftstoffarten
46251;;;;2026-01-01;DLAND;;13;;KLASS;;A6;Elektro;18347;Anzahl;W1;Personenkraftwagen nach Kraftstoffarten
46251;;;;2026-01-01;DLAND;;13;;KLASS;;A7;sonstige Kraftstoffarten;234;Anzahl;W1;Personenkraftwagen nach Kraftstoffarten
46251;;;;2026-01-01;DLAND;;13;;;;;;566,2;;PKWEW;Pkw je 1.000 Einwohner, berechnet
46251;;;;2026-01-01;DLAND;;13;;KLASS;;A1;Benzin;59,6;%;PKWANT;Anteil am Pkw-Bestand, berechnet
46251;;;;2026-01-01;DLAND;;13;;KLASS;;A2;Diesel;30,6;%;PKWANT;Anteil am Pkw-Bestand, berechnet
46251;;;;2026-01-01;DLAND;;13;;KLASS;;A3;Gas (einschl. bivalent);0,6;%;PKWANT;Anteil am Pkw-Bestand, berechnet
46251;;;;2026-01-01;DLAND;;13;;KLASS;;A4;Hybrid;7,1;%;PKWANT;Anteil am Pkw-Bestand, berechnet
46251;;;;2026-01-01;DLAND;;13;;KLASS;;A5;darunter Plug-In-Hybrid;1,4;%;PKWANT;Anteil am Pkw-Bestand, berechnet
46251;;;;2026-01-01;DLAND;;13;;KLASS;;A6;Elektro;2,1;%;PKWANT;Anteil am Pkw-Bestand, berechnet
46251;;;;2026-01-01;DLAND;;13;;KLASS;;A7;sonstige Kraftstoffarten;0,0;%;PKWANT;Anteil am Pkw-Bestand, berechnet
46251;;;;2026-01-01;DLAND;;14;Sachsen;KLASS;;;Insgesamt;2188519;Anzahl;W1;Personenkraftwagen nach Kraftstoffarten
46251;;;;2026-01-01;DLAND;;14;;KLASS;;A1;Benzin;1410397;Anzahl;W1;Personenkraftwagen nach Kraftstoffarten
46251;;;;2026-01-01;DLAND;;14;;KLASS;;A2;Diesel;549786;Anzahl;W1;Personenkraftwagen nach Kraftstoffarten
46251;;;;2026-01-01;DLAND;;14;;KLASS;;A3;Gas (einschl. bivalent);13597;Anzahl;W1;Personenkraftwagen nach Kraftstoffarten
46251;;;;2026-01-01;DLAND;;14;;KLASS;;A4;Hybrid;166304;Anzahl;W1;Personenkraftwagen nach Kraftstoffarten
46251;;;;2026-01-01;DLAND;;14;;KLASS;;A5;darunter Plug-In-Hybrid;34199;Anzahl;W1;Personenkraftwagen nach Kraftstoffarten
46251;;;;2026-01-01;DLAND;;14;;KLASS;;A6;Elektro;47668;Anzahl;W1;Personenkraftwagen nach Kraftstoffarten
46251;;;;2026-01-01;DLAND;;14;;KLASS;;A7;sonstige Kraftstoffarten;767;Anzahl;W1;Personenkraftwagen nach Kraftstoffarten
46251;;;;2026-01-01;DLAND;;14;;;;;;543,5;;PKWEW;Pkw je 1.000 Einwohner, berechnet
46251;;;;2026-01-01;DLAND;;14;;KLASS;;A1;Benzin;64,4;%;PKWANT;Anteil am Pkw-Bestand, berechnet
46251;;;;2026-01-01;DLAND;;14;;KLASS;;A2;Diesel;25,1;%;PKWANT;Anteil am Pkw-Bestand, berechnet
46251;;;;2026-01-01;DLAND;;14;;KLASS;;A3;Gas (einschl. bivalent);0,6;%;PKWANT;Anteil am Pkw-Bestand, berechnet
46251;;;;2026-01-01;DLAND;;14;;KLASS;;A4;Hybrid;7,6;%;PKWANT;Anteil am Pkw-Bestand, berechnet
46251;;;;2026-01-01;DLAND;;14;;KLASS;;A5;darunter Plug-In-Hybrid;1,6;%;PKWANT;Anteil am Pkw-Bestand, berechnet
46251;;;;2026-01-01;DLAND;;14;;KLASS;;A6;Elektro;2,2;%;PKWANT;Anteil am Pkw-Bestand, berechnet
46251;;;;2026-01-01;DLAND;;14;;KLASS;;A7;sonstige Kraftstoffarten;0,0;%;PKWANT;Anteil am Pkw-Bestand, berechnet
46251;;;;2026-01-01;DLAND;;15;Sachsen-Anhalt;KLASS;;;Insgesamt;1222830;Anzahl;W1;Personenkraftwagen nach Kraftstoffarten
46251;;;;2026-01-01;DLAND;;15;;KLASS;;A1;Benzin;781434;Anzahl;W1;Personenkraftwagen nach Kraftstoffarten
46251;;;;2026-01-01;DLAND;;15;;KLASS;;A2;Diesel;321193;Anzahl;W1;Personenkraftwagen nach Kraftstoffarten
46251;;;;2026-01-01;DLAND;;15;;KLASS;;A3;Gas (einschl. bivalent);7227;Anzahl;W1;Personenkraftwagen nach Kraftstoffarten
46251;;;;2026-01-01;DLAND;;15;;KLASS;;A4;Hybrid;88363;Anzahl;W1;Personenkraftwagen nach Kraftstoffarten
46251;;;;2026-01-01;DLAND;;15;;KLASS;;A5;darunter Plug-In-Hybrid;18089;Anzahl;W1;Personenkraftwagen nach Kraftstoffarten
46251;;;;2026-01-01;DLAND;;15;;KLASS;;A6;Elektro;24247;Anzahl;W1;Personenkraftwagen nach Kraftstoffarten
46251;;;;2026-01-01;DLAND;;15;;KLASS;;A7;sonstige Kraftstoffarten;366;Anzahl;W1;Personenkraftwagen nach Kraftstoffarten
46251;;;;2026-01-01;DLAND;;15;;;;;;576,7;;PKWEW;Pkw je 1.000 Einwohner, berechnet
46251;;;;2026-01-01;DLAND;;15;;KLASS;;A1;Benzin;63,9;%;PKWANT;Anteil am Pkw-Bestand, berechnet
46251;;;;2026-01-01;DLAND;;15;;KLASS;;A2;Diesel;26,3;%;PKWANT;Anteil am Pkw-Bestand, berechnet
46251;;;;2026-01-01;DLAND;;15;;KLASS;;A3;Gas (einschl. bivalent);0,6;%;PKWANT;Anteil am Pkw-Bestand, berechnet
46251;;;;2026-01-01;DLAND;;15;;KLASS;;A4;Hybrid;7,2;%;PKWANT;Anteil am Pkw-Bestand, berechnet
46251;;;;2026-01-01;DLAND;;15;;KLASS;;A5;darunter Plug-In-Hybrid;1,5;%;PKWANT;Anteil am Pkw-Bestand, berechnet
46251;;;;2026-01-01;DLAND;;15;;KLASS;;A6;Elektro;2,0;%;PKWANT;Anteil am Pkw-Bestand, berechnet
46251;;;;2026-01-01;DLAND;;15;;KLASS;;A7;sonstige Kraftstoffarten;0,0;%;PKWANT;Anteil am Pkw-Bestand, berechnet
46251;;;;2026-01-01;DLAND;;16;Thüringen;KLASS;;;Insgesamt;1190050;Anzahl;W1;Personenkraftwagen nach Kraftstoffarten
46251;;;;2026-01-01;DLAND;;16;;KLASS;;A1;Benzin;737267;Anzahl;W1;Personenkraftwagen nach Kraftstoffarten
46251;;;;2026-01-01;DLAND;;16;;KLASS;;A2;Diesel;326481;Anzahl;W1;Personenkraftwagen nach Kraftstoffarten
46251;;;;2026-01-01;DLAND;;16;;KLASS;;A3;Gas (einschl. bivalent);6489;Anzahl;W1;Personenkraftwagen nach Kraftstoffarten
46251;;;;2026-01-01;DLAND;;16;;KLASS;;A4;Hybrid;92576;Anzahl;W1;Personenkraftwagen nach Kraftstoffarten
46251;;;;2026-01-01;DLAND;;16;;KLASS;;A5;darunter Plug-In-Hybrid;18584;Anzahl;W1;Personenkraftwagen nach Kraftstoffarten
46251;;;;2026-01-01;DLAND;;16;;KLASS;;A6;Elektro;26937;Anzahl;W1;Personenkraftwagen nach Kraftstoffarten
46251;;;;2026-01-01;DLAND;;16;;KLASS;;A7;sonstige Kraftstoffarten;300;Anzahl;W1;Personenkraftwagen nach Kraftstoffarten
46251;;;;2026-01-01;DLAND;;16;;;;;;572,4;;PKWEW;Pkw je 1.000 Einwohner, berechnet
46251;;;;2026-01-01;DLAND;;16;;KLASS;;A1;Benzin;62,0;%;PKWANT;Anteil am Pkw-Bestand, berechnet
46251;;;;2026-01-01;DLAND;;16;;KLASS;;A2;Diesel;27,4;%;PKWANT;Anteil am Pkw-Bestand, berechnet
46251;;;;2026-01-01;DLAND;;16;;KLASS;;A3;Gas (einschl. bivalent);0,5;%;PKWANT;Anteil am Pkw-Bestand, berechnet
46251;;;;2026-01-01;DLAND;;16;;KLASS;;A4;Hybrid;7,8;%;PKWANT;Anteil am Pkw-Bestand, berechnet
46251;;;;2026-01-01;DLAND;;16;;KLASS;;A5;darunter Plug-In-Hybrid;1,6;%;PKWANT;Anteil am Pkw-Bestand, berechnet
46251;;;;2026-01-01;DLAND;;16;;KLASS;;A6;Elektro;2,3;%;PKWANT;Anteil am Pkw-Bestand, berechnet
46251;;;;2026-01-01;DLAND;;16;;KLASS;;A7;sonstige Kraftstoffarten;0,0;%;PKWANT;Anteil am Pkw-Bestand, berechnet
46251;;;;2026-01-01;KREISE;;01001;Flensburg, kreisfreie Stadt;KLASS;;;Insgesamt;45956;Anzahl;W1;Personenkraftwagen nach Kraftstoffarten
46251;;;;2026-01-01;KREISE;;01001;;KLASS;;A1;Benzin;25004;Anzahl;W1;Personenkraftwagen nach Kraftstoffarten
46251;;;;2026-01-01;KREISE;;01001;;KLASS;;A2;Diesel;14980;Anzahl;W1;Personenkraftwagen nach Kraftstoffarten
46251;;;;2026-01-01;KREISE;;01001;;KLASS;;A3;Gas (einschl. bivalent);211;Anzahl;W1;Personenkraftwagen nach Kraftstoffarten
46251;;;;2026-01-01;KREISE;;01001;;KLASS;;A4;Hybrid;3556;Anzahl;W1;Personenkraftwagen nach Kraftstoffarten
46251;;;;2026-01-01;KREISE;;01001;;KLASS;;A5;darunter Plug-In-Hybrid;971;Anzahl;W1;Personenkraftwagen nach Kraftstoffarten
46251;;;;2026-01-01;KREISE;;01001;;KLASS;;A6;Elektro;2194;Anzahl;W1;Personenkraftwagen nach Kraftstoffarten
46251;;;;2026-01-01;KREISE;;01001;;KLASS;;A7;sonstige Kraftstoffarten;11;Anzahl;W1;Personenkraftwagen nach Kraftstoffarten
46251;;;;2026-01-01;KREISE;;01001;;;;;;480,9;;PKWEW;Pkw je 1.000 Einwohner, berechnet
46251;;;;2026-01-01;KREISE;;01001;;KLASS;;A1;Benzin;54,4;%;PKWANT;Anteil am Pkw-Bestand, berechnet
46251;;;;2026-01-01;KREISE;;01001;;KLASS;;A2;Diesel;32,6;%;PKWANT;Anteil am Pkw-Bestand, berechnet
46251;;;;2026-01-01;KREISE;;01001;;KLASS;;A3;Gas (einschl. bivalent);0,5;%;PKWANT;Anteil am Pkw-Bestand, berechnet
46251;;;;2026-01-01;KREISE;;01001;;KLASS;;A4;Hybrid;7,7;%;PKWANT;Anteil am Pkw-Bestand, berechnet
46251;;;;2026-01-01;KREISE;;01001;;KLASS;;A5;darunter Plug-In-Hybrid;2,1;%;PKWANT;Anteil am Pkw-Bestand, berechnet
46251;;;;2026-01-01;KREISE;;01001;;KLASS;;A6;Elektro;4,8;%;PKWANT;Anteil am Pkw-Bestand, berechnet
46251;;;;2026-01-01;KREISE;;01001;;KLASS;;A7;sonstige Kraftstoffarten;0,0;%;PKWANT;Anteil am Pkw-Bestand, berechnet
46251;;;;2026-01-01;KREISE;;01002;Kiel, kreisfreie Stadt;KLASS;;;Insgesamt;111902;Anzahl;W1;Personenkraftwagen nach Kraftstoffarten
46251;;;;2026-01-01;KREISE;;01002;;KLASS;;A1;Benzin;66070;Anzahl;W1;Personenkraftwagen nach Kraftstoffarten
46251;;;;2026-01-01;KREISE;;01002;;KLASS;;A2;Diesel;31862;Anzahl;W1;Personenkraftwagen nach Kraftstoffarten
46251;;;;2026-01-01;KREISE;;01002;;KLASS;;A3;Gas (einschl. bivalent);621;Anzahl;W1;Personenkraftwagen nach Kraftstoffarten
46251;;;;2026-01-01;KREISE;;01002;;KLASS;;A4;Hybrid;8903;Anzahl;W1;Personenkraftwagen nach Kraftstoffarten
46251;;;;2026-01-01;KREISE;;01002;;KLASS;;A5;darunter Plug-In-Hybrid;2452;Anzahl;W1;Personenkraftwagen nach Kraftstoffarten
46251;;;;2026-01-01;KREISE;;01002;;KLASS;;A6;Elektro;4424;Anzahl;W1;Personenkraftwagen nach Kraftstoffarten
46251;;;;2026-01-01;KREISE;;01002;;KLASS;;A7;sonstige Kraftstoffarten;22;Anzahl;W1;Personenkraftwagen nach Kraftstoffarten
46251;;;;2026-01-01;KREISE;;01002;;;;;;444,3;;PKWEW;Pkw je 1.000 Einwohner, berechnet
46251;;;;2026-01-01;KREISE;;01002;;KLASS;;A1;Benzin;59,0;%;PKWANT;Anteil am Pkw-Bestand, berechnet
46251;;;;2026-01-01;KREISE;;01002;;KLASS;;A2;Diesel;28,5;%;PKWANT;Anteil am Pkw-Bestand, berechnet
46251;;;;2026-01-01;KREISE;;01002;;KLASS;;A3;Gas (einschl. bivalent);0,6;%;PKWANT;Anteil am Pkw-Bestand, berechnet
46251;;;;2026-01-01;KREISE;;01002;;KLASS;;A4;Hybrid;8,0;%;PKWANT;Anteil am Pkw-Bestand, berechnet
46251;;;;2026-01-01;KREISE;;01002;;KLASS;;A5;darunter Plug-In-Hybrid;2,2;%;PKWANT;Anteil am Pkw-Bestand, berechnet
46251;;;;2026-01-01;KREISE;;01002;;KLASS;;A6;Elektro;4,0;%;PKWANT;Anteil am Pkw-Bestand, berechnet
46251;;;;2026-01-01;KREISE;;01002;;KLASS;;A7;sonstige Kraftstoffarten;0,0;%;PKWANT;Anteil am Pkw-Bestand, berechnet
46251;;;;2026-01-01;KREISE;;01003;Lübeck, kreisfreie Stadt, Hansestadt;KLASS;;;Insgesamt;103083;Anzahl;W1;Personenkraftwagen nach Kraftstoffarten
46251;;;;2026-01-01;KREISE;;01003;;KLASS;;A1;Benzin;62823;Anzahl;W1;Personenkraftwagen nach Kraftstoffarten
46251;;;;2026-01-01;KREISE;;01003;;KLASS;;A2;Diesel;27321;Anzahl;W1;Personenkraftwagen nach Kraftstoffarten
46251;;;;2026-01-01;KREISE;;01003;;KLASS;;A3;Gas (einschl. bivalent);618;Anzahl;W1;Personenkraftwagen nach Kraftstoffarten
46251;;;;2026-01-01;KREISE;;01003;;KLASS;;A4;Hybrid;8420;Anzahl;W1;Personenkraftwagen nach Kraftstoffarten
46251;;;;2026-01-01;KREISE;;01003;;KLASS;;A5;darunter Plug-In-Hybrid;2279;Anzahl;W1;Personenkraftwagen nach Kraftstoffarten
46251;;;;2026-01-01;KREISE;;01003;;KLASS;;A6;Elektro;3888;Anzahl;W1;Personenkraftwagen nach Kraftstoffarten
46251;;;;2026-01-01;KREISE;;01003;;KLASS;;A7;sonstige Kraftstoffarten;13;Anzahl;W1;Personenkraftwagen nach Kraftstoffarten
46251;;;;2026-01-01;KREISE;;01003;;;;;;474,9;;PKWEW;Pkw je 1.000 Einwohner, berechnet
46251;;;;2026-01-01;KREISE;;01003;;KLASS;;A1;Benzin;60,9;%;PKWANT;Anteil am Pkw-Bestand, berechnet
46251;;;;2026-01-01;KREISE;;01003;;KLASS;;A2;Diesel;26,5;%;PKWANT;Anteil am Pkw-Bestand, berechnet
46251;;;;2026-01-01;KREISE;;01003;;KLASS;;A3;Gas (einschl. bivalent);0,6;%;PKWANT;Anteil am Pkw-Bestand, berechnet
46251;;;;2026-01-01;KREISE;;01003;;KLASS;;A4;Hybrid;8,2;%;PKWANT;Anteil am Pkw-Bestand, berechnet
46251;;;;2026-01-01;KREISE;;01003;;KLASS;;A5;darunter Plug-In-Hybrid;2,2;%;PKWANT;Anteil am Pkw-Bestand, berechnet
46251;;;;2026-01-01;KREISE;;01003;;KLASS;;A6;Elektro;3,8;%;PKWANT;Anteil am Pkw-Bestand, berechnet
46251;;;;2026-01-01;KREISE;;01003;;KLASS;;A7;sonstige Kraftstoffarten;0,0;%;PKWANT;Anteil am Pkw-Bestand, berechnet
46251;;;;2026-01-01;KREISE;;01004;Neumünster, kreisfreie Stadt;KLASS;;;Insgesamt;44450;Anzahl;W1;Personenkraftwagen nach Kraftstoffarten
46251;;;;2026-01-01;KREISE;;01004;;KLASS;;A1;Benzin;25465;Anzahl;W1;Personenkraftwagen nach Kraftstoffarten
46251;;;;2026-01-01;KREISE;;01004;;KLASS;;A2;Diesel;13313;Anzahl;W1;Personenkraftwagen nach Kraftstoffarten
46251;;;;2026-01-01;KREISE;;01004;;KLASS;;A3;Gas (einschl. bivalent);285;Anzahl;W1;Personenkraftwagen nach Kraftstoffarten
46251;;;;2026-01-01;KREISE;;01004;;KLASS;;A4;Hybrid;3467;Anzahl;W1;Personenkraftwagen nach Kraftstoffarten
46251;;;;2026-01-01;KREISE;;01004;;KLASS;;A5;darunter Plug-In-Hybrid;882;Anzahl;W1;Personenkraftwagen nach Kraftstoffarten
46251;;;;2026-01-01;KREISE;;01004;;KLASS;;A6;Elektro;1909;Anzahl;W1;Personenkraftwagen nach Kraftstoffarten
46251;;;;2026-01-01;KREISE;;01004;;KLASS;;A7;sonstige Kraftstoffarten;11;Anzahl;W1;Personenkraftwagen nach Kraftstoffarten
46251;;;;2026-01-01;KREISE;;01004;;;;;;554,6;;PKWEW;Pkw je 1.000 Einwohner, berechnet
46251;;;;2026-01-01;KREISE;;01004;;KLASS;;A1;Benzin;57,3;%;PKWANT;Anteil am Pkw-Bestand, berechnet
46251;;;;2026-01-01;KREISE;;01004;;KLASS;;A2;Diesel;30,0;%;PKWANT;Anteil am Pkw-Bestand, berechnet
46251;;;;2026-01-01;KREISE;;01004;;KLASS;;A3;Gas (einschl. bivalent);0,6;%;PKWANT;Anteil am Pkw-Bestand, berechnet
46251;;;;2026-01-01;KREISE;;01004;;KLASS;;A4;Hybrid;7,8;%;PKWANT;Anteil am Pkw-Bestand, berechnet
46251;;;;2026-01-01;KREISE;;01004;;KLASS;;A5;darunter Plug-In-Hybrid;2,0;%;PKWANT;Anteil am Pkw-Bestand, berechnet
46251;;;;2026-01-01;KREISE;;01004;;KLASS;;A6;Elektro;4,3;%;PKWANT;Anteil am Pkw-Bestand, berechnet
46251;;;;2026-01-01;KREISE;;01004;;KLASS;;A7;sonstige Kraftstoffarten;0,0;%;PKWANT;Anteil am Pkw-Bestand, berechnet
46251;;;;2026-01-01;KREISE;;01051;Dithmarschen, Kreis;KLASS;;;Insgesamt;85031;Anzahl;W1;Personenkraftwagen nach Kraftstoffarten
46251;;;;2026-01-01;KREISE;;01051;;KLASS;;A1;Benzin;46542;Anzahl;W1;Personenkraftwagen nach Kraftstoffarten
46251;;;;2026-01-01;KREISE;;01051;;KLASS;;A2;Diesel;30485;Anzahl;W1;Personenkraftwagen nach Kraftstoffarten
46251;;;;2026-01-01;KREISE;;01051;;KLASS;;A3;Gas (einschl. bivalent);376;Anzahl;W1;Personenkraftwagen nach Kraftstoffarten
46251;;;;2026-01-01;KREISE;;01051;;KLASS;;A4;Hybrid;4815;Anzahl;W1;Personenkraftwagen nach Kraftstoffarten
46251;;;;2026-01-01;KREISE;;01051;;KLASS;;A5;darunter Plug-In-Hybrid;1065;Anzahl;W1;Personenkraftwagen nach Kraftstoffarten
46251;;;;2026-01-01;KREISE;;01051;;KLASS;;A6;Elektro;2796;Anzahl;W1;Personenkraftwagen nach Kraftstoffarten
46251;;;;2026-01-01;KREISE;;01051;;KLASS;;A7;sonstige Kraftstoffarten;17;Anzahl;W1;Personenkraftwagen nach Kraftstoffarten
46251;;;;2026-01-01;KREISE;;01051;;;;;;637,4;;PKWEW;Pkw je 1.000 Einwohner, berechnet
46251;;;;2026-01-01;KREISE;;01051;;KLASS;;A1;Benzin;54,7;%;PKWANT;Anteil am Pkw-Bestand, berechnet
46251;;;;2026-01-01;KREISE;;01051;;KLASS;;A2;Diesel;35,9;%;PKWANT;Anteil am Pkw-Bestand, berechnet
46251;;;;2026-01-01;KREISE;;01051;;KLASS;;A3;Gas (einschl. bivalent);0,4;%;PKWANT;Anteil am Pkw-Bestand, berechnet
46251;;;;2026-01-01;KREISE;;01051;;KLASS;;A4;Hybrid;5,7;%;PKWANT;Anteil am Pkw-Bestand, berechnet
46251;;;;2026-01-01;KREISE;;01051;;KLASS;;A5;darunter Plug-In-Hybrid;1,3;%;PKWANT;Anteil am Pkw-Bestand, berechnet
46251;;;;2026-01-01;KREISE;;01051;;KLASS;;A6;Elektro;3,3;%;PKWANT;Anteil am Pkw-Bestand, berechnet
46251;;;;2026-01-01;KREISE;;01051;;KLASS;;A7;sonstige Kraftstoffarten;0,0;%;PKWANT;Anteil am Pkw-Bestand, berechnet
46251;;;;2026-01-01;KREISE;;01053;Herzogtum Lauenburg, Kreis;KLASS;;;Insgesamt;124618;Anzahl;W1;Personenkraftwagen nach Kraftstoffarten
46251;;;;2026-01-01;KREISE;;01053;;KLASS;;A1;Benzin;72672;Anzahl;W1;Personenkraftwagen nach Kraftstoffarten
46251;;;;2026-01-01;KREISE;;01053;;KLASS;;A2;Diesel;37149;Anzahl;W1;Personenkraftwagen nach Kraftstoffarten
46251;;;;2026-01-01;KREISE;;01053;;KLASS;;A3;Gas (einschl. bivalent);824;Anzahl;W1;Personenkraftwagen nach Kraftstoffarten
46251;;;;2026-01-01;KREISE;;01053;;KLASS;;A4;Hybrid;8885;Anzahl;W1;Personenkraftwagen nach Kraftstoffarten
46251;;;;2026-01-01;KREISE;;01053;;KLASS;;A5;darunter Plug-In-Hybrid;2286;Anzahl;W1;Personenkraftwagen nach Kraftstoffarten
46251;;;;2026-01-01;KREISE;;01053;;KLASS;;A6;Elektro;5075;Anzahl;W1;Personenkraftwagen nach Kraftstoffarten
46251;;;;2026-01-01;KREISE;;01053;;KLASS;;A7;sonstige Kraftstoffarten;13;Anzahl;W1;Personenkraftwagen nach Kraftstoffarten
46251;;;;2026-01-01;KREISE;;01053;;;;;;603,5;;PKWEW;Pkw je 1.000 Einwohner, berechnet
46251;;;;2026-01-01;KREISE;;01053;;KLASS;;A1;Benzin;58,3;%;PKWANT;Anteil am Pkw-Bestand, berechnet
46251;;;;2026-01-01;KREISE;;01053;;KLASS;;A2;Diesel;29,8;%;PKWANT;Anteil am Pkw-Bestand, berechnet
46251;;;;2026-01-01;KREISE;;01053;;KLASS;;A3;Gas (einschl. bivalent);0,7;%;PKWANT;Anteil am Pkw-Bestand, berechnet
46251;;;;2026-01-01;KREISE;;01053;;KLASS;;A4;Hybrid;7,1;%;PKWANT;Anteil am Pkw-Bestand, berechnet
46251;;;;2026-01-01;KREISE;;01053;;KLASS;;A5;darunter Plug-In-Hybrid;1,8;%;PKWANT;Anteil am Pkw-Bestand, berechnet
46251;;;;2026-01-01;KREISE;;01053;;KLASS;;A6;Elektro;4,1;%;PKWANT;Anteil am Pkw-Bestand, berechnet
46251;;;;2026-01-01;KREISE;;01053;;KLASS;;A7;sonstige Kraftstoffarten;0,0;%;PKWANT;Anteil am Pkw-Bestand, berechnet
46251;;;;2026-01-01;KREISE;;01054;Nordfriesland, Kreis;KLASS;;;Insgesamt;108638;Anzahl;W1;Personenkraftwagen nach Kraftstoffarten
46251;;;;2026-01-01;KREISE;;01054;;KLASS;;A1;Benzin;57347;Anzahl;W1;Personenkraftwagen nach Kraftstoffarten
46251;;;;2026-01-01;KREISE;;01054;;KLASS;;A2;Diesel;38447;Anzahl;W1;Personenkraftwagen nach Kraftstoffarten
46251;;;;2026-01-01;KREISE;;01054;;KLASS;;A3;Gas (einschl. bivalent);500;Anzahl;W1;Personenkraftwagen nach Kraftstoffarten
46251;;;;2026-01-01;KREISE;;01054;;KLASS;;A4;Hybrid;6533;Anzahl;W1;Personenkraftwagen nach Kraftstoffarten
46251;;;;2026-01-01;KREISE;;01054;;KLASS;;A5;darunter Plug-In-Hybrid;1823;Anzahl;W1;Personenkraftwagen nach Kraftstoffarten
46251;;;;2026-01-01;KREISE;;01054;;KLASS;;A6;Elektro;5732;Anzahl;W1;Personenkraftwagen nach Kraftstoffarten
46251;;;;2026-01-01;KREISE;;01054;;KLASS;;A7;sonstige Kraftstoffarten;79;Anzahl;W1;Personenkraftwagen nach Kraftstoffarten
46251;;;;2026-01-01;KREISE;;01054;;;;;;638,5;;PKWEW;Pkw je 1.000 Einwohner, berechnet
46251;;;;2026-01-01;KREISE;;01054;;KLASS;;A1;Benzin;52,8;%;PKWANT;Anteil am Pkw-Bestand, berechnet
46251;;;;2026-01-01;KREISE;;01054;;KLASS;;A2;Diesel;35,4;%;PKWANT;Anteil am Pkw-Bestand, berechnet
46251;;;;2026-01-01;KREISE;;01054;;KLASS;;A3;Gas (einschl. bivalent);0,5;%;PKWANT;Anteil am Pkw-Bestand, berechnet
46251;;;;2026-01-01;KREISE;;01054;;KLASS;;A4;Hybrid;6,0;%;PKWANT;Anteil am Pkw-Bestand, berechnet
46251;;;;2026-01-01;KREISE;;01054;;KLASS;;A5;darunter Plug-In-Hybrid;1,7;%;PKWANT;Anteil am Pkw-Bestand, berechnet
46251;;;;2026-01-01;KREISE;;01054;;KLASS;;A6;Elektro;5,3;%;PKWANT;Anteil am Pkw-Bestand, berechnet
46251;;;;2026-01-01;KREISE;;01054;;KLASS;;A7;sonstige Kraftstoffarten;0,1;%;PKWANT;Anteil am Pkw-Bestand, berechnet
46251;;;;2026-01-01;KREISE;;01055;Ostholstein, Kreis;KLASS;;;Insgesamt;132691;Anzahl;W1;Personenkraftwagen nach Kraftstoffarten
46251;;;;2026-01-01;KREISE;;01055;;KLASS;;A1;Benzin;79418;Anzahl;W1;Personenkraftwagen nach Kraftstoffarten
46251;;;;2026-01-01;KREISE;;01055;;KLASS;;A2;Diesel;38328;Anzahl;W1;Personenkraftwagen nach Kraftstoffarten
46251;;;;2026-01-01;KREISE;;01055;;KLASS;;A3;Gas (einschl. bivalent);793;Anzahl;W1;Personenkraftwagen nach Kraftstoffarten
46251;;;;2026-01-01;KREISE;;01055;;KLASS;;A4;Hybrid;9337;Anzahl;W1;Personenkraftwagen nach Kraftstoffarten
46251;;;;2026-01-01;KREISE;;01055;;KLASS;;A5;darunter Plug-In-Hybrid;2241;Anzahl;W1;Personenkraftwagen nach Kraftstoffarten
46251;;;;2026-01-01;KREISE;;01055;;KLASS;;A6;Elektro;4791;Anzahl;W1;Personenkraftwagen nach Kraftstoffarten
46251;;;;2026-01-01;KREISE;;01055;;KLASS;;A7;sonstige Kraftstoffarten;24;Anzahl;W1;Personenkraftwagen nach Kraftstoffarten
46251;;;;2026-01-01;KREISE;;01055;;;;;;659,4;;PKWEW;Pkw je 1.000 Einwohner, berechnet
46251;;;;2026-01-01;KREISE;;01055;;KLASS;;A1;Benzin;59,9;%;PKWANT;Anteil am Pkw-Bestand, berechnet
46251;;;;2026-01-01;KREISE;;01055;;KLASS;;A2;Diesel;28,9;%;PKWANT;Anteil am Pkw-Bestand, berechnet
46251;;;;2026-01-01;KREISE;;01055;;KLASS;;A3;Gas (einschl. bivalent);0,6;%;PKWANT;Anteil am Pkw-Bestand, berechnet
46251;;;;2026-01-01;KREISE;;01055;;KLASS;;A4;Hybrid;7,0;%;PKWANT;Anteil am Pkw-Bestand, berechnet
46251;;;;2026-01-01;KREISE;;01055;;KLASS;;A5;darunter Plug-In-Hybrid;1,7;%;PKWANT;Anteil am Pkw-Bestand, berechnet
46251;;;;2026-01-01;KREISE;;01055;;KLASS;;A6;Elektro;3,6;%;PKWANT;Anteil am Pkw-Bestand, berechnet
46251;;;;2026-01-01;KREISE;;01055;;KLASS;;A7;sonstige Kraftstoffarten;0,0;%;PKWANT;Anteil am Pkw-Bestand, berechnet
46251;;;;2026-01-01;KREISE;;01056;Pinneberg, Kreis;KLASS;;;Insgesamt;182780;Anzahl;W1;Personenkraftwagen nach Kraftstoffarten
46251;;;;2026-01-01;KREISE;;01056;;KLASS;;A1;Benzin;111400;Anzahl;W1;Personenkraftwagen nach Kraftstoffarten
46251;;;;2026-01-01;KREISE;;01056;;KLASS;;A2;Diesel;47441;Anzahl;W1;Personenkraftwagen nach Kraftstoffarten
46251;;;;2026-01-01;KREISE;;01056;;KLASS;;A3;Gas (einschl. bivalent);927;Anzahl;W1;Personenkraftwagen nach Kraftstoffarten
46251;;;;2026-01-01;KREISE;;01056;;KLASS;;A4;Hybrid;15466;Anzahl;W1;Personenkraftwagen nach Kraftstoffarten
46251;;;;2026-01-01;KREISE;;01056;;KLASS;;A5;darunter Plug-In-Hybrid;4060;Anzahl;W1;Personenkraftwagen nach Kraftstoffarten
46251;;;;2026-01-01;KREISE;;01056;;KLASS;;A6;Elektro;7520;Anzahl;W1;Personenkraftwagen nach Kraftstoffarten
46251;;;;2026-01-01;KREISE;;01056;;KLASS;;A7;sonstige Kraftstoffarten;26;Anzahl;W1;Personenkraftwagen nach Kraftstoffarten
46251;;;;2026-01-01;KREISE;;01056;;;;;;560,9;;PKWEW;Pkw je 1.000 Einwohner, berechnet
46251;;;;2026-01-01;KREISE;;01056;;KLASS;;A1;Benzin;60,9;%;PKWANT;Anteil am Pkw-Bestand, berechnet
46251;;;;2026-01-01;KREISE;;01056;;KLASS;;A2;Diesel;26,0;%;PKWANT;Anteil am Pkw-Bestand, berechnet
46251;;;;2026-01-01;KREISE;;01056;;KLASS;;A3;Gas (einschl. bivalent);0,5;%;PKWANT;Anteil am Pkw-Bestand, berechnet
46251;;;;2026-01-01;KREISE;;01056;;KLASS;;A4;Hybrid;8,5;%;PKWANT;Anteil am Pkw-Bestand, berechnet
46251;;;;2026-01-01;KREISE;;01056;;KLASS;;A5;darunter Plug-In-Hybrid;2,2;%;PKWANT;Anteil am Pkw-Bestand, berechnet
46251;;;;2026-01-01;KREISE;;01056;;KLASS;;A6;Elektro;4,1;%;PKWANT;Anteil am Pkw-Bestand, berechnet
46251;;;;2026-01-01;KREISE;;01056;;KLASS;;A7;sonstige Kraftstoffarten;0,0;%;PKWANT;Anteil am Pkw-Bestand, berechnet
46251;;;;2026-01-01;KREISE;;01057;Plön, Kreis;KLASS;;;Insgesamt;83890;Anzahl;W1;Personenkraftwagen nach Kraftstoffarten
46251;;;;2026-01-01;KREISE;;01057;;KLASS;;A1;Benzin;48382;Anzahl;W1;Personenkraftwagen nach Kraftstoffarten
46251;;;;2026-01-01;KREISE;;01057;;KLASS;;A2;Diesel;26273;Anzahl;W1;Personenkraftwagen nach Kraftstoffarten
46251;;;;2026-01-01;KREISE;;01057;;KLASS;;A3;Gas (einschl. bivalent);392;Anzahl;W1;Personenkraftwagen nach Kraftstoffarten
46251;;;;2026-01-01;KREISE;;01057;;KLASS;;A4;Hybrid;5303;Anzahl;W1;Personenkraftwagen nach Kraftstoffarten
46251;;;;2026-01-01;KREISE;;01057;;KLASS;;A5;darunter Plug-In-Hybrid;1400;Anzahl;W1;Personenkraftwagen nach Kraftstoffarten
46251;;;;2026-01-01;KREISE;;01057;;KLASS;;A6;Elektro;3525;Anzahl;W1;Personenkraftwagen nach Kraftstoffarten
46251;;;;2026-01-01;KREISE;;01057;;KLASS;;A7;sonstige Kraftstoffarten;15;Anzahl;W1;Personenkraftwagen nach Kraftstoffarten
46251;;;;2026-01-01;KREISE;;01057;;;;;;643,7;;PKWEW;Pkw je 1.000 Einwohner, berechnet
46251;;;;2026-01-01;KREISE;;01057;;KLASS;;A1;Benzin;57,7;%;PKWANT;Anteil am Pkw-Bestand, berechnet
46251;;;;2026-01-01;KREISE;;01057;;KLASS;;A2;Diesel;31,3;%;PKWANT;Anteil am Pkw-Bestand, berechnet
46251;;;;2026-01-01;KREISE;;01057;;KLASS;;A3;Gas (einschl. bivalent);0,5;%;PKWANT;Anteil am Pkw-Bestand, berechnet
46251;;;;2026-01-01;KREISE;;01057;;KLASS;;A4;Hybrid;6,3;%;PKWANT;Anteil am Pkw-Bestand, berechnet
46251;;;;2026-01-01;KREISE;;01057;;KLASS;;A5;darunter Plug-In-Hybrid;1,7;%;PKWANT;Anteil am Pkw-Bestand, berechnet
46251;;;;2026-01-01;KREISE;;01057;;KLASS;;A6;Elektro;4,2;%;PKWANT;Anteil am Pkw-Bestand, berechnet
46251;;;;2026-01-01;KREISE;;01057;;KLASS;;A7;sonstige Kraftstoffarten;0,0;%;PKWANT;Anteil am Pkw-Bestand, berechnet
46251;;;;2026-01-01;KREISE;;01058;Rendsburg-Eckernförde, Kreis;KLASS;;;Insgesamt;181303;Anzahl;W1;Personenkraftwagen nach Kraftstoffarten
46251;;;;2026-01-01;KREISE;;01058;;KLASS;;A1;Benzin;97229;Anzahl;W1;Personenkraftwagen nach Kraftstoffarten
46251;;;;2026-01-01;KREISE;;01058;;KLASS;;A2;Diesel;62300;Anzahl;W1;Personenkraftwagen nach Kraftstoffarten
46251;;;;2026-01-01;KREISE;;01058;;KLASS;;A3;Gas (einschl. bivalent);1049;Anzahl;W1;Personenkraftwagen nach Kraftstoffarten
46251;;;;2026-01-01;KREISE;;01058;;KLASS;;A4;Hybrid;12253;Anzahl;W1;Personenkraftwagen nach Kraftstoffarten
46251;;;;2026-01-01;KREISE;;01058;;KLASS;;A5;darunter Plug-In-Hybrid;3079;Anzahl;W1;Personenkraftwagen nach Kraftstoffarten
46251;;;;2026-01-01;KREISE;;01058;;KLASS;;A6;Elektro;8446;Anzahl;W1;Personenkraftwagen nach Kraftstoffarten
46251;;;;2026-01-01;KREISE;;01058;;KLASS;;A7;sonstige Kraftstoffarten;26;Anzahl;W1;Personenkraftwagen nach Kraftstoffarten
46251;;;;2026-01-01;KREISE;;01058;;;;;;653,9;;PKWEW;Pkw je 1.000 Einwohner, berechnet
46251;;;;2026-01-01;KREISE;;01058;;KLASS;;A1;Benzin;53,6;%;PKWANT;Anteil am Pkw-Bestand, berechnet
46251;;;;2026-01-01;KREISE;;01058;;KLASS;;A2;Diesel;34,4;%;PKWANT;Anteil am Pkw-Bestand, berechnet
46251;;;;2026-01-01;KREISE;;01058;;KLASS;;A3;Gas (einschl. bivalent);0,6;%;PKWANT;Anteil am Pkw-Bestand, berechnet
46251;;;;2026-01-01;KREISE;;01058;;KLASS;;A4;Hybrid;6,8;%;PKWANT;Anteil am Pkw-Bestand, berechnet
46251;;;;2026-01-01;KREISE;;01058;;KLASS;;A5;darunter Plug-In-Hybrid;1,7;%;PKWANT;Anteil am Pkw-Bestand, berechnet
46251;;;;2026-01-01;KREISE;;01058;;KLASS;;A6;Elektro;4,7;%;PKWANT;Anteil am Pkw-Bestand, berechnet
46251;;;;2026-01-01;KREISE;;01058;;KLASS;;A7;sonstige Kraftstoffarten;0,0;%;PKWANT;Anteil am Pkw-Bestand, berechnet
46251;;;;2026-01-01;KREISE;;01059;Schleswig-Flensburg, Kreis;KLASS;;;Insgesamt;135858;Anzahl;W1;Personenkraftwagen nach Kraftstoffarten
46251;;;;2026-01-01;KREISE;;01059;;KLASS;;A1;Benzin;69117;Anzahl;W1;Personenkraftwagen nach Kraftstoffarten
46251;;;;2026-01-01;KREISE;;01059;;KLASS;;A2;Diesel;52370;Anzahl;W1;Personenkraftwagen nach Kraftstoffarten
46251;;;;2026-01-01;KREISE;;01059;;KLASS;;A3;Gas (einschl. bivalent);737;Anzahl;W1;Personenkraftwagen nach Kraftstoffarten
46251;;;;2026-01-01;KREISE;;01059;;KLASS;;A4;Hybrid;7647;Anzahl;W1;Personenkraftwagen nach Kraftstoffarten
46251;;;;2026-01-01;KREISE;;01059;;KLASS;;A5;darunter Plug-In-Hybrid;2076;Anzahl;W1;Personenkraftwagen nach Kraftstoffarten
46251;;;;2026-01-01;KREISE;;01059;;KLASS;;A6;Elektro;5953;Anzahl;W1;Personenkraftwagen nach Kraftstoffarten
46251;;;;2026-01-01;KREISE;;01059;;KLASS;;A7;sonstige Kraftstoffarten;34;Anzahl;W1;Personenkraftwagen nach Kraftstoffarten
46251;;;;2026-01-01;KREISE;;01059;;;;;;660,1;;PKWEW;Pkw je 1.000 Einwohner, berechnet
46251;;;;2026-01-01;KREISE;;01059;;KLASS;;A1;Benzin;50,9;%;PKWANT;Anteil am Pkw-Bestand, berechnet
46251;;;;2026-01-01;KREISE;;01059;;KLASS;;A2;Diesel;38,5;%;PKWANT;Anteil am Pkw-Bestand, berechnet
46251;;;;2026-01-01;KREISE;;01059;;KLASS;;A3;Gas (einschl. bivalent);0,5;%;PKWANT;Anteil am Pkw-Bestand, berechnet
46251;;;;2026-01-01;KREISE;;01059;;KLASS;;A4;Hybrid;5,6;%;PKWANT;Anteil am Pkw-Bestand, berechnet
46251;;;;2026-01-01;KREISE;;01059;;KLASS;;A5;darunter Plug-In-Hybrid;1,5;%;PKWANT;Anteil am Pkw-Bestand, berechnet
46251;;;;2026-01-01;KREISE;;01059;;KLASS;;A6;Elektro;4,4;%;PKWANT;Anteil am Pkw-Bestand, berechnet
46251;;;;2026-01-01;KREISE;;01059;;KLASS;;A7;sonstige Kraftstoffarten;0,0;%;PKWANT;Anteil am Pkw-Bestand, berechnet
46251;;;;2026-01-01;KREISE;;01060;Segeberg, Kreis;KLASS;;;Insgesamt;177535;Anzahl;W1;Personenkraftwagen nach Kraftstoffarten
46251;;;;2026-01-01;KREISE;;01060;;KLASS;;A1;Benzin;102651;Anzahl;W1;Personenkraftwagen nach Kraftstoffarten
46251;;;;2026-01-01;KREISE;;01060;;KLASS;;A2;Diesel;50938;Anzahl;W1;Personenkraftwagen nach Kraftstoffarten
46251;;;;2026-01-01;KREISE;;01060;;KLASS;;A3;Gas (einschl. bivalent);1106;Anzahl;W1;Personenkraftwagen nach Kraftstoffarten
46251;;;;2026-01-01;KREISE;;01060;;KLASS;;A4;Hybrid;15319;Anzahl;W1;Personenkraftwagen nach Kraftstoffarten
46251;;;;2026-01-01;KREISE;;01060;;KLASS;;A5;darunter Plug-In-Hybrid;3965;Anzahl;W1;Personenkraftwagen nach Kraftstoffarten
46251;;;;2026-01-01;KREISE;;01060;;KLASS;;A6;Elektro;7485;Anzahl;W1;Personenkraftwagen nach Kraftstoffarten
46251;;;;2026-01-01;KREISE;;01060;;KLASS;;A7;sonstige Kraftstoffarten;36;Anzahl;W1;Personenkraftwagen nach Kraftstoffarten
46251;;;;2026-01-01;KREISE;;01060;;;;;;625,6;;PKWEW;Pkw je 1.000 Einwohner, berechnet
46251;;;;2026-01-01;KREISE;;01060;;KLASS;;A1;Benzin;57,8;%;PKWANT;Anteil am Pkw-Bestand, berechnet
46251;;;;2026-01-01;KREISE;;01060;;KLASS;;A2;Diesel;28,7;%;PKWANT;Anteil am Pkw-Bestand, berechnet
46251;;;;2026-01-01;KREISE;;01060;;KLASS;;A3;Gas (einschl. bivalent);0,6;%;PKWANT;Anteil am Pkw-Bestand, berechnet
46251;;;;2026-01-01;KREISE;;01060;;KLASS;;A4;Hybrid;8,6;%;PKWANT;Anteil am Pkw-Bestand, berechnet
46251;;;;2026-01-01;KREISE;;01060;;KLASS;;A5;darunter Plug-In-Hybrid;2,2;%;PKWANT;Anteil am Pkw-Bestand, berechnet
46251;;;;2026-01-01;KREISE;;01060;;KLASS;;A6;Elektro;4,2;%;PKWANT;Anteil am Pkw-Bestand, berechnet
46251;;;;2026-01-01;KREISE;;01060;;KLASS;;A7;sonstige Kraftstoffarten;0,0;%;PKWANT;Anteil am Pkw-Bestand, berechnet
46251;;;;2026-01-01;KREISE;;01061;Steinburg, Kreis;KLASS;;;Insgesamt;84441;Anzahl;W1;Personenkraftwagen nach Kraftstoffarten
46251;;;;2026-01-01;KREISE;;01061;;KLASS;;A1;Benzin;48072;Anzahl;W1;Personenkraftwagen nach Kraftstoffarten
46251;;;;2026-01-01;KREISE;;01061;;KLASS;;A2;Diesel;27492;Anzahl;W1;Personenkraftwagen nach Kraftstoffarten
46251;;;;2026-01-01;KREISE;;01061;;KLASS;;A3;Gas (einschl. bivalent);519;Anzahl;W1;Personenkraftwagen nach Kraftstoffarten
46251;;;;2026-01-01;KREISE;;01061;;KLASS;;A4;Hybrid;5039;Anzahl;W1;Personenkraftwagen nach Kraftstoffarten
46251;;;;2026-01-01;KREISE;;01061;;KLASS;;A5;darunter Plug-In-Hybrid;1237;Anzahl;W1;Personenkraftwagen nach Kraftstoffarten
46251;;;;2026-01-01;KREISE;;01061;;KLASS;;A6;Elektro;3305;Anzahl;W1;Personenkraftwagen nach Kraftstoffarten
46251;;;;2026-01-01;KREISE;;01061;;KLASS;;A7;sonstige Kraftstoffarten;14;Anzahl;W1;Personenkraftwagen nach Kraftstoffarten
46251;;;;2026-01-01;KREISE;;01061;;;;;;638,7;;PKWEW;Pkw je 1.000 Einwohner, berechnet
46251;;;;2026-01-01;KREISE;;01061;;KLASS;;A1;Benzin;56,9;%;PKWANT;Anteil am Pkw-Bestand, berechnet
46251;;;;2026-01-01;KREISE;;01061;;KLASS;;A2;Diesel;32,6;%;PKWANT;Anteil am Pkw-Bestand, berechnet
46251;;;;2026-01-01;KREISE;;01061;;KLASS;;A3;Gas (einschl. bivalent);0,6;%;PKWANT;Anteil am Pkw-Bestand, berechnet
46251;;;;2026-01-01;KREISE;;01061;;KLASS;;A4;Hybrid;6,0;%;PKWANT;Anteil am Pkw-Bestand, berechnet
46251;;;;2026-01-01;KREISE;;01061;;KLASS;;A5;darunter Plug-In-Hybrid;1,5;%;PKWANT;Anteil am Pkw-Bestand, berechnet
46251;;;;2026-01-01;KREISE;;01061;;KLASS;;A6;Elektro;3,9;%;PKWANT;Anteil am Pkw-Bestand, berechnet
46251;;;;2026-01-01;KREISE;;01061;;KLASS;;A7;sonstige Kraftstoffarten;0,0;%;PKWANT;Anteil am Pkw-Bestand, berechnet
46251;;;;2026-01-01;KREISE;;01062;Stormarn, Kreis;KLASS;;;Insgesamt;156981;Anzahl;W1;Personenkraftwagen nach Kraftstoffarten
46251;;;;2026-01-01;KREISE;;01062;;KLASS;;A1;Benzin;91600;Anzahl;W1;Personenkraftwagen nach Kraftstoffarten
46251;;;;2026-01-01;KREISE;;01062;;KLASS;;A2;Diesel;42841;Anzahl;W1;Personenkraftwagen nach Kraftstoffarten
46251;;;;2026-01-01;KREISE;;01062;;KLASS;;A3;Gas (einschl. bivalent);813;Anzahl;W1;Personenkraftwagen nach Kraftstoffarten
46251;;;;2026-01-01;KREISE;;01062;;KLASS;;A4;Hybrid;14191;Anzahl;W1;Personenkraftwagen nach Kraftstoffarten
46251;;;;2026-01-01;KREISE;;01062;;KLASS;;A5;darunter Plug-In-Hybrid;3917;Anzahl;W1;Personenkraftwagen nach Kraftstoffarten
46251;;;;2026-01-01;KREISE;;01062;;KLASS;;A6;Elektro;7518;Anzahl;W1;Personenkraftwagen nach Kraftstoffarten
46251;;;;2026-01-01;KREISE;;01062;;KLASS;;A7;sonstige Kraftstoffarten;18;Anzahl;W1;Personenkraftwagen nach Kraftstoffarten
46251;;;;2026-01-01;KREISE;;01062;;;;;;634,5;;PKWEW;Pkw je 1.000 Einwohner, berechnet
46251;;;;2026-01-01;KREISE;;01062;;KLASS;;A1;Benzin;58,4;%;PKWANT;Anteil am Pkw-Bestand, berechnet
46251;;;;2026-01-01;KREISE;;01062;;KLASS;;A2;Diesel;27,3;%;PKWANT;Anteil am Pkw-Bestand, berechnet
46251;;;;2026-01-01;KREISE;;01062;;KLASS;;A3;Gas (einschl. bivalent);0,5;%;PKWANT;Anteil am Pkw-Bestand, berechnet
46251;;;;2026-01-01;KREISE;;01062;;KLASS;;A4;Hybrid;9,0;%;PKWANT;Anteil am Pkw-Bestand, berechnet
46251;;;;2026-01-01;KREISE;;01062;;KLASS;;A5;darunter Plug-In-Hybrid;2,5;%;PKWANT;Anteil am Pkw-Bestand, berechnet
46251;;;;2026-01-01;KREISE;;01062;;KLASS;;A6;Elektro;4,8;%;PKWANT;Anteil am Pkw-Bestand, berechnet
46251;;;;2026-01-01;KREISE;;01062;;KLASS;;A7;sonstige Kraftstoffarten;0,0;%;PKWANT;Anteil am Pkw-Bestand, berechnet
46251;;;;2026-01-01;KREISE;;02000;Hamburg;KLASS;;;Insgesamt;807162;Anzahl;W1;Personenkraftwagen nach Kraftstoffarten
46251;;;;2026-01-01;KREISE;;02000;;KLASS;;A1;Benzin;464061;Anzahl;W1;Personenkraftwagen nach Kraftstoffarten
46251;;;;2026-01-01;KREISE;;02000;;KLASS;;A2;Diesel;200666;Anzahl;W1;Personenkraftwagen nach Kraftstoffarten
46251;;;;2026-01-01;KREISE;;02000;;KLASS;;A3;Gas (einschl. bivalent);4238;Anzahl;W1;Personenkraftwagen nach Kraftstoffarten
46251;;;;2026-01-01;KREISE;;02000;;KLASS;;A4;Hybrid;95341;Anzahl;W1;Personenkraftwagen nach Kraftstoffarten
46251;;;;2026-01-01;KREISE;;02000;;KLASS;;A5;darunter Plug-In-Hybrid;28058;Anzahl;W1;Personenkraftwagen nach Kraftstoffarten
46251;;;;2026-01-01;KREISE;;02000;;KLASS;;A6;Elektro;42674;Anzahl;W1;Personenkraftwagen nach Kraftstoffarten
46251;;;;2026-01-01;KREISE;;02000;;KLASS;;A7;sonstige Kraftstoffarten;182;Anzahl;W1;Personenkraftwagen nach Kraftstoffarten
46251;;;;2026-01-01;KREISE;;02000;;;;;;431,8;;PKWEW;Pkw je 1.000 Einwohner, berechnet
46251;;;;2026-01-01;KREISE;;02000;;KLASS;;A1;Benzin;57,5;%;PKWANT;Anteil am Pkw-Bestand, berechnet
46251;;;;2026-01-01;KREISE;;02000;;KLASS;;A2;Diesel;24,9;%;PKWANT;Anteil am Pkw-Bestand, berechnet
46251;;;;2026-01-01;KREISE;;02000;;KLASS;;A3;Gas (einschl. bivalent);0,5;%;PKWANT;Anteil am Pkw-Bestand, berechnet
46251;;;;2026-01-01;KREISE;;02000;;KLASS;;A4;Hybrid;11,8;%;PKWANT;Anteil am Pkw-Bestand, berechnet
46251;;;;2026-01-01;KREISE;;02000;;KLASS;;A5;darunter Plug-In-Hybrid;3,5;%;PKWANT;Anteil am Pkw-Bestand, berechnet
46251;;;;2026-01-01;KREISE;;02000;;KLASS;;A6;Elektro;5,3;%;PKWANT;Anteil am Pkw-Bestand, berechnet
46251;;;;2026-01-01;KREISE;;02000;;KLASS;;A7;sonstige Kraftstoffarten;0,0;%;PKWANT;Anteil am Pkw-Bestand, berechnet
46251;;;;2026-01-01;KREISE;;03101;Braunschweig, kreisfreie Stadt;KLASS;;;Insgesamt;140672;Anzahl;W1;Personenkraftwagen nach Kraftstoffarten
46251;;;;2026-01-01;KREISE;;03101;;KLASS;;A1;Benzin;80145;Anzahl;W1;Personenkraftwagen nach Kraftstoffarten
46251;;;;2026-01-01;KREISE;;03101;;KLASS;;A2;Diesel;37967;Anzahl;W1;Personenkraftwagen nach Kraftstoffarten
46251;;;;2026-01-01;KREISE;;03101;;KLASS;;A3;Gas (einschl. bivalent);1018;Anzahl;W1;Personenkraftwagen nach Kraftstoffarten
46251;;;;2026-01-01;KREISE;;03101;;KLASS;;A4;Hybrid;12633;Anzahl;W1;Personenkraftwagen nach Kraftstoffarten
46251;;;;2026-01-01;KREISE;;03101;;KLASS;;A5;darunter Plug-In-Hybrid;3313;Anzahl;W1;Personenkraftwagen nach Kraftstoffarten
46251;;;;2026-01-01;KREISE;;03101;;KLASS;;A6;Elektro;8891;Anzahl;W1;Personenkraftwagen nach Kraftstoffarten
46251;;;;2026-01-01;KREISE;;03101;;KLASS;;A7;sonstige Kraftstoffarten;18;Anzahl;W1;Personenkraftwagen nach Kraftstoffarten
46251;;;;2026-01-01;KREISE;;03101;;;;;;556,4;;PKWEW;Pkw je 1.000 Einwohner, berechnet
46251;;;;2026-01-01;KREISE;;03101;;KLASS;;A1;Benzin;57,0;%;PKWANT;Anteil am Pkw-Bestand, berechnet
46251;;;;2026-01-01;KREISE;;03101;;KLASS;;A2;Diesel;27,0;%;PKWANT;Anteil am Pkw-Bestand, berechnet
46251;;;;2026-01-01;KREISE;;03101;;KLASS;;A3;Gas (einschl. bivalent);0,7;%;PKWANT;Anteil am Pkw-Bestand, berechnet
46251;;;;2026-01-01;KREISE;;03101;;KLASS;;A4;Hybrid;9,0;%;PKWANT;Anteil am Pkw-Bestand, berechnet
46251;;;;2026-01-01;KREISE;;03101;;KLASS;;A5;darunter Plug-In-Hybrid;2,4;%;PKWANT;Anteil am Pkw-Bestand, berechnet
46251;;;;2026-01-01;KREISE;;03101;;KLASS;;A6;Elektro;6,3;%;PKWANT;Anteil am Pkw-Bestand, berechnet
46251;;;;2026-01-01;KREISE;;03101;;KLASS;;A7;sonstige Kraftstoffarten;0,0;%;PKWANT;Anteil am Pkw-Bestand, berechnet
46251;;;;2026-01-01;KREISE;;03102;Salzgitter, kreisfreie Stadt;KLASS;;;Insgesamt;57503;Anzahl;W1;Personenkraftwagen nach Kraftstoffarten
46251;;;;2026-01-01;KREISE;;03102;;KLASS;;A1;Benzin;34773;Anzahl;W1;Personenkraftwagen nach Kraftstoffarten
46251;;;;2026-01-01;KREISE;;03102;;KLASS;;A2;Diesel;17243;Anzahl;W1;Personenkraftwagen nach Kraftstoffarten
46251;;;;2026-01-01;KREISE;;03102;;KLASS;;A3;Gas (einschl. bivalent);512;Anzahl;W1;Personenkraftwagen nach Kraftstoffarten
46251;;;;2026-01-01;KREISE;;03102;;KLASS;;A4;Hybrid;3312;Anzahl;W1;Personenkraftwagen nach Kraftstoffarten
46251;;;;2026-01-01;KREISE;;03102;;KLASS;;A5;darunter Plug-In-Hybrid;836;Anzahl;W1;Personenkraftwagen nach Kraftstoffarten
46251;;;;2026-01-01;KREISE;;03102;;KLASS;;A6;Elektro;1656;Anzahl;W1;Personenkraftwagen nach Kraftstoffarten
46251;;;;2026-01-01;KREISE;;03102;;KLASS;;A7;sonstige Kraftstoffarten;7;Anzahl;W1;Personenkraftwagen nach Kraftstoffarten
46251;;;;2026-01-01;KREISE;;03102;;;;;;550,6;;PKWEW;Pkw je 1.000 Einwohner, berechnet
46251;;;;2026-01-01;KREISE;;03102;;KLASS;;A1;Benzin;60,5;%;PKWANT;Anteil am Pkw-Bestand, berechnet
46251;;;;2026-01-01;KREISE;;03102;;KLASS;;A2;Diesel;30,0;%;PKWANT;Anteil am Pkw-Bestand, berechnet
46251;;;;2026-01-01;KREISE;;03102;;KLASS;;A3;Gas (einschl. bivalent);0,9;%;PKWANT;Anteil am Pkw-Bestand, berechnet
46251;;;;2026-01-01;KREISE;;03102;;KLASS;;A4;Hybrid;5,8;%;PKWANT;Anteil am Pkw-Bestand, berechnet
46251;;;;2026-01-01;KREISE;;03102;;KLASS;;A5;darunter Plug-In-Hybrid;1,5;%;PKWANT;Anteil am Pkw-Bestand, berechnet
46251;;;;2026-01-01;KREISE;;03102;;KLASS;;A6;Elektro;2,9;%;PKWANT;Anteil am Pkw-Bestand, berechnet
46251;;;;2026-01-01;KREISE;;03102;;KLASS;;A7;sonstige Kraftstoffarten;0,0;%;PKWANT;Anteil am Pkw-Bestand, berechnet
46251;;;;2026-01-01;KREISE;;03103;Wolfsburg, kreisfreie Stadt;KLASS;;;Insgesamt;126648;Anzahl;W1;Personenkraftwagen nach Kraftstoffarten
46251;;;;2026-01-01;KREISE;;03103;;KLASS;;A1;Benzin;64965;Anzahl;W1;Personenkraftwagen nach Kraftstoffarten
46251;;;;2026-01-01;KREISE;;03103;;KLASS;;A2;Diesel;26363;Anzahl;W1;Personenkraftwagen nach Kraftstoffarten
46251;;;;2026-01-01;KREISE;;03103;;KLASS;;A3;Gas (einschl. bivalent);418;Anzahl;W1;Personenkraftwagen nach Kraftstoffarten
46251;;;;2026-01-01;KREISE;;03103;;KLASS;;A4;Hybrid;19064;Anzahl;W1;Personenkraftwagen nach Kraftstoffarten
46251;;;;2026-01-01;KREISE;;03103;;KLASS;;A5;darunter Plug-In-Hybrid;10178;Anzahl;W1;Personenkraftwagen nach Kraftstoffarten
46251;;;;2026-01-01;KREISE;;03103;;KLASS;;A6;Elektro;15832;Anzahl;W1;Personenkraftwagen nach Kraftstoffarten
46251;;;;2026-01-01;KREISE;;03103;;KLASS;;A7;sonstige Kraftstoffarten;6;Anzahl;W1;Personenkraftwagen nach Kraftstoffarten
46251;;;;2026-01-01;KREISE;;03103;;;;;;975,6;;PKWEW;Pkw je 1.000 Einwohner, berechnet
46251;;;;2026-01-01;KREISE;;03103;;KLASS;;A1;Benzin;51,3;%;PKWANT;Anteil am Pkw-Bestand, berechnet
46251;;;;2026-01-01;KREISE;;03103;;KLASS;;A2;Diesel;20,8;%;PKWANT;Anteil am Pkw-Bestand, berechnet
46251;;;;2026-01-01;KREISE;;03103;;KLASS;;A3;Gas (einschl. bivalent);0,3;%;PKWANT;Anteil am Pkw-Bestand, berechnet
46251;;;;2026-01-01;KREISE;;03103;;KLASS;;A4;Hybrid;15,1;%;PKWANT;Anteil am Pkw-Bestand, berechnet
46251;;;;2026-01-01;KREISE;;03103;;KLASS;;A5;darunter Plug-In-Hybrid;8,0;%;PKWANT;Anteil am Pkw-Bestand, berechnet
46251;;;;2026-01-01;KREISE;;03103;;KLASS;;A6;Elektro;12,5;%;PKWANT;Anteil am Pkw-Bestand, berechnet
46251;;;;2026-01-01;KREISE;;03103;;KLASS;;A7;sonstige Kraftstoffarten;0,0;%;PKWANT;Anteil am Pkw-Bestand, berechnet
46251;;;;2026-01-01;KREISE;;03151;Gifhorn, Landkreis;KLASS;;;Insgesamt;112912;Anzahl;W1;Personenkraftwagen nach Kraftstoffarten
46251;;;;2026-01-01;KREISE;;03151;;KLASS;;A1;Benzin;63831;Anzahl;W1;Personenkraftwagen nach Kraftstoffarten
46251;;;;2026-01-01;KREISE;;03151;;KLASS;;A2;Diesel;37604;Anzahl;W1;Personenkraftwagen nach Kraftstoffarten
46251;;;;2026-01-01;KREISE;;03151;;KLASS;;A3;Gas (einschl. bivalent);760;Anzahl;W1;Personenkraftwagen nach Kraftstoffarten
46251;;;;2026-01-01;KREISE;;03151;;KLASS;;A4;Hybrid;5690;Anzahl;W1;Personenkraftwagen nach Kraftstoffarten
46251;;;;2026-01-01;KREISE;;03151;;KLASS;;A5;darunter Plug-In-Hybrid;1673;Anzahl;W1;Personenkraftwagen nach Kraftstoffarten
46251;;;;2026-01-01;KREISE;;03151;;KLASS;;A6;Elektro;5010;Anzahl;W1;Personenkraftwagen nach Kraftstoffarten
46251;;;;2026-01-01;KREISE;;03151;;KLASS;;A7;sonstige Kraftstoffarten;17;Anzahl;W1;Personenkraftwagen nach Kraftstoffarten
46251;;;;2026-01-01;KREISE;;03151;;;;;;643,3;;PKWEW;Pkw je 1.000 Einwohner, berechnet
46251;;;;2026-01-01;KREISE;;03151;;KLASS;;A1;Benzin;56,5;%;PKWANT;Anteil am Pkw-Bestand, berechnet
46251;;;;2026-01-01;KREISE;;03151;;KLASS;;A2;Diesel;33,3;%;PKWANT;Anteil am Pkw-Bestand, berechnet
46251;;;;2026-01-01;KREISE;;03151;;KLASS;;A3;Gas (einschl. bivalent);0,7;%;PKWANT;Anteil am Pkw-Bestand, berechnet
46251;;;;2026-01-01;KREISE;;03151;;KLASS;;A4;Hybrid;5,0;%;PKWANT;Anteil am Pkw-Bestand, berechnet
46251;;;;2026-01-01;KREISE;;03151;;KLASS;;A5;darunter Plug-In-Hybrid;1,5;%;PKWANT;Anteil am Pkw-Bestand, berechnet
46251;;;;2026-01-01;KREISE;;03151;;KLASS;;A6;Elektro;4,4;%;PKWANT;Anteil am Pkw-Bestand, berechnet
46251;;;;2026-01-01;KREISE;;03151;;KLASS;;A7;sonstige Kraftstoffarten;0,0;%;PKWANT;Anteil am Pkw-Bestand, berechnet
46251;;;;2026-01-01;KREISE;;03152;Göttingen, Landkreis;KLASS;;;Insgesamt;-;Anzahl;W1;Personenkraftwagen nach Kraftstoffarten
46251;;;;2026-01-01;KREISE;;03152;;KLASS;;A1;Benzin;-;Anzahl;W1;Personenkraftwagen nach Kraftstoffarten
46251;;;;2026-01-01;KREISE;;03152;;KLASS;;A2;Diesel;-;Anzahl;W1;Personenkraftwagen nach Kraftstoffarten
46251;;;;2026-01-01;KREISE;;03152;;KLASS;;A3;Gas (einschl. bivalent);-;Anzahl;W1;Personenkraftwagen nach Kraftstoffarten
46251;;;;2026-01-01;KREISE;;03152;;KLASS;;A4;Hybrid;-;Anzahl;W1;Personenkraftwagen nach Kraftstoffarten
46251;;;;2026-01-01;KREISE;;03152;;KLASS;;A5;darunter Plug-In-Hybrid;-;Anzahl;W1;Personenkraftwagen nach Kraftstoffarten
46251;;;;2026-01-01;KREISE;;03152;;KLASS;;A6;Elektro;-;Anzahl;W1;Personenkraftwagen nach Kraftstoffarten
46251;;;;2026-01-01;KREISE;;03152;;KLASS;;A7;sonstige Kraftstoffarten;-;Anzahl;W1;Personenkraftwagen nach Kraftstoffarten
46251;;;;2026-01-01;KREISE;;03153;Goslar, Landkreis;KLASS;;;Insgesamt;80888;Anzahl;W1;Personenkraftwagen nach Kraftstoffarten
46251;;;;2026-01-01;KREISE;;03153;;KLASS;;A1;Benzin;49125;Anzahl;W1;Personenkraftwagen nach Kraftstoffarten
46251;;;;2026-01-01;KREISE;;03153;;KLASS;;A2;Diesel;22356;Anzahl;W1;Personenkraftwagen nach Kraftstoffarten
46251;;;;2026-01-01;KREISE;;03153;;KLASS;;A3;Gas (einschl. bivalent);582;Anzahl;W1;Personenkraftwagen nach Kraftstoffarten
46251;;;;2026-01-01;KREISE;;03153;;KLASS;;A4;Hybrid;6140;Anzahl;W1;Personenkraftwagen nach Kraftstoffarten
46251;;;;2026-01-01;KREISE;;03153;;KLASS;;A5;darunter Plug-In-Hybrid;1518;Anzahl;W1;Personenkraftwagen nach Kraftstoffarten
46251;;;;2026-01-01;KREISE;;03153;;KLASS;;A6;Elektro;2668;Anzahl;W1;Personenkraftwagen nach Kraftstoffarten
46251;;;;2026-01-01;KREISE;;03153;;KLASS;;A7;sonstige Kraftstoffarten;17;Anzahl;W1;Personenkraftwagen nach Kraftstoffarten
46251;;;;2026-01-01;KREISE;;03153;;;;;;641,6;;PKWEW;Pkw je 1.000 Einwohner, berechnet
46251;;;;2026-01-01;KREISE;;03153;;KLASS;;A1;Benzin;60,7;%;PKWANT;Anteil am Pkw-Bestand, berechnet
46251;;;;2026-01-01;KREISE;;03153;;KLASS;;A2;Diesel;27,6;%;PKWANT;Anteil am Pkw-Bestand, berechnet
46251;;;;2026-01-01;KREISE;;03153;;KLASS;;A3;Gas (einschl. bivalent);0,7;%;PKWANT;Anteil am Pkw-Bestand, berechnet
46251;;;;2026-01-01;KREISE;;03153;;KLASS;;A4;Hybrid;7,6;%;PKWANT;Anteil am Pkw-Bestand, berechnet
46251;;;;2026-01-01;KREISE;;03153;;KLASS;;A5;darunter Plug-In-Hybrid;1,9;%;PKWANT;Anteil am Pkw-Bestand, berechnet
46251;;;;2026-01-01;KREISE;;03153;;KLASS;;A6;Elektro;3,3;%;PKWANT;Anteil am Pkw-Bestand, berechnet
46251;;;;2026-01-01;KREISE;;03153;;KLASS;;A7;sonstige Kraftstoffarten;0,0;%;PKWANT;Anteil am Pkw-Bestand, berechnet
46251;;;;2026-01-01;KREISE;;03154;Helmstedt, Landkreis;KLASS;;;Insgesamt;57726;Anzahl;W1;Personenkraftwagen nach Kraftstoffarten
46251;;;;2026-01-01;KREISE;;03154;;KLASS;;A1;Benzin;34207;Anzahl;W1;Personenkraftwagen nach Kraftstoffarten
46251;;;;2026-01-01;KREISE;;03154;;KLASS;;A2;Diesel;17747;Anzahl;W1;Personenkraftwagen nach Kraftstoffarten
46251;;;;2026-01-01;KREISE;;03154;;KLASS;;A3;Gas (einschl. bivalent);456;Anzahl;W1;Personenkraftwagen nach Kraftstoffarten
46251;;;;2026-01-01;KREISE;;03154;;KLASS;;A4;Hybrid;2961;Anzahl;W1;Personenkraftwagen nach Kraftstoffarten
46251;;;;2026-01-01;KREISE;;03154;;KLASS;;A5;darunter Plug-In-Hybrid;917;Anzahl;W1;Personenkraftwagen nach Kraftstoffarten
46251;;;;2026-01-01;KREISE;;03154;;KLASS;;A6;Elektro;2351;Anzahl;W1;Personenkraftwagen nach Kraftstoffarten
46251;;;;2026-01-01;KREISE;;03154;;KLASS;;A7;sonstige Kraftstoffarten;4;Anzahl;W1;Personenkraftwagen nach Kraftstoffarten
46251;;;;2026-01-01;KREISE;;03154;;;;;;643,0;;PKWEW;Pkw je 1.000 Einwohner, berechnet
46251;;;;2026-01-01;KREISE;;03154;;KLASS;;A1;Benzin;59,3;%;PKWANT;Anteil am Pkw-Bestand, berechnet
46251;;;;2026-01-01;KREISE;;03154;;KLASS;;A2;Diesel;30,7;%;PKWANT;Anteil am Pkw-Bestand, berechnet
46251;;;;2026-01-01;KREISE;;03154;;KLASS;;A3;Gas (einschl. bivalent);0,8;%;PKWANT;Anteil am Pkw-Bestand, berechnet
46251;;;;2026-01-01;KREISE;;03154;;KLASS;;A4;Hybrid;5,1;%;PKWANT;Anteil am Pkw-Bestand, berechnet
46251;;;;2026-01-01;KREISE;;03154;;KLASS;;A5;darunter Plug-In-Hybrid;1,6;%;PKWANT;Anteil am Pkw-Bestand, berechnet
46251;;;;2026-01-01;KREISE;;03154;;KLASS;;A6;Elektro;4,1;%;PKWANT;Anteil am Pkw-Bestand, berechnet
46251;;;;2026-01-01;KREISE;;03154;;KLASS;;A7;sonstige Kraftstoffarten;0,0;%;PKWANT;Anteil am Pkw-Bestand, berechnet
46251;;;;2026-01-01;KREISE;;03155;Northeim, Landkreis;KLASS;;;Insgesamt;89952;Anzahl;W1;Personenkraftwagen nach Kraftstoffarten
46251;;;;2026-01-01;KREISE;;03155;;KLASS;;A1;Benzin;53662;Anzahl;W1;Personenkraftwagen nach Kraftstoffarten
46251;;;;2026-01-01;KREISE;;03155;;KLASS;;A2;Diesel;25913;Anzahl;W1;Personenkraftwagen nach Kraftstoffarten
46251;;;;2026-01-01;KREISE;;03155;;KLASS;;A3;Gas (einschl. bivalent);627;Anzahl;W1;Personenkraftwagen nach Kraftstoffarten
46251;;;;2026-01-01;KREISE;;03155;;KLASS;;A4;Hybrid;6316;Anzahl;W1;Personenkraftwagen nach Kraftstoffarten
46251;;;;2026-01-01;KREISE;;03155;;KLASS;;A5;darunter Plug-In-Hybrid;1573;Anzahl;W1;Personenkraftwagen nach Kraftstoffarten
46251;;;;2026-01-01;KREISE;;03155;;KLASS;;A6;Elektro;3409;Anzahl;W1;Personenkraftwagen nach Kraftstoffarten
46251;;;;2026-01-01;KREISE;;03155;;KLASS;;A7;sonstige Kraftstoffarten;25;Anzahl;W1;Personenkraftwagen nach Kraftstoffarten
46251;;;;2026-01-01;KREISE;;03155;;;;;;721,4;;PKWEW;Pkw je 1.000 Einwohner, berechnet
46251;;;;2026-01-01;KREISE;;03155;;KLASS;;A1;Benzin;59,7;%;PKWANT;Anteil am Pkw-Bestand, berechnet
46251;;;;2026-01-01;KREISE;;03155;;KLASS;;A2;Diesel;28,8;%;PKWANT;Anteil am Pkw-Bestand, berechnet
46251;;;;2026-01-01;KREISE;;03155;;KLASS;;A3;Gas (einschl. bivalent);0,7;%;PKWANT;Anteil am Pkw-Bestand, berechnet
46251;;;;2026-01-01;KREISE;;03155;;KLASS;;A4;Hybrid;7,0;%;PKWANT;Anteil am Pkw-Bestand, berechnet
46251;;;;2026-01-01;KREISE;;03155;;KLASS;;A5;darunter Plug-In-Hybrid;1,7;%;PKWANT;Anteil am Pkw-Bestand, berechnet
46251;;;;2026-01-01;KREISE;;03155;;KLASS;;A6;Elektro;3,8;%;PKWANT;Anteil am Pkw-Bestand, berechnet
46251;;;;2026-01-01;KREISE;;03155;;KLASS;;A7;sonstige Kraftstoffarten;0,0;%;PKWANT;Anteil am Pkw-Bestand, berechnet
46251;;;;2026-01-01;KREISE;;03156;Osterode am Harz, Landkreis;KLASS;;;Insgesamt;-;Anzahl;W1;Personenkraftwagen nach Kraftstoffarten
46251;;;;2026-01-01;KREISE;;03156;;KLASS;;A1;Benzin;-;Anzahl;W1;Personenkraftwagen nach Kraftstoffarten
46251;;;;2026-01-01;KREISE;;03156;;KLASS;;A2;Diesel;-;Anzahl;W1;Personenkraftwagen nach Kraftstoffarten
46251;;;;2026-01-01;KREISE;;03156;;KLASS;;A3;Gas (einschl. bivalent);-;Anzahl;W1;Personenkraftwagen nach Kraftstoffarten
46251;;;;2026-01-01;KREISE;;03156;;KLASS;;A4;Hybrid;-;Anzahl;W1;Personenkraftwagen nach Kraftstoffarten
46251;;;;2026-01-01;KREISE;;03156;;KLASS;;A5;darunter Plug-In-Hybrid;-;Anzahl;W1;Personenkraftwagen nach Kraftstoffarten
46251;;;;2026-01-01;KREISE;;03156;;KLASS;;A6;Elektro;-;Anzahl;W1;Personenkraftwagen nach Kraftstoffarten
46251;;;;2026-01-01;KREISE;;03156;;KLASS;;A7;sonstige Kraftstoffarten;-;Anzahl;W1;Personenkraftwagen nach Kraftstoffarten
46251;;;;2026-01-01;KREISE;;03157;Peine, Landkreis;KLASS;;;Insgesamt;88375;Anzahl;W1;Personenkraftwagen nach Kraftstoffarten
46251;;;;2026-01-01;KREISE;;03157;;KLASS;;A1;Benzin;53497;Anzahl;W1;Personenkraftwagen nach Kraftstoffarten
46251;;;;2026-01-01;KREISE;;03157;;KLASS;;A2;Diesel;25256;Anzahl;W1;Personenkraftwagen nach Kraftstoffarten
46251;;;;2026-01-01;KREISE;;03157;;KLASS;;A3;Gas (einschl. bivalent);807;Anzahl;W1;Personenkraftwagen nach Kraftstoffarten
46251;;;;2026-01-01;KREISE;;03157;;KLASS;;A4;Hybrid;4822;Anzahl;W1;Personenkraftwagen nach Kraftstoffarten
46251;;;;2026-01-01;KREISE;;03157;;KLASS;;A5;darunter Plug-In-Hybrid;1334;Anzahl;W1;Personenkraftwagen nach Kraftstoffarten
46251;;;;2026-01-01;KREISE;;03157;;KLASS;;A6;Elektro;3978;Anzahl;W1;Personenkraftwagen nach Kraftstoffarten
46251;;;;2026-01-01;KREISE;;03157;;KLASS;;A7;sonstige Kraftstoffarten;15;Anzahl;W1;Personenkraftwagen nach Kraftstoffarten
46251;;;;2026-01-01;KREISE;;03157;;;;;;644,4;;PKWEW;Pkw je 1.000 Einwohner, berechnet
46251;;;;2026-01-01;KREISE;;03157;;KLASS;;A1;Benzin;60,5;%;PKWANT;Anteil am Pkw-Bestand, berechnet
46251;;;;2026-01-01;KREISE;;03157;;KLASS;;A2;Diesel;28,6;%;PKWANT;Anteil am Pkw-Bestand, berechnet
46251;;;;2026-01-01;KREISE;;03157;;KLASS;;A3;Gas (einschl. bivalent);0,9;%;PKWANT;Anteil am Pkw-Bestand, berechnet
46251;;;;2026-01-01;KREISE;;03157;;KLASS;;A4;Hybrid;5,5;%;PKWANT;Anteil am Pkw-Bestand, berechnet
46251;;;;2026-01-01;KREISE;;03157;;KLASS;;A5;darunter Plug-In-Hybrid;1,5;%;PKWANT;Anteil am Pkw-Bestand, berechnet
46251;;;;2026-01-01;KREISE;;03157;;KLASS;;A6;Elektro;4,5;%;PKWANT;Anteil am Pkw-Bestand, berechnet
46251;;;;2026-01-01;KREISE;;03157;;KLASS;;A7;sonstige Kraftstoffarten;0,0;%;PKWANT;Anteil am Pkw-Bestand, berechnet
46251;;;;2026-01-01;KREISE;;03158;Wolfenbüttel, Landkreis;KLASS;;;Insgesamt;77053;Anzahl;W1;Personenkraftwagen nach Kraftstoffarten
46251;;;;2026-01-01;KREISE;;03158;;KLASS;;A1;Benzin;47170;Anzahl;W1;Personenkraftwagen nach Kraftstoffarten
46251;;;;2026-01-01;KREISE;;03158;;KLASS;;A2;Diesel;21245;Anzahl;W1;Personenkraftwagen nach Kraftstoffarten
46251;;;;2026-01-01;KREISE;;03158;;KLASS;;A3;Gas (einschl. bivalent);630;Anzahl;W1;Personenkraftwagen nach Kraftstoffarten
46251;;;;2026-01-01;KREISE;;03158;;KLASS;;A4;Hybrid;4596;Anzahl;W1;Personenkraftwagen nach Kraftstoffarten
46251;;;;2026-01-01;KREISE;;03158;;KLASS;;A5;darunter Plug-In-Hybrid;1141;Anzahl;W1;Personenkraftwagen nach Kraftstoffarten
46251;;;;2026-01-01;KREISE;;03158;;KLASS;;A6;Elektro;3399;Anzahl;W1;Personenkraftwagen nach Kraftstoffarten
46251;;;;2026-01-01;KREISE;;03158;;KLASS;;A7;sonstige Kraftstoffarten;13;Anzahl;W1;Personenkraftwagen nach Kraftstoffarten
46251;;;;2026-01-01;KREISE;;03158;;;;;;653,9;;PKWEW;Pkw je 1.000 Einwohner, berechnet
46251;;;;2026-01-01;KREISE;;03158;;KLASS;;A1;Benzin;61,2;%;PKWANT;Anteil am Pkw-Bestand, berechnet
46251;;;;2026-01-01;KREISE;;03158;;KLASS;;A2;Diesel;27,6;%;PKWANT;Anteil am Pkw-Bestand, berechnet
46251;;;;2026-01-01;KREISE;;03158;;KLASS;;A3;Gas (einschl. bivalent);0,8;%;PKWANT;Anteil am Pkw-Bestand, berechnet
46251;;;;2026-01-01;KREISE;;03158;;KLASS;;A4;Hybrid;6,0;%;PKWANT;Anteil am Pkw-Bestand, berechnet
46251;;;;2026-01-01;KREISE;;03158;;KLASS;;A5;darunter Plug-In-Hybrid;1,5;%;PKWANT;Anteil am Pkw-Bestand, berechnet
46251;;;;2026-01-01;KREISE;;03158;;KLASS;;A6;Elektro;4,4;%;PKWANT;Anteil am Pkw-Bestand, berechnet
46251;;;;2026-01-01;KREISE;;03158;;KLASS;;A7;sonstige Kraftstoffarten;0,0;%;PKWANT;Anteil am Pkw-Bestand, berechnet
46251;;;;2026-01-01;KREISE;;03159;Göttingen, Landkreis;KLASS;;;Insgesamt;186773;Anzahl;W1;Personenkraftwagen nach Kraftstoffarten
46251;;;;2026-01-01;KREISE;;03159;;KLASS;;A1;Benzin;112417;Anzahl;W1;Personenkraftwagen nach Kraftstoffarten
46251;;;;2026-01-01;KREISE;;03159;;KLASS;;A2;Diesel;51952;Anzahl;W1;Personenkraftwagen nach Kraftstoffarten
46251;;;;2026-01-01;KREISE;;03159;;KLASS;;A3;Gas (einschl. bivalent);1235;Anzahl;W1;Personenkraftwagen nach Kraftstoffarten
46251;;;;2026-01-01;KREISE;;03159;;KLASS;;A4;Hybrid;13647;Anzahl;W1;Personenkraftwagen nach Kraftstoffarten
46251;;;;2026-01-01;KREISE;;03159;;KLASS;;A5;darunter Plug-In-Hybrid;3515;Anzahl;W1;Personenkraftwagen nach Kraftstoffarten
46251;;;;2026-01-01;KREISE;;03159;;KLASS;;A6;Elektro;7492;Anzahl;W1;Personenkraftwagen nach Kraftstoffarten
46251;;;;2026-01-01;KREISE;;03159;;KLASS;;A7;sonstige Kraftstoffarten;30;Anzahl;W1;Personenkraftwagen nach Kraftstoffarten
46251;;;;2026-01-01;KREISE;;03159;;;;;;564,4;;PKWEW;Pkw je 1.000 Einwohner, berechnet
46251;;;;2026-01-01;KREISE;;03159;;KLASS;;A1;Benzin;60,2;%;PKWANT;Anteil am Pkw-Bestand, berechnet
46251;;;;2026-01-01;KREISE;;03159;;KLASS;;A2;Diesel;27,8;%;PKWANT;Anteil am Pkw-Bestand, berechnet
46251;;;;2026-01-01;KREISE;;03159;;KLASS;;A3;Gas (einschl. bivalent);0,7;%;PKWANT;Anteil am Pkw-Bestand, berechnet
46251;;;;2026-01-01;KREISE;;03159;;KLASS;;A4;Hybrid;7,3;%;PKWANT;Anteil am Pkw-Bestand, berechnet
46251;;;;2026-01-01;KREISE;;03159;;KLASS;;A5;darunter Plug-In-Hybrid;1,9;%;PKWANT;Anteil am Pkw-Bestand, berechnet
46251;;;;2026-01-01;KREISE;;03159;;KLASS;;A6;Elektro;4,0;%;PKWANT;Anteil am Pkw-Bestand, berechnet
46251;;;;2026-01-01;KREISE;;03159;;KLASS;;A7;sonstige Kraftstoffarten;0,0;%;PKWANT;Anteil am Pkw-Bestand, berechnet
46251;;;;2026-01-01;KREISE;;03241;Region Hannover, Landkreis;KLASS;;;Insgesamt;602714;Anzahl;W1;Personenkraftwagen nach Kraftstoffarten
46251;;;;2026-01-01;KREISE;;03241;;KLASS;;A1;Benzin;361679;Anzahl;W1;Personenkraftwagen nach Kraftstoffarten
46251;;;;2026-01-01;KREISE;;03241;;KLASS;;A2;Diesel;157667;Anzahl;W1;Personenkraftwagen nach Kraftstoffarten
46251;;;;2026-01-01;KREISE;;03241;;KLASS;;A3;Gas (einschl. bivalent);4512;Anzahl;W1;Personenkraftwagen nach Kraftstoffarten
46251;;;;2026-01-01;KREISE;;03241;;KLASS;;A4;Hybrid;51026;Anzahl;W1;Personenkraftwagen nach Kraftstoffarten
46251;;;;2026-01-01;KREISE;;03241;;KLASS;;A5;darunter Plug-In-Hybrid;13867;Anzahl;W1;Personenkraftwagen nach Kraftstoffarten
46251;;;;2026-01-01;KREISE;;03241;;KLASS;;A6;Elektro;27718;Anzahl;W1;Personenkraftwagen nach Kraftstoffarten
46251;;;;2026-01-01;KREISE;;03241;;KLASS;;A7;sonstige Kraftstoffarten;112;Anzahl;W1;Personenkraftwagen nach Kraftstoffarten
46251;;;;2026-01-01;KREISE;;03241;;;;;;528,2;;PKWEW;Pkw je 1.000 Einwohner, berechnet
46251;;;;2026-01-01;KREISE;;03241;;KLASS;;A1;Benzin;60,0;%;PKWANT;Anteil am Pkw-Bestand, berechnet
46251;;;;2026-01-01;KREISE;;03241;;KLASS;;A2;Diesel;26,2;%;PKWANT;Anteil am Pkw-Bestand, berechnet
46251;;;;2026-01-01;KREISE;;03241;;KLASS;;A3;Gas (einschl. bivalent);0,7;%;PKWANT;Anteil am Pkw-Bestand, berechnet
46251;;;;2026-01-01;KREISE;;03241;;KLASS;;A4;Hybrid;8,5;%;PKWANT;Anteil am Pkw-Bestand, berechnet
46251;;;;2026-01-01;KREISE;;03241;;KLASS;;A5;darunter Plug-In-Hybrid;2,3;%;PKWANT;Anteil am Pkw-Bestand, berechnet
46251;;;;2026-01-01;KREISE;;03241;;KLASS;;A6;Elektro;4,6;%;PKWANT;Anteil am Pkw-Bestand, berechnet
46251;;;;2026-01-01;KREISE;;03241;;KLASS;;A7;sonstige Kraftstoffarten;0,0;%;PKWANT;Anteil am Pkw-Bestand, berechnet
46251;;;;2026-01-01;KREISE;;03241001;Hannover, Landeshauptstadt;KLASS;;;Insgesamt;223947;Anzahl;W1;Personenkraftwagen nach Kraftstoffarten
46251;;;;2026-01-01;KREISE;;03241001;;KLASS;;A1;Benzin;133482;Anzahl;W1;Personenkraftwagen nach Kraftstoffarten
46251;;;;2026-01-01;KREISE;;03241001;;KLASS;;A2;Diesel;55981;Anzahl;W1;Personenkraftwagen nach Kraftstoffarten
46251;;;;2026-01-01;KREISE;;03241001;;KLASS;;A3;Gas (einschl. bivalent);1690;Anzahl;W1;Personenkraftwagen nach Kraftstoffarten
46251;;;;2026-01-01;KREISE;;03241001;;KLASS;;A4;Hybrid;21874;Anzahl;W1;Personenkraftwagen nach Kraftstoffarten
46251;;;;2026-01-01;KREISE;;03241001;;KLASS;;A5;darunter Plug-In-Hybrid;6273;Anzahl;W1;Personenkraftwagen nach Kraftstoffarten
46251;;;;2026-01-01;KREISE;;03241001;;KLASS;;A6;Elektro;10868;Anzahl;W1;Personenkraftwagen nach Kraftstoffarten
46251;;;;2026-01-01;KREISE;;03241001;;KLASS;;A7;sonstige Kraftstoffarten;52;Anzahl;W1;Personenkraftwagen nach Kraftstoffarten
46251;;;;2026-01-01;KREISE;;03241001;;;;;;428,4;;PKWEW;Pkw je 1.000 Einwohner, berechnet
46251;;;;2026-01-01;KREISE;;03241001;;KLASS;;A1;Benzin;59,6;%;PKWANT;Anteil am Pkw-Bestand, berechnet
46251;;;;2026-01-01;KREISE;;03241001;;KLASS;;A2;Diesel;25,0;%;PKWANT;Anteil am Pkw-Bestand, berechnet
46251;;;;2026-01-01;KREISE;;03241001;;KLASS;;A3;Gas (einschl. bivalent);0,8;%;PKWANT;Anteil am Pkw-Bestand, berechnet
46251;;;;2026-01-01;KREISE;;03241001;;KLASS;;A4;Hybrid;9,8;%;PKWANT;Anteil am Pkw-Bestand, berechnet
46251;;;;2026-01-01;KREISE;;03241001;;KLASS;;A5;darunter Plug-In-Hybrid;2,8;%;PKWANT;Anteil am Pkw-Bestand, berechnet
46251;;;;2026-01-01;KREISE;;03241001;;KLASS;;A6;Elektro;4,9;%;PKWANT;Anteil am Pkw-Bestand, berechnet
46251;;;;2026-01-01;KREISE;;03241001;;KLASS;;A7;sonstige Kraftstoffarten;0,0;%;PKWANT;Anteil am Pkw-Bestand, berechnet
46251;;;;2026-01-01;KREISE;;03251;Diepholz, Landkreis;KLASS;;;Insgesamt;148305;Anzahl;W1;Personenkraftwagen nach Kraftstoffarten
46251;;;;2026-01-01;KREISE;;03251;;KLASS;;A1;Benzin;84925;Anzahl;W1;Personenkraftwagen nach Kraftstoffarten
46251;;;;2026-01-01;KREISE;;03251;;KLASS;;A2;Diesel;44481;Anzahl;W1;Personenkraftwagen nach Kraftstoffarten
46251;;;;2026-01-01;KREISE;;03251;;KLASS;;A3;Gas (einschl. bivalent);1185;Anzahl;W1;Personenkraftwagen nach Kraftstoffarten
46251;;;;2026-01-01;KREISE;;03251;;KLASS;;A4;Hybrid;11403;Anzahl;W1;Personenkraftwagen nach Kraftstoffarten
46251;;;;2026-01-01;KREISE;;03251;;KLASS;;A5;darunter Plug-In-Hybrid;3134;Anzahl;W1;Personenkraftwagen nach Kraftstoffarten
46251;;;;2026-01-01;KREISE;;03251;;KLASS;;A6;Elektro;6291;Anzahl;W1;Personenkraftwagen nach Kraftstoffarten
46251;;;;2026-01-01;KREISE;;03251;;KLASS;;A7;sonstige Kraftstoffarten;20;Anzahl;W1;Personenkraftwagen nach Kraftstoffarten
46251;;;;2026-01-01;KREISE;;03251;;;;;;669,9;;PKWEW;Pkw je 1.000 Einwohner, berechnet
46251;;;;2026-01-01;KREISE;;03251;;KLASS;;A1;Benzin;57,3;%;PKWANT;Anteil am Pkw-Bestand, berechnet
46251;;;;2026-01-01;KREISE;;03251;;KLASS;;A2;Diesel;30,0;%;PKWANT;Anteil am Pkw-Bestand, berechnet
46251;;;;2026-01-01;KREISE;;03251;;KLASS;;A3;Gas (einschl. bivalent);0,8;%;PKWANT;Anteil am Pkw-Bestand, berechnet
46251;;;;2026-01-01;KREISE;;03251;;KLASS;;A4;Hybrid;7,7;%;PKWANT;Anteil am Pkw-Bestand, berechnet
46251;;;;2026-01-01;KREISE;;03251;;KLASS;;A5;darunter Plug-In-Hybrid;2,1;%;PKWANT;Anteil am Pkw-Bestand, berechnet
46251;;;;2026-01-01;KREISE;;03251;;KLASS;;A6;Elektro;4,2;%;PKWANT;Anteil am Pkw-Bestand, berechnet
46251;;;;2026-01-01;KREISE;;03251;;KLASS;;A7;sonstige Kraftstoffarten;0,0;%;PKWANT;Anteil am Pkw-Bestand, berechnet
46251;;;;2026-01-01;KREISE;;03252;Hameln-Pyrmont, Landkreis;KLASS;;;Insgesamt;94804;Anzahl;W1;Personenkraftwagen nach Kraftstoffarten
46251;;;;2026-01-01;KREISE;;03252;;KLASS;;A1;Benzin;59240;Anzahl;W1;Personenkraftwagen nach Kraftstoffarten
46251;;;;2026-01-01;KREISE;;03252;;KLASS;;A2;Diesel;24828;Anzahl;W1;Personenkraftwagen nach Kraftstoffarten
46251;;;;2026-01-01;KREISE;;03252;;KLASS;;A3;Gas (einschl. bivalent);722;Anzahl;W1;Personenkraftwagen nach Kraftstoffarten
46251;;;;2026-01-01;KREISE;;03252;;KLASS;;A4;Hybrid;6347;Anzahl;W1;Personenkraftwagen nach Kraftstoffarten
46251;;;;2026-01-01;KREISE;;03252;;KLASS;;A5;darunter Plug-In-Hybrid;1590;Anzahl;W1;Personenkraftwagen nach Kraftstoffarten
46251;;;;2026-01-01;KREISE;;03252;;KLASS;;A6;Elektro;3647;Anzahl;W1;Personenkraftwagen nach Kraftstoffarten
46251;;;;2026-01-01;KREISE;;03252;;KLASS;;A7;sonstige Kraftstoffarten;20;Anzahl;W1;Personenkraftwagen nach Kraftstoffarten
46251;;;;2026-01-01;KREISE;;03252;;;;;;633,0;;PKWEW;Pkw je 1.000 Einwohner, berechnet
46251;;;;2026-01-01;KREISE;;03252;;KLASS;;A1;Benzin;62,5;%;PKWANT;Anteil am Pkw-Bestand, berechnet
46251;;;;2026-01-01;KREISE;;03252;;KLASS;;A2;Diesel;26,2;%;PKWANT;Anteil am Pkw-Bestand, berechnet
46251;;;;2026-01-01;KREISE;;03252;;KLASS;;A3;Gas (einschl. bivalent);0,8;%;PKWANT;Anteil am Pkw-Bestand, berechnet
46251;;;;2026-01-01;KREISE;;03252;;KLASS;;A4;Hybrid;6,7;%;PKWANT;Anteil am Pkw-Bestand, berechnet
46251;;;;2026-01-01;KREISE;;03252;;KLASS;;A5;darunter Plug-In-Hybrid;1,7;%;PKWANT;Anteil am Pkw-Bestand, berechnet
46251;;;;2026-01-01;KREISE;;03252;;KLASS;;A6;Elektro;3,8;%;PKWANT;Anteil am Pkw-Bestand, berechnet
46251;;;;2026-01-01;KREISE;;03252;;KLASS;;A7;sonstige Kraftstoffarten;0,0;%;PKWANT;Anteil am Pkw-Bestand, berechnet
46251;;;;2026-01-01;KREISE;;03254;Hildesheim, Landkreis;KLASS;;;Insgesamt;165088;Anzahl;W1;Personenkraftwagen nach Kraftstoffarten
46251;;;;2026-01-01;KREISE;;03254;;KLASS;;A1;Benzin;102454;Anzahl;W1;Personenkraftwagen nach Kraftstoffarten
46251;;;;2026-01-01;KREISE;;03254;;KLASS;;A2;Diesel;43692;Anzahl;W1;Personenkraftwagen nach Kraftstoffarten
46251;;;;2026-01-01;KREISE;;03254;;KLASS;;A3;Gas (einschl. bivalent);1122;Anzahl;W1;Personenkraftwagen nach Kraftstoffarten
46251;;;;2026-01-01;KREISE;;03254;;KLASS;;A4;Hybrid;11190;Anzahl;W1;Personenkraftwagen nach Kraftstoffarten
46251;;;;2026-01-01;KREISE;;03254;;KLASS;;A5;darunter Plug-In-Hybrid;3002;Anzahl;W1;Personenkraftwagen nach Kraftstoffarten
46251;;;;2026-01-01;KREISE;;03254;;KLASS;;A6;Elektro;6607;Anzahl;W1;Personenkraftwagen nach Kraftstoffarten
46251;;;;2026-01-01;KREISE;;03254;;KLASS;;A7;sonstige Kraftstoffarten;23;Anzahl;W1;Personenkraftwagen nach Kraftstoffarten
46251;;;;2026-01-01;KREISE;;03254;;;;;;619,2;;PKWEW;Pkw je 1.000 Einwohner, berechnet
46251;;;;2026-01-01;KREISE;;03254;;KLASS;;A1;Benzin;62,1;%;PKWANT;Anteil am Pkw-Bestand, berechnet
46251;;;;2026-01-01;KREISE;;03254;;KLASS;;A2;Diesel;26,5;%;PKWANT;Anteil am Pkw-Bestand, berechnet
46251;;;;2026-01-01;KREISE;;03254;;KLASS;;A3;Gas (einschl. bivalent);0,7;%;PKWANT;Anteil am Pkw-Bestand, berechnet
46251;;;;2026-01-01;KREISE;;03254;;KLASS;;A4;Hybrid;6,8;%;PKWANT;Anteil am Pkw-Bestand, berechnet
46251;;;;2026-01-01;KREISE;;03254;;KLASS;;A5;darunter Plug-In-Hybrid;1,8;%;PKWANT;Anteil am Pkw-Bestand, berechnet
46251;;;;2026-01-01;KREISE;;03254;;KLASS;;A6;Elektro;4,0;%;PKWANT;Anteil am Pkw-Bestand, berechnet
46251;;;;2026-01-01;KREISE;;03254;;KLASS;;A7;sonstige Kraftstoffarten;0,0;%;PKWANT;Anteil am Pkw-Bestand, berechnet
46251;;;;2026-01-01;KREISE;;03255;Holzminden, Landkreis;KLASS;;;Insgesamt;45944;Anzahl;W1;Personenkraftwagen nach Kraftstoffarten
46251;;;;2026-01-01;KREISE;;03255;;KLASS;;A1;Benzin;28615;Anzahl;W1;Personenkraftwagen nach Kraftstoffarten
46251;;;;2026-01-01;KREISE;;03255;;KLASS;;A2;Diesel;12681;Anzahl;W1;Personenkraftwagen nach Kraftstoffarten
46251;;;;2026-01-01;KREISE;;03255;;KLASS;;A3;Gas (einschl. bivalent);418;Anzahl;W1;Personenkraftwagen nach Kraftstoffarten
46251;;;;2026-01-01;KREISE;;03255;;KLASS;;A4;Hybrid;2834;Anzahl;W1;Personenkraftwagen nach Kraftstoffarten
46251;;;;2026-01-01;KREISE;;03255;;KLASS;;A5;darunter Plug-In-Hybrid;830;Anzahl;W1;Personenkraftwagen nach Kraftstoffarten
46251;;;;2026-01-01;KREISE;;03255;;KLASS;;A6;Elektro;1390;Anzahl;W1;Personenkraftwagen nach Kraftstoffarten
46251;;;;2026-01-01;KREISE;;03255;;KLASS;;A7;sonstige Kraftstoffarten;6;Anzahl;W1;Personenkraftwagen nach Kraftstoffarten
46251;;;;2026-01-01;KREISE;;03255;;;;;;703,9;;PKWEW;Pkw je 1.000 Einwohner, berechnet
46251;;;;2026-01-01;KREISE;;03255;;KLASS;;A1;Benzin;62,3;%;PKWANT;Anteil am Pkw-Bestand, berechnet
46251;;;;2026-01-01;KREISE;;03255;;KLASS;;A2;Diesel;27,6;%;PKWANT;Anteil am Pkw-Bestand, berechnet
46251;;;;2026-01-01;KREISE;;03255;;KLASS;;A3;Gas (einschl. bivalent);0,9;%;PKWANT;Anteil am Pkw-Bestand, berechnet
46251;;;;2026-01-01;KREISE;;03255;;KLASS;;A4;Hybrid;6,2;%;PKWANT;Anteil am Pkw-Bestand, berechnet
46251;;;;2026-01-01;KREISE;;03255;;KLASS;;A5;darunter Plug-In-Hybrid;1,8;%;PKWANT;Anteil am Pkw-Bestand, berechnet
46251;;;;2026-01-01;KREISE;;03255;;KLASS;;A6;Elektro;3,0;%;PKWANT;Anteil am Pkw-Bestand, berechnet
46251;;;;2026-01-01;KREISE;;03255;;KLASS;;A7;sonstige Kraftstoffarten;0,0;%;PKWANT;Anteil am Pkw-Bestand, berechnet
46251;;;;2026-01-01;KREISE;;03256;Nienburg (Weser), Landkreis;KLASS;;;Insgesamt;80645;Anzahl;W1;Personenkraftwagen nach Kraftstoffarten
46251;;;;2026-01-01;KREISE;;03256;;KLASS;;A1;Benzin;46010;Anzahl;W1;Personenkraftwagen nach Kraftstoffarten
46251;;;;2026-01-01;KREISE;;03256;;KLASS;;A2;Diesel;25822;Anzahl;W1;Personenkraftwagen nach Kraftstoffarten
46251;;;;2026-01-01;KREISE;;03256;;KLASS;;A3;Gas (einschl. bivalent);731;Anzahl;W1;Personenkraftwagen nach Kraftstoffarten
46251;;;;2026-01-01;KREISE;;03256;;KLASS;;A4;Hybrid;5225;Anzahl;W1;Personenkraftwagen nach Kraftstoffarten
46251;;;;2026-01-01;KREISE;;03256;;KLASS;;A5;darunter Plug-In-Hybrid;1348;Anzahl;W1;Personenkraftwagen nach Kraftstoffarten
46251;;;;2026-01-01;KREISE;;03256;;KLASS;;A6;Elektro;2843;Anzahl;W1;Personenkraftwagen nach Kraftstoffarten
46251;;;;2026-01-01;KREISE;;03256;;KLASS;;A7;sonstige Kraftstoffarten;14;Anzahl;W1;Personenkraftwagen nach Kraftstoffarten
46251;;;;2026-01-01;KREISE;;03256;;;;;;665,6;;PKWEW;Pkw je 1.000 Einwohner, berechnet
46251;;;;2026-01-01;KREISE;;03256;;KLASS;;A1;Benzin;57,1;%;PKWANT;Anteil am Pkw-Bestand, berechnet
46251;;;;2026-01-01;KREISE;;03256;;KLASS;;A2;Diesel;32,0;%;PKWANT;Anteil am Pkw-Bestand, berechnet
46251;;;;2026-01-01;KREISE;;03256;;KLASS;;A3;Gas (einschl. bivalent);0,9;%;PKWANT;Anteil am Pkw-Bestand, berechnet
46251;;;;2026-01-01;KREISE;;03256;;KLASS;;A4;Hybrid;6,5;%;PKWANT;Anteil am Pkw-Bestand, berechnet
46251;;;;2026-01-01;KREISE;;03256;;KLASS;;A5;darunter Plug-In-Hybrid;1,7;%;PKWANT;Anteil am Pkw-Bestand, berechnet
46251;;;;2026-01-01;KREISE;;03256;;KLASS;;A6;Elektro;3,5;%;PKWANT;Anteil am Pkw-Bestand, berechnet
46251;;;;2026-01-01;KREISE;;03256;;KLASS;;A7;sonstige Kraftstoffarten;0,0;%;PKWANT;Anteil am Pkw-Bestand, berechnet
46251;;;;2026-01-01;KREISE;;03257;Schaumburg, Landkreis;KLASS;;;Insgesamt;105263;Anzahl;W1;Personenkraftwagen nach Kraftstoffarten
46251;;;;2026-01-01;KREISE;;03257;;KLASS;;A1;Benzin;65192;Anzahl;W1;Personenkraftwagen nach Kraftstoffarten
46251;;;;2026-01-01;KREISE;;03257;;KLASS;;A2;Diesel;28039;Anzahl;W1;Personenkraftwagen nach Kraftstoffarten
46251;;;;2026-01-01;KREISE;;03257;;KLASS;;A3;Gas (einschl. bivalent);939;Anzahl;W1;Personenkraftwagen nach Kraftstoffarten
46251;;;;2026-01-01;KREISE;;03257;;KLASS;;A4;Hybrid;6825;Anzahl;W1;Personenkraftwagen nach Kraftstoffarten
46251;;;;2026-01-01;KREISE;;03257;;KLASS;;A5;darunter Plug-In-Hybrid;1617;Anzahl;W1;Personenkraftwagen nach Kraftstoffarten
46251;;;;2026-01-01;KREISE;;03257;;KLASS;;A6;Elektro;4252;Anzahl;W1;Personenkraftwagen nach Kraftstoffarten
46251;;;;2026-01-01;KREISE;;03257;;KLASS;;A7;sonstige Kraftstoffarten;16;Anzahl;W1;Personenkraftwagen nach Kraftstoffarten
46251;;;;2026-01-01;KREISE;;03257;;;;;;674,4;;PKWEW;Pkw je 1.000 Einwohner, berechnet
46251;;;;2026-01-01;KREISE;;03257;;KLASS;;A1;Benzin;61,9;%;PKWANT;Anteil am Pkw-Bestand, berechnet
46251;;;;2026-01-01;KREISE;;03257;;KLASS;;A2;Diesel;26,6;%;PKWANT;Anteil am Pkw-Bestand, berechnet
46251;;;;2026-01-01;KREISE;;03257;;KLASS;;A3;Gas (einschl. bivalent);0,9;%;PKWANT;Anteil am Pkw-Bestand, berechnet
46251;;;;2026-01-01;KREISE;;03257;;KLASS;;A4;Hybrid;6,5;%;PKWANT;Anteil am Pkw-Bestand, berechnet
46251;;;;2026-01-01;KREISE;;03257;;KLASS;;A5;darunter Plug-In-Hybrid;1,5;%;PKWANT;Anteil am Pkw-Bestand, berechnet
46251;;;;2026-01-01;KREISE;;03257;;KLASS;;A6;Elektro;4,0;%;PKWANT;Anteil am Pkw-Bestand, berechnet
46251;;;;2026-01-01;KREISE;;03257;;KLASS;;A7;sonstige Kraftstoffarten;0,0;%;PKWANT;Anteil am Pkw-Bestand, berechnet
46251;;;;2026-01-01;KREISE;;03351;Celle, Landkreis;KLASS;;;Insgesamt;114570;Anzahl;W1;Personenkraftwagen nach Kraftstoffarten
46251;;;;2026-01-01;KREISE;;03351;;KLASS;;A1;Benzin;66135;Anzahl;W1;Personenkraftwagen nach Kraftstoffarten
46251;;;;2026-01-01;KREISE;;03351;;KLASS;;A2;Diesel;35566;Anzahl;W1;Personenkraftwagen nach Kraftstoffarten
46251;;;;2026-01-01;KREISE;;03351;;KLASS;;A3;Gas (einschl. bivalent);770;Anzahl;W1;Personenkraftwagen nach Kraftstoffarten
46251;;;;2026-01-01;KREISE;;03351;;KLASS;;A4;Hybrid;7847;Anzahl;W1;Personenkraftwagen nach Kraftstoffarten
46251;;;;2026-01-01;KREISE;;03351;;KLASS;;A5;darunter Plug-In-Hybrid;2236;Anzahl;W1;Personenkraftwagen nach Kraftstoffarten
46251;;;;2026-01-01;KREISE;;03351;;KLASS;;A6;Elektro;4234;Anzahl;W1;Personenkraftwagen nach Kraftstoffarten
46251;;;;2026-01-01;KREISE;;03351;;KLASS;;A7;sonstige Kraftstoffarten;18;Anzahl;W1;Personenkraftwagen nach Kraftstoffarten
46251;;;;2026-01-01;KREISE;;03351;;;;;;665,8;;PKWEW;Pkw je 1.000 Einwohner, berechnet
46251;;;;2026-01-01;KREISE;;03351;;KLASS;;A1;Benzin;57,7;%;PKWANT;Anteil am Pkw-Bestand, berechnet
46251;;;;2026-01-01;KREISE;;03351;;KLASS;;A2;Diesel;31,0;%;PKWANT;Anteil am Pkw-Bestand, berechnet
46251;;;;2026-01-01;KREISE;;03351;;KLASS;;A3;Gas (einschl. bivalent);0,7;%;PKWANT;Anteil am Pkw-Bestand, berechnet
46251;;;;2026-01-01;KREISE;;03351;;KLASS;;A4;Hybrid;6,8;%;PKWANT;Anteil am Pkw-Bestand, berechnet
46251;;;;2026-01-01;KREISE;;03351;;KLASS;;A5;darunter Plug-In-Hybrid;2,0;%;PKWANT;Anteil am Pkw-Bestand, berechnet
46251;;;;2026-01-01;KREISE;;03351;;KLASS;;A6;Elektro;3,7;%;PKWANT;Anteil am Pkw-Bestand, berechnet
46251;;;;2026-01-01;KREISE;;03351;;KLASS;;A7;sonstige Kraftstoffarten;0,0;%;PKWANT;Anteil am Pkw-Bestand, berechnet
46251;;;;2026-01-01;KREISE;;03352;Cuxhaven, Landkreis;KLASS;;;Insgesamt;130346;Anzahl;W1;Personenkraftwagen nach Kraftstoffarten
46251;;;;2026-01-01;KREISE;;03352;;KLASS;;A1;Benzin;75424;Anzahl;W1;Personenkraftwagen nach Kraftstoffarten
46251;;;;2026-01-01;KREISE;;03352;;KLASS;;A2;Diesel;40723;Anzahl;W1;Personenkraftwagen nach Kraftstoffarten
46251;;;;2026-01-01;KREISE;;03352;;KLASS;;A3;Gas (einschl. bivalent);1067;Anzahl;W1;Personenkraftwagen nach Kraftstoffarten
46251;;;;2026-01-01;KREISE;;03352;;KLASS;;A4;Hybrid;9048;Anzahl;W1;Personenkraftwagen nach Kraftstoffarten
46251;;;;2026-01-01;KREISE;;03352;;KLASS;;A5;darunter Plug-In-Hybrid;2392;Anzahl;W1;Personenkraftwagen nach Kraftstoffarten
46251;;;;2026-01-01;KREISE;;03352;;KLASS;;A6;Elektro;4049;Anzahl;W1;Personenkraftwagen nach Kraftstoffarten
46251;;;;2026-01-01;KREISE;;03352;;KLASS;;A7;sonstige Kraftstoffarten;35;Anzahl;W1;Personenkraftwagen nach Kraftstoffarten
46251;;;;2026-01-01;KREISE;;03352;;;;;;655,4;;PKWEW;Pkw je 1.000 Einwohner, berechnet
46251;;;;2026-01-01;KREISE;;03352;;KLASS;;A1;Benzin;57,9;%;PKWANT;Anteil am Pkw-Bestand, berechnet
46251;;;;2026-01-01;KREISE;;03352;;KLASS;;A2;Diesel;31,2;%;PKWANT;Anteil am Pkw-Bestand, berechnet
46251;;;;2026-01-01;KREISE;;03352;;KLASS;;A3;Gas (einschl. bivalent);0,8;%;PKWANT;Anteil am Pkw-Bestand, berechnet
46251;;;;2026-01-01;KREISE;;03352;;KLASS;;A4;Hybrid;6,9;%;PKWANT;Anteil am Pkw-Bestand, berechnet
46251;;;;2026-01-01;KREISE;;03352;;KLASS;;A5;darunter Plug-In-Hybrid;1,8;%;PKWANT;Anteil am Pkw-Bestand, berechnet
46251;;;;2026-01-01;KREISE;;03352;;KLASS;;A6;Elektro;3,1;%;PKWANT;Anteil am Pkw-Bestand, berechnet
46251;;;;2026-01-01;KREISE;;03352;;KLASS;;A7;sonstige Kraftstoffarten;0,0;%;PKWANT;Anteil am Pkw-Bestand, berechnet
46251;;;;2026-01-01;KREISE;;03353;Harburg, Landkreis;KLASS;;;Insgesamt;174084;Anzahl;W1;Personenkraftwagen nach Kraftstoffarten
46251;;;;2026-01-01;KREISE;;03353;;KLASS;;A1;Benzin;99139;Anzahl;W1;Personenkraftwagen nach Kraftstoffarten
46251;;;;2026-01-01;KREISE;;03353;;KLASS;;A2;Diesel;51437;Anzahl;W1;Personenkraftwagen nach Kraftstoffarten
46251;;;;2026-01-01;KREISE;;03353;;KLASS;;A3;Gas (einschl. bivalent);1179;Anzahl;W1;Personenkraftwagen nach Kraftstoffarten
46251;;;;2026-01-01;KREISE;;03353;;KLASS;;A4;Hybrid;14690;Anzahl;W1;Personenkraftwagen nach Kraftstoffarten
46251;;;;2026-01-01;KREISE;;03353;;KLASS;;A5;darunter Plug-In-Hybrid;3614;Anzahl;W1;Personenkraftwagen nach Kraftstoffarten
46251;;;;2026-01-01;KREISE;;03353;;KLASS;;A6;Elektro;7610;Anzahl;W1;Personenkraftwagen nach Kraftstoffarten
46251;;;;2026-01-01;KREISE;;03353;;KLASS;;A7;sonstige Kraftstoffarten;29;Anzahl;W1;Personenkraftwagen nach Kraftstoffarten
46251;;;;2026-01-01;KREISE;;03353;;;;;;655,1;;PKWEW;Pkw je 1.000 Einwohner, berechnet
46251;;;;2026-01-01;KREISE;;03353;;KLASS;;A1;Benzin;56,9;%;PKWANT;Anteil am Pkw-Bestand, berechnet
46251;;;;2026-01-01;KREISE;;03353;;KLASS;;A2;Diesel;29,5;%;PKWANT;Anteil am Pkw-Bestand, berechnet
46251;;;;2026-01-01;KREISE;;03353;;KLASS;;A3;Gas (einschl. bivalent);0,7;%;PKWANT;Anteil am Pkw-Bestand, berechnet
46251;;;;2026-01-01;KREISE;;03353;;KLASS;;A4;Hybrid;8,4;%;PKWANT;Anteil am Pkw-Bestand, berechnet
46251;;;;2026-01-01;KREISE;;03353;;KLASS;;A5;darunter Plug-In-Hybrid;2,1;%;PKWANT;Anteil am Pkw-Bestand, berechnet
46251;;;;2026-01-01;KREISE;;03353;;KLASS;;A6;Elektro;4,4;%;PKWANT;Anteil am Pkw-Bestand, berechnet
46251;;;;2026-01-01;KREISE;;03353;;KLASS;;A7;sonstige Kraftstoffarten;0,0;%;PKWANT;Anteil am Pkw-Bestand, berechnet
46251;;;;2026-01-01;KREISE;;03354;Lüchow-Dannenberg, Landkreis;KLASS;;;Insgesamt;32252;Anzahl;W1;Personenkraftwagen nach Kraftstoffarten
46251;;;;2026-01-01;KREISE;;03354;;KLASS;;A1;Benzin;17479;Anzahl;W1;Personenkraftwagen nach Kraftstoffarten
46251;;;;2026-01-01;KREISE;;03354;;KLASS;;A2;Diesel;11661;Anzahl;W1;Personenkraftwagen nach Kraftstoffarten
46251;;;;2026-01-01;KREISE;;03354;;KLASS;;A3;Gas (einschl. bivalent);476;Anzahl;W1;Personenkraftwagen nach Kraftstoffarten
46251;;;;2026-01-01;KREISE;;03354;;KLASS;;A4;Hybrid;1548;Anzahl;W1;Personenkraftwagen nach Kraftstoffarten
46251;;;;2026-01-01;KREISE;;03354;;KLASS;;A5;darunter Plug-In-Hybrid;489;Anzahl;W1;Personenkraftwagen nach Kraftstoffarten
46251;;;;2026-01-01;KREISE;;03354;;KLASS;;A6;Elektro;1083;Anzahl;W1;Personenkraftwagen nach Kraftstoffarten
46251;;;;2026-01-01;KREISE;;03354;;KLASS;;A7;sonstige Kraftstoffarten;5;Anzahl;W1;Personenkraftwagen nach Kraftstoffarten
46251;;;;2026-01-01;KREISE;;03354;;;;;;694,0;;PKWEW;Pkw je 1.000 Einwohner, berechnet
46251;;;;2026-01-01;KREISE;;03354;;KLASS;;A1;Benzin;54,2;%;PKWANT;Anteil am Pkw-Bestand, berechnet
46251;;;;2026-01-01;KREISE;;03354;;KLASS;;A2;Diesel;36,2;%;PKWANT;Anteil am Pkw-Bestand, berechnet
46251;;;;2026-01-01;KREISE;;03354;;KLASS;;A3;Gas (einschl. bivalent);1,5;%;PKWANT;Anteil am Pkw-Bestand, berechnet
46251;;;;2026-01-01;KREISE;;03354;;KLASS;;A4;Hybrid;4,8;%;PKWANT;Anteil am Pkw-Bestand, berechnet
46251;;;;2026-01-01;KREISE;;03354;;KLASS;;A5;darunter Plug-In-Hybrid;1,5;%;PKWANT;Anteil am Pkw-Bestand, berechnet
46251;;;;2026-01-01;KREISE;;03354;;KLASS;;A6;Elektro;3,4;%;PKWANT;Anteil am Pkw-Bestand, berechnet
46251;;;;2026-01-01;KREISE;;03354;;KLASS;;A7;sonstige Kraftstoffarten;0,0;%;PKWANT;Anteil am Pkw-Bestand, berechnet
46251;;;;2026-01-01;KREISE;;03355;Lüneburg, Landkreis;KLASS;;;Insgesamt;109135;Anzahl;W1;Personenkraftwagen nach Kraftstoffarten
46251;;;;2026-01-01;KREISE;;03355;;KLASS;;A1;Benzin;62700;Anzahl;W1;Personenkraftwagen nach Kraftstoffarten
46251;;;;2026-01-01;KREISE;;03355;;KLASS;;A2;Diesel;33270;Anzahl;W1;Personenkraftwagen nach Kraftstoffarten
46251;;;;2026-01-01;KREISE;;03355;;KLASS;;A3;Gas (einschl. bivalent);688;Anzahl;W1;Personenkraftwagen nach Kraftstoffarten
46251;;;;2026-01-01;KREISE;;03355;;KLASS;;A4;Hybrid;7543;Anzahl;W1;Personenkraftwagen nach Kraftstoffarten
46251;;;;2026-01-01;KREISE;;03355;;KLASS;;A5;darunter Plug-In-Hybrid;2086;Anzahl;W1;Personenkraftwagen nach Kraftstoffarten
46251;;;;2026-01-01;KREISE;;03355;;KLASS;;A6;Elektro;4923;Anzahl;W1;Personenkraftwagen nach Kraftstoffarten
46251;;;;2026-01-01;KREISE;;03355;;KLASS;;A7;sonstige Kraftstoffarten;11;Anzahl;W1;Personenkraftwagen nach Kraftstoffarten
46251;;;;2026-01-01;KREISE;;03355;;;;;;609,1;;PKWEW;Pkw je 1.000 Einwohner, berechnet
46251;;;;2026-01-01;KREISE;;03355;;KLASS;;A1;Benzin;57,5;%;PKWANT;Anteil am Pkw-Bestand, berechnet
46251;;;;2026-01-01;KREISE;;03355;;KLASS;;A2;Diesel;30,5;%;PKWANT;Anteil am Pkw-Bestand, berechnet
46251;;;;2026-01-01;KREISE;;03355;;KLASS;;A3;Gas (einschl. bivalent);0,6;%;PKWANT;Anteil am Pkw-Bestand, berechnet
46251;;;;2026-01-01;KREISE;;03355;;KLASS;;A4;Hybrid;6,9;%;PKWANT;Anteil am Pkw-Bestand, berechnet
46251;;;;2026-01-01;KREISE;;03355;;KLASS;;A5;darunter Plug-In-Hybrid;1,9;%;PKWANT;Anteil am Pkw-Bestand, berechnet
46251;;;;2026-01-01;KREISE;;03355;;KLASS;;A6;Elektro;4,5;%;PKWANT;Anteil am Pkw-Bestand, berechnet
46251;;;;2026-01-01;KREISE;;03355;;KLASS;;A7;sonstige Kraftstoffarten;0,0;%;PKWANT;Anteil am Pkw-Bestand, berechnet
46251;;;;2026-01-01;KREISE;;03356;Osterholz, Landkreis;KLASS;;;Insgesamt;75704;Anzahl;W1;Personenkraftwagen nach Kraftstoffarten
46251;;;;2026-01-01;KREISE;;03356;;KLASS;;A1;Benzin;45316;Anzahl;W1;Personenkraftwagen nach Kraftstoffarten
46251;;;;2026-01-01;KREISE;;03356;;KLASS;;A2;Diesel;21812;Anzahl;W1;Personenkraftwagen nach Kraftstoffarten
46251;;;;2026-01-01;KREISE;;03356;;KLASS;;A3;Gas (einschl. bivalent);714;Anzahl;W1;Personenkraftwagen nach Kraftstoffarten
46251;;;;2026-01-01;KREISE;;03356;;KLASS;;A4;Hybrid;4794;Anzahl;W1;Personenkraftwagen nach Kraftstoffarten
46251;;;;2026-01-01;KREISE;;03356;;KLASS;;A5;darunter Plug-In-Hybrid;1382;Anzahl;W1;Personenkraftwagen nach Kraftstoffarten
46251;;;;2026-01-01;KREISE;;03356;;KLASS;;A6;Elektro;3057;Anzahl;W1;Personenkraftwagen nach Kraftstoffarten
46251;;;;2026-01-01;KREISE;;03356;;KLASS;;A7;sonstige Kraftstoffarten;11;Anzahl;W1;Personenkraftwagen nach Kraftstoffarten
46251;;;;2026-01-01;KREISE;;03356;;;;;;667,9;;PKWEW;Pkw je 1.000 Einwohner, berechnet
46251;;;;2026-01-01;KREISE;;03356;;KLASS;;A1;Benzin;59,9;%;PKWANT;Anteil am Pkw-Bestand, berechnet
46251;;;;2026-01-01;KREISE;;03356;;KLASS;;A2;Diesel;28,8;%;PKWANT;Anteil am Pkw-Bestand, berechnet
46251;;;;2026-01-01;KREISE;;03356;;KLASS;;A3;Gas (einschl. bivalent);0,9;%;PKWANT;Anteil am Pkw-Bestand, berechnet
46251;;;;2026-01-01;KREISE;;03356;;KLASS;;A4;Hybrid;6,3;%;PKWANT;Anteil am Pkw-Bestand, berechnet
46251;;;;2026-01-01;KREISE;;03356;;KLASS;;A5;darunter Plug-In-Hybrid;1,8;%;PKWANT;Anteil am Pkw-Bestand, berechnet
46251;;;;2026-01-01;KREISE;;03356;;KLASS;;A6;Elektro;4,0;%;PKWANT;Anteil am Pkw-Bestand, berechnet
46251;;;;2026-01-01;KREISE;;03356;;KLASS;;A7;sonstige Kraftstoffarten;0,0;%;PKWANT;Anteil am Pkw-Bestand, berechnet
46251;;;;2026-01-01;KREISE;;03357;Rotenburg (Wümme), Landkreis;KLASS;;;Insgesamt;122030;Anzahl;W1;Personenkraftwagen nach Kraftstoffarten
46251;;;;2026-01-01;KREISE;;03357;;KLASS;;A1;Benzin;62176;Anzahl;W1;Personenkraftwagen nach Kraftstoffarten
46251;;;;2026-01-01;KREISE;;03357;;KLASS;;A2;Diesel;46028;Anzahl;W1;Personenkraftwagen nach Kraftstoffarten
46251;;;;2026-01-01;KREISE;;03357;;KLASS;;A3;Gas (einschl. bivalent);874;Anzahl;W1;Personenkraftwagen nach Kraftstoffarten
46251;;;;2026-01-01;KREISE;;03357;;KLASS;;A4;Hybrid;8288;Anzahl;W1;Personenkraftwagen nach Kraftstoffarten
46251;;;;2026-01-01;KREISE;;03357;;KLASS;;A5;darunter Plug-In-Hybrid;2484;Anzahl;W1;Personenkraftwagen nach Kraftstoffarten
46251;;;;2026-01-01;KREISE;;03357;;KLASS;;A6;Elektro;4640;Anzahl;W1;Personenkraftwagen nach Kraftstoffarten
46251;;;;2026-01-01;KREISE;;03357;;KLASS;;A7;sonstige Kraftstoffarten;24;Anzahl;W1;Personenkraftwagen nach Kraftstoffarten
46251;;;;2026-01-01;KREISE;;03357;;;;;;735,8;;PKWEW;Pkw je 1.000 Einwohner, berechnet
46251;;;;2026-01-01;KREISE;;03357;;KLASS;;A1;Benzin;51,0;%;PKWANT;Anteil am Pkw-Bestand, berechnet
46251;;;;2026-01-01;KREISE;;03357;;KLASS;;A2;Diesel;37,7;%;PKWANT;Anteil am Pkw-Bestand, berechnet
46251;;;;2026-01-01;KREISE;;03357;;KLASS;;A3;Gas (einschl. bivalent);0,7;%;PKWANT;Anteil am Pkw-Bestand, berechnet
46251;;;;2026-01-01;KREISE;;03357;;KLASS;;A4;Hybrid;6,8;%;PKWANT;Anteil am Pkw-Bestand, berechnet
46251;;;;2026-01-01;KREISE;;03357;;KLASS;;A5;darunter Plug-In-Hybrid;2,0;%;PKWANT;Anteil am Pkw-Bestand, berechnet
46251;;;;2026-01-01;KREISE;;03357;;KLASS;;A6;Elektro;3,8;%;PKWANT;Anteil am Pkw-Bestand, berechnet
46251;;;;2026-01-01;KREISE;;03357;;KLASS;;A7;sonstige Kraftstoffarten;0,0;%;PKWANT;Anteil am Pkw-Bestand, berechnet
46251;;;;2026-01-01;KREISE;;03358;Heidekreis;KLASS;;;Insgesamt;92714;Anzahl;W1;Personenkraftwagen nach Kraftstoffarten
46251;;;;2026-01-01;KREISE;;03358;;KLASS;;A1;Benzin;51573;Anzahl;W1;Personenkraftwagen nach Kraftstoffarten
46251;;;;2026-01-01;KREISE;;03358;;KLASS;;A2;Diesel;31530;Anzahl;W1;Personenkraftwagen nach Kraftstoffarten
46251;;;;2026-01-01;KREISE;;03358;;KLASS;;A3;Gas (einschl. bivalent);716;Anzahl;W1;Personenkraftwagen nach Kraftstoffarten
46251;;;;2026-01-01;KREISE;;03358;;KLASS;;A4;Hybrid;5641;Anzahl;W1;Personenkraftwagen nach Kraftstoffarten
46251;;;;2026-01-01;KREISE;;03358;;KLASS;;A5;darunter Plug-In-Hybrid;1479;Anzahl;W1;Personenkraftwagen nach Kraftstoffarten
46251;;;;2026-01-01;KREISE;;03358;;KLASS;;A6;Elektro;3234;Anzahl;W1;Personenkraftwagen nach Kraftstoffarten
46251;;;;2026-01-01;KREISE;;03358;;KLASS;;A7;sonstige Kraftstoffarten;20;Anzahl;W1;Personenkraftwagen nach Kraftstoffarten
46251;;;;2026-01-01;KREISE;;03358;;;;;;655,3;;PKWEW;Pkw je 1.000 Einwohner, berechnet
46251;;;;2026-01-01;KREISE;;03358;;KLASS;;A1;Benzin;55,6;%;PKWANT;Anteil am Pkw-Bestand, berechnet
46251;;;;2026-01-01;KREISE;;03358;;KLASS;;A2;Diesel;34,0;%;PKWANT;Anteil am Pkw-Bestand, berechnet
46251;;;;2026-01-01;KREISE;;03358;;KLASS;;A3;Gas (einschl. bivalent);0,8;%;PKWANT;Anteil am Pkw-Bestand, berechnet
46251;;;;2026-01-01;KREISE;;03358;;KLASS;;A4;Hybrid;6,1;%;PKWANT;Anteil am Pkw-Bestand, berechnet
46251;;;;2026-01-01;KREISE;;03358;;KLASS;;A5;darunter Plug-In-Hybrid;1,6;%;PKWANT;Anteil am Pkw-Bestand, berechnet
46251;;;;2026-01-01;KREISE;;03358;;KLASS;;A6;Elektro;3,5;%;PKWANT;Anteil am Pkw-Bestand, berechnet
46251;;;;2026-01-01;KREISE;;03358;;KLASS;;A7;sonstige Kraftstoffarten;0,0;%;PKWANT;Anteil am Pkw-Bestand, berechnet
46251;;;;2026-01-01;KREISE;;03359;Stade, Landkreis;KLASS;;;Insgesamt;131303;Anzahl;W1;Personenkraftwagen nach Kraftstoffarten
46251;;;;2026-01-01;KREISE;;03359;;KLASS;;A1;Benzin;75834;Anzahl;W1;Personenkraftwagen nach Kraftstoffarten
46251;;;;2026-01-01;KREISE;;03359;;KLASS;;A2;Diesel;39080;Anzahl;W1;Personenkraftwagen nach Kraftstoffarten
46251;;;;2026-01-01;KREISE;;03359;;KLASS;;A3;Gas (einschl. bivalent);884;Anzahl;W1;Personenkraftwagen nach Kraftstoffarten
46251;;;;2026-01-01;KREISE;;03359;;KLASS;;A4;Hybrid;10316;Anzahl;W1;Personenkraftwagen nach Kraftstoffarten
46251;;;;2026-01-01;KREISE;;03359;;KLASS;;A5;darunter Plug-In-Hybrid;2806;Anzahl;W1;Personenkraftwagen nach Kraftstoffarten
46251;;;;2026-01-01;KREISE;;03359;;KLASS;;A6;Elektro;5171;Anzahl;W1;Personenkraftwagen nach Kraftstoffarten
46251;;;;2026-01-01;KREISE;;03359;;KLASS;;A7;sonstige Kraftstoffarten;18;Anzahl;W1;Personenkraftwagen nach Kraftstoffarten
46251;;;;2026-01-01;KREISE;;03359;;;;;;631,5;;PKWEW;Pkw je 1.000 Einwohner, berechnet
46251;;;;2026-01-01;KREISE;;03359;;KLASS;;A1;Benzin;57,8;%;PKWANT;Anteil am Pkw-Bestand, berechnet
46251;;;;2026-01-01;KREISE;;03359;;KLASS;;A2;Diesel;29,8;%;PKWANT;Anteil am Pkw-Bestand, berechnet
46251;;;;2026-01-01;KREISE;;03359;;KLASS;;A3;Gas (einschl. bivalent);0,7;%;PKWANT;Anteil am Pkw-Bestand, berechnet
46251;;;;2026-01-01;KREISE;;03359;;KLASS;;A4;Hybrid;7,9;%;PKWANT;Anteil am Pkw-Bestand, berechnet
46251;;;;2026-01-01;KREISE;;03359;;KLASS;;A5;darunter Plug-In-Hybrid;2,1;%;PKWANT;Anteil am Pkw-Bestand, berechnet
46251;;;;2026-01-01;KREISE;;03359;;KLASS;;A6;Elektro;3,9;%;PKWANT;Anteil am Pkw-Bestand, berechnet
46251;;;;2026-01-01;KREISE;;03359;;KLASS;;A7;sonstige Kraftstoffarten;0,0;%;PKWANT;Anteil am Pkw-Bestand, berechnet
46251;;;;2026-01-01;KREISE;;03360;Uelzen, Landkreis;KLASS;;;Insgesamt;59124;Anzahl;W1;Personenkraftwagen nach Kraftstoffarten
46251;;;;2026-01-01;KREISE;;03360;;KLASS;;A1;Benzin;34983;Anzahl;W1;Personenkraftwagen nach Kraftstoffarten
46251;;;;2026-01-01;KREISE;;03360;;KLASS;;A2;Diesel;17980;Anzahl;W1;Personenkraftwagen nach Kraftstoffarten
46251;;;;2026-01-01;KREISE;;03360;;KLASS;;A3;Gas (einschl. bivalent);317;Anzahl;W1;Personenkraftwagen nach Kraftstoffarten
46251;;;;2026-01-01;KREISE;;03360;;KLASS;;A4;Hybrid;3472;Anzahl;W1;Personenkraftwagen nach Kraftstoffarten
46251;;;;2026-01-01;KREISE;;03360;;KLASS;;A5;darunter Plug-In-Hybrid;1068;Anzahl;W1;Personenkraftwagen nach Kraftstoffarten
46251;;;;2026-01-01;KREISE;;03360;;KLASS;;A6;Elektro;2363;Anzahl;W1;Personenkraftwagen nach Kraftstoffarten
46251;;;;2026-01-01;KREISE;;03360;;KLASS;;A7;sonstige Kraftstoffarten;9;Anzahl;W1;Personenkraftwagen nach Kraftstoffarten
46251;;;;2026-01-01;KREISE;;03360;;;;;;647,1;;PKWEW;Pkw je 1.000 Einwohner, berechnet
46251;;;;2026-01-01;KREISE;;03360;;KLASS;;A1;Benzin;59,2;%;PKWANT;Anteil am Pkw-Bestand, berechnet
46251;;;;2026-01-01;KREISE;;03360;;KLASS;;A2;Diesel;30,4;%;PKWANT;Anteil am Pkw-Bestand, berechnet
46251;;;;2026-01-01;KREISE;;03360;;KLASS;;A3;Gas (einschl. bivalent);0,5;%;PKWANT;Anteil am Pkw-Bestand, berechnet
46251;;;;2026-01-01;KREISE;;03360;;KLASS;;A4;Hybrid;5,9;%;PKWANT;Anteil am Pkw-Bestand, berechnet
46251;;;;2026-01-01;KREISE;;03360;;KLASS;;A5;darunter Plug-In-Hybrid;1,8;%;PKWANT;Anteil am Pkw-Bestand, berechnet
46251;;;;2026-01-01;KREISE;;03360;;KLASS;;A6;Elektro;4,0;%;PKWANT;Anteil am Pkw-Bestand, berechnet
46251;;;;2026-01-01;KREISE;;03360;;KLASS;;A7;sonstige Kraftstoffarten;0,0;%;PKWANT;Anteil am Pkw-Bestand, berechnet
46251;;;;2026-01-01;KREISE;;03361;Verden, Landkreis;KLASS;;;Insgesamt;90411;Anzahl;W1;Personenkraftwagen nach Kraftstoffarten
46251;;;;2026-01-01;KREISE;;03361;;KLASS;;A1;Benzin;51897;Anzahl;W1;Personenkraftwagen nach Kraftstoffarten
46251;;;;2026-01-01;KREISE;;03361;;KLASS;;A2;Diesel;27579;Anzahl;W1;Personenkraftwagen nach Kraftstoffarten
46251;;;;2026-01-01;KREISE;;03361;;KLASS;;A3;Gas (einschl. bivalent);723;Anzahl;W1;Personenkraftwagen nach Kraftstoffarten
46251;;;;2026-01-01;KREISE;;03361;;KLASS;;A4;Hybrid;6499;Anzahl;W1;Personenkraftwagen nach Kraftstoffarten
46251;;;;2026-01-01;KREISE;;03361;;KLASS;;A5;darunter Plug-In-Hybrid;1850;Anzahl;W1;Personenkraftwagen nach Kraftstoffarten
46251;;;;2026-01-01;KREISE;;03361;;KLASS;;A6;Elektro;3702;Anzahl;W1;Personenkraftwagen nach Kraftstoffarten
46251;;;;2026-01-01;KREISE;;03361;;KLASS;;A7;sonstige Kraftstoffarten;11;Anzahl;W1;Personenkraftwagen nach Kraftstoffarten
46251;;;;2026-01-01;KREISE;;03361;;;;;;650,9;;PKWEW;Pkw je 1.000 Einwohner, berechnet
46251;;;;2026-01-01;KREISE;;03361;;KLASS;;A1;Benzin;57,4;%;PKWANT;Anteil am Pkw-Bestand, berechnet
46251;;;;2026-01-01;KREISE;;03361;;KLASS;;A2;Diesel;30,5;%;PKWANT;Anteil am Pkw-Bestand, berechnet
46251;;;;2026-01-01;KREISE;;03361;;KLASS;;A3;Gas (einschl. bivalent);0,8;%;PKWANT;Anteil am Pkw-Bestand, berechnet
46251;;;;2026-01-01;KREISE;;03361;;KLASS;;A4;Hybrid;7,2;%;PKWANT;Anteil am Pkw-Bestand, berechnet
46251;;;;2026-01-01;KREISE;;03361;;KLASS;;A5;darunter Plug-In-Hybrid;2,0;%;PKWANT;Anteil am Pkw-Bestand, berechnet
46251;;;;2026-01-01;KREISE;;03361;;KLASS;;A6;Elektro;4,1;%;PKWANT;Anteil am Pkw-Bestand, berechnet
46251;;;;2026-01-01;KREISE;;03361;;KLASS;;A7;sonstige Kraftstoffarten;0,0;%;PKWANT;Anteil am Pkw-Bestand, berechnet
46251;;;;2026-01-01;KREISE;;03401;Delmenhorst, kreisfreie Stadt;KLASS;;;Insgesamt;43656;Anzahl;W1;Personenkraftwagen nach Kraftstoffarten
46251;;;;2026-01-01;KREISE;;03401;;KLASS;;A1;Benzin;26880;Anzahl;W1;Personenkraftwagen nach Kraftstoffarten
46251;;;;2026-01-01;KREISE;;03401;;KLASS;;A2;Diesel;11666;Anzahl;W1;Personenkraftwagen nach Kraftstoffarten
46251;;;;2026-01-01;KREISE;;03401;;KLASS;;A3;Gas (einschl. bivalent);412;Anzahl;W1;Personenkraftwagen nach Kraftstoffarten
46251;;;;2026-01-01;KREISE;;03401;;KLASS;;A4;Hybrid;3505;Anzahl;W1;Personenkraftwagen nach Kraftstoffarten
46251;;;;2026-01-01;KREISE;;03401;;KLASS;;A5;darunter Plug-In-Hybrid;807;Anzahl;W1;Personenkraftwagen nach Kraftstoffarten
46251;;;;2026-01-01;KREISE;;03401;;KLASS;;A6;Elektro;1186;Anzahl;W1;Personenkraftwagen nach Kraftstoffarten
46251;;;;2026-01-01;KREISE;;03401;;KLASS;;A7;sonstige Kraftstoffarten;7;Anzahl;W1;Personenkraftwagen nach Kraftstoffarten
46251;;;;2026-01-01;KREISE;;03401;;;;;;537,1;;PKWEW;Pkw je 1.000 Einwohner, berechnet
46251;;;;2026-01-01;KREISE;;03401;;KLASS;;A1;Benzin;61,6;%;PKWANT;Anteil am Pkw-Bestand, berechnet
46251;;;;2026-01-01;KREISE;;03401;;KLASS;;A2;Diesel;26,7;%;PKWANT;Anteil am Pkw-Bestand, berechnet
46251;;;;2026-01-01;KREISE;;03401;;KLASS;;A3;Gas (einschl. bivalent);0,9;%;PKWANT;Anteil am Pkw-Bestand, berechnet
46251;;;;2026-01-01;KREISE;;03401;;KLASS;;A4;Hybrid;8,0;%;PKWANT;Anteil am Pkw-Bestand, berechnet
46251;;;;2026-01-01;KREISE;;03401;;KLASS;;A5;darunter Plug-In-Hybrid;1,8;%;PKWANT;Anteil am Pkw-Bestand, berechnet
46251;;;;2026-01-01;KREISE;;03401;;KLASS;;A6;Elektro;2,7;%;PKWANT;Anteil am Pkw-Bestand, berechnet
46251;;;;2026-01-01;KREISE;;03401;;KLASS;;A7;sonstige Kraftstoffarten;0,0;%;PKWANT;Anteil am Pkw-Bestand, berechnet
46251;;;;2026-01-01;KREISE;;03402;Emden, kreisfreie Stadt;KLASS;;;Insgesamt;25699;Anzahl;W1;Personenkraftwagen nach Kraftstoffarten
46251;;;;2026-01-01;KREISE;;03402;;KLASS;;A1;Benzin;15927;Anzahl;W1;Personenkraftwagen nach Kraftstoffarten
46251;;;;2026-01-01;KREISE;;03402;;KLASS;;A2;Diesel;7185;Anzahl;W1;Personenkraftwagen nach Kraftstoffarten
46251;;;;2026-01-01;KREISE;;03402;;KLASS;;A3;Gas (einschl. bivalent);238;Anzahl;W1;Personenkraftwagen nach Kraftstoffarten
46251;;;;2026-01-01;KREISE;;03402;;KLASS;;A4;Hybrid;1470;Anzahl;W1;Personenkraftwagen nach Kraftstoffarten
46251;;;;2026-01-01;KREISE;;03402;;KLASS;;A5;darunter Plug-In-Hybrid;369;Anzahl;W1;Personenkraftwagen nach Kraftstoffarten
46251;;;;2026-01-01;KREISE;;03402;;KLASS;;A6;Elektro;874;Anzahl;W1;Personenkraftwagen nach Kraftstoffarten
46251;;;;2026-01-01;KREISE;;03402;;KLASS;;A7;sonstige Kraftstoffarten;5;Anzahl;W1;Personenkraftwagen nach Kraftstoffarten
46251;;;;2026-01-01;KREISE;;03402;;;;;;524,4;;PKWEW;Pkw je 1.000 Einwohner, berechnet
46251;;;;2026-01-01;KREISE;;03402;;KLASS;;A1;Benzin;62,0;%;PKWANT;Anteil am Pkw-Bestand, berechnet
46251;;;;2026-01-01;KREISE;;03402;;KLASS;;A2;Diesel;28,0;%;PKWANT;Anteil am Pkw-Bestand, berechnet
46251;;;;2026-01-01;KREISE;;03402;;KLASS;;A3;Gas (einschl. bivalent);0,9;%;PKWANT;Anteil am Pkw-Bestand, berechnet
46251;;;;2026-01-01;KREISE;;03402;;KLASS;;A4;Hybrid;5,7;%;PKWANT;Anteil am Pkw-Bestand, berechnet
46251;;;;2026-01-01;KREISE;;03402;;KLASS;;A5;darunter Plug-In-Hybrid;1,4;%;PKWANT;Anteil am Pkw-Bestand, berechnet
46251;;;;2026-01-01;KREISE;;03402;;KLASS;;A6;Elektro;3,4;%;PKWANT;Anteil am Pkw-Bestand, berechnet
46251;;;;2026-01-01;KREISE;;03402;;KLASS;;A7;sonstige Kraftstoffarten;0,0;%;PKWANT;Anteil am Pkw-Bestand, berechnet
46251;;;;2026-01-01;KREISE;;03403;Oldenburg (Oldb), kreisfreie Stadt;KLASS;;;Insgesamt;92480;Anzahl;W1;Personenkraftwagen nach Kraftstoffarten
46251;;;;2026-01-01;KREISE;;03403;;KLASS;;A1;Benzin;51593;Anzahl;W1;Personenkraftwagen nach Kraftstoffarten
46251;;;;2026-01-01;KREISE;;03403;;KLASS;;A2;Diesel;27130;Anzahl;W1;Personenkraftwagen nach Kraftstoffarten
46251;;;;2026-01-01;KREISE;;03403;;KLASS;;A3;Gas (einschl. bivalent);1009;Anzahl;W1;Personenkraftwagen nach Kraftstoffarten
46251;;;;2026-01-01;KREISE;;03403;;KLASS;;A4;Hybrid;7112;Anzahl;W1;Personenkraftwagen nach Kraftstoffarten
46251;;;;2026-01-01;KREISE;;03403;;KLASS;;A5;darunter Plug-In-Hybrid;2180;Anzahl;W1;Personenkraftwagen nach Kraftstoffarten
46251;;;;2026-01-01;KREISE;;03403;;KLASS;;A6;Elektro;5612;Anzahl;W1;Personenkraftwagen nach Kraftstoffarten
46251;;;;2026-01-01;KREISE;;03403;;KLASS;;A7;sonstige Kraftstoffarten;24;Anzahl;W1;Personenkraftwagen nach Kraftstoffarten
46251;;;;2026-01-01;KREISE;;03403;;;;;;522,3;;PKWEW;Pkw je 1.000 Einwohner, berechnet
46251;;;;2026-01-01;KREISE;;03403;;KLASS;;A1;Benzin;55,8;%;PKWANT;Anteil am Pkw-Bestand, berechnet
46251;;;;2026-01-01;KREISE;;03403;;KLASS;;A2;Diesel;29,3;%;PKWANT;Anteil am Pkw-Bestand, berechnet
46251;;;;2026-01-01;KREISE;;03403;;KLASS;;A3;Gas (einschl. bivalent);1,1;%;PKWANT;Anteil am Pkw-Bestand, berechnet
46251;;;;2026-01-01;KREISE;;03403;;KLASS;;A4;Hybrid;7,7;%;PKWANT;Anteil am Pkw-Bestand, berechnet
46251;;;;2026-01-01;KREISE;;03403;;KLASS;;A5;darunter Plug-In-Hybrid;2,4;%;PKWANT;Anteil am Pkw-Bestand, berechnet
46251;;;;2026-01-01;KREISE;;03403;;KLASS;;A6;Elektro;6,1;%;PKWANT;Anteil am Pkw-Bestand, berechnet
46251;;;;2026-01-01;KREISE;;03403;;KLASS;;A7;sonstige Kraftstoffarten;0,0;%;PKWANT;Anteil am Pkw-Bestand, berechnet
46251;;;;2026-01-01;KREISE;;03404;Osnabrück, kreisfreie Stadt;KLASS;;;Insgesamt;89854;Anzahl;W1;Personenkraftwagen nach Kraftstoffarten
46251;;;;2026-01-01;KREISE;;03404;;KLASS;;A1;Benzin;50334;Anzahl;W1;Personenkraftwagen nach Kraftstoffarten
46251;;;;2026-01-01;KREISE;;03404;;KLASS;;A2;Diesel;25346;Anzahl;W1;Personenkraftwagen nach Kraftstoffarten
46251;;;;2026-01-01;KREISE;;03404;;KLASS;;A3;Gas (einschl. bivalent);732;Anzahl;W1;Personenkraftwagen nach Kraftstoffarten
46251;;;;2026-01-01;KREISE;;03404;;KLASS;;A4;Hybrid;8641;Anzahl;W1;Personenkraftwagen nach Kraftstoffarten
46251;;;;2026-01-01;KREISE;;03404;;KLASS;;A5;darunter Plug-In-Hybrid;2507;Anzahl;W1;Personenkraftwagen nach Kraftstoffarten
46251;;;;2026-01-01;KREISE;;03404;;KLASS;;A6;Elektro;4785;Anzahl;W1;Personenkraftwagen nach Kraftstoffarten
46251;;;;2026-01-01;KREISE;;03404;;KLASS;;A7;sonstige Kraftstoffarten;16;Anzahl;W1;Personenkraftwagen nach Kraftstoffarten
46251;;;;2026-01-01;KREISE;;03404;;;;;;540,5;;PKWEW;Pkw je 1.000 Einwohner, berechnet
46251;;;;2026-01-01;KREISE;;03404;;KLASS;;A1;Benzin;56,0;%;PKWANT;Anteil am Pkw-Bestand, berechnet
46251;;;;2026-01-01;KREISE;;03404;;KLASS;;A2;Diesel;28,2;%;PKWANT;Anteil am Pkw-Bestand, berechnet
46251;;;;2026-01-01;KREISE;;03404;;KLASS;;A3;Gas (einschl. bivalent);0,8;%;PKWANT;Anteil am Pkw-Bestand, berechnet
46251;;;;2026-01-01;KREISE;;03404;;KLASS;;A4;Hybrid;9,6;%;PKWANT;Anteil am Pkw-Bestand, berechnet
46251;;;;2026-01-01;KREISE;;03404;;KLASS;;A5;darunter Plug-In-Hybrid;2,8;%;PKWANT;Anteil am Pkw-Bestand, berechnet
46251;;;;2026-01-01;KREISE;;03404;;KLASS;;A6;Elektro;5,3;%;PKWANT;Anteil am Pkw-Bestand, berechnet
46251;;;;2026-01-01;KREISE;;03404;;KLASS;;A7;sonstige Kraftstoffarten;0,0;%;PKWANT;Anteil am Pkw-Bestand, berechnet
46251;;;;2026-01-01;KREISE;;03405;Wilhelmshaven, kreisfreie Stadt;KLASS;;;Insgesamt;40372;Anzahl;W1;Personenkraftwagen nach Kraftstoffarten
46251;;;;2026-01-01;KREISE;;03405;;KLASS;;A1;Benzin;26095;Anzahl;W1;Personenkraftwagen nach Kraftstoffarten
46251;;;;2026-01-01;KREISE;;03405;;KLASS;;A2;Diesel;9963;Anzahl;W1;Personenkraftwagen nach Kraftstoffarten
46251;;;;2026-01-01;KREISE;;03405;;KLASS;;A3;Gas (einschl. bivalent);476;Anzahl;W1;Personenkraftwagen nach Kraftstoffarten
46251;;;;2026-01-01;KREISE;;03405;;KLASS;;A4;Hybrid;2869;Anzahl;W1;Personenkraftwagen nach Kraftstoffarten
46251;;;;2026-01-01;KREISE;;03405;;KLASS;;A5;darunter Plug-In-Hybrid;694;Anzahl;W1;Personenkraftwagen nach Kraftstoffarten
46251;;;;2026-01-01;KREISE;;03405;;KLASS;;A6;Elektro;956;Anzahl;W1;Personenkraftwagen nach Kraftstoffarten
46251;;;;2026-01-01;KREISE;;03405;;KLASS;;A7;sonstige Kraftstoffarten;13;Anzahl;W1;Personenkraftwagen nach Kraftstoffarten
46251;;;;2026-01-01;KREISE;;03405;;;;;;536,0;;PKWEW;Pkw je 1.000 Einwohner, berechnet
46251;;;;2026-01-01;KREISE;;03405;;KLASS;;A1;Benzin;64,6;%;PKWANT;Anteil am Pkw-Bestand, berechnet
46251;;;;2026-01-01;KREISE;;03405;;KLASS;;A2;Diesel;24,7;%;PKWANT;Anteil am Pkw-Bestand, berechnet
46251;;;;2026-01-01;KREISE;;03405;;KLASS;;A3;Gas (einschl. bivalent);1,2;%;PKWANT;Anteil am Pkw-Bestand, berechnet
46251;;;;2026-01-01;KREISE;;03405;;KLASS;;A4;Hybrid;7,1;%;PKWANT;Anteil am Pkw-Bestand, berechnet
46251;;;;2026-01-01;KREISE;;03405;;KLASS;;A5;darunter Plug-In-Hybrid;1,7;%;PKWANT;Anteil am Pkw-Bestand, berechnet
46251;;;;2026-01-01;KREISE;;03405;;KLASS;;A6;Elektro;2,4;%;PKWANT;Anteil am Pkw-Bestand, berechnet
46251;;;;2026-01-01;KREISE;;03405;;KLASS;;A7;sonstige Kraftstoffarten;0,0;%;PKWANT;Anteil am Pkw-Bestand, berechnet
46251;;;;2026-01-01;KREISE;;03451;Ammerland, Landkreis;KLASS;;;Insgesamt;83996;Anzahl;W1;Personenkraftwagen nach Kraftstoffarten
46251;;;;2026-01-01;KREISE;;03451;;KLASS;;A1;Benzin;46717;Anzahl;W1;Personenkraftwagen nach Kraftstoffarten
46251;;;;2026-01-01;KREISE;;03451;;KLASS;;A2;Diesel;27237;Anzahl;W1;Personenkraftwagen nach Kraftstoffarten
46251;;;;2026-01-01;KREISE;;03451;;KLASS;;A3;Gas (einschl. bivalent);830;Anzahl;W1;Personenkraftwagen nach Kraftstoffarten
46251;;;;2026-01-01;KREISE;;03451;;KLASS;;A4;Hybrid;5574;Anzahl;W1;Personenkraftwagen nach Kraftstoffarten
46251;;;;2026-01-01;KREISE;;03451;;KLASS;;A5;darunter Plug-In-Hybrid;1651;Anzahl;W1;Personenkraftwagen nach Kraftstoffarten
46251;;;;2026-01-01;KREISE;;03451;;KLASS;;A6;Elektro;3618;Anzahl;W1;Personenkraftwagen nach Kraftstoffarten
46251;;;;2026-01-01;KREISE;;03451;;KLASS;;A7;sonstige Kraftstoffarten;20;Anzahl;W1;Personenkraftwagen nach Kraftstoffarten
46251;;;;2026-01-01;KREISE;;03451;;;;;;658,1;;PKWEW;Pkw je 1.000 Einwohner, berechnet
46251;;;;2026-01-01;KREISE;;03451;;KLASS;;A1;Benzin;55,6;%;PKWANT;Anteil am Pkw-Bestand, berechnet
46251;;;;2026-01-01;KREISE;;03451;;KLASS;;A2;Diesel;32,4;%;PKWANT;Anteil am Pkw-Bestand, berechnet
46251;;;;2026-01-01;KREISE;;03451;;KLASS;;A3;Gas (einschl. bivalent);1,0;%;PKWANT;Anteil am Pkw-Bestand, berechnet
46251;;;;2026-01-01;KREISE;;03451;;KLASS;;A4;Hybrid;6,6;%;PKWANT;Anteil am Pkw-Bestand, berechnet
46251;;;;2026-01-01;KREISE;;03451;;KLASS;;A5;darunter Plug-In-Hybrid;2,0;%;PKWANT;Anteil am Pkw-Bestand, berechnet
46251;;;;2026-01-01;KREISE;;03451;;KLASS;;A6;Elektro;4,3;%;PKWANT;Anteil am Pkw-Bestand, berechnet
46251;;;;2026-01-01;KREISE;;03451;;KLASS;;A7;sonstige Kraftstoffarten;0,0;%;PKWANT;Anteil am Pkw-Bestand, berechnet
46251;;;;2026-01-01;KREISE;;03452;Aurich, Landkreis;KLASS;;;Insgesamt;122553;Anzahl;W1;Personenkraftwagen nach Kraftstoffarten
46251;;;;2026-01-01;KREISE;;03452;;KLASS;;A1;Benzin;70940;Anzahl;W1;Personenkraftwagen nach Kraftstoffarten
46251;;;;2026-01-01;KREISE;;03452;;KLASS;;A2;Diesel;38849;Anzahl;W1;Personenkraftwagen nach Kraftstoffarten
46251;;;;2026-01-01;KREISE;;03452;;KLASS;;A3;Gas (einschl. bivalent);1293;Anzahl;W1;Personenkraftwagen nach Kraftstoffarten
46251;;;;2026-01-01;KREISE;;03452;;KLASS;;A4;Hybrid;7079;Anzahl;W1;Personenkraftwagen nach Kraftstoffarten
46251;;;;2026-01-01;KREISE;;03452;;KLASS;;A5;darunter Plug-In-Hybrid;1877;Anzahl;W1;Personenkraftwagen nach Kraftstoffarten
46251;;;;2026-01-01;KREISE;;03452;;KLASS;;A6;Elektro;4378;Anzahl;W1;Personenkraftwagen nach Kraftstoffarten
46251;;;;2026-01-01;KREISE;;03452;;KLASS;;A7;sonstige Kraftstoffarten;14;Anzahl;W1;Personenkraftwagen nach Kraftstoffarten
46251;;;;2026-01-01;KREISE;;03452;;;;;;650,3;;PKWEW;Pkw je 1.000 Einwohner, berechnet
46251;;;;2026-01-01;KREISE;;03452;;KLASS;;A1;Benzin;57,9;%;PKWANT;Anteil am Pkw-Bestand, berechnet
46251;;;;2026-01-01;KREISE;;03452;;KLASS;;A2;Diesel;31,7;%;PKWANT;Anteil am Pkw-Bestand, berechnet
46251;;;;2026-01-01;KREISE;;03452;;KLASS;;A3;Gas (einschl. bivalent);1,1;%;PKWANT;Anteil am Pkw-Bestand, berechnet
46251;;;;2026-01-01;KREISE;;03452;;KLASS;;A4;Hybrid;5,8;%;PKWANT;Anteil am Pkw-Bestand, berechnet
46251;;;;2026-01-01;KREISE;;03452;;KLASS;;A5;darunter Plug-In-Hybrid;1,5;%;PKWANT;Anteil am Pkw-Bestand, berechnet
46251;;;;2026-01-01;KREISE;;03452;;KLASS;;A6;Elektro;3,6;%;PKWANT;Anteil am Pkw-Bestand, berechnet
46251;;;;2026-01-01;KREISE;;03452;;KLASS;;A7;sonstige Kraftstoffarten;0,0;%;PKWANT;Anteil am Pkw-Bestand, berechnet
46251;;;;2026-01-01;KREISE;;03453;Cloppenburg, Landkreis;KLASS;;;Insgesamt;110199;Anzahl;W1;Personenkraftwagen nach Kraftstoffarten
46251;;;;2026-01-01;KREISE;;03453;;KLASS;;A1;Benzin;49901;Anzahl;W1;Personenkraftwagen nach Kraftstoffarten
46251;;;;2026-01-01;KREISE;;03453;;KLASS;;A2;Diesel;48058;Anzahl;W1;Personenkraftwagen nach Kraftstoffarten
46251;;;;2026-01-01;KREISE;;03453;;KLASS;;A3;Gas (einschl. bivalent);899;Anzahl;W1;Personenkraftwagen nach Kraftstoffarten
46251;;;;2026-01-01;KREISE;;03453;;KLASS;;A4;Hybrid;6592;Anzahl;W1;Personenkraftwagen nach Kraftstoffarten
46251;;;;2026-01-01;KREISE;;03453;;KLASS;;A5;darunter Plug-In-Hybrid;2192;Anzahl;W1;Personenkraftwagen nach Kraftstoffarten
46251;;;;2026-01-01;KREISE;;03453;;KLASS;;A6;Elektro;4738;Anzahl;W1;Personenkraftwagen nach Kraftstoffarten
46251;;;;2026-01-01;KREISE;;03453;;KLASS;;A7;sonstige Kraftstoffarten;11;Anzahl;W1;Personenkraftwagen nach Kraftstoffarten
46251;;;;2026-01-01;KREISE;;03453;;;;;;619,6;;PKWEW;Pkw je 1.000 Einwohner, berechnet
46251;;;;2026-01-01;KREISE;;03453;;KLASS;;A1;Benzin;45,3;%;PKWANT;Anteil am Pkw-Bestand, berechnet
46251;;;;2026-01-01;KREISE;;03453;;KLASS;;A2;Diesel;43,6;%;PKWANT;Anteil am Pkw-Bestand, berechnet
46251;;;;2026-01-01;KREISE;;03453;;KLASS;;A3;Gas (einschl. bivalent);0,8;%;PKWANT;Anteil am Pkw-Bestand, berechnet
46251;;;;2026-01-01;KREISE;;03453;;KLASS;;A4;Hybrid;6,0;%;PKWANT;Anteil am Pkw-Bestand, berechnet
46251;;;;2026-01-01;KREISE;;03453;;KLASS;;A5;darunter Plug-In-Hybrid;2,0;%;PKWANT;Anteil am Pkw-Bestand, berechnet
46251;;;;2026-01-01;KREISE;;03453;;KLASS;;A6;Elektro;4,3;%;PKWANT;Anteil am Pkw-Bestand, berechnet
46251;;;;2026-01-01;KREISE;;03453;;KLASS;;A7;sonstige Kraftstoffarten;0,0;%;PKWANT;Anteil am Pkw-Bestand, berechnet
46251;;;;2026-01-01;KREISE;;03454;Emsland, Landkreis;KLASS;;;Insgesamt;216660;Anzahl;W1;Personenkraftwagen nach Kraftstoffarten
46251;;;;2026-01-01;KREISE;;03454;;KLASS;;A1;Benzin;102628;Anzahl;W1;Personenkraftwagen nach Kraftstoffarten
46251;;;;2026-01-01;KREISE;;03454;;KLASS;;A2;Diesel;87168;Anzahl;W1;Personenkraftwagen nach Kraftstoffarten
46251;;;;2026-01-01;KREISE;;03454;;KLASS;;A3;Gas (einschl. bivalent);1883;Anzahl;W1;Personenkraftwagen nach Kraftstoffarten
46251;;;;2026-01-01;KREISE;;03454;;KLASS;;A4;Hybrid;14021;Anzahl;W1;Personenkraftwagen nach Kraftstoffarten
46251;;;;2026-01-01;KREISE;;03454;;KLASS;;A5;darunter Plug-In-Hybrid;4445;Anzahl;W1;Personenkraftwagen nach Kraftstoffarten
46251;;;;2026-01-01;KREISE;;03454;;KLASS;;A6;Elektro;10939;Anzahl;W1;Personenkraftwagen nach Kraftstoffarten
46251;;;;2026-01-01;KREISE;;03454;;KLASS;;A7;sonstige Kraftstoffarten;21;Anzahl;W1;Personenkraftwagen nach Kraftstoffarten
46251;;;;2026-01-01;KREISE;;03454;;;;;;647,9;;PKWEW;Pkw je 1.000 Einwohner, berechnet
46251;;;;2026-01-01;KREISE;;03454;;KLASS;;A1;Benzin;47,4;%;PKWANT;Anteil am Pkw-Bestand, berechnet
46251;;;;2026-01-01;KREISE;;03454;;KLASS;;A2;Diesel;40,2;%;PKWANT;Anteil am Pkw-Bestand, berechnet
46251;;;;2026-01-01;KREISE;;03454;;KLASS;;A3;Gas (einschl. bivalent);0,9;%;PKWANT;Anteil am Pkw-Bestand, berechnet
46251;;;;2026-01-01;KREISE;;03454;;KLASS;;A4;Hybrid;6,5;%;PKWANT;Anteil am Pkw-Bestand, berechnet
46251;;;;2026-01-01;KREISE;;03454;;KLASS;;A5;darunter Plug-In-Hybrid;2,1;%;PKWANT;Anteil am Pkw-Bestand, berechnet
46251;;;;2026-01-01;KREISE;;03454;;KLASS;;A6;Elektro;5,0;%;PKWANT;Anteil am Pkw-Bestand, berechnet
46251;;;;2026-01-01;KREISE;;03454;;KLASS;;A7;sonstige Kraftstoffarten;0,0;%;PKWANT;Anteil am Pkw-Bestand, berechnet
46251;;;;2026-01-01;KREISE;;03455;Friesland, Landkreis;KLASS;;;Insgesamt;68456;Anzahl;W1;Personenkraftwagen nach Kraftstoffarten
46251;;;;2026-01-01;KREISE;;03455;;KLASS;;A1;Benzin;39877;Anzahl;W1;Personenkraftwagen nach Kraftstoffarten
46251;;;;2026-01-01;KREISE;;03455;;KLASS;;A2;Diesel;20844;Anzahl;W1;Personenkraftwagen nach Kraftstoffarten
46251;;;;2026-01-01;KREISE;;03455;;KLASS;;A3;Gas (einschl. bivalent);898;Anzahl;W1;Personenkraftwagen nach Kraftstoffarten
46251;;;;2026-01-01;KREISE;;03455;;KLASS;;A4;Hybrid;4275;Anzahl;W1;Personenkraftwagen nach Kraftstoffarten
46251;;;;2026-01-01;KREISE;;03455;;KLASS;;A5;darunter Plug-In-Hybrid;1172;Anzahl;W1;Personenkraftwagen nach Kraftstoffarten
46251;;;;2026-01-01;KREISE;;03455;;KLASS;;A6;Elektro;2548;Anzahl;W1;Personenkraftwagen nach Kraftstoffarten
46251;;;;2026-01-01;KREISE;;03455;;KLASS;;A7;sonstige Kraftstoffarten;14;Anzahl;W1;Personenkraftwagen nach Kraftstoffarten
46251;;;;2026-01-01;KREISE;;03455;;;;;;682,8;;PKWEW;Pkw je 1.000 Einwohner, berechnet
46251;;;;2026-01-01;KREISE;;03455;;KLASS;;A1;Benzin;58,3;%;PKWANT;Anteil am Pkw-Bestand, berechnet
46251;;;;2026-01-01;KREISE;;03455;;KLASS;;A2;Diesel;30,4;%;PKWANT;Anteil am Pkw-Bestand, berechnet
46251;;;;2026-01-01;KREISE;;03455;;KLASS;;A3;Gas (einschl. bivalent);1,3;%;PKWANT;Anteil am Pkw-Bestand, berechnet
46251;;;;2026-01-01;KREISE;;03455;;KLASS;;A4;Hybrid;6,2;%;PKWANT;Anteil am Pkw-Bestand, berechnet
46251;;;;2026-01-01;KREISE;;03455;;KLASS;;A5;darunter Plug-In-Hybrid;1,7;%;PKWANT;Anteil am Pkw-Bestand, berechnet
46251;;;;2026-01-01;KREISE;;03455;;KLASS;;A6;Elektro;3,7;%;PKWANT;Anteil am Pkw-Bestand, berechnet
46251;;;;2026-01-01;KREISE;;03455;;KLASS;;A7;sonstige Kraftstoffarten;0,0;%;PKWANT;Anteil am Pkw-Bestand, berechnet
46251;;;;2026-01-01;KREISE;;03456;Grafschaft Bentheim, Landkreis;KLASS;;;Insgesamt;90287;Anzahl;W1;Personenkraftwagen nach Kraftstoffarten
46251;;;;2026-01-01;KREISE;;03456;;KLASS;;A1;Benzin;41666;Anzahl;W1;Personenkraftwagen nach Kraftstoffarten
46251;;;;2026-01-01;KREISE;;03456;;KLASS;;A2;Diesel;36229;Anzahl;W1;Personenkraftwagen nach Kraftstoffarten
46251;;;;2026-01-01;KREISE;;03456;;KLASS;;A3;Gas (einschl. bivalent);1294;Anzahl;W1;Personenkraftwagen nach Kraftstoffarten
46251;;;;2026-01-01;KREISE;;03456;;KLASS;;A4;Hybrid;6587;Anzahl;W1;Personenkraftwagen nach Kraftstoffarten
46251;;;;2026-01-01;KREISE;;03456;;KLASS;;A5;darunter Plug-In-Hybrid;2205;Anzahl;W1;Personenkraftwagen nach Kraftstoffarten
46251;;;;2026-01-01;KREISE;;03456;;KLASS;;A6;Elektro;4496;Anzahl;W1;Personenkraftwagen nach Kraftstoffarten
46251;;;;2026-01-01;KREISE;;03456;;KLASS;;A7;sonstige Kraftstoffarten;15;Anzahl;W1;Personenkraftwagen nach Kraftstoffarten
46251;;;;2026-01-01;KREISE;;03456;;;;;;624,1;;PKWEW;Pkw je 1.000 Einwohner, berechnet
46251;;;;2026-01-01;KREISE;;03456;;KLASS;;A1;Benzin;46,1;%;PKWANT;Anteil am Pkw-Bestand, berechnet
46251;;;;2026-01-01;KREISE;;03456;;KLASS;;A2;Diesel;40,1;%;PKWANT;Anteil am Pkw-Bestand, berechnet
46251;;;;2026-01-01;KREISE;;03456;;KLASS;;A3;Gas (einschl. bivalent);1,4;%;PKWANT;Anteil am Pkw-Bestand, berechnet
46251;;;;2026-01-01;KREISE;;03456;;KLASS;;A4;Hybrid;7,3;%;PKWANT;Anteil am Pkw-Bestand, berechnet
46251;;;;2026-01-01;KREISE;;03456;;KLASS;;A5;darunter Plug-In-Hybrid;2,4;%;PKWANT;Anteil am Pkw-Bestand, berechnet
46251;;;;2026-01-01;KREISE;;03456;;KLASS;;A6;Elektro;5,0;%;PKWANT;Anteil am Pkw-Bestand, berechnet
46251;;;;2026-01-01;KREISE;;03456;;KLASS;;A7;sonstige Kraftstoffarten;0,0;%;PKWANT;Anteil am Pkw-Bestand, berechnet
46251;;;;2026-01-01;KREISE;;03457;Leer, Landkreis;KLASS;;;Insgesamt;108778;Anzahl;W1;Personenkraftwagen nach Kraftstoffarten
46251;;;;2026-01-01;KREISE;;03457;;KLASS;;A1;Benzin;59876;Anzahl;W1;Personenkraftwagen nach Kraftstoffarten
46251;;;;2026-01-01;KREISE;;03457;;KLASS;;A2;Diesel;37641;Anzahl;W1;Personenkraftwagen nach Kraftstoffarten
46251;;;;2026-01-01;KREISE;;03457;;KLASS;;A3;Gas (einschl. bivalent);1452;Anzahl;W1;Personenkraftwagen nach Kraftstoffarten
46251;;;;2026-01-01;KREISE;;03457;;KLASS;;A4;Hybrid;6104;Anzahl;W1;Personenkraftwagen nach Kraftstoffarten
46251;;;;2026-01-01;KREISE;;03457;;KLASS;;A5;darunter Plug-In-Hybrid;1692;Anzahl;W1;Personenkraftwagen nach Kraftstoffarten
46251;;;;2026-01-01;KREISE;;03457;;KLASS;;A6;Elektro;3682;Anzahl;W1;Personenkraftwagen nach Kraftstoffarten
46251;;;;2026-01-01;KREISE;;03457;;KLASS;;A7;sonstige Kraftstoffarten;23;Anzahl;W1;Personenkraftwagen nach Kraftstoffarten
46251;;;;2026-01-01;KREISE;;03457;;;;;;643,2;;PKWEW;Pkw je 1.000 Einwohner, berechnet
46251;;;;2026-01-01;KREISE;;03457;;KLASS;;A1;Benzin;55,0;%;PKWANT;Anteil am Pkw-Bestand, berechnet
46251;;;;2026-01-01;KREISE;;03457;;KLASS;;A2;Diesel;34,6;%;PKWANT;Anteil am Pkw-Bestand, berechnet
46251;;;;2026-01-01;KREISE;;03457;;KLASS;;A3;Gas (einschl. bivalent);1,3;%;PKWANT;Anteil am Pkw-Bestand, berechnet
46251;;;;2026-01-01;KREISE;;03457;;KLASS;;A4;Hybrid;5,6;%;PKWANT;Anteil am Pkw-Bestand, berechnet
46251;;;;2026-01-01;KREISE;;03457;;KLASS;;A5;darunter Plug-In-Hybrid;1,6;%;PKWANT;Anteil am Pkw-Bestand, berechnet
46251;;;;2026-01-01;KREISE;;03457;;KLASS;;A6;Elektro;3,4;%;PKWANT;Anteil am Pkw-Bestand, berechnet
46251;;;;2026-01-01;KREISE;;03457;;KLASS;;A7;sonstige Kraftstoffarten;0,0;%;PKWANT;Anteil am Pkw-Bestand, berechnet
46251;;;;2026-01-01;KREISE;;03458;Oldenburg, Landkreis;KLASS;;;Insgesamt;87885;Anzahl;W1;Personenkraftwagen nach Kraftstoffarten
46251;;;;2026-01-01;KREISE;;03458;;KLASS;;A1;Benzin;48085;Anzahl;W1;Personenkraftwagen nach Kraftstoffarten
46251;;;;2026-01-01;KREISE;;03458;;KLASS;;A2;Diesel;28986;Anzahl;W1;Personenkraftwagen nach Kraftstoffarten
46251;;;;2026-01-01;KREISE;;03458;;KLASS;;A3;Gas (einschl. bivalent);949;Anzahl;W1;Personenkraftwagen nach Kraftstoffarten
46251;;;;2026-01-01;KREISE;;03458;;KLASS;;A4;Hybrid;6085;Anzahl;W1;Personenkraftwagen nach Kraftstoffarten
46251;;;;2026-01-01;KREISE;;03458;;KLASS;;A5;darunter Plug-In-Hybrid;1837;Anzahl;W1;Personenkraftwagen nach Kraftstoffarten
46251;;;;2026-01-01;KREISE;;03458;;KLASS;;A6;Elektro;3760;Anzahl;W1;Personenkraftwagen nach Kraftstoffarten
46251;;;;2026-01-01;KREISE;;03458;;KLASS;;A7;sonstige Kraftstoffarten;20;Anzahl;W1;Personenkraftwagen nach Kraftstoffarten
46251;;;;2026-01-01;KREISE;;03458;;;;;;664,9;;PKWEW;Pkw je 1.000 Einwohner, berechnet
46251;;;;2026-01-01;KREISE;;03458;;KLASS;;A1;Benzin;54,7;%;PKWANT;Anteil am Pkw-Bestand, berechnet
46251;;;;2026-01-01;KREISE;;03458;;KLASS;;A2;Diesel;33,0;%;PKWANT;Anteil am Pkw-Bestand, berechnet
46251;;;;2026-01-01;KREISE;;03458;;KLASS;;A3;Gas (einschl. bivalent);1,1;%;PKWANT;Anteil am Pkw-Bestand, berechnet
46251;;;;2026-01-01;KREISE;;03458;;KLASS;;A4;Hybrid;6,9;%;PKWANT;Anteil am Pkw-Bestand, berechnet
46251;;;;2026-01-01;KREISE;;03458;;KLASS;;A5;darunter Plug-In-Hybrid;2,1;%;PKWANT;Anteil am Pkw-Bestand, berechnet
46251;;;;2026-01-01;KREISE;;03458;;KLASS;;A6;Elektro;4,3;%;PKWANT;Anteil am Pkw-Bestand, berechnet
46251;;;;2026-01-01;KREISE;;03458;;KLASS;;A7;sonstige Kraftstoffarten;0,0;%;PKWANT;Anteil am Pkw-Bestand, berechnet
46251;;;;2026-01-01;KREISE;;03459;Osnabrück, Landkreis;KLASS;;;Insgesamt;241182;Anzahl;W1;Personenkraftwagen nach Kraftstoffarten
46251;;;;2026-01-01;KREISE;;03459;;KLASS;;A1;Benzin;135380;Anzahl;W1;Personenkraftwagen nach Kraftstoffarten
46251;;;;2026-01-01;KREISE;;03459;;KLASS;;A2;Diesel;76606;Anzahl;W1;Personenkraftwagen nach Kraftstoffarten
46251;;;;2026-01-01;KREISE;;03459;;KLASS;;A3;Gas (einschl. bivalent);1897;Anzahl;W1;Personenkraftwagen nach Kraftstoffarten
46251;;;;2026-01-01;KREISE;;03459;;KLASS;;A4;Hybrid;16500;Anzahl;W1;Personenkraftwagen nach Kraftstoffarten
46251;;;;2026-01-01;KREISE;;03459;;KLASS;;A5;darunter Plug-In-Hybrid;4805;Anzahl;W1;Personenkraftwagen nach Kraftstoffarten
46251;;;;2026-01-01;KREISE;;03459;;KLASS;;A6;Elektro;10760;Anzahl;W1;Personenkraftwagen nach Kraftstoffarten
46251;;;;2026-01-01;KREISE;;03459;;KLASS;;A7;sonstige Kraftstoffarten;39;Anzahl;W1;Personenkraftwagen nach Kraftstoffarten
46251;;;;2026-01-01;KREISE;;03459;;;;;;681,1;;PKWEW;Pkw je 1.000 Einwohner, berechnet
46251;;;;2026-01-01;KREISE;;03459;;KLASS;;A1;Benzin;56,1;%;PKWANT;Anteil am Pkw-Bestand, berechnet
46251;;;;2026-01-01;KREISE;;03459;;KLASS;;A2;Diesel;31,8;%;PKWANT;Anteil am Pkw-Bestand, berechnet
46251;;;;2026-01-01;KREISE;;03459;;KLASS;;A3;Gas (einschl. bivalent);0,8;%;PKWANT;Anteil am Pkw-Bestand, berechnet
46251;;;;2026-01-01;KREISE;;03459;;KLASS;;A4;Hybrid;6,8;%;PKWANT;Anteil am Pkw-Bestand, berechnet
46251;;;;2026-01-01;KREISE;;03459;;KLASS;;A5;darunter Plug-In-Hybrid;2,0;%;PKWANT;Anteil am Pkw-Bestand, berechnet
46251;;;;2026-01-01;KREISE;;03459;;KLASS;;A6;Elektro;4,5;%;PKWANT;Anteil am Pkw-Bestand, berechnet
46251;;;;2026-01-01;KREISE;;03459;;KLASS;;A7;sonstige Kraftstoffarten;0,0;%;PKWANT;Anteil am Pkw-Bestand, berechnet
46251;;;;2026-01-01;KREISE;;03460;Vechta, Landkreis;KLASS;;;Insgesamt;94250;Anzahl;W1;Personenkraftwagen nach Kraftstoffarten
46251;;;;2026-01-01;KREISE;;03460;;KLASS;;A1;Benzin;45570;Anzahl;W1;Personenkraftwagen nach Kraftstoffarten
46251;;;;2026-01-01;KREISE;;03460;;KLASS;;A2;Diesel;35650;Anzahl;W1;Personenkraftwagen nach Kraftstoffarten
46251;;;;2026-01-01;KREISE;;03460;;KLASS;;A3;Gas (einschl. bivalent);608;Anzahl;W1;Personenkraftwagen nach Kraftstoffarten
46251;;;;2026-01-01;KREISE;;03460;;KLASS;;A4;Hybrid;7407;Anzahl;W1;Personenkraftwagen nach Kraftstoffarten
46251;;;;2026-01-01;KREISE;;03460;;KLASS;;A5;darunter Plug-In-Hybrid;2384;Anzahl;W1;Personenkraftwagen nach Kraftstoffarten
46251;;;;2026-01-01;KREISE;;03460;;KLASS;;A6;Elektro;5004;Anzahl;W1;Personenkraftwagen nach Kraftstoffarten
46251;;;;2026-01-01;KREISE;;03460;;KLASS;;A7;sonstige Kraftstoffarten;11;Anzahl;W1;Personenkraftwagen nach Kraftstoffarten
46251;;;;2026-01-01;KREISE;;03460;;;;;;641,9;;PKWEW;Pkw je 1.000 Einwohner, berechnet
46251;;;;2026-01-01;KREISE;;03460;;KLASS;;A1;Benzin;48,4;%;PKWANT;Anteil am Pkw-Bestand, berechnet
46251;;;;2026-01-01;KREISE;;03460;;KLASS;;A2;Diesel;37,8;%;PKWANT;Anteil am Pkw-Bestand, berechnet
46251;;;;2026-01-01;KREISE;;03460;;KLASS;;A3;Gas (einschl. bivalent);0,6;%;PKWANT;Anteil am Pkw-Bestand, berechnet
46251;;;;2026-01-01;KREISE;;03460;;KLASS;;A4;Hybrid;7,9;%;PKWANT;Anteil am Pkw-Bestand, berechnet
46251;;;;2026-01-01;KREISE;;03460;;KLASS;;A5;darunter Plug-In-Hybrid;2,5;%;PKWANT;Anteil am Pkw-Bestand, berechnet
46251;;;;2026-01-01;KREISE;;03460;;KLASS;;A6;Elektro;5,3;%;PKWANT;Anteil am Pkw-Bestand, berechnet
46251;;;;2026-01-01;KREISE;;03460;;KLASS;;A7;sonstige Kraftstoffarten;0,0;%;PKWANT;Anteil am Pkw-Bestand, berechnet
46251;;;;2026-01-01;KREISE;;03461;Wesermarsch, Landkreis;KLASS;;;Insgesamt;55550;Anzahl;W1;Personenkraftwagen nach Kraftstoffarten
46251;;;;2026-01-01;KREISE;;03461;;KLASS;;A1;Benzin;30958;Anzahl;W1;Personenkraftwagen nach Kraftstoffarten
46251;;;;2026-01-01;KREISE;;03461;;KLASS;;A2;Diesel;18250;Anzahl;W1;Personenkraftwagen nach Kraftstoffarten
46251;;;;2026-01-01;KREISE;;03461;;KLASS;;A3;Gas (einschl. bivalent);847;Anzahl;W1;Personenkraftwagen nach Kraftstoffarten
46251;;;;2026-01-01;KREISE;;03461;;KLASS;;A4;Hybrid;3579;Anzahl;W1;Personenkraftwagen nach Kraftstoffarten
46251;;;;2026-01-01;KREISE;;03461;;KLASS;;A5;darunter Plug-In-Hybrid;1012;Anzahl;W1;Personenkraftwagen nach Kraftstoffarten
46251;;;;2026-01-01;KREISE;;03461;;KLASS;;A6;Elektro;1904;Anzahl;W1;Personenkraftwagen nach Kraftstoffarten
46251;;;;2026-01-01;KREISE;;03461;;KLASS;;A7;sonstige Kraftstoffarten;12;Anzahl;W1;Personenkraftwagen nach Kraftstoffarten
46251;;;;2026-01-01;KREISE;;03461;;;;;;625,2;;PKWEW;Pkw je 1.000 Einwohner, berechnet
46251;;;;2026-01-01;KREISE;;03461;;KLASS;;A1;Benzin;55,7;%;PKWANT;Anteil am Pkw-Bestand, berechnet
46251;;;;2026-01-01;KREISE;;03461;;KLASS;;A2;Diesel;32,9;%;PKWANT;Anteil am Pkw-Bestand, berechnet
46251;;;;2026-01-01;KREISE;;03461;;KLASS;;A3;Gas (einschl. bivalent);1,5;%;PKWANT;Anteil am Pkw-Bestand, berechnet
46251;;;;2026-01-01;KREISE;;03461;;KLASS;;A4;Hybrid;6,4;%;PKWANT;Anteil am Pkw-Bestand, berechnet
46251;;;;2026-01-01;KREISE;;03461;;KLASS;;A5;darunter Plug-In-Hybrid;1,8;%;PKWANT;Anteil am Pkw-Bestand, berechnet
46251;;;;2026-01-01;KREISE;;03461;;KLASS;;A6;Elektro;3,4;%;PKWANT;Anteil am Pkw-Bestand, berechnet
46251;;;;2026-01-01;KREISE;;03461;;KLASS;;A7;sonstige Kraftstoffarten;0,0;%;PKWANT;Anteil am Pkw-Bestand, berechnet
46251;;;;2026-01-01;KREISE;;03462;Wittmund, Landkreis;KLASS;;;Insgesamt;38107;Anzahl;W1;Personenkraftwagen nach Kraftstoffarten
46251;;;;2026-01-01;KREISE;;03462;;KLASS;;A1;Benzin;21904;Anzahl;W1;Personenkraftwagen nach Kraftstoffarten
46251;;;;2026-01-01;KREISE;;03462;;KLASS;;A2;Diesel;12556;Anzahl;W1;Personenkraftwagen nach Kraftstoffarten
46251;;;;2026-01-01;KREISE;;03462;;KLASS;;A3;Gas (einschl. bivalent);429;Anzahl;W1;Personenkraftwagen nach Kraftstoffarten
46251;;;;2026-01-01;KREISE;;03462;;KLASS;;A4;Hybrid;2132;Anzahl;W1;Personenkraftwagen nach Kraftstoffarten
46251;;;;2026-01-01;KREISE;;03462;;KLASS;;A5;darunter Plug-In-Hybrid;506;Anzahl;W1;Personenkraftwagen nach Kraftstoffarten
46251;;;;2026-01-01;KREISE;;03462;;KLASS;;A6;Elektro;1083;Anzahl;W1;Personenkraftwagen nach Kraftstoffarten
46251;;;;2026-01-01;KREISE;;03462;;KLASS;;A7;sonstige Kraftstoffarten;3;Anzahl;W1;Personenkraftwagen nach Kraftstoffarten
46251;;;;2026-01-01;KREISE;;03462;;;;;;682,3;;PKWEW;Pkw je 1.000 Einwohner, berechnet
46251;;;;2026-01-01;KREISE;;03462;;KLASS;;A1;Benzin;57,5;%;PKWANT;Anteil am Pkw-Bestand, berechnet
46251;;;;2026-01-01;KREISE;;03462;;KLASS;;A2;Diesel;32,9;%;PKWANT;Anteil am Pkw-Bestand, berechnet
46251;;;;2026-01-01;KREISE;;03462;;KLASS;;A3;Gas (einschl. bivalent);1,1;%;PKWANT;Anteil am Pkw-Bestand, berechnet
46251;;;;2026-01-01;KREISE;;03462;;KLASS;;A4;Hybrid;5,6;%;PKWANT;Anteil am Pkw-Bestand, berechnet
46251;;;;2026-01-01;KREISE;;03462;;KLASS;;A5;darunter Plug-In-Hybrid;1,3;%;PKWANT;Anteil am Pkw-Bestand, berechnet
46251;;;;2026-01-01;KREISE;;03462;;KLASS;;A6;Elektro;2,8;%;PKWANT;Anteil am Pkw-Bestand, berechnet
46251;;;;2026-01-01;KREISE;;03462;;KLASS;;A7;sonstige Kraftstoffarten;0,0;%;PKWANT;Anteil am Pkw-Bestand, berechnet
46251;;;;2026-01-01;KREISE;;04011;Bremen, kreisfreie Stadt;KLASS;;;Insgesamt;248662;Anzahl;W1;Personenkraftwagen nach Kraftstoffarten
46251;;;;2026-01-01;KREISE;;04011;;KLASS;;A1;Benzin;147076;Anzahl;W1;Personenkraftwagen nach Kraftstoffarten
46251;;;;2026-01-01;KREISE;;04011;;KLASS;;A2;Diesel;68065;Anzahl;W1;Personenkraftwagen nach Kraftstoffarten
46251;;;;2026-01-01;KREISE;;04011;;KLASS;;A3;Gas (einschl. bivalent);1900;Anzahl;W1;Personenkraftwagen nach Kraftstoffarten
46251;;;;2026-01-01;KREISE;;04011;;KLASS;;A4;Hybrid;22518;Anzahl;W1;Personenkraftwagen nach Kraftstoffarten
46251;;;;2026-01-01;KREISE;;04011;;KLASS;;A5;darunter Plug-In-Hybrid;6145;Anzahl;W1;Personenkraftwagen nach Kraftstoffarten
46251;;;;2026-01-01;KREISE;;04011;;KLASS;;A6;Elektro;9060;Anzahl;W1;Personenkraftwagen nach Kraftstoffarten
46251;;;;2026-01-01;KREISE;;04011;;KLASS;;A7;sonstige Kraftstoffarten;43;Anzahl;W1;Personenkraftwagen nach Kraftstoffarten
46251;;;;2026-01-01;KREISE;;04011;;;;;;422,6;;PKWEW;Pkw je 1.000 Einwohner, berechnet
46251;;;;2026-01-01;KREISE;;04011;;KLASS;;A1;Benzin;59,1;%;PKWANT;Anteil am Pkw-Bestand, berechnet
46251;;;;2026-01-01;KREISE;;04011;;KLASS;;A2;Diesel;27,4;%;PKWANT;Anteil am Pkw-Bestand, berechnet
46251;;;;2026-01-01;KREISE;;04011;;KLASS;;A3;Gas (einschl. bivalent);0,8;%;PKWANT;Anteil am Pkw-Bestand, berechnet
46251;;;;2026-01-01;KREISE;;04011;;KLASS;;A4;Hybrid;9,1;%;PKWANT;Anteil am Pkw-Bestand, berechnet
46251;;;;2026-01-01;KREISE;;04011;;KLASS;;A5;darunter Plug-In-Hybrid;2,5;%;PKWANT;Anteil am Pkw-Bestand, berechnet
46251;;;;2026-01-01;KREISE;;04011;;KLASS;;A6;Elektro;3,6;%;PKWANT;Anteil am Pkw-Bestand, berechnet
46251;;;;2026-01-01;KREISE;;04011;;KLASS;;A7;sonstige Kraftstoffarten;0,0;%;PKWANT;Anteil am Pkw-Bestand, berechnet
46251;;;;2026-01-01;KREISE;;04012;Bremerhaven, kreisfreie Stadt;KLASS;;;Insgesamt;52986;Anzahl;W1;Personenkraftwagen nach Kraftstoffarten
46251;;;;2026-01-01;KREISE;;04012;;KLASS;;A1;Benzin;32169;Anzahl;W1;Personenkraftwagen nach Kraftstoffarten
46251;;;;2026-01-01;KREISE;;04012;;KLASS;;A2;Diesel;14005;Anzahl;W1;Personenkraftwagen nach Kraftstoffarten
46251;;;;2026-01-01;KREISE;;04012;;KLASS;;A3;Gas (einschl. bivalent);389;Anzahl;W1;Personenkraftwagen nach Kraftstoffarten
46251;;;;2026-01-01;KREISE;;04012;;KLASS;;A4;Hybrid;4828;Anzahl;W1;Personenkraftwagen nach Kraftstoffarten
46251;;;;2026-01-01;KREISE;;04012;;KLASS;;A5;darunter Plug-In-Hybrid;1139;Anzahl;W1;Personenkraftwagen nach Kraftstoffarten
46251;;;;2026-01-01;KREISE;;04012;;KLASS;;A6;Elektro;1583;Anzahl;W1;Personenkraftwagen nach Kraftstoffarten
46251;;;;2026-01-01;KREISE;;04012;;KLASS;;A7;sonstige Kraftstoffarten;12;Anzahl;W1;Personenkraftwagen nach Kraftstoffarten
46251;;;;2026-01-01;KREISE;;04012;;;;;;447,1;;PKWEW;Pkw je 1.000 Einwohner, berechnet
46251;;;;2026-01-01;KREISE;;04012;;KLASS;;A1;Benzin;60,7;%;PKWANT;Anteil am Pkw-Bestand, berechnet
46251;;;;2026-01-01;KREISE;;04012;;KLASS;;A2;Diesel;26,4;%;PKWANT;Anteil am Pkw-Bestand, berechnet
46251;;;;2026-01-01;KREISE;;04012;;KLASS;;A3;Gas (einschl. bivalent);0,7;%;PKWANT;Anteil am Pkw-Bestand, berechnet
46251;;;;2026-01-01;KREISE;;04012;;KLASS;;A4;Hybrid;9,1;%;PKWANT;Anteil am Pkw-Bestand, berechnet
46251;;;;2026-01-01;KREISE;;04012;;KLASS;;A5;darunter Plug-In-Hybrid;2,1;%;PKWANT;Anteil am Pkw-Bestand, berechnet
46251;;;;2026-01-01;KREISE;;04012;;KLASS;;A6;Elektro;3,0;%;PKWANT;Anteil am Pkw-Bestand, berechnet
46251;;;;2026-01-01;KREISE;;04012;;KLASS;;A7;sonstige Kraftstoffarten;0,0;%;PKWANT;Anteil am Pkw-Bestand, berechnet
46251;;;;2026-01-01;KREISE;;05111;Düsseldorf, kreisfreie Stadt;KLASS;;;Insgesamt;329679;Anzahl;W1;Personenkraftwagen nach Kraftstoffarten
46251;;;;2026-01-01;KREISE;;05111;;KLASS;;A1;Benzin;176750;Anzahl;W1;Personenkraftwagen nach Kraftstoffarten
46251;;;;2026-01-01;KREISE;;05111;;KLASS;;A2;Diesel;80324;Anzahl;W1;Personenkraftwagen nach Kraftstoffarten
46251;;;;2026-01-01;KREISE;;05111;;KLASS;;A3;Gas (einschl. bivalent);2337;Anzahl;W1;Personenkraftwagen nach Kraftstoffarten
46251;;;;2026-01-01;KREISE;;05111;;KLASS;;A4;Hybrid;48111;Anzahl;W1;Personenkraftwagen nach Kraftstoffarten
46251;;;;2026-01-01;KREISE;;05111;;KLASS;;A5;darunter Plug-In-Hybrid;16082;Anzahl;W1;Personenkraftwagen nach Kraftstoffarten
46251;;;;2026-01-01;KREISE;;05111;;KLASS;;A6;Elektro;22089;Anzahl;W1;Personenkraftwagen nach Kraftstoffarten
46251;;;;2026-01-01;KREISE;;05111;;KLASS;;A7;sonstige Kraftstoffarten;68;Anzahl;W1;Personenkraftwagen nach Kraftstoffarten
46251;;;;2026-01-01;KREISE;;05111;;;;;;532,2;;PKWEW;Pkw je 1.000 Einwohner, berechnet
46251;;;;2026-01-01;KREISE;;05111;;KLASS;;A1;Benzin;53,6;%;PKWANT;Anteil am Pkw-Bestand, berechnet
46251;;;;2026-01-01;KREISE;;05111;;KLASS;;A2;Diesel;24,4;%;PKWANT;Anteil am Pkw-Bestand, berechnet
46251;;;;2026-01-01;KREISE;;05111;;KLASS;;A3;Gas (einschl. bivalent);0,7;%;PKWANT;Anteil am Pkw-Bestand, berechnet
46251;;;;2026-01-01;KREISE;;05111;;KLASS;;A4;Hybrid;14,6;%;PKWANT;Anteil am Pkw-Bestand, berechnet
46251;;;;2026-01-01;KREISE;;05111;;KLASS;;A5;darunter Plug-In-Hybrid;4,9;%;PKWANT;Anteil am Pkw-Bestand, berechnet
46251;;;;2026-01-01;KREISE;;05111;;KLASS;;A6;Elektro;6,7;%;PKWANT;Anteil am Pkw-Bestand, berechnet
46251;;;;2026-01-01;KREISE;;05111;;KLASS;;A7;sonstige Kraftstoffarten;0,0;%;PKWANT;Anteil am Pkw-Bestand, berechnet
46251;;;;2026-01-01;KREISE;;05112;Duisburg, kreisfreie Stadt;KLASS;;;Insgesamt;242289;Anzahl;W1;Personenkraftwagen nach Kraftstoffarten
46251;;;;2026-01-01;KREISE;;05112;;KLASS;;A1;Benzin;156855;Anzahl;W1;Personenkraftwagen nach Kraftstoffarten
46251;;;;2026-01-01;KREISE;;05112;;KLASS;;A2;Diesel;55270;Anzahl;W1;Personenkraftwagen nach Kraftstoffarten
46251;;;;2026-01-01;KREISE;;05112;;KLASS;;A3;Gas (einschl. bivalent);3785;Anzahl;W1;Personenkraftwagen nach Kraftstoffarten
46251;;;;2026-01-01;KREISE;;05112;;KLASS;;A4;Hybrid;19803;Anzahl;W1;Personenkraftwagen nach Kraftstoffarten
46251;;;;2026-01-01;KREISE;;05112;;KLASS;;A5;darunter Plug-In-Hybrid;4429;Anzahl;W1;Personenkraftwagen nach Kraftstoffarten
46251;;;;2026-01-01;KREISE;;05112;;KLASS;;A6;Elektro;6541;Anzahl;W1;Personenkraftwagen nach Kraftstoffarten
46251;;;;2026-01-01;KREISE;;05112;;KLASS;;A7;sonstige Kraftstoffarten;35;Anzahl;W1;Personenkraftwagen nach Kraftstoffarten
46251;;;;2026-01-01;KREISE;;05112;;;;;;483,8;;PKWEW;Pkw je 1.000 Einwohner, berechnet
46251;;;;2026-01-01;KREISE;;05112;;KLASS;;A1;Benzin;64,7;%;PKWANT;Anteil am Pkw-Bestand, berechnet
46251;;;;2026-01-01;KREISE;;05112;;KLASS;;A2;Diesel;22,8;%;PKWANT;Anteil am Pkw-Bestand, berechnet
46251;;;;2026-01-01;KREISE;;05112;;KLASS;;A3;Gas (einschl. bivalent);1,6;%;PKWANT;Anteil am Pkw-Bestand, berechnet
46251;;;;2026-01-01;KREISE;;05112;;KLASS;;A4;Hybrid;8,2;%;PKWANT;Anteil am Pkw-Bestand, berechnet
46251;;;;2026-01-01;KREISE;;05112;;KLASS;;A5;darunter Plug-In-Hybrid;1,8;%;PKWANT;Anteil am Pkw-Bestand, berechnet
46251;;;;2026-01-01;KREISE;;05112;;KLASS;;A6;Elektro;2,7;%;PKWANT;Anteil am Pkw-Bestand, berechnet
46251;;;;2026-01-01;KREISE;;05112;;KLASS;;A7;sonstige Kraftstoffarten;0,0;%;PKWANT;Anteil am Pkw-Bestand, berechnet
46251;;;;2026-01-01;KREISE;;05113;Essen, kreisfreie Stadt;KLASS;;;Insgesamt;300335;Anzahl;W1;Personenkraftwagen nach Kraftstoffarten
46251;;;;2026-01-01;KREISE;;05113;;KLASS;;A1;Benzin;193706;Anzahl;W1;Personenkraftwagen nach Kraftstoffarten
46251;;;;2026-01-01;KREISE;;05113;;KLASS;;A2;Diesel;60282;Anzahl;W1;Personenkraftwagen nach Kraftstoffarten
46251;;;;2026-01-01;KREISE;;05113;;KLASS;;A3;Gas (einschl. bivalent);3196;Anzahl;W1;Personenkraftwagen nach Kraftstoffarten
46251;;;;2026-01-01;KREISE;;05113;;KLASS;;A4;Hybrid;30492;Anzahl;W1;Personenkraftwagen nach Kraftstoffarten
46251;;;;2026-01-01;KREISE;;05113;;KLASS;;A5;darunter Plug-In-Hybrid;8718;Anzahl;W1;Personenkraftwagen nach Kraftstoffarten
46251;;;;2026-01-01;KREISE;;05113;;KLASS;;A6;Elektro;12609;Anzahl;W1;Personenkraftwagen nach Kraftstoffarten
46251;;;;2026-01-01;KREISE;;05113;;KLASS;;A7;sonstige Kraftstoffarten;50;Anzahl;W1;Personenkraftwagen nach Kraftstoffarten
46251;;;;2026-01-01;KREISE;;05113;;;;;;523,6;;PKWEW;Pkw je 1.000 Einwohner, berechnet
46251;;;;2026-01-01;KREISE;;05113;;KLASS;;A1;Benzin;64,5;%;PKWANT;Anteil am Pkw-Bestand, berechnet
46251;;;;2026-01-01;KREISE;;05113;;KLASS;;A2;Diesel;20,1;%;PKWANT;Anteil am Pkw-Bestand, berechnet
46251;;;;2026-01-01;KREISE;;05113;;KLASS;;A3;Gas (einschl. bivalent);1,1;%;PKWANT;Anteil am Pkw-Bestand, berechnet
46251;;;;2026-01-01;KREISE;;05113;;KLASS;;A4;Hybrid;10,2;%;PKWANT;Anteil am Pkw-Bestand, berechnet
46251;;;;2026-01-01;KREISE;;05113;;KLASS;;A5;darunter Plug-In-Hybrid;2,9;%;PKWANT;Anteil am Pkw-Bestand, berechnet
46251;;;;2026-01-01;KREISE;;05113;;KLASS;;A6;Elektro;4,2;%;PKWANT;Anteil am Pkw-Bestand, berechnet
46251;;;;2026-01-01;KREISE;;05113;;KLASS;;A7;sonstige Kraftstoffarten;0,0;%;PKWANT;Anteil am Pkw-Bestand, berechnet
46251;;;;2026-01-01;KREISE;;05114;Krefeld, kreisfreie Stadt;KLASS;;;Insgesamt;123741;Anzahl;W1;Personenkraftwagen nach Kraftstoffarten
46251;;;;2026-01-01;KREISE;;05114;;KLASS;;A1;Benzin;78560;Anzahl;W1;Personenkraftwagen nach Kraftstoffarten
46251;;;;2026-01-01;KREISE;;05114;;KLASS;;A2;Diesel;28215;Anzahl;W1;Personenkraftwagen nach Kraftstoffarten
46251;;;;2026-01-01;KREISE;;05114;;KLASS;;A3;Gas (einschl. bivalent);1700;Anzahl;W1;Personenkraftwagen nach Kraftstoffarten
46251;;;;2026-01-01;KREISE;;05114;;KLASS;;A4;Hybrid;10919;Anzahl;W1;Personenkraftwagen nach Kraftstoffarten
46251;;;;2026-01-01;KREISE;;05114;;KLASS;;A5;darunter Plug-In-Hybrid;2710;Anzahl;W1;Personenkraftwagen nach Kraftstoffarten
46251;;;;2026-01-01;KREISE;;05114;;KLASS;;A6;Elektro;4323;Anzahl;W1;Personenkraftwagen nach Kraftstoffarten
46251;;;;2026-01-01;KREISE;;05114;;KLASS;;A7;sonstige Kraftstoffarten;24;Anzahl;W1;Personenkraftwagen nach Kraftstoffarten
46251;;;;2026-01-01;KREISE;;05114;;;;;;536,3;;PKWEW;Pkw je 1.000 Einwohner, berechnet
46251;;;;2026-01-01;KREISE;;05114;;KLASS;;A1;Benzin;63,5;%;PKWANT;Anteil am Pkw-Bestand, berechnet
46251;;;;2026-01-01;KREISE;;05114;;KLASS;;A2;Diesel;22,8;%;PKWANT;Anteil am Pkw-Bestand, berechnet
46251;;;;2026-01-01;KREISE;;05114;;KLASS;;A3;Gas (einschl. bivalent);1,4;%;PKWANT;Anteil am Pkw-Bestand, berechnet
46251;;;;2026-01-01;KREISE;;05114;;KLASS;;A4;Hybrid;8,8;%;PKWANT;Anteil am Pkw-Bestand, berechnet
46251;;;;2026-01-01;KREISE;;05114;;KLASS;;A5;darunter Plug-In-Hybrid;2,2;%;PKWANT;Anteil am Pkw-Bestand, berechnet
46251;;;;2026-01-01;KREISE;;05114;;KLASS;;A6;Elektro;3,5;%;PKWANT;Anteil am Pkw-Bestand, berechnet
46251;;;;2026-01-01;KREISE;;05114;;KLASS;;A7;sonstige Kraftstoffarten;0,0;%;PKWANT;Anteil am Pkw-Bestand, berechnet
46251;;;;2026-01-01;KREISE;;05116;Mönchengladbach, kreisfreie Stadt;KLASS;;;Insgesamt;145526;Anzahl;W1;Personenkraftwagen nach Kraftstoffarten
46251;;;;2026-01-01;KREISE;;05116;;KLASS;;A1;Benzin;92070;Anzahl;W1;Personenkraftwagen nach Kraftstoffarten
46251;;;;2026-01-01;KREISE;;05116;;KLASS;;A2;Diesel;33867;Anzahl;W1;Personenkraftwagen nach Kraftstoffarten
46251;;;;2026-01-01;KREISE;;05116;;KLASS;;A3;Gas (einschl. bivalent);2066;Anzahl;W1;Personenkraftwagen nach Kraftstoffarten
46251;;;;2026-01-01;KREISE;;05116;;KLASS;;A4;Hybrid;12383;Anzahl;W1;Personenkraftwagen nach Kraftstoffarten
46251;;;;2026-01-01;KREISE;;05116;;KLASS;;A5;darunter Plug-In-Hybrid;3253;Anzahl;W1;Personenkraftwagen nach Kraftstoffarten
46251;;;;2026-01-01;KREISE;;05116;;KLASS;;A6;Elektro;5116;Anzahl;W1;Personenkraftwagen nach Kraftstoffarten
46251;;;;2026-01-01;KREISE;;05116;;KLASS;;A7;sonstige Kraftstoffarten;24;Anzahl;W1;Personenkraftwagen nach Kraftstoffarten
46251;;;;2026-01-01;KREISE;;05116;;;;;;544,7;;PKWEW;Pkw je 1.000 Einwohner, berechnet
46251;;;;2026-01-01;KREISE;;05116;;KLASS;;A1;Benzin;63,3;%;PKWANT;Anteil am Pkw-Bestand, berechnet
46251;;;;2026-01-01;KREISE;;05116;;KLASS;;A2;Diesel;23,3;%;PKWANT;Anteil am Pkw-Bestand, berechnet
46251;;;;2026-01-01;KREISE;;05116;;KLASS;;A3;Gas (einschl. bivalent);1,4;%;PKWANT;Anteil am Pkw-Bestand, berechnet
46251;;;;2026-01-01;KREISE;;05116;;KLASS;;A4;Hybrid;8,5;%;PKWANT;Anteil am Pkw-Bestand, berechnet
46251;;;;2026-01-01;KREISE;;05116;;KLASS;;A5;darunter Plug-In-Hybrid;2,2;%;PKWANT;Anteil am Pkw-Bestand, berechnet
46251;;;;2026-01-01;KREISE;;05116;;KLASS;;A6;Elektro;3,5;%;PKWANT;Anteil am Pkw-Bestand, berechnet
46251;;;;2026-01-01;KREISE;;05116;;KLASS;;A7;sonstige Kraftstoffarten;0,0;%;PKWANT;Anteil am Pkw-Bestand, berechnet
46251;;;;2026-01-01;KREISE;;05117;Mülheim an der Ruhr, kreisfreie Stadt;KLASS;;;Insgesamt;96621;Anzahl;W1;Personenkraftwagen nach Kraftstoffarten
46251;;;;2026-01-01;KREISE;;05117;;KLASS;;A1;Benzin;63662;Anzahl;W1;Personenkraftwagen nach Kraftstoffarten
46251;;;;2026-01-01;KREISE;;05117;;KLASS;;A2;Diesel;19228;Anzahl;W1;Personenkraftwagen nach Kraftstoffarten
46251;;;;2026-01-01;KREISE;;05117;;KLASS;;A3;Gas (einschl. bivalent);935;Anzahl;W1;Personenkraftwagen nach Kraftstoffarten
46251;;;;2026-01-01;KREISE;;05117;;KLASS;;A4;Hybrid;9145;Anzahl;W1;Personenkraftwagen nach Kraftstoffarten
46251;;;;2026-01-01;KREISE;;05117;;KLASS;;A5;darunter Plug-In-Hybrid;2444;Anzahl;W1;Personenkraftwagen nach Kraftstoffarten
46251;;;;2026-01-01;KREISE;;05117;;KLASS;;A6;Elektro;3636;Anzahl;W1;Personenkraftwagen nach Kraftstoffarten
46251;;;;2026-01-01;KREISE;;05117;;KLASS;;A7;sonstige Kraftstoffarten;15;Anzahl;W1;Personenkraftwagen nach Kraftstoffarten
46251;;;;2026-01-01;KREISE;;05117;;;;;;562,8;;PKWEW;Pkw je 1.000 Einwohner, berechnet
46251;;;;2026-01-01;KREISE;;05117;;KLASS;;A1;Benzin;65,9;%;PKWANT;Anteil am Pkw-Bestand, berechnet
46251;;;;2026-01-01;KREISE;;05117;;KLASS;;A2;Diesel;19,9;%;PKWANT;Anteil am Pkw-Bestand, berechnet
46251;;;;2026-01-01;KREISE;;05117;;KLASS;;A3;Gas (einschl. bivalent);1,0;%;PKWANT;Anteil am Pkw-Bestand, berechnet
46251;;;;2026-01-01;KREISE;;05117;;KLASS;;A4;Hybrid;9,5;%;PKWANT;Anteil am Pkw-Bestand, berechnet
46251;;;;2026-01-01;KREISE;;05117;;KLASS;;A5;darunter Plug-In-Hybrid;2,5;%;PKWANT;Anteil am Pkw-Bestand, berechnet
46251;;;;2026-01-01;KREISE;;05117;;KLASS;;A6;Elektro;3,8;%;PKWANT;Anteil am Pkw-Bestand, berechnet
46251;;;;2026-01-01;KREISE;;05117;;KLASS;;A7;sonstige Kraftstoffarten;0,0;%;PKWANT;Anteil am Pkw-Bestand, berechnet
46251;;;;2026-01-01;KREISE;;05119;Oberhausen, kreisfreie Stadt;KLASS;;;Insgesamt;114931;Anzahl;W1;Personenkraftwagen nach Kraftstoffarten
46251;;;;2026-01-01;KREISE;;05119;;KLASS;;A1;Benzin;77501;Anzahl;W1;Personenkraftwagen nach Kraftstoffarten
46251;;;;2026-01-01;KREISE;;05119;;KLASS;;A2;Diesel;22683;Anzahl;W1;Personenkraftwagen nach Kraftstoffarten
46251;;;;2026-01-01;KREISE;;05119;;KLASS;;A3;Gas (einschl. bivalent);1585;Anzahl;W1;Personenkraftwagen nach Kraftstoffarten
46251;;;;2026-01-01;KREISE;;05119;;KLASS;;A4;Hybrid;9762;Anzahl;W1;Personenkraftwagen nach Kraftstoffarten
46251;;;;2026-01-01;KREISE;;05119;;KLASS;;A5;darunter Plug-In-Hybrid;2312;Anzahl;W1;Personenkraftwagen nach Kraftstoffarten
46251;;;;2026-01-01;KREISE;;05119;;KLASS;;A6;Elektro;3381;Anzahl;W1;Personenkraftwagen nach Kraftstoffarten
46251;;;;2026-01-01;KREISE;;05119;;KLASS;;A7;sonstige Kraftstoffarten;19;Anzahl;W1;Personenkraftwagen nach Kraftstoffarten
46251;;;;2026-01-01;KREISE;;05119;;;;;;539,1;;PKWEW;Pkw je 1.000 Einwohner, berechnet
46251;;;;2026-01-01;KREISE;;05119;;KLASS;;A1;Benzin;67,4;%;PKWANT;Anteil am Pkw-Bestand, berechnet
46251;;;;2026-01-01;KREISE;;05119;;KLASS;;A2;Diesel;19,7;%;PKWANT;Anteil am Pkw-Bestand, berechnet
46251;;;;2026-01-01;KREISE;;05119;;KLASS;;A3;Gas (einschl. bivalent);1,4;%;PKWANT;Anteil am Pkw-Bestand, berechnet
46251;;;;2026-01-01;KREISE;;05119;;KLASS;;A4;Hybrid;8,5;%;PKWANT;Anteil am Pkw-Bestand, berechnet
46251;;;;2026-01-01;KREISE;;05119;;KLASS;;A5;darunter Plug-In-Hybrid;2,0;%;PKWANT;Anteil am Pkw-Bestand, berechnet
46251;;;;2026-01-01;KREISE;;05119;;KLASS;;A6;Elektro;2,9;%;PKWANT;Anteil am Pkw-Bestand, berechnet
46251;;;;2026-01-01;KREISE;;05119;;KLASS;;A7;sonstige Kraftstoffarten;0,0;%;PKWANT;Anteil am Pkw-Bestand, berechnet
46251;;;;2026-01-01;KREISE;;05120;Remscheid, kreisfreie Stadt;KLASS;;;Insgesamt;65073;Anzahl;W1;Personenkraftwagen nach Kraftstoffarten
46251;;;;2026-01-01;KREISE;;05120;;KLASS;;A1;Benzin;42024;Anzahl;W1;Personenkraftwagen nach Kraftstoffarten
46251;;;;2026-01-01;KREISE;;05120;;KLASS;;A2;Diesel;13817;Anzahl;W1;Personenkraftwagen nach Kraftstoffarten
46251;;;;2026-01-01;KREISE;;05120;;KLASS;;A3;Gas (einschl. bivalent);798;Anzahl;W1;Personenkraftwagen nach Kraftstoffarten
46251;;;;2026-01-01;KREISE;;05120;;KLASS;;A4;Hybrid;6150;Anzahl;W1;Personenkraftwagen nach Kraftstoffarten
46251;;;;2026-01-01;KREISE;;05120;;KLASS;;A5;darunter Plug-In-Hybrid;1614;Anzahl;W1;Personenkraftwagen nach Kraftstoffarten
46251;;;;2026-01-01;KREISE;;05120;;KLASS;;A6;Elektro;2279;Anzahl;W1;Personenkraftwagen nach Kraftstoffarten
46251;;;;2026-01-01;KREISE;;05120;;KLASS;;A7;sonstige Kraftstoffarten;5;Anzahl;W1;Personenkraftwagen nach Kraftstoffarten
46251;;;;2026-01-01;KREISE;;05120;;;;;;574,2;;PKWEW;Pkw je 1.000 Einwohner, berechnet
46251;;;;2026-01-01;KREISE;;05120;;KLASS;;A1;Benzin;64,6;%;PKWANT;Anteil am Pkw-Bestand, berechnet
46251;;;;2026-01-01;KREISE;;05120;;KLASS;;A2;Diesel;21,2;%;PKWANT;Anteil am Pkw-Bestand, berechnet
46251;;;;2026-01-01;KREISE;;05120;;KLASS;;A3;Gas (einschl. bivalent);1,2;%;PKWANT;Anteil am Pkw-Bestand, berechnet
46251;;;;2026-01-01;KREISE;;05120;;KLASS;;A4;Hybrid;9,5;%;PKWANT;Anteil am Pkw-Bestand, berechnet
46251;;;;2026-01-01;KREISE;;05120;;KLASS;;A5;darunter Plug-In-Hybrid;2,5;%;PKWANT;Anteil am Pkw-Bestand, berechnet
46251;;;;2026-01-01;KREISE;;05120;;KLASS;;A6;Elektro;3,5;%;PKWANT;Anteil am Pkw-Bestand, berechnet
46251;;;;2026-01-01;KREISE;;05120;;KLASS;;A7;sonstige Kraftstoffarten;0,0;%;PKWANT;Anteil am Pkw-Bestand, berechnet
46251;;;;2026-01-01;KREISE;;05122;Solingen, kreisfreie Stadt;KLASS;;;Insgesamt;93350;Anzahl;W1;Personenkraftwagen nach Kraftstoffarten
46251;;;;2026-01-01;KREISE;;05122;;KLASS;;A1;Benzin;61832;Anzahl;W1;Personenkraftwagen nach Kraftstoffarten
46251;;;;2026-01-01;KREISE;;05122;;KLASS;;A2;Diesel;18722;Anzahl;W1;Personenkraftwagen nach Kraftstoffarten
46251;;;;2026-01-01;KREISE;;05122;;KLASS;;A3;Gas (einschl. bivalent);961;Anzahl;W1;Personenkraftwagen nach Kraftstoffarten
46251;;;;2026-01-01;KREISE;;05122;;KLASS;;A4;Hybrid;7867;Anzahl;W1;Personenkraftwagen nach Kraftstoffarten
46251;;;;2026-01-01;KREISE;;05122;;KLASS;;A5;darunter Plug-In-Hybrid;2186;Anzahl;W1;Personenkraftwagen nach Kraftstoffarten
46251;;;;2026-01-01;KREISE;;05122;;KLASS;;A6;Elektro;3952;Anzahl;W1;Personenkraftwagen nach Kraftstoffarten
46251;;;;2026-01-01;KREISE;;05122;;KLASS;;A7;sonstige Kraftstoffarten;16;Anzahl;W1;Personenkraftwagen nach Kraftstoffarten
46251;;;;2026-01-01;KREISE;;05122;;;;;;567,1;;PKWEW;Pkw je 1.000 Einwohner, berechnet
46251;;;;2026-01-01;KREISE;;05122;;KLASS;;A1;Benzin;66,2;%;PKWANT;Anteil am Pkw-Bestand, berechnet
46251;;;;2026-01-01;KREISE;;05122;;KLASS;;A2;Diesel;20,1;%;PKWANT;Anteil am Pkw-Bestand, berechnet
46251;;;;2026-01-01;KREISE;;05122;;KLASS;;A3;Gas (einschl. bivalent);1,0;%;PKWANT;Anteil am Pkw-Bestand, berechnet
46251;;;;2026-01-01;KREISE;;05122;;KLASS;;A4;Hybrid;8,4;%;PKWANT;Anteil am Pkw-Bestand, berechnet
46251;;;;2026-01-01;KREISE;;05122;;KLASS;;A5;darunter Plug-In-Hybrid;2,3;%;PKWANT;Anteil am Pkw-Bestand, berechnet
46251;;;;2026-01-01;KREISE;;05122;;KLASS;;A6;Elektro;4,2;%;PKWANT;Anteil am Pkw-Bestand, berechnet
46251;;;;2026-01-01;KREISE;;05122;;KLASS;;A7;sonstige Kraftstoffarten;0,0;%;PKWANT;Anteil am Pkw-Bestand, berechnet
46251;;;;2026-01-01;KREISE;;05124;Wuppertal, kreisfreie Stadt;KLASS;;;Insgesamt;179369;Anzahl;W1;Personenkraftwagen nach Kraftstoffarten
46251;;;;2026-01-01;KREISE;;05124;;KLASS;;A1;Benzin;114202;Anzahl;W1;Personenkraftwagen nach Kraftstoffarten
46251;;;;2026-01-01;KREISE;;05124;;KLASS;;A2;Diesel;40303;Anzahl;W1;Personenkraftwagen nach Kraftstoffarten
46251;;;;2026-01-01;KREISE;;05124;;KLASS;;A3;Gas (einschl. bivalent);1834;Anzahl;W1;Personenkraftwagen nach Kraftstoffarten
46251;;;;2026-01-01;KREISE;;05124;;KLASS;;A4;Hybrid;16527;Anzahl;W1;Personenkraftwagen nach Kraftstoffarten
46251;;;;2026-01-01;KREISE;;05124;;KLASS;;A5;darunter Plug-In-Hybrid;4237;Anzahl;W1;Personenkraftwagen nach Kraftstoffarten
46251;;;;2026-01-01;KREISE;;05124;;KLASS;;A6;Elektro;6474;Anzahl;W1;Personenkraftwagen nach Kraftstoffarten
46251;;;;2026-01-01;KREISE;;05124;;KLASS;;A7;sonstige Kraftstoffarten;29;Anzahl;W1;Personenkraftwagen nach Kraftstoffarten
46251;;;;2026-01-01;KREISE;;05124;;;;;;502,1;;PKWEW;Pkw je 1.000 Einwohner, berechnet
46251;;;;2026-01-01;KREISE;;05124;;KLASS;;A1;Benzin;63,7;%;PKWANT;Anteil am Pkw-Bestand, berechnet
46251;;;;2026-01-01;KREISE;;05124;;KLASS;;A2;Diesel;22,5;%;PKWANT;Anteil am Pkw-Bestand, berechnet
46251;;;;2026-01-01;KREISE;;05124;;KLASS;;A3;Gas (einschl. bivalent);1,0;%;PKWANT;Anteil am Pkw-Bestand, berechnet
46251;;;;2026-01-01;KREISE;;05124;;KLASS;;A4;Hybrid;9,2;%;PKWANT;Anteil am Pkw-Bestand, berechnet
46251;;;;2026-01-01;KREISE;;05124;;KLASS;;A5;darunter Plug-In-Hybrid;2,4;%;PKWANT;Anteil am Pkw-Bestand, berechnet
46251;;;;2026-01-01;KREISE;;05124;;KLASS;;A6;Elektro;3,6;%;PKWANT;Anteil am Pkw-Bestand, berechnet
46251;;;;2026-01-01;KREISE;;05124;;KLASS;;A7;sonstige Kraftstoffarten;0,0;%;PKWANT;Anteil am Pkw-Bestand, berechnet
46251;;;;2026-01-01;KREISE;;05154;Kleve, Kreis;KLASS;;;Insgesamt;206340;Anzahl;W1;Personenkraftwagen nach Kraftstoffarten
46251;;;;2026-01-01;KREISE;;05154;;KLASS;;A1;Benzin;114374;Anzahl;W1;Personenkraftwagen nach Kraftstoffarten
46251;;;;2026-01-01;KREISE;;05154;;KLASS;;A2;Diesel;65314;Anzahl;W1;Personenkraftwagen nach Kraftstoffarten
46251;;;;2026-01-01;KREISE;;05154;;KLASS;;A3;Gas (einschl. bivalent);4184;Anzahl;W1;Personenkraftwagen nach Kraftstoffarten
46251;;;;2026-01-01;KREISE;;05154;;KLASS;;A4;Hybrid;14965;Anzahl;W1;Personenkraftwagen nach Kraftstoffarten
46251;;;;2026-01-01;KREISE;;05154;;KLASS;;A5;darunter Plug-In-Hybrid;4365;Anzahl;W1;Personenkraftwagen nach Kraftstoffarten
46251;;;;2026-01-01;KREISE;;05154;;KLASS;;A6;Elektro;7473;Anzahl;W1;Personenkraftwagen nach Kraftstoffarten
46251;;;;2026-01-01;KREISE;;05154;;KLASS;;A7;sonstige Kraftstoffarten;30;Anzahl;W1;Personenkraftwagen nach Kraftstoffarten
46251;;;;2026-01-01;KREISE;;05154;;;;;;644,1;;PKWEW;Pkw je 1.000 Einwohner, berechnet
46251;;;;2026-01-01;KREISE;;05154;;KLASS;;A1;Benzin;55,4;%;PKWANT;Anteil am Pkw-Bestand, berechnet
46251;;;;2026-01-01;KREISE;;05154;;KLASS;;A2;Diesel;31,7;%;PKWANT;Anteil am Pkw-Bestand, berechnet
46251;;;;2026-01-01;KREISE;;05154;;KLASS;;A3;Gas (einschl. bivalent);2,0;%;PKWANT;Anteil am Pkw-Bestand, berechnet
46251;;;;2026-01-01;KREISE;;05154;;KLASS;;A4;Hybrid;7,3;%;PKWANT;Anteil am Pkw-Bestand, berechnet
46251;;;;2026-01-01;KREISE;;05154;;KLASS;;A5;darunter Plug-In-Hybrid;2,1;%;PKWANT;Anteil am Pkw-Bestand, berechnet
46251;;;;2026-01-01;KREISE;;05154;;KLASS;;A6;Elektro;3,6;%;PKWANT;Anteil am Pkw-Bestand, berechnet
46251;;;;2026-01-01;KREISE;;05154;;KLASS;;A7;sonstige Kraftstoffarten;0,0;%;PKWANT;Anteil am Pkw-Bestand, berechnet
46251;;;;2026-01-01;KREISE;;05158;Mettmann, Kreis;KLASS;;;Insgesamt;304274;Anzahl;W1;Personenkraftwagen nach Kraftstoffarten
46251;;;;2026-01-01;KREISE;;05158;;KLASS;;A1;Benzin;189459;Anzahl;W1;Personenkraftwagen nach Kraftstoffarten
46251;;;;2026-01-01;KREISE;;05158;;KLASS;;A2;Diesel;67963;Anzahl;W1;Personenkraftwagen nach Kraftstoffarten
46251;;;;2026-01-01;KREISE;;05158;;KLASS;;A3;Gas (einschl. bivalent);2787;Anzahl;W1;Personenkraftwagen nach Kraftstoffarten
46251;;;;2026-01-01;KREISE;;05158;;KLASS;;A4;Hybrid;30613;Anzahl;W1;Personenkraftwagen nach Kraftstoffarten
46251;;;;2026-01-01;KREISE;;05158;;KLASS;;A5;darunter Plug-In-Hybrid;8524;Anzahl;W1;Personenkraftwagen nach Kraftstoffarten
46251;;;;2026-01-01;KREISE;;05158;;KLASS;;A6;Elektro;13407;Anzahl;W1;Personenkraftwagen nach Kraftstoffarten
46251;;;;2026-01-01;KREISE;;05158;;KLASS;;A7;sonstige Kraftstoffarten;45;Anzahl;W1;Personenkraftwagen nach Kraftstoffarten
46251;;;;2026-01-01;KREISE;;05158;;;;;;622,1;;PKWEW;Pkw je 1.000 Einwohner, berechnet
46251;;;;2026-01-01;KREISE;;05158;;KLASS;;A1;Benzin;62,3;%;PKWANT;Anteil am Pkw-Bestand, berechnet
46251;;;;2026-01-01;KREISE;;05158;;KLASS;;A2;Diesel;22,3;%;PKWANT;Anteil am Pkw-Bestand, berechnet
46251;;;;2026-01-01;KREISE;;05158;;KLASS;;A3;Gas (einschl. bivalent);0,9;%;PKWANT;Anteil am Pkw-Bestand, berechnet
46251;;;;2026-01-01;KREISE;;05158;;KLASS;;A4;Hybrid;10,1;%;PKWANT;Anteil am Pkw-Bestand, berechnet
46251;;;;2026-01-01;KREISE;;05158;;KLASS;;A5;darunter Plug-In-Hybrid;2,8;%;PKWANT;Anteil am Pkw-Bestand, berechnet
46251;;;;2026-01-01;KREISE;;05158;;KLASS;;A6;Elektro;4,4;%;PKWANT;Anteil am Pkw-Bestand, berechnet
46251;;;;2026-01-01;KREISE;;05158;;KLASS;;A7;sonstige Kraftstoffarten;0,0;%;PKWANT;Anteil am Pkw-Bestand, berechnet
46251;;;;2026-01-01;KREISE;;05162;Rhein-Kreis Neuss;KLASS;;;Insgesamt;282190;Anzahl;W1;Personenkraftwagen nach Kraftstoffarten
46251;;;;2026-01-01;KREISE;;05162;;KLASS;;A1;Benzin;176066;Anzahl;W1;Personenkraftwagen nach Kraftstoffarten
46251;;;;2026-01-01;KREISE;;05162;;KLASS;;A2;Diesel;64225;Anzahl;W1;Personenkraftwagen nach Kraftstoffarten
46251;;;;2026-01-01;KREISE;;05162;;KLASS;;A3;Gas (einschl. bivalent);2715;Anzahl;W1;Personenkraftwagen nach Kraftstoffarten
46251;;;;2026-01-01;KREISE;;05162;;KLASS;;A4;Hybrid;27230;Anzahl;W1;Personenkraftwagen nach Kraftstoffarten
46251;;;;2026-01-01;KREISE;;05162;;KLASS;;A5;darunter Plug-In-Hybrid;6719;Anzahl;W1;Personenkraftwagen nach Kraftstoffarten
46251;;;;2026-01-01;KREISE;;05162;;KLASS;;A6;Elektro;11886;Anzahl;W1;Personenkraftwagen nach Kraftstoffarten
46251;;;;2026-01-01;KREISE;;05162;;KLASS;;A7;sonstige Kraftstoffarten;68;Anzahl;W1;Personenkraftwagen nach Kraftstoffarten
46251;;;;2026-01-01;KREISE;;05162;;;;;;619,4;;PKWEW;Pkw je 1.000 Einwohner, berechnet
46251;;;;2026-01-01;KREISE;;05162;;KLASS;;A1;Benzin;62,4;%;PKWANT;Anteil am Pkw-Bestand, berechnet
46251;;;;2026-01-01;KREISE;;05162;;KLASS;;A2;Diesel;22,8;%;PKWANT;Anteil am Pkw-Bestand, berechnet
46251;;;;2026-01-01;KREISE;;05162;;KLASS;;A3;Gas (einschl. bivalent);1,0;%;PKWANT;Anteil am Pkw-Bestand, berechnet
46251;;;;2026-01-01;KREISE;;05162;;KLASS;;A4;Hybrid;9,6;%;PKWANT;Anteil am Pkw-Bestand, berechnet
46251;;;;2026-01-01;KREISE;;05162;;KLASS;;A5;darunter Plug-In-Hybrid;2,4;%;PKWANT;Anteil am Pkw-Bestand, berechnet
46251;;;;2026-01-01;KREISE;;05162;;KLASS;;A6;Elektro;4,2;%;PKWANT;Anteil am Pkw-Bestand, berechnet
46251;;;;2026-01-01;KREISE;;05162;;KLASS;;A7;sonstige Kraftstoffarten;0,0;%;PKWANT;Anteil am Pkw-Bestand, berechnet
46251;;;;2026-01-01;KREISE;;05166;Viersen, Kreis;KLASS;;;Insgesamt;196530;Anzahl;W1;Personenkraftwagen nach Kraftstoffarten
46251;;;;2026-01-01;KREISE;;05166;;KLASS;;A1;Benzin;120857;Anzahl;W1;Personenkraftwagen nach Kraftstoffarten
46251;;;;2026-01-01;KREISE;;05166;;KLASS;;A2;Diesel;49798;Anzahl;W1;Personenkraftwagen nach Kraftstoffarten
46251;;;;2026-01-01;KREISE;;05166;;KLASS;;A3;Gas (einschl. bivalent);3509;Anzahl;W1;Personenkraftwagen nach Kraftstoffarten
46251;;;;2026-01-01;KREISE;;05166;;KLASS;;A4;Hybrid;14615;Anzahl;W1;Personenkraftwagen nach Kraftstoffarten
46251;;;;2026-01-01;KREISE;;05166;;KLASS;;A5;darunter Plug-In-Hybrid;3809;Anzahl;W1;Personenkraftwagen nach Kraftstoffarten
46251;;;;2026-01-01;KREISE;;05166;;KLASS;;A6;Elektro;7715;Anzahl;W1;Personenkraftwagen nach Kraftstoffarten
46251;;;;2026-01-01;KREISE;;05166;;KLASS;;A7;sonstige Kraftstoffarten;36;Anzahl;W1;Personenkraftwagen nach Kraftstoffarten
46251;;;;2026-01-01;KREISE;;05166;;;;;;661,3;;PKWEW;Pkw je 1.000 Einwohner, berechnet
46251;;;;2026-01-01;KREISE;;05166;;KLASS;;A1;Benzin;61,5;%;PKWANT;Anteil am Pkw-Bestand, berechnet
46251;;;;2026-01-01;KREISE;;05166;;KLASS;;A2;Diesel;25,3;%;PKWANT;Anteil am Pkw-Bestand, berechnet
46251;;;;2026-01-01;KREISE;;05166;;KLASS;;A3;Gas (einschl. bivalent);1,8;%;PKWANT;Anteil am Pkw-Bestand, berechnet
46251;;;;2026-01-01;KREISE;;05166;;KLASS;;A4;Hybrid;7,4;%;PKWANT;Anteil am Pkw-Bestand, berechnet
46251;;;;2026-01-01;KREISE;;05166;;KLASS;;A5;darunter Plug-In-Hybrid;1,9;%;PKWANT;Anteil am Pkw-Bestand, berechnet
46251;;;;2026-01-01;KREISE;;05166;;KLASS;;A6;Elektro;3,9;%;PKWANT;Anteil am Pkw-Bestand, berechnet
46251;;;;2026-01-01;KREISE;;05166;;KLASS;;A7;sonstige Kraftstoffarten;0,0;%;PKWANT;Anteil am Pkw-Bestand, berechnet
46251;;;;2026-01-01;KREISE;;05170;Wesel, Kreis;KLASS;;;Insgesamt;300141;Anzahl;W1;Personenkraftwagen nach Kraftstoffarten
46251;;;;2026-01-01;KREISE;;05170;;KLASS;;A1;Benzin;187218;Anzahl;W1;Personenkraftwagen nach Kraftstoffarten
46251;;;;2026-01-01;KREISE;;05170;;KLASS;;A2;Diesel;71664;Anzahl;W1;Personenkraftwagen nach Kraftstoffarten
46251;;;;2026-01-01;KREISE;;05170;;KLASS;;A3;Gas (einschl. bivalent);4891;Anzahl;W1;Personenkraftwagen nach Kraftstoffarten
46251;;;;2026-01-01;KREISE;;05170;;KLASS;;A4;Hybrid;24723;Anzahl;W1;Personenkraftwagen nach Kraftstoffarten
46251;;;;2026-01-01;KREISE;;05170;;KLASS;;A5;darunter Plug-In-Hybrid;5973;Anzahl;W1;Personenkraftwagen nach Kraftstoffarten
46251;;;;2026-01-01;KREISE;;05170;;KLASS;;A6;Elektro;11600;Anzahl;W1;Personenkraftwagen nach Kraftstoffarten
46251;;;;2026-01-01;KREISE;;05170;;KLASS;;A7;sonstige Kraftstoffarten;45;Anzahl;W1;Personenkraftwagen nach Kraftstoffarten
46251;;;;2026-01-01;KREISE;;05170;;;;;;656,7;;PKWEW;Pkw je 1.000 Einwohner, berechnet
46251;;;;2026-01-01;KREISE;;05170;;KLASS;;A1;Benzin;62,4;%;PKWANT;Anteil am Pkw-Bestand, berechnet
46251;;;;2026-01-01;KREISE;;05170;;KLASS;;A2;Diesel;23,9;%;PKWANT;Anteil am Pkw-Bestand, berechnet
46251;;;;2026-01-01;KREISE;;05170;;KLASS;;A3;Gas (einschl. bivalent);1,6;%;PKWANT;Anteil am Pkw-Bestand, berechnet
46251;;;;2026-01-01;KREISE;;05170;;KLASS;;A4;Hybrid;8,2;%;PKWANT;Anteil am Pkw-Bestand, berechnet
46251;;;;2026-01-01;KREISE;;05170;;KLASS;;A5;darunter Plug-In-Hybrid;2,0;%;PKWANT;Anteil am Pkw-Bestand, berechnet
46251;;;;2026-01-01;KREISE;;05170;;KLASS;;A6;Elektro;3,9;%;PKWANT;Anteil am Pkw-Bestand, berechnet
46251;;;;2026-01-01;KREISE;;05170;;KLASS;;A7;sonstige Kraftstoffarten;0,0;%;PKWANT;Anteil am Pkw-Bestand, berechnet
46251;;;;2026-01-01;KREISE;;05314;Bonn, kreisfreie Stadt;KLASS;;;Insgesamt;175089;Anzahl;W1;Personenkraftwagen nach Kraftstoffarten
46251;;;;2026-01-01;KREISE;;05314;;KLASS;;A1;Benzin;96902;Anzahl;W1;Personenkraftwagen nach Kraftstoffarten
46251;;;;2026-01-01;KREISE;;05314;;KLASS;;A2;Diesel;45275;Anzahl;W1;Personenkraftwagen nach Kraftstoffarten
46251;;;;2026-01-01;KREISE;;05314;;KLASS;;A3;Gas (einschl. bivalent);1211;Anzahl;W1;Personenkraftwagen nach Kraftstoffarten
46251;;;;2026-01-01;KREISE;;05314;;KLASS;;A4;Hybrid;18301;Anzahl;W1;Personenkraftwagen nach Kraftstoffarten
46251;;;;2026-01-01;KREISE;;05314;;KLASS;;A5;darunter Plug-In-Hybrid;4659;Anzahl;W1;Personenkraftwagen nach Kraftstoffarten
46251;;;;2026-01-01;KREISE;;05314;;KLASS;;A6;Elektro;13368;Anzahl;W1;Personenkraftwagen nach Kraftstoffarten
46251;;;;2026-01-01;KREISE;;05314;;KLASS;;A7;sonstige Kraftstoffarten;32;Anzahl;W1;Personenkraftwagen nach Kraftstoffarten
46251;;;;2026-01-01;KREISE;;05314;;;;;;541,1;;PKWEW;Pkw je 1.000 Einwohner, berechnet
46251;;;;2026-01-01;KREISE;;05314;;KLASS;;A1;Benzin;55,3;%;PKWANT;Anteil am Pkw-Bestand, berechnet
46251;;;;2026-01-01;KREISE;;05314;;KLASS;;A2;Diesel;25,9;%;PKWANT;Anteil am Pkw-Bestand, berechnet
46251;;;;2026-01-01;KREISE;;05314;;KLASS;;A3;Gas (einschl. bivalent);0,7;%;PKWANT;Anteil am Pkw-Bestand, berechnet
46251;;;;2026-01-01;KREISE;;05314;;KLASS;;A4;Hybrid;10,5;%;PKWANT;Anteil am Pkw-Bestand, berechnet
46251;;;;2026-01-01;KREISE;;05314;;KLASS;;A5;darunter Plug-In-Hybrid;2,7;%;PKWANT;Anteil am Pkw-Bestand, berechnet
46251;;;;2026-01-01;KREISE;;05314;;KLASS;;A6;Elektro;7,6;%;PKWANT;Anteil am Pkw-Bestand, berechnet
46251;;;;2026-01-01;KREISE;;05314;;KLASS;;A7;sonstige Kraftstoffarten;0,0;%;PKWANT;Anteil am Pkw-Bestand, berechnet
46251;;;;2026-01-01;KREISE;;05315;Köln, kreisfreie Stadt;KLASS;;;Insgesamt;501926;Anzahl;W1;Personenkraftwagen nach Kraftstoffarten
46251;;;;2026-01-01;KREISE;;05315;;KLASS;;A1;Benzin;294535;Anzahl;W1;Personenkraftwagen nach Kraftstoffarten
46251;;;;2026-01-01;KREISE;;05315;;KLASS;;A2;Diesel;111548;Anzahl;W1;Personenkraftwagen nach Kraftstoffarten
46251;;;;2026-01-01;KREISE;;05315;;KLASS;;A3;Gas (einschl. bivalent);4314;Anzahl;W1;Personenkraftwagen nach Kraftstoffarten
46251;;;;2026-01-01;KREISE;;05315;;KLASS;;A4;Hybrid;65407;Anzahl;W1;Personenkraftwagen nach Kraftstoffarten
46251;;;;2026-01-01;KREISE;;05315;;KLASS;;A5;darunter Plug-In-Hybrid;18815;Anzahl;W1;Personenkraftwagen nach Kraftstoffarten
46251;;;;2026-01-01;KREISE;;05315;;KLASS;;A6;Elektro;25996;Anzahl;W1;Personenkraftwagen nach Kraftstoffarten
46251;;;;2026-01-01;KREISE;;05315;;KLASS;;A7;sonstige Kraftstoffarten;126;Anzahl;W1;Personenkraftwagen nach Kraftstoffarten
46251;;;;2026-01-01;KREISE;;05315;;;;;;489,4;;PKWEW;Pkw je 1.000 Einwohner, berechnet
46251;;;;2026-01-01;KREISE;;05315;;KLASS;;A1;Benzin;58,7;%;PKWANT;Anteil am Pkw-Bestand, berechnet
46251;;;;2026-01-01;KREISE;;05315;;KLASS;;A2;Diesel;22,2;%;PKWANT;Anteil am Pkw-Bestand, berechnet
46251;;;;2026-01-01;KREISE;;05315;;KLASS;;A3;Gas (einschl. bivalent);0,9;%;PKWANT;Anteil am Pkw-Bestand, berechnet
46251;;;;2026-01-01;KREISE;;05315;;KLASS;;A4;Hybrid;13,0;%;PKWANT;Anteil am Pkw-Bestand, berechnet
46251;;;;2026-01-01;KREISE;;05315;;KLASS;;A5;darunter Plug-In-Hybrid;3,7;%;PKWANT;Anteil am Pkw-Bestand, berechnet
46251;;;;2026-01-01;KREISE;;05315;;KLASS;;A6;Elektro;5,2;%;PKWANT;Anteil am Pkw-Bestand, berechnet
46251;;;;2026-01-01;KREISE;;05315;;KLASS;;A7;sonstige Kraftstoffarten;0,0;%;PKWANT;Anteil am Pkw-Bestand, berechnet
46251;;;;2026-01-01;KREISE;;05316;Leverkusen, kreisfreie Stadt;KLASS;;;Insgesamt;93243;Anzahl;W1;Personenkraftwagen nach Kraftstoffarten
46251;;;;2026-01-01;KREISE;;05316;;KLASS;;A1;Benzin;57978;Anzahl;W1;Personenkraftwagen nach Kraftstoffarten
46251;;;;2026-01-01;KREISE;;05316;;KLASS;;A2;Diesel;20462;Anzahl;W1;Personenkraftwagen nach Kraftstoffarten
46251;;;;2026-01-01;KREISE;;05316;;KLASS;;A3;Gas (einschl. bivalent);875;Anzahl;W1;Personenkraftwagen nach Kraftstoffarten
46251;;;;2026-01-01;KREISE;;05316;;KLASS;;A4;Hybrid;9908;Anzahl;W1;Personenkraftwagen nach Kraftstoffarten
46251;;;;2026-01-01;KREISE;;05316;;KLASS;;A5;darunter Plug-In-Hybrid;2639;Anzahl;W1;Personenkraftwagen nach Kraftstoffarten
46251;;;;2026-01-01;KREISE;;05316;;KLASS;;A6;Elektro;4009;Anzahl;W1;Personenkraftwagen nach Kraftstoffarten
46251;;;;2026-01-01;KREISE;;05316;;KLASS;;A7;sonstige Kraftstoffarten;11;Anzahl;W1;Personenkraftwagen nach Kraftstoffarten
46251;;;;2026-01-01;KREISE;;05316;;;;;;554,0;;PKWEW;Pkw je 1.000 Einwohner, berechnet
46251;;;;2026-01-01;KREISE;;05316;;KLASS;;A1;Benzin;62,2;%;PKWANT;Anteil am Pkw-Bestand, berechnet
46251;;;;2026-01-01;KREISE;;05316;;KLASS;;A2;Diesel;21,9;%;PKWANT;Anteil am Pkw-Bestand, berechnet
46251;;;;2026-01-01;KREISE;;05316;;KLASS;;A3;Gas (einschl. bivalent);0,9;%;PKWANT;Anteil am Pkw-Bestand, berechnet
46251;;;;2026-01-01;KREISE;;05316;;KLASS;;A4;Hybrid;10,6;%;PKWANT;Anteil am Pkw-Bestand, berechnet
46251;;;;2026-01-01;KREISE;;05316;;KLASS;;A5;darunter Plug-In-Hybrid;2,8;%;PKWANT;Anteil am Pkw-Bestand, berechnet
46251;;;;2026-01-01;KREISE;;05316;;KLASS;;A6;Elektro;4,3;%;PKWANT;Anteil am Pkw-Bestand, berechnet
46251;;;;2026-01-01;KREISE;;05316;;KLASS;;A7;sonstige Kraftstoffarten;0,0;%;PKWANT;Anteil am Pkw-Bestand, berechnet
46251;;;;2026-01-01;KREISE;;05334;Städteregion Aachen, Kreis;KLASS;;;Insgesamt;304553;Anzahl;W1;Personenkraftwagen nach Kraftstoffarten
46251;;;;2026-01-01;KREISE;;05334;;KLASS;;A1;Benzin;187733;Anzahl;W1;Personenkraftwagen nach Kraftstoffarten
46251;;;;2026-01-01;KREISE;;05334;;KLASS;;A2;Diesel;71029;Anzahl;W1;Personenkraftwagen nach Kraftstoffarten
46251;;;;2026-01-01;KREISE;;05334;;KLASS;;A3;Gas (einschl. bivalent);4630;Anzahl;W1;Personenkraftwagen nach Kraftstoffarten
46251;;;;2026-01-01;KREISE;;05334;;KLASS;;A4;Hybrid;27860;Anzahl;W1;Personenkraftwagen nach Kraftstoffarten
46251;;;;2026-01-01;KREISE;;05334;;KLASS;;A5;darunter Plug-In-Hybrid;7337;Anzahl;W1;Personenkraftwagen nach Kraftstoffarten
46251;;;;2026-01-01;KREISE;;05334;;KLASS;;A6;Elektro;13241;Anzahl;W1;Personenkraftwagen nach Kraftstoffarten
46251;;;;2026-01-01;KREISE;;05334;;KLASS;;A7;sonstige Kraftstoffarten;60;Anzahl;W1;Personenkraftwagen nach Kraftstoffarten
46251;;;;2026-01-01;KREISE;;05334;;;;;;522,1;;PKWEW;Pkw je 1.000 Einwohner, berechnet
46251;;;;2026-01-01;KREISE;;05334;;KLASS;;A1;Benzin;61,6;%;PKWANT;Anteil am Pkw-Bestand, berechnet
46251;;;;2026-01-01;KREISE;;05334;;KLASS;;A2;Diesel;23,3;%;PKWANT;Anteil am Pkw-Bestand, berechnet
46251;;;;2026-01-01;KREISE;;05334;;KLASS;;A3;Gas (einschl. bivalent);1,5;%;PKWANT;Anteil am Pkw-Bestand, berechnet
46251;;;;2026-01-01;KREISE;;05334;;KLASS;;A4;Hybrid;9,1;%;PKWANT;Anteil am Pkw-Bestand, berechnet
46251;;;;2026-01-01;KREISE;;05334;;KLASS;;A5;darunter Plug-In-Hybrid;2,4;%;PKWANT;Anteil am Pkw-Bestand, berechnet
46251;;;;2026-01-01;KREISE;;05334;;KLASS;;A6;Elektro;4,3;%;PKWANT;Anteil am Pkw-Bestand, berechnet
46251;;;;2026-01-01;KREISE;;05334;;KLASS;;A7;sonstige Kraftstoffarten;0,0;%;PKWANT;Anteil am Pkw-Bestand, berechnet
46251;;;;2026-01-01;KREISE;;05334002;Aachen, kreisfreie Stadt;KLASS;;;Insgesamt;115874;Anzahl;W1;Personenkraftwagen nach Kraftstoffarten
46251;;;;2026-01-01;KREISE;;05334002;;KLASS;;A1;Benzin;68716;Anzahl;W1;Personenkraftwagen nach Kraftstoffarten
46251;;;;2026-01-01;KREISE;;05334002;;KLASS;;A2;Diesel;27327;Anzahl;W1;Personenkraftwagen nach Kraftstoffarten
46251;;;;2026-01-01;KREISE;;05334002;;KLASS;;A3;Gas (einschl. bivalent);1793;Anzahl;W1;Personenkraftwagen nach Kraftstoffarten
46251;;;;2026-01-01;KREISE;;05334002;;KLASS;;A4;Hybrid;11695;Anzahl;W1;Personenkraftwagen nach Kraftstoffarten
46251;;;;2026-01-01;KREISE;;05334002;;KLASS;;A5;darunter Plug-In-Hybrid;3472;Anzahl;W1;Personenkraftwagen nach Kraftstoffarten
46251;;;;2026-01-01;KREISE;;05334002;;KLASS;;A6;Elektro;6319;Anzahl;W1;Personenkraftwagen nach Kraftstoffarten
46251;;;;2026-01-01;KREISE;;05334002;;KLASS;;A7;sonstige Kraftstoffarten;24;Anzahl;W1;Personenkraftwagen nach Kraftstoffarten
46251;;;;2026-01-01;KREISE;;05334002;;;;;;439,4;;PKWEW;Pkw je 1.000 Einwohner, berechnet
46251;;;;2026-01-01;KREISE;;05334002;;KLASS;;A1;Benzin;59,3;%;PKWANT;Anteil am Pkw-Bestand, berechnet
46251;;;;2026-01-01;KREISE;;05334002;;KLASS;;A2;Diesel;23,6;%;PKWANT;Anteil am Pkw-Bestand, berechnet
46251;;;;2026-01-01;KREISE;;05334002;;KLASS;;A3;Gas (einschl. bivalent);1,5;%;PKWANT;Anteil am Pkw-Bestand, berechnet
46251;;;;2026-01-01;KREISE;;05334002;;KLASS;;A4;Hybrid;10,1;%;PKWANT;Anteil am Pkw-Bestand, berechnet
46251;;;;2026-01-01;KREISE;;05334002;;KLASS;;A5;darunter Plug-In-Hybrid;3,0;%;PKWANT;Anteil am Pkw-Bestand, berechnet
46251;;;;2026-01-01;KREISE;;05334002;;KLASS;;A6;Elektro;5,5;%;PKWANT;Anteil am Pkw-Bestand, berechnet
46251;;;;2026-01-01;KREISE;;05334002;;KLASS;;A7;sonstige Kraftstoffarten;0,0;%;PKWANT;Anteil am Pkw-Bestand, berechnet
46251;;;;2026-01-01;KREISE;;05354;Aachen, Kreis;KLASS;;;Insgesamt;-;Anzahl;W1;Personenkraftwagen nach Kraftstoffarten
46251;;;;2026-01-01;KREISE;;05354;;KLASS;;A1;Benzin;-;Anzahl;W1;Personenkraftwagen nach Kraftstoffarten
46251;;;;2026-01-01;KREISE;;05354;;KLASS;;A2;Diesel;-;Anzahl;W1;Personenkraftwagen nach Kraftstoffarten
46251;;;;2026-01-01;KREISE;;05354;;KLASS;;A3;Gas (einschl. bivalent);-;Anzahl;W1;Personenkraftwagen nach Kraftstoffarten
46251;;;;2026-01-01;KREISE;;05354;;KLASS;;A4;Hybrid;-;Anzahl;W1;Personenkraftwagen nach Kraftstoffarten
46251;;;;2026-01-01;KREISE;;05354;;KLASS;;A5;darunter Plug-In-Hybrid;-;Anzahl;W1;Personenkraftwagen nach Kraftstoffarten
46251;;;;2026-01-01;KREISE;;05354;;KLASS;;A6;Elektro;-;Anzahl;W1;Personenkraftwagen nach Kraftstoffarten
46251;;;;2026-01-01;KREISE;;05354;;KLASS;;A7;sonstige Kraftstoffarten;-;Anzahl;W1;Personenkraftwagen nach Kraftstoffarten
46251;;;;2026-01-01;KREISE;;05358;Düren, Kreis;KLASS;;;Insgesamt;172374;Anzahl;W1;Personenkraftwagen nach Kraftstoffarten
46251;;;;2026-01-01;KREISE;;05358;;KLASS;;A1;Benzin;105210;Anzahl;W1;Personenkraftwagen nach Kraftstoffarten
46251;;;;2026-01-01;KREISE;;05358;;KLASS;;A2;Diesel;44183;Anzahl;W1;Personenkraftwagen nach Kraftstoffarten
46251;;;;2026-01-01;KREISE;;05358;;KLASS;;A3;Gas (einschl. bivalent);2124;Anzahl;W1;Personenkraftwagen nach Kraftstoffarten
46251;;;;2026-01-01;KREISE;;05358;;KLASS;;A4;Hybrid;14129;Anzahl;W1;Personenkraftwagen nach Kraftstoffarten
46251;;;;2026-01-01;KREISE;;05358;;KLASS;;A5;darunter Plug-In-Hybrid;3607;Anzahl;W1;Personenkraftwagen nach Kraftstoffarten
46251;;;;2026-01-01;KREISE;;05358;;KLASS;;A6;Elektro;6680;Anzahl;W1;Personenkraftwagen nach Kraftstoffarten
46251;;;;2026-01-01;KREISE;;05358;;KLASS;;A7;sonstige Kraftstoffarten;48;Anzahl;W1;Personenkraftwagen nach Kraftstoffarten
46251;;;;2026-01-01;KREISE;;05358;;;;;;616,7;;PKWEW;Pkw je 1.000 Einwohner, berechnet
46251;;;;2026-01-01;KREISE;;05358;;KLASS;;A1;Benzin;61,0;%;PKWANT;Anteil am Pkw-Bestand, berechnet
46251;;;;2026-01-01;KREISE;;05358;;KLASS;;A2;Diesel;25,6;%;PKWANT;Anteil am Pkw-Bestand, berechnet
46251;;;;2026-01-01;KREISE;;05358;;KLASS;;A3;Gas (einschl. bivalent);1,2;%;PKWANT;Anteil am Pkw-Bestand, berechnet
46251;;;;2026-01-01;KREISE;;05358;;KLASS;;A4;Hybrid;8,2;%;PKWANT;Anteil am Pkw-Bestand, berechnet
46251;;;;2026-01-01;KREISE;;05358;;KLASS;;A5;darunter Plug-In-Hybrid;2,1;%;PKWANT;Anteil am Pkw-Bestand, berechnet
46251;;;;2026-01-01;KREISE;;05358;;KLASS;;A6;Elektro;3,9;%;PKWANT;Anteil am Pkw-Bestand, berechnet
46251;;;;2026-01-01;KREISE;;05358;;KLASS;;A7;sonstige Kraftstoffarten;0,0;%;PKWANT;Anteil am Pkw-Bestand, berechnet
46251;;;;2026-01-01;KREISE;;05362;Rhein-Erft-Kreis;KLASS;;;Insgesamt;294169;Anzahl;W1;Personenkraftwagen nach Kraftstoffarten
46251;;;;2026-01-01;KREISE;;05362;;KLASS;;A1;Benzin;184285;Anzahl;W1;Personenkraftwagen nach Kraftstoffarten
46251;;;;2026-01-01;KREISE;;05362;;KLASS;;A2;Diesel;67295;Anzahl;W1;Personenkraftwagen nach Kraftstoffarten
46251;;;;2026-01-01;KREISE;;05362;;KLASS;;A3;Gas (einschl. bivalent);2956;Anzahl;W1;Personenkraftwagen nach Kraftstoffarten
46251;;;;2026-01-01;KREISE;;05362;;KLASS;;A4;Hybrid;28265;Anzahl;W1;Personenkraftwagen nach Kraftstoffarten
46251;;;;2026-01-01;KREISE;;05362;;KLASS;;A5;darunter Plug-In-Hybrid;6834;Anzahl;W1;Personenkraftwagen nach Kraftstoffarten
46251;;;;2026-01-01;KREISE;;05362;;KLASS;;A6;Elektro;11296;Anzahl;W1;Personenkraftwagen nach Kraftstoffarten
46251;;;;2026-01-01;KREISE;;05362;;KLASS;;A7;sonstige Kraftstoffarten;72;Anzahl;W1;Personenkraftwagen nach Kraftstoffarten
46251;;;;2026-01-01;KREISE;;05362;;;;;;616,8;;PKWEW;Pkw je 1.000 Einwohner, berechnet
46251;;;;2026-01-01;KREISE;;05362;;KLASS;;A1;Benzin;62,6;%;PKWANT;Anteil am Pkw-Bestand, berechnet
46251;;;;2026-01-01;KREISE;;05362;;KLASS;;A2;Diesel;22,9;%;PKWANT;Anteil am Pkw-Bestand, berechnet
46251;;;;2026-01-01;KREISE;;05362;;KLASS;;A3;Gas (einschl. bivalent);1,0;%;PKWANT;Anteil am Pkw-Bestand, berechnet
46251;;;;2026-01-01;KREISE;;05362;;KLASS;;A4;Hybrid;9,6;%;PKWANT;Anteil am Pkw-Bestand, berechnet
46251;;;;2026-01-01;KREISE;;05362;;KLASS;;A5;darunter Plug-In-Hybrid;2,3;%;PKWANT;Anteil am Pkw-Bestand, berechnet
46251;;;;2026-01-01;KREISE;;05362;;KLASS;;A6;Elektro;3,8;%;PKWANT;Anteil am Pkw-Bestand, berechnet
46251;;;;2026-01-01;KREISE;;05362;;KLASS;;A7;sonstige Kraftstoffarten;0,0;%;PKWANT;Anteil am Pkw-Bestand, berechnet
46251;;;;2026-01-01;KREISE;;05366;Euskirchen, Kreis;KLASS;;;Insgesamt;168098;Anzahl;W1;Personenkraftwagen nach Kraftstoffarten
46251;;;;2026-01-01;KREISE;;05366;;KLASS;;A1;Benzin;87836;Anzahl;W1;Personenkraftwagen nach Kraftstoffarten
46251;;;;2026-01-01;KREISE;;05366;;KLASS;;A2;Diesel;41472;Anzahl;W1;Personenkraftwagen nach Kraftstoffarten
46251;;;;2026-01-01;KREISE;;05366;;KLASS;;A3;Gas (einschl. bivalent);1590;Anzahl;W1;Personenkraftwagen nach Kraftstoffarten
46251;;;;2026-01-01;KREISE;;05366;;KLASS;;A4;Hybrid;25321;Anzahl;W1;Personenkraftwagen nach Kraftstoffarten
46251;;;;2026-01-01;KREISE;;05366;;KLASS;;A5;darunter Plug-In-Hybrid;6685;Anzahl;W1;Personenkraftwagen nach Kraftstoffarten
46251;;;;2026-01-01;KREISE;;05366;;KLASS;;A6;Elektro;11850;Anzahl;W1;Personenkraftwagen nach Kraftstoffarten
46251;;;;2026-01-01;KREISE;;05366;;KLASS;;A7;sonstige Kraftstoffarten;29;Anzahl;W1;Personenkraftwagen nach Kraftstoffarten
46251;;;;2026-01-01;KREISE;;05366;;;;;;833,7;;PKWEW;Pkw je 1.000 Einwohner, berechnet
46251;;;;2026-01-01;KREISE;;05366;;KLASS;;A1;Benzin;52,3;%;PKWANT;Anteil am Pkw-Bestand, berechnet
46251;;;;2026-01-01;KREISE;;05366;;KLASS;;A2;Diesel;24,7;%;PKWANT;Anteil am Pkw-Bestand, berechnet
46251;;;;2026-01-01;KREISE;;05366;;KLASS;;A3;Gas (einschl. bivalent);0,9;%;PKWANT;Anteil am Pkw-Bestand, berechnet
46251;;;;2026-01-01;KREISE;;05366;;KLASS;;A4;Hybrid;15,1;%;PKWANT;Anteil am Pkw-Bestand, berechnet
46251;;;;2026-01-01;KREISE;;05366;;KLASS;;A5;darunter Plug-In-Hybrid;4,0;%;PKWANT;Anteil am Pkw-Bestand, berechnet
46251;;;;2026-01-01;KREISE;;05366;;KLASS;;A6;Elektro;7,0;%;PKWANT;Anteil am Pkw-Bestand, berechnet
46251;;;;2026-01-01;KREISE;;05366;;KLASS;;A7;sonstige Kraftstoffarten;0,0;%;PKWANT;Anteil am Pkw-Bestand, berechnet
46251;;;;2026-01-01;KREISE;;05370;Heinsberg, Kreis;KLASS;;;Insgesamt;172243;Anzahl;W1;Personenkraftwagen nach Kraftstoffarten
46251;;;;2026-01-01;KREISE;;05370;;KLASS;;A1;Benzin;100629;Anzahl;W1;Personenkraftwagen nach Kraftstoffarten
46251;;;;2026-01-01;KREISE;;05370;;KLASS;;A2;Diesel;47848;Anzahl;W1;Personenkraftwagen nach Kraftstoffarten
46251;;;;2026-01-01;KREISE;;05370;;KLASS;;A3;Gas (einschl. bivalent);3728;Anzahl;W1;Personenkraftwagen nach Kraftstoffarten
46251;;;;2026-01-01;KREISE;;05370;;KLASS;;A4;Hybrid;13693;Anzahl;W1;Personenkraftwagen nach Kraftstoffarten
46251;;;;2026-01-01;KREISE;;05370;;KLASS;;A5;darunter Plug-In-Hybrid;3468;Anzahl;W1;Personenkraftwagen nach Kraftstoffarten
46251;;;;2026-01-01;KREISE;;05370;;KLASS;;A6;Elektro;6320;Anzahl;W1;Personenkraftwagen nach Kraftstoffarten
46251;;;;2026-01-01;KREISE;;05370;;KLASS;;A7;sonstige Kraftstoffarten;25;Anzahl;W1;Personenkraftwagen nach Kraftstoffarten
46251;;;;2026-01-01;KREISE;;05370;;;;;;653,7;;PKWEW;Pkw je 1.000 Einwohner, berechnet
46251;;;;2026-01-01;KREISE;;05370;;KLASS;;A1;Benzin;58,4;%;PKWANT;Anteil am Pkw-Bestand, berechnet
46251;;;;2026-01-01;KREISE;;05370;;KLASS;;A2;Diesel;27,8;%;PKWANT;Anteil am Pkw-Bestand, berechnet
46251;;;;2026-01-01;KREISE;;05370;;KLASS;;A3;Gas (einschl. bivalent);2,2;%;PKWANT;Anteil am Pkw-Bestand, berechnet
46251;;;;2026-01-01;KREISE;;05370;;KLASS;;A4;Hybrid;7,9;%;PKWANT;Anteil am Pkw-Bestand, berechnet
46251;;;;2026-01-01;KREISE;;05370;;KLASS;;A5;darunter Plug-In-Hybrid;2,0;%;PKWANT;Anteil am Pkw-Bestand, berechnet
46251;;;;2026-01-01;KREISE;;05370;;KLASS;;A6;Elektro;3,7;%;PKWANT;Anteil am Pkw-Bestand, berechnet
46251;;;;2026-01-01;KREISE;;05370;;KLASS;;A7;sonstige Kraftstoffarten;0,0;%;PKWANT;Anteil am Pkw-Bestand, berechnet
46251;;;;2026-01-01;KREISE;;05374;Oberbergischer Kreis;KLASS;;;Insgesamt;186634;Anzahl;W1;Personenkraftwagen nach Kraftstoffarten
46251;;;;2026-01-01;KREISE;;05374;;KLASS;;A1;Benzin;112160;Anzahl;W1;Personenkraftwagen nach Kraftstoffarten
46251;;;;2026-01-01;KREISE;;05374;;KLASS;;A2;Diesel;50268;Anzahl;W1;Personenkraftwagen nach Kraftstoffarten
46251;;;;2026-01-01;KREISE;;05374;;KLASS;;A3;Gas (einschl. bivalent);1948;Anzahl;W1;Personenkraftwagen nach Kraftstoffarten
46251;;;;2026-01-01;KREISE;;05374;;KLASS;;A4;Hybrid;14942;Anzahl;W1;Personenkraftwagen nach Kraftstoffarten
46251;;;;2026-01-01;KREISE;;05374;;KLASS;;A5;darunter Plug-In-Hybrid;4034;Anzahl;W1;Personenkraftwagen nach Kraftstoffarten
46251;;;;2026-01-01;KREISE;;05374;;KLASS;;A6;Elektro;7286;Anzahl;W1;Personenkraftwagen nach Kraftstoffarten
46251;;;;2026-01-01;KREISE;;05374;;KLASS;;A7;sonstige Kraftstoffarten;30;Anzahl;W1;Personenkraftwagen nach Kraftstoffarten
46251;;;;2026-01-01;KREISE;;05374;;;;;;682,7;;PKWEW;Pkw je 1.000 Einwohner, berechnet
46251;;;;2026-01-01;KREISE;;05374;;KLASS;;A1;Benzin;60,1;%;PKWANT;Anteil am Pkw-Bestand, berechnet
46251;;;;2026-01-01;KREISE;;05374;;KLASS;;A2;Diesel;26,9;%;PKWANT;Anteil am Pkw-Bestand, berechnet
46251;;;;2026-01-01;KREISE;;05374;;KLASS;;A3;Gas (einschl. bivalent);1,0;%;PKWANT;Anteil am Pkw-Bestand, berechnet
46251;;;;2026-01-01;KREISE;;05374;;KLASS;;A4;Hybrid;8,0;%;PKWANT;Anteil am Pkw-Bestand, berechnet
46251;;;;2026-01-01;KREISE;;05374;;KLASS;;A5;darunter Plug-In-Hybrid;2,2;%;PKWANT;Anteil am Pkw-Bestand, berechnet
46251;;;;2026-01-01;KREISE;;05374;;KLASS;;A6;Elektro;3,9;%;PKWANT;Anteil am Pkw-Bestand, berechnet
46251;;;;2026-01-01;KREISE;;05374;;KLASS;;A7;sonstige Kraftstoffarten;0,0;%;PKWANT;Anteil am Pkw-Bestand, berechnet
46251;;;;2026-01-01;KREISE;;05378;Rheinisch-Bergischer Kreis;KLASS;;;Insgesamt;187085;Anzahl;W1;Personenkraftwagen nach Kraftstoffarten
46251;;;;2026-01-01;KREISE;;05378;;KLASS;;A1;Benzin;117824;Anzahl;W1;Personenkraftwagen nach Kraftstoffarten
46251;;;;2026-01-01;KREISE;;05378;;KLASS;;A2;Diesel;41295;Anzahl;W1;Personenkraftwagen nach Kraftstoffarten
46251;;;;2026-01-01;KREISE;;05378;;KLASS;;A3;Gas (einschl. bivalent);1753;Anzahl;W1;Personenkraftwagen nach Kraftstoffarten
46251;;;;2026-01-01;KREISE;;05378;;KLASS;;A4;Hybrid;17842;Anzahl;W1;Personenkraftwagen nach Kraftstoffarten
46251;;;;2026-01-01;KREISE;;05378;;KLASS;;A5;darunter Plug-In-Hybrid;4687;Anzahl;W1;Personenkraftwagen nach Kraftstoffarten
46251;;;;2026-01-01;KREISE;;05378;;KLASS;;A6;Elektro;8337;Anzahl;W1;Personenkraftwagen nach Kraftstoffarten
46251;;;;2026-01-01;KREISE;;05378;;KLASS;;A7;sonstige Kraftstoffarten;34;Anzahl;W1;Personenkraftwagen nach Kraftstoffarten
46251;;;;2026-01-01;KREISE;;05378;;;;;;659,3;;PKWEW;Pkw je 1.000 Einwohner, berechnet
46251;;;;2026-01-01;KREISE;;05378;;KLASS;;A1;Benzin;63,0;%;PKWANT;Anteil am Pkw-Bestand, berechnet
46251;;;;2026-01-01;KREISE;;05378;;KLASS;;A2;Diesel;22,1;%;PKWANT;Anteil am Pkw-Bestand, berechnet
46251;;;;2026-01-01;KREISE;;05378;;KLASS;;A3;Gas (einschl. bivalent);0,9;%;PKWANT;Anteil am Pkw-Bestand, berechnet
46251;;;;2026-01-01;KREISE;;05378;;KLASS;;A4;Hybrid;9,5;%;PKWANT;Anteil am Pkw-Bestand, berechnet
46251;;;;2026-01-01;KREISE;;05378;;KLASS;;A5;darunter Plug-In-Hybrid;2,5;%;PKWANT;Anteil am Pkw-Bestand, berechnet
46251;;;;2026-01-01;KREISE;;05378;;KLASS;;A6;Elektro;4,5;%;PKWANT;Anteil am Pkw-Bestand, berechnet
46251;;;;2026-01-01;KREISE;;05378;;KLASS;;A7;sonstige Kraftstoffarten;0,0;%;PKWANT;Anteil am Pkw-Bestand, berechnet
46251;;;;2026-01-01;KREISE;;05382;Rhein-Sieg-Kreis;KLASS;;;Insgesamt;380586;Anzahl;W1;Personenkraftwagen nach Kraftstoffarten
46251;;;;2026-01-01;KREISE;;05382;;KLASS;;A1;Benzin;237544;Anzahl;W1;Personenkraftwagen nach Kraftstoffarten
46251;;;;2026-01-01;KREISE;;05382;;KLASS;;A2;Diesel;93440;Anzahl;W1;Personenkraftwagen nach Kraftstoffarten
46251;;;;2026-01-01;KREISE;;05382;;KLASS;;A3;Gas (einschl. bivalent);3743;Anzahl;W1;Personenkraftwagen nach Kraftstoffarten
46251;;;;2026-01-01;KREISE;;05382;;KLASS;;A4;Hybrid;30492;Anzahl;W1;Personenkraftwagen nach Kraftstoffarten
46251;;;;2026-01-01;KREISE;;05382;;KLASS;;A5;darunter Plug-In-Hybrid;8245;Anzahl;W1;Personenkraftwagen nach Kraftstoffarten
46251;;;;2026-01-01;KREISE;;05382;;KLASS;;A6;Elektro;15298;Anzahl;W1;Personenkraftwagen nach Kraftstoffarten
46251;;;;2026-01-01;KREISE;;05382;;KLASS;;A7;sonstige Kraftstoffarten;69;Anzahl;W1;Personenkraftwagen nach Kraftstoffarten
46251;;;;2026-01-01;KREISE;;05382;;;;;;630,7;;PKWEW;Pkw je 1.000 Einwohner, berechnet
46251;;;;2026-01-01;KREISE;;05382;;KLASS;;A1;Benzin;62,4;%;PKWANT;Anteil am Pkw-Bestand, berechnet
46251;;;;2026-01-01;KREISE;;05382;;KLASS;;A2;Diesel;24,6;%;PKWANT;Anteil am Pkw-Bestand, berechnet
46251;;;;2026-01-01;KREISE;;05382;;KLASS;;A3;Gas (einschl. bivalent);1,0;%;PKWANT;Anteil am Pkw-Bestand, berechnet
46251;;;;2026-01-01;KREISE;;05382;;KLASS;;A4;Hybrid;8,0;%;PKWANT;Anteil am Pkw-Bestand, berechnet
46251;;;;2026-01-01;KREISE;;05382;;KLASS;;A5;darunter Plug-In-Hybrid;2,2;%;PKWANT;Anteil am Pkw-Bestand, berechnet
46251;;;;2026-01-01;KREISE;;05382;;KLASS;;A6;Elektro;4,0;%;PKWANT;Anteil am Pkw-Bestand, berechnet
46251;;;;2026-01-01;KREISE;;05382;;KLASS;;A7;sonstige Kraftstoffarten;0,0;%;PKWANT;Anteil am Pkw-Bestand, berechnet
46251;;;;2026-01-01;KREISE;;05512;Bottrop, kreisfreie Stadt;KLASS;;;Insgesamt;70798;Anzahl;W1;Personenkraftwagen nach Kraftstoffarten
46251;;;;2026-01-01;KREISE;;05512;;KLASS;;A1;Benzin;48134;Anzahl;W1;Personenkraftwagen nach Kraftstoffarten
46251;;;;2026-01-01;KREISE;;05512;;KLASS;;A2;Diesel;13773;Anzahl;W1;Personenkraftwagen nach Kraftstoffarten
46251;;;;2026-01-01;KREISE;;05512;;KLASS;;A3;Gas (einschl. bivalent);1008;Anzahl;W1;Personenkraftwagen nach Kraftstoffarten
46251;;;;2026-01-01;KREISE;;05512;;KLASS;;A4;Hybrid;5657;Anzahl;W1;Personenkraftwagen nach Kraftstoffarten
46251;;;;2026-01-01;KREISE;;05512;;KLASS;;A5;darunter Plug-In-Hybrid;1346;Anzahl;W1;Personenkraftwagen nach Kraftstoffarten
46251;;;;2026-01-01;KREISE;;05512;;KLASS;;A6;Elektro;2219;Anzahl;W1;Personenkraftwagen nach Kraftstoffarten
46251;;;;2026-01-01;KREISE;;05512;;KLASS;;A7;sonstige Kraftstoffarten;7;Anzahl;W1;Personenkraftwagen nach Kraftstoffarten
46251;;;;2026-01-01;KREISE;;05512;;;;;;597,5;;PKWEW;Pkw je 1.000 Einwohner, berechnet
46251;;;;2026-01-01;KREISE;;05512;;KLASS;;A1;Benzin;68,0;%;PKWANT;Anteil am Pkw-Bestand, berechnet
46251;;;;2026-01-01;KREISE;;05512;;KLASS;;A2;Diesel;19,5;%;PKWANT;Anteil am Pkw-Bestand, berechnet
46251;;;;2026-01-01;KREISE;;05512;;KLASS;;A3;Gas (einschl. bivalent);1,4;%;PKWANT;Anteil am Pkw-Bestand, berechnet
46251;;;;2026-01-01;KREISE;;05512;;KLASS;;A4;Hybrid;8,0;%;PKWANT;Anteil am Pkw-Bestand, berechnet
46251;;;;2026-01-01;KREISE;;05512;;KLASS;;A5;darunter Plug-In-Hybrid;1,9;%;PKWANT;Anteil am Pkw-Bestand, berechnet
46251;;;;2026-01-01;KREISE;;05512;;KLASS;;A6;Elektro;3,1;%;PKWANT;Anteil am Pkw-Bestand, berechnet
46251;;;;2026-01-01;KREISE;;05512;;KLASS;;A7;sonstige Kraftstoffarten;0,0;%;PKWANT;Anteil am Pkw-Bestand, berechnet
46251;;;;2026-01-01;KREISE;;05513;Gelsenkirchen, kreisfreie Stadt;KLASS;;;Insgesamt;127361;Anzahl;W1;Personenkraftwagen nach Kraftstoffarten
46251;;;;2026-01-01;KREISE;;05513;;KLASS;;A1;Benzin;83768;Anzahl;W1;Personenkraftwagen nach Kraftstoffarten
46251;;;;2026-01-01;KREISE;;05513;;KLASS;;A2;Diesel;27566;Anzahl;W1;Personenkraftwagen nach Kraftstoffarten
46251;;;;2026-01-01;KREISE;;05513;;KLASS;;A3;Gas (einschl. bivalent);1601;Anzahl;W1;Personenkraftwagen nach Kraftstoffarten
46251;;;;2026-01-01;KREISE;;05513;;KLASS;;A4;Hybrid;11003;Anzahl;W1;Personenkraftwagen nach Kraftstoffarten
46251;;;;2026-01-01;KREISE;;05513;;KLASS;;A5;darunter Plug-In-Hybrid;2427;Anzahl;W1;Personenkraftwagen nach Kraftstoffarten
46251;;;;2026-01-01;KREISE;;05513;;KLASS;;A6;Elektro;3408;Anzahl;W1;Personenkraftwagen nach Kraftstoffarten
46251;;;;2026-01-01;KREISE;;05513;;KLASS;;A7;sonstige Kraftstoffarten;15;Anzahl;W1;Personenkraftwagen nach Kraftstoffarten
46251;;;;2026-01-01;KREISE;;05513;;;;;;478,4;;PKWEW;Pkw je 1.000 Einwohner, berechnet
46251;;;;2026-01-01;KREISE;;05513;;KLASS;;A1;Benzin;65,8;%;PKWANT;Anteil am Pkw-Bestand, berechnet
46251;;;;2026-01-01;KREISE;;05513;;KLASS;;A2;Diesel;21,6;%;PKWANT;Anteil am Pkw-Bestand, berechnet
46251;;;;2026-01-01;KREISE;;05513;;KLASS;;A3;Gas (einschl. bivalent);1,3;%;PKWANT;Anteil am Pkw-Bestand, berechnet
46251;;;;2026-01-01;KREISE;;05513;;KLASS;;A4;Hybrid;8,6;%;PKWANT;Anteil am Pkw-Bestand, berechnet
46251;;;;2026-01-01;KREISE;;05513;;KLASS;;A5;darunter Plug-In-Hybrid;1,9;%;PKWANT;Anteil am Pkw-Bestand, berechnet
46251;;;;2026-01-01;KREISE;;05513;;KLASS;;A6;Elektro;2,7;%;PKWANT;Anteil am Pkw-Bestand, berechnet
46251;;;;2026-01-01;KREISE;;05513;;KLASS;;A7;sonstige Kraftstoffarten;0,0;%;PKWANT;Anteil am Pkw-Bestand, berechnet
46251;;;;2026-01-01;KREISE;;05515;Münster, kreisfreie Stadt;KLASS;;;Insgesamt;153225;Anzahl;W1;Personenkraftwagen nach Kraftstoffarten
46251;;;;2026-01-01;KREISE;;05515;;KLASS;;A1;Benzin;85428;Anzahl;W1;Personenkraftwagen nach Kraftstoffarten
46251;;;;2026-01-01;KREISE;;05515;;KLASS;;A2;Diesel;44040;Anzahl;W1;Personenkraftwagen nach Kraftstoffarten
46251;;;;2026-01-01;KREISE;;05515;;KLASS;;A3;Gas (einschl. bivalent);1217;Anzahl;W1;Personenkraftwagen nach Kraftstoffarten
46251;;;;2026-01-01;KREISE;;05515;;KLASS;;A4;Hybrid;13804;Anzahl;W1;Personenkraftwagen nach Kraftstoffarten
46251;;;;2026-01-01;KREISE;;05515;;KLASS;;A5;darunter Plug-In-Hybrid;4294;Anzahl;W1;Personenkraftwagen nach Kraftstoffarten
46251;;;;2026-01-01;KREISE;;05515;;KLASS;;A6;Elektro;8703;Anzahl;W1;Personenkraftwagen nach Kraftstoffarten
46251;;;;2026-01-01;KREISE;;05515;;KLASS;;A7;sonstige Kraftstoffarten;33;Anzahl;W1;Personenkraftwagen nach Kraftstoffarten
46251;;;;2026-01-01;KREISE;;05515;;;;;;500,1;;PKWEW;Pkw je 1.000 Einwohner, berechnet
46251;;;;2026-01-01;KREISE;;05515;;KLASS;;A1;Benzin;55,8;%;PKWANT;Anteil am Pkw-Bestand, berechnet
46251;;;;2026-01-01;KREISE;;05515;;KLASS;;A2;Diesel;28,7;%;PKWANT;Anteil am Pkw-Bestand, berechnet
46251;;;;2026-01-01;KREISE;;05515;;KLASS;;A3;Gas (einschl. bivalent);0,8;%;PKWANT;Anteil am Pkw-Bestand, berechnet
46251;;;;2026-01-01;KREISE;;05515;;KLASS;;A4;Hybrid;9,0;%;PKWANT;Anteil am Pkw-Bestand, berechnet
46251;;;;2026-01-01;KREISE;;05515;;KLASS;;A5;darunter Plug-In-Hybrid;2,8;%;PKWANT;Anteil am Pkw-Bestand, berechnet
46251;;;;2026-01-01;KREISE;;05515;;KLASS;;A6;Elektro;5,7;%;PKWANT;Anteil am Pkw-Bestand, berechnet
46251;;;;2026-01-01;KREISE;;05515;;KLASS;;A7;sonstige Kraftstoffarten;0,0;%;PKWANT;Anteil am Pkw-Bestand, berechnet
46251;;;;2026-01-01;KREISE;;05554;Borken, Kreis;KLASS;;;Insgesamt;240024;Anzahl;W1;Personenkraftwagen nach Kraftstoffarten
46251;;;;2026-01-01;KREISE;;05554;;KLASS;;A1;Benzin;125885;Anzahl;W1;Personenkraftwagen nach Kraftstoffarten
46251;;;;2026-01-01;KREISE;;05554;;KLASS;;A2;Diesel;80756;Anzahl;W1;Personenkraftwagen nach Kraftstoffarten
46251;;;;2026-01-01;KREISE;;05554;;KLASS;;A3;Gas (einschl. bivalent);3472;Anzahl;W1;Personenkraftwagen nach Kraftstoffarten
46251;;;;2026-01-01;KREISE;;05554;;KLASS;;A4;Hybrid;17194;Anzahl;W1;Personenkraftwagen nach Kraftstoffarten
46251;;;;2026-01-01;KREISE;;05554;;KLASS;;A5;darunter Plug-In-Hybrid;5402;Anzahl;W1;Personenkraftwagen nach Kraftstoffarten
46251;;;;2026-01-01;KREISE;;05554;;KLASS;;A6;Elektro;12690;Anzahl;W1;Personenkraftwagen nach Kraftstoffarten
46251;;;;2026-01-01;KREISE;;05554;;KLASS;;A7;sonstige Kraftstoffarten;27;Anzahl;W1;Personenkraftwagen nach Kraftstoffarten
46251;;;;2026-01-01;KREISE;;05554;;;;;;632,4;;PKWEW;Pkw je 1.000 Einwohner, berechnet
46251;;;;2026-01-01;KREISE;;05554;;KLASS;;A1;Benzin;52,4;%;PKWANT;Anteil am Pkw-Bestand, berechnet
46251;;;;2026-01-01;KREISE;;05554;;KLASS;;A2;Diesel;33,6;%;PKWANT;Anteil am Pkw-Bestand, berechnet
46251;;;;2026-01-01;KREISE;;05554;;KLASS;;A3;Gas (einschl. bivalent);1,4;%;PKWANT;Anteil am Pkw-Bestand, berechnet
46251;;;;2026-01-01;KREISE;;05554;;KLASS;;A4;Hybrid;7,2;%;PKWANT;Anteil am Pkw-Bestand, berechnet
46251;;;;2026-01-01;KREISE;;05554;;KLASS;;A5;darunter Plug-In-Hybrid;2,3;%;PKWANT;Anteil am Pkw-Bestand, berechnet
46251;;;;2026-01-01;KREISE;;05554;;KLASS;;A6;Elektro;5,3;%;PKWANT;Anteil am Pkw-Bestand, berechnet
46251;;;;2026-01-01;KREISE;;05554;;KLASS;;A7;sonstige Kraftstoffarten;0,0;%;PKWANT;Anteil am Pkw-Bestand, berechnet
46251;;;;2026-01-01;KREISE;;05558;Coesfeld, Kreis;KLASS;;;Insgesamt;147419;Anzahl;W1;Personenkraftwagen nach Kraftstoffarten
46251;;;;2026-01-01;KREISE;;05558;;KLASS;;A1;Benzin;82135;Anzahl;W1;Personenkraftwagen nach Kraftstoffarten
46251;;;;2026-01-01;KREISE;;05558;;KLASS;;A2;Diesel;46175;Anzahl;W1;Personenkraftwagen nach Kraftstoffarten
46251;;;;2026-01-01;KREISE;;05558;;KLASS;;A3;Gas (einschl. bivalent);1379;Anzahl;W1;Personenkraftwagen nach Kraftstoffarten
46251;;;;2026-01-01;KREISE;;05558;;KLASS;;A4;Hybrid;10572;Anzahl;W1;Personenkraftwagen nach Kraftstoffarten
46251;;;;2026-01-01;KREISE;;05558;;KLASS;;A5;darunter Plug-In-Hybrid;2909;Anzahl;W1;Personenkraftwagen nach Kraftstoffarten
46251;;;;2026-01-01;KREISE;;05558;;KLASS;;A6;Elektro;7135;Anzahl;W1;Personenkraftwagen nach Kraftstoffarten
46251;;;;2026-01-01;KREISE;;05558;;KLASS;;A7;sonstige Kraftstoffarten;23;Anzahl;W1;Personenkraftwagen nach Kraftstoffarten
46251;;;;2026-01-01;KREISE;;05558;;;;;;648,9;;PKWEW;Pkw je 1.000 Einwohner, berechnet
46251;;;;2026-01-01;KREISE;;05558;;KLASS;;A1;Benzin;55,7;%;PKWANT;Anteil am Pkw-Bestand, berechnet
46251;;;;2026-01-01;KREISE;;05558;;KLASS;;A2;Diesel;31,3;%;PKWANT;Anteil am Pkw-Bestand, berechnet
46251;;;;2026-01-01;KREISE;;05558;;KLASS;;A3;Gas (einschl. bivalent);0,9;%;PKWANT;Anteil am Pkw-Bestand, berechnet
46251;;;;2026-01-01;KREISE;;05558;;KLASS;;A4;Hybrid;7,2;%;PKWANT;Anteil am Pkw-Bestand, berechnet
46251;;;;2026-01-01;KREISE;;05558;;KLASS;;A5;darunter Plug-In-Hybrid;2,0;%;PKWANT;Anteil am Pkw-Bestand, berechnet
46251;;;;2026-01-01;KREISE;;05558;;KLASS;;A6;Elektro;4,8;%;PKWANT;Anteil am Pkw-Bestand, berechnet
46251;;;;2026-01-01;KREISE;;05558;;KLASS;;A7;sonstige Kraftstoffarten;0,0;%;PKWANT;Anteil am Pkw-Bestand, berechnet
46251;;;;2026-01-01;KREISE;;05562;Recklinghausen, Kreis;KLASS;;;Insgesamt;367117;Anzahl;W1;Personenkraftwagen nach Kraftstoffarten
46251;;;;2026-01-01;KREISE;;05562;;KLASS;;A1;Benzin;242444;Anzahl;W1;Personenkraftwagen nach Kraftstoffarten
46251;;;;2026-01-01;KREISE;;05562;;KLASS;;A2;Diesel;78780;Anzahl;W1;Personenkraftwagen nach Kraftstoffarten
46251;;;;2026-01-01;KREISE;;05562;;KLASS;;A3;Gas (einschl. bivalent);4195;Anzahl;W1;Personenkraftwagen nach Kraftstoffarten
46251;;;;2026-01-01;KREISE;;05562;;KLASS;;A4;Hybrid;30288;Anzahl;W1;Personenkraftwagen nach Kraftstoffarten
46251;;;;2026-01-01;KREISE;;05562;;KLASS;;A5;darunter Plug-In-Hybrid;7005;Anzahl;W1;Personenkraftwagen nach Kraftstoffarten
46251;;;;2026-01-01;KREISE;;05562;;KLASS;;A6;Elektro;11328;Anzahl;W1;Personenkraftwagen nach Kraftstoffarten
46251;;;;2026-01-01;KREISE;;05562;;KLASS;;A7;sonstige Kraftstoffarten;82;Anzahl;W1;Personenkraftwagen nach Kraftstoffarten
46251;;;;2026-01-01;KREISE;;05562;;;;;;593,2;;PKWEW;Pkw je 1.000 Einwohner, berechnet
46251;;;;2026-01-01;KREISE;;05562;;KLASS;;A1;Benzin;66,0;%;PKWANT;Anteil am Pkw-Bestand, berechnet
46251;;;;2026-01-01;KREISE;;05562;;KLASS;;A2;Diesel;21,5;%;PKWANT;Anteil am Pkw-Bestand, berechnet
46251;;;;2026-01-01;KREISE;;05562;;KLASS;;A3;Gas (einschl. bivalent);1,1;%;PKWANT;Anteil am Pkw-Bestand, berechnet
46251;;;;2026-01-01;KREISE;;05562;;KLASS;;A4;Hybrid;8,3;%;PKWANT;Anteil am Pkw-Bestand, berechnet
46251;;;;2026-01-01;KREISE;;05562;;KLASS;;A5;darunter Plug-In-Hybrid;1,9;%;PKWANT;Anteil am Pkw-Bestand, berechnet
46251;;;;2026-01-01;KREISE;;05562;;KLASS;;A6;Elektro;3,1;%;PKWANT;Anteil am Pkw-Bestand, berechnet
46251;;;;2026-01-01;KREISE;;05562;;KLASS;;A7;sonstige Kraftstoffarten;0,0;%;PKWANT;Anteil am Pkw-Bestand, berechnet
46251;;;;2026-01-01;KREISE;;05566;Steinfurt, Kreis;KLASS;;;Insgesamt;287940;Anzahl;W1;Personenkraftwagen nach Kraftstoffarten
46251;;;;2026-01-01;KREISE;;05566;;KLASS;;A1;Benzin;157984;Anzahl;W1;Personenkraftwagen nach Kraftstoffarten
46251;;;;2026-01-01;KREISE;;05566;;KLASS;;A2;Diesel;92993;Anzahl;W1;Personenkraftwagen nach Kraftstoffarten
46251;;;;2026-01-01;KREISE;;05566;;KLASS;;A3;Gas (einschl. bivalent);2419;Anzahl;W1;Personenkraftwagen nach Kraftstoffarten
46251;;;;2026-01-01;KREISE;;05566;;KLASS;;A4;Hybrid;20477;Anzahl;W1;Personenkraftwagen nach Kraftstoffarten
46251;;;;2026-01-01;KREISE;;05566;;KLASS;;A5;darunter Plug-In-Hybrid;6056;Anzahl;W1;Personenkraftwagen nach Kraftstoffarten
46251;;;;2026-01-01;KREISE;;05566;;KLASS;;A6;Elektro;14033;Anzahl;W1;Personenkraftwagen nach Kraftstoffarten
46251;;;;2026-01-01;KREISE;;05566;;KLASS;;A7;sonstige Kraftstoffarten;34;Anzahl;W1;Personenkraftwagen nach Kraftstoffarten
46251;;;;2026-01-01;KREISE;;05566;;;;;;638,4;;PKWEW;Pkw je 1.000 Einwohner, berechnet
46251;;;;2026-01-01;KREISE;;05566;;KLASS;;A1;Benzin;54,9;%;PKWANT;Anteil am Pkw-Bestand, berechnet
46251;;;;2026-01-01;KREISE;;05566;;KLASS;;A2;Diesel;32,3;%;PKWANT;Anteil am Pkw-Bestand, berechnet
46251;;;;2026-01-01;KREISE;;05566;;KLASS;;A3;Gas (einschl. bivalent);0,8;%;PKWANT;Anteil am Pkw-Bestand, berechnet
46251;;;;2026-01-01;KREISE;;05566;;KLASS;;A4;Hybrid;7,1;%;PKWANT;Anteil am Pkw-Bestand, berechnet
46251;;;;2026-01-01;KREISE;;05566;;KLASS;;A5;darunter Plug-In-Hybrid;2,1;%;PKWANT;Anteil am Pkw-Bestand, berechnet
46251;;;;2026-01-01;KREISE;;05566;;KLASS;;A6;Elektro;4,9;%;PKWANT;Anteil am Pkw-Bestand, berechnet
46251;;;;2026-01-01;KREISE;;05566;;KLASS;;A7;sonstige Kraftstoffarten;0,0;%;PKWANT;Anteil am Pkw-Bestand, berechnet
46251;;;;2026-01-01;KREISE;;05570;Warendorf, Kreis;KLASS;;;Insgesamt;181725;Anzahl;W1;Personenkraftwagen nach Kraftstoffarten
46251;;;;2026-01-01;KREISE;;05570;;KLASS;;A1;Benzin;104895;Anzahl;W1;Personenkraftwagen nach Kraftstoffarten
46251;;;;2026-01-01;KREISE;;05570;;KLASS;;A2;Diesel;54003;Anzahl;W1;Personenkraftwagen nach Kraftstoffarten
46251;;;;2026-01-01;KREISE;;05570;;KLASS;;A3;Gas (einschl. bivalent);1455;Anzahl;W1;Personenkraftwagen nach Kraftstoffarten
46251;;;;2026-01-01;KREISE;;05570;;KLASS;;A4;Hybrid;13790;Anzahl;W1;Personenkraftwagen nach Kraftstoffarten
46251;;;;2026-01-01;KREISE;;05570;;KLASS;;A5;darunter Plug-In-Hybrid;3191;Anzahl;W1;Personenkraftwagen nach Kraftstoffarten
46251;;;;2026-01-01;KREISE;;05570;;KLASS;;A6;Elektro;7557;Anzahl;W1;Personenkraftwagen nach Kraftstoffarten
46251;;;;2026-01-01;KREISE;;05570;;KLASS;;A7;sonstige Kraftstoffarten;25;Anzahl;W1;Personenkraftwagen nach Kraftstoffarten
46251;;;;2026-01-01;KREISE;;05570;;;;;;644,7;;PKWEW;Pkw je 1.000 Einwohner, berechnet
46251;;;;2026-01-01;KREISE;;05570;;KLASS;;A1;Benzin;57,7;%;PKWANT;Anteil am Pkw-Bestand, berechnet
46251;;;;2026-01-01;KREISE;;05570;;KLASS;;A2;Diesel;29,7;%;PKWANT;Anteil am Pkw-Bestand, berechnet
46251;;;;2026-01-01;KREISE;;05570;;KLASS;;A3;Gas (einschl. bivalent);0,8;%;PKWANT;Anteil am Pkw-Bestand, berechnet
46251;;;;2026-01-01;KREISE;;05570;;KLASS;;A4;Hybrid;7,6;%;PKWANT;Anteil am Pkw-Bestand, berechnet
46251;;;;2026-01-01;KREISE;;05570;;KLASS;;A5;darunter Plug-In-Hybrid;1,8;%;PKWANT;Anteil am Pkw-Bestand, berechnet
46251;;;;2026-01-01;KREISE;;05570;;KLASS;;A6;Elektro;4,2;%;PKWANT;Anteil am Pkw-Bestand, berechnet
46251;;;;2026-01-01;KREISE;;05570;;KLASS;;A7;sonstige Kraftstoffarten;0,0;%;PKWANT;Anteil am Pkw-Bestand, berechnet
46251;;;;2026-01-01;KREISE;;05711;Bielefeld, kreisfreie Stadt;KLASS;;;Insgesamt;183561;Anzahl;W1;Personenkraftwagen nach Kraftstoffarten
46251;;;;2026-01-01;KREISE;;05711;;KLASS;;A1;Benzin;105752;Anzahl;W1;Personenkraftwagen nach Kraftstoffarten
46251;;;;2026-01-01;KREISE;;05711;;KLASS;;A2;Diesel;49843;Anzahl;W1;Personenkraftwagen nach Kraftstoffarten
46251;;;;2026-01-01;KREISE;;05711;;KLASS;;A3;Gas (einschl. bivalent);1482;Anzahl;W1;Personenkraftwagen nach Kraftstoffarten
46251;;;;2026-01-01;KREISE;;05711;;KLASS;;A4;Hybrid;16192;Anzahl;W1;Personenkraftwagen nach Kraftstoffarten
46251;;;;2026-01-01;KREISE;;05711;;KLASS;;A5;darunter Plug-In-Hybrid;4153;Anzahl;W1;Personenkraftwagen nach Kraftstoffarten
46251;;;;2026-01-01;KREISE;;05711;;KLASS;;A6;Elektro;10270;Anzahl;W1;Personenkraftwagen nach Kraftstoffarten
46251;;;;2026-01-01;KREISE;;05711;;KLASS;;A7;sonstige Kraftstoffarten;22;Anzahl;W1;Personenkraftwagen nach Kraftstoffarten
46251;;;;2026-01-01;KREISE;;05711;;;;;;553,9;;PKWEW;Pkw je 1.000 Einwohner, berechnet
46251;;;;2026-01-01;KREISE;;05711;;KLASS;;A1;Benzin;57,6;%;PKWANT;Anteil am Pkw-Bestand, berechnet
46251;;;;2026-01-01;KREISE;;05711;;KLASS;;A2;Diesel;27,2;%;PKWANT;Anteil am Pkw-Bestand, berechnet
46251;;;;2026-01-01;KREISE;;05711;;KLASS;;A3;Gas (einschl. bivalent);0,8;%;PKWANT;Anteil am Pkw-Bestand, berechnet
46251;;;;2026-01-01;KREISE;;05711;;KLASS;;A4;Hybrid;8,8;%;PKWANT;Anteil am Pkw-Bestand, berechnet
46251;;;;2026-01-01;KREISE;;05711;;KLASS;;A5;darunter Plug-In-Hybrid;2,3;%;PKWANT;Anteil am Pkw-Bestand, berechnet
46251;;;;2026-01-01;KREISE;;05711;;KLASS;;A6;Elektro;5,6;%;PKWANT;Anteil am Pkw-Bestand, berechnet
46251;;;;2026-01-01;KREISE;;05711;;KLASS;;A7;sonstige Kraftstoffarten;0,0;%;PKWANT;Anteil am Pkw-Bestand, berechnet
46251;;;;2026-01-01;KREISE;;05754;Gütersloh, Kreis;KLASS;;;Insgesamt;242741;Anzahl;W1;Personenkraftwagen nach Kraftstoffarten
46251;;;;2026-01-01;KREISE;;05754;;KLASS;;A1;Benzin;140331;Anzahl;W1;Personenkraftwagen nach Kraftstoffarten
46251;;;;2026-01-01;KREISE;;05754;;KLASS;;A2;Diesel;70727;Anzahl;W1;Personenkraftwagen nach Kraftstoffarten
46251;;;;2026-01-01;KREISE;;05754;;KLASS;;A3;Gas (einschl. bivalent);1649;Anzahl;W1;Personenkraftwagen nach Kraftstoffarten
46251;;;;2026-01-01;KREISE;;05754;;KLASS;;A4;Hybrid;18661;Anzahl;W1;Personenkraftwagen nach Kraftstoffarten
46251;;;;2026-01-01;KREISE;;05754;;KLASS;;A5;darunter Plug-In-Hybrid;5257;Anzahl;W1;Personenkraftwagen nach Kraftstoffarten
46251;;;;2026-01-01;KREISE;;05754;;KLASS;;A6;Elektro;11333;Anzahl;W1;Personenkraftwagen nach Kraftstoffarten
46251;;;;2026-01-01;KREISE;;05754;;KLASS;;A7;sonstige Kraftstoffarten;40;Anzahl;W1;Personenkraftwagen nach Kraftstoffarten
46251;;;;2026-01-01;KREISE;;05754;;;;;;669,7;;PKWEW;Pkw je 1.000 Einwohner, berechnet
46251;;;;2026-01-01;KREISE;;05754;;KLASS;;A1;Benzin;57,8;%;PKWANT;Anteil am Pkw-Bestand, berechnet
46251;;;;2026-01-01;KREISE;;05754;;KLASS;;A2;Diesel;29,1;%;PKWANT;Anteil am Pkw-Bestand, berechnet
46251;;;;2026-01-01;KREISE;;05754;;KLASS;;A3;Gas (einschl. bivalent);0,7;%;PKWANT;Anteil am Pkw-Bestand, berechnet
46251;;;;2026-01-01;KREISE;;05754;;KLASS;;A4;Hybrid;7,7;%;PKWANT;Anteil am Pkw-Bestand, berechnet
46251;;;;2026-01-01;KREISE;;05754;;KLASS;;A5;darunter Plug-In-Hybrid;2,2;%;PKWANT;Anteil am Pkw-Bestand, berechnet
46251;;;;2026-01-01;KREISE;;05754;;KLASS;;A6;Elektro;4,7;%;PKWANT;Anteil am Pkw-Bestand, berechnet
46251;;;;2026-01-01;KREISE;;05754;;KLASS;;A7;sonstige Kraftstoffarten;0,0;%;PKWANT;Anteil am Pkw-Bestand, berechnet
46251;;;;2026-01-01;KREISE;;05758;Herford, Kreis;KLASS;;;Insgesamt;169255;Anzahl;W1;Personenkraftwagen nach Kraftstoffarten
46251;;;;2026-01-01;KREISE;;05758;;KLASS;;A1;Benzin;104102;Anzahl;W1;Personenkraftwagen nach Kraftstoffarten
46251;;;;2026-01-01;KREISE;;05758;;KLASS;;A2;Diesel;42440;Anzahl;W1;Personenkraftwagen nach Kraftstoffarten
46251;;;;2026-01-01;KREISE;;05758;;KLASS;;A3;Gas (einschl. bivalent);1389;Anzahl;W1;Personenkraftwagen nach Kraftstoffarten
46251;;;;2026-01-01;KREISE;;05758;;KLASS;;A4;Hybrid;13826;Anzahl;W1;Personenkraftwagen nach Kraftstoffarten
46251;;;;2026-01-01;KREISE;;05758;;KLASS;;A5;darunter Plug-In-Hybrid;3743;Anzahl;W1;Personenkraftwagen nach Kraftstoffarten
46251;;;;2026-01-01;KREISE;;05758;;KLASS;;A6;Elektro;7480;Anzahl;W1;Personenkraftwagen nach Kraftstoffarten
46251;;;;2026-01-01;KREISE;;05758;;KLASS;;A7;sonstige Kraftstoffarten;18;Anzahl;W1;Personenkraftwagen nach Kraftstoffarten
46251;;;;2026-01-01;KREISE;;05758;;;;;;667,9;;PKWEW;Pkw je 1.000 Einwohner, berechnet
46251;;;;2026-01-01;KREISE;;05758;;KLASS;;A1;Benzin;61,5;%;PKWANT;Anteil am Pkw-Bestand, berechnet
46251;;;;2026-01-01;KREISE;;05758;;KLASS;;A2;Diesel;25,1;%;PKWANT;Anteil am Pkw-Bestand, berechnet
46251;;;;2026-01-01;KREISE;;05758;;KLASS;;A3;Gas (einschl. bivalent);0,8;%;PKWANT;Anteil am Pkw-Bestand, berechnet
46251;;;;2026-01-01;KREISE;;05758;;KLASS;;A4;Hybrid;8,2;%;PKWANT;Anteil am Pkw-Bestand, berechnet
46251;;;;2026-01-01;KREISE;;05758;;KLASS;;A5;darunter Plug-In-Hybrid;2,2;%;PKWANT;Anteil am Pkw-Bestand, berechnet
46251;;;;2026-01-01;KREISE;;05758;;KLASS;;A6;Elektro;4,4;%;PKWANT;Anteil am Pkw-Bestand, berechnet
46251;;;;2026-01-01;KREISE;;05758;;KLASS;;A7;sonstige Kraftstoffarten;0,0;%;PKWANT;Anteil am Pkw-Bestand, berechnet
46251;;;;2026-01-01;KREISE;;05762;Höxter, Kreis;KLASS;;;Insgesamt;93221;Anzahl;W1;Personenkraftwagen nach Kraftstoffarten
46251;;;;2026-01-01;KREISE;;05762;;KLASS;;A1;Benzin;53938;Anzahl;W1;Personenkraftwagen nach Kraftstoffarten
46251;;;;2026-01-01;KREISE;;05762;;KLASS;;A2;Diesel;28232;Anzahl;W1;Personenkraftwagen nach Kraftstoffarten
46251;;;;2026-01-01;KREISE;;05762;;KLASS;;A3;Gas (einschl. bivalent);793;Anzahl;W1;Personenkraftwagen nach Kraftstoffarten
46251;;;;2026-01-01;KREISE;;05762;;KLASS;;A4;Hybrid;6344;Anzahl;W1;Personenkraftwagen nach Kraftstoffarten
46251;;;;2026-01-01;KREISE;;05762;;KLASS;;A5;darunter Plug-In-Hybrid;1793;Anzahl;W1;Personenkraftwagen nach Kraftstoffarten
46251;;;;2026-01-01;KREISE;;05762;;KLASS;;A6;Elektro;3905;Anzahl;W1;Personenkraftwagen nach Kraftstoffarten
46251;;;;2026-01-01;KREISE;;05762;;KLASS;;A7;sonstige Kraftstoffarten;9;Anzahl;W1;Personenkraftwagen nach Kraftstoffarten
46251;;;;2026-01-01;KREISE;;05762;;;;;;674,8;;PKWEW;Pkw je 1.000 Einwohner, berechnet
46251;;;;2026-01-01;KREISE;;05762;;KLASS;;A1;Benzin;57,9;%;PKWANT;Anteil am Pkw-Bestand, berechnet
46251;;;;2026-01-01;KREISE;;05762;;KLASS;;A2;Diesel;30,3;%;PKWANT;Anteil am Pkw-Bestand, berechnet
46251;;;;2026-01-01;KREISE;;05762;;KLASS;;A3;Gas (einschl. bivalent);0,9;%;PKWANT;Anteil am Pkw-Bestand, berechnet
46251;;;;2026-01-01;KREISE;;05762;;KLASS;;A4;Hybrid;6,8;%;PKWANT;Anteil am Pkw-Bestand, berechnet
46251;;;;2026-01-01;KREISE;;05762;;KLASS;;A5;darunter Plug-In-Hybrid;1,9;%;PKWANT;Anteil am Pkw-Bestand, berechnet
46251;;;;2026-01-01;KREISE;;05762;;KLASS;;A6;Elektro;4,2;%;PKWANT;Anteil am Pkw-Bestand, berechnet
46251;;;;2026-01-01;KREISE;;05762;;KLASS;;A7;sonstige Kraftstoffarten;0,0;%;PKWANT;Anteil am Pkw-Bestand, berechnet
46251;;;;2026-01-01;KREISE;;05766;Lippe, Kreis;KLASS;;;Insgesamt;223639;Anzahl;W1;Personenkraftwagen nach Kraftstoffarten
46251;;;;2026-01-01;KREISE;;05766;;KLASS;;A1;Benzin;134116;Anzahl;W1;Personenkraftwagen nach Kraftstoffarten
46251;;;;2026-01-01;KREISE;;05766;;KLASS;;A2;Diesel;62713;Anzahl;W1;Personenkraftwagen nach Kraftstoffarten
46251;;;;2026-01-01;KREISE;;05766;;KLASS;;A3;Gas (einschl. bivalent);2076;Anzahl;W1;Personenkraftwagen nach Kraftstoffarten
46251;;;;2026-01-01;KREISE;;05766;;KLASS;;A4;Hybrid;15333;Anzahl;W1;Personenkraftwagen nach Kraftstoffarten
46251;;;;2026-01-01;KREISE;;05766;;KLASS;;A5;darunter Plug-In-Hybrid;4403;Anzahl;W1;Personenkraftwagen nach Kraftstoffarten
46251;;;;2026-01-01;KREISE;;05766;;KLASS;;A6;Elektro;9367;Anzahl;W1;Personenkraftwagen nach Kraftstoffarten
46251;;;;2026-01-01;KREISE;;05766;;KLASS;;A7;sonstige Kraftstoffarten;34;Anzahl;W1;Personenkraftwagen nach Kraftstoffarten
46251;;;;2026-01-01;KREISE;;05766;;;;;;646,0;;PKWEW;Pkw je 1.000 Einwohner, berechnet
46251;;;;2026-01-01;KREISE;;05766;;KLASS;;A1;Benzin;60,0;%;PKWANT;Anteil am Pkw-Bestand, berechnet
46251;;;;2026-01-01;KREISE;;05766;;KLASS;;A2;Diesel;28,0;%;PKWANT;Anteil am Pkw-Bestand, berechnet
46251;;;;2026-01-01;KREISE;;05766;;KLASS;;A3;Gas (einschl. bivalent);0,9;%;PKWANT;Anteil am Pkw-Bestand, berechnet
46251;;;;2026-01-01;KREISE;;05766;;KLASS;;A4;Hybrid;6,9;%;PKWANT;Anteil am Pkw-Bestand, berechnet
46251;;;;2026-01-01;KREISE;;05766;;KLASS;;A5;darunter Plug-In-Hybrid;2,0;%;PKWANT;Anteil am Pkw-Bestand, berechnet
46251;;;;2026-01-01;KREISE;;05766;;KLASS;;A6;Elektro;4,2;%;PKWANT;Anteil am Pkw-Bestand, berechnet
46251;;;;2026-01-01;KREISE;;05766;;KLASS;;A7;sonstige Kraftstoffarten;0,0;%;PKWANT;Anteil am Pkw-Bestand, berechnet
46251;;;;2026-01-01;KREISE;;05770;Minden-Lübbecke, Kreis;KLASS;;;Insgesamt;211237;Anzahl;W1;Personenkraftwagen nach Kraftstoffarten
46251;;;;2026-01-01;KREISE;;05770;;KLASS;;A1;Benzin;126038;Anzahl;W1;Personenkraftwagen nach Kraftstoffarten
46251;;;;2026-01-01;KREISE;;05770;;KLASS;;A2;Diesel;58562;Anzahl;W1;Personenkraftwagen nach Kraftstoffarten
46251;;;;2026-01-01;KREISE;;05770;;KLASS;;A3;Gas (einschl. bivalent);1717;Anzahl;W1;Personenkraftwagen nach Kraftstoffarten
46251;;;;2026-01-01;KREISE;;05770;;KLASS;;A4;Hybrid;15528;Anzahl;W1;Personenkraftwagen nach Kraftstoffarten
46251;;;;2026-01-01;KREISE;;05770;;KLASS;;A5;darunter Plug-In-Hybrid;3939;Anzahl;W1;Personenkraftwagen nach Kraftstoffarten
46251;;;;2026-01-01;KREISE;;05770;;KLASS;;A6;Elektro;9360;Anzahl;W1;Personenkraftwagen nach Kraftstoffarten
46251;;;;2026-01-01;KREISE;;05770;;KLASS;;A7;sonstige Kraftstoffarten;32;Anzahl;W1;Personenkraftwagen nach Kraftstoffarten
46251;;;;2026-01-01;KREISE;;05770;;;;;;661,2;;PKWEW;Pkw je 1.000 Einwohner, berechnet
46251;;;;2026-01-01;KREISE;;05770;;KLASS;;A1;Benzin;59,7;%;PKWANT;Anteil am Pkw-Bestand, berechnet
46251;;;;2026-01-01;KREISE;;05770;;KLASS;;A2;Diesel;27,7;%;PKWANT;Anteil am Pkw-Bestand, berechnet
46251;;;;2026-01-01;KREISE;;05770;;KLASS;;A3;Gas (einschl. bivalent);0,8;%;PKWANT;Anteil am Pkw-Bestand, berechnet
46251;;;;2026-01-01;KREISE;;05770;;KLASS;;A4;Hybrid;7,4;%;PKWANT;Anteil am Pkw-Bestand, berechnet
46251;;;;2026-01-01;KREISE;;05770;;KLASS;;A5;darunter Plug-In-Hybrid;1,9;%;PKWANT;Anteil am Pkw-Bestand, berechnet
46251;;;;2026-01-01;KREISE;;05770;;KLASS;;A6;Elektro;4,4;%;PKWANT;Anteil am Pkw-Bestand, berechnet
46251;;;;2026-01-01;KREISE;;05770;;KLASS;;A7;sonstige Kraftstoffarten;0,0;%;PKWANT;Anteil am Pkw-Bestand, berechnet
46251;;;;2026-01-01;KREISE;;05774;Paderborn, Kreis;KLASS;;;Insgesamt;193194;Anzahl;W1;Personenkraftwagen nach Kraftstoffarten
46251;;;;2026-01-01;KREISE;;05774;;KLASS;;A1;Benzin;108816;Anzahl;W1;Personenkraftwagen nach Kraftstoffarten
46251;;;;2026-01-01;KREISE;;05774;;KLASS;;A2;Diesel;57338;Anzahl;W1;Personenkraftwagen nach Kraftstoffarten
46251;;;;2026-01-01;KREISE;;05774;;KLASS;;A3;Gas (einschl. bivalent);1919;Anzahl;W1;Personenkraftwagen nach Kraftstoffarten
46251;;;;2026-01-01;KREISE;;05774;;KLASS;;A4;Hybrid;15079;Anzahl;W1;Personenkraftwagen nach Kraftstoffarten
46251;;;;2026-01-01;KREISE;;05774;;KLASS;;A5;darunter Plug-In-Hybrid;4191;Anzahl;W1;Personenkraftwagen nach Kraftstoffarten
46251;;;;2026-01-01;KREISE;;05774;;KLASS;;A6;Elektro;10026;Anzahl;W1;Personenkraftwagen nach Kraftstoffarten
46251;;;;2026-01-01;KREISE;;05774;;KLASS;;A7;sonstige Kraftstoffarten;16;Anzahl;W1;Personenkraftwagen nach Kraftstoffarten
46251;;;;2026-01-01;KREISE;;05774;;;;;;614,2;;PKWEW;Pkw je 1.000 Einwohner, berechnet
46251;;;;2026-01-01;KREISE;;05774;;KLASS;;A1;Benzin;56,3;%;PKWANT;Anteil am Pkw-Bestand, berechnet
46251;;;;2026-01-01;KREISE;;05774;;KLASS;;A2;Diesel;29,7;%;PKWANT;Anteil am Pkw-Bestand, berechnet
46251;;;;2026-01-01;KREISE;;05774;;KLASS;;A3;Gas (einschl. bivalent);1,0;%;PKWANT;Anteil am Pkw-Bestand, berechnet
46251;;;;2026-01-01;KREISE;;05774;;KLASS;;A4;Hybrid;7,8;%;PKWANT;Anteil am Pkw-Bestand, berechnet
46251;;;;2026-01-01;KREISE;;05774;;KLASS;;A5;darunter Plug-In-Hybrid;2,2;%;PKWANT;Anteil am Pkw-Bestand, berechnet
46251;;;;2026-01-01;KREISE;;05774;;KLASS;;A6;Elektro;5,2;%;PKWANT;Anteil am Pkw-Bestand, berechnet
46251;;;;2026-01-01;KREISE;;05774;;KLASS;;A7;sonstige Kraftstoffarten;0,0;%;PKWANT;Anteil am Pkw-Bestand, berechnet
46251;;;;2026-01-01;KREISE;;05911;Bochum, kreisfreie Stadt;KLASS;;;Insgesamt;208037;Anzahl;W1;Personenkraftwagen nach Kraftstoffarten
46251;;;;2026-01-01;KREISE;;05911;;KLASS;;A1;Benzin;134927;Anzahl;W1;Personenkraftwagen nach Kraftstoffarten
46251;;;;2026-01-01;KREISE;;05911;;KLASS;;A2;Diesel;41090;Anzahl;W1;Personenkraftwagen nach Kraftstoffarten
46251;;;;2026-01-01;KREISE;;05911;;KLASS;;A3;Gas (einschl. bivalent);2004;Anzahl;W1;Personenkraftwagen nach Kraftstoffarten
46251;;;;2026-01-01;KREISE;;05911;;KLASS;;A4;Hybrid;22024;Anzahl;W1;Personenkraftwagen nach Kraftstoffarten
46251;;;;2026-01-01;KREISE;;05911;;KLASS;;A5;darunter Plug-In-Hybrid;5176;Anzahl;W1;Personenkraftwagen nach Kraftstoffarten
46251;;;;2026-01-01;KREISE;;05911;;KLASS;;A6;Elektro;7961;Anzahl;W1;Personenkraftwagen nach Kraftstoffarten
46251;;;;2026-01-01;KREISE;;05911;;KLASS;;A7;sonstige Kraftstoffarten;31;Anzahl;W1;Personenkraftwagen nach Kraftstoffarten
46251;;;;2026-01-01;KREISE;;05911;;;;;;579,7;;PKWEW;Pkw je 1.000 Einwohner, berechnet
46251;;;;2026-01-01;KREISE;;05911;;KLASS;;A1;Benzin;64,9;%;PKWANT;Anteil am Pkw-Bestand, berechnet
46251;;;;2026-01-01;KREISE;;05911;;KLASS;;A2;Diesel;19,8;%;PKWANT;Anteil am Pkw-Bestand, berechnet
46251;;;;2026-01-01;KREISE;;05911;;KLASS;;A3;Gas (einschl. bivalent);1,0;%;PKWANT;Anteil am Pkw-Bestand, berechnet
46251;;;;2026-01-01;KREISE;;05911;;KLASS;;A4;Hybrid;10,6;%;PKWANT;Anteil am Pkw-Bestand, berechnet
46251;;;;2026-01-01;KREISE;;05911;;KLASS;;A5;darunter Plug-In-Hybrid;2,5;%;PKWANT;Anteil am Pkw-Bestand, berechnet
46251;;;;2026-01-01;KREISE;;05911;;KLASS;;A6;Elektro;3,8;%;PKWANT;Anteil am Pkw-Bestand, berechnet
46251;;;;2026-01-01;KREISE;;05911;;KLASS;;A7;sonstige Kraftstoffarten;0,0;%;PKWANT;Anteil am Pkw-Bestand, berechnet
46251;;;;2026-01-01;KREISE;;05913;Dortmund, kreisfreie Stadt;KLASS;;;Insgesamt;304056;Anzahl;W1;Personenkraftwagen nach Kraftstoffarten
46251;;;;2026-01-01;KREISE;;05913;;KLASS;;A1;Benzin;190122;Anzahl;W1;Personenkraftwagen nach Kraftstoffarten
46251;;;;2026-01-01;KREISE;;05913;;KLASS;;A2;Diesel;69517;Anzahl;W1;Personenkraftwagen nach Kraftstoffarten
46251;;;;2026-01-01;KREISE;;05913;;KLASS;;A3;Gas (einschl. bivalent);2941;Anzahl;W1;Personenkraftwagen nach Kraftstoffarten
46251;;;;2026-01-01;KREISE;;05913;;KLASS;;A4;Hybrid;28656;Anzahl;W1;Personenkraftwagen nach Kraftstoffarten
46251;;;;2026-01-01;KREISE;;05913;;KLASS;;A5;darunter Plug-In-Hybrid;7877;Anzahl;W1;Personenkraftwagen nach Kraftstoffarten
46251;;;;2026-01-01;KREISE;;05913;;KLASS;;A6;Elektro;12782;Anzahl;W1;Personenkraftwagen nach Kraftstoffarten
46251;;;;2026-01-01;KREISE;;05913;;KLASS;;A7;sonstige Kraftstoffarten;38;Anzahl;W1;Personenkraftwagen nach Kraftstoffarten
46251;;;;2026-01-01;KREISE;;05913;;;;;;506,0;;PKWEW;Pkw je 1.000 Einwohner, berechnet
46251;;;;2026-01-01;KREISE;;05913;;KLASS;;A1;Benzin;62,5;%;PKWANT;Anteil am Pkw-Bestand, berechnet
46251;;;;2026-01-01;KREISE;;05913;;KLASS;;A2;Diesel;22,9;%;PKWANT;Anteil am Pkw-Bestand, berechnet
46251;;;;2026-01-01;KREISE;;05913;;KLASS;;A3;Gas (einschl. bivalent);1,0;%;PKWANT;Anteil am Pkw-Bestand, berechnet
46251;;;;2026-01-01;KREISE;;05913;;KLASS;;A4;Hybrid;9,4;%;PKWANT;Anteil am Pkw-Bestand, berechnet
46251;;;;2026-01-01;KREISE;;05913;;KLASS;;A5;darunter Plug-In-Hybrid;2,6;%;PKWANT;Anteil am Pkw-Bestand, berechnet
46251;;;;2026-01-01;KREISE;;05913;;KLASS;;A6;Elektro;4,2;%;PKWANT;Anteil am Pkw-Bestand, berechnet
46251;;;;2026-01-01;KREISE;;05913;;KLASS;;A7;sonstige Kraftstoffarten;0,0;%;PKWANT;Anteil am Pkw-Bestand, berechnet
46251;;;;2026-01-01;KREISE;;05914;Hagen, kreisfreie Stadt;KLASS;;;Insgesamt;100423;Anzahl;W1;Personenkraftwagen nach Kraftstoffarten
46251;;;;2026-01-01;KREISE;;05914;;KLASS;;A1;Benzin;65149;Anzahl;W1;Personenkraftwagen nach Kraftstoffarten
46251;;;;2026-01-01;KREISE;;05914;;KLASS;;A2;Diesel;23062;Anzahl;W1;Personenkraftwagen nach Kraftstoffarten
46251;;;;2026-01-01;KREISE;;05914;;KLASS;;A3;Gas (einschl. bivalent);979;Anzahl;W1;Personenkraftwagen nach Kraftstoffarten
46251;;;;2026-01-01;KREISE;;05914;;KLASS;;A4;Hybrid;8368;Anzahl;W1;Personenkraftwagen nach Kraftstoffarten
46251;;;;2026-01-01;KREISE;;05914;;KLASS;;A5;darunter Plug-In-Hybrid;2010;Anzahl;W1;Personenkraftwagen nach Kraftstoffarten
46251;;;;2026-01-01;KREISE;;05914;;KLASS;;A6;Elektro;2845;Anzahl;W1;Personenkraftwagen nach Kraftstoffarten
46251;;;;2026-01-01;KREISE;;05914;;KLASS;;A7;sonstige Kraftstoffarten;20;Anzahl;W1;Personenkraftwagen nach Kraftstoffarten
46251;;;;2026-01-01;KREISE;;05914;;;;;;528,6;;PKWEW;Pkw je 1.000 Einwohner, berechnet
46251;;;;2026-01-01;KREISE;;05914;;KLASS;;A1;Benzin;64,9;%;PKWANT;Anteil am Pkw-Bestand, berechnet
46251;;;;2026-01-01;KREISE;;05914;;KLASS;;A2;Diesel;23,0;%;PKWANT;Anteil am Pkw-Bestand, berechnet
46251;;;;2026-01-01;KREISE;;05914;;KLASS;;A3;Gas (einschl. bivalent);1,0;%;PKWANT;Anteil am Pkw-Bestand, berechnet
46251;;;;2026-01-01;KREISE;;05914;;KLASS;;A4;Hybrid;8,3;%;PKWANT;Anteil am Pkw-Bestand, berechnet
46251;;;;2026-01-01;KREISE;;05914;;KLASS;;A5;darunter Plug-In-Hybrid;2,0;%;PKWANT;Anteil am Pkw-Bestand, berechnet
46251;;;;2026-01-01;KREISE;;05914;;KLASS;;A6;Elektro;2,8;%;PKWANT;Anteil am Pkw-Bestand, berechnet
46251;;;;2026-01-01;KREISE;;05914;;KLASS;;A7;sonstige Kraftstoffarten;0,0;%;PKWANT;Anteil am Pkw-Bestand, berechnet
46251;;;;2026-01-01;KREISE;;05915;Hamm, kreisfreie Stadt;KLASS;;;Insgesamt;102193;Anzahl;W1;Personenkraftwagen nach Kraftstoffarten
46251;;;;2026-01-01;KREISE;;05915;;KLASS;;A1;Benzin;64205;Anzahl;W1;Personenkraftwagen nach Kraftstoffarten
46251;;;;2026-01-01;KREISE;;05915;;KLASS;;A2;Diesel;26262;Anzahl;W1;Personenkraftwagen nach Kraftstoffarten
46251;;;;2026-01-01;KREISE;;05915;;KLASS;;A3;Gas (einschl. bivalent);823;Anzahl;W1;Personenkraftwagen nach Kraftstoffarten
46251;;;;2026-01-01;KREISE;;05915;;KLASS;;A4;Hybrid;7567;Anzahl;W1;Personenkraftwagen nach Kraftstoffarten
46251;;;;2026-01-01;KREISE;;05915;;KLASS;;A5;darunter Plug-In-Hybrid;1918;Anzahl;W1;Personenkraftwagen nach Kraftstoffarten
46251;;;;2026-01-01;KREISE;;05915;;KLASS;;A6;Elektro;3321;Anzahl;W1;Personenkraftwagen nach Kraftstoffarten
46251;;;;2026-01-01;KREISE;;05915;;KLASS;;A7;sonstige Kraftstoffarten;15;Anzahl;W1;Personenkraftwagen nach Kraftstoffarten
46251;;;;2026-01-01;KREISE;;05915;;;;;;570,6;;PKWEW;Pkw je 1.000 Einwohner, berechnet
46251;;;;2026-01-01;KREISE;;05915;;KLASS;;A1;Benzin;62,8;%;PKWANT;Anteil am Pkw-Bestand, berechnet
46251;;;;2026-01-01;KREISE;;05915;;KLASS;;A2;Diesel;25,7;%;PKWANT;Anteil am Pkw-Bestand, berechnet
46251;;;;2026-01-01;KREISE;;05915;;KLASS;;A3;Gas (einschl. bivalent);0,8;%;PKWANT;Anteil am Pkw-Bestand, berechnet
46251;;;;2026-01-01;KREISE;;05915;;KLASS;;A4;Hybrid;7,4;%;PKWANT;Anteil am Pkw-Bestand, berechnet
46251;;;;2026-01-01;KREISE;;05915;;KLASS;;A5;darunter Plug-In-Hybrid;1,9;%;PKWANT;Anteil am Pkw-Bestand, berechnet
46251;;;;2026-01-01;KREISE;;05915;;KLASS;;A6;Elektro;3,2;%;PKWANT;Anteil am Pkw-Bestand, berechnet
46251;;;;2026-01-01;KREISE;;05915;;KLASS;;A7;sonstige Kraftstoffarten;0,0;%;PKWANT;Anteil am Pkw-Bestand, berechnet
46251;;;;2026-01-01;KREISE;;05916;Herne, kreisfreie Stadt;KLASS;;;Insgesamt;80701;Anzahl;W1;Personenkraftwagen nach Kraftstoffarten
46251;;;;2026-01-01;KREISE;;05916;;KLASS;;A1;Benzin;55119;Anzahl;W1;Personenkraftwagen nach Kraftstoffarten
46251;;;;2026-01-01;KREISE;;05916;;KLASS;;A2;Diesel;16398;Anzahl;W1;Personenkraftwagen nach Kraftstoffarten
46251;;;;2026-01-01;KREISE;;05916;;KLASS;;A3;Gas (einschl. bivalent);1064;Anzahl;W1;Personenkraftwagen nach Kraftstoffarten
46251;;;;2026-01-01;KREISE;;05916;;KLASS;;A4;Hybrid;6282;Anzahl;W1;Personenkraftwagen nach Kraftstoffarten
46251;;;;2026-01-01;KREISE;;05916;;KLASS;;A5;darunter Plug-In-Hybrid;1405;Anzahl;W1;Personenkraftwagen nach Kraftstoffarten
46251;;;;2026-01-01;KREISE;;05916;;KLASS;;A6;Elektro;1828;Anzahl;W1;Personenkraftwagen nach Kraftstoffarten
46251;;;;2026-01-01;KREISE;;05916;;KLASS;;A7;sonstige Kraftstoffarten;10;Anzahl;W1;Personenkraftwagen nach Kraftstoffarten
46251;;;;2026-01-01;KREISE;;05916;;;;;;516,4;;PKWEW;Pkw je 1.000 Einwohner, berechnet
46251;;;;2026-01-01;KREISE;;05916;;KLASS;;A1;Benzin;68,3;%;PKWANT;Anteil am Pkw-Bestand, berechnet
46251;;;;2026-01-01;KREISE;;05916;;KLASS;;A2;Diesel;20,3;%;PKWANT;Anteil am Pkw-Bestand, berechnet
46251;;;;2026-01-01;KREISE;;05916;;KLASS;;A3;Gas (einschl. bivalent);1,3;%;PKWANT;Anteil am Pkw-Bestand, berechnet
46251;;;;2026-01-01;KREISE;;05916;;KLASS;;A4;Hybrid;7,8;%;PKWANT;Anteil am Pkw-Bestand, berechnet
46251;;;;2026-01-01;KREISE;;05916;;KLASS;;A5;darunter Plug-In-Hybrid;1,7;%;PKWANT;Anteil am Pkw-Bestand, berechnet
46251;;;;2026-01-01;KREISE;;05916;;KLASS;;A6;Elektro;2,3;%;PKWANT;Anteil am Pkw-Bestand, berechnet
46251;;;;2026-01-01;KREISE;;05916;;KLASS;;A7;sonstige Kraftstoffarten;0,0;%;PKWANT;Anteil am Pkw-Bestand, berechnet
46251;;;;2026-01-01;KREISE;;05954;Ennepe-Ruhr-Kreis;KLASS;;;Insgesamt;204971;Anzahl;W1;Personenkraftwagen nach Kraftstoffarten
46251;;;;2026-01-01;KREISE;;05954;;KLASS;;A1;Benzin;134147;Anzahl;W1;Personenkraftwagen nach Kraftstoffarten
46251;;;;2026-01-01;KREISE;;05954;;KLASS;;A2;Diesel;43643;Anzahl;W1;Personenkraftwagen nach Kraftstoffarten
46251;;;;2026-01-01;KREISE;;05954;;KLASS;;A3;Gas (einschl. bivalent);2070;Anzahl;W1;Personenkraftwagen nach Kraftstoffarten
46251;;;;2026-01-01;KREISE;;05954;;KLASS;;A4;Hybrid;17428;Anzahl;W1;Personenkraftwagen nach Kraftstoffarten
46251;;;;2026-01-01;KREISE;;05954;;KLASS;;A5;darunter Plug-In-Hybrid;4515;Anzahl;W1;Personenkraftwagen nach Kraftstoffarten
46251;;;;2026-01-01;KREISE;;05954;;KLASS;;A6;Elektro;7655;Anzahl;W1;Personenkraftwagen nach Kraftstoffarten
46251;;;;2026-01-01;KREISE;;05954;;KLASS;;A7;sonstige Kraftstoffarten;28;Anzahl;W1;Personenkraftwagen nach Kraftstoffarten
46251;;;;2026-01-01;KREISE;;05954;;;;;;654,9;;PKWEW;Pkw je 1.000 Einwohner, berechnet
46251;;;;2026-01-01;KREISE;;05954;;KLASS;;A1;Benzin;65,4;%;PKWANT;Anteil am Pkw-Bestand, berechnet
46251;;;;2026-01-01;KREISE;;05954;;KLASS;;A2;Diesel;21,3;%;PKWANT;Anteil am Pkw-Bestand, berechnet
46251;;;;2026-01-01;KREISE;;05954;;KLASS;;A3;Gas (einschl. bivalent);1,0;%;PKWANT;Anteil am Pkw-Bestand, berechnet
46251;;;;2026-01-01;KREISE;;05954;;KLASS;;A4;Hybrid;8,5;%;PKWANT;Anteil am Pkw-Bestand, berechnet
46251;;;;2026-01-01;KREISE;;05954;;KLASS;;A5;darunter Plug-In-Hybrid;2,2;%;PKWANT;Anteil am Pkw-Bestand, berechnet
46251;;;;2026-01-01;KREISE;;05954;;KLASS;;A6;Elektro;3,7;%;PKWANT;Anteil am Pkw-Bestand, berechnet
46251;;;;2026-01-01;KREISE;;05954;;KLASS;;A7;sonstige Kraftstoffarten;0,0;%;PKWANT;Anteil am Pkw-Bestand, berechnet
46251;;;;2026-01-01;KREISE;;05958;Hochsauerlandkreis;KLASS;;;Insgesamt;174733;Anzahl;W1;Personenkraftwagen nach Kraftstoffarten
46251;;;;2026-01-01;KREISE;;05958;;KLASS;;A1;Benzin;101523;Anzahl;W1;Personenkraftwagen nach Kraftstoffarten
46251;;;;2026-01-01;KREISE;;05958;;KLASS;;A2;Diesel;50793;Anzahl;W1;Personenkraftwagen nach Kraftstoffarten
46251;;;;2026-01-01;KREISE;;05958;;KLASS;;A3;Gas (einschl. bivalent);1141;Anzahl;W1;Personenkraftwagen nach Kraftstoffarten
46251;;;;2026-01-01;KREISE;;05958;;KLASS;;A4;Hybrid;14514;Anzahl;W1;Personenkraftwagen nach Kraftstoffarten
46251;;;;2026-01-01;KREISE;;05958;;KLASS;;A5;darunter Plug-In-Hybrid;3724;Anzahl;W1;Personenkraftwagen nach Kraftstoffarten
46251;;;;2026-01-01;KREISE;;05958;;KLASS;;A6;Elektro;6739;Anzahl;W1;Personenkraftwagen nach Kraftstoffarten
46251;;;;2026-01-01;KREISE;;05958;;KLASS;;A7;sonstige Kraftstoffarten;23;Anzahl;W1;Personenkraftwagen nach Kraftstoffarten
46251;;;;2026-01-01;KREISE;;05958;;;;;;674,2;;PKWEW;Pkw je 1.000 Einwohner, berechnet
46251;;;;2026-01-01;KREISE;;05958;;KLASS;;A1;Benzin;58,1;%;PKWANT;Anteil am Pkw-Bestand, berechnet
46251;;;;2026-01-01;KREISE;;05958;;KLASS;;A2;Diesel;29,1;%;PKWANT;Anteil am Pkw-Bestand, berechnet
46251;;;;2026-01-01;KREISE;;05958;;KLASS;;A3;Gas (einschl. bivalent);0,7;%;PKWANT;Anteil am Pkw-Bestand, berechnet
46251;;;;2026-01-01;KREISE;;05958;;KLASS;;A4;Hybrid;8,3;%;PKWANT;Anteil am Pkw-Bestand, berechnet
46251;;;;2026-01-01;KREISE;;05958;;KLASS;;A5;darunter Plug-In-Hybrid;2,1;%;PKWANT;Anteil am Pkw-Bestand, berechnet
46251;;;;2026-01-01;KREISE;;05958;;KLASS;;A6;Elektro;3,9;%;PKWANT;Anteil am Pkw-Bestand, berechnet
46251;;;;2026-01-01;KREISE;;05958;;KLASS;;A7;sonstige Kraftstoffarten;0,0;%;PKWANT;Anteil am Pkw-Bestand, berechnet
46251;;;;2026-01-01;KREISE;;05962;Märkischer Kreis;KLASS;;;Insgesamt;259465;Anzahl;W1;Personenkraftwagen nach Kraftstoffarten
46251;;;;2026-01-01;KREISE;;05962;;KLASS;;A1;Benzin;163438;Anzahl;W1;Personenkraftwagen nach Kraftstoffarten
46251;;;;2026-01-01;KREISE;;05962;;KLASS;;A2;Diesel;62929;Anzahl;W1;Personenkraftwagen nach Kraftstoffarten
46251;;;;2026-01-01;KREISE;;05962;;KLASS;;A3;Gas (einschl. bivalent);2279;Anzahl;W1;Personenkraftwagen nach Kraftstoffarten
46251;;;;2026-01-01;KREISE;;05962;;KLASS;;A4;Hybrid;22616;Anzahl;W1;Personenkraftwagen nach Kraftstoffarten
46251;;;;2026-01-01;KREISE;;05962;;KLASS;;A5;darunter Plug-In-Hybrid;5943;Anzahl;W1;Personenkraftwagen nach Kraftstoffarten
46251;;;;2026-01-01;KREISE;;05962;;KLASS;;A6;Elektro;8165;Anzahl;W1;Personenkraftwagen nach Kraftstoffarten
46251;;;;2026-01-01;KREISE;;05962;;KLASS;;A7;sonstige Kraftstoffarten;38;Anzahl;W1;Personenkraftwagen nach Kraftstoffarten
46251;;;;2026-01-01;KREISE;;05962;;;;;;640,4;;PKWEW;Pkw je 1.000 Einwohner, berechnet
46251;;;;2026-01-01;KREISE;;05962;;KLASS;;A1;Benzin;63,0;%;PKWANT;Anteil am Pkw-Bestand, berechnet
46251;;;;2026-01-01;KREISE;;05962;;KLASS;;A2;Diesel;24,3;%;PKWANT;Anteil am Pkw-Bestand, berechnet
46251;;;;2026-01-01;KREISE;;05962;;KLASS;;A3;Gas (einschl. bivalent);0,9;%;PKWANT;Anteil am Pkw-Bestand, berechnet
46251;;;;2026-01-01;KREISE;;05962;;KLASS;;A4;Hybrid;8,7;%;PKWANT;Anteil am Pkw-Bestand, berechnet
46251;;;;2026-01-01;KREISE;;05962;;KLASS;;A5;darunter Plug-In-Hybrid;2,3;%;PKWANT;Anteil am Pkw-Bestand, berechnet
46251;;;;2026-01-01;KREISE;;05962;;KLASS;;A6;Elektro;3,1;%;PKWANT;Anteil am Pkw-Bestand, berechnet
46251;;;;2026-01-01;KREISE;;05962;;KLASS;;A7;sonstige Kraftstoffarten;0,0;%;PKWANT;Anteil am Pkw-Bestand, berechnet
46251;;;;2026-01-01;KREISE;;05966;Olpe, Kreis;KLASS;;;Insgesamt;93246;Anzahl;W1;Personenkraftwagen nach Kraftstoffarten
46251;;;;2026-01-01;KREISE;;05966;;KLASS;;A1;Benzin;55721;Anzahl;W1;Personenkraftwagen nach Kraftstoffarten
46251;;;;2026-01-01;KREISE;;05966;;KLASS;;A2;Diesel;26178;Anzahl;W1;Personenkraftwagen nach Kraftstoffarten
46251;;;;2026-01-01;KREISE;;05966;;KLASS;;A3;Gas (einschl. bivalent);444;Anzahl;W1;Personenkraftwagen nach Kraftstoffarten
46251;;;;2026-01-01;KREISE;;05966;;KLASS;;A4;Hybrid;7309;Anzahl;W1;Personenkraftwagen nach Kraftstoffarten
46251;;;;2026-01-01;KREISE;;05966;;KLASS;;A5;darunter Plug-In-Hybrid;2276;Anzahl;W1;Personenkraftwagen nach Kraftstoffarten
46251;;;;2026-01-01;KREISE;;05966;;KLASS;;A6;Elektro;3584;Anzahl;W1;Personenkraftwagen nach Kraftstoffarten
46251;;;;2026-01-01;KREISE;;05966;;KLASS;;A7;sonstige Kraftstoffarten;10;Anzahl;W1;Personenkraftwagen nach Kraftstoffarten
46251;;;;2026-01-01;KREISE;;05966;;;;;;710,4;;PKWEW;Pkw je 1.000 Einwohner, berechnet
46251;;;;2026-01-01;KREISE;;05966;;KLASS;;A1;Benzin;59,8;%;PKWANT;Anteil am Pkw-Bestand, berechnet
46251;;;;2026-01-01;KREISE;;05966;;KLASS;;A2;Diesel;28,1;%;PKWANT;Anteil am Pkw-Bestand, berechnet
46251;;;;2026-01-01;KREISE;;05966;;KLASS;;A3;Gas (einschl. bivalent);0,5;%;PKWANT;Anteil am Pkw-Bestand, berechnet
46251;;;;2026-01-01;KREISE;;05966;;KLASS;;A4;Hybrid;7,8;%;PKWANT;Anteil am Pkw-Bestand, berechnet
46251;;;;2026-01-01;KREISE;;05966;;KLASS;;A5;darunter Plug-In-Hybrid;2,4;%;PKWANT;Anteil am Pkw-Bestand, berechnet
46251;;;;2026-01-01;KREISE;;05966;;KLASS;;A6;Elektro;3,8;%;PKWANT;Anteil am Pkw-Bestand, berechnet
46251;;;;2026-01-01;KREISE;;05966;;KLASS;;A7;sonstige Kraftstoffarten;0,0;%;PKWANT;Anteil am Pkw-Bestand, berechnet
46251;;;;2026-01-01;KREISE;;05970;Siegen-Wittgenstein, Kreis;KLASS;;;Insgesamt;180775;Anzahl;W1;Personenkraftwagen nach Kraftstoffarten
46251;;;;2026-01-01;KREISE;;05970;;KLASS;;A1;Benzin;110565;Anzahl;W1;Personenkraftwagen nach Kraftstoffarten
46251;;;;2026-01-01;KREISE;;05970;;KLASS;;A2;Diesel;45802;Anzahl;W1;Personenkraftwagen nach Kraftstoffarten
46251;;;;2026-01-01;KREISE;;05970;;KLASS;;A3;Gas (einschl. bivalent);1036;Anzahl;W1;Personenkraftwagen nach Kraftstoffarten
46251;;;;2026-01-01;KREISE;;05970;;KLASS;;A4;Hybrid;16711;Anzahl;W1;Personenkraftwagen nach Kraftstoffarten
46251;;;;2026-01-01;KREISE;;05970;;KLASS;;A5;darunter Plug-In-Hybrid;4668;Anzahl;W1;Personenkraftwagen nach Kraftstoffarten
46251;;;;2026-01-01;KREISE;;05970;;KLASS;;A6;Elektro;6634;Anzahl;W1;Personenkraftwagen nach Kraftstoffarten
46251;;;;2026-01-01;KREISE;;05970;;KLASS;;A7;sonstige Kraftstoffarten;27;Anzahl;W1;Personenkraftwagen nach Kraftstoffarten
46251;;;;2026-01-01;KREISE;;05970;;;;;;663,4;;PKWEW;Pkw je 1.000 Einwohner, berechnet
46251;;;;2026-01-01;KREISE;;05970;;KLASS;;A1;Benzin;61,2;%;PKWANT;Anteil am Pkw-Bestand, berechnet
46251;;;;2026-01-01;KREISE;;05970;;KLASS;;A2;Diesel;25,3;%;PKWANT;Anteil am Pkw-Bestand, berechnet
46251;;;;2026-01-01;KREISE;;05970;;KLASS;;A3;Gas (einschl. bivalent);0,6;%;PKWANT;Anteil am Pkw-Bestand, berechnet
46251;;;;2026-01-01;KREISE;;05970;;KLASS;;A4;Hybrid;9,2;%;PKWANT;Anteil am Pkw-Bestand, berechnet
46251;;;;2026-01-01;KREISE;;05970;;KLASS;;A5;darunter Plug-In-Hybrid;2,6;%;PKWANT;Anteil am Pkw-Bestand, berechnet
46251;;;;2026-01-01;KREISE;;05970;;KLASS;;A6;Elektro;3,7;%;PKWANT;Anteil am Pkw-Bestand, berechnet
46251;;;;2026-01-01;KREISE;;05970;;KLASS;;A7;sonstige Kraftstoffarten;0,0;%;PKWANT;Anteil am Pkw-Bestand, berechnet
46251;;;;2026-01-01;KREISE;;05974;Soest, Kreis;KLASS;;;Insgesamt;199204;Anzahl;W1;Personenkraftwagen nach Kraftstoffarten
46251;;;;2026-01-01;KREISE;;05974;;KLASS;;A1;Benzin;117467;Anzahl;W1;Personenkraftwagen nach Kraftstoffarten
46251;;;;2026-01-01;KREISE;;05974;;KLASS;;A2;Diesel;56292;Anzahl;W1;Personenkraftwagen nach Kraftstoffarten
46251;;;;2026-01-01;KREISE;;05974;;KLASS;;A3;Gas (einschl. bivalent);1725;Anzahl;W1;Personenkraftwagen nach Kraftstoffarten
46251;;;;2026-01-01;KREISE;;05974;;KLASS;;A4;Hybrid;14611;Anzahl;W1;Personenkraftwagen nach Kraftstoffarten
46251;;;;2026-01-01;KREISE;;05974;;KLASS;;A5;darunter Plug-In-Hybrid;4602;Anzahl;W1;Personenkraftwagen nach Kraftstoffarten
46251;;;;2026-01-01;KREISE;;05974;;KLASS;;A6;Elektro;9091;Anzahl;W1;Personenkraftwagen nach Kraftstoffarten
46251;;;;2026-01-01;KREISE;;05974;;KLASS;;A7;sonstige Kraftstoffarten;18;Anzahl;W1;Personenkraftwagen nach Kraftstoffarten
46251;;;;2026-01-01;KREISE;;05974;;;;;;667,4;;PKWEW;Pkw je 1.000 Einwohner, berechnet
46251;;;;2026-01-01;KREISE;;05974;;KLASS;;A1;Benzin;59,0;%;PKWANT;Anteil am Pkw-Bestand, berechnet
46251;;;;2026-01-01;KREISE;;05974;;KLASS;;A2;Diesel;28,3;%;PKWANT;Anteil am Pkw-Bestand, berechnet
46251;;;;2026-01-01;KREISE;;05974;;KLASS;;A3;Gas (einschl. bivalent);0,9;%;PKWANT;Anteil am Pkw-Bestand, berechnet
46251;;;;2026-01-01;KREISE;;05974;;KLASS;;A4;Hybrid;7,3;%;PKWANT;Anteil am Pkw-Bestand, berechnet
46251;;;;2026-01-01;KREISE;;05974;;KLASS;;A5;darunter Plug-In-Hybrid;2,3;%;PKWANT;Anteil am Pkw-Bestand, berechnet
46251;;;;2026-01-01;KREISE;;05974;;KLASS;;A6;Elektro;4,6;%;PKWANT;Anteil am Pkw-Bestand, berechnet
46251;;;;2026-01-01;KREISE;;05974;;KLASS;;A7;sonstige Kraftstoffarten;0,0;%;PKWANT;Anteil am Pkw-Bestand, berechnet
46251;;;;2026-01-01;KREISE;;05978;Unna, Kreis;KLASS;;;Insgesamt;247944;Anzahl;W1;Personenkraftwagen nach Kraftstoffarten
46251;;;;2026-01-01;KREISE;;05978;;KLASS;;A1;Benzin;156836;Anzahl;W1;Personenkraftwagen nach Kraftstoffarten
46251;;;;2026-01-01;KREISE;;05978;;KLASS;;A2;Diesel;58309;Anzahl;W1;Personenkraftwagen nach Kraftstoffarten
46251;;;;2026-01-01;KREISE;;05978;;KLASS;;A3;Gas (einschl. bivalent);2297;Anzahl;W1;Personenkraftwagen nach Kraftstoffarten
46251;;;;2026-01-01;KREISE;;05978;;KLASS;;A4;Hybrid;21257;Anzahl;W1;Personenkraftwagen nach Kraftstoffarten
46251;;;;2026-01-01;KREISE;;05978;;KLASS;;A5;darunter Plug-In-Hybrid;5155;Anzahl;W1;Personenkraftwagen nach Kraftstoffarten
46251;;;;2026-01-01;KREISE;;05978;;KLASS;;A6;Elektro;9201;Anzahl;W1;Personenkraftwagen nach Kraftstoffarten
46251;;;;2026-01-01;KREISE;;05978;;KLASS;;A7;sonstige Kraftstoffarten;44;Anzahl;W1;Personenkraftwagen nach Kraftstoffarten
46251;;;;2026-01-01;KREISE;;05978;;;;;;632,1;;PKWEW;Pkw je 1.000 Einwohner, berechnet
46251;;;;2026-01-01;KREISE;;05978;;KLASS;;A1;Benzin;63,3;%;PKWANT;Anteil am Pkw-Bestand, berechnet
46251;;;;2026-01-01;KREISE;;05978;;KLASS;;A2;Diesel;23,5;%;PKWANT;Anteil am Pkw-Bestand, berechnet
46251;;;;2026-01-01;KREISE;;05978;;KLASS;;A3;Gas (einschl. bivalent);0,9;%;PKWANT;Anteil am Pkw-Bestand, berechnet
46251;;;;2026-01-01;KREISE;;05978;;KLASS;;A4;Hybrid;8,6;%;PKWANT;Anteil am Pkw-Bestand, berechnet
46251;;;;2026-01-01;KREISE;;05978;;KLASS;;A5;darunter Plug-In-Hybrid;2,1;%;PKWANT;Anteil am Pkw-Bestand, berechnet
46251;;;;2026-01-01;KREISE;;05978;;KLASS;;A6;Elektro;3,7;%;PKWANT;Anteil am Pkw-Bestand, berechnet
46251;;;;2026-01-01;KREISE;;05978;;KLASS;;A7;sonstige Kraftstoffarten;0,0;%;PKWANT;Anteil am Pkw-Bestand, berechnet
46251;;;;2026-01-01;KREISE;;06411;Darmstadt, kreisfreie Stadt, Wissenschaftsstadt;KLASS;;;Insgesamt;74223;Anzahl;W1;Personenkraftwagen nach Kraftstoffarten
46251;;;;2026-01-01;KREISE;;06411;;KLASS;;A1;Benzin;43293;Anzahl;W1;Personenkraftwagen nach Kraftstoffarten
46251;;;;2026-01-01;KREISE;;06411;;KLASS;;A2;Diesel;17971;Anzahl;W1;Personenkraftwagen nach Kraftstoffarten
46251;;;;2026-01-01;KREISE;;06411;;KLASS;;A3;Gas (einschl. bivalent);554;Anzahl;W1;Personenkraftwagen nach Kraftstoffarten
46251;;;;2026-01-01;KREISE;;06411;;KLASS;;A4;Hybrid;8158;Anzahl;W1;Personenkraftwagen nach Kraftstoffarten
46251;;;;2026-01-01;KREISE;;06411;;KLASS;;A5;darunter Plug-In-Hybrid;2324;Anzahl;W1;Personenkraftwagen nach Kraftstoffarten
46251;;;;2026-01-01;KREISE;;06411;;KLASS;;A6;Elektro;4227;Anzahl;W1;Personenkraftwagen nach Kraftstoffarten
46251;;;;2026-01-01;KREISE;;06411;;KLASS;;A7;sonstige Kraftstoffarten;20;Anzahl;W1;Personenkraftwagen nach Kraftstoffarten
46251;;;;2026-01-01;KREISE;;06411;;;;;;441,1;;PKWEW;Pkw je 1.000 Einwohner, berechnet
46251;;;;2026-01-01;KREISE;;06411;;KLASS;;A1;Benzin;58,3;%;PKWANT;Anteil am Pkw-Bestand, berechnet
46251;;;;2026-01-01;KREISE;;06411;;KLASS;;A2;Diesel;24,2;%;PKWANT;Anteil am Pkw-Bestand, berechnet
46251;;;;2026-01-01;KREISE;;06411;;KLASS;;A3;Gas (einschl. bivalent);0,7;%;PKWANT;Anteil am Pkw-Bestand, berechnet
46251;;;;2026-01-01;KREISE;;06411;;KLASS;;A4;Hybrid;11,0;%;PKWANT;Anteil am Pkw-Bestand, berechnet
46251;;;;2026-01-01;KREISE;;06411;;KLASS;;A5;darunter Plug-In-Hybrid;3,1;%;PKWANT;Anteil am Pkw-Bestand, berechnet
46251;;;;2026-01-01;KREISE;;06411;;KLASS;;A6;Elektro;5,7;%;PKWANT;Anteil am Pkw-Bestand, berechnet
46251;;;;2026-01-01;KREISE;;06411;;KLASS;;A7;sonstige Kraftstoffarten;0,0;%;PKWANT;Anteil am Pkw-Bestand, berechnet
46251;;;;2026-01-01;KREISE;;06412;Frankfurt am Main, kreisfreie Stadt;KLASS;;;Insgesamt;347938;Anzahl;W1;Personenkraftwagen nach Kraftstoffarten
46251;;;;2026-01-01;KREISE;;06412;;KLASS;;A1;Benzin;184395;Anzahl;W1;Personenkraftwagen nach Kraftstoffarten
46251;;;;2026-01-01;KREISE;;06412;;KLASS;;A2;Diesel;88869;Anzahl;W1;Personenkraftwagen nach Kraftstoffarten
46251;;;;2026-01-01;KREISE;;06412;;KLASS;;A3;Gas (einschl. bivalent);1674;Anzahl;W1;Personenkraftwagen nach Kraftstoffarten
46251;;;;2026-01-01;KREISE;;06412;;KLASS;;A4;Hybrid;51028;Anzahl;W1;Personenkraftwagen nach Kraftstoffarten
46251;;;;2026-01-01;KREISE;;06412;;KLASS;;A5;darunter Plug-In-Hybrid;16728;Anzahl;W1;Personenkraftwagen nach Kraftstoffarten
46251;;;;2026-01-01;KREISE;;06412;;KLASS;;A6;Elektro;21910;Anzahl;W1;Personenkraftwagen nach Kraftstoffarten
46251;;;;2026-01-01;KREISE;;06412;;KLASS;;A7;sonstige Kraftstoffarten;62;Anzahl;W1;Personenkraftwagen nach Kraftstoffarten
46251;;;;2026-01-01;KREISE;;06412;;;;;;457,4;;PKWEW;Pkw je 1.000 Einwohner, berechnet
46251;;;;2026-01-01;KREISE;;06412;;KLASS;;A1;Benzin;53,0;%;PKWANT;Anteil am Pkw-Bestand, berechnet
46251;;;;2026-01-01;KREISE;;06412;;KLASS;;A2;Diesel;25,5;%;PKWANT;Anteil am Pkw-Bestand, berechnet
46251;;;;2026-01-01;KREISE;;06412;;KLASS;;A3;Gas (einschl. bivalent);0,5;%;PKWANT;Anteil am Pkw-Bestand, berechnet
46251;;;;2026-01-01;KREISE;;06412;;KLASS;;A4;Hybrid;14,7;%;PKWANT;Anteil am Pkw-Bestand, berechnet
46251;;;;2026-01-01;KREISE;;06412;;KLASS;;A5;darunter Plug-In-Hybrid;4,8;%;PKWANT;Anteil am Pkw-Bestand, berechnet
46251;;;;2026-01-01;KREISE;;06412;;KLASS;;A6;Elektro;6,3;%;PKWANT;Anteil am Pkw-Bestand, berechnet
46251;;;;2026-01-01;KREISE;;06412;;KLASS;;A7;sonstige Kraftstoffarten;0,0;%;PKWANT;Anteil am Pkw-Bestand, berechnet
46251;;;;2026-01-01;KREISE;;06413;Offenbach am Main, kreisfreie Stadt;KLASS;;;Insgesamt;60769;Anzahl;W1;Personenkraftwagen nach Kraftstoffarten
46251;;;;2026-01-01;KREISE;;06413;;KLASS;;A1;Benzin;33373;Anzahl;W1;Personenkraftwagen nach Kraftstoffarten
46251;;;;2026-01-01;KREISE;;06413;;KLASS;;A2;Diesel;17645;Anzahl;W1;Personenkraftwagen nach Kraftstoffarten
46251;;;;2026-01-01;KREISE;;06413;;KLASS;;A3;Gas (einschl. bivalent);387;Anzahl;W1;Personenkraftwagen nach Kraftstoffarten
46251;;;;2026-01-01;KREISE;;06413;;KLASS;;A4;Hybrid;6836;Anzahl;W1;Personenkraftwagen nach Kraftstoffarten
46251;;;;2026-01-01;KREISE;;06413;;KLASS;;A5;darunter Plug-In-Hybrid;1654;Anzahl;W1;Personenkraftwagen nach Kraftstoffarten
46251;;;;2026-01-01;KREISE;;06413;;KLASS;;A6;Elektro;2497;Anzahl;W1;Personenkraftwagen nach Kraftstoffarten
46251;;;;2026-01-01;KREISE;;06413;;KLASS;;A7;sonstige Kraftstoffarten;31;Anzahl;W1;Personenkraftwagen nach Kraftstoffarten
46251;;;;2026-01-01;KREISE;;06413;;;;;;456,2;;PKWEW;Pkw je 1.000 Einwohner, berechnet
46251;;;;2026-01-01;KREISE;;06413;;KLASS;;A1;Benzin;54,9;%;PKWANT;Anteil am Pkw-Bestand, berechnet
46251;;;;2026-01-01;KREISE;;06413;;KLASS;;A2;Diesel;29,0;%;PKWANT;Anteil am Pkw-Bestand, berechnet
46251;;;;2026-01-01;KREISE;;06413;;KLASS;;A3;Gas (einschl. bivalent);0,6;%;PKWANT;Anteil am Pkw-Bestand, berechnet
46251;;;;2026-01-01;KREISE;;06413;;KLASS;;A4;Hybrid;11,2;%;PKWANT;Anteil am Pkw-Bestand, berechnet
46251;;;;2026-01-01;KREISE;;06413;;KLASS;;A5;darunter Plug-In-Hybrid;2,7;%;PKWANT;Anteil am Pkw-Bestand, berechnet
46251;;;;2026-01-01;KREISE;;06413;;KLASS;;A6;Elektro;4,1;%;PKWANT;Anteil am Pkw-Bestand, berechnet
46251;;;;2026-01-01;KREISE;;06413;;KLASS;;A7;sonstige Kraftstoffarten;0,1;%;PKWANT;Anteil am Pkw-Bestand, berechnet
46251;;;;2026-01-01;KREISE;;06414;Wiesbaden, kreisfreie Stadt, Landeshauptstadt;KLASS;;;Insgesamt;223018;Anzahl;W1;Personenkraftwagen nach Kraftstoffarten
46251;;;;2026-01-01;KREISE;;06414;;KLASS;;A1;Benzin;108526;Anzahl;W1;Personenkraftwagen nach Kraftstoffarten
46251;;;;2026-01-01;KREISE;;06414;;KLASS;;A2;Diesel;49549;Anzahl;W1;Personenkraftwagen nach Kraftstoffarten
46251;;;;2026-01-01;KREISE;;06414;;KLASS;;A3;Gas (einschl. bivalent);995;Anzahl;W1;Personenkraftwagen nach Kraftstoffarten
46251;;;;2026-01-01;KREISE;;06414;;KLASS;;A4;Hybrid;45879;Anzahl;W1;Personenkraftwagen nach Kraftstoffarten
46251;;;;2026-01-01;KREISE;;06414;;KLASS;;A5;darunter Plug-In-Hybrid;10651;Anzahl;W1;Personenkraftwagen nach Kraftstoffarten
46251;;;;2026-01-01;KREISE;;06414;;KLASS;;A6;Elektro;18047;Anzahl;W1;Personenkraftwagen nach Kraftstoffarten
46251;;;;2026-01-01;KREISE;;06414;;KLASS;;A7;sonstige Kraftstoffarten;22;Anzahl;W1;Personenkraftwagen nach Kraftstoffarten
46251;;;;2026-01-01;KREISE;;06414;;;;;;772,8;;PKWEW;Pkw je 1.000 Einwohner, berechnet
46251;;;;2026-01-01;KREISE;;06414;;KLASS;;A1;Benzin;48,7;%;PKWANT;Anteil am Pkw-Bestand, berechnet
46251;;;;2026-01-01;KREISE;;06414;;KLASS;;A2;Diesel;22,2;%;PKWANT;Anteil am Pkw-Bestand, berechnet
46251;;;;2026-01-01;KREISE;;06414;;KLASS;;A3;Gas (einschl. bivalent);0,4;%;PKWANT;Anteil am Pkw-Bestand, berechnet
46251;;;;2026-01-01;KREISE;;06414;;KLASS;;A4;Hybrid;20,6;%;PKWANT;Anteil am Pkw-Bestand, berechnet
46251;;;;2026-01-01;KREISE;;06414;;KLASS;;A5;darunter Plug-In-Hybrid;4,8;%;PKWANT;Anteil am Pkw-Bestand, berechnet
46251;;;;2026-01-01;KREISE;;06414;;KLASS;;A6;Elektro;8,1;%;PKWANT;Anteil am Pkw-Bestand, berechnet
46251;;;;2026-01-01;KREISE;;06414;;KLASS;;A7;sonstige Kraftstoffarten;0,0;%;PKWANT;Anteil am Pkw-Bestand, berechnet
46251;;;;2026-01-01;KREISE;;06415;Hanau, kreisfreie Stadt;KLASS;;;Insgesamt;53997;Anzahl;W1;Personenkraftwagen nach Kraftstoffarten
46251;;;;2026-01-01;KREISE;;06415;;KLASS;;A1;Benzin;31777;Anzahl;W1;Personenkraftwagen nach Kraftstoffarten
46251;;;;2026-01-01;KREISE;;06415;;KLASS;;A2;Diesel;14723;Anzahl;W1;Personenkraftwagen nach Kraftstoffarten
46251;;;;2026-01-01;KREISE;;06415;;KLASS;;A3;Gas (einschl. bivalent);348;Anzahl;W1;Personenkraftwagen nach Kraftstoffarten
46251;;;;2026-01-01;KREISE;;06415;;KLASS;;A4;Hybrid;5113;Anzahl;W1;Personenkraftwagen nach Kraftstoffarten
46251;;;;2026-01-01;KREISE;;06415;;KLASS;;A5;darunter Plug-In-Hybrid;1159;Anzahl;W1;Personenkraftwagen nach Kraftstoffarten
46251;;;;2026-01-01;KREISE;;06415;;KLASS;;A6;Elektro;2022;Anzahl;W1;Personenkraftwagen nach Kraftstoffarten
46251;;;;2026-01-01;KREISE;;06415;;KLASS;;A7;sonstige Kraftstoffarten;14;Anzahl;W1;Personenkraftwagen nach Kraftstoffarten
46251;;;;2026-01-01;KREISE;;06415;;KLASS;;A1;Benzin;58,8;%;PKWANT;Anteil am Pkw-Bestand, berechnet
46251;;;;2026-01-01;KREISE;;06415;;KLASS;;A2;Diesel;27,3;%;PKWANT;Anteil am Pkw-Bestand, berechnet
46251;;;;2026-01-01;KREISE;;06415;;KLASS;;A3;Gas (einschl. bivalent);0,6;%;PKWANT;Anteil am Pkw-Bestand, berechnet
46251;;;;2026-01-01;KREISE;;06415;;KLASS;;A4;Hybrid;9,5;%;PKWANT;Anteil am Pkw-Bestand, berechnet
46251;;;;2026-01-01;KREISE;;06415;;KLASS;;A5;darunter Plug-In-Hybrid;2,1;%;PKWANT;Anteil am Pkw-Bestand, berechnet
46251;;;;2026-01-01;KREISE;;06415;;KLASS;;A6;Elektro;3,7;%;PKWANT;Anteil am Pkw-Bestand, berechnet
46251;;;;2026-01-01;KREISE;;06415;;KLASS;;A7;sonstige Kraftstoffarten;0,0;%;PKWANT;Anteil am Pkw-Bestand, berechnet
46251;;;;2026-01-01;KREISE;;06431;Bergstraße, Landkreis;KLASS;;;Insgesamt;179687;Anzahl;W1;Personenkraftwagen nach Kraftstoffarten
46251;;;;2026-01-01;KREISE;;06431;;KLASS;;A1;Benzin;109284;Anzahl;W1;Personenkraftwagen nach Kraftstoffarten
46251;;;;2026-01-01;KREISE;;06431;;KLASS;;A2;Diesel;45310;Anzahl;W1;Personenkraftwagen nach Kraftstoffarten
46251;;;;2026-01-01;KREISE;;06431;;KLASS;;A3;Gas (einschl. bivalent);1184;Anzahl;W1;Personenkraftwagen nach Kraftstoffarten
46251;;;;2026-01-01;KREISE;;06431;;KLASS;;A4;Hybrid;16468;Anzahl;W1;Personenkraftwagen nach Kraftstoffarten
46251;;;;2026-01-01;KREISE;;06431;;KLASS;;A5;darunter Plug-In-Hybrid;4126;Anzahl;W1;Personenkraftwagen nach Kraftstoffarten
46251;;;;2026-01-01;KREISE;;06431;;KLASS;;A6;Elektro;7411;Anzahl;W1;Personenkraftwagen nach Kraftstoffarten
46251;;;;2026-01-01;KREISE;;06431;;KLASS;;A7;sonstige Kraftstoffarten;30;Anzahl;W1;Personenkraftwagen nach Kraftstoffarten
46251;;;;2026-01-01;KREISE;;06431;;;;;;657,3;;PKWEW;Pkw je 1.000 Einwohner, berechnet
46251;;;;2026-01-01;KREISE;;06431;;KLASS;;A1;Benzin;60,8;%;PKWANT;Anteil am Pkw-Bestand, berechnet
46251;;;;2026-01-01;KREISE;;06431;;KLASS;;A2;Diesel;25,2;%;PKWANT;Anteil am Pkw-Bestand, berechnet
46251;;;;2026-01-01;KREISE;;06431;;KLASS;;A3;Gas (einschl. bivalent);0,7;%;PKWANT;Anteil am Pkw-Bestand, berechnet
46251;;;;2026-01-01;KREISE;;06431;;KLASS;;A4;Hybrid;9,2;%;PKWANT;Anteil am Pkw-Bestand, berechnet
46251;;;;2026-01-01;KREISE;;06431;;KLASS;;A5;darunter Plug-In-Hybrid;2,3;%;PKWANT;Anteil am Pkw-Bestand, berechnet
46251;;;;2026-01-01;KREISE;;06431;;KLASS;;A6;Elektro;4,1;%;PKWANT;Anteil am Pkw-Bestand, berechnet
46251;;;;2026-01-01;KREISE;;06431;;KLASS;;A7;sonstige Kraftstoffarten;0,0;%;PKWANT;Anteil am Pkw-Bestand, berechnet
46251;;;;2026-01-01;KREISE;;06432;Darmstadt-Dieburg, Landkreis;KLASS;;;Insgesamt;191669;Anzahl;W1;Personenkraftwagen nach Kraftstoffarten
46251;;;;2026-01-01;KREISE;;06432;;KLASS;;A1;Benzin;118934;Anzahl;W1;Personenkraftwagen nach Kraftstoffarten
46251;;;;2026-01-01;KREISE;;06432;;KLASS;;A2;Diesel;45227;Anzahl;W1;Personenkraftwagen nach Kraftstoffarten
46251;;;;2026-01-01;KREISE;;06432;;KLASS;;A3;Gas (einschl. bivalent);1409;Anzahl;W1;Personenkraftwagen nach Kraftstoffarten
46251;;;;2026-01-01;KREISE;;06432;;KLASS;;A4;Hybrid;17753;Anzahl;W1;Personenkraftwagen nach Kraftstoffarten
46251;;;;2026-01-01;KREISE;;06432;;KLASS;;A5;darunter Plug-In-Hybrid;4616;Anzahl;W1;Personenkraftwagen nach Kraftstoffarten
46251;;;;2026-01-01;KREISE;;06432;;KLASS;;A6;Elektro;8315;Anzahl;W1;Personenkraftwagen nach Kraftstoffarten
46251;;;;2026-01-01;KREISE;;06432;;KLASS;;A7;sonstige Kraftstoffarten;31;Anzahl;W1;Personenkraftwagen nach Kraftstoffarten
46251;;;;2026-01-01;KREISE;;06432;;;;;;635,7;;PKWEW;Pkw je 1.000 Einwohner, berechnet
46251;;;;2026-01-01;KREISE;;06432;;KLASS;;A1;Benzin;62,1;%;PKWANT;Anteil am Pkw-Bestand, berechnet
46251;;;;2026-01-01;KREISE;;06432;;KLASS;;A2;Diesel;23,6;%;PKWANT;Anteil am Pkw-Bestand, berechnet
46251;;;;2026-01-01;KREISE;;06432;;KLASS;;A3;Gas (einschl. bivalent);0,7;%;PKWANT;Anteil am Pkw-Bestand, berechnet
46251;;;;2026-01-01;KREISE;;06432;;KLASS;;A4;Hybrid;9,3;%;PKWANT;Anteil am Pkw-Bestand, berechnet
46251;;;;2026-01-01;KREISE;;06432;;KLASS;;A5;darunter Plug-In-Hybrid;2,4;%;PKWANT;Anteil am Pkw-Bestand, berechnet
46251;;;;2026-01-01;KREISE;;06432;;KLASS;;A6;Elektro;4,3;%;PKWANT;Anteil am Pkw-Bestand, berechnet
46251;;;;2026-01-01;KREISE;;06432;;KLASS;;A7;sonstige Kraftstoffarten;0,0;%;PKWANT;Anteil am Pkw-Bestand, berechnet
46251;;;;2026-01-01;KREISE;;06433;Groß-Gerau, Landkreis;KLASS;;;Insgesamt;169151;Anzahl;W1;Personenkraftwagen nach Kraftstoffarten
46251;;;;2026-01-01;KREISE;;06433;;KLASS;;A1;Benzin;99648;Anzahl;W1;Personenkraftwagen nach Kraftstoffarten
46251;;;;2026-01-01;KREISE;;06433;;KLASS;;A2;Diesel;41844;Anzahl;W1;Personenkraftwagen nach Kraftstoffarten
46251;;;;2026-01-01;KREISE;;06433;;KLASS;;A3;Gas (einschl. bivalent);1088;Anzahl;W1;Personenkraftwagen nach Kraftstoffarten
46251;;;;2026-01-01;KREISE;;06433;;KLASS;;A4;Hybrid;16426;Anzahl;W1;Personenkraftwagen nach Kraftstoffarten
46251;;;;2026-01-01;KREISE;;06433;;KLASS;;A5;darunter Plug-In-Hybrid;4581;Anzahl;W1;Personenkraftwagen nach Kraftstoffarten
46251;;;;2026-01-01;KREISE;;06433;;KLASS;;A6;Elektro;10105;Anzahl;W1;Personenkraftwagen nach Kraftstoffarten
46251;;;;2026-01-01;KREISE;;06433;;KLASS;;A7;sonstige Kraftstoffarten;40;Anzahl;W1;Personenkraftwagen nach Kraftstoffarten
46251;;;;2026-01-01;KREISE;;06433;;;;;;629,7;;PKWEW;Pkw je 1.000 Einwohner, berechnet
46251;;;;2026-01-01;KREISE;;06433;;KLASS;;A1;Benzin;58,9;%;PKWANT;Anteil am Pkw-Bestand, berechnet
46251;;;;2026-01-01;KREISE;;06433;;KLASS;;A2;Diesel;24,7;%;PKWANT;Anteil am Pkw-Bestand, berechnet
46251;;;;2026-01-01;KREISE;;06433;;KLASS;;A3;Gas (einschl. bivalent);0,6;%;PKWANT;Anteil am Pkw-Bestand, berechnet
46251;;;;2026-01-01;KREISE;;06433;;KLASS;;A4;Hybrid;9,7;%;PKWANT;Anteil am Pkw-Bestand, berechnet
46251;;;;2026-01-01;KREISE;;06433;;KLASS;;A5;darunter Plug-In-Hybrid;2,7;%;PKWANT;Anteil am Pkw-Bestand, berechnet
46251;;;;2026-01-01;KREISE;;06433;;KLASS;;A6;Elektro;6,0;%;PKWANT;Anteil am Pkw-Bestand, berechnet
46251;;;;2026-01-01;KREISE;;06433;;KLASS;;A7;sonstige Kraftstoffarten;0,0;%;PKWANT;Anteil am Pkw-Bestand, berechnet
46251;;;;2026-01-01;KREISE;;06434;Hochtaunuskreis;KLASS;;;Insgesamt;166033;Anzahl;W1;Personenkraftwagen nach Kraftstoffarten
46251;;;;2026-01-01;KREISE;;06434;;KLASS;;A1;Benzin;94756;Anzahl;W1;Personenkraftwagen nach Kraftstoffarten
46251;;;;2026-01-01;KREISE;;06434;;KLASS;;A2;Diesel;37677;Anzahl;W1;Personenkraftwagen nach Kraftstoffarten
46251;;;;2026-01-01;KREISE;;06434;;KLASS;;A3;Gas (einschl. bivalent);796;Anzahl;W1;Personenkraftwagen nach Kraftstoffarten
46251;;;;2026-01-01;KREISE;;06434;;KLASS;;A4;Hybrid;24698;Anzahl;W1;Personenkraftwagen nach Kraftstoffarten
46251;;;;2026-01-01;KREISE;;06434;;KLASS;;A5;darunter Plug-In-Hybrid;5778;Anzahl;W1;Personenkraftwagen nach Kraftstoffarten
46251;;;;2026-01-01;KREISE;;06434;;KLASS;;A6;Elektro;8065;Anzahl;W1;Personenkraftwagen nach Kraftstoffarten
46251;;;;2026-01-01;KREISE;;06434;;KLASS;;A7;sonstige Kraftstoffarten;41;Anzahl;W1;Personenkraftwagen nach Kraftstoffarten
46251;;;;2026-01-01;KREISE;;06434;;;;;;686,9;;PKWEW;Pkw je 1.000 Einwohner, berechnet
46251;;;;2026-01-01;KREISE;;06434;;KLASS;;A1;Benzin;57,1;%;PKWANT;Anteil am Pkw-Bestand, berechnet
46251;;;;2026-01-01;KREISE;;06434;;KLASS;;A2;Diesel;22,7;%;PKWANT;Anteil am Pkw-Bestand, berechnet
46251;;;;2026-01-01;KREISE;;06434;;KLASS;;A3;Gas (einschl. bivalent);0,5;%;PKWANT;Anteil am Pkw-Bestand, berechnet
46251;;;;2026-01-01;KREISE;;06434;;KLASS;;A4;Hybrid;14,9;%;PKWANT;Anteil am Pkw-Bestand, berechnet
46251;;;;2026-01-01;KREISE;;06434;;KLASS;;A5;darunter Plug-In-Hybrid;3,5;%;PKWANT;Anteil am Pkw-Bestand, berechnet
46251;;;;2026-01-01;KREISE;;06434;;KLASS;;A6;Elektro;4,9;%;PKWANT;Anteil am Pkw-Bestand, berechnet
46251;;;;2026-01-01;KREISE;;06434;;KLASS;;A7;sonstige Kraftstoffarten;0,0;%;PKWANT;Anteil am Pkw-Bestand, berechnet
46251;;;;2026-01-01;KREISE;;06435;Main-Kinzig-Kreis;KLASS;;;Insgesamt;215580;Anzahl;W1;Personenkraftwagen nach Kraftstoffarten
46251;;;;2026-01-01;KREISE;;06435;;KLASS;;A1;Benzin;129242;Anzahl;W1;Personenkraftwagen nach Kraftstoffarten
46251;;;;2026-01-01;KREISE;;06435;;KLASS;;A2;Diesel;57918;Anzahl;W1;Personenkraftwagen nach Kraftstoffarten
46251;;;;2026-01-01;KREISE;;06435;;KLASS;;A3;Gas (einschl. bivalent);1278;Anzahl;W1;Personenkraftwagen nach Kraftstoffarten
46251;;;;2026-01-01;KREISE;;06435;;KLASS;;A4;Hybrid;19623;Anzahl;W1;Personenkraftwagen nach Kraftstoffarten
46251;;;;2026-01-01;KREISE;;06435;;KLASS;;A5;darunter Plug-In-Hybrid;4342;Anzahl;W1;Personenkraftwagen nach Kraftstoffarten
46251;;;;2026-01-01;KREISE;;06435;;KLASS;;A6;Elektro;7483;Anzahl;W1;Personenkraftwagen nach Kraftstoffarten
46251;;;;2026-01-01;KREISE;;06435;;KLASS;;A7;sonstige Kraftstoffarten;36;Anzahl;W1;Personenkraftwagen nach Kraftstoffarten
46251;;;;2026-01-01;KREISE;;06435;;;;;;511,9;;PKWEW;Pkw je 1.000 Einwohner, berechnet
46251;;;;2026-01-01;KREISE;;06435;;KLASS;;A1;Benzin;60,0;%;PKWANT;Anteil am Pkw-Bestand, berechnet
46251;;;;2026-01-01;KREISE;;06435;;KLASS;;A2;Diesel;26,9;%;PKWANT;Anteil am Pkw-Bestand, berechnet
46251;;;;2026-01-01;KREISE;;06435;;KLASS;;A3;Gas (einschl. bivalent);0,6;%;PKWANT;Anteil am Pkw-Bestand, berechnet
46251;;;;2026-01-01;KREISE;;06435;;KLASS;;A4;Hybrid;9,1;%;PKWANT;Anteil am Pkw-Bestand, berechnet
46251;;;;2026-01-01;KREISE;;06435;;KLASS;;A5;darunter Plug-In-Hybrid;2,0;%;PKWANT;Anteil am Pkw-Bestand, berechnet
46251;;;;2026-01-01;KREISE;;06435;;KLASS;;A6;Elektro;3,5;%;PKWANT;Anteil am Pkw-Bestand, berechnet
46251;;;;2026-01-01;KREISE;;06435;;KLASS;;A7;sonstige Kraftstoffarten;0,0;%;PKWANT;Anteil am Pkw-Bestand, berechnet
46251;;;;2026-01-01;KREISE;;06436;Main-Taunus-Kreis;KLASS;;;Insgesamt;183945;Anzahl;W1;Personenkraftwagen nach Kraftstoffarten
46251;;;;2026-01-01;KREISE;;06436;;KLASS;;A1;Benzin;108798;Anzahl;W1;Personenkraftwagen nach Kraftstoffarten
46251;;;;2026-01-01;KREISE;;06436;;KLASS;;A2;Diesel;40847;Anzahl;W1;Personenkraftwagen nach Kraftstoffarten
46251;;;;2026-01-01;KREISE;;06436;;KLASS;;A3;Gas (einschl. bivalent);752;Anzahl;W1;Personenkraftwagen nach Kraftstoffarten
46251;;;;2026-01-01;KREISE;;06436;;KLASS;;A4;Hybrid;25896;Anzahl;W1;Personenkraftwagen nach Kraftstoffarten
46251;;;;2026-01-01;KREISE;;06436;;KLASS;;A5;darunter Plug-In-Hybrid;4927;Anzahl;W1;Personenkraftwagen nach Kraftstoffarten
46251;;;;2026-01-01;KREISE;;06436;;KLASS;;A6;Elektro;7630;Anzahl;W1;Personenkraftwagen nach Kraftstoffarten
46251;;;;2026-01-01;KREISE;;06436;;KLASS;;A7;sonstige Kraftstoffarten;22;Anzahl;W1;Personenkraftwagen nach Kraftstoffarten
46251;;;;2026-01-01;KREISE;;06436;;;;;;770,3;;PKWEW;Pkw je 1.000 Einwohner, berechnet
46251;;;;2026-01-01;KREISE;;06436;;KLASS;;A1;Benzin;59,1;%;PKWANT;Anteil am Pkw-Bestand, berechnet
46251;;;;2026-01-01;KREISE;;06436;;KLASS;;A2;Diesel;22,2;%;PKWANT;Anteil am Pkw-Bestand, berechnet
46251;;;;2026-01-01;KREISE;;06436;;KLASS;;A3;Gas (einschl. bivalent);0,4;%;PKWANT;Anteil am Pkw-Bestand, berechnet
46251;;;;2026-01-01;KREISE;;06436;;KLASS;;A4;Hybrid;14,1;%;PKWANT;Anteil am Pkw-Bestand, berechnet
46251;;;;2026-01-01;KREISE;;06436;;KLASS;;A5;darunter Plug-In-Hybrid;2,7;%;PKWANT;Anteil am Pkw-Bestand, berechnet
46251;;;;2026-01-01;KREISE;;06436;;KLASS;;A6;Elektro;4,1;%;PKWANT;Anteil am Pkw-Bestand, berechnet
46251;;;;2026-01-01;KREISE;;06436;;KLASS;;A7;sonstige Kraftstoffarten;0,0;%;PKWANT;Anteil am Pkw-Bestand, berechnet
46251;;;;2026-01-01;KREISE;;06437;Odenwaldkreis;KLASS;;;Insgesamt;64144;Anzahl;W1;Personenkraftwagen nach Kraftstoffarten
46251;;;;2026-01-01;KREISE;;06437;;KLASS;;A1;Benzin;39314;Anzahl;W1;Personenkraftwagen nach Kraftstoffarten
46251;;;;2026-01-01;KREISE;;06437;;KLASS;;A2;Diesel;16719;Anzahl;W1;Personenkraftwagen nach Kraftstoffarten
46251;;;;2026-01-01;KREISE;;06437;;KLASS;;A3;Gas (einschl. bivalent);446;Anzahl;W1;Personenkraftwagen nach Kraftstoffarten
46251;;;;2026-01-01;KREISE;;06437;;KLASS;;A4;Hybrid;5478;Anzahl;W1;Personenkraftwagen nach Kraftstoffarten
46251;;;;2026-01-01;KREISE;;06437;;KLASS;;A5;darunter Plug-In-Hybrid;1289;Anzahl;W1;Personenkraftwagen nach Kraftstoffarten
46251;;;;2026-01-01;KREISE;;06437;;KLASS;;A6;Elektro;2184;Anzahl;W1;Personenkraftwagen nach Kraftstoffarten
46251;;;;2026-01-01;KREISE;;06437;;KLASS;;A7;sonstige Kraftstoffarten;3;Anzahl;W1;Personenkraftwagen nach Kraftstoffarten
46251;;;;2026-01-01;KREISE;;06437;;;;;;686,8;;PKWEW;Pkw je 1.000 Einwohner, berechnet
46251;;;;2026-01-01;KREISE;;06437;;KLASS;;A1;Benzin;61,3;%;PKWANT;Anteil am Pkw-Bestand, berechnet
46251;;;;2026-01-01;KREISE;;06437;;KLASS;;A2;Diesel;26,1;%;PKWANT;Anteil am Pkw-Bestand, berechnet
46251;;;;2026-01-01;KREISE;;06437;;KLASS;;A3;Gas (einschl. bivalent);0,7;%;PKWANT;Anteil am Pkw-Bestand, berechnet
46251;;;;2026-01-01;KREISE;;06437;;KLASS;;A4;Hybrid;8,5;%;PKWANT;Anteil am Pkw-Bestand, berechnet
46251;;;;2026-01-01;KREISE;;06437;;KLASS;;A5;darunter Plug-In-Hybrid;2,0;%;PKWANT;Anteil am Pkw-Bestand, berechnet
46251;;;;2026-01-01;KREISE;;06437;;KLASS;;A6;Elektro;3,4;%;PKWANT;Anteil am Pkw-Bestand, berechnet
46251;;;;2026-01-01;KREISE;;06437;;KLASS;;A7;sonstige Kraftstoffarten;0,0;%;PKWANT;Anteil am Pkw-Bestand, berechnet
46251;;;;2026-01-01;KREISE;;06438;Offenbach, Landkreis;KLASS;;;Insgesamt;222195;Anzahl;W1;Personenkraftwagen nach Kraftstoffarten
46251;;;;2026-01-01;KREISE;;06438;;KLASS;;A1;Benzin;135770;Anzahl;W1;Personenkraftwagen nach Kraftstoffarten
46251;;;;2026-01-01;KREISE;;06438;;KLASS;;A2;Diesel;53703;Anzahl;W1;Personenkraftwagen nach Kraftstoffarten
46251;;;;2026-01-01;KREISE;;06438;;KLASS;;A3;Gas (einschl. bivalent);1276;Anzahl;W1;Personenkraftwagen nach Kraftstoffarten
46251;;;;2026-01-01;KREISE;;06438;;KLASS;;A4;Hybrid;23150;Anzahl;W1;Personenkraftwagen nach Kraftstoffarten
46251;;;;2026-01-01;KREISE;;06438;;KLASS;;A5;darunter Plug-In-Hybrid;5621;Anzahl;W1;Personenkraftwagen nach Kraftstoffarten
46251;;;;2026-01-01;KREISE;;06438;;KLASS;;A6;Elektro;8258;Anzahl;W1;Personenkraftwagen nach Kraftstoffarten
46251;;;;2026-01-01;KREISE;;06438;;KLASS;;A7;sonstige Kraftstoffarten;38;Anzahl;W1;Personenkraftwagen nach Kraftstoffarten
46251;;;;2026-01-01;KREISE;;06438;;;;;;619,0;;PKWEW;Pkw je 1.000 Einwohner, berechnet
46251;;;;2026-01-01;KREISE;;06438;;KLASS;;A1;Benzin;61,1;%;PKWANT;Anteil am Pkw-Bestand, berechnet
46251;;;;2026-01-01;KREISE;;06438;;KLASS;;A2;Diesel;24,2;%;PKWANT;Anteil am Pkw-Bestand, berechnet
46251;;;;2026-01-01;KREISE;;06438;;KLASS;;A3;Gas (einschl. bivalent);0,6;%;PKWANT;Anteil am Pkw-Bestand, berechnet
46251;;;;2026-01-01;KREISE;;06438;;KLASS;;A4;Hybrid;10,4;%;PKWANT;Anteil am Pkw-Bestand, berechnet
46251;;;;2026-01-01;KREISE;;06438;;KLASS;;A5;darunter Plug-In-Hybrid;2,5;%;PKWANT;Anteil am Pkw-Bestand, berechnet
46251;;;;2026-01-01;KREISE;;06438;;KLASS;;A6;Elektro;3,7;%;PKWANT;Anteil am Pkw-Bestand, berechnet
46251;;;;2026-01-01;KREISE;;06438;;KLASS;;A7;sonstige Kraftstoffarten;0,0;%;PKWANT;Anteil am Pkw-Bestand, berechnet
46251;;;;2026-01-01;KREISE;;06439;Rheingau-Taunus-Kreis;KLASS;;;Insgesamt;124320;Anzahl;W1;Personenkraftwagen nach Kraftstoffarten
46251;;;;2026-01-01;KREISE;;06439;;KLASS;;A1;Benzin;76309;Anzahl;W1;Personenkraftwagen nach Kraftstoffarten
46251;;;;2026-01-01;KREISE;;06439;;KLASS;;A2;Diesel;30209;Anzahl;W1;Personenkraftwagen nach Kraftstoffarten
46251;;;;2026-01-01;KREISE;;06439;;KLASS;;A3;Gas (einschl. bivalent);862;Anzahl;W1;Personenkraftwagen nach Kraftstoffarten
46251;;;;2026-01-01;KREISE;;06439;;KLASS;;A4;Hybrid;11322;Anzahl;W1;Personenkraftwagen nach Kraftstoffarten
46251;;;;2026-01-01;KREISE;;06439;;KLASS;;A5;darunter Plug-In-Hybrid;2899;Anzahl;W1;Personenkraftwagen nach Kraftstoffarten
46251;;;;2026-01-01;KREISE;;06439;;KLASS;;A6;Elektro;5597;Anzahl;W1;Personenkraftwagen nach Kraftstoffarten
46251;;;;2026-01-01;KREISE;;06439;;KLASS;;A7;sonstige Kraftstoffarten;21;Anzahl;W1;Personenkraftwagen nach Kraftstoffarten
46251;;;;2026-01-01;KREISE;;06439;;;;;;670,7;;PKWEW;Pkw je 1.000 Einwohner, berechnet
46251;;;;2026-01-01;KREISE;;06439;;KLASS;;A1;Benzin;61,4;%;PKWANT;Anteil am Pkw-Bestand, berechnet
46251;;;;2026-01-01;KREISE;;06439;;KLASS;;A2;Diesel;24,3;%;PKWANT;Anteil am Pkw-Bestand, berechnet
46251;;;;2026-01-01;KREISE;;06439;;KLASS;;A3;Gas (einschl. bivalent);0,7;%;PKWANT;Anteil am Pkw-Bestand, berechnet
46251;;;;2026-01-01;KREISE;;06439;;KLASS;;A4;Hybrid;9,1;%;PKWANT;Anteil am Pkw-Bestand, berechnet
46251;;;;2026-01-01;KREISE;;06439;;KLASS;;A5;darunter Plug-In-Hybrid;2,3;%;PKWANT;Anteil am Pkw-Bestand, berechnet
46251;;;;2026-01-01;KREISE;;06439;;KLASS;;A6;Elektro;4,5;%;PKWANT;Anteil am Pkw-Bestand, berechnet
46251;;;;2026-01-01;KREISE;;06439;;KLASS;;A7;sonstige Kraftstoffarten;0,0;%;PKWANT;Anteil am Pkw-Bestand, berechnet
46251;;;;2026-01-01;KREISE;;06440;Wetteraukreis;KLASS;;;Insgesamt;200125;Anzahl;W1;Personenkraftwagen nach Kraftstoffarten
46251;;;;2026-01-01;KREISE;;06440;;KLASS;;A1;Benzin;120373;Anzahl;W1;Personenkraftwagen nach Kraftstoffarten
46251;;;;2026-01-01;KREISE;;06440;;KLASS;;A2;Diesel;51974;Anzahl;W1;Personenkraftwagen nach Kraftstoffarten
46251;;;;2026-01-01;KREISE;;06440;;KLASS;;A3;Gas (einschl. bivalent);1104;Anzahl;W1;Personenkraftwagen nach Kraftstoffarten
46251;;;;2026-01-01;KREISE;;06440;;KLASS;;A4;Hybrid;18555;Anzahl;W1;Personenkraftwagen nach Kraftstoffarten
46251;;;;2026-01-01;KREISE;;06440;;KLASS;;A5;darunter Plug-In-Hybrid;4847;Anzahl;W1;Personenkraftwagen nach Kraftstoffarten
46251;;;;2026-01-01;KREISE;;06440;;KLASS;;A6;Elektro;8090;Anzahl;W1;Personenkraftwagen nach Kraftstoffarten
46251;;;;2026-01-01;KREISE;;06440;;KLASS;;A7;sonstige Kraftstoffarten;29;Anzahl;W1;Personenkraftwagen nach Kraftstoffarten
46251;;;;2026-01-01;KREISE;;06440;;;;;;644,5;;PKWEW;Pkw je 1.000 Einwohner, berechnet
46251;;;;2026-01-01;KREISE;;06440;;KLASS;;A1;Benzin;60,1;%;PKWANT;Anteil am Pkw-Bestand, berechnet
46251;;;;2026-01-01;KREISE;;06440;;KLASS;;A2;Diesel;26,0;%;PKWANT;Anteil am Pkw-Bestand, berechnet
46251;;;;2026-01-01;KREISE;;06440;;KLASS;;A3;Gas (einschl. bivalent);0,6;%;PKWANT;Anteil am Pkw-Bestand, berechnet
46251;;;;2026-01-01;KREISE;;06440;;KLASS;;A4;Hybrid;9,3;%;PKWANT;Anteil am Pkw-Bestand, berechnet
46251;;;;2026-01-01;KREISE;;06440;;KLASS;;A5;darunter Plug-In-Hybrid;2,4;%;PKWANT;Anteil am Pkw-Bestand, berechnet
46251;;;;2026-01-01;KREISE;;06440;;KLASS;;A6;Elektro;4,0;%;PKWANT;Anteil am Pkw-Bestand, berechnet
46251;;;;2026-01-01;KREISE;;06440;;KLASS;;A7;sonstige Kraftstoffarten;0,0;%;PKWANT;Anteil am Pkw-Bestand, berechnet
46251;;;;2026-01-01;KREISE;;06531;Gießen, Landkreis;KLASS;;;Insgesamt;160732;Anzahl;W1;Personenkraftwagen nach Kraftstoffarten
46251;;;;2026-01-01;KREISE;;06531;;KLASS;;A1;Benzin;94644;Anzahl;W1;Personenkraftwagen nach Kraftstoffarten
46251;;;;2026-01-01;KREISE;;06531;;KLASS;;A2;Diesel;44688;Anzahl;W1;Personenkraftwagen nach Kraftstoffarten
46251;;;;2026-01-01;KREISE;;06531;;KLASS;;A3;Gas (einschl. bivalent);1165;Anzahl;W1;Personenkraftwagen nach Kraftstoffarten
46251;;;;2026-01-01;KREISE;;06531;;KLASS;;A4;Hybrid;13453;Anzahl;W1;Personenkraftwagen nach Kraftstoffarten
46251;;;;2026-01-01;KREISE;;06531;;KLASS;;A5;darunter Plug-In-Hybrid;3520;Anzahl;W1;Personenkraftwagen nach Kraftstoffarten
46251;;;;2026-01-01;KREISE;;06531;;KLASS;;A6;Elektro;6729;Anzahl;W1;Personenkraftwagen nach Kraftstoffarten
46251;;;;2026-01-01;KREISE;;06531;;KLASS;;A7;sonstige Kraftstoffarten;53;Anzahl;W1;Personenkraftwagen nach Kraftstoffarten
46251;;;;2026-01-01;KREISE;;06531;;;;;;601,4;;PKWEW;Pkw je 1.000 Einwohner, berechnet
46251;;;;2026-01-01;KREISE;;06531;;KLASS;;A1;Benzin;58,9;%;PKWANT;Anteil am Pkw-Bestand, berechnet
46251;;;;2026-01-01;KREISE;;06531;;KLASS;;A2;Diesel;27,8;%;PKWANT;Anteil am Pkw-Bestand, berechnet
46251;;;;2026-01-01;KREISE;;06531;;KLASS;;A3;Gas (einschl. bivalent);0,7;%;PKWANT;Anteil am Pkw-Bestand, berechnet
46251;;;;2026-01-01;KREISE;;06531;;KLASS;;A4;Hybrid;8,4;%;PKWANT;Anteil am Pkw-Bestand, berechnet
46251;;;;2026-01-01;KREISE;;06531;;KLASS;;A5;darunter Plug-In-Hybrid;2,2;%;PKWANT;Anteil am Pkw-Bestand, berechnet
46251;;;;2026-01-01;KREISE;;06531;;KLASS;;A6;Elektro;4,2;%;PKWANT;Anteil am Pkw-Bestand, berechnet
46251;;;;2026-01-01;KREISE;;06531;;KLASS;;A7;sonstige Kraftstoffarten;0,0;%;PKWANT;Anteil am Pkw-Bestand, berechnet
46251;;;;2026-01-01;KREISE;;06532;Lahn-Dill-Kreis;KLASS;;;Insgesamt;168834;Anzahl;W1;Personenkraftwagen nach Kraftstoffarten
46251;;;;2026-01-01;KREISE;;06532;;KLASS;;A1;Benzin;100880;Anzahl;W1;Personenkraftwagen nach Kraftstoffarten
46251;;;;2026-01-01;KREISE;;06532;;KLASS;;A2;Diesel;46879;Anzahl;W1;Personenkraftwagen nach Kraftstoffarten
46251;;;;2026-01-01;KREISE;;06532;;KLASS;;A3;Gas (einschl. bivalent);1064;Anzahl;W1;Personenkraftwagen nach Kraftstoffarten
46251;;;;2026-01-01;KREISE;;06532;;KLASS;;A4;Hybrid;13803;Anzahl;W1;Personenkraftwagen nach Kraftstoffarten
46251;;;;2026-01-01;KREISE;;06532;;KLASS;;A5;darunter Plug-In-Hybrid;3756;Anzahl;W1;Personenkraftwagen nach Kraftstoffarten
46251;;;;2026-01-01;KREISE;;06532;;KLASS;;A6;Elektro;6176;Anzahl;W1;Personenkraftwagen nach Kraftstoffarten
46251;;;;2026-01-01;KREISE;;06532;;KLASS;;A7;sonstige Kraftstoffarten;32;Anzahl;W1;Personenkraftwagen nach Kraftstoffarten
46251;;;;2026-01-01;KREISE;;06532;;;;;;666,2;;PKWEW;Pkw je 1.000 Einwohner, berechnet
46251;;;;2026-01-01;KREISE;;06532;;KLASS;;A1;Benzin;59,8;%;PKWANT;Anteil am Pkw-Bestand, berechnet
46251;;;;2026-01-01;KREISE;;06532;;KLASS;;A2;Diesel;27,8;%;PKWANT;Anteil am Pkw-Bestand, berechnet
46251;;;;2026-01-01;KREISE;;06532;;KLASS;;A3;Gas (einschl. bivalent);0,6;%;PKWANT;Anteil am Pkw-Bestand, berechnet
46251;;;;2026-01-01;KREISE;;06532;;KLASS;;A4;Hybrid;8,2;%;PKWANT;Anteil am Pkw-Bestand, berechnet
46251;;;;2026-01-01;KREISE;;06532;;KLASS;;A5;darunter Plug-In-Hybrid;2,2;%;PKWANT;Anteil am Pkw-Bestand, berechnet
46251;;;;2026-01-01;KREISE;;06532;;KLASS;;A6;Elektro;3,7;%;PKWANT;Anteil am Pkw-Bestand, berechnet
46251;;;;2026-01-01;KREISE;;06532;;KLASS;;A7;sonstige Kraftstoffarten;0,0;%;PKWANT;Anteil am Pkw-Bestand, berechnet
46251;;;;2026-01-01;KREISE;;06533;Limburg-Weilburg, Landkreis;KLASS;;;Insgesamt;116701;Anzahl;W1;Personenkraftwagen nach Kraftstoffarten
46251;;;;2026-01-01;KREISE;;06533;;KLASS;;A1;Benzin;69451;Anzahl;W1;Personenkraftwagen nach Kraftstoffarten
46251;;;;2026-01-01;KREISE;;06533;;KLASS;;A2;Diesel;31699;Anzahl;W1;Personenkraftwagen nach Kraftstoffarten
46251;;;;2026-01-01;KREISE;;06533;;KLASS;;A3;Gas (einschl. bivalent);1001;Anzahl;W1;Personenkraftwagen nach Kraftstoffarten
46251;;;;2026-01-01;KREISE;;06533;;KLASS;;A4;Hybrid;9669;Anzahl;W1;Personenkraftwagen nach Kraftstoffarten
46251;;;;2026-01-01;KREISE;;06533;;KLASS;;A5;darunter Plug-In-Hybrid;2654;Anzahl;W1;Personenkraftwagen nach Kraftstoffarten
46251;;;;2026-01-01;KREISE;;06533;;KLASS;;A6;Elektro;4855;Anzahl;W1;Personenkraftwagen nach Kraftstoffarten
46251;;;;2026-01-01;KREISE;;06533;;KLASS;;A7;sonstige Kraftstoffarten;26;Anzahl;W1;Personenkraftwagen nach Kraftstoffarten
46251;;;;2026-01-01;KREISE;;06533;;;;;;674,6;;PKWEW;Pkw je 1.000 Einwohner, berechnet
46251;;;;2026-01-01;KREISE;;06533;;KLASS;;A1;Benzin;59,5;%;PKWANT;Anteil am Pkw-Bestand, berechnet
46251;;;;2026-01-01;KREISE;;06533;;KLASS;;A2;Diesel;27,2;%;PKWANT;Anteil am Pkw-Bestand, berechnet
46251;;;;2026-01-01;KREISE;;06533;;KLASS;;A3;Gas (einschl. bivalent);0,9;%;PKWANT;Anteil am Pkw-Bestand, berechnet
46251;;;;2026-01-01;KREISE;;06533;;KLASS;;A4;Hybrid;8,3;%;PKWANT;Anteil am Pkw-Bestand, berechnet
46251;;;;2026-01-01;KREISE;;06533;;KLASS;;A5;darunter Plug-In-Hybrid;2,3;%;PKWANT;Anteil am Pkw-Bestand, berechnet
46251;;;;2026-01-01;KREISE;;06533;;KLASS;;A6;Elektro;4,2;%;PKWANT;Anteil am Pkw-Bestand, berechnet
46251;;;;2026-01-01;KREISE;;06533;;KLASS;;A7;sonstige Kraftstoffarten;0,0;%;PKWANT;Anteil am Pkw-Bestand, berechnet
46251;;;;2026-01-01;KREISE;;06534;Marburg-Biedenkopf, Landkreis;KLASS;;;Insgesamt;148770;Anzahl;W1;Personenkraftwagen nach Kraftstoffarten
46251;;;;2026-01-01;KREISE;;06534;;KLASS;;A1;Benzin;91418;Anzahl;W1;Personenkraftwagen nach Kraftstoffarten
46251;;;;2026-01-01;KREISE;;06534;;KLASS;;A2;Diesel;40499;Anzahl;W1;Personenkraftwagen nach Kraftstoffarten
46251;;;;2026-01-01;KREISE;;06534;;KLASS;;A3;Gas (einschl. bivalent);917;Anzahl;W1;Personenkraftwagen nach Kraftstoffarten
46251;;;;2026-01-01;KREISE;;06534;;KLASS;;A4;Hybrid;10538;Anzahl;W1;Personenkraftwagen nach Kraftstoffarten
46251;;;;2026-01-01;KREISE;;06534;;KLASS;;A5;darunter Plug-In-Hybrid;2561;Anzahl;W1;Personenkraftwagen nach Kraftstoffarten
46251;;;;2026-01-01;KREISE;;06534;;KLASS;;A6;Elektro;5382;Anzahl;W1;Personenkraftwagen nach Kraftstoffarten
46251;;;;2026-01-01;KREISE;;06534;;KLASS;;A7;sonstige Kraftstoffarten;16;Anzahl;W1;Personenkraftwagen nach Kraftstoffarten
46251;;;;2026-01-01;KREISE;;06534;;;;;;612,9;;PKWEW;Pkw je 1.000 Einwohner, berechnet
46251;;;;2026-01-01;KREISE;;06534;;KLASS;;A1;Benzin;61,4;%;PKWANT;Anteil am Pkw-Bestand, berechnet
46251;;;;2026-01-01;KREISE;;06534;;KLASS;;A2;Diesel;27,2;%;PKWANT;Anteil am Pkw-Bestand, berechnet
46251;;;;2026-01-01;KREISE;;06534;;KLASS;;A3;Gas (einschl. bivalent);0,6;%;PKWANT;Anteil am Pkw-Bestand, berechnet
46251;;;;2026-01-01;KREISE;;06534;;KLASS;;A4;Hybrid;7,1;%;PKWANT;Anteil am Pkw-Bestand, berechnet
46251;;;;2026-01-01;KREISE;;06534;;KLASS;;A5;darunter Plug-In-Hybrid;1,7;%;PKWANT;Anteil am Pkw-Bestand, berechnet
46251;;;;2026-01-01;KREISE;;06534;;KLASS;;A6;Elektro;3,6;%;PKWANT;Anteil am Pkw-Bestand, berechnet
46251;;;;2026-01-01;KREISE;;06534;;KLASS;;A7;sonstige Kraftstoffarten;0,0;%;PKWANT;Anteil am Pkw-Bestand, berechnet
46251;;;;2026-01-01;KREISE;;06535;Vogelsbergkreis;KLASS;;;Insgesamt;74276;Anzahl;W1;Personenkraftwagen nach Kraftstoffarten
46251;;;;2026-01-01;KREISE;;06535;;KLASS;;A1;Benzin;43914;Anzahl;W1;Personenkraftwagen nach Kraftstoffarten
46251;;;;2026-01-01;KREISE;;06535;;KLASS;;A2;Diesel;22285;Anzahl;W1;Personenkraftwagen nach Kraftstoffarten
46251;;;;2026-01-01;KREISE;;06535;;KLASS;;A3;Gas (einschl. bivalent);477;Anzahl;W1;Personenkraftwagen nach Kraftstoffarten
46251;;;;2026-01-01;KREISE;;06535;;KLASS;;A4;Hybrid;5116;Anzahl;W1;Personenkraftwagen nach Kraftstoffarten
46251;;;;2026-01-01;KREISE;;06535;;KLASS;;A5;darunter Plug-In-Hybrid;1219;Anzahl;W1;Personenkraftwagen nach Kraftstoffarten
46251;;;;2026-01-01;KREISE;;06535;;KLASS;;A6;Elektro;2470;Anzahl;W1;Personenkraftwagen nach Kraftstoffarten
46251;;;;2026-01-01;KREISE;;06535;;KLASS;;A7;sonstige Kraftstoffarten;14;Anzahl;W1;Personenkraftwagen nach Kraftstoffarten
46251;;;;2026-01-01;KREISE;;06535;;;;;;737,4;;PKWEW;Pkw je 1.000 Einwohner, berechnet
46251;;;;2026-01-01;KREISE;;06535;;KLASS;;A1;Benzin;59,1;%;PKWANT;Anteil am Pkw-Bestand, berechnet
46251;;;;2026-01-01;KREISE;;06535;;KLASS;;A2;Diesel;30,0;%;PKWANT;Anteil am Pkw-Bestand, berechnet
46251;;;;2026-01-01;KREISE;;06535;;KLASS;;A3;Gas (einschl. bivalent);0,6;%;PKWANT;Anteil am Pkw-Bestand, berechnet
46251;;;;2026-01-01;KREISE;;06535;;KLASS;;A4;Hybrid;6,9;%;PKWANT;Anteil am Pkw-Bestand, berechnet
46251;;;;2026-01-01;KREISE;;06535;;KLASS;;A5;darunter Plug-In-Hybrid;1,6;%;PKWANT;Anteil am Pkw-Bestand, berechnet
46251;;;;2026-01-01;KREISE;;06535;;KLASS;;A6;Elektro;3,3;%;PKWANT;Anteil am Pkw-Bestand, berechnet
46251;;;;2026-01-01;KREISE;;06535;;KLASS;;A7;sonstige Kraftstoffarten;0,0;%;PKWANT;Anteil am Pkw-Bestand, berechnet
46251;;;;2026-01-01;KREISE;;06611;Kassel, kreisfreie Stadt, documenta-Stadt;KLASS;;;Insgesamt;91782;Anzahl;W1;Personenkraftwagen nach Kraftstoffarten
46251;;;;2026-01-01;KREISE;;06611;;KLASS;;A1;Benzin;53617;Anzahl;W1;Personenkraftwagen nach Kraftstoffarten
46251;;;;2026-01-01;KREISE;;06611;;KLASS;;A2;Diesel;24734;Anzahl;W1;Personenkraftwagen nach Kraftstoffarten
46251;;;;2026-01-01;KREISE;;06611;;KLASS;;A3;Gas (einschl. bivalent);751;Anzahl;W1;Personenkraftwagen nach Kraftstoffarten
46251;;;;2026-01-01;KREISE;;06611;;KLASS;;A4;Hybrid;8423;Anzahl;W1;Personenkraftwagen nach Kraftstoffarten
46251;;;;2026-01-01;KREISE;;06611;;KLASS;;A5;darunter Plug-In-Hybrid;2432;Anzahl;W1;Personenkraftwagen nach Kraftstoffarten
46251;;;;2026-01-01;KREISE;;06611;;KLASS;;A6;Elektro;4240;Anzahl;W1;Personenkraftwagen nach Kraftstoffarten
46251;;;;2026-01-01;KREISE;;06611;;KLASS;;A7;sonstige Kraftstoffarten;17;Anzahl;W1;Personenkraftwagen nach Kraftstoffarten
46251;;;;2026-01-01;KREISE;;06611;;;;;;466,4;;PKWEW;Pkw je 1.000 Einwohner, berechnet
46251;;;;2026-01-01;KREISE;;06611;;KLASS;;A1;Benzin;58,4;%;PKWANT;Anteil am Pkw-Bestand, berechnet
46251;;;;2026-01-01;KREISE;;06611;;KLASS;;A2;Diesel;26,9;%;PKWANT;Anteil am Pkw-Bestand, berechnet
46251;;;;2026-01-01;KREISE;;06611;;KLASS;;A3;Gas (einschl. bivalent);0,8;%;PKWANT;Anteil am Pkw-Bestand, berechnet
46251;;;;2026-01-01;KREISE;;06611;;KLASS;;A4;Hybrid;9,2;%;PKWANT;Anteil am Pkw-Bestand, berechnet
46251;;;;2026-01-01;KREISE;;06611;;KLASS;;A5;darunter Plug-In-Hybrid;2,6;%;PKWANT;Anteil am Pkw-Bestand, berechnet
46251;;;;2026-01-01;KREISE;;06611;;KLASS;;A6;Elektro;4,6;%;PKWANT;Anteil am Pkw-Bestand, berechnet
46251;;;;2026-01-01;KREISE;;06611;;KLASS;;A7;sonstige Kraftstoffarten;0,0;%;PKWANT;Anteil am Pkw-Bestand, berechnet
46251;;;;2026-01-01;KREISE;;06631;Fulda, Landkreis;KLASS;;;Insgesamt;149190;Anzahl;W1;Personenkraftwagen nach Kraftstoffarten
46251;;;;2026-01-01;KREISE;;06631;;KLASS;;A1;Benzin;84777;Anzahl;W1;Personenkraftwagen nach Kraftstoffarten
46251;;;;2026-01-01;KREISE;;06631;;KLASS;;A2;Diesel;45909;Anzahl;W1;Personenkraftwagen nach Kraftstoffarten
46251;;;;2026-01-01;KREISE;;06631;;KLASS;;A3;Gas (einschl. bivalent);916;Anzahl;W1;Personenkraftwagen nach Kraftstoffarten
46251;;;;2026-01-01;KREISE;;06631;;KLASS;;A4;Hybrid;11392;Anzahl;W1;Personenkraftwagen nach Kraftstoffarten
46251;;;;2026-01-01;KREISE;;06631;;KLASS;;A5;darunter Plug-In-Hybrid;2819;Anzahl;W1;Personenkraftwagen nach Kraftstoffarten
46251;;;;2026-01-01;KREISE;;06631;;KLASS;;A6;Elektro;6175;Anzahl;W1;Personenkraftwagen nach Kraftstoffarten
46251;;;;2026-01-01;KREISE;;06631;;KLASS;;A7;sonstige Kraftstoffarten;21;Anzahl;W1;Personenkraftwagen nach Kraftstoffarten
46251;;;;2026-01-01;KREISE;;06631;;;;;;671,4;;PKWEW;Pkw je 1.000 Einwohner, berechnet
46251;;;;2026-01-01;KREISE;;06631;;KLASS;;A1;Benzin;56,8;%;PKWANT;Anteil am Pkw-Bestand, berechnet
46251;;;;2026-01-01;KREISE;;06631;;KLASS;;A2;Diesel;30,8;%;PKWANT;Anteil am Pkw-Bestand, berechnet
46251;;;;2026-01-01;KREISE;;06631;;KLASS;;A3;Gas (einschl. bivalent);0,6;%;PKWANT;Anteil am Pkw-Bestand, berechnet
46251;;;;2026-01-01;KREISE;;06631;;KLASS;;A4;Hybrid;7,6;%;PKWANT;Anteil am Pkw-Bestand, berechnet
46251;;;;2026-01-01;KREISE;;06631;;KLASS;;A5;darunter Plug-In-Hybrid;1,9;%;PKWANT;Anteil am Pkw-Bestand, berechnet
46251;;;;2026-01-01;KREISE;;06631;;KLASS;;A6;Elektro;4,1;%;PKWANT;Anteil am Pkw-Bestand, berechnet
46251;;;;2026-01-01;KREISE;;06631;;KLASS;;A7;sonstige Kraftstoffarten;0,0;%;PKWANT;Anteil am Pkw-Bestand, berechnet
46251;;;;2026-01-01;KREISE;;06632;Hersfeld-Rotenburg, Landkreis;KLASS;;;Insgesamt;81134;Anzahl;W1;Personenkraftwagen nach Kraftstoffarten
46251;;;;2026-01-01;KREISE;;06632;;KLASS;;A1;Benzin;47481;Anzahl;W1;Personenkraftwagen nach Kraftstoffarten
46251;;;;2026-01-01;KREISE;;06632;;KLASS;;A2;Diesel;25339;Anzahl;W1;Personenkraftwagen nach Kraftstoffarten
46251;;;;2026-01-01;KREISE;;06632;;KLASS;;A3;Gas (einschl. bivalent);619;Anzahl;W1;Personenkraftwagen nach Kraftstoffarten
46251;;;;2026-01-01;KREISE;;06632;;KLASS;;A4;Hybrid;4903;Anzahl;W1;Personenkraftwagen nach Kraftstoffarten
46251;;;;2026-01-01;KREISE;;06632;;KLASS;;A5;darunter Plug-In-Hybrid;1359;Anzahl;W1;Personenkraftwagen nach Kraftstoffarten
46251;;;;2026-01-01;KREISE;;06632;;KLASS;;A6;Elektro;2775;Anzahl;W1;Personenkraftwagen nach Kraftstoffarten
46251;;;;2026-01-01;KREISE;;06632;;KLASS;;A7;sonstige Kraftstoffarten;17;Anzahl;W1;Personenkraftwagen nach Kraftstoffarten
46251;;;;2026-01-01;KREISE;;06632;;;;;;694,0;;PKWEW;Pkw je 1.000 Einwohner, berechnet
46251;;;;2026-01-01;KREISE;;06632;;KLASS;;A1;Benzin;58,5;%;PKWANT;Anteil am Pkw-Bestand, berechnet
46251;;;;2026-01-01;KREISE;;06632;;KLASS;;A2;Diesel;31,2;%;PKWANT;Anteil am Pkw-Bestand, berechnet
46251;;;;2026-01-01;KREISE;;06632;;KLASS;;A3;Gas (einschl. bivalent);0,8;%;PKWANT;Anteil am Pkw-Bestand, berechnet
46251;;;;2026-01-01;KREISE;;06632;;KLASS;;A4;Hybrid;6,0;%;PKWANT;Anteil am Pkw-Bestand, berechnet
46251;;;;2026-01-01;KREISE;;06632;;KLASS;;A5;darunter Plug-In-Hybrid;1,7;%;PKWANT;Anteil am Pkw-Bestand, berechnet
46251;;;;2026-01-01;KREISE;;06632;;KLASS;;A6;Elektro;3,4;%;PKWANT;Anteil am Pkw-Bestand, berechnet
46251;;;;2026-01-01;KREISE;;06632;;KLASS;;A7;sonstige Kraftstoffarten;0,0;%;PKWANT;Anteil am Pkw-Bestand, berechnet
46251;;;;2026-01-01;KREISE;;06633;Kassel, Landkreis;KLASS;;;Insgesamt;154488;Anzahl;W1;Personenkraftwagen nach Kraftstoffarten
46251;;;;2026-01-01;KREISE;;06633;;KLASS;;A1;Benzin;94475;Anzahl;W1;Personenkraftwagen nach Kraftstoffarten
46251;;;;2026-01-01;KREISE;;06633;;KLASS;;A2;Diesel;39662;Anzahl;W1;Personenkraftwagen nach Kraftstoffarten
46251;;;;2026-01-01;KREISE;;06633;;KLASS;;A3;Gas (einschl. bivalent);1256;Anzahl;W1;Personenkraftwagen nach Kraftstoffarten
46251;;;;2026-01-01;KREISE;;06633;;KLASS;;A4;Hybrid;11928;Anzahl;W1;Personenkraftwagen nach Kraftstoffarten
46251;;;;2026-01-01;KREISE;;06633;;KLASS;;A5;darunter Plug-In-Hybrid;3125;Anzahl;W1;Personenkraftwagen nach Kraftstoffarten
46251;;;;2026-01-01;KREISE;;06633;;KLASS;;A6;Elektro;7141;Anzahl;W1;Personenkraftwagen nach Kraftstoffarten
46251;;;;2026-01-01;KREISE;;06633;;KLASS;;A7;sonstige Kraftstoffarten;26;Anzahl;W1;Personenkraftwagen nach Kraftstoffarten
46251;;;;2026-01-01;KREISE;;06633;;;;;;671,5;;PKWEW;Pkw je 1.000 Einwohner, berechnet
46251;;;;2026-01-01;KREISE;;06633;;KLASS;;A1;Benzin;61,2;%;PKWANT;Anteil am Pkw-Bestand, berechnet
46251;;;;2026-01-01;KREISE;;06633;;KLASS;;A2;Diesel;25,7;%;PKWANT;Anteil am Pkw-Bestand, berechnet
46251;;;;2026-01-01;KREISE;;06633;;KLASS;;A3;Gas (einschl. bivalent);0,8;%;PKWANT;Anteil am Pkw-Bestand, berechnet
46251;;;;2026-01-01;KREISE;;06633;;KLASS;;A4;Hybrid;7,7;%;PKWANT;Anteil am Pkw-Bestand, berechnet
46251;;;;2026-01-01;KREISE;;06633;;KLASS;;A5;darunter Plug-In-Hybrid;2,0;%;PKWANT;Anteil am Pkw-Bestand, berechnet
46251;;;;2026-01-01;KREISE;;06633;;KLASS;;A6;Elektro;4,6;%;PKWANT;Anteil am Pkw-Bestand, berechnet
46251;;;;2026-01-01;KREISE;;06633;;KLASS;;A7;sonstige Kraftstoffarten;0,0;%;PKWANT;Anteil am Pkw-Bestand, berechnet
46251;;;;2026-01-01;KREISE;;06634;Schwalm-Eder-Kreis;KLASS;;;Insgesamt;123097;Anzahl;W1;Personenkraftwagen nach Kraftstoffarten
46251;;;;2026-01-01;KREISE;;06634;;KLASS;;A1;Benzin;72983;Anzahl;W1;Personenkraftwagen nach Kraftstoffarten
46251;;;;2026-01-01;KREISE;;06634;;KLASS;;A2;Diesel;35128;Anzahl;W1;Personenkraftwagen nach Kraftstoffarten
46251;;;;2026-01-01;KREISE;;06634;;KLASS;;A3;Gas (einschl. bivalent);1247;Anzahl;W1;Personenkraftwagen nach Kraftstoffarten
46251;;;;2026-01-01;KREISE;;06634;;KLASS;;A4;Hybrid;8626;Anzahl;W1;Personenkraftwagen nach Kraftstoffarten
46251;;;;2026-01-01;KREISE;;06634;;KLASS;;A5;darunter Plug-In-Hybrid;1951;Anzahl;W1;Personenkraftwagen nach Kraftstoffarten
46251;;;;2026-01-01;KREISE;;06634;;KLASS;;A6;Elektro;5095;Anzahl;W1;Personenkraftwagen nach Kraftstoffarten
46251;;;;2026-01-01;KREISE;;06634;;KLASS;;A7;sonstige Kraftstoffarten;18;Anzahl;W1;Personenkraftwagen nach Kraftstoffarten
46251;;;;2026-01-01;KREISE;;06634;;;;;;686,1;;PKWEW;Pkw je 1.000 Einwohner, berechnet
46251;;;;2026-01-01;KREISE;;06634;;KLASS;;A1;Benzin;59,3;%;PKWANT;Anteil am Pkw-Bestand, berechnet
46251;;;;2026-01-01;KREISE;;06634;;KLASS;;A2;Diesel;28,5;%;PKWANT;Anteil am Pkw-Bestand, berechnet
46251;;;;2026-01-01;KREISE;;06634;;KLASS;;A3;Gas (einschl. bivalent);1,0;%;PKWANT;Anteil am Pkw-Bestand, berechnet
46251;;;;2026-01-01;KREISE;;06634;;KLASS;;A4;Hybrid;7,0;%;PKWANT;Anteil am Pkw-Bestand, berechnet
46251;;;;2026-01-01;KREISE;;06634;;KLASS;;A5;darunter Plug-In-Hybrid;1,6;%;PKWANT;Anteil am Pkw-Bestand, berechnet
46251;;;;2026-01-01;KREISE;;06634;;KLASS;;A6;Elektro;4,1;%;PKWANT;Anteil am Pkw-Bestand, berechnet
46251;;;;2026-01-01;KREISE;;06634;;KLASS;;A7;sonstige Kraftstoffarten;0,0;%;PKWANT;Anteil am Pkw-Bestand, berechnet
46251;;;;2026-01-01;KREISE;;06635;Waldeck-Frankenberg, Landkreis;KLASS;;;Insgesamt;108140;Anzahl;W1;Personenkraftwagen nach Kraftstoffarten
46251;;;;2026-01-01;KREISE;;06635;;KLASS;;A1;Benzin;63957;Anzahl;W1;Personenkraftwagen nach Kraftstoffarten
46251;;;;2026-01-01;KREISE;;06635;;KLASS;;A2;Diesel;31594;Anzahl;W1;Personenkraftwagen nach Kraftstoffarten
46251;;;;2026-01-01;KREISE;;06635;;KLASS;;A3;Gas (einschl. bivalent);897;Anzahl;W1;Personenkraftwagen nach Kraftstoffarten
46251;;;;2026-01-01;KREISE;;06635;;KLASS;;A4;Hybrid;7492;Anzahl;W1;Personenkraftwagen nach Kraftstoffarten
46251;;;;2026-01-01;KREISE;;06635;;KLASS;;A5;darunter Plug-In-Hybrid;1766;Anzahl;W1;Personenkraftwagen nach Kraftstoffarten
46251;;;;2026-01-01;KREISE;;06635;;KLASS;;A6;Elektro;4188;Anzahl;W1;Personenkraftwagen nach Kraftstoffarten
46251;;;;2026-01-01;KREISE;;06635;;KLASS;;A7;sonstige Kraftstoffarten;12;Anzahl;W1;Personenkraftwagen nach Kraftstoffarten
46251;;;;2026-01-01;KREISE;;06635;;;;;;700,2;;PKWEW;Pkw je 1.000 Einwohner, berechnet
46251;;;;2026-01-01;KREISE;;06635;;KLASS;;A1;Benzin;59,1;%;PKWANT;Anteil am Pkw-Bestand, berechnet
46251;;;;2026-01-01;KREISE;;06635;;KLASS;;A2;Diesel;29,2;%;PKWANT;Anteil am Pkw-Bestand, berechnet
46251;;;;2026-01-01;KREISE;;06635;;KLASS;;A3;Gas (einschl. bivalent);0,8;%;PKWANT;Anteil am Pkw-Bestand, berechnet
46251;;;;2026-01-01;KREISE;;06635;;KLASS;;A4;Hybrid;6,9;%;PKWANT;Anteil am Pkw-Bestand, berechnet
46251;;;;2026-01-01;KREISE;;06635;;KLASS;;A5;darunter Plug-In-Hybrid;1,6;%;PKWANT;Anteil am Pkw-Bestand, berechnet
46251;;;;2026-01-01;KREISE;;06635;;KLASS;;A6;Elektro;3,9;%;PKWANT;Anteil am Pkw-Bestand, berechnet
46251;;;;2026-01-01;KREISE;;06635;;KLASS;;A7;sonstige Kraftstoffarten;0,0;%;PKWANT;Anteil am Pkw-Bestand, berechnet
46251;;;;2026-01-01;KREISE;;06636;Werra-Meißner-Kreis;KLASS;;;Insgesamt;63895;Anzahl;W1;Personenkraftwagen nach Kraftstoffarten
46251;;;;2026-01-01;KREISE;;06636;;KLASS;;A1;Benzin;37973;Anzahl;W1;Personenkraftwagen nach Kraftstoffarten
46251;;;;2026-01-01;KREISE;;06636;;KLASS;;A2;Diesel;19288;Anzahl;W1;Personenkraftwagen nach Kraftstoffarten
46251;;;;2026-01-01;KREISE;;06636;;KLASS;;A3;Gas (einschl. bivalent);571;Anzahl;W1;Personenkraftwagen nach Kraftstoffarten
46251;;;;2026-01-01;KREISE;;06636;;KLASS;;A4;Hybrid;3906;Anzahl;W1;Personenkraftwagen nach Kraftstoffarten
46251;;;;2026-01-01;KREISE;;06636;;KLASS;;A5;darunter Plug-In-Hybrid;1023;Anzahl;W1;Personenkraftwagen nach Kraftstoffarten
46251;;;;2026-01-01;KREISE;;06636;;KLASS;;A6;Elektro;2146;Anzahl;W1;Personenkraftwagen nach Kraftstoffarten
46251;;;;2026-01-01;KREISE;;06636;;KLASS;;A7;sonstige Kraftstoffarten;11;Anzahl;W1;Personenkraftwagen nach Kraftstoffarten
46251;;;;2026-01-01;KREISE;;06636;;;;;;655,8;;PKWEW;Pkw je 1.000 Einwohner, berechnet
46251;;;;2026-01-01;KREISE;;06636;;KLASS;;A1;Benzin;59,4;%;PKWANT;Anteil am Pkw-Bestand, berechnet
46251;;;;2026-01-01;KREISE;;06636;;KLASS;;A2;Diesel;30,2;%;PKWANT;Anteil am Pkw-Bestand, berechnet
46251;;;;2026-01-01;KREISE;;06636;;KLASS;;A3;Gas (einschl. bivalent);0,9;%;PKWANT;Anteil am Pkw-Bestand, berechnet
46251;;;;2026-01-01;KREISE;;06636;;KLASS;;A4;Hybrid;6,1;%;PKWANT;Anteil am Pkw-Bestand, berechnet
46251;;;;2026-01-01;KREISE;;06636;;KLASS;;A5;darunter Plug-In-Hybrid;1,6;%;PKWANT;Anteil am Pkw-Bestand, berechnet
46251;;;;2026-01-01;KREISE;;06636;;KLASS;;A6;Elektro;3,4;%;PKWANT;Anteil am Pkw-Bestand, berechnet
46251;;;;2026-01-01;KREISE;;06636;;KLASS;;A7;sonstige Kraftstoffarten;0,0;%;PKWANT;Anteil am Pkw-Bestand, berechnet
46251;;;;2026-01-01;KREISE;;07111;Koblenz, kreisfreie Stadt;KLASS;;;Insgesamt;64908;Anzahl;W1;Personenkraftwagen nach Kraftstoffarten
46251;;;;2026-01-01;KREISE;;07111;;KLASS;;A1;Benzin;37400;Anzahl;W1;Personenkraftwagen nach Kraftstoffarten
46251;;;;2026-01-01;KREISE;;07111;;KLASS;;A2;Diesel;17536;Anzahl;W1;Personenkraftwagen nach Kraftstoffarten
46251;;;;2026-01-01;KREISE;;07111;;KLASS;;A3;Gas (einschl. bivalent);364;Anzahl;W1;Personenkraftwagen nach Kraftstoffarten
46251;;;;2026-01-01;KREISE;;07111;;KLASS;;A4;Hybrid;6215;Anzahl;W1;Personenkraftwagen nach Kraftstoffarten
46251;;;;2026-01-01;KREISE;;07111;;KLASS;;A5;darunter Plug-In-Hybrid;2065;Anzahl;W1;Personenkraftwagen nach Kraftstoffarten
46251;;;;2026-01-01;KREISE;;07111;;KLASS;;A6;Elektro;3384;Anzahl;W1;Personenkraftwagen nach Kraftstoffarten
46251;;;;2026-01-01;KREISE;;07111;;KLASS;;A7;sonstige Kraftstoffarten;9;Anzahl;W1;Personenkraftwagen nach Kraftstoffarten
46251;;;;2026-01-01;KREISE;;07111;;;;;;574,3;;PKWEW;Pkw je 1.000 Einwohner, berechnet
46251;;;;2026-01-01;KREISE;;07111;;KLASS;;A1;Benzin;57,6;%;PKWANT;Anteil am Pkw-Bestand, berechnet
46251;;;;2026-01-01;KREISE;;07111;;KLASS;;A2;Diesel;27,0;%;PKWANT;Anteil am Pkw-Bestand, berechnet
46251;;;;2026-01-01;KREISE;;07111;;KLASS;;A3;Gas (einschl. bivalent);0,6;%;PKWANT;Anteil am Pkw-Bestand, berechnet
46251;;;;2026-01-01;KREISE;;07111;;KLASS;;A4;Hybrid;9,6;%;PKWANT;Anteil am Pkw-Bestand, berechnet
46251;;;;2026-01-01;KREISE;;07111;;KLASS;;A5;darunter Plug-In-Hybrid;3,2;%;PKWANT;Anteil am Pkw-Bestand, berechnet
46251;;;;2026-01-01;KREISE;;07111;;KLASS;;A6;Elektro;5,2;%;PKWANT;Anteil am Pkw-Bestand, berechnet
46251;;;;2026-01-01;KREISE;;07111;;KLASS;;A7;sonstige Kraftstoffarten;0,0;%;PKWANT;Anteil am Pkw-Bestand, berechnet
46251;;;;2026-01-01;KREISE;;07131;Ahrweiler, Landkreis;KLASS;;;Insgesamt;88559;Anzahl;W1;Personenkraftwagen nach Kraftstoffarten
46251;;;;2026-01-01;KREISE;;07131;;KLASS;;A1;Benzin;53746;Anzahl;W1;Personenkraftwagen nach Kraftstoffarten
46251;;;;2026-01-01;KREISE;;07131;;KLASS;;A2;Diesel;24515;Anzahl;W1;Personenkraftwagen nach Kraftstoffarten
46251;;;;2026-01-01;KREISE;;07131;;KLASS;;A3;Gas (einschl. bivalent);794;Anzahl;W1;Personenkraftwagen nach Kraftstoffarten
46251;;;;2026-01-01;KREISE;;07131;;KLASS;;A4;Hybrid;6469;Anzahl;W1;Personenkraftwagen nach Kraftstoffarten
46251;;;;2026-01-01;KREISE;;07131;;KLASS;;A5;darunter Plug-In-Hybrid;1806;Anzahl;W1;Personenkraftwagen nach Kraftstoffarten
46251;;;;2026-01-01;KREISE;;07131;;KLASS;;A6;Elektro;3024;Anzahl;W1;Personenkraftwagen nach Kraftstoffarten
46251;;;;2026-01-01;KREISE;;07131;;KLASS;;A7;sonstige Kraftstoffarten;11;Anzahl;W1;Personenkraftwagen nach Kraftstoffarten
46251;;;;2026-01-01;KREISE;;07131;;;;;;682,5;;PKWEW;Pkw je 1.000 Einwohner, berechnet
46251;;;;2026-01-01;KREISE;;07131;;KLASS;;A1;Benzin;60,7;%;PKWANT;Anteil am Pkw-Bestand, berechnet
46251;;;;2026-01-01;KREISE;;07131;;KLASS;;A2;Diesel;27,7;%;PKWANT;Anteil am Pkw-Bestand, berechnet
46251;;;;2026-01-01;KREISE;;07131;;KLASS;;A3;Gas (einschl. bivalent);0,9;%;PKWANT;Anteil am Pkw-Bestand, berechnet
46251;;;;2026-01-01;KREISE;;07131;;KLASS;;A4;Hybrid;7,3;%;PKWANT;Anteil am Pkw-Bestand, berechnet
46251;;;;2026-01-01;KREISE;;07131;;KLASS;;A5;darunter Plug-In-Hybrid;2,0;%;PKWANT;Anteil am Pkw-Bestand, berechnet
46251;;;;2026-01-01;KREISE;;07131;;KLASS;;A6;Elektro;3,4;%;PKWANT;Anteil am Pkw-Bestand, berechnet
46251;;;;2026-01-01;KREISE;;07131;;KLASS;;A7;sonstige Kraftstoffarten;0,0;%;PKWANT;Anteil am Pkw-Bestand, berechnet
46251;;;;2026-01-01;KREISE;;07132;Altenkirchen (Westerwald), Landkreis;KLASS;;;Insgesamt;87792;Anzahl;W1;Personenkraftwagen nach Kraftstoffarten
46251;;;;2026-01-01;KREISE;;07132;;KLASS;;A1;Benzin;53402;Anzahl;W1;Personenkraftwagen nach Kraftstoffarten
46251;;;;2026-01-01;KREISE;;07132;;KLASS;;A2;Diesel;23777;Anzahl;W1;Personenkraftwagen nach Kraftstoffarten
46251;;;;2026-01-01;KREISE;;07132;;KLASS;;A3;Gas (einschl. bivalent);728;Anzahl;W1;Personenkraftwagen nach Kraftstoffarten
46251;;;;2026-01-01;KREISE;;07132;;KLASS;;A4;Hybrid;6664;Anzahl;W1;Personenkraftwagen nach Kraftstoffarten
46251;;;;2026-01-01;KREISE;;07132;;KLASS;;A5;darunter Plug-In-Hybrid;1870;Anzahl;W1;Personenkraftwagen nach Kraftstoffarten
46251;;;;2026-01-01;KREISE;;07132;;KLASS;;A6;Elektro;3207;Anzahl;W1;Personenkraftwagen nach Kraftstoffarten
46251;;;;2026-01-01;KREISE;;07132;;KLASS;;A7;sonstige Kraftstoffarten;14;Anzahl;W1;Personenkraftwagen nach Kraftstoffarten
46251;;;;2026-01-01;KREISE;;07132;;;;;;664,8;;PKWEW;Pkw je 1.000 Einwohner, berechnet
46251;;;;2026-01-01;KREISE;;07132;;KLASS;;A1;Benzin;60,8;%;PKWANT;Anteil am Pkw-Bestand, berechnet
46251;;;;2026-01-01;KREISE;;07132;;KLASS;;A2;Diesel;27,1;%;PKWANT;Anteil am Pkw-Bestand, berechnet
46251;;;;2026-01-01;KREISE;;07132;;KLASS;;A3;Gas (einschl. bivalent);0,8;%;PKWANT;Anteil am Pkw-Bestand, berechnet
46251;;;;2026-01-01;KREISE;;07132;;KLASS;;A4;Hybrid;7,6;%;PKWANT;Anteil am Pkw-Bestand, berechnet
46251;;;;2026-01-01;KREISE;;07132;;KLASS;;A5;darunter Plug-In-Hybrid;2,1;%;PKWANT;Anteil am Pkw-Bestand, berechnet
46251;;;;2026-01-01;KREISE;;07132;;KLASS;;A6;Elektro;3,7;%;PKWANT;Anteil am Pkw-Bestand, berechnet
46251;;;;2026-01-01;KREISE;;07132;;KLASS;;A7;sonstige Kraftstoffarten;0,0;%;PKWANT;Anteil am Pkw-Bestand, berechnet
46251;;;;2026-01-01;KREISE;;07133;Bad Kreuznach, Landkreis;KLASS;;;Insgesamt;104017;Anzahl;W1;Personenkraftwagen nach Kraftstoffarten
46251;;;;2026-01-01;KREISE;;07133;;KLASS;;A1;Benzin;63990;Anzahl;W1;Personenkraftwagen nach Kraftstoffarten
46251;;;;2026-01-01;KREISE;;07133;;KLASS;;A2;Diesel;28000;Anzahl;W1;Personenkraftwagen nach Kraftstoffarten
46251;;;;2026-01-01;KREISE;;07133;;KLASS;;A3;Gas (einschl. bivalent);582;Anzahl;W1;Personenkraftwagen nach Kraftstoffarten
46251;;;;2026-01-01;KREISE;;07133;;KLASS;;A4;Hybrid;7602;Anzahl;W1;Personenkraftwagen nach Kraftstoffarten
46251;;;;2026-01-01;KREISE;;07133;;KLASS;;A5;darunter Plug-In-Hybrid;1892;Anzahl;W1;Personenkraftwagen nach Kraftstoffarten
46251;;;;2026-01-01;KREISE;;07133;;KLASS;;A6;Elektro;3830;Anzahl;W1;Personenkraftwagen nach Kraftstoffarten
46251;;;;2026-01-01;KREISE;;07133;;KLASS;;A7;sonstige Kraftstoffarten;13;Anzahl;W1;Personenkraftwagen nach Kraftstoffarten
46251;;;;2026-01-01;KREISE;;07133;;;;;;631,1;;PKWEW;Pkw je 1.000 Einwohner, berechnet
46251;;;;2026-01-01;KREISE;;07133;;KLASS;;A1;Benzin;61,5;%;PKWANT;Anteil am Pkw-Bestand, berechnet
46251;;;;2026-01-01;KREISE;;07133;;KLASS;;A2;Diesel;26,9;%;PKWANT;Anteil am Pkw-Bestand, berechnet
46251;;;;2026-01-01;KREISE;;07133;;KLASS;;A3;Gas (einschl. bivalent);0,6;%;PKWANT;Anteil am Pkw-Bestand, berechnet
46251;;;;2026-01-01;KREISE;;07133;;KLASS;;A4;Hybrid;7,3;%;PKWANT;Anteil am Pkw-Bestand, berechnet
46251;;;;2026-01-01;KREISE;;07133;;KLASS;;A5;darunter Plug-In-Hybrid;1,8;%;PKWANT;Anteil am Pkw-Bestand, berechnet
46251;;;;2026-01-01;KREISE;;07133;;KLASS;;A6;Elektro;3,7;%;PKWANT;Anteil am Pkw-Bestand, berechnet
46251;;;;2026-01-01;KREISE;;07133;;KLASS;;A7;sonstige Kraftstoffarten;0,0;%;PKWANT;Anteil am Pkw-Bestand, berechnet
46251;;;;2026-01-01;KREISE;;07134;Birkenfeld, Landkreis;KLASS;;;Insgesamt;53090;Anzahl;W1;Personenkraftwagen nach Kraftstoffarten
46251;;;;2026-01-01;KREISE;;07134;;KLASS;;A1;Benzin;33519;Anzahl;W1;Personenkraftwagen nach Kraftstoffarten
46251;;;;2026-01-01;KREISE;;07134;;KLASS;;A2;Diesel;13856;Anzahl;W1;Personenkraftwagen nach Kraftstoffarten
46251;;;;2026-01-01;KREISE;;07134;;KLASS;;A3;Gas (einschl. bivalent);282;Anzahl;W1;Personenkraftwagen nach Kraftstoffarten
46251;;;;2026-01-01;KREISE;;07134;;KLASS;;A4;Hybrid;4145;Anzahl;W1;Personenkraftwagen nach Kraftstoffarten
46251;;;;2026-01-01;KREISE;;07134;;KLASS;;A5;darunter Plug-In-Hybrid;771;Anzahl;W1;Personenkraftwagen nach Kraftstoffarten
46251;;;;2026-01-01;KREISE;;07134;;KLASS;;A6;Elektro;1276;Anzahl;W1;Personenkraftwagen nach Kraftstoffarten
46251;;;;2026-01-01;KREISE;;07134;;KLASS;;A7;sonstige Kraftstoffarten;12;Anzahl;W1;Personenkraftwagen nach Kraftstoffarten
46251;;;;2026-01-01;KREISE;;07134;;;;;;645,0;;PKWEW;Pkw je 1.000 Einwohner, berechnet
46251;;;;2026-01-01;KREISE;;07134;;KLASS;;A1;Benzin;63,1;%;PKWANT;Anteil am Pkw-Bestand, berechnet
46251;;;;2026-01-01;KREISE;;07134;;KLASS;;A2;Diesel;26,1;%;PKWANT;Anteil am Pkw-Bestand, berechnet
46251;;;;2026-01-01;KREISE;;07134;;KLASS;;A3;Gas (einschl. bivalent);0,5;%;PKWANT;Anteil am Pkw-Bestand, berechnet
46251;;;;2026-01-01;KREISE;;07134;;KLASS;;A4;Hybrid;7,8;%;PKWANT;Anteil am Pkw-Bestand, berechnet
46251;;;;2026-01-01;KREISE;;07134;;KLASS;;A5;darunter Plug-In-Hybrid;1,5;%;PKWANT;Anteil am Pkw-Bestand, berechnet
46251;;;;2026-01-01;KREISE;;07134;;KLASS;;A6;Elektro;2,4;%;PKWANT;Anteil am Pkw-Bestand, berechnet
46251;;;;2026-01-01;KREISE;;07134;;KLASS;;A7;sonstige Kraftstoffarten;0,0;%;PKWANT;Anteil am Pkw-Bestand, berechnet
46251;;;;2026-01-01;KREISE;;07135;Cochem-Zell, Landkreis;KLASS;;;Insgesamt;43090;Anzahl;W1;Personenkraftwagen nach Kraftstoffarten
46251;;;;2026-01-01;KREISE;;07135;;KLASS;;A1;Benzin;23858;Anzahl;W1;Personenkraftwagen nach Kraftstoffarten
46251;;;;2026-01-01;KREISE;;07135;;KLASS;;A2;Diesel;14551;Anzahl;W1;Personenkraftwagen nach Kraftstoffarten
46251;;;;2026-01-01;KREISE;;07135;;KLASS;;A3;Gas (einschl. bivalent);337;Anzahl;W1;Personenkraftwagen nach Kraftstoffarten
46251;;;;2026-01-01;KREISE;;07135;;KLASS;;A4;Hybrid;2829;Anzahl;W1;Personenkraftwagen nach Kraftstoffarten
46251;;;;2026-01-01;KREISE;;07135;;KLASS;;A5;darunter Plug-In-Hybrid;747;Anzahl;W1;Personenkraftwagen nach Kraftstoffarten
46251;;;;2026-01-01;KREISE;;07135;;KLASS;;A6;Elektro;1510;Anzahl;W1;Personenkraftwagen nach Kraftstoffarten
46251;;;;2026-01-01;KREISE;;07135;;KLASS;;A7;sonstige Kraftstoffarten;5;Anzahl;W1;Personenkraftwagen nach Kraftstoffarten
46251;;;;2026-01-01;KREISE;;07135;;;;;;702,0;;PKWEW;Pkw je 1.000 Einwohner, berechnet
46251;;;;2026-01-01;KREISE;;07135;;KLASS;;A1;Benzin;55,4;%;PKWANT;Anteil am Pkw-Bestand, berechnet
46251;;;;2026-01-01;KREISE;;07135;;KLASS;;A2;Diesel;33,8;%;PKWANT;Anteil am Pkw-Bestand, berechnet
46251;;;;2026-01-01;KREISE;;07135;;KLASS;;A3;Gas (einschl. bivalent);0,8;%;PKWANT;Anteil am Pkw-Bestand, berechnet
46251;;;;2026-01-01;KREISE;;07135;;KLASS;;A4;Hybrid;6,6;%;PKWANT;Anteil am Pkw-Bestand, berechnet
46251;;;;2026-01-01;KREISE;;07135;;KLASS;;A5;darunter Plug-In-Hybrid;1,7;%;PKWANT;Anteil am Pkw-Bestand, berechnet
46251;;;;2026-01-01;KREISE;;07135;;KLASS;;A6;Elektro;3,5;%;PKWANT;Anteil am Pkw-Bestand, berechnet
46251;;;;2026-01-01;KREISE;;07135;;KLASS;;A7;sonstige Kraftstoffarten;0,0;%;PKWANT;Anteil am Pkw-Bestand, berechnet
46251;;;;2026-01-01;KREISE;;07137;Mayen-Koblenz, Landkreis;KLASS;;;Insgesamt;144571;Anzahl;W1;Personenkraftwagen nach Kraftstoffarten
46251;;;;2026-01-01;KREISE;;07137;;KLASS;;A1;Benzin;87525;Anzahl;W1;Personenkraftwagen nach Kraftstoffarten
46251;;;;2026-01-01;KREISE;;07137;;KLASS;;A2;Diesel;38932;Anzahl;W1;Personenkraftwagen nach Kraftstoffarten
46251;;;;2026-01-01;KREISE;;07137;;KLASS;;A3;Gas (einschl. bivalent);1142;Anzahl;W1;Personenkraftwagen nach Kraftstoffarten
46251;;;;2026-01-01;KREISE;;07137;;KLASS;;A4;Hybrid;11413;Anzahl;W1;Personenkraftwagen nach Kraftstoffarten
46251;;;;2026-01-01;KREISE;;07137;;KLASS;;A5;darunter Plug-In-Hybrid;2993;Anzahl;W1;Personenkraftwagen nach Kraftstoffarten
46251;;;;2026-01-01;KREISE;;07137;;KLASS;;A6;Elektro;5542;Anzahl;W1;Personenkraftwagen nach Kraftstoffarten
46251;;;;2026-01-01;KREISE;;07137;;KLASS;;A7;sonstige Kraftstoffarten;17;Anzahl;W1;Personenkraftwagen nach Kraftstoffarten
46251;;;;2026-01-01;KREISE;;07137;;;;;;666,9;;PKWEW;Pkw je 1.000 Einwohner, berechnet
46251;;;;2026-01-01;KREISE;;07137;;KLASS;;A1;Benzin;60,5;%;PKWANT;Anteil am Pkw-Bestand, berechnet
46251;;;;2026-01-01;KREISE;;07137;;KLASS;;A2;Diesel;26,9;%;PKWANT;Anteil am Pkw-Bestand, berechnet
46251;;;;2026-01-01;KREISE;;07137;;KLASS;;A3;Gas (einschl. bivalent);0,8;%;PKWANT;Anteil am Pkw-Bestand, berechnet
46251;;;;2026-01-01;KREISE;;07137;;KLASS;;A4;Hybrid;7,9;%;PKWANT;Anteil am Pkw-Bestand, berechnet
46251;;;;2026-01-01;KREISE;;07137;;KLASS;;A5;darunter Plug-In-Hybrid;2,1;%;PKWANT;Anteil am Pkw-Bestand, berechnet
46251;;;;2026-01-01;KREISE;;07137;;KLASS;;A6;Elektro;3,8;%;PKWANT;Anteil am Pkw-Bestand, berechnet
46251;;;;2026-01-01;KREISE;;07137;;KLASS;;A7;sonstige Kraftstoffarten;0,0;%;PKWANT;Anteil am Pkw-Bestand, berechnet
46251;;;;2026-01-01;KREISE;;07138;Neuwied, Landkreis;KLASS;;;Insgesamt;125697;Anzahl;W1;Personenkraftwagen nach Kraftstoffarten
46251;;;;2026-01-01;KREISE;;07138;;KLASS;;A1;Benzin;75317;Anzahl;W1;Personenkraftwagen nach Kraftstoffarten
46251;;;;2026-01-01;KREISE;;07138;;KLASS;;A2;Diesel;35099;Anzahl;W1;Personenkraftwagen nach Kraftstoffarten
46251;;;;2026-01-01;KREISE;;07138;;KLASS;;A3;Gas (einschl. bivalent);1093;Anzahl;W1;Personenkraftwagen nach Kraftstoffarten
46251;;;;2026-01-01;KREISE;;07138;;KLASS;;A4;Hybrid;9744;Anzahl;W1;Personenkraftwagen nach Kraftstoffarten
46251;;;;2026-01-01;KREISE;;07138;;KLASS;;A5;darunter Plug-In-Hybrid;2765;Anzahl;W1;Personenkraftwagen nach Kraftstoffarten
46251;;;;2026-01-01;KREISE;;07138;;KLASS;;A6;Elektro;4433;Anzahl;W1;Personenkraftwagen nach Kraftstoffarten
46251;;;;2026-01-01;KREISE;;07138;;KLASS;;A7;sonstige Kraftstoffarten;11;Anzahl;W1;Personenkraftwagen nach Kraftstoffarten
46251;;;;2026-01-01;KREISE;;07138;;;;;;664,6;;PKWEW;Pkw je 1.000 Einwohner, berechnet
46251;;;;2026-01-01;KREISE;;07138;;KLASS;;A1;Benzin;59,9;%;PKWANT;Anteil am Pkw-Bestand, berechnet
46251;;;;2026-01-01;KREISE;;07138;;KLASS;;A2;Diesel;27,9;%;PKWANT;Anteil am Pkw-Bestand, berechnet
46251;;;;2026-01-01;KREISE;;07138;;KLASS;;A3;Gas (einschl. bivalent);0,9;%;PKWANT;Anteil am Pkw-Bestand, berechnet
46251;;;;2026-01-01;KREISE;;07138;;KLASS;;A4;Hybrid;7,8;%;PKWANT;Anteil am Pkw-Bestand, berechnet
46251;;;;2026-01-01;KREISE;;07138;;KLASS;;A5;darunter Plug-In-Hybrid;2,2;%;PKWANT;Anteil am Pkw-Bestand, berechnet
46251;;;;2026-01-01;KREISE;;07138;;KLASS;;A6;Elektro;3,5;%;PKWANT;Anteil am Pkw-Bestand, berechnet
46251;;;;2026-01-01;KREISE;;07138;;KLASS;;A7;sonstige Kraftstoffarten;0,0;%;PKWANT;Anteil am Pkw-Bestand, berechnet
46251;;;;2026-01-01;KREISE;;07140;Rhein-Hunsrück-Kreis;KLASS;;;Insgesamt;74222;Anzahl;W1;Personenkraftwagen nach Kraftstoffarten
46251;;;;2026-01-01;KREISE;;07140;;KLASS;;A1;Benzin;40853;Anzahl;W1;Personenkraftwagen nach Kraftstoffarten
46251;;;;2026-01-01;KREISE;;07140;;KLASS;;A2;Diesel;24730;Anzahl;W1;Personenkraftwagen nach Kraftstoffarten
46251;;;;2026-01-01;KREISE;;07140;;KLASS;;A3;Gas (einschl. bivalent);454;Anzahl;W1;Personenkraftwagen nach Kraftstoffarten
46251;;;;2026-01-01;KREISE;;07140;;KLASS;;A4;Hybrid;5377;Anzahl;W1;Personenkraftwagen nach Kraftstoffarten
46251;;;;2026-01-01;KREISE;;07140;;KLASS;;A5;darunter Plug-In-Hybrid;1262;Anzahl;W1;Personenkraftwagen nach Kraftstoffarten
46251;;;;2026-01-01;KREISE;;07140;;KLASS;;A6;Elektro;2803;Anzahl;W1;Personenkraftwagen nach Kraftstoffarten
46251;;;;2026-01-01;KREISE;;07140;;KLASS;;A7;sonstige Kraftstoffarten;5;Anzahl;W1;Personenkraftwagen nach Kraftstoffarten
46251;;;;2026-01-01;KREISE;;07140;;;;;;695,4;;PKWEW;Pkw je 1.000 Einwohner, berechnet
46251;;;;2026-01-01;KREISE;;07140;;KLASS;;A1;Benzin;55,0;%;PKWANT;Anteil am Pkw-Bestand, berechnet
46251;;;;2026-01-01;KREISE;;07140;;KLASS;;A2;Diesel;33,3;%;PKWANT;Anteil am Pkw-Bestand, berechnet
46251;;;;2026-01-01;KREISE;;07140;;KLASS;;A3;Gas (einschl. bivalent);0,6;%;PKWANT;Anteil am Pkw-Bestand, berechnet
46251;;;;2026-01-01;KREISE;;07140;;KLASS;;A4;Hybrid;7,2;%;PKWANT;Anteil am Pkw-Bestand, berechnet
46251;;;;2026-01-01;KREISE;;07140;;KLASS;;A5;darunter Plug-In-Hybrid;1,7;%;PKWANT;Anteil am Pkw-Bestand, berechnet
46251;;;;2026-01-01;KREISE;;07140;;KLASS;;A6;Elektro;3,8;%;PKWANT;Anteil am Pkw-Bestand, berechnet
46251;;;;2026-01-01;KREISE;;07140;;KLASS;;A7;sonstige Kraftstoffarten;0,0;%;PKWANT;Anteil am Pkw-Bestand, berechnet
46251;;;;2026-01-01;KREISE;;07141;Rhein-Lahn-Kreis;KLASS;;;Insgesamt;82787;Anzahl;W1;Personenkraftwagen nach Kraftstoffarten
46251;;;;2026-01-01;KREISE;;07141;;KLASS;;A1;Benzin;50983;Anzahl;W1;Personenkraftwagen nach Kraftstoffarten
46251;;;;2026-01-01;KREISE;;07141;;KLASS;;A2;Diesel;21750;Anzahl;W1;Personenkraftwagen nach Kraftstoffarten
46251;;;;2026-01-01;KREISE;;07141;;KLASS;;A3;Gas (einschl. bivalent);768;Anzahl;W1;Personenkraftwagen nach Kraftstoffarten
46251;;;;2026-01-01;KREISE;;07141;;KLASS;;A4;Hybrid;6223;Anzahl;W1;Personenkraftwagen nach Kraftstoffarten
46251;;;;2026-01-01;KREISE;;07141;;KLASS;;A5;darunter Plug-In-Hybrid;1619;Anzahl;W1;Personenkraftwagen nach Kraftstoffarten
46251;;;;2026-01-01;KREISE;;07141;;KLASS;;A6;Elektro;3049;Anzahl;W1;Personenkraftwagen nach Kraftstoffarten
46251;;;;2026-01-01;KREISE;;07141;;KLASS;;A7;sonstige Kraftstoffarten;14;Anzahl;W1;Personenkraftwagen nach Kraftstoffarten
46251;;;;2026-01-01;KREISE;;07141;;;;;;661,4;;PKWEW;Pkw je 1.000 Einwohner, berechnet
46251;;;;2026-01-01;KREISE;;07141;;KLASS;;A1;Benzin;61,6;%;PKWANT;Anteil am Pkw-Bestand, berechnet
46251;;;;2026-01-01;KREISE;;07141;;KLASS;;A2;Diesel;26,3;%;PKWANT;Anteil am Pkw-Bestand, berechnet
46251;;;;2026-01-01;KREISE;;07141;;KLASS;;A3;Gas (einschl. bivalent);0,9;%;PKWANT;Anteil am Pkw-Bestand, berechnet
46251;;;;2026-01-01;KREISE;;07141;;KLASS;;A4;Hybrid;7,5;%;PKWANT;Anteil am Pkw-Bestand, berechnet
46251;;;;2026-01-01;KREISE;;07141;;KLASS;;A5;darunter Plug-In-Hybrid;2,0;%;PKWANT;Anteil am Pkw-Bestand, berechnet
46251;;;;2026-01-01;KREISE;;07141;;KLASS;;A6;Elektro;3,7;%;PKWANT;Anteil am Pkw-Bestand, berechnet
46251;;;;2026-01-01;KREISE;;07141;;KLASS;;A7;sonstige Kraftstoffarten;0,0;%;PKWANT;Anteil am Pkw-Bestand, berechnet
46251;;;;2026-01-01;KREISE;;07143;Westerwaldkreis;KLASS;;;Insgesamt;144004;Anzahl;W1;Personenkraftwagen nach Kraftstoffarten
46251;;;;2026-01-01;KREISE;;07143;;KLASS;;A1;Benzin;83972;Anzahl;W1;Personenkraftwagen nach Kraftstoffarten
46251;;;;2026-01-01;KREISE;;07143;;KLASS;;A2;Diesel;40874;Anzahl;W1;Personenkraftwagen nach Kraftstoffarten
46251;;;;2026-01-01;KREISE;;07143;;KLASS;;A3;Gas (einschl. bivalent);962;Anzahl;W1;Personenkraftwagen nach Kraftstoffarten
46251;;;;2026-01-01;KREISE;;07143;;KLASS;;A4;Hybrid;12024;Anzahl;W1;Personenkraftwagen nach Kraftstoffarten
46251;;;;2026-01-01;KREISE;;07143;;KLASS;;A5;darunter Plug-In-Hybrid;3118;Anzahl;W1;Personenkraftwagen nach Kraftstoffarten
46251;;;;2026-01-01;KREISE;;07143;;KLASS;;A6;Elektro;6147;Anzahl;W1;Personenkraftwagen nach Kraftstoffarten
46251;;;;2026-01-01;KREISE;;07143;;KLASS;;A7;sonstige Kraftstoffarten;25;Anzahl;W1;Personenkraftwagen nach Kraftstoffarten
46251;;;;2026-01-01;KREISE;;07143;;;;;;693,4;;PKWEW;Pkw je 1.000 Einwohner, berechnet
46251;;;;2026-01-01;KREISE;;07143;;KLASS;;A1;Benzin;58,3;%;PKWANT;Anteil am Pkw-Bestand, berechnet
46251;;;;2026-01-01;KREISE;;07143;;KLASS;;A2;Diesel;28,4;%;PKWANT;Anteil am Pkw-Bestand, berechnet
46251;;;;2026-01-01;KREISE;;07143;;KLASS;;A3;Gas (einschl. bivalent);0,7;%;PKWANT;Anteil am Pkw-Bestand, berechnet
46251;;;;2026-01-01;KREISE;;07143;;KLASS;;A4;Hybrid;8,3;%;PKWANT;Anteil am Pkw-Bestand, berechnet
46251;;;;2026-01-01;KREISE;;07143;;KLASS;;A5;darunter Plug-In-Hybrid;2,2;%;PKWANT;Anteil am Pkw-Bestand, berechnet
46251;;;;2026-01-01;KREISE;;07143;;KLASS;;A6;Elektro;4,3;%;PKWANT;Anteil am Pkw-Bestand, berechnet
46251;;;;2026-01-01;KREISE;;07143;;KLASS;;A7;sonstige Kraftstoffarten;0,0;%;PKWANT;Anteil am Pkw-Bestand, berechnet
46251;;;;2026-01-01;KREISE;;07211;Trier, kreisfreie Stadt;KLASS;;;Insgesamt;54533;Anzahl;W1;Personenkraftwagen nach Kraftstoffarten
46251;;;;2026-01-01;KREISE;;07211;;KLASS;;A1;Benzin;32639;Anzahl;W1;Personenkraftwagen nach Kraftstoffarten
46251;;;;2026-01-01;KREISE;;07211;;KLASS;;A2;Diesel;14280;Anzahl;W1;Personenkraftwagen nach Kraftstoffarten
46251;;;;2026-01-01;KREISE;;07211;;KLASS;;A3;Gas (einschl. bivalent);208;Anzahl;W1;Personenkraftwagen nach Kraftstoffarten
46251;;;;2026-01-01;KREISE;;07211;;KLASS;;A4;Hybrid;5157;Anzahl;W1;Personenkraftwagen nach Kraftstoffarten
46251;;;;2026-01-01;KREISE;;07211;;KLASS;;A5;darunter Plug-In-Hybrid;1296;Anzahl;W1;Personenkraftwagen nach Kraftstoffarten
46251;;;;2026-01-01;KREISE;;07211;;KLASS;;A6;Elektro;2245;Anzahl;W1;Personenkraftwagen nach Kraftstoffarten
46251;;;;2026-01-01;KREISE;;07211;;KLASS;;A7;sonstige Kraftstoffarten;4;Anzahl;W1;Personenkraftwagen nach Kraftstoffarten
46251;;;;2026-01-01;KREISE;;07211;;;;;;519,1;;PKWEW;Pkw je 1.000 Einwohner, berechnet
46251;;;;2026-01-01;KREISE;;07211;;KLASS;;A1;Benzin;59,9;%;PKWANT;Anteil am Pkw-Bestand, berechnet
46251;;;;2026-01-01;KREISE;;07211;;KLASS;;A2;Diesel;26,2;%;PKWANT;Anteil am Pkw-Bestand, berechnet
46251;;;;2026-01-01;KREISE;;07211;;KLASS;;A3;Gas (einschl. bivalent);0,4;%;PKWANT;Anteil am Pkw-Bestand, berechnet
46251;;;;2026-01-01;KREISE;;07211;;KLASS;;A4;Hybrid;9,5;%;PKWANT;Anteil am Pkw-Bestand, berechnet
46251;;;;2026-01-01;KREISE;;07211;;KLASS;;A5;darunter Plug-In-Hybrid;2,4;%;PKWANT;Anteil am Pkw-Bestand, berechnet
46251;;;;2026-01-01;KREISE;;07211;;KLASS;;A6;Elektro;4,1;%;PKWANT;Anteil am Pkw-Bestand, berechnet
46251;;;;2026-01-01;KREISE;;07211;;KLASS;;A7;sonstige Kraftstoffarten;0,0;%;PKWANT;Anteil am Pkw-Bestand, berechnet
46251;;;;2026-01-01;KREISE;;07231;Bernkastel-Wittlich, Landkreis;KLASS;;;Insgesamt;78218;Anzahl;W1;Personenkraftwagen nach Kraftstoffarten
46251;;;;2026-01-01;KREISE;;07231;;KLASS;;A1;Benzin;43999;Anzahl;W1;Personenkraftwagen nach Kraftstoffarten
46251;;;;2026-01-01;KREISE;;07231;;KLASS;;A2;Diesel;25454;Anzahl;W1;Personenkraftwagen nach Kraftstoffarten
46251;;;;2026-01-01;KREISE;;07231;;KLASS;;A3;Gas (einschl. bivalent);333;Anzahl;W1;Personenkraftwagen nach Kraftstoffarten
46251;;;;2026-01-01;KREISE;;07231;;KLASS;;A4;Hybrid;5822;Anzahl;W1;Personenkraftwagen nach Kraftstoffarten
46251;;;;2026-01-01;KREISE;;07231;;KLASS;;A5;darunter Plug-In-Hybrid;1413;Anzahl;W1;Personenkraftwagen nach Kraftstoffarten
46251;;;;2026-01-01;KREISE;;07231;;KLASS;;A6;Elektro;2603;Anzahl;W1;Personenkraftwagen nach Kraftstoffarten
46251;;;;2026-01-01;KREISE;;07231;;KLASS;;A7;sonstige Kraftstoffarten;7;Anzahl;W1;Personenkraftwagen nach Kraftstoffarten
46251;;;;2026-01-01;KREISE;;07231;;;;;;693,7;;PKWEW;Pkw je 1.000 Einwohner, berechnet
46251;;;;2026-01-01;KREISE;;07231;;KLASS;;A1;Benzin;56,3;%;PKWANT;Anteil am Pkw-Bestand, berechnet
46251;;;;2026-01-01;KREISE;;07231;;KLASS;;A2;Diesel;32,5;%;PKWANT;Anteil am Pkw-Bestand, berechnet
46251;;;;2026-01-01;KREISE;;07231;;KLASS;;A3;Gas (einschl. bivalent);0,4;%;PKWANT;Anteil am Pkw-Bestand, berechnet
46251;;;;2026-01-01;KREISE;;07231;;KLASS;;A4;Hybrid;7,4;%;PKWANT;Anteil am Pkw-Bestand, berechnet
46251;;;;2026-01-01;KREISE;;07231;;KLASS;;A5;darunter Plug-In-Hybrid;1,8;%;PKWANT;Anteil am Pkw-Bestand, berechnet
46251;;;;2026-01-01;KREISE;;07231;;KLASS;;A6;Elektro;3,3;%;PKWANT;Anteil am Pkw-Bestand, berechnet
46251;;;;2026-01-01;KREISE;;07231;;KLASS;;A7;sonstige Kraftstoffarten;0,0;%;PKWANT;Anteil am Pkw-Bestand, berechnet
46251;;;;2026-01-01;KREISE;;07232;Eifelkreis Bitburg-Prüm;KLASS;;;Insgesamt;71208;Anzahl;W1;Personenkraftwagen nach Kraftstoffarten
46251;;;;2026-01-01;KREISE;;07232;;KLASS;;A1;Benzin;36837;Anzahl;W1;Personenkraftwagen nach Kraftstoffarten
46251;;;;2026-01-01;KREISE;;07232;;KLASS;;A2;Diesel;26152;Anzahl;W1;Personenkraftwagen nach Kraftstoffarten
46251;;;;2026-01-01;KREISE;;07232;;KLASS;;A3;Gas (einschl. bivalent);306;Anzahl;W1;Personenkraftwagen nach Kraftstoffarten
46251;;;;2026-01-01;KREISE;;07232;;KLASS;;A4;Hybrid;5311;Anzahl;W1;Personenkraftwagen nach Kraftstoffarten
46251;;;;2026-01-01;KREISE;;07232;;KLASS;;A5;darunter Plug-In-Hybrid;1099;Anzahl;W1;Personenkraftwagen nach Kraftstoffarten
46251;;;;2026-01-01;KREISE;;07232;;KLASS;;A6;Elektro;2595;Anzahl;W1;Personenkraftwagen nach Kraftstoffarten
46251;;;;2026-01-01;KREISE;;07232;;KLASS;;A7;sonstige Kraftstoffarten;7;Anzahl;W1;Personenkraftwagen nach Kraftstoffarten
46251;;;;2026-01-01;KREISE;;07232;;;;;;715,0;;PKWEW;Pkw je 1.000 Einwohner, berechnet
46251;;;;2026-01-01;KREISE;;07232;;KLASS;;A1;Benzin;51,7;%;PKWANT;Anteil am Pkw-Bestand, berechnet
46251;;;;2026-01-01;KREISE;;07232;;KLASS;;A2;Diesel;36,7;%;PKWANT;Anteil am Pkw-Bestand, berechnet
46251;;;;2026-01-01;KREISE;;07232;;KLASS;;A3;Gas (einschl. bivalent);0,4;%;PKWANT;Anteil am Pkw-Bestand, berechnet
46251;;;;2026-01-01;KREISE;;07232;;KLASS;;A4;Hybrid;7,5;%;PKWANT;Anteil am Pkw-Bestand, berechnet
46251;;;;2026-01-01;KREISE;;07232;;KLASS;;A5;darunter Plug-In-Hybrid;1,5;%;PKWANT;Anteil am Pkw-Bestand, berechnet
46251;;;;2026-01-01;KREISE;;07232;;KLASS;;A6;Elektro;3,6;%;PKWANT;Anteil am Pkw-Bestand, berechnet
46251;;;;2026-01-01;KREISE;;07232;;KLASS;;A7;sonstige Kraftstoffarten;0,0;%;PKWANT;Anteil am Pkw-Bestand, berechnet
46251;;;;2026-01-01;KREISE;;07233;Vulkaneifel, Landkreis;KLASS;;;Insgesamt;43504;Anzahl;W1;Personenkraftwagen nach Kraftstoffarten
46251;;;;2026-01-01;KREISE;;07233;;KLASS;;A1;Benzin;24142;Anzahl;W1;Personenkraftwagen nach Kraftstoffarten
46251;;;;2026-01-01;KREISE;;07233;;KLASS;;A2;Diesel;14623;Anzahl;W1;Personenkraftwagen nach Kraftstoffarten
46251;;;;2026-01-01;KREISE;;07233;;KLASS;;A3;Gas (einschl. bivalent);299;Anzahl;W1;Personenkraftwagen nach Kraftstoffarten
46251;;;;2026-01-01;KREISE;;07233;;KLASS;;A4;Hybrid;3045;Anzahl;W1;Personenkraftwagen nach Kraftstoffarten
46251;;;;2026-01-01;KREISE;;07233;;KLASS;;A5;darunter Plug-In-Hybrid;777;Anzahl;W1;Personenkraftwagen nach Kraftstoffarten
46251;;;;2026-01-01;KREISE;;07233;;KLASS;;A6;Elektro;1390;Anzahl;W1;Personenkraftwagen nach Kraftstoffarten
46251;;;;2026-01-01;KREISE;;07233;;KLASS;;A7;sonstige Kraftstoffarten;5;Anzahl;W1;Personenkraftwagen nach Kraftstoffarten
46251;;;;2026-01-01;KREISE;;07233;;;;;;735,4;;PKWEW;Pkw je 1.000 Einwohner, berechnet
46251;;;;2026-01-01;KREISE;;07233;;KLASS;;A1;Benzin;55,5;%;PKWANT;Anteil am Pkw-Bestand, berechnet
46251;;;;2026-01-01;KREISE;;07233;;KLASS;;A2;Diesel;33,6;%;PKWANT;Anteil am Pkw-Bestand, berechnet
46251;;;;2026-01-01;KREISE;;07233;;KLASS;;A3;Gas (einschl. bivalent);0,7;%;PKWANT;Anteil am Pkw-Bestand, berechnet
46251;;;;2026-01-01;KREISE;;07233;;KLASS;;A4;Hybrid;7,0;%;PKWANT;Anteil am Pkw-Bestand, berechnet
46251;;;;2026-01-01;KREISE;;07233;;KLASS;;A5;darunter Plug-In-Hybrid;1,8;%;PKWANT;Anteil am Pkw-Bestand, berechnet
46251;;;;2026-01-01;KREISE;;07233;;KLASS;;A6;Elektro;3,2;%;PKWANT;Anteil am Pkw-Bestand, berechnet
46251;;;;2026-01-01;KREISE;;07233;;KLASS;;A7;sonstige Kraftstoffarten;0,0;%;PKWANT;Anteil am Pkw-Bestand, berechnet
46251;;;;2026-01-01;KREISE;;07235;Trier-Saarburg, Landkreis;KLASS;;;Insgesamt;105196;Anzahl;W1;Personenkraftwagen nach Kraftstoffarten
46251;;;;2026-01-01;KREISE;;07235;;KLASS;;A1;Benzin;58765;Anzahl;W1;Personenkraftwagen nach Kraftstoffarten
46251;;;;2026-01-01;KREISE;;07235;;KLASS;;A2;Diesel;33175;Anzahl;W1;Personenkraftwagen nach Kraftstoffarten
46251;;;;2026-01-01;KREISE;;07235;;KLASS;;A3;Gas (einschl. bivalent);394;Anzahl;W1;Personenkraftwagen nach Kraftstoffarten
46251;;;;2026-01-01;KREISE;;07235;;KLASS;;A4;Hybrid;8297;Anzahl;W1;Personenkraftwagen nach Kraftstoffarten
46251;;;;2026-01-01;KREISE;;07235;;KLASS;;A5;darunter Plug-In-Hybrid;1943;Anzahl;W1;Personenkraftwagen nach Kraftstoffarten
46251;;;;2026-01-01;KREISE;;07235;;KLASS;;A6;Elektro;4554;Anzahl;W1;Personenkraftwagen nach Kraftstoffarten
46251;;;;2026-01-01;KREISE;;07235;;KLASS;;A7;sonstige Kraftstoffarten;11;Anzahl;W1;Personenkraftwagen nach Kraftstoffarten
46251;;;;2026-01-01;KREISE;;07235;;;;;;707,7;;PKWEW;Pkw je 1.000 Einwohner, berechnet
46251;;;;2026-01-01;KREISE;;07235;;KLASS;;A1;Benzin;55,9;%;PKWANT;Anteil am Pkw-Bestand, berechnet
46251;;;;2026-01-01;KREISE;;07235;;KLASS;;A2;Diesel;31,5;%;PKWANT;Anteil am Pkw-Bestand, berechnet
46251;;;;2026-01-01;KREISE;;07235;;KLASS;;A3;Gas (einschl. bivalent);0,4;%;PKWANT;Anteil am Pkw-Bestand, berechnet
46251;;;;2026-01-01;KREISE;;07235;;KLASS;;A4;Hybrid;7,9;%;PKWANT;Anteil am Pkw-Bestand, berechnet
46251;;;;2026-01-01;KREISE;;07235;;KLASS;;A5;darunter Plug-In-Hybrid;1,8;%;PKWANT;Anteil am Pkw-Bestand, berechnet
46251;;;;2026-01-01;KREISE;;07235;;KLASS;;A6;Elektro;4,3;%;PKWANT;Anteil am Pkw-Bestand, berechnet
46251;;;;2026-01-01;KREISE;;07235;;KLASS;;A7;sonstige Kraftstoffarten;0,0;%;PKWANT;Anteil am Pkw-Bestand, berechnet
46251;;;;2026-01-01;KREISE;;07311;Frankenthal (Pfalz), kreisfreie Stadt;KLASS;;;Insgesamt;27394;Anzahl;W1;Personenkraftwagen nach Kraftstoffarten
46251;;;;2026-01-01;KREISE;;07311;;KLASS;;A1;Benzin;17178;Anzahl;W1;Personenkraftwagen nach Kraftstoffarten
46251;;;;2026-01-01;KREISE;;07311;;KLASS;;A2;Diesel;6827;Anzahl;W1;Personenkraftwagen nach Kraftstoffarten
46251;;;;2026-01-01;KREISE;;07311;;KLASS;;A3;Gas (einschl. bivalent);145;Anzahl;W1;Personenkraftwagen nach Kraftstoffarten
46251;;;;2026-01-01;KREISE;;07311;;KLASS;;A4;Hybrid;2478;Anzahl;W1;Personenkraftwagen nach Kraftstoffarten
46251;;;;2026-01-01;KREISE;;07311;;KLASS;;A5;darunter Plug-In-Hybrid;628;Anzahl;W1;Personenkraftwagen nach Kraftstoffarten
46251;;;;2026-01-01;KREISE;;07311;;KLASS;;A6;Elektro;760;Anzahl;W1;Personenkraftwagen nach Kraftstoffarten
46251;;;;2026-01-01;KREISE;;07311;;KLASS;;A7;sonstige Kraftstoffarten;6;Anzahl;W1;Personenkraftwagen nach Kraftstoffarten
46251;;;;2026-01-01;KREISE;;07311;;;;;;569,1;;PKWEW;Pkw je 1.000 Einwohner, berechnet
46251;;;;2026-01-01;KREISE;;07311;;KLASS;;A1;Benzin;62,7;%;PKWANT;Anteil am Pkw-Bestand, berechnet
46251;;;;2026-01-01;KREISE;;07311;;KLASS;;A2;Diesel;24,9;%;PKWANT;Anteil am Pkw-Bestand, berechnet
46251;;;;2026-01-01;KREISE;;07311;;KLASS;;A3;Gas (einschl. bivalent);0,5;%;PKWANT;Anteil am Pkw-Bestand, berechnet
46251;;;;2026-01-01;KREISE;;07311;;KLASS;;A4;Hybrid;9,0;%;PKWANT;Anteil am Pkw-Bestand, berechnet
46251;;;;2026-01-01;KREISE;;07311;;KLASS;;A5;darunter Plug-In-Hybrid;2,3;%;PKWANT;Anteil am Pkw-Bestand, berechnet
46251;;;;2026-01-01;KREISE;;07311;;KLASS;;A6;Elektro;2,8;%;PKWANT;Anteil am Pkw-Bestand, berechnet
46251;;;;2026-01-01;KREISE;;07311;;KLASS;;A7;sonstige Kraftstoffarten;0,0;%;PKWANT;Anteil am Pkw-Bestand, berechnet
46251;;;;2026-01-01;KREISE;;07312;Kaiserslautern, kreisfreie Stadt;KLASS;;;Insgesamt;50177;Anzahl;W1;Personenkraftwagen nach Kraftstoffarten
46251;;;;2026-01-01;KREISE;;07312;;KLASS;;A1;Benzin;31405;Anzahl;W1;Personenkraftwagen nach Kraftstoffarten
46251;;;;2026-01-01;KREISE;;07312;;KLASS;;A2;Diesel;11225;Anzahl;W1;Personenkraftwagen nach Kraftstoffarten
46251;;;;2026-01-01;KREISE;;07312;;KLASS;;A3;Gas (einschl. bivalent);278;Anzahl;W1;Personenkraftwagen nach Kraftstoffarten
46251;;;;2026-01-01;KREISE;;07312;;KLASS;;A4;Hybrid;5264;Anzahl;W1;Personenkraftwagen nach Kraftstoffarten
46251;;;;2026-01-01;KREISE;;07312;;KLASS;;A5;darunter Plug-In-Hybrid;1256;Anzahl;W1;Personenkraftwagen nach Kraftstoffarten
46251;;;;2026-01-01;KREISE;;07312;;KLASS;;A6;Elektro;1993;Anzahl;W1;Personenkraftwagen nach Kraftstoffarten
46251;;;;2026-01-01;KREISE;;07312;;KLASS;;A7;sonstige Kraftstoffarten;12;Anzahl;W1;Personenkraftwagen nach Kraftstoffarten
46251;;;;2026-01-01;KREISE;;07312;;;;;;500,5;;PKWEW;Pkw je 1.000 Einwohner, berechnet
46251;;;;2026-01-01;KREISE;;07312;;KLASS;;A1;Benzin;62,6;%;PKWANT;Anteil am Pkw-Bestand, berechnet
46251;;;;2026-01-01;KREISE;;07312;;KLASS;;A2;Diesel;22,4;%;PKWANT;Anteil am Pkw-Bestand, berechnet
46251;;;;2026-01-01;KREISE;;07312;;KLASS;;A3;Gas (einschl. bivalent);0,6;%;PKWANT;Anteil am Pkw-Bestand, berechnet
46251;;;;2026-01-01;KREISE;;07312;;KLASS;;A4;Hybrid;10,5;%;PKWANT;Anteil am Pkw-Bestand, berechnet
46251;;;;2026-01-01;KREISE;;07312;;KLASS;;A5;darunter Plug-In-Hybrid;2,5;%;PKWANT;Anteil am Pkw-Bestand, berechnet
46251;;;;2026-01-01;KREISE;;07312;;KLASS;;A6;Elektro;4,0;%;PKWANT;Anteil am Pkw-Bestand, berechnet
46251;;;;2026-01-01;KREISE;;07312;;KLASS;;A7;sonstige Kraftstoffarten;0,0;%;PKWANT;Anteil am Pkw-Bestand, berechnet
46251;;;;2026-01-01;KREISE;;07313;Landau in der Pfalz, kreisfreie Stadt;KLASS;;;Insgesamt;28668;Anzahl;W1;Personenkraftwagen nach Kraftstoffarten
46251;;;;2026-01-01;KREISE;;07313;;KLASS;;A1;Benzin;17543;Anzahl;W1;Personenkraftwagen nach Kraftstoffarten
46251;;;;2026-01-01;KREISE;;07313;;KLASS;;A2;Diesel;7177;Anzahl;W1;Personenkraftwagen nach Kraftstoffarten
46251;;;;2026-01-01;KREISE;;07313;;KLASS;;A3;Gas (einschl. bivalent);180;Anzahl;W1;Personenkraftwagen nach Kraftstoffarten
46251;;;;2026-01-01;KREISE;;07313;;KLASS;;A4;Hybrid;2516;Anzahl;W1;Personenkraftwagen nach Kraftstoffarten
46251;;;;2026-01-01;KREISE;;07313;;KLASS;;A5;darunter Plug-In-Hybrid;713;Anzahl;W1;Personenkraftwagen nach Kraftstoffarten
46251;;;;2026-01-01;KREISE;;07313;;KLASS;;A6;Elektro;1251;Anzahl;W1;Personenkraftwagen nach Kraftstoffarten
46251;;;;2026-01-01;KREISE;;07313;;KLASS;;A7;sonstige Kraftstoffarten;1;Anzahl;W1;Personenkraftwagen nach Kraftstoffarten
46251;;;;2026-01-01;KREISE;;07313;;;;;;593,8;;PKWEW;Pkw je 1.000 Einwohner, berechnet
46251;;;;2026-01-01;KREISE;;07313;;KLASS;;A1;Benzin;61,2;%;PKWANT;Anteil am Pkw-Bestand, berechnet
46251;;;;2026-01-01;KREISE;;07313;;KLASS;;A2;Diesel;25,0;%;PKWANT;Anteil am Pkw-Bestand, berechnet
46251;;;;2026-01-01;KREISE;;07313;;KLASS;;A3;Gas (einschl. bivalent);0,6;%;PKWANT;Anteil am Pkw-Bestand, berechnet
46251;;;;2026-01-01;KREISE;;07313;;KLASS;;A4;Hybrid;8,8;%;PKWANT;Anteil am Pkw-Bestand, berechnet
46251;;;;2026-01-01;KREISE;;07313;;KLASS;;A5;darunter Plug-In-Hybrid;2,5;%;PKWANT;Anteil am Pkw-Bestand, berechnet
46251;;;;2026-01-01;KREISE;;07313;;KLASS;;A6;Elektro;4,4;%;PKWANT;Anteil am Pkw-Bestand, berechnet
46251;;;;2026-01-01;KREISE;;07313;;KLASS;;A7;sonstige Kraftstoffarten;0,0;%;PKWANT;Anteil am Pkw-Bestand, berechnet
46251;;;;2026-01-01;KREISE;;07314;Ludwigshafen am Rhein, kreisfreie Stadt;KLASS;;;Insgesamt;85000;Anzahl;W1;Personenkraftwagen nach Kraftstoffarten
46251;;;;2026-01-01;KREISE;;07314;;KLASS;;A1;Benzin;52390;Anzahl;W1;Personenkraftwagen nach Kraftstoffarten
46251;;;;2026-01-01;KREISE;;07314;;KLASS;;A2;Diesel;20873;Anzahl;W1;Personenkraftwagen nach Kraftstoffarten
46251;;;;2026-01-01;KREISE;;07314;;KLASS;;A3;Gas (einschl. bivalent);462;Anzahl;W1;Personenkraftwagen nach Kraftstoffarten
46251;;;;2026-01-01;KREISE;;07314;;KLASS;;A4;Hybrid;8098;Anzahl;W1;Personenkraftwagen nach Kraftstoffarten
46251;;;;2026-01-01;KREISE;;07314;;KLASS;;A5;darunter Plug-In-Hybrid;2031;Anzahl;W1;Personenkraftwagen nach Kraftstoffarten
46251;;;;2026-01-01;KREISE;;07314;;KLASS;;A6;Elektro;3166;Anzahl;W1;Personenkraftwagen nach Kraftstoffarten
46251;;;;2026-01-01;KREISE;;07314;;KLASS;;A7;sonstige Kraftstoffarten;11;Anzahl;W1;Personenkraftwagen nach Kraftstoffarten
46251;;;;2026-01-01;KREISE;;07314;;;;;;479,3;;PKWEW;Pkw je 1.000 Einwohner, berechnet
46251;;;;2026-01-01;KREISE;;07314;;KLASS;;A1;Benzin;61,6;%;PKWANT;Anteil am Pkw-Bestand, berechnet
46251;;;;2026-01-01;KREISE;;07314;;KLASS;;A2;Diesel;24,6;%;PKWANT;Anteil am Pkw-Bestand, berechnet
46251;;;;2026-01-01;KREISE;;07314;;KLASS;;A3;Gas (einschl. bivalent);0,5;%;PKWANT;Anteil am Pkw-Bestand, berechnet
46251;;;;2026-01-01;KREISE;;07314;;KLASS;;A4;Hybrid;9,5;%;PKWANT;Anteil am Pkw-Bestand, berechnet
46251;;;;2026-01-01;KREISE;;07314;;KLASS;;A5;darunter Plug-In-Hybrid;2,4;%;PKWANT;Anteil am Pkw-Bestand, berechnet
46251;;;;2026-01-01;KREISE;;07314;;KLASS;;A6;Elektro;3,7;%;PKWANT;Anteil am Pkw-Bestand, berechnet
46251;;;;2026-01-01;KREISE;;07314;;KLASS;;A7;sonstige Kraftstoffarten;0,0;%;PKWANT;Anteil am Pkw-Bestand, berechnet
46251;;;;2026-01-01;KREISE;;07315;Mainz, kreisfreie Stadt;KLASS;;;Insgesamt;103067;Anzahl;W1;Personenkraftwagen nach Kraftstoffarten
46251;;;;2026-01-01;KREISE;;07315;;KLASS;;A1;Benzin;62246;Anzahl;W1;Personenkraftwagen nach Kraftstoffarten
46251;;;;2026-01-01;KREISE;;07315;;KLASS;;A2;Diesel;25117;Anzahl;W1;Personenkraftwagen nach Kraftstoffarten
46251;;;;2026-01-01;KREISE;;07315;;KLASS;;A3;Gas (einschl. bivalent);610;Anzahl;W1;Personenkraftwagen nach Kraftstoffarten
46251;;;;2026-01-01;KREISE;;07315;;KLASS;;A4;Hybrid;10280;Anzahl;W1;Personenkraftwagen nach Kraftstoffarten
46251;;;;2026-01-01;KREISE;;07315;;KLASS;;A5;darunter Plug-In-Hybrid;2830;Anzahl;W1;Personenkraftwagen nach Kraftstoffarten
46251;;;;2026-01-01;KREISE;;07315;;KLASS;;A6;Elektro;4804;Anzahl;W1;Personenkraftwagen nach Kraftstoffarten
46251;;;;2026-01-01;KREISE;;07315;;KLASS;;A7;sonstige Kraftstoffarten;10;Anzahl;W1;Personenkraftwagen nach Kraftstoffarten
46251;;;;2026-01-01;KREISE;;07315;;;;;;460,4;;PKWEW;Pkw je 1.000 Einwohner, berechnet
46251;;;;2026-01-01;KREISE;;07315;;KLASS;;A1;Benzin;60,4;%;PKWANT;Anteil am Pkw-Bestand, berechnet
46251;;;;2026-01-01;KREISE;;07315;;KLASS;;A2;Diesel;24,4;%;PKWANT;Anteil am Pkw-Bestand, berechnet
46251;;;;2026-01-01;KREISE;;07315;;KLASS;;A3;Gas (einschl. bivalent);0,6;%;PKWANT;Anteil am Pkw-Bestand, berechnet
46251;;;;2026-01-01;KREISE;;07315;;KLASS;;A4;Hybrid;10,0;%;PKWANT;Anteil am Pkw-Bestand, berechnet
46251;;;;2026-01-01;KREISE;;07315;;KLASS;;A5;darunter Plug-In-Hybrid;2,7;%;PKWANT;Anteil am Pkw-Bestand, berechnet
46251;;;;2026-01-01;KREISE;;07315;;KLASS;;A6;Elektro;4,7;%;PKWANT;Anteil am Pkw-Bestand, berechnet
46251;;;;2026-01-01;KREISE;;07315;;KLASS;;A7;sonstige Kraftstoffarten;0,0;%;PKWANT;Anteil am Pkw-Bestand, berechnet
46251;;;;2026-01-01;KREISE;;07316;Neustadt an der Weinstraße, kreisfreie Stadt;KLASS;;;Insgesamt;33998;Anzahl;W1;Personenkraftwagen nach Kraftstoffarten
46251;;;;2026-01-01;KREISE;;07316;;KLASS;;A1;Benzin;20809;Anzahl;W1;Personenkraftwagen nach Kraftstoffarten
46251;;;;2026-01-01;KREISE;;07316;;KLASS;;A2;Diesel;8832;Anzahl;W1;Personenkraftwagen nach Kraftstoffarten
46251;;;;2026-01-01;KREISE;;07316;;KLASS;;A3;Gas (einschl. bivalent);206;Anzahl;W1;Personenkraftwagen nach Kraftstoffarten
46251;;;;2026-01-01;KREISE;;07316;;KLASS;;A4;Hybrid;2654;Anzahl;W1;Personenkraftwagen nach Kraftstoffarten
46251;;;;2026-01-01;KREISE;;07316;;KLASS;;A5;darunter Plug-In-Hybrid;647;Anzahl;W1;Personenkraftwagen nach Kraftstoffarten
46251;;;;2026-01-01;KREISE;;07316;;KLASS;;A6;Elektro;1492;Anzahl;W1;Personenkraftwagen nach Kraftstoffarten
46251;;;;2026-01-01;KREISE;;07316;;KLASS;;A7;sonstige Kraftstoffarten;5;Anzahl;W1;Personenkraftwagen nach Kraftstoffarten
46251;;;;2026-01-01;KREISE;;07316;;;;;;642,9;;PKWEW;Pkw je 1.000 Einwohner, berechnet
46251;;;;2026-01-01;KREISE;;07316;;KLASS;;A1;Benzin;61,2;%;PKWANT;Anteil am Pkw-Bestand, berechnet
46251;;;;2026-01-01;KREISE;;07316;;KLASS;;A2;Diesel;26,0;%;PKWANT;Anteil am Pkw-Bestand, berechnet
46251;;;;2026-01-01;KREISE;;07316;;KLASS;;A3;Gas (einschl. bivalent);0,6;%;PKWANT;Anteil am Pkw-Bestand, berechnet
46251;;;;2026-01-01;KREISE;;07316;;KLASS;;A4;Hybrid;7,8;%;PKWANT;Anteil am Pkw-Bestand, berechnet
46251;;;;2026-01-01;KREISE;;07316;;KLASS;;A5;darunter Plug-In-Hybrid;1,9;%;PKWANT;Anteil am Pkw-Bestand, berechnet
46251;;;;2026-01-01;KREISE;;07316;;KLASS;;A6;Elektro;4,4;%;PKWANT;Anteil am Pkw-Bestand, berechnet
46251;;;;2026-01-01;KREISE;;07316;;KLASS;;A7;sonstige Kraftstoffarten;0,0;%;PKWANT;Anteil am Pkw-Bestand, berechnet
46251;;;;2026-01-01;KREISE;;07317;Pirmasens, kreisfreie Stadt;KLASS;;;Insgesamt;23294;Anzahl;W1;Personenkraftwagen nach Kraftstoffarten
46251;;;;2026-01-01;KREISE;;07317;;KLASS;;A1;Benzin;14737;Anzahl;W1;Personenkraftwagen nach Kraftstoffarten
46251;;;;2026-01-01;KREISE;;07317;;KLASS;;A2;Diesel;5589;Anzahl;W1;Personenkraftwagen nach Kraftstoffarten
46251;;;;2026-01-01;KREISE;;07317;;KLASS;;A3;Gas (einschl. bivalent);141;Anzahl;W1;Personenkraftwagen nach Kraftstoffarten
46251;;;;2026-01-01;KREISE;;07317;;KLASS;;A4;Hybrid;2174;Anzahl;W1;Personenkraftwagen nach Kraftstoffarten
46251;;;;2026-01-01;KREISE;;07317;;KLASS;;A5;darunter Plug-In-Hybrid;507;Anzahl;W1;Personenkraftwagen nach Kraftstoffarten
46251;;;;2026-01-01;KREISE;;07317;;KLASS;;A6;Elektro;650;Anzahl;W1;Personenkraftwagen nach Kraftstoffarten
46251;;;;2026-01-01;KREISE;;07317;;KLASS;;A7;sonstige Kraftstoffarten;3;Anzahl;W1;Personenkraftwagen nach Kraftstoffarten
46251;;;;2026-01-01;KREISE;;07317;;;;;;591,4;;PKWEW;Pkw je 1.000 Einwohner, berechnet
46251;;;;2026-01-01;KREISE;;07317;;KLASS;;A1;Benzin;63,3;%;PKWANT;Anteil am Pkw-Bestand, berechnet
46251;;;;2026-01-01;KREISE;;07317;;KLASS;;A2;Diesel;24,0;%;PKWANT;Anteil am Pkw-Bestand, berechnet
46251;;;;2026-01-01;KREISE;;07317;;KLASS;;A3;Gas (einschl. bivalent);0,6;%;PKWANT;Anteil am Pkw-Bestand, berechnet
46251;;;;2026-01-01;KREISE;;07317;;KLASS;;A4;Hybrid;9,3;%;PKWANT;Anteil am Pkw-Bestand, berechnet
46251;;;;2026-01-01;KREISE;;07317;;KLASS;;A5;darunter Plug-In-Hybrid;2,2;%;PKWANT;Anteil am Pkw-Bestand, berechnet
46251;;;;2026-01-01;KREISE;;07317;;KLASS;;A6;Elektro;2,8;%;PKWANT;Anteil am Pkw-Bestand, berechnet
46251;;;;2026-01-01;KREISE;;07317;;KLASS;;A7;sonstige Kraftstoffarten;0,0;%;PKWANT;Anteil am Pkw-Bestand, berechnet
46251;;;;2026-01-01;KREISE;;07318;Speyer, kreisfreie Stadt;KLASS;;;Insgesamt;30302;Anzahl;W1;Personenkraftwagen nach Kraftstoffarten
46251;;;;2026-01-01;KREISE;;07318;;KLASS;;A1;Benzin;18839;Anzahl;W1;Personenkraftwagen nach Kraftstoffarten
46251;;;;2026-01-01;KREISE;;07318;;KLASS;;A2;Diesel;7734;Anzahl;W1;Personenkraftwagen nach Kraftstoffarten
46251;;;;2026-01-01;KREISE;;07318;;KLASS;;A3;Gas (einschl. bivalent);204;Anzahl;W1;Personenkraftwagen nach Kraftstoffarten
46251;;;;2026-01-01;KREISE;;07318;;KLASS;;A4;Hybrid;2436;Anzahl;W1;Personenkraftwagen nach Kraftstoffarten
46251;;;;2026-01-01;KREISE;;07318;;KLASS;;A5;darunter Plug-In-Hybrid;523;Anzahl;W1;Personenkraftwagen nach Kraftstoffarten
46251;;;;2026-01-01;KREISE;;07318;;KLASS;;A6;Elektro;1088;Anzahl;W1;Personenkraftwagen nach Kraftstoffarten
46251;;;;2026-01-01;KREISE;;07318;;KLASS;;A7;sonstige Kraftstoffarten;1;Anzahl;W1;Personenkraftwagen nach Kraftstoffarten
46251;;;;2026-01-01;KREISE;;07318;;;;;;618,0;;PKWEW;Pkw je 1.000 Einwohner, berechnet
46251;;;;2026-01-01;KREISE;;07318;;KLASS;;A1;Benzin;62,2;%;PKWANT;Anteil am Pkw-Bestand, berechnet
46251;;;;2026-01-01;KREISE;;07318;;KLASS;;A2;Diesel;25,5;%;PKWANT;Anteil am Pkw-Bestand, berechnet
46251;;;;2026-01-01;KREISE;;07318;;KLASS;;A3;Gas (einschl. bivalent);0,7;%;PKWANT;Anteil am Pkw-Bestand, berechnet
46251;;;;2026-01-01;KREISE;;07318;;KLASS;;A4;Hybrid;8,0;%;PKWANT;Anteil am Pkw-Bestand, berechnet
46251;;;;2026-01-01;KREISE;;07318;;KLASS;;A5;darunter Plug-In-Hybrid;1,7;%;PKWANT;Anteil am Pkw-Bestand, berechnet
46251;;;;2026-01-01;KREISE;;07318;;KLASS;;A6;Elektro;3,6;%;PKWANT;Anteil am Pkw-Bestand, berechnet
46251;;;;2026-01-01;KREISE;;07318;;KLASS;;A7;sonstige Kraftstoffarten;0,0;%;PKWANT;Anteil am Pkw-Bestand, berechnet
46251;;;;2026-01-01;KREISE;;07319;Worms, kreisfreie Stadt;KLASS;;;Insgesamt;46933;Anzahl;W1;Personenkraftwagen nach Kraftstoffarten
46251;;;;2026-01-01;KREISE;;07319;;KLASS;;A1;Benzin;29425;Anzahl;W1;Personenkraftwagen nach Kraftstoffarten
46251;;;;2026-01-01;KREISE;;07319;;KLASS;;A2;Diesel;11776;Anzahl;W1;Personenkraftwagen nach Kraftstoffarten
46251;;;;2026-01-01;KREISE;;07319;;KLASS;;A3;Gas (einschl. bivalent);231;Anzahl;W1;Personenkraftwagen nach Kraftstoffarten
46251;;;;2026-01-01;KREISE;;07319;;KLASS;;A4;Hybrid;4023;Anzahl;W1;Personenkraftwagen nach Kraftstoffarten
46251;;;;2026-01-01;KREISE;;07319;;KLASS;;A5;darunter Plug-In-Hybrid;987;Anzahl;W1;Personenkraftwagen nach Kraftstoffarten
46251;;;;2026-01-01;KREISE;;07319;;KLASS;;A6;Elektro;1475;Anzahl;W1;Personenkraftwagen nach Kraftstoffarten
46251;;;;2026-01-01;KREISE;;07319;;KLASS;;A7;sonstige Kraftstoffarten;3;Anzahl;W1;Personenkraftwagen nach Kraftstoffarten
46251;;;;2026-01-01;KREISE;;07319;;;;;;540,0;;PKWEW;Pkw je 1.000 Einwohner, berechnet
46251;;;;2026-01-01;KREISE;;07319;;KLASS;;A1;Benzin;62,7;%;PKWANT;Anteil am Pkw-Bestand, berechnet
46251;;;;2026-01-01;KREISE;;07319;;KLASS;;A2;Diesel;25,1;%;PKWANT;Anteil am Pkw-Bestand, berechnet
46251;;;;2026-01-01;KREISE;;07319;;KLASS;;A3;Gas (einschl. bivalent);0,5;%;PKWANT;Anteil am Pkw-Bestand, berechnet
46251;;;;2026-01-01;KREISE;;07319;;KLASS;;A4;Hybrid;8,6;%;PKWANT;Anteil am Pkw-Bestand, berechnet
46251;;;;2026-01-01;KREISE;;07319;;KLASS;;A5;darunter Plug-In-Hybrid;2,1;%;PKWANT;Anteil am Pkw-Bestand, berechnet
46251;;;;2026-01-01;KREISE;;07319;;KLASS;;A6;Elektro;3,1;%;PKWANT;Anteil am Pkw-Bestand, berechnet
46251;;;;2026-01-01;KREISE;;07319;;KLASS;;A7;sonstige Kraftstoffarten;0,0;%;PKWANT;Anteil am Pkw-Bestand, berechnet
46251;;;;2026-01-01;KREISE;;07320;Zweibrücken, kreisfreie Stadt;KLASS;;;Insgesamt;21859;Anzahl;W1;Personenkraftwagen nach Kraftstoffarten
46251;;;;2026-01-01;KREISE;;07320;;KLASS;;A1;Benzin;13544;Anzahl;W1;Personenkraftwagen nach Kraftstoffarten
46251;;;;2026-01-01;KREISE;;07320;;KLASS;;A2;Diesel;5370;Anzahl;W1;Personenkraftwagen nach Kraftstoffarten
46251;;;;2026-01-01;KREISE;;07320;;KLASS;;A3;Gas (einschl. bivalent);134;Anzahl;W1;Personenkraftwagen nach Kraftstoffarten
46251;;;;2026-01-01;KREISE;;07320;;KLASS;;A4;Hybrid;2034;Anzahl;W1;Personenkraftwagen nach Kraftstoffarten
46251;;;;2026-01-01;KREISE;;07320;;KLASS;;A5;darunter Plug-In-Hybrid;508;Anzahl;W1;Personenkraftwagen nach Kraftstoffarten
46251;;;;2026-01-01;KREISE;;07320;;KLASS;;A6;Elektro;768;Anzahl;W1;Personenkraftwagen nach Kraftstoffarten
46251;;;;2026-01-01;KREISE;;07320;;KLASS;;A7;sonstige Kraftstoffarten;9;Anzahl;W1;Personenkraftwagen nach Kraftstoffarten
46251;;;;2026-01-01;KREISE;;07320;;;;;;658,8;;PKWEW;Pkw je 1.000 Einwohner, berechnet
46251;;;;2026-01-01;KREISE;;07320;;KLASS;;A1;Benzin;62,0;%;PKWANT;Anteil am Pkw-Bestand, berechnet
46251;;;;2026-01-01;KREISE;;07320;;KLASS;;A2;Diesel;24,6;%;PKWANT;Anteil am Pkw-Bestand, berechnet
46251;;;;2026-01-01;KREISE;;07320;;KLASS;;A3;Gas (einschl. bivalent);0,6;%;PKWANT;Anteil am Pkw-Bestand, berechnet
46251;;;;2026-01-01;KREISE;;07320;;KLASS;;A4;Hybrid;9,3;%;PKWANT;Anteil am Pkw-Bestand, berechnet
46251;;;;2026-01-01;KREISE;;07320;;KLASS;;A5;darunter Plug-In-Hybrid;2,3;%;PKWANT;Anteil am Pkw-Bestand, berechnet
46251;;;;2026-01-01;KREISE;;07320;;KLASS;;A6;Elektro;3,5;%;PKWANT;Anteil am Pkw-Bestand, berechnet
46251;;;;2026-01-01;KREISE;;07320;;KLASS;;A7;sonstige Kraftstoffarten;0,0;%;PKWANT;Anteil am Pkw-Bestand, berechnet
46251;;;;2026-01-01;KREISE;;07331;Alzey-Worms, Landkreis;KLASS;;;Insgesamt;88932;Anzahl;W1;Personenkraftwagen nach Kraftstoffarten
46251;;;;2026-01-01;KREISE;;07331;;KLASS;;A1;Benzin;52990;Anzahl;W1;Personenkraftwagen nach Kraftstoffarten
46251;;;;2026-01-01;KREISE;;07331;;KLASS;;A2;Diesel;25539;Anzahl;W1;Personenkraftwagen nach Kraftstoffarten
46251;;;;2026-01-01;KREISE;;07331;;KLASS;;A3;Gas (einschl. bivalent);513;Anzahl;W1;Personenkraftwagen nach Kraftstoffarten
46251;;;;2026-01-01;KREISE;;07331;;KLASS;;A4;Hybrid;6204;Anzahl;W1;Personenkraftwagen nach Kraftstoffarten
46251;;;;2026-01-01;KREISE;;07331;;KLASS;;A5;darunter Plug-In-Hybrid;1538;Anzahl;W1;Personenkraftwagen nach Kraftstoffarten
46251;;;;2026-01-01;KREISE;;07331;;KLASS;;A6;Elektro;3675;Anzahl;W1;Personenkraftwagen nach Kraftstoffarten
46251;;;;2026-01-01;KREISE;;07331;;KLASS;;A7;sonstige Kraftstoffarten;11;Anzahl;W1;Personenkraftwagen nach Kraftstoffarten
46251;;;;2026-01-01;KREISE;;07331;;;;;;678,5;;PKWEW;Pkw je 1.000 Einwohner, berechnet
46251;;;;2026-01-01;KREISE;;07331;;KLASS;;A1;Benzin;59,6;%;PKWANT;Anteil am Pkw-Bestand, berechnet
46251;;;;2026-01-01;KREISE;;07331;;KLASS;;A2;Diesel;28,7;%;PKWANT;Anteil am Pkw-Bestand, berechnet
46251;;;;2026-01-01;KREISE;;07331;;KLASS;;A3;Gas (einschl. bivalent);0,6;%;PKWANT;Anteil am Pkw-Bestand, berechnet
46251;;;;2026-01-01;KREISE;;07331;;KLASS;;A4;Hybrid;7,0;%;PKWANT;Anteil am Pkw-Bestand, berechnet
46251;;;;2026-01-01;KREISE;;07331;;KLASS;;A5;darunter Plug-In-Hybrid;1,7;%;PKWANT;Anteil am Pkw-Bestand, berechnet
46251;;;;2026-01-01;KREISE;;07331;;KLASS;;A6;Elektro;4,1;%;PKWANT;Anteil am Pkw-Bestand, berechnet
46251;;;;2026-01-01;KREISE;;07331;;KLASS;;A7;sonstige Kraftstoffarten;0,0;%;PKWANT;Anteil am Pkw-Bestand, berechnet
46251;;;;2026-01-01;KREISE;;07332;Bad Dürkheim, Landkreis;KLASS;;;Insgesamt;93921;Anzahl;W1;Personenkraftwagen nach Kraftstoffarten
46251;;;;2026-01-01;KREISE;;07332;;KLASS;;A1;Benzin;57719;Anzahl;W1;Personenkraftwagen nach Kraftstoffarten
46251;;;;2026-01-01;KREISE;;07332;;KLASS;;A2;Diesel;24212;Anzahl;W1;Personenkraftwagen nach Kraftstoffarten
46251;;;;2026-01-01;KREISE;;07332;;KLASS;;A3;Gas (einschl. bivalent);663;Anzahl;W1;Personenkraftwagen nach Kraftstoffarten
46251;;;;2026-01-01;KREISE;;07332;;KLASS;;A4;Hybrid;7351;Anzahl;W1;Personenkraftwagen nach Kraftstoffarten
46251;;;;2026-01-01;KREISE;;07332;;KLASS;;A5;darunter Plug-In-Hybrid;1800;Anzahl;W1;Personenkraftwagen nach Kraftstoffarten
46251;;;;2026-01-01;KREISE;;07332;;KLASS;;A6;Elektro;3963;Anzahl;W1;Personenkraftwagen nach Kraftstoffarten
46251;;;;2026-01-01;KREISE;;07332;;KLASS;;A7;sonstige Kraftstoffarten;13;Anzahl;W1;Personenkraftwagen nach Kraftstoffarten
46251;;;;2026-01-01;KREISE;;07332;;;;;;701,6;;PKWEW;Pkw je 1.000 Einwohner, berechnet
46251;;;;2026-01-01;KREISE;;07332;;KLASS;;A1;Benzin;61,5;%;PKWANT;Anteil am Pkw-Bestand, berechnet
46251;;;;2026-01-01;KREISE;;07332;;KLASS;;A2;Diesel;25,8;%;PKWANT;Anteil am Pkw-Bestand, berechnet
46251;;;;2026-01-01;KREISE;;07332;;KLASS;;A3;Gas (einschl. bivalent);0,7;%;PKWANT;Anteil am Pkw-Bestand, berechnet
46251;;;;2026-01-01;KREISE;;07332;;KLASS;;A4;Hybrid;7,8;%;PKWANT;Anteil am Pkw-Bestand, berechnet
46251;;;;2026-01-01;KREISE;;07332;;KLASS;;A5;darunter Plug-In-Hybrid;1,9;%;PKWANT;Anteil am Pkw-Bestand, berechnet
46251;;;;2026-01-01;KREISE;;07332;;KLASS;;A6;Elektro;4,2;%;PKWANT;Anteil am Pkw-Bestand, berechnet
46251;;;;2026-01-01;KREISE;;07332;;KLASS;;A7;sonstige Kraftstoffarten;0,0;%;PKWANT;Anteil am Pkw-Bestand, berechnet
46251;;;;2026-01-01;KREISE;;07333;Donnersbergkreis;KLASS;;;Insgesamt;52443;Anzahl;W1;Personenkraftwagen nach Kraftstoffarten
46251;;;;2026-01-01;KREISE;;07333;;KLASS;;A1;Benzin;30989;Anzahl;W1;Personenkraftwagen nach Kraftstoffarten
46251;;;;2026-01-01;KREISE;;07333;;KLASS;;A2;Diesel;15436;Anzahl;W1;Personenkraftwagen nach Kraftstoffarten
46251;;;;2026-01-01;KREISE;;07333;;KLASS;;A3;Gas (einschl. bivalent);371;Anzahl;W1;Personenkraftwagen nach Kraftstoffarten
46251;;;;2026-01-01;KREISE;;07333;;KLASS;;A4;Hybrid;3820;Anzahl;W1;Personenkraftwagen nach Kraftstoffarten
46251;;;;2026-01-01;KREISE;;07333;;KLASS;;A5;darunter Plug-In-Hybrid;844;Anzahl;W1;Personenkraftwagen nach Kraftstoffarten
46251;;;;2026-01-01;KREISE;;07333;;KLASS;;A6;Elektro;1820;Anzahl;W1;Personenkraftwagen nach Kraftstoffarten
46251;;;;2026-01-01;KREISE;;07333;;KLASS;;A7;sonstige Kraftstoffarten;7;Anzahl;W1;Personenkraftwagen nach Kraftstoffarten
46251;;;;2026-01-01;KREISE;;07333;;;;;;703,1;;PKWEW;Pkw je 1.000 Einwohner, berechnet
46251;;;;2026-01-01;KREISE;;07333;;KLASS;;A1;Benzin;59,1;%;PKWANT;Anteil am Pkw-Bestand, berechnet
46251;;;;2026-01-01;KREISE;;07333;;KLASS;;A2;Diesel;29,4;%;PKWANT;Anteil am Pkw-Bestand, berechnet
46251;;;;2026-01-01;KREISE;;07333;;KLASS;;A3;Gas (einschl. bivalent);0,7;%;PKWANT;Anteil am Pkw-Bestand, berechnet
46251;;;;2026-01-01;KREISE;;07333;;KLASS;;A4;Hybrid;7,3;%;PKWANT;Anteil am Pkw-Bestand, berechnet
46251;;;;2026-01-01;KREISE;;07333;;KLASS;;A5;darunter Plug-In-Hybrid;1,6;%;PKWANT;Anteil am Pkw-Bestand, berechnet
46251;;;;2026-01-01;KREISE;;07333;;KLASS;;A6;Elektro;3,5;%;PKWANT;Anteil am Pkw-Bestand, berechnet
46251;;;;2026-01-01;KREISE;;07333;;KLASS;;A7;sonstige Kraftstoffarten;0,0;%;PKWANT;Anteil am Pkw-Bestand, berechnet
46251;;;;2026-01-01;KREISE;;07334;Germersheim, Landkreis;KLASS;;;Insgesamt;85999;Anzahl;W1;Personenkraftwagen nach Kraftstoffarten
46251;;;;2026-01-01;KREISE;;07334;;KLASS;;A1;Benzin;49983;Anzahl;W1;Personenkraftwagen nach Kraftstoffarten
46251;;;;2026-01-01;KREISE;;07334;;KLASS;;A2;Diesel;24643;Anzahl;W1;Personenkraftwagen nach Kraftstoffarten
46251;;;;2026-01-01;KREISE;;07334;;KLASS;;A3;Gas (einschl. bivalent);476;Anzahl;W1;Personenkraftwagen nach Kraftstoffarten
46251;;;;2026-01-01;KREISE;;07334;;KLASS;;A4;Hybrid;7517;Anzahl;W1;Personenkraftwagen nach Kraftstoffarten
46251;;;;2026-01-01;KREISE;;07334;;KLASS;;A5;darunter Plug-In-Hybrid;1844;Anzahl;W1;Personenkraftwagen nach Kraftstoffarten
46251;;;;2026-01-01;KREISE;;07334;;KLASS;;A6;Elektro;3364;Anzahl;W1;Personenkraftwagen nach Kraftstoffarten
46251;;;;2026-01-01;KREISE;;07334;;KLASS;;A7;sonstige Kraftstoffarten;16;Anzahl;W1;Personenkraftwagen nach Kraftstoffarten
46251;;;;2026-01-01;KREISE;;07334;;;;;;657,7;;PKWEW;Pkw je 1.000 Einwohner, berechnet
46251;;;;2026-01-01;KREISE;;07334;;KLASS;;A1;Benzin;58,1;%;PKWANT;Anteil am Pkw-Bestand, berechnet
46251;;;;2026-01-01;KREISE;;07334;;KLASS;;A2;Diesel;28,7;%;PKWANT;Anteil am Pkw-Bestand, berechnet
46251;;;;2026-01-01;KREISE;;07334;;KLASS;;A3;Gas (einschl. bivalent);0,6;%;PKWANT;Anteil am Pkw-Bestand, berechnet
46251;;;;2026-01-01;KREISE;;07334;;KLASS;;A4;Hybrid;8,7;%;PKWANT;Anteil am Pkw-Bestand, berechnet
46251;;;;2026-01-01;KREISE;;07334;;KLASS;;A5;darunter Plug-In-Hybrid;2,1;%;PKWANT;Anteil am Pkw-Bestand, berechnet
46251;;;;2026-01-01;KREISE;;07334;;KLASS;;A6;Elektro;3,9;%;PKWANT;Anteil am Pkw-Bestand, berechnet
46251;;;;2026-01-01;KREISE;;07334;;KLASS;;A7;sonstige Kraftstoffarten;0,0;%;PKWANT;Anteil am Pkw-Bestand, berechnet
46251;;;;2026-01-01;KREISE;;07335;Kaiserslautern, Landkreis;KLASS;;;Insgesamt;70949;Anzahl;W1;Personenkraftwagen nach Kraftstoffarten
46251;;;;2026-01-01;KREISE;;07335;;KLASS;;A1;Benzin;43291;Anzahl;W1;Personenkraftwagen nach Kraftstoffarten
46251;;;;2026-01-01;KREISE;;07335;;KLASS;;A2;Diesel;18529;Anzahl;W1;Personenkraftwagen nach Kraftstoffarten
46251;;;;2026-01-01;KREISE;;07335;;KLASS;;A3;Gas (einschl. bivalent);363;Anzahl;W1;Personenkraftwagen nach Kraftstoffarten
46251;;;;2026-01-01;KREISE;;07335;;KLASS;;A4;Hybrid;6211;Anzahl;W1;Personenkraftwagen nach Kraftstoffarten
46251;;;;2026-01-01;KREISE;;07335;;KLASS;;A5;darunter Plug-In-Hybrid;1342;Anzahl;W1;Personenkraftwagen nach Kraftstoffarten
46251;;;;2026-01-01;KREISE;;07335;;KLASS;;A6;Elektro;2546;Anzahl;W1;Personenkraftwagen nach Kraftstoffarten
46251;;;;2026-01-01;KREISE;;07335;;KLASS;;A7;sonstige Kraftstoffarten;9;Anzahl;W1;Personenkraftwagen nach Kraftstoffarten
46251;;;;2026-01-01;KREISE;;07335;;;;;;667,3;;PKWEW;Pkw je 1.000 Einwohner, berechnet
46251;;;;2026-01-01;KREISE;;07335;;KLASS;;A1;Benzin;61,0;%;PKWANT;Anteil am Pkw-Bestand, berechnet
46251;;;;2026-01-01;KREISE;;07335;;KLASS;;A2;Diesel;26,1;%;PKWANT;Anteil am Pkw-Bestand, berechnet
46251;;;;2026-01-01;KREISE;;07335;;KLASS;;A3;Gas (einschl. bivalent);0,5;%;PKWANT;Anteil am Pkw-Bestand, berechnet
46251;;;;2026-01-01;KREISE;;07335;;KLASS;;A4;Hybrid;8,8;%;PKWANT;Anteil am Pkw-Bestand, berechnet
46251;;;;2026-01-01;KREISE;;07335;;KLASS;;A5;darunter Plug-In-Hybrid;1,9;%;PKWANT;Anteil am Pkw-Bestand, berechnet
46251;;;;2026-01-01;KREISE;;07335;;KLASS;;A6;Elektro;3,6;%;PKWANT;Anteil am Pkw-Bestand, berechnet
46251;;;;2026-01-01;KREISE;;07335;;KLASS;;A7;sonstige Kraftstoffarten;0,0;%;PKWANT;Anteil am Pkw-Bestand, berechnet
46251;;;;2026-01-01;KREISE;;07336;Kusel, Landkreis;KLASS;;;Insgesamt;48323;Anzahl;W1;Personenkraftwagen nach Kraftstoffarten
46251;;;;2026-01-01;KREISE;;07336;;KLASS;;A1;Benzin;30179;Anzahl;W1;Personenkraftwagen nach Kraftstoffarten
46251;;;;2026-01-01;KREISE;;07336;;KLASS;;A2;Diesel;13228;Anzahl;W1;Personenkraftwagen nach Kraftstoffarten
46251;;;;2026-01-01;KREISE;;07336;;KLASS;;A3;Gas (einschl. bivalent);272;Anzahl;W1;Personenkraftwagen nach Kraftstoffarten
46251;;;;2026-01-01;KREISE;;07336;;KLASS;;A4;Hybrid;3376;Anzahl;W1;Personenkraftwagen nach Kraftstoffarten
46251;;;;2026-01-01;KREISE;;07336;;KLASS;;A5;darunter Plug-In-Hybrid;688;Anzahl;W1;Personenkraftwagen nach Kraftstoffarten
46251;;;;2026-01-01;KREISE;;07336;;KLASS;;A6;Elektro;1262;Anzahl;W1;Personenkraftwagen nach Kraftstoffarten
46251;;;;2026-01-01;KREISE;;07336;;KLASS;;A7;sonstige Kraftstoffarten;6;Anzahl;W1;Personenkraftwagen nach Kraftstoffarten
46251;;;;2026-01-01;KREISE;;07336;;;;;;703,0;;PKWEW;Pkw je 1.000 Einwohner, berechnet
46251;;;;2026-01-01;KREISE;;07336;;KLASS;;A1;Benzin;62,5;%;PKWANT;Anteil am Pkw-Bestand, berechnet
46251;;;;2026-01-01;KREISE;;07336;;KLASS;;A2;Diesel;27,4;%;PKWANT;Anteil am Pkw-Bestand, berechnet
46251;;;;2026-01-01;KREISE;;07336;;KLASS;;A3;Gas (einschl. bivalent);0,6;%;PKWANT;Anteil am Pkw-Bestand, berechnet
46251;;;;2026-01-01;KREISE;;07336;;KLASS;;A4;Hybrid;7,0;%;PKWANT;Anteil am Pkw-Bestand, berechnet
46251;;;;2026-01-01;KREISE;;07336;;KLASS;;A5;darunter Plug-In-Hybrid;1,4;%;PKWANT;Anteil am Pkw-Bestand, berechnet
46251;;;;2026-01-01;KREISE;;07336;;KLASS;;A6;Elektro;2,6;%;PKWANT;Anteil am Pkw-Bestand, berechnet
46251;;;;2026-01-01;KREISE;;07336;;KLASS;;A7;sonstige Kraftstoffarten;0,0;%;PKWANT;Anteil am Pkw-Bestand, berechnet
46251;;;;2026-01-01;KREISE;;07337;Südliche Weinstraße, Landkreis;KLASS;;;Insgesamt;79620;Anzahl;W1;Personenkraftwagen nach Kraftstoffarten
46251;;;;2026-01-01;KREISE;;07337;;KLASS;;A1;Benzin;48318;Anzahl;W1;Personenkraftwagen nach Kraftstoffarten
46251;;;;2026-01-01;KREISE;;07337;;KLASS;;A2;Diesel;22043;Anzahl;W1;Personenkraftwagen nach Kraftstoffarten
46251;;;;2026-01-01;KREISE;;07337;;KLASS;;A3;Gas (einschl. bivalent);409;Anzahl;W1;Personenkraftwagen nach Kraftstoffarten
46251;;;;2026-01-01;KREISE;;07337;;KLASS;;A4;Hybrid;5524;Anzahl;W1;Personenkraftwagen nach Kraftstoffarten
46251;;;;2026-01-01;KREISE;;07337;;KLASS;;A5;darunter Plug-In-Hybrid;1367;Anzahl;W1;Personenkraftwagen nach Kraftstoffarten
46251;;;;2026-01-01;KREISE;;07337;;KLASS;;A6;Elektro;3313;Anzahl;W1;Personenkraftwagen nach Kraftstoffarten
46251;;;;2026-01-01;KREISE;;07337;;KLASS;;A7;sonstige Kraftstoffarten;13;Anzahl;W1;Personenkraftwagen nach Kraftstoffarten
46251;;;;2026-01-01;KREISE;;07337;;;;;;707,1;;PKWEW;Pkw je 1.000 Einwohner, berechnet
46251;;;;2026-01-01;KREISE;;07337;;KLASS;;A1;Benzin;60,7;%;PKWANT;Anteil am Pkw-Bestand, berechnet
46251;;;;2026-01-01;KREISE;;07337;;KLASS;;A2;Diesel;27,7;%;PKWANT;Anteil am Pkw-Bestand, berechnet
46251;;;;2026-01-01;KREISE;;07337;;KLASS;;A3;Gas (einschl. bivalent);0,5;%;PKWANT;Anteil am Pkw-Bestand, berechnet
46251;;;;2026-01-01;KREISE;;07337;;KLASS;;A4;Hybrid;6,9;%;PKWANT;Anteil am Pkw-Bestand, berechnet
46251;;;;2026-01-01;KREISE;;07337;;KLASS;;A5;darunter Plug-In-Hybrid;1,7;%;PKWANT;Anteil am Pkw-Bestand, berechnet
46251;;;;2026-01-01;KREISE;;07337;;KLASS;;A6;Elektro;4,2;%;PKWANT;Anteil am Pkw-Bestand, berechnet
46251;;;;2026-01-01;KREISE;;07337;;KLASS;;A7;sonstige Kraftstoffarten;0,0;%;PKWANT;Anteil am Pkw-Bestand, berechnet
46251;;;;2026-01-01;KREISE;;07338;Rhein-Pfalz-Kreis;KLASS;;;Insgesamt;103603;Anzahl;W1;Personenkraftwagen nach Kraftstoffarten
46251;;;;2026-01-01;KREISE;;07338;;KLASS;;A1;Benzin;66072;Anzahl;W1;Personenkraftwagen nach Kraftstoffarten
46251;;;;2026-01-01;KREISE;;07338;;KLASS;;A2;Diesel;24904;Anzahl;W1;Personenkraftwagen nach Kraftstoffarten
46251;;;;2026-01-01;KREISE;;07338;;KLASS;;A3;Gas (einschl. bivalent);642;Anzahl;W1;Personenkraftwagen nach Kraftstoffarten
46251;;;;2026-01-01;KREISE;;07338;;KLASS;;A4;Hybrid;7859;Anzahl;W1;Personenkraftwagen nach Kraftstoffarten
46251;;;;2026-01-01;KREISE;;07338;;KLASS;;A5;darunter Plug-In-Hybrid;1833;Anzahl;W1;Personenkraftwagen nach Kraftstoffarten
46251;;;;2026-01-01;KREISE;;07338;;KLASS;;A6;Elektro;4105;Anzahl;W1;Personenkraftwagen nach Kraftstoffarten
46251;;;;2026-01-01;KREISE;;07338;;KLASS;;A7;sonstige Kraftstoffarten;21;Anzahl;W1;Personenkraftwagen nach Kraftstoffarten
46251;;;;2026-01-01;KREISE;;07338;;;;;;665,4;;PKWEW;Pkw je 1.000 Einwohner, berechnet
46251;;;;2026-01-01;KREISE;;07338;;KLASS;;A1;Benzin;63,8;%;PKWANT;Anteil am Pkw-Bestand, berechnet
46251;;;;2026-01-01;KREISE;;07338;;KLASS;;A2;Diesel;24,0;%;PKWANT;Anteil am Pkw-Bestand, berechnet
46251;;;;2026-01-01;KREISE;;07338;;KLASS;;A3;Gas (einschl. bivalent);0,6;%;PKWANT;Anteil am Pkw-Bestand, berechnet
46251;;;;2026-01-01;KREISE;;07338;;KLASS;;A4;Hybrid;7,6;%;PKWANT;Anteil am Pkw-Bestand, berechnet
46251;;;;2026-01-01;KREISE;;07338;;KLASS;;A5;darunter Plug-In-Hybrid;1,8;%;PKWANT;Anteil am Pkw-Bestand, berechnet
46251;;;;2026-01-01;KREISE;;07338;;KLASS;;A6;Elektro;4,0;%;PKWANT;Anteil am Pkw-Bestand, berechnet
46251;;;;2026-01-01;KREISE;;07338;;KLASS;;A7;sonstige Kraftstoffarten;0,0;%;PKWANT;Anteil am Pkw-Bestand, berechnet
46251;;;;2026-01-01;KREISE;;07339;Mainz-Bingen, Landkreis;KLASS;;;Insgesamt;147139;Anzahl;W1;Personenkraftwagen nach Kraftstoffarten
46251;;;;2026-01-01;KREISE;;07339;;KLASS;;A1;Benzin;86332;Anzahl;W1;Personenkraftwagen nach Kraftstoffarten
46251;;;;2026-01-01;KREISE;;07339;;KLASS;;A2;Diesel;41120;Anzahl;W1;Personenkraftwagen nach Kraftstoffarten
46251;;;;2026-01-01;KREISE;;07339;;KLASS;;A3;Gas (einschl. bivalent);1016;Anzahl;W1;Personenkraftwagen nach Kraftstoffarten
46251;;;;2026-01-01;KREISE;;07339;;KLASS;;A4;Hybrid;11786;Anzahl;W1;Personenkraftwagen nach Kraftstoffarten
46251;;;;2026-01-01;KREISE;;07339;;KLASS;;A5;darunter Plug-In-Hybrid;3057;Anzahl;W1;Personenkraftwagen nach Kraftstoffarten
46251;;;;2026-01-01;KREISE;;07339;;KLASS;;A6;Elektro;6871;Anzahl;W1;Personenkraftwagen nach Kraftstoffarten
46251;;;;2026-01-01;KREISE;;07339;;KLASS;;A7;sonstige Kraftstoffarten;14;Anzahl;W1;Personenkraftwagen nach Kraftstoffarten
46251;;;;2026-01-01;KREISE;;07339;;;;;;712,2;;PKWEW;Pkw je 1.000 Einwohner, berechnet
46251;;;;2026-01-01;KREISE;;07339;;KLASS;;A1;Benzin;58,7;%;PKWANT;Anteil am Pkw-Bestand, berechnet
46251;;;;2026-01-01;KREISE;;07339;;KLASS;;A2;Diesel;27,9;%;PKWANT;Anteil am Pkw-Bestand, berechnet
46251;;;;2026-01-01;KREISE;;07339;;KLASS;;A3;Gas (einschl. bivalent);0,7;%;PKWANT;Anteil am Pkw-Bestand, berechnet
46251;;;;2026-01-01;KREISE;;07339;;KLASS;;A4;Hybrid;8,0;%;PKWANT;Anteil am Pkw-Bestand, berechnet
46251;;;;2026-01-01;KREISE;;07339;;KLASS;;A5;darunter Plug-In-Hybrid;2,1;%;PKWANT;Anteil am Pkw-Bestand, berechnet
46251;;;;2026-01-01;KREISE;;07339;;KLASS;;A6;Elektro;4,7;%;PKWANT;Anteil am Pkw-Bestand, berechnet
46251;;;;2026-01-01;KREISE;;07339;;KLASS;;A7;sonstige Kraftstoffarten;0,0;%;PKWANT;Anteil am Pkw-Bestand, berechnet
46251;;;;2026-01-01;KREISE;;07340;Südwestpfalz, Landkreis;KLASS;;;Insgesamt;68416;Anzahl;W1;Personenkraftwagen nach Kraftstoffarten
46251;;;;2026-01-01;KREISE;;07340;;KLASS;;A1;Benzin;41875;Anzahl;W1;Personenkraftwagen nach Kraftstoffarten
46251;;;;2026-01-01;KREISE;;07340;;KLASS;;A2;Diesel;18838;Anzahl;W1;Personenkraftwagen nach Kraftstoffarten
46251;;;;2026-01-01;KREISE;;07340;;KLASS;;A3;Gas (einschl. bivalent);422;Anzahl;W1;Personenkraftwagen nach Kraftstoffarten
46251;;;;2026-01-01;KREISE;;07340;;KLASS;;A4;Hybrid;5170;Anzahl;W1;Personenkraftwagen nach Kraftstoffarten
46251;;;;2026-01-01;KREISE;;07340;;KLASS;;A5;darunter Plug-In-Hybrid;1103;Anzahl;W1;Personenkraftwagen nach Kraftstoffarten
46251;;;;2026-01-01;KREISE;;07340;;KLASS;;A6;Elektro;2089;Anzahl;W1;Personenkraftwagen nach Kraftstoffarten
46251;;;;2026-01-01;KREISE;;07340;;KLASS;;A7;sonstige Kraftstoffarten;22;Anzahl;W1;Personenkraftwagen nach Kraftstoffarten
46251;;;;2026-01-01;KREISE;;07340;;;;;;765,3;;PKWEW;Pkw je 1.000 Einwohner, berechnet
46251;;;;2026-01-01;KREISE;;07340;;KLASS;;A1;Benzin;61,2;%;PKWANT;Anteil am Pkw-Bestand, berechnet
46251;;;;2026-01-01;KREISE;;07340;;KLASS;;A2;Diesel;27,5;%;PKWANT;Anteil am Pkw-Bestand, berechnet
46251;;;;2026-01-01;KREISE;;07340;;KLASS;;A3;Gas (einschl. bivalent);0,6;%;PKWANT;Anteil am Pkw-Bestand, berechnet
46251;;;;2026-01-01;KREISE;;07340;;KLASS;;A4;Hybrid;7,6;%;PKWANT;Anteil am Pkw-Bestand, berechnet
46251;;;;2026-01-01;KREISE;;07340;;KLASS;;A5;darunter Plug-In-Hybrid;1,6;%;PKWANT;Anteil am Pkw-Bestand, berechnet
46251;;;;2026-01-01;KREISE;;07340;;KLASS;;A6;Elektro;3,1;%;PKWANT;Anteil am Pkw-Bestand, berechnet
46251;;;;2026-01-01;KREISE;;07340;;KLASS;;A7;sonstige Kraftstoffarten;0,0;%;PKWANT;Anteil am Pkw-Bestand, berechnet
46251;;;;2026-01-01;KREISE;;08111;Stuttgart, Stadtkreis;KLASS;;;Insgesamt;299197;Anzahl;W1;Personenkraftwagen nach Kraftstoffarten
46251;;;;2026-01-01;KREISE;;08111;;KLASS;;A1;Benzin;172598;Anzahl;W1;Personenkraftwagen nach Kraftstoffarten
46251;;;;2026-01-01;KREISE;;08111;;KLASS;;A2;Diesel;58404;Anzahl;W1;Personenkraftwagen nach Kraftstoffarten
46251;;;;2026-01-01;KREISE;;08111;;KLASS;;A3;Gas (einschl. bivalent);1621;Anzahl;W1;Personenkraftwagen nach Kraftstoffarten
46251;;;;2026-01-01;KREISE;;08111;;KLASS;;A4;Hybrid;44686;Anzahl;W1;Personenkraftwagen nach Kraftstoffarten
46251;;;;2026-01-01;KREISE;;08111;;KLASS;;A5;darunter Plug-In-Hybrid;17016;Anzahl;W1;Personenkraftwagen nach Kraftstoffarten
46251;;;;2026-01-01;KREISE;;08111;;KLASS;;A6;Elektro;21837;Anzahl;W1;Personenkraftwagen nach Kraftstoffarten
46251;;;;2026-01-01;KREISE;;08111;;KLASS;;A7;sonstige Kraftstoffarten;51;Anzahl;W1;Personenkraftwagen nach Kraftstoffarten
46251;;;;2026-01-01;KREISE;;08111;;;;;;491,0;;PKWEW;Pkw je 1.000 Einwohner, berechnet
46251;;;;2026-01-01;KREISE;;08111;;KLASS;;A1;Benzin;57,7;%;PKWANT;Anteil am Pkw-Bestand, berechnet
46251;;;;2026-01-01;KREISE;;08111;;KLASS;;A2;Diesel;19,5;%;PKWANT;Anteil am Pkw-Bestand, berechnet
46251;;;;2026-01-01;KREISE;;08111;;KLASS;;A3;Gas (einschl. bivalent);0,5;%;PKWANT;Anteil am Pkw-Bestand, berechnet
46251;;;;2026-01-01;KREISE;;08111;;KLASS;;A4;Hybrid;14,9;%;PKWANT;Anteil am Pkw-Bestand, berechnet
46251;;;;2026-01-01;KREISE;;08111;;KLASS;;A5;darunter Plug-In-Hybrid;5,7;%;PKWANT;Anteil am Pkw-Bestand, berechnet
46251;;;;2026-01-01;KREISE;;08111;;KLASS;;A6;Elektro;7,3;%;PKWANT;Anteil am Pkw-Bestand, berechnet
46251;;;;2026-01-01;KREISE;;08111;;KLASS;;A7;sonstige Kraftstoffarten;0,0;%;PKWANT;Anteil am Pkw-Bestand, berechnet
46251;;;;2026-01-01;KREISE;;08115;Böblingen, Landkreis;KLASS;;;Insgesamt;265915;Anzahl;W1;Personenkraftwagen nach Kraftstoffarten
46251;;;;2026-01-01;KREISE;;08115;;KLASS;;A1;Benzin;148400;Anzahl;W1;Personenkraftwagen nach Kraftstoffarten
46251;;;;2026-01-01;KREISE;;08115;;KLASS;;A2;Diesel;59785;Anzahl;W1;Personenkraftwagen nach Kraftstoffarten
46251;;;;2026-01-01;KREISE;;08115;;KLASS;;A3;Gas (einschl. bivalent);1351;Anzahl;W1;Personenkraftwagen nach Kraftstoffarten
46251;;;;2026-01-01;KREISE;;08115;;KLASS;;A4;Hybrid;37751;Anzahl;W1;Personenkraftwagen nach Kraftstoffarten
46251;;;;2026-01-01;KREISE;;08115;;KLASS;;A5;darunter Plug-In-Hybrid;12867;Anzahl;W1;Personenkraftwagen nach Kraftstoffarten
46251;;;;2026-01-01;KREISE;;08115;;KLASS;;A6;Elektro;18590;Anzahl;W1;Personenkraftwagen nach Kraftstoffarten
46251;;;;2026-01-01;KREISE;;08115;;KLASS;;A7;sonstige Kraftstoffarten;38;Anzahl;W1;Personenkraftwagen nach Kraftstoffarten
46251;;;;2026-01-01;KREISE;;08115;;;;;;673,7;;PKWEW;Pkw je 1.000 Einwohner, berechnet
46251;;;;2026-01-01;KREISE;;08115;;KLASS;;A1;Benzin;55,8;%;PKWANT;Anteil am Pkw-Bestand, berechnet
46251;;;;2026-01-01;KREISE;;08115;;KLASS;;A2;Diesel;22,5;%;PKWANT;Anteil am Pkw-Bestand, berechnet
46251;;;;2026-01-01;KREISE;;08115;;KLASS;;A3;Gas (einschl. bivalent);0,5;%;PKWANT;Anteil am Pkw-Bestand, berechnet
46251;;;;2026-01-01;KREISE;;08115;;KLASS;;A4;Hybrid;14,2;%;PKWANT;Anteil am Pkw-Bestand, berechnet
46251;;;;2026-01-01;KREISE;;08115;;KLASS;;A5;darunter Plug-In-Hybrid;4,8;%;PKWANT;Anteil am Pkw-Bestand, berechnet
46251;;;;2026-01-01;KREISE;;08115;;KLASS;;A6;Elektro;7,0;%;PKWANT;Anteil am Pkw-Bestand, berechnet
46251;;;;2026-01-01;KREISE;;08115;;KLASS;;A7;sonstige Kraftstoffarten;0,0;%;PKWANT;Anteil am Pkw-Bestand, berechnet
46251;;;;2026-01-01;KREISE;;08116;Esslingen, Landkreis;KLASS;;;Insgesamt;345524;Anzahl;W1;Personenkraftwagen nach Kraftstoffarten
46251;;;;2026-01-01;KREISE;;08116;;KLASS;;A1;Benzin;209322;Anzahl;W1;Personenkraftwagen nach Kraftstoffarten
46251;;;;2026-01-01;KREISE;;08116;;KLASS;;A2;Diesel;81031;Anzahl;W1;Personenkraftwagen nach Kraftstoffarten
46251;;;;2026-01-01;KREISE;;08116;;KLASS;;A3;Gas (einschl. bivalent);1799;Anzahl;W1;Personenkraftwagen nach Kraftstoffarten
46251;;;;2026-01-01;KREISE;;08116;;KLASS;;A4;Hybrid;36283;Anzahl;W1;Personenkraftwagen nach Kraftstoffarten
46251;;;;2026-01-01;KREISE;;08116;;KLASS;;A5;darunter Plug-In-Hybrid;10732;Anzahl;W1;Personenkraftwagen nach Kraftstoffarten
46251;;;;2026-01-01;KREISE;;08116;;KLASS;;A6;Elektro;17026;Anzahl;W1;Personenkraftwagen nach Kraftstoffarten
46251;;;;2026-01-01;KREISE;;08116;;KLASS;;A7;sonstige Kraftstoffarten;63;Anzahl;W1;Personenkraftwagen nach Kraftstoffarten
46251;;;;2026-01-01;KREISE;;08116;;;;;;644,2;;PKWEW;Pkw je 1.000 Einwohner, berechnet
46251;;;;2026-01-01;KREISE;;08116;;KLASS;;A1;Benzin;60,6;%;PKWANT;Anteil am Pkw-Bestand, berechnet
46251;;;;2026-01-01;KREISE;;08116;;KLASS;;A2;Diesel;23,5;%;PKWANT;Anteil am Pkw-Bestand, berechnet
46251;;;;2026-01-01;KREISE;;08116;;KLASS;;A3;Gas (einschl. bivalent);0,5;%;PKWANT;Anteil am Pkw-Bestand, berechnet
46251;;;;2026-01-01;KREISE;;08116;;KLASS;;A4;Hybrid;10,5;%;PKWANT;Anteil am Pkw-Bestand, berechnet
46251;;;;2026-01-01;KREISE;;08116;;KLASS;;A5;darunter Plug-In-Hybrid;3,1;%;PKWANT;Anteil am Pkw-Bestand, berechnet
46251;;;;2026-01-01;KREISE;;08116;;KLASS;;A6;Elektro;4,9;%;PKWANT;Anteil am Pkw-Bestand, berechnet
46251;;;;2026-01-01;KREISE;;08116;;KLASS;;A7;sonstige Kraftstoffarten;0,0;%;PKWANT;Anteil am Pkw-Bestand, berechnet
46251;;;;2026-01-01;KREISE;;08117;Göppingen, Landkreis;KLASS;;;Insgesamt;172252;Anzahl;W1;Personenkraftwagen nach Kraftstoffarten
46251;;;;2026-01-01;KREISE;;08117;;KLASS;;A1;Benzin;103633;Anzahl;W1;Personenkraftwagen nach Kraftstoffarten
46251;;;;2026-01-01;KREISE;;08117;;KLASS;;A2;Diesel;45519;Anzahl;W1;Personenkraftwagen nach Kraftstoffarten
46251;;;;2026-01-01;KREISE;;08117;;KLASS;;A3;Gas (einschl. bivalent);1304;Anzahl;W1;Personenkraftwagen nach Kraftstoffarten
46251;;;;2026-01-01;KREISE;;08117;;KLASS;;A4;Hybrid;15085;Anzahl;W1;Personenkraftwagen nach Kraftstoffarten
46251;;;;2026-01-01;KREISE;;08117;;KLASS;;A5;darunter Plug-In-Hybrid;3829;Anzahl;W1;Personenkraftwagen nach Kraftstoffarten
46251;;;;2026-01-01;KREISE;;08117;;KLASS;;A6;Elektro;6682;Anzahl;W1;Personenkraftwagen nach Kraftstoffarten
46251;;;;2026-01-01;KREISE;;08117;;KLASS;;A7;sonstige Kraftstoffarten;29;Anzahl;W1;Personenkraftwagen nach Kraftstoffarten
46251;;;;2026-01-01;KREISE;;08117;;;;;;667,5;;PKWEW;Pkw je 1.000 Einwohner, berechnet
46251;;;;2026-01-01;KREISE;;08117;;KLASS;;A1;Benzin;60,2;%;PKWANT;Anteil am Pkw-Bestand, berechnet
46251;;;;2026-01-01;KREISE;;08117;;KLASS;;A2;Diesel;26,4;%;PKWANT;Anteil am Pkw-Bestand, berechnet
46251;;;;2026-01-01;KREISE;;08117;;KLASS;;A3;Gas (einschl. bivalent);0,8;%;PKWANT;Anteil am Pkw-Bestand, berechnet
46251;;;;2026-01-01;KREISE;;08117;;KLASS;;A4;Hybrid;8,8;%;PKWANT;Anteil am Pkw-Bestand, berechnet
46251;;;;2026-01-01;KREISE;;08117;;KLASS;;A5;darunter Plug-In-Hybrid;2,2;%;PKWANT;Anteil am Pkw-Bestand, berechnet
46251;;;;2026-01-01;KREISE;;08117;;KLASS;;A6;Elektro;3,9;%;PKWANT;Anteil am Pkw-Bestand, berechnet
46251;;;;2026-01-01;KREISE;;08117;;KLASS;;A7;sonstige Kraftstoffarten;0,0;%;PKWANT;Anteil am Pkw-Bestand, berechnet
46251;;;;2026-01-01;KREISE;;08118;Ludwigsburg, Landkreis;KLASS;;;Insgesamt;342859;Anzahl;W1;Personenkraftwagen nach Kraftstoffarten
46251;;;;2026-01-01;KREISE;;08118;;KLASS;;A1;Benzin;218174;Anzahl;W1;Personenkraftwagen nach Kraftstoffarten
46251;;;;2026-01-01;KREISE;;08118;;KLASS;;A2;Diesel;73981;Anzahl;W1;Personenkraftwagen nach Kraftstoffarten
46251;;;;2026-01-01;KREISE;;08118;;KLASS;;A3;Gas (einschl. bivalent);1766;Anzahl;W1;Personenkraftwagen nach Kraftstoffarten
46251;;;;2026-01-01;KREISE;;08118;;KLASS;;A4;Hybrid;33245;Anzahl;W1;Personenkraftwagen nach Kraftstoffarten
46251;;;;2026-01-01;KREISE;;08118;;KLASS;;A5;darunter Plug-In-Hybrid;9440;Anzahl;W1;Personenkraftwagen nach Kraftstoffarten
46251;;;;2026-01-01;KREISE;;08118;;KLASS;;A6;Elektro;15642;Anzahl;W1;Personenkraftwagen nach Kraftstoffarten
46251;;;;2026-01-01;KREISE;;08118;;KLASS;;A7;sonstige Kraftstoffarten;51;Anzahl;W1;Personenkraftwagen nach Kraftstoffarten
46251;;;;2026-01-01;KREISE;;08118;;;;;;641,5;;PKWEW;Pkw je 1.000 Einwohner, berechnet
46251;;;;2026-01-01;KREISE;;08118;;KLASS;;A1;Benzin;63,6;%;PKWANT;Anteil am Pkw-Bestand, berechnet
46251;;;;2026-01-01;KREISE;;08118;;KLASS;;A2;Diesel;21,6;%;PKWANT;Anteil am Pkw-Bestand, berechnet
46251;;;;2026-01-01;KREISE;;08118;;KLASS;;A3;Gas (einschl. bivalent);0,5;%;PKWANT;Anteil am Pkw-Bestand, berechnet
46251;;;;2026-01-01;KREISE;;08118;;KLASS;;A4;Hybrid;9,7;%;PKWANT;Anteil am Pkw-Bestand, berechnet
46251;;;;2026-01-01;KREISE;;08118;;KLASS;;A5;darunter Plug-In-Hybrid;2,8;%;PKWANT;Anteil am Pkw-Bestand, berechnet
46251;;;;2026-01-01;KREISE;;08118;;KLASS;;A6;Elektro;4,6;%;PKWANT;Anteil am Pkw-Bestand, berechnet
46251;;;;2026-01-01;KREISE;;08118;;KLASS;;A7;sonstige Kraftstoffarten;0,0;%;PKWANT;Anteil am Pkw-Bestand, berechnet
46251;;;;2026-01-01;KREISE;;08119;Rems-Murr-Kreis, Landkreis;KLASS;;;Insgesamt;275722;Anzahl;W1;Personenkraftwagen nach Kraftstoffarten
46251;;;;2026-01-01;KREISE;;08119;;KLASS;;A1;Benzin;173127;Anzahl;W1;Personenkraftwagen nach Kraftstoffarten
46251;;;;2026-01-01;KREISE;;08119;;KLASS;;A2;Diesel;64038;Anzahl;W1;Personenkraftwagen nach Kraftstoffarten
46251;;;;2026-01-01;KREISE;;08119;;KLASS;;A3;Gas (einschl. bivalent);1608;Anzahl;W1;Personenkraftwagen nach Kraftstoffarten
46251;;;;2026-01-01;KREISE;;08119;;KLASS;;A4;Hybrid;25133;Anzahl;W1;Personenkraftwagen nach Kraftstoffarten
46251;;;;2026-01-01;KREISE;;08119;;KLASS;;A5;darunter Plug-In-Hybrid;6993;Anzahl;W1;Personenkraftwagen nach Kraftstoffarten
46251;;;;2026-01-01;KREISE;;08119;;KLASS;;A6;Elektro;11771;Anzahl;W1;Personenkraftwagen nach Kraftstoffarten
46251;;;;2026-01-01;KREISE;;08119;;KLASS;;A7;sonstige Kraftstoffarten;45;Anzahl;W1;Personenkraftwagen nach Kraftstoffarten
46251;;;;2026-01-01;KREISE;;08119;;;;;;628,3;;PKWEW;Pkw je 1.000 Einwohner, berechnet
46251;;;;2026-01-01;KREISE;;08119;;KLASS;;A1;Benzin;62,8;%;PKWANT;Anteil am Pkw-Bestand, berechnet
46251;;;;2026-01-01;KREISE;;08119;;KLASS;;A2;Diesel;23,2;%;PKWANT;Anteil am Pkw-Bestand, berechnet
46251;;;;2026-01-01;KREISE;;08119;;KLASS;;A3;Gas (einschl. bivalent);0,6;%;PKWANT;Anteil am Pkw-Bestand, berechnet
46251;;;;2026-01-01;KREISE;;08119;;KLASS;;A4;Hybrid;9,1;%;PKWANT;Anteil am Pkw-Bestand, berechnet
46251;;;;2026-01-01;KREISE;;08119;;KLASS;;A5;darunter Plug-In-Hybrid;2,5;%;PKWANT;Anteil am Pkw-Bestand, berechnet
46251;;;;2026-01-01;KREISE;;08119;;KLASS;;A6;Elektro;4,3;%;PKWANT;Anteil am Pkw-Bestand, berechnet
46251;;;;2026-01-01;KREISE;;08119;;KLASS;;A7;sonstige Kraftstoffarten;0,0;%;PKWANT;Anteil am Pkw-Bestand, berechnet
46251;;;;2026-01-01;KREISE;;08121;Heilbronn, Stadtkreis;KLASS;;;Insgesamt;70353;Anzahl;W1;Personenkraftwagen nach Kraftstoffarten
46251;;;;2026-01-01;KREISE;;08121;;KLASS;;A1;Benzin;41934;Anzahl;W1;Personenkraftwagen nach Kraftstoffarten
46251;;;;2026-01-01;KREISE;;08121;;KLASS;;A2;Diesel;18633;Anzahl;W1;Personenkraftwagen nach Kraftstoffarten
46251;;;;2026-01-01;KREISE;;08121;;KLASS;;A3;Gas (einschl. bivalent);364;Anzahl;W1;Personenkraftwagen nach Kraftstoffarten
46251;;;;2026-01-01;KREISE;;08121;;KLASS;;A4;Hybrid;6990;Anzahl;W1;Personenkraftwagen nach Kraftstoffarten
46251;;;;2026-01-01;KREISE;;08121;;KLASS;;A5;darunter Plug-In-Hybrid;1852;Anzahl;W1;Personenkraftwagen nach Kraftstoffarten
46251;;;;2026-01-01;KREISE;;08121;;KLASS;;A6;Elektro;2420;Anzahl;W1;Personenkraftwagen nach Kraftstoffarten
46251;;;;2026-01-01;KREISE;;08121;;KLASS;;A7;sonstige Kraftstoffarten;12;Anzahl;W1;Personenkraftwagen nach Kraftstoffarten
46251;;;;2026-01-01;KREISE;;08121;;;;;;530,9;;PKWEW;Pkw je 1.000 Einwohner, berechnet
46251;;;;2026-01-01;KREISE;;08121;;KLASS;;A1;Benzin;59,6;%;PKWANT;Anteil am Pkw-Bestand, berechnet
46251;;;;2026-01-01;KREISE;;08121;;KLASS;;A2;Diesel;26,5;%;PKWANT;Anteil am Pkw-Bestand, berechnet
46251;;;;2026-01-01;KREISE;;08121;;KLASS;;A3;Gas (einschl. bivalent);0,5;%;PKWANT;Anteil am Pkw-Bestand, berechnet
46251;;;;2026-01-01;KREISE;;08121;;KLASS;;A4;Hybrid;9,9;%;PKWANT;Anteil am Pkw-Bestand, berechnet
46251;;;;2026-01-01;KREISE;;08121;;KLASS;;A5;darunter Plug-In-Hybrid;2,6;%;PKWANT;Anteil am Pkw-Bestand, berechnet
46251;;;;2026-01-01;KREISE;;08121;;KLASS;;A6;Elektro;3,4;%;PKWANT;Anteil am Pkw-Bestand, berechnet
46251;;;;2026-01-01;KREISE;;08121;;KLASS;;A7;sonstige Kraftstoffarten;0,0;%;PKWANT;Anteil am Pkw-Bestand, berechnet
46251;;;;2026-01-01;KREISE;;08125;Heilbronn, Landkreis;KLASS;;;Insgesamt;258806;Anzahl;W1;Personenkraftwagen nach Kraftstoffarten
46251;;;;2026-01-01;KREISE;;08125;;KLASS;;A1;Benzin;149490;Anzahl;W1;Personenkraftwagen nach Kraftstoffarten
46251;;;;2026-01-01;KREISE;;08125;;KLASS;;A2;Diesel;67958;Anzahl;W1;Personenkraftwagen nach Kraftstoffarten
46251;;;;2026-01-01;KREISE;;08125;;KLASS;;A3;Gas (einschl. bivalent);1202;Anzahl;W1;Personenkraftwagen nach Kraftstoffarten
46251;;;;2026-01-01;KREISE;;08125;;KLASS;;A4;Hybrid;28157;Anzahl;W1;Personenkraftwagen nach Kraftstoffarten
46251;;;;2026-01-01;KREISE;;08125;;KLASS;;A5;darunter Plug-In-Hybrid;6166;Anzahl;W1;Personenkraftwagen nach Kraftstoffarten
46251;;;;2026-01-01;KREISE;;08125;;KLASS;;A6;Elektro;11962;Anzahl;W1;Personenkraftwagen nach Kraftstoffarten
46251;;;;2026-01-01;KREISE;;08125;;KLASS;;A7;sonstige Kraftstoffarten;37;Anzahl;W1;Personenkraftwagen nach Kraftstoffarten
46251;;;;2026-01-01;KREISE;;08125;;;;;;731,7;;PKWEW;Pkw je 1.000 Einwohner, berechnet
46251;;;;2026-01-01;KREISE;;08125;;KLASS;;A1;Benzin;57,8;%;PKWANT;Anteil am Pkw-Bestand, berechnet
46251;;;;2026-01-01;KREISE;;08125;;KLASS;;A2;Diesel;26,3;%;PKWANT;Anteil am Pkw-Bestand, berechnet
46251;;;;2026-01-01;KREISE;;08125;;KLASS;;A3;Gas (einschl. bivalent);0,5;%;PKWANT;Anteil am Pkw-Bestand, berechnet
46251;;;;2026-01-01;KREISE;;08125;;KLASS;;A4;Hybrid;10,9;%;PKWANT;Anteil am Pkw-Bestand, berechnet
46251;;;;2026-01-01;KREISE;;08125;;KLASS;;A5;darunter Plug-In-Hybrid;2,4;%;PKWANT;Anteil am Pkw-Bestand, berechnet
46251;;;;2026-01-01;KREISE;;08125;;KLASS;;A6;Elektro;4,6;%;PKWANT;Anteil am Pkw-Bestand, berechnet
46251;;;;2026-01-01;KREISE;;08125;;KLASS;;A7;sonstige Kraftstoffarten;0,0;%;PKWANT;Anteil am Pkw-Bestand, berechnet
46251;;;;2026-01-01;KREISE;;08126;Hohenlohekreis, Landkreis;KLASS;;;Insgesamt;88623;Anzahl;W1;Personenkraftwagen nach Kraftstoffarten
46251;;;;2026-01-01;KREISE;;08126;;KLASS;;A1;Benzin;44394;Anzahl;W1;Personenkraftwagen nach Kraftstoffarten
46251;;;;2026-01-01;KREISE;;08126;;KLASS;;A2;Diesel;31070;Anzahl;W1;Personenkraftwagen nach Kraftstoffarten
46251;;;;2026-01-01;KREISE;;08126;;KLASS;;A3;Gas (einschl. bivalent);466;Anzahl;W1;Personenkraftwagen nach Kraftstoffarten
46251;;;;2026-01-01;KREISE;;08126;;KLASS;;A4;Hybrid;7582;Anzahl;W1;Personenkraftwagen nach Kraftstoffarten
46251;;;;2026-01-01;KREISE;;08126;;KLASS;;A5;darunter Plug-In-Hybrid;1536;Anzahl;W1;Personenkraftwagen nach Kraftstoffarten
46251;;;;2026-01-01;KREISE;;08126;;KLASS;;A6;Elektro;5103;Anzahl;W1;Personenkraftwagen nach Kraftstoffarten
46251;;;;2026-01-01;KREISE;;08126;;KLASS;;A7;sonstige Kraftstoffarten;8;Anzahl;W1;Personenkraftwagen nach Kraftstoffarten
46251;;;;2026-01-01;KREISE;;08126;;;;;;766,6;;PKWEW;Pkw je 1.000 Einwohner, berechnet
46251;;;;2026-01-01;KREISE;;08126;;KLASS;;A1;Benzin;50,1;%;PKWANT;Anteil am Pkw-Bestand, berechnet
46251;;;;2026-01-01;KREISE;;08126;;KLASS;;A2;Diesel;35,1;%;PKWANT;Anteil am Pkw-Bestand, berechnet
46251;;;;2026-01-01;KREISE;;08126;;KLASS;;A3;Gas (einschl. bivalent);0,5;%;PKWANT;Anteil am Pkw-Bestand, berechnet
46251;;;;2026-01-01;KREISE;;08126;;KLASS;;A4;Hybrid;8,6;%;PKWANT;Anteil am Pkw-Bestand, berechnet
46251;;;;2026-01-01;KREISE;;08126;;KLASS;;A5;darunter Plug-In-Hybrid;1,7;%;PKWANT;Anteil am Pkw-Bestand, berechnet
46251;;;;2026-01-01;KREISE;;08126;;KLASS;;A6;Elektro;5,8;%;PKWANT;Anteil am Pkw-Bestand, berechnet
46251;;;;2026-01-01;KREISE;;08126;;KLASS;;A7;sonstige Kraftstoffarten;0,0;%;PKWANT;Anteil am Pkw-Bestand, berechnet
46251;;;;2026-01-01;KREISE;;08127;Schwäbisch Hall, Landkreis;KLASS;;;Insgesamt;139213;Anzahl;W1;Personenkraftwagen nach Kraftstoffarten
46251;;;;2026-01-01;KREISE;;08127;;KLASS;;A1;Benzin;75958;Anzahl;W1;Personenkraftwagen nach Kraftstoffarten
46251;;;;2026-01-01;KREISE;;08127;;KLASS;;A2;Diesel;46703;Anzahl;W1;Personenkraftwagen nach Kraftstoffarten
46251;;;;2026-01-01;KREISE;;08127;;KLASS;;A3;Gas (einschl. bivalent);876;Anzahl;W1;Personenkraftwagen nach Kraftstoffarten
46251;;;;2026-01-01;KREISE;;08127;;KLASS;;A4;Hybrid;9896;Anzahl;W1;Personenkraftwagen nach Kraftstoffarten
46251;;;;2026-01-01;KREISE;;08127;;KLASS;;A5;darunter Plug-In-Hybrid;2791;Anzahl;W1;Personenkraftwagen nach Kraftstoffarten
46251;;;;2026-01-01;KREISE;;08127;;KLASS;;A6;Elektro;5761;Anzahl;W1;Personenkraftwagen nach Kraftstoffarten
46251;;;;2026-01-01;KREISE;;08127;;KLASS;;A7;sonstige Kraftstoffarten;19;Anzahl;W1;Personenkraftwagen nach Kraftstoffarten
46251;;;;2026-01-01;KREISE;;08127;;;;;;692,4;;PKWEW;Pkw je 1.000 Einwohner, berechnet
46251;;;;2026-01-01;KREISE;;08127;;KLASS;;A1;Benzin;54,6;%;PKWANT;Anteil am Pkw-Bestand, berechnet
46251;;;;2026-01-01;KREISE;;08127;;KLASS;;A2;Diesel;33,5;%;PKWANT;Anteil am Pkw-Bestand, berechnet
46251;;;;2026-01-01;KREISE;;08127;;KLASS;;A3;Gas (einschl. bivalent);0,6;%;PKWANT;Anteil am Pkw-Bestand, berechnet
46251;;;;2026-01-01;KREISE;;08127;;KLASS;;A4;Hybrid;7,1;%;PKWANT;Anteil am Pkw-Bestand, berechnet
46251;;;;2026-01-01;KREISE;;08127;;KLASS;;A5;darunter Plug-In-Hybrid;2,0;%;PKWANT;Anteil am Pkw-Bestand, berechnet
46251;;;;2026-01-01;KREISE;;08127;;KLASS;;A6;Elektro;4,1;%;PKWANT;Anteil am Pkw-Bestand, berechnet
46251;;;;2026-01-01;KREISE;;08127;;KLASS;;A7;sonstige Kraftstoffarten;0,0;%;PKWANT;Anteil am Pkw-Bestand, berechnet
46251;;;;2026-01-01;KREISE;;08128;Main-Tauber-Kreis, Landkreis;KLASS;;;Insgesamt;93267;Anzahl;W1;Personenkraftwagen nach Kraftstoffarten
46251;;;;2026-01-01;KREISE;;08128;;KLASS;;A1;Benzin;51870;Anzahl;W1;Personenkraftwagen nach Kraftstoffarten
46251;;;;2026-01-01;KREISE;;08128;;KLASS;;A2;Diesel;30781;Anzahl;W1;Personenkraftwagen nach Kraftstoffarten
46251;;;;2026-01-01;KREISE;;08128;;KLASS;;A3;Gas (einschl. bivalent);509;Anzahl;W1;Personenkraftwagen nach Kraftstoffarten
46251;;;;2026-01-01;KREISE;;08128;;KLASS;;A4;Hybrid;6877;Anzahl;W1;Personenkraftwagen nach Kraftstoffarten
46251;;;;2026-01-01;KREISE;;08128;;KLASS;;A5;darunter Plug-In-Hybrid;1736;Anzahl;W1;Personenkraftwagen nach Kraftstoffarten
46251;;;;2026-01-01;KREISE;;08128;;KLASS;;A6;Elektro;3212;Anzahl;W1;Personenkraftwagen nach Kraftstoffarten
46251;;;;2026-01-01;KREISE;;08128;;KLASS;;A7;sonstige Kraftstoffarten;18;Anzahl;W1;Personenkraftwagen nach Kraftstoffarten
46251;;;;2026-01-01;KREISE;;08128;;;;;;701,9;;PKWEW;Pkw je 1.000 Einwohner, berechnet
46251;;;;2026-01-01;KREISE;;08128;;KLASS;;A1;Benzin;55,6;%;PKWANT;Anteil am Pkw-Bestand, berechnet
46251;;;;2026-01-01;KREISE;;08128;;KLASS;;A2;Diesel;33,0;%;PKWANT;Anteil am Pkw-Bestand, berechnet
46251;;;;2026-01-01;KREISE;;08128;;KLASS;;A3;Gas (einschl. bivalent);0,5;%;PKWANT;Anteil am Pkw-Bestand, berechnet
46251;;;;2026-01-01;KREISE;;08128;;KLASS;;A4;Hybrid;7,4;%;PKWANT;Anteil am Pkw-Bestand, berechnet
46251;;;;2026-01-01;KREISE;;08128;;KLASS;;A5;darunter Plug-In-Hybrid;1,9;%;PKWANT;Anteil am Pkw-Bestand, berechnet
46251;;;;2026-01-01;KREISE;;08128;;KLASS;;A6;Elektro;3,4;%;PKWANT;Anteil am Pkw-Bestand, berechnet
46251;;;;2026-01-01;KREISE;;08128;;KLASS;;A7;sonstige Kraftstoffarten;0,0;%;PKWANT;Anteil am Pkw-Bestand, berechnet
46251;;;;2026-01-01;KREISE;;08135;Heidenheim, Landkreis;KLASS;;;Insgesamt;88175;Anzahl;W1;Personenkraftwagen nach Kraftstoffarten
46251;;;;2026-01-01;KREISE;;08135;;KLASS;;A1;Benzin;52353;Anzahl;W1;Personenkraftwagen nach Kraftstoffarten
46251;;;;2026-01-01;KREISE;;08135;;KLASS;;A2;Diesel;26042;Anzahl;W1;Personenkraftwagen nach Kraftstoffarten
46251;;;;2026-01-01;KREISE;;08135;;KLASS;;A3;Gas (einschl. bivalent);495;Anzahl;W1;Personenkraftwagen nach Kraftstoffarten
46251;;;;2026-01-01;KREISE;;08135;;KLASS;;A4;Hybrid;6635;Anzahl;W1;Personenkraftwagen nach Kraftstoffarten
46251;;;;2026-01-01;KREISE;;08135;;KLASS;;A5;darunter Plug-In-Hybrid;1772;Anzahl;W1;Personenkraftwagen nach Kraftstoffarten
46251;;;;2026-01-01;KREISE;;08135;;KLASS;;A6;Elektro;2642;Anzahl;W1;Personenkraftwagen nach Kraftstoffarten
46251;;;;2026-01-01;KREISE;;08135;;KLASS;;A7;sonstige Kraftstoffarten;8;Anzahl;W1;Personenkraftwagen nach Kraftstoffarten
46251;;;;2026-01-01;KREISE;;08135;;;;;;652,8;;PKWEW;Pkw je 1.000 Einwohner, berechnet
46251;;;;2026-01-01;KREISE;;08135;;KLASS;;A1;Benzin;59,4;%;PKWANT;Anteil am Pkw-Bestand, berechnet
46251;;;;2026-01-01;KREISE;;08135;;KLASS;;A2;Diesel;29,5;%;PKWANT;Anteil am Pkw-Bestand, berechnet
46251;;;;2026-01-01;KREISE;;08135;;KLASS;;A3;Gas (einschl. bivalent);0,6;%;PKWANT;Anteil am Pkw-Bestand, berechnet
46251;;;;2026-01-01;KREISE;;08135;;KLASS;;A4;Hybrid;7,5;%;PKWANT;Anteil am Pkw-Bestand, berechnet
46251;;;;2026-01-01;KREISE;;08135;;KLASS;;A5;darunter Plug-In-Hybrid;2,0;%;PKWANT;Anteil am Pkw-Bestand, berechnet
46251;;;;2026-01-01;KREISE;;08135;;KLASS;;A6;Elektro;3,0;%;PKWANT;Anteil am Pkw-Bestand, berechnet
46251;;;;2026-01-01;KREISE;;08135;;KLASS;;A7;sonstige Kraftstoffarten;0,0;%;PKWANT;Anteil am Pkw-Bestand, berechnet
46251;;;;2026-01-01;KREISE;;08136;Ostalbkreis, Landkreis;KLASS;;;Insgesamt;214701;Anzahl;W1;Personenkraftwagen nach Kraftstoffarten
46251;;;;2026-01-01;KREISE;;08136;;KLASS;;A1;Benzin;122962;Anzahl;W1;Personenkraftwagen nach Kraftstoffarten
46251;;;;2026-01-01;KREISE;;08136;;KLASS;;A2;Diesel;65103;Anzahl;W1;Personenkraftwagen nach Kraftstoffarten
46251;;;;2026-01-01;KREISE;;08136;;KLASS;;A3;Gas (einschl. bivalent);1089;Anzahl;W1;Personenkraftwagen nach Kraftstoffarten
46251;;;;2026-01-01;KREISE;;08136;;KLASS;;A4;Hybrid;17387;Anzahl;W1;Personenkraftwagen nach Kraftstoffarten
46251;;;;2026-01-01;KREISE;;08136;;KLASS;;A5;darunter Plug-In-Hybrid;4759;Anzahl;W1;Personenkraftwagen nach Kraftstoffarten
46251;;;;2026-01-01;KREISE;;08136;;KLASS;;A6;Elektro;8139;Anzahl;W1;Personenkraftwagen nach Kraftstoffarten
46251;;;;2026-01-01;KREISE;;08136;;KLASS;;A7;sonstige Kraftstoffarten;21;Anzahl;W1;Personenkraftwagen nach Kraftstoffarten
46251;;;;2026-01-01;KREISE;;08136;;;;;;678,7;;PKWEW;Pkw je 1.000 Einwohner, berechnet
46251;;;;2026-01-01;KREISE;;08136;;KLASS;;A1;Benzin;57,3;%;PKWANT;Anteil am Pkw-Bestand, berechnet
46251;;;;2026-01-01;KREISE;;08136;;KLASS;;A2;Diesel;30,3;%;PKWANT;Anteil am Pkw-Bestand, berechnet
46251;;;;2026-01-01;KREISE;;08136;;KLASS;;A3;Gas (einschl. bivalent);0,5;%;PKWANT;Anteil am Pkw-Bestand, berechnet
46251;;;;2026-01-01;KREISE;;08136;;KLASS;;A4;Hybrid;8,1;%;PKWANT;Anteil am Pkw-Bestand, berechnet
46251;;;;2026-01-01;KREISE;;08136;;KLASS;;A5;darunter Plug-In-Hybrid;2,2;%;PKWANT;Anteil am Pkw-Bestand, berechnet
46251;;;;2026-01-01;KREISE;;08136;;KLASS;;A6;Elektro;3,8;%;PKWANT;Anteil am Pkw-Bestand, berechnet
46251;;;;2026-01-01;KREISE;;08136;;KLASS;;A7;sonstige Kraftstoffarten;0,0;%;PKWANT;Anteil am Pkw-Bestand, berechnet
46251;;;;2026-01-01;KREISE;;08211;Baden-Baden, Stadtkreis;KLASS;;;Insgesamt;36576;Anzahl;W1;Personenkraftwagen nach Kraftstoffarten
46251;;;;2026-01-01;KREISE;;08211;;KLASS;;A1;Benzin;20353;Anzahl;W1;Personenkraftwagen nach Kraftstoffarten
46251;;;;2026-01-01;KREISE;;08211;;KLASS;;A2;Diesel;10037;Anzahl;W1;Personenkraftwagen nach Kraftstoffarten
46251;;;;2026-01-01;KREISE;;08211;;KLASS;;A3;Gas (einschl. bivalent);148;Anzahl;W1;Personenkraftwagen nach Kraftstoffarten
46251;;;;2026-01-01;KREISE;;08211;;KLASS;;A4;Hybrid;4335;Anzahl;W1;Personenkraftwagen nach Kraftstoffarten
46251;;;;2026-01-01;KREISE;;08211;;KLASS;;A5;darunter Plug-In-Hybrid;1007;Anzahl;W1;Personenkraftwagen nach Kraftstoffarten
46251;;;;2026-01-01;KREISE;;08211;;KLASS;;A6;Elektro;1695;Anzahl;W1;Personenkraftwagen nach Kraftstoffarten
46251;;;;2026-01-01;KREISE;;08211;;KLASS;;A7;sonstige Kraftstoffarten;8;Anzahl;W1;Personenkraftwagen nach Kraftstoffarten
46251;;;;2026-01-01;KREISE;;08211;;;;;;642,2;;PKWEW;Pkw je 1.000 Einwohner, berechnet
46251;;;;2026-01-01;KREISE;;08211;;KLASS;;A1;Benzin;55,6;%;PKWANT;Anteil am Pkw-Bestand, berechnet
46251;;;;2026-01-01;KREISE;;08211;;KLASS;;A2;Diesel;27,4;%;PKWANT;Anteil am Pkw-Bestand, berechnet
46251;;;;2026-01-01;KREISE;;08211;;KLASS;;A3;Gas (einschl. bivalent);0,4;%;PKWANT;Anteil am Pkw-Bestand, berechnet
46251;;;;2026-01-01;KREISE;;08211;;KLASS;;A4;Hybrid;11,9;%;PKWANT;Anteil am Pkw-Bestand, berechnet
46251;;;;2026-01-01;KREISE;;08211;;KLASS;;A5;darunter Plug-In-Hybrid;2,8;%;PKWANT;Anteil am Pkw-Bestand, berechnet
46251;;;;2026-01-01;KREISE;;08211;;KLASS;;A6;Elektro;4,6;%;PKWANT;Anteil am Pkw-Bestand, berechnet
46251;;;;2026-01-01;KREISE;;08211;;KLASS;;A7;sonstige Kraftstoffarten;0,0;%;PKWANT;Anteil am Pkw-Bestand, berechnet
46251;;;;2026-01-01;KREISE;;08212;Karlsruhe, Stadtkreis;KLASS;;;Insgesamt;140612;Anzahl;W1;Personenkraftwagen nach Kraftstoffarten
46251;;;;2026-01-01;KREISE;;08212;;KLASS;;A1;Benzin;80704;Anzahl;W1;Personenkraftwagen nach Kraftstoffarten
46251;;;;2026-01-01;KREISE;;08212;;KLASS;;A2;Diesel;36553;Anzahl;W1;Personenkraftwagen nach Kraftstoffarten
46251;;;;2026-01-01;KREISE;;08212;;KLASS;;A3;Gas (einschl. bivalent);865;Anzahl;W1;Personenkraftwagen nach Kraftstoffarten
46251;;;;2026-01-01;KREISE;;08212;;KLASS;;A4;Hybrid;14555;Anzahl;W1;Personenkraftwagen nach Kraftstoffarten
46251;;;;2026-01-01;KREISE;;08212;;KLASS;;A5;darunter Plug-In-Hybrid;4176;Anzahl;W1;Personenkraftwagen nach Kraftstoffarten
46251;;;;2026-01-01;KREISE;;08212;;KLASS;;A6;Elektro;7901;Anzahl;W1;Personenkraftwagen nach Kraftstoffarten
46251;;;;2026-01-01;KREISE;;08212;;KLASS;;A7;sonstige Kraftstoffarten;34;Anzahl;W1;Personenkraftwagen nach Kraftstoffarten
46251;;;;2026-01-01;KREISE;;08212;;;;;;454,7;;PKWEW;Pkw je 1.000 Einwohner, berechnet
46251;;;;2026-01-01;KREISE;;08212;;KLASS;;A1;Benzin;57,4;%;PKWANT;Anteil am Pkw-Bestand, berechnet
46251;;;;2026-01-01;KREISE;;08212;;KLASS;;A2;Diesel;26,0;%;PKWANT;Anteil am Pkw-Bestand, berechnet
46251;;;;2026-01-01;KREISE;;08212;;KLASS;;A3;Gas (einschl. bivalent);0,6;%;PKWANT;Anteil am Pkw-Bestand, berechnet
46251;;;;2026-01-01;KREISE;;08212;;KLASS;;A4;Hybrid;10,4;%;PKWANT;Anteil am Pkw-Bestand, berechnet
46251;;;;2026-01-01;KREISE;;08212;;KLASS;;A5;darunter Plug-In-Hybrid;3,0;%;PKWANT;Anteil am Pkw-Bestand, berechnet
46251;;;;2026-01-01;KREISE;;08212;;KLASS;;A6;Elektro;5,6;%;PKWANT;Anteil am Pkw-Bestand, berechnet
46251;;;;2026-01-01;KREISE;;08212;;KLASS;;A7;sonstige Kraftstoffarten;0,0;%;PKWANT;Anteil am Pkw-Bestand, berechnet
46251;;;;2026-01-01;KREISE;;08215;Karlsruhe, Landkreis;KLASS;;;Insgesamt;292172;Anzahl;W1;Personenkraftwagen nach Kraftstoffarten
46251;;;;2026-01-01;KREISE;;08215;;KLASS;;A1;Benzin;176921;Anzahl;W1;Personenkraftwagen nach Kraftstoffarten
46251;;;;2026-01-01;KREISE;;08215;;KLASS;;A2;Diesel;76480;Anzahl;W1;Personenkraftwagen nach Kraftstoffarten
46251;;;;2026-01-01;KREISE;;08215;;KLASS;;A3;Gas (einschl. bivalent);1603;Anzahl;W1;Personenkraftwagen nach Kraftstoffarten
46251;;;;2026-01-01;KREISE;;08215;;KLASS;;A4;Hybrid;24253;Anzahl;W1;Personenkraftwagen nach Kraftstoffarten
46251;;;;2026-01-01;KREISE;;08215;;KLASS;;A5;darunter Plug-In-Hybrid;6459;Anzahl;W1;Personenkraftwagen nach Kraftstoffarten
46251;;;;2026-01-01;KREISE;;08215;;KLASS;;A6;Elektro;12864;Anzahl;W1;Personenkraftwagen nach Kraftstoffarten
46251;;;;2026-01-01;KREISE;;08215;;KLASS;;A7;sonstige Kraftstoffarten;51;Anzahl;W1;Personenkraftwagen nach Kraftstoffarten
46251;;;;2026-01-01;KREISE;;08215;;;;;;640,4;;PKWEW;Pkw je 1.000 Einwohner, berechnet
46251;;;;2026-01-01;KREISE;;08215;;KLASS;;A1;Benzin;60,6;%;PKWANT;Anteil am Pkw-Bestand, berechnet
46251;;;;2026-01-01;KREISE;;08215;;KLASS;;A2;Diesel;26,2;%;PKWANT;Anteil am Pkw-Bestand, berechnet
46251;;;;2026-01-01;KREISE;;08215;;KLASS;;A3;Gas (einschl. bivalent);0,5;%;PKWANT;Anteil am Pkw-Bestand, berechnet
46251;;;;2026-01-01;KREISE;;08215;;KLASS;;A4;Hybrid;8,3;%;PKWANT;Anteil am Pkw-Bestand, berechnet
46251;;;;2026-01-01;KREISE;;08215;;KLASS;;A5;darunter Plug-In-Hybrid;2,2;%;PKWANT;Anteil am Pkw-Bestand, berechnet
46251;;;;2026-01-01;KREISE;;08215;;KLASS;;A6;Elektro;4,4;%;PKWANT;Anteil am Pkw-Bestand, berechnet
46251;;;;2026-01-01;KREISE;;08215;;KLASS;;A7;sonstige Kraftstoffarten;0,0;%;PKWANT;Anteil am Pkw-Bestand, berechnet
46251;;;;2026-01-01;KREISE;;08216;Rastatt, Landkreis;KLASS;;;Insgesamt;155260;Anzahl;W1;Personenkraftwagen nach Kraftstoffarten
46251;;;;2026-01-01;KREISE;;08216;;KLASS;;A1;Benzin;91164;Anzahl;W1;Personenkraftwagen nach Kraftstoffarten
46251;;;;2026-01-01;KREISE;;08216;;KLASS;;A2;Diesel;42678;Anzahl;W1;Personenkraftwagen nach Kraftstoffarten
46251;;;;2026-01-01;KREISE;;08216;;KLASS;;A3;Gas (einschl. bivalent);813;Anzahl;W1;Personenkraftwagen nach Kraftstoffarten
46251;;;;2026-01-01;KREISE;;08216;;KLASS;;A4;Hybrid;14045;Anzahl;W1;Personenkraftwagen nach Kraftstoffarten
46251;;;;2026-01-01;KREISE;;08216;;KLASS;;A5;darunter Plug-In-Hybrid;3455;Anzahl;W1;Personenkraftwagen nach Kraftstoffarten
46251;;;;2026-01-01;KREISE;;08216;;KLASS;;A6;Elektro;6537;Anzahl;W1;Personenkraftwagen nach Kraftstoffarten
46251;;;;2026-01-01;KREISE;;08216;;KLASS;;A7;sonstige Kraftstoffarten;23;Anzahl;W1;Personenkraftwagen nach Kraftstoffarten
46251;;;;2026-01-01;KREISE;;08216;;;;;;675,7;;PKWEW;Pkw je 1.000 Einwohner, berechnet
46251;;;;2026-01-01;KREISE;;08216;;KLASS;;A1;Benzin;58,7;%;PKWANT;Anteil am Pkw-Bestand, berechnet
46251;;;;2026-01-01;KREISE;;08216;;KLASS;;A2;Diesel;27,5;%;PKWANT;Anteil am Pkw-Bestand, berechnet
46251;;;;2026-01-01;KREISE;;08216;;KLASS;;A3;Gas (einschl. bivalent);0,5;%;PKWANT;Anteil am Pkw-Bestand, berechnet
46251;;;;2026-01-01;KREISE;;08216;;KLASS;;A4;Hybrid;9,0;%;PKWANT;Anteil am Pkw-Bestand, berechnet
46251;;;;2026-01-01;KREISE;;08216;;KLASS;;A5;darunter Plug-In-Hybrid;2,2;%;PKWANT;Anteil am Pkw-Bestand, berechnet
46251;;;;2026-01-01;KREISE;;08216;;KLASS;;A6;Elektro;4,2;%;PKWANT;Anteil am Pkw-Bestand, berechnet
46251;;;;2026-01-01;KREISE;;08216;;KLASS;;A7;sonstige Kraftstoffarten;0,0;%;PKWANT;Anteil am Pkw-Bestand, berechnet
46251;;;;2026-01-01;KREISE;;08221;Heidelberg, Stadtkreis;KLASS;;;Insgesamt;61585;Anzahl;W1;Personenkraftwagen nach Kraftstoffarten
46251;;;;2026-01-01;KREISE;;08221;;KLASS;;A1;Benzin;35524;Anzahl;W1;Personenkraftwagen nach Kraftstoffarten
46251;;;;2026-01-01;KREISE;;08221;;KLASS;;A2;Diesel;15923;Anzahl;W1;Personenkraftwagen nach Kraftstoffarten
46251;;;;2026-01-01;KREISE;;08221;;KLASS;;A3;Gas (einschl. bivalent);293;Anzahl;W1;Personenkraftwagen nach Kraftstoffarten
46251;;;;2026-01-01;KREISE;;08221;;KLASS;;A4;Hybrid;6742;Anzahl;W1;Personenkraftwagen nach Kraftstoffarten
46251;;;;2026-01-01;KREISE;;08221;;KLASS;;A5;darunter Plug-In-Hybrid;1731;Anzahl;W1;Personenkraftwagen nach Kraftstoffarten
46251;;;;2026-01-01;KREISE;;08221;;KLASS;;A6;Elektro;3076;Anzahl;W1;Personenkraftwagen nach Kraftstoffarten
46251;;;;2026-01-01;KREISE;;08221;;KLASS;;A7;sonstige Kraftstoffarten;27;Anzahl;W1;Personenkraftwagen nach Kraftstoffarten
46251;;;;2026-01-01;KREISE;;08221;;;;;;394,5;;PKWEW;Pkw je 1.000 Einwohner, berechnet
46251;;;;2026-01-01;KREISE;;08221;;KLASS;;A1;Benzin;57,7;%;PKWANT;Anteil am Pkw-Bestand, berechnet
46251;;;;2026-01-01;KREISE;;08221;;KLASS;;A2;Diesel;25,9;%;PKWANT;Anteil am Pkw-Bestand, berechnet
46251;;;;2026-01-01;KREISE;;08221;;KLASS;;A3;Gas (einschl. bivalent);0,5;%;PKWANT;Anteil am Pkw-Bestand, berechnet
46251;;;;2026-01-01;KREISE;;08221;;KLASS;;A4;Hybrid;10,9;%;PKWANT;Anteil am Pkw-Bestand, berechnet
46251;;;;2026-01-01;KREISE;;08221;;KLASS;;A5;darunter Plug-In-Hybrid;2,8;%;PKWANT;Anteil am Pkw-Bestand, berechnet
46251;;;;2026-01-01;KREISE;;08221;;KLASS;;A6;Elektro;5,0;%;PKWANT;Anteil am Pkw-Bestand, berechnet
46251;;;;2026-01-01;KREISE;;08221;;KLASS;;A7;sonstige Kraftstoffarten;0,0;%;PKWANT;Anteil am Pkw-Bestand, berechnet
46251;;;;2026-01-01;KREISE;;08222;Mannheim, Stadtkreis;KLASS;;;Insgesamt;160073;Anzahl;W1;Personenkraftwagen nach Kraftstoffarten
46251;;;;2026-01-01;KREISE;;08222;;KLASS;;A1;Benzin;92750;Anzahl;W1;Personenkraftwagen nach Kraftstoffarten
46251;;;;2026-01-01;KREISE;;08222;;KLASS;;A2;Diesel;40663;Anzahl;W1;Personenkraftwagen nach Kraftstoffarten
46251;;;;2026-01-01;KREISE;;08222;;KLASS;;A3;Gas (einschl. bivalent);713;Anzahl;W1;Personenkraftwagen nach Kraftstoffarten
46251;;;;2026-01-01;KREISE;;08222;;KLASS;;A4;Hybrid;18585;Anzahl;W1;Personenkraftwagen nach Kraftstoffarten
46251;;;;2026-01-01;KREISE;;08222;;KLASS;;A5;darunter Plug-In-Hybrid;4809;Anzahl;W1;Personenkraftwagen nach Kraftstoffarten
46251;;;;2026-01-01;KREISE;;08222;;KLASS;;A6;Elektro;7337;Anzahl;W1;Personenkraftwagen nach Kraftstoffarten
46251;;;;2026-01-01;KREISE;;08222;;KLASS;;A7;sonstige Kraftstoffarten;25;Anzahl;W1;Personenkraftwagen nach Kraftstoffarten
46251;;;;2026-01-01;KREISE;;08222;;;;;;501,0;;PKWEW;Pkw je 1.000 Einwohner, berechnet
46251;;;;2026-01-01;KREISE;;08222;;KLASS;;A1;Benzin;57,9;%;PKWANT;Anteil am Pkw-Bestand, berechnet
46251;;;;2026-01-01;KREISE;;08222;;KLASS;;A2;Diesel;25,4;%;PKWANT;Anteil am Pkw-Bestand, berechnet
46251;;;;2026-01-01;KREISE;;08222;;KLASS;;A3;Gas (einschl. bivalent);0,4;%;PKWANT;Anteil am Pkw-Bestand, berechnet
46251;;;;2026-01-01;KREISE;;08222;;KLASS;;A4;Hybrid;11,6;%;PKWANT;Anteil am Pkw-Bestand, berechnet
46251;;;;2026-01-01;KREISE;;08222;;KLASS;;A5;darunter Plug-In-Hybrid;3,0;%;PKWANT;Anteil am Pkw-Bestand, berechnet
46251;;;;2026-01-01;KREISE;;08222;;KLASS;;A6;Elektro;4,6;%;PKWANT;Anteil am Pkw-Bestand, berechnet
46251;;;;2026-01-01;KREISE;;08222;;KLASS;;A7;sonstige Kraftstoffarten;0,0;%;PKWANT;Anteil am Pkw-Bestand, berechnet
46251;;;;2026-01-01;KREISE;;08225;Neckar-Odenwald-Kreis, Landkreis;KLASS;;;Insgesamt;98458;Anzahl;W1;Personenkraftwagen nach Kraftstoffarten
46251;;;;2026-01-01;KREISE;;08225;;KLASS;;A1;Benzin;57396;Anzahl;W1;Personenkraftwagen nach Kraftstoffarten
46251;;;;2026-01-01;KREISE;;08225;;KLASS;;A2;Diesel;30187;Anzahl;W1;Personenkraftwagen nach Kraftstoffarten
46251;;;;2026-01-01;KREISE;;08225;;KLASS;;A3;Gas (einschl. bivalent);486;Anzahl;W1;Personenkraftwagen nach Kraftstoffarten
46251;;;;2026-01-01;KREISE;;08225;;KLASS;;A4;Hybrid;7095;Anzahl;W1;Personenkraftwagen nach Kraftstoffarten
46251;;;;2026-01-01;KREISE;;08225;;KLASS;;A5;darunter Plug-In-Hybrid;1847;Anzahl;W1;Personenkraftwagen nach Kraftstoffarten
46251;;;;2026-01-01;KREISE;;08225;;KLASS;;A6;Elektro;3282;Anzahl;W1;Personenkraftwagen nach Kraftstoffarten
46251;;;;2026-01-01;KREISE;;08225;;KLASS;;A7;sonstige Kraftstoffarten;12;Anzahl;W1;Personenkraftwagen nach Kraftstoffarten
46251;;;;2026-01-01;KREISE;;08225;;;;;;679,4;;PKWEW;Pkw je 1.000 Einwohner, berechnet
46251;;;;2026-01-01;KREISE;;08225;;KLASS;;A1;Benzin;58,3;%;PKWANT;Anteil am Pkw-Bestand, berechnet
46251;;;;2026-01-01;KREISE;;08225;;KLASS;;A2;Diesel;30,7;%;PKWANT;Anteil am Pkw-Bestand, berechnet
46251;;;;2026-01-01;KREISE;;08225;;KLASS;;A3;Gas (einschl. bivalent);0,5;%;PKWANT;Anteil am Pkw-Bestand, berechnet
46251;;;;2026-01-01;KREISE;;08225;;KLASS;;A4;Hybrid;7,2;%;PKWANT;Anteil am Pkw-Bestand, berechnet
46251;;;;2026-01-01;KREISE;;08225;;KLASS;;A5;darunter Plug-In-Hybrid;1,9;%;PKWANT;Anteil am Pkw-Bestand, berechnet
46251;;;;2026-01-01;KREISE;;08225;;KLASS;;A6;Elektro;3,3;%;PKWANT;Anteil am Pkw-Bestand, berechnet
46251;;;;2026-01-01;KREISE;;08225;;KLASS;;A7;sonstige Kraftstoffarten;0,0;%;PKWANT;Anteil am Pkw-Bestand, berechnet
46251;;;;2026-01-01;KREISE;;08226;Rhein-Neckar-Kreis, Landkreis;KLASS;;;Insgesamt;364720;Anzahl;W1;Personenkraftwagen nach Kraftstoffarten
46251;;;;2026-01-01;KREISE;;08226;;KLASS;;A1;Benzin;217471;Anzahl;W1;Personenkraftwagen nach Kraftstoffarten
46251;;;;2026-01-01;KREISE;;08226;;KLASS;;A2;Diesel;88021;Anzahl;W1;Personenkraftwagen nach Kraftstoffarten
46251;;;;2026-01-01;KREISE;;08226;;KLASS;;A3;Gas (einschl. bivalent);1777;Anzahl;W1;Personenkraftwagen nach Kraftstoffarten
46251;;;;2026-01-01;KREISE;;08226;;KLASS;;A4;Hybrid;36361;Anzahl;W1;Personenkraftwagen nach Kraftstoffarten
46251;;;;2026-01-01;KREISE;;08226;;KLASS;;A5;darunter Plug-In-Hybrid;11738;Anzahl;W1;Personenkraftwagen nach Kraftstoffarten
46251;;;;2026-01-01;KREISE;;08226;;KLASS;;A6;Elektro;21030;Anzahl;W1;Personenkraftwagen nach Kraftstoffarten
46251;;;;2026-01-01;KREISE;;08226;;KLASS;;A7;sonstige Kraftstoffarten;60;Anzahl;W1;Personenkraftwagen nach Kraftstoffarten
46251;;;;2026-01-01;KREISE;;08226;;;;;;652,3;;PKWEW;Pkw je 1.000 Einwohner, berechnet
46251;;;;2026-01-01;KREISE;;08226;;KLASS;;A1;Benzin;59,6;%;PKWANT;Anteil am Pkw-Bestand, berechnet
46251;;;;2026-01-01;KREISE;;08226;;KLASS;;A2;Diesel;24,1;%;PKWANT;Anteil am Pkw-Bestand, berechnet
46251;;;;2026-01-01;KREISE;;08226;;KLASS;;A3;Gas (einschl. bivalent);0,5;%;PKWANT;Anteil am Pkw-Bestand, berechnet
46251;;;;2026-01-01;KREISE;;08226;;KLASS;;A4;Hybrid;10,0;%;PKWANT;Anteil am Pkw-Bestand, berechnet
46251;;;;2026-01-01;KREISE;;08226;;KLASS;;A5;darunter Plug-In-Hybrid;3,2;%;PKWANT;Anteil am Pkw-Bestand, berechnet
46251;;;;2026-01-01;KREISE;;08226;;KLASS;;A6;Elektro;5,8;%;PKWANT;Anteil am Pkw-Bestand, berechnet
46251;;;;2026-01-01;KREISE;;08226;;KLASS;;A7;sonstige Kraftstoffarten;0,0;%;PKWANT;Anteil am Pkw-Bestand, berechnet
46251;;;;2026-01-01;KREISE;;08231;Pforzheim, Stadtkreis;KLASS;;;Insgesamt;63973;Anzahl;W1;Personenkraftwagen nach Kraftstoffarten
46251;;;;2026-01-01;KREISE;;08231;;KLASS;;A1;Benzin;38783;Anzahl;W1;Personenkraftwagen nach Kraftstoffarten
46251;;;;2026-01-01;KREISE;;08231;;KLASS;;A2;Diesel;16420;Anzahl;W1;Personenkraftwagen nach Kraftstoffarten
46251;;;;2026-01-01;KREISE;;08231;;KLASS;;A3;Gas (einschl. bivalent);281;Anzahl;W1;Personenkraftwagen nach Kraftstoffarten
46251;;;;2026-01-01;KREISE;;08231;;KLASS;;A4;Hybrid;5986;Anzahl;W1;Personenkraftwagen nach Kraftstoffarten
46251;;;;2026-01-01;KREISE;;08231;;KLASS;;A5;darunter Plug-In-Hybrid;1669;Anzahl;W1;Personenkraftwagen nach Kraftstoffarten
46251;;;;2026-01-01;KREISE;;08231;;KLASS;;A6;Elektro;2492;Anzahl;W1;Personenkraftwagen nach Kraftstoffarten
46251;;;;2026-01-01;KREISE;;08231;;KLASS;;A7;sonstige Kraftstoffarten;11;Anzahl;W1;Personenkraftwagen nach Kraftstoffarten
46251;;;;2026-01-01;KREISE;;08231;;;;;;475,9;;PKWEW;Pkw je 1.000 Einwohner, berechnet
46251;;;;2026-01-01;KREISE;;08231;;KLASS;;A1;Benzin;60,6;%;PKWANT;Anteil am Pkw-Bestand, berechnet
46251;;;;2026-01-01;KREISE;;08231;;KLASS;;A2;Diesel;25,7;%;PKWANT;Anteil am Pkw-Bestand, berechnet
46251;;;;2026-01-01;KREISE;;08231;;KLASS;;A3;Gas (einschl. bivalent);0,4;%;PKWANT;Anteil am Pkw-Bestand, berechnet
46251;;;;2026-01-01;KREISE;;08231;;KLASS;;A4;Hybrid;9,4;%;PKWANT;Anteil am Pkw-Bestand, berechnet
46251;;;;2026-01-01;KREISE;;08231;;KLASS;;A5;darunter Plug-In-Hybrid;2,6;%;PKWANT;Anteil am Pkw-Bestand, berechnet
46251;;;;2026-01-01;KREISE;;08231;;KLASS;;A6;Elektro;3,9;%;PKWANT;Anteil am Pkw-Bestand, berechnet
46251;;;;2026-01-01;KREISE;;08231;;KLASS;;A7;sonstige Kraftstoffarten;0,0;%;PKWANT;Anteil am Pkw-Bestand, berechnet
46251;;;;2026-01-01;KREISE;;08235;Calw, Landkreis;KLASS;;;Insgesamt;111560;Anzahl;W1;Personenkraftwagen nach Kraftstoffarten
46251;;;;2026-01-01;KREISE;;08235;;KLASS;;A1;Benzin;63025;Anzahl;W1;Personenkraftwagen nach Kraftstoffarten
46251;;;;2026-01-01;KREISE;;08235;;KLASS;;A2;Diesel;32938;Anzahl;W1;Personenkraftwagen nach Kraftstoffarten
46251;;;;2026-01-01;KREISE;;08235;;KLASS;;A3;Gas (einschl. bivalent);578;Anzahl;W1;Personenkraftwagen nach Kraftstoffarten
46251;;;;2026-01-01;KREISE;;08235;;KLASS;;A4;Hybrid;9406;Anzahl;W1;Personenkraftwagen nach Kraftstoffarten
46251;;;;2026-01-01;KREISE;;08235;;KLASS;;A5;darunter Plug-In-Hybrid;2309;Anzahl;W1;Personenkraftwagen nach Kraftstoffarten
46251;;;;2026-01-01;KREISE;;08235;;KLASS;;A6;Elektro;5589;Anzahl;W1;Personenkraftwagen nach Kraftstoffarten
46251;;;;2026-01-01;KREISE;;08235;;KLASS;;A7;sonstige Kraftstoffarten;24;Anzahl;W1;Personenkraftwagen nach Kraftstoffarten
46251;;;;2026-01-01;KREISE;;08235;;;;;;693,9;;PKWEW;Pkw je 1.000 Einwohner, berechnet
46251;;;;2026-01-01;KREISE;;08235;;KLASS;;A1;Benzin;56,5;%;PKWANT;Anteil am Pkw-Bestand, berechnet
46251;;;;2026-01-01;KREISE;;08235;;KLASS;;A2;Diesel;29,5;%;PKWANT;Anteil am Pkw-Bestand, berechnet
46251;;;;2026-01-01;KREISE;;08235;;KLASS;;A3;Gas (einschl. bivalent);0,5;%;PKWANT;Anteil am Pkw-Bestand, berechnet
46251;;;;2026-01-01;KREISE;;08235;;KLASS;;A4;Hybrid;8,4;%;PKWANT;Anteil am Pkw-Bestand, berechnet
46251;;;;2026-01-01;KREISE;;08235;;KLASS;;A5;darunter Plug-In-Hybrid;2,1;%;PKWANT;Anteil am Pkw-Bestand, berechnet
46251;;;;2026-01-01;KREISE;;08235;;KLASS;;A6;Elektro;5,0;%;PKWANT;Anteil am Pkw-Bestand, berechnet
46251;;;;2026-01-01;KREISE;;08235;;KLASS;;A7;sonstige Kraftstoffarten;0,0;%;PKWANT;Anteil am Pkw-Bestand, berechnet
46251;;;;2026-01-01;KREISE;;08236;Enzkreis, Landkreis;KLASS;;;Insgesamt;137712;Anzahl;W1;Personenkraftwagen nach Kraftstoffarten
46251;;;;2026-01-01;KREISE;;08236;;KLASS;;A1;Benzin;85625;Anzahl;W1;Personenkraftwagen nach Kraftstoffarten
46251;;;;2026-01-01;KREISE;;08236;;KLASS;;A2;Diesel;34691;Anzahl;W1;Personenkraftwagen nach Kraftstoffarten
46251;;;;2026-01-01;KREISE;;08236;;KLASS;;A3;Gas (einschl. bivalent);753;Anzahl;W1;Personenkraftwagen nach Kraftstoffarten
46251;;;;2026-01-01;KREISE;;08236;;KLASS;;A4;Hybrid;10704;Anzahl;W1;Personenkraftwagen nach Kraftstoffarten
46251;;;;2026-01-01;KREISE;;08236;;KLASS;;A5;darunter Plug-In-Hybrid;3132;Anzahl;W1;Personenkraftwagen nach Kraftstoffarten
46251;;;;2026-01-01;KREISE;;08236;;KLASS;;A6;Elektro;5915;Anzahl;W1;Personenkraftwagen nach Kraftstoffarten
46251;;;;2026-01-01;KREISE;;08236;;KLASS;;A7;sonstige Kraftstoffarten;24;Anzahl;W1;Personenkraftwagen nach Kraftstoffarten
46251;;;;2026-01-01;KREISE;;08236;;;;;;691,5;;PKWEW;Pkw je 1.000 Einwohner, berechnet
46251;;;;2026-01-01;KREISE;;08236;;KLASS;;A1;Benzin;62,2;%;PKWANT;Anteil am Pkw-Bestand, berechnet
46251;;;;2026-01-01;KREISE;;08236;;KLASS;;A2;Diesel;25,2;%;PKWANT;Anteil am Pkw-Bestand, berechnet
46251;;;;2026-01-01;KREISE;;08236;;KLASS;;A3;Gas (einschl. bivalent);0,5;%;PKWANT;Anteil am Pkw-Bestand, berechnet
46251;;;;2026-01-01;KREISE;;08236;;KLASS;;A4;Hybrid;7,8;%;PKWANT;Anteil am Pkw-Bestand, berechnet
46251;;;;2026-01-01;KREISE;;08236;;KLASS;;A5;darunter Plug-In-Hybrid;2,3;%;PKWANT;Anteil am Pkw-Bestand, berechnet
46251;;;;2026-01-01;KREISE;;08236;;KLASS;;A6;Elektro;4,3;%;PKWANT;Anteil am Pkw-Bestand, berechnet
46251;;;;2026-01-01;KREISE;;08236;;KLASS;;A7;sonstige Kraftstoffarten;0,0;%;PKWANT;Anteil am Pkw-Bestand, berechnet
46251;;;;2026-01-01;KREISE;;08237;Freudenstadt, Landkreis;KLASS;;;Insgesamt;82359;Anzahl;W1;Personenkraftwagen nach Kraftstoffarten
46251;;;;2026-01-01;KREISE;;08237;;KLASS;;A1;Benzin;45812;Anzahl;W1;Personenkraftwagen nach Kraftstoffarten
46251;;;;2026-01-01;KREISE;;08237;;KLASS;;A2;Diesel;25677;Anzahl;W1;Personenkraftwagen nach Kraftstoffarten
46251;;;;2026-01-01;KREISE;;08237;;KLASS;;A3;Gas (einschl. bivalent);428;Anzahl;W1;Personenkraftwagen nach Kraftstoffarten
46251;;;;2026-01-01;KREISE;;08237;;KLASS;;A4;Hybrid;7322;Anzahl;W1;Personenkraftwagen nach Kraftstoffarten
46251;;;;2026-01-01;KREISE;;08237;;KLASS;;A5;darunter Plug-In-Hybrid;1704;Anzahl;W1;Personenkraftwagen nach Kraftstoffarten
46251;;;;2026-01-01;KREISE;;08237;;KLASS;;A6;Elektro;3112;Anzahl;W1;Personenkraftwagen nach Kraftstoffarten
46251;;;;2026-01-01;KREISE;;08237;;KLASS;;A7;sonstige Kraftstoffarten;8;Anzahl;W1;Personenkraftwagen nach Kraftstoffarten
46251;;;;2026-01-01;KREISE;;08237;;;;;;677,0;;PKWEW;Pkw je 1.000 Einwohner, berechnet
46251;;;;2026-01-01;KREISE;;08237;;KLASS;;A1;Benzin;55,6;%;PKWANT;Anteil am Pkw-Bestand, berechnet
46251;;;;2026-01-01;KREISE;;08237;;KLASS;;A2;Diesel;31,2;%;PKWANT;Anteil am Pkw-Bestand, berechnet
46251;;;;2026-01-01;KREISE;;08237;;KLASS;;A3;Gas (einschl. bivalent);0,5;%;PKWANT;Anteil am Pkw-Bestand, berechnet
46251;;;;2026-01-01;KREISE;;08237;;KLASS;;A4;Hybrid;8,9;%;PKWANT;Anteil am Pkw-Bestand, berechnet
46251;;;;2026-01-01;KREISE;;08237;;KLASS;;A5;darunter Plug-In-Hybrid;2,1;%;PKWANT;Anteil am Pkw-Bestand, berechnet
46251;;;;2026-01-01;KREISE;;08237;;KLASS;;A6;Elektro;3,8;%;PKWANT;Anteil am Pkw-Bestand, berechnet
46251;;;;2026-01-01;KREISE;;08237;;KLASS;;A7;sonstige Kraftstoffarten;0,0;%;PKWANT;Anteil am Pkw-Bestand, berechnet
46251;;;;2026-01-01;KREISE;;08311;Freiburg im Breisgau, Stadtkreis;KLASS;;;Insgesamt;95432;Anzahl;W1;Personenkraftwagen nach Kraftstoffarten
46251;;;;2026-01-01;KREISE;;08311;;KLASS;;A1;Benzin;52875;Anzahl;W1;Personenkraftwagen nach Kraftstoffarten
46251;;;;2026-01-01;KREISE;;08311;;KLASS;;A2;Diesel;29414;Anzahl;W1;Personenkraftwagen nach Kraftstoffarten
46251;;;;2026-01-01;KREISE;;08311;;KLASS;;A3;Gas (einschl. bivalent);655;Anzahl;W1;Personenkraftwagen nach Kraftstoffarten
46251;;;;2026-01-01;KREISE;;08311;;KLASS;;A4;Hybrid;7487;Anzahl;W1;Personenkraftwagen nach Kraftstoffarten
46251;;;;2026-01-01;KREISE;;08311;;KLASS;;A5;darunter Plug-In-Hybrid;2157;Anzahl;W1;Personenkraftwagen nach Kraftstoffarten
46251;;;;2026-01-01;KREISE;;08311;;KLASS;;A6;Elektro;4972;Anzahl;W1;Personenkraftwagen nach Kraftstoffarten
46251;;;;2026-01-01;KREISE;;08311;;KLASS;;A7;sonstige Kraftstoffarten;29;Anzahl;W1;Personenkraftwagen nach Kraftstoffarten
46251;;;;2026-01-01;KREISE;;08311;;;;;;400,5;;PKWEW;Pkw je 1.000 Einwohner, berechnet
46251;;;;2026-01-01;KREISE;;08311;;KLASS;;A1;Benzin;55,4;%;PKWANT;Anteil am Pkw-Bestand, berechnet
46251;;;;2026-01-01;KREISE;;08311;;KLASS;;A2;Diesel;30,8;%;PKWANT;Anteil am Pkw-Bestand, berechnet
46251;;;;2026-01-01;KREISE;;08311;;KLASS;;A3;Gas (einschl. bivalent);0,7;%;PKWANT;Anteil am Pkw-Bestand, berechnet
46251;;;;2026-01-01;KREISE;;08311;;KLASS;;A4;Hybrid;7,8;%;PKWANT;Anteil am Pkw-Bestand, berechnet
46251;;;;2026-01-01;KREISE;;08311;;KLASS;;A5;darunter Plug-In-Hybrid;2,3;%;PKWANT;Anteil am Pkw-Bestand, berechnet
46251;;;;2026-01-01;KREISE;;08311;;KLASS;;A6;Elektro;5,2;%;PKWANT;Anteil am Pkw-Bestand, berechnet
46251;;;;2026-01-01;KREISE;;08311;;KLASS;;A7;sonstige Kraftstoffarten;0,0;%;PKWANT;Anteil am Pkw-Bestand, berechnet
46251;;;;2026-01-01;KREISE;;08315;Breisgau-Hochschwarzwald, Landkreis;KLASS;;;Insgesamt;166091;Anzahl;W1;Personenkraftwagen nach Kraftstoffarten
46251;;;;2026-01-01;KREISE;;08315;;KLASS;;A1;Benzin;96170;Anzahl;W1;Personenkraftwagen nach Kraftstoffarten
46251;;;;2026-01-01;KREISE;;08315;;KLASS;;A2;Diesel;49931;Anzahl;W1;Personenkraftwagen nach Kraftstoffarten
46251;;;;2026-01-01;KREISE;;08315;;KLASS;;A3;Gas (einschl. bivalent);903;Anzahl;W1;Personenkraftwagen nach Kraftstoffarten
46251;;;;2026-01-01;KREISE;;08315;;KLASS;;A4;Hybrid;11481;Anzahl;W1;Personenkraftwagen nach Kraftstoffarten
46251;;;;2026-01-01;KREISE;;08315;;KLASS;;A5;darunter Plug-In-Hybrid;3098;Anzahl;W1;Personenkraftwagen nach Kraftstoffarten
46251;;;;2026-01-01;KREISE;;08315;;KLASS;;A6;Elektro;7572;Anzahl;W1;Personenkraftwagen nach Kraftstoffarten
46251;;;;2026-01-01;KREISE;;08315;;KLASS;;A7;sonstige Kraftstoffarten;34;Anzahl;W1;Personenkraftwagen nach Kraftstoffarten
46251;;;;2026-01-01;KREISE;;08315;;;;;;609,0;;PKWEW;Pkw je 1.000 Einwohner, berechnet
46251;;;;2026-01-01;KREISE;;08315;;KLASS;;A1;Benzin;57,9;%;PKWANT;Anteil am Pkw-Bestand, berechnet
46251;;;;2026-01-01;KREISE;;08315;;KLASS;;A2;Diesel;30,1;%;PKWANT;Anteil am Pkw-Bestand, berechnet
46251;;;;2026-01-01;KREISE;;08315;;KLASS;;A3;Gas (einschl. bivalent);0,5;%;PKWANT;Anteil am Pkw-Bestand, berechnet
46251;;;;2026-01-01;KREISE;;08315;;KLASS;;A4;Hybrid;6,9;%;PKWANT;Anteil am Pkw-Bestand, berechnet
46251;;;;2026-01-01;KREISE;;08315;;KLASS;;A5;darunter Plug-In-Hybrid;1,9;%;PKWANT;Anteil am Pkw-Bestand, berechnet
46251;;;;2026-01-01;KREISE;;08315;;KLASS;;A6;Elektro;4,6;%;PKWANT;Anteil am Pkw-Bestand, berechnet
46251;;;;2026-01-01;KREISE;;08315;;KLASS;;A7;sonstige Kraftstoffarten;0,0;%;PKWANT;Anteil am Pkw-Bestand, berechnet
46251;;;;2026-01-01;KREISE;;08316;Emmendingen, Landkreis;KLASS;;;Insgesamt;107117;Anzahl;W1;Personenkraftwagen nach Kraftstoffarten
46251;;;;2026-01-01;KREISE;;08316;;KLASS;;A1;Benzin;64205;Anzahl;W1;Personenkraftwagen nach Kraftstoffarten
46251;;;;2026-01-01;KREISE;;08316;;KLASS;;A2;Diesel;30810;Anzahl;W1;Personenkraftwagen nach Kraftstoffarten
46251;;;;2026-01-01;KREISE;;08316;;KLASS;;A3;Gas (einschl. bivalent);551;Anzahl;W1;Personenkraftwagen nach Kraftstoffarten
46251;;;;2026-01-01;KREISE;;08316;;KLASS;;A4;Hybrid;7020;Anzahl;W1;Personenkraftwagen nach Kraftstoffarten
46251;;;;2026-01-01;KREISE;;08316;;KLASS;;A5;darunter Plug-In-Hybrid;1807;Anzahl;W1;Personenkraftwagen nach Kraftstoffarten
46251;;;;2026-01-01;KREISE;;08316;;KLASS;;A6;Elektro;4517;Anzahl;W1;Personenkraftwagen nach Kraftstoffarten
46251;;;;2026-01-01;KREISE;;08316;;KLASS;;A7;sonstige Kraftstoffarten;14;Anzahl;W1;Personenkraftwagen nach Kraftstoffarten
46251;;;;2026-01-01;KREISE;;08316;;;;;;628,4;;PKWEW;Pkw je 1.000 Einwohner, berechnet
46251;;;;2026-01-01;KREISE;;08316;;KLASS;;A1;Benzin;59,9;%;PKWANT;Anteil am Pkw-Bestand, berechnet
46251;;;;2026-01-01;KREISE;;08316;;KLASS;;A2;Diesel;28,8;%;PKWANT;Anteil am Pkw-Bestand, berechnet
46251;;;;2026-01-01;KREISE;;08316;;KLASS;;A3;Gas (einschl. bivalent);0,5;%;PKWANT;Anteil am Pkw-Bestand, berechnet
46251;;;;2026-01-01;KREISE;;08316;;KLASS;;A4;Hybrid;6,6;%;PKWANT;Anteil am Pkw-Bestand, berechnet
46251;;;;2026-01-01;KREISE;;08316;;KLASS;;A5;darunter Plug-In-Hybrid;1,7;%;PKWANT;Anteil am Pkw-Bestand, berechnet
46251;;;;2026-01-01;KREISE;;08316;;KLASS;;A6;Elektro;4,2;%;PKWANT;Anteil am Pkw-Bestand, berechnet
46251;;;;2026-01-01;KREISE;;08316;;KLASS;;A7;sonstige Kraftstoffarten;0,0;%;PKWANT;Anteil am Pkw-Bestand, berechnet
46251;;;;2026-01-01;KREISE;;08317;Ortenaukreis, Landkreis;KLASS;;;Insgesamt;286680;Anzahl;W1;Personenkraftwagen nach Kraftstoffarten
46251;;;;2026-01-01;KREISE;;08317;;KLASS;;A1;Benzin;169723;Anzahl;W1;Personenkraftwagen nach Kraftstoffarten
46251;;;;2026-01-01;KREISE;;08317;;KLASS;;A2;Diesel;85416;Anzahl;W1;Personenkraftwagen nach Kraftstoffarten
46251;;;;2026-01-01;KREISE;;08317;;KLASS;;A3;Gas (einschl. bivalent);1308;Anzahl;W1;Personenkraftwagen nach Kraftstoffarten
46251;;;;2026-01-01;KREISE;;08317;;KLASS;;A4;Hybrid;19267;Anzahl;W1;Personenkraftwagen nach Kraftstoffarten
46251;;;;2026-01-01;KREISE;;08317;;KLASS;;A5;darunter Plug-In-Hybrid;5219;Anzahl;W1;Personenkraftwagen nach Kraftstoffarten
46251;;;;2026-01-01;KREISE;;08317;;KLASS;;A6;Elektro;10922;Anzahl;W1;Personenkraftwagen nach Kraftstoffarten
46251;;;;2026-01-01;KREISE;;08317;;KLASS;;A7;sonstige Kraftstoffarten;44;Anzahl;W1;Personenkraftwagen nach Kraftstoffarten
46251;;;;2026-01-01;KREISE;;08317;;;;;;643,0;;PKWEW;Pkw je 1.000 Einwohner, berechnet
46251;;;;2026-01-01;KREISE;;08317;;KLASS;;A1;Benzin;59,2;%;PKWANT;Anteil am Pkw-Bestand, berechnet
46251;;;;2026-01-01;KREISE;;08317;;KLASS;;A2;Diesel;29,8;%;PKWANT;Anteil am Pkw-Bestand, berechnet
46251;;;;2026-01-01;KREISE;;08317;;KLASS;;A3;Gas (einschl. bivalent);0,5;%;PKWANT;Anteil am Pkw-Bestand, berechnet
46251;;;;2026-01-01;KREISE;;08317;;KLASS;;A4;Hybrid;6,7;%;PKWANT;Anteil am Pkw-Bestand, berechnet
46251;;;;2026-01-01;KREISE;;08317;;KLASS;;A5;darunter Plug-In-Hybrid;1,8;%;PKWANT;Anteil am Pkw-Bestand, berechnet
46251;;;;2026-01-01;KREISE;;08317;;KLASS;;A6;Elektro;3,8;%;PKWANT;Anteil am Pkw-Bestand, berechnet
46251;;;;2026-01-01;KREISE;;08317;;KLASS;;A7;sonstige Kraftstoffarten;0,0;%;PKWANT;Anteil am Pkw-Bestand, berechnet
46251;;;;2026-01-01;KREISE;;08325;Rottweil, Landkreis;KLASS;;;Insgesamt;98384;Anzahl;W1;Personenkraftwagen nach Kraftstoffarten
46251;;;;2026-01-01;KREISE;;08325;;KLASS;;A1;Benzin;56170;Anzahl;W1;Personenkraftwagen nach Kraftstoffarten
46251;;;;2026-01-01;KREISE;;08325;;KLASS;;A2;Diesel;30120;Anzahl;W1;Personenkraftwagen nach Kraftstoffarten
46251;;;;2026-01-01;KREISE;;08325;;KLASS;;A3;Gas (einschl. bivalent);484;Anzahl;W1;Personenkraftwagen nach Kraftstoffarten
46251;;;;2026-01-01;KREISE;;08325;;KLASS;;A4;Hybrid;7917;Anzahl;W1;Personenkraftwagen nach Kraftstoffarten
46251;;;;2026-01-01;KREISE;;08325;;KLASS;;A5;darunter Plug-In-Hybrid;2120;Anzahl;W1;Personenkraftwagen nach Kraftstoffarten
46251;;;;2026-01-01;KREISE;;08325;;KLASS;;A6;Elektro;3682;Anzahl;W1;Personenkraftwagen nach Kraftstoffarten
46251;;;;2026-01-01;KREISE;;08325;;KLASS;;A7;sonstige Kraftstoffarten;11;Anzahl;W1;Personenkraftwagen nach Kraftstoffarten
46251;;;;2026-01-01;KREISE;;08325;;;;;;704,1;;PKWEW;Pkw je 1.000 Einwohner, berechnet
46251;;;;2026-01-01;KREISE;;08325;;KLASS;;A1;Benzin;57,1;%;PKWANT;Anteil am Pkw-Bestand, berechnet
46251;;;;2026-01-01;KREISE;;08325;;KLASS;;A2;Diesel;30,6;%;PKWANT;Anteil am Pkw-Bestand, berechnet
46251;;;;2026-01-01;KREISE;;08325;;KLASS;;A3;Gas (einschl. bivalent);0,5;%;PKWANT;Anteil am Pkw-Bestand, berechnet
46251;;;;2026-01-01;KREISE;;08325;;KLASS;;A4;Hybrid;8,0;%;PKWANT;Anteil am Pkw-Bestand, berechnet
46251;;;;2026-01-01;KREISE;;08325;;KLASS;;A5;darunter Plug-In-Hybrid;2,2;%;PKWANT;Anteil am Pkw-Bestand, berechnet
46251;;;;2026-01-01;KREISE;;08325;;KLASS;;A6;Elektro;3,7;%;PKWANT;Anteil am Pkw-Bestand, berechnet
46251;;;;2026-01-01;KREISE;;08325;;KLASS;;A7;sonstige Kraftstoffarten;0,0;%;PKWANT;Anteil am Pkw-Bestand, berechnet
46251;;;;2026-01-01;KREISE;;08326;Schwarzwald-Baar-Kreis, Landkreis;KLASS;;;Insgesamt;136865;Anzahl;W1;Personenkraftwagen nach Kraftstoffarten
46251;;;;2026-01-01;KREISE;;08326;;KLASS;;A1;Benzin;79328;Anzahl;W1;Personenkraftwagen nach Kraftstoffarten
46251;;;;2026-01-01;KREISE;;08326;;KLASS;;A2;Diesel;38799;Anzahl;W1;Personenkraftwagen nach Kraftstoffarten
46251;;;;2026-01-01;KREISE;;08326;;KLASS;;A3;Gas (einschl. bivalent);945;Anzahl;W1;Personenkraftwagen nach Kraftstoffarten
46251;;;;2026-01-01;KREISE;;08326;;KLASS;;A4;Hybrid;12880;Anzahl;W1;Personenkraftwagen nach Kraftstoffarten
46251;;;;2026-01-01;KREISE;;08326;;KLASS;;A5;darunter Plug-In-Hybrid;3182;Anzahl;W1;Personenkraftwagen nach Kraftstoffarten
46251;;;;2026-01-01;KREISE;;08326;;KLASS;;A6;Elektro;4892;Anzahl;W1;Personenkraftwagen nach Kraftstoffarten
46251;;;;2026-01-01;KREISE;;08326;;KLASS;;A7;sonstige Kraftstoffarten;21;Anzahl;W1;Personenkraftwagen nach Kraftstoffarten
46251;;;;2026-01-01;KREISE;;08326;;;;;;640,5;;PKWEW;Pkw je 1.000 Einwohner, berechnet
46251;;;;2026-01-01;KREISE;;08326;;KLASS;;A1;Benzin;58,0;%;PKWANT;Anteil am Pkw-Bestand, berechnet
46251;;;;2026-01-01;KREISE;;08326;;KLASS;;A2;Diesel;28,3;%;PKWANT;Anteil am Pkw-Bestand, berechnet
46251;;;;2026-01-01;KREISE;;08326;;KLASS;;A3;Gas (einschl. bivalent);0,7;%;PKWANT;Anteil am Pkw-Bestand, berechnet
46251;;;;2026-01-01;KREISE;;08326;;KLASS;;A4;Hybrid;9,4;%;PKWANT;Anteil am Pkw-Bestand, berechnet
46251;;;;2026-01-01;KREISE;;08326;;KLASS;;A5;darunter Plug-In-Hybrid;2,3;%;PKWANT;Anteil am Pkw-Bestand, berechnet
46251;;;;2026-01-01;KREISE;;08326;;KLASS;;A6;Elektro;3,6;%;PKWANT;Anteil am Pkw-Bestand, berechnet
46251;;;;2026-01-01;KREISE;;08326;;KLASS;;A7;sonstige Kraftstoffarten;0,0;%;PKWANT;Anteil am Pkw-Bestand, berechnet
46251;;;;2026-01-01;KREISE;;08327;Tuttlingen, Landkreis;KLASS;;;Insgesamt;94259;Anzahl;W1;Personenkraftwagen nach Kraftstoffarten
46251;;;;2026-01-01;KREISE;;08327;;KLASS;;A1;Benzin;53044;Anzahl;W1;Personenkraftwagen nach Kraftstoffarten
46251;;;;2026-01-01;KREISE;;08327;;KLASS;;A2;Diesel;27504;Anzahl;W1;Personenkraftwagen nach Kraftstoffarten
46251;;;;2026-01-01;KREISE;;08327;;KLASS;;A3;Gas (einschl. bivalent);477;Anzahl;W1;Personenkraftwagen nach Kraftstoffarten
46251;;;;2026-01-01;KREISE;;08327;;KLASS;;A4;Hybrid;9649;Anzahl;W1;Personenkraftwagen nach Kraftstoffarten
46251;;;;2026-01-01;KREISE;;08327;;KLASS;;A5;darunter Plug-In-Hybrid;2470;Anzahl;W1;Personenkraftwagen nach Kraftstoffarten
46251;;;;2026-01-01;KREISE;;08327;;KLASS;;A6;Elektro;3568;Anzahl;W1;Personenkraftwagen nach Kraftstoffarten
46251;;;;2026-01-01;KREISE;;08327;;KLASS;;A7;sonstige Kraftstoffarten;17;Anzahl;W1;Personenkraftwagen nach Kraftstoffarten
46251;;;;2026-01-01;KREISE;;08327;;;;;;650,1;;PKWEW;Pkw je 1.000 Einwohner, berechnet
46251;;;;2026-01-01;KREISE;;08327;;KLASS;;A1;Benzin;56,3;%;PKWANT;Anteil am Pkw-Bestand, berechnet
46251;;;;2026-01-01;KREISE;;08327;;KLASS;;A2;Diesel;29,2;%;PKWANT;Anteil am Pkw-Bestand, berechnet
46251;;;;2026-01-01;KREISE;;08327;;KLASS;;A3;Gas (einschl. bivalent);0,5;%;PKWANT;Anteil am Pkw-Bestand, berechnet
46251;;;;2026-01-01;KREISE;;08327;;KLASS;;A4;Hybrid;10,2;%;PKWANT;Anteil am Pkw-Bestand, berechnet
46251;;;;2026-01-01;KREISE;;08327;;KLASS;;A5;darunter Plug-In-Hybrid;2,6;%;PKWANT;Anteil am Pkw-Bestand, berechnet
46251;;;;2026-01-01;KREISE;;08327;;KLASS;;A6;Elektro;3,8;%;PKWANT;Anteil am Pkw-Bestand, berechnet
46251;;;;2026-01-01;KREISE;;08327;;KLASS;;A7;sonstige Kraftstoffarten;0,0;%;PKWANT;Anteil am Pkw-Bestand, berechnet
46251;;;;2026-01-01;KREISE;;08335;Konstanz, Landkreis;KLASS;;;Insgesamt;167667;Anzahl;W1;Personenkraftwagen nach Kraftstoffarten
46251;;;;2026-01-01;KREISE;;08335;;KLASS;;A1;Benzin;101872;Anzahl;W1;Personenkraftwagen nach Kraftstoffarten
46251;;;;2026-01-01;KREISE;;08335;;KLASS;;A2;Diesel;43837;Anzahl;W1;Personenkraftwagen nach Kraftstoffarten
46251;;;;2026-01-01;KREISE;;08335;;KLASS;;A3;Gas (einschl. bivalent);1111;Anzahl;W1;Personenkraftwagen nach Kraftstoffarten
46251;;;;2026-01-01;KREISE;;08335;;KLASS;;A4;Hybrid;13665;Anzahl;W1;Personenkraftwagen nach Kraftstoffarten
46251;;;;2026-01-01;KREISE;;08335;;KLASS;;A5;darunter Plug-In-Hybrid;3599;Anzahl;W1;Personenkraftwagen nach Kraftstoffarten
46251;;;;2026-01-01;KREISE;;08335;;KLASS;;A6;Elektro;7147;Anzahl;W1;Personenkraftwagen nach Kraftstoffarten
46251;;;;2026-01-01;KREISE;;08335;;KLASS;;A7;sonstige Kraftstoffarten;35;Anzahl;W1;Personenkraftwagen nach Kraftstoffarten
46251;;;;2026-01-01;KREISE;;08335;;;;;;574,5;;PKWEW;Pkw je 1.000 Einwohner, berechnet
46251;;;;2026-01-01;KREISE;;08335;;KLASS;;A1;Benzin;60,8;%;PKWANT;Anteil am Pkw-Bestand, berechnet
46251;;;;2026-01-01;KREISE;;08335;;KLASS;;A2;Diesel;26,1;%;PKWANT;Anteil am Pkw-Bestand, berechnet
46251;;;;2026-01-01;KREISE;;08335;;KLASS;;A3;Gas (einschl. bivalent);0,7;%;PKWANT;Anteil am Pkw-Bestand, berechnet
46251;;;;2026-01-01;KREISE;;08335;;KLASS;;A4;Hybrid;8,2;%;PKWANT;Anteil am Pkw-Bestand, berechnet
46251;;;;2026-01-01;KREISE;;08335;;KLASS;;A5;darunter Plug-In-Hybrid;2,1;%;PKWANT;Anteil am Pkw-Bestand, berechnet
46251;;;;2026-01-01;KREISE;;08335;;KLASS;;A6;Elektro;4,3;%;PKWANT;Anteil am Pkw-Bestand, berechnet
46251;;;;2026-01-01;KREISE;;08335;;KLASS;;A7;sonstige Kraftstoffarten;0,0;%;PKWANT;Anteil am Pkw-Bestand, berechnet
46251;;;;2026-01-01;KREISE;;08336;Lörrach, Landkreis;KLASS;;;Insgesamt;141016;Anzahl;W1;Personenkraftwagen nach Kraftstoffarten
46251;;;;2026-01-01;KREISE;;08336;;KLASS;;A1;Benzin;85081;Anzahl;W1;Personenkraftwagen nach Kraftstoffarten
46251;;;;2026-01-01;KREISE;;08336;;KLASS;;A2;Diesel;37489;Anzahl;W1;Personenkraftwagen nach Kraftstoffarten
46251;;;;2026-01-01;KREISE;;08336;;KLASS;;A3;Gas (einschl. bivalent);490;Anzahl;W1;Personenkraftwagen nach Kraftstoffarten
46251;;;;2026-01-01;KREISE;;08336;;KLASS;;A4;Hybrid;11723;Anzahl;W1;Personenkraftwagen nach Kraftstoffarten
46251;;;;2026-01-01;KREISE;;08336;;KLASS;;A5;darunter Plug-In-Hybrid;2982;Anzahl;W1;Personenkraftwagen nach Kraftstoffarten
46251;;;;2026-01-01;KREISE;;08336;;KLASS;;A6;Elektro;6199;Anzahl;W1;Personenkraftwagen nach Kraftstoffarten
46251;;;;2026-01-01;KREISE;;08336;;KLASS;;A7;sonstige Kraftstoffarten;34;Anzahl;W1;Personenkraftwagen nach Kraftstoffarten
46251;;;;2026-01-01;KREISE;;08336;;;;;;592,2;;PKWEW;Pkw je 1.000 Einwohner, berechnet
46251;;;;2026-01-01;KREISE;;08336;;KLASS;;A1;Benzin;60,3;%;PKWANT;Anteil am Pkw-Bestand, berechnet
46251;;;;2026-01-01;KREISE;;08336;;KLASS;;A2;Diesel;26,6;%;PKWANT;Anteil am Pkw-Bestand, berechnet
46251;;;;2026-01-01;KREISE;;08336;;KLASS;;A3;Gas (einschl. bivalent);0,3;%;PKWANT;Anteil am Pkw-Bestand, berechnet
46251;;;;2026-01-01;KREISE;;08336;;KLASS;;A4;Hybrid;8,3;%;PKWANT;Anteil am Pkw-Bestand, berechnet
46251;;;;2026-01-01;KREISE;;08336;;KLASS;;A5;darunter Plug-In-Hybrid;2,1;%;PKWANT;Anteil am Pkw-Bestand, berechnet
46251;;;;2026-01-01;KREISE;;08336;;KLASS;;A6;Elektro;4,4;%;PKWANT;Anteil am Pkw-Bestand, berechnet
46251;;;;2026-01-01;KREISE;;08336;;KLASS;;A7;sonstige Kraftstoffarten;0,0;%;PKWANT;Anteil am Pkw-Bestand, berechnet
46251;;;;2026-01-01;KREISE;;08337;Waldshut, Landkreis;KLASS;;;Insgesamt;112924;Anzahl;W1;Personenkraftwagen nach Kraftstoffarten
46251;;;;2026-01-01;KREISE;;08337;;KLASS;;A1;Benzin;66905;Anzahl;W1;Personenkraftwagen nach Kraftstoffarten
46251;;;;2026-01-01;KREISE;;08337;;KLASS;;A2;Diesel;31994;Anzahl;W1;Personenkraftwagen nach Kraftstoffarten
46251;;;;2026-01-01;KREISE;;08337;;KLASS;;A3;Gas (einschl. bivalent);481;Anzahl;W1;Personenkraftwagen nach Kraftstoffarten
46251;;;;2026-01-01;KREISE;;08337;;KLASS;;A4;Hybrid;8406;Anzahl;W1;Personenkraftwagen nach Kraftstoffarten
46251;;;;2026-01-01;KREISE;;08337;;KLASS;;A5;darunter Plug-In-Hybrid;2200;Anzahl;W1;Personenkraftwagen nach Kraftstoffarten
46251;;;;2026-01-01;KREISE;;08337;;KLASS;;A6;Elektro;5109;Anzahl;W1;Personenkraftwagen nach Kraftstoffarten
46251;;;;2026-01-01;KREISE;;08337;;KLASS;;A7;sonstige Kraftstoffarten;29;Anzahl;W1;Personenkraftwagen nach Kraftstoffarten
46251;;;;2026-01-01;KREISE;;08337;;;;;;658,4;;PKWEW;Pkw je 1.000 Einwohner, berechnet
46251;;;;2026-01-01;KREISE;;08337;;KLASS;;A1;Benzin;59,2;%;PKWANT;Anteil am Pkw-Bestand, berechnet
46251;;;;2026-01-01;KREISE;;08337;;KLASS;;A2;Diesel;28,3;%;PKWANT;Anteil am Pkw-Bestand, berechnet
46251;;;;2026-01-01;KREISE;;08337;;KLASS;;A3;Gas (einschl. bivalent);0,4;%;PKWANT;Anteil am Pkw-Bestand, berechnet
46251;;;;2026-01-01;KREISE;;08337;;KLASS;;A4;Hybrid;7,4;%;PKWANT;Anteil am Pkw-Bestand, berechnet
46251;;;;2026-01-01;KREISE;;08337;;KLASS;;A5;darunter Plug-In-Hybrid;1,9;%;PKWANT;Anteil am Pkw-Bestand, berechnet
46251;;;;2026-01-01;KREISE;;08337;;KLASS;;A6;Elektro;4,5;%;PKWANT;Anteil am Pkw-Bestand, berechnet
46251;;;;2026-01-01;KREISE;;08337;;KLASS;;A7;sonstige Kraftstoffarten;0,0;%;PKWANT;Anteil am Pkw-Bestand, berechnet
46251;;;;2026-01-01;KREISE;;08415;Reutlingen, Landkreis;KLASS;;;Insgesamt;186440;Anzahl;W1;Personenkraftwagen nach Kraftstoffarten
46251;;;;2026-01-01;KREISE;;08415;;KLASS;;A1;Benzin;112571;Anzahl;W1;Personenkraftwagen nach Kraftstoffarten
46251;;;;2026-01-01;KREISE;;08415;;KLASS;;A2;Diesel;49902;Anzahl;W1;Personenkraftwagen nach Kraftstoffarten
46251;;;;2026-01-01;KREISE;;08415;;KLASS;;A3;Gas (einschl. bivalent);1154;Anzahl;W1;Personenkraftwagen nach Kraftstoffarten
46251;;;;2026-01-01;KREISE;;08415;;KLASS;;A4;Hybrid;15235;Anzahl;W1;Personenkraftwagen nach Kraftstoffarten
46251;;;;2026-01-01;KREISE;;08415;;KLASS;;A5;darunter Plug-In-Hybrid;4354;Anzahl;W1;Personenkraftwagen nach Kraftstoffarten
46251;;;;2026-01-01;KREISE;;08415;;KLASS;;A6;Elektro;7543;Anzahl;W1;Personenkraftwagen nach Kraftstoffarten
46251;;;;2026-01-01;KREISE;;08415;;KLASS;;A7;sonstige Kraftstoffarten;35;Anzahl;W1;Personenkraftwagen nach Kraftstoffarten
46251;;;;2026-01-01;KREISE;;08415;;;;;;635,2;;PKWEW;Pkw je 1.000 Einwohner, berechnet
46251;;;;2026-01-01;KREISE;;08415;;KLASS;;A1;Benzin;60,4;%;PKWANT;Anteil am Pkw-Bestand, berechnet
46251;;;;2026-01-01;KREISE;;08415;;KLASS;;A2;Diesel;26,8;%;PKWANT;Anteil am Pkw-Bestand, berechnet
46251;;;;2026-01-01;KREISE;;08415;;KLASS;;A3;Gas (einschl. bivalent);0,6;%;PKWANT;Anteil am Pkw-Bestand, berechnet
46251;;;;2026-01-01;KREISE;;08415;;KLASS;;A4;Hybrid;8,2;%;PKWANT;Anteil am Pkw-Bestand, berechnet
46251;;;;2026-01-01;KREISE;;08415;;KLASS;;A5;darunter Plug-In-Hybrid;2,3;%;PKWANT;Anteil am Pkw-Bestand, berechnet
46251;;;;2026-01-01;KREISE;;08415;;KLASS;;A6;Elektro;4,0;%;PKWANT;Anteil am Pkw-Bestand, berechnet
46251;;;;2026-01-01;KREISE;;08415;;KLASS;;A7;sonstige Kraftstoffarten;0,0;%;PKWANT;Anteil am Pkw-Bestand, berechnet
46251;;;;2026-01-01;KREISE;;08416;Tübingen, Landkreis;KLASS;;;Insgesamt;131194;Anzahl;W1;Personenkraftwagen nach Kraftstoffarten
46251;;;;2026-01-01;KREISE;;08416;;KLASS;;A1;Benzin;76661;Anzahl;W1;Personenkraftwagen nach Kraftstoffarten
46251;;;;2026-01-01;KREISE;;08416;;KLASS;;A2;Diesel;36854;Anzahl;W1;Personenkraftwagen nach Kraftstoffarten
46251;;;;2026-01-01;KREISE;;08416;;KLASS;;A3;Gas (einschl. bivalent);1030;Anzahl;W1;Personenkraftwagen nach Kraftstoffarten
46251;;;;2026-01-01;KREISE;;08416;;KLASS;;A4;Hybrid;10599;Anzahl;W1;Personenkraftwagen nach Kraftstoffarten
46251;;;;2026-01-01;KREISE;;08416;;KLASS;;A5;darunter Plug-In-Hybrid;2969;Anzahl;W1;Personenkraftwagen nach Kraftstoffarten
46251;;;;2026-01-01;KREISE;;08416;;KLASS;;A6;Elektro;6025;Anzahl;W1;Personenkraftwagen nach Kraftstoffarten
46251;;;;2026-01-01;KREISE;;08416;;KLASS;;A7;sonstige Kraftstoffarten;25;Anzahl;W1;Personenkraftwagen nach Kraftstoffarten
46251;;;;2026-01-01;KREISE;;08416;;;;;;561,6;;PKWEW;Pkw je 1.000 Einwohner, berechnet
46251;;;;2026-01-01;KREISE;;08416;;KLASS;;A1;Benzin;58,4;%;PKWANT;Anteil am Pkw-Bestand, berechnet
46251;;;;2026-01-01;KREISE;;08416;;KLASS;;A2;Diesel;28,1;%;PKWANT;Anteil am Pkw-Bestand, berechnet
46251;;;;2026-01-01;KREISE;;08416;;KLASS;;A3;Gas (einschl. bivalent);0,8;%;PKWANT;Anteil am Pkw-Bestand, berechnet
46251;;;;2026-01-01;KREISE;;08416;;KLASS;;A4;Hybrid;8,1;%;PKWANT;Anteil am Pkw-Bestand, berechnet
46251;;;;2026-01-01;KREISE;;08416;;KLASS;;A5;darunter Plug-In-Hybrid;2,3;%;PKWANT;Anteil am Pkw-Bestand, berechnet
46251;;;;2026-01-01;KREISE;;08416;;KLASS;;A6;Elektro;4,6;%;PKWANT;Anteil am Pkw-Bestand, berechnet
46251;;;;2026-01-01;KREISE;;08416;;KLASS;;A7;sonstige Kraftstoffarten;0,0;%;PKWANT;Anteil am Pkw-Bestand, berechnet
46251;;;;2026-01-01;KREISE;;08417;Zollernalbkreis, Landkreis;KLASS;;;Insgesamt;132817;Anzahl;W1;Personenkraftwagen nach Kraftstoffarten
46251;;;;2026-01-01;KREISE;;08417;;KLASS;;A1;Benzin;79954;Anzahl;W1;Personenkraftwagen nach Kraftstoffarten
46251;;;;2026-01-01;KREISE;;08417;;KLASS;;A2;Diesel;36582;Anzahl;W1;Personenkraftwagen nach Kraftstoffarten
46251;;;;2026-01-01;KREISE;;08417;;KLASS;;A3;Gas (einschl. bivalent);868;Anzahl;W1;Personenkraftwagen nach Kraftstoffarten
46251;;;;2026-01-01;KREISE;;08417;;KLASS;;A4;Hybrid;10779;Anzahl;W1;Personenkraftwagen nach Kraftstoffarten
46251;;;;2026-01-01;KREISE;;08417;;KLASS;;A5;darunter Plug-In-Hybrid;2769;Anzahl;W1;Personenkraftwagen nach Kraftstoffarten
46251;;;;2026-01-01;KREISE;;08417;;KLASS;;A6;Elektro;4614;Anzahl;W1;Personenkraftwagen nach Kraftstoffarten
46251;;;;2026-01-01;KREISE;;08417;;KLASS;;A7;sonstige Kraftstoffarten;20;Anzahl;W1;Personenkraftwagen nach Kraftstoffarten
46251;;;;2026-01-01;KREISE;;08417;;;;;;687,8;;PKWEW;Pkw je 1.000 Einwohner, berechnet
46251;;;;2026-01-01;KREISE;;08417;;KLASS;;A1;Benzin;60,2;%;PKWANT;Anteil am Pkw-Bestand, berechnet
46251;;;;2026-01-01;KREISE;;08417;;KLASS;;A2;Diesel;27,5;%;PKWANT;Anteil am Pkw-Bestand, berechnet
46251;;;;2026-01-01;KREISE;;08417;;KLASS;;A3;Gas (einschl. bivalent);0,7;%;PKWANT;Anteil am Pkw-Bestand, berechnet
46251;;;;2026-01-01;KREISE;;08417;;KLASS;;A4;Hybrid;8,1;%;PKWANT;Anteil am Pkw-Bestand, berechnet
46251;;;;2026-01-01;KREISE;;08417;;KLASS;;A5;darunter Plug-In-Hybrid;2,1;%;PKWANT;Anteil am Pkw-Bestand, berechnet
46251;;;;2026-01-01;KREISE;;08417;;KLASS;;A6;Elektro;3,5;%;PKWANT;Anteil am Pkw-Bestand, berechnet
46251;;;;2026-01-01;KREISE;;08417;;KLASS;;A7;sonstige Kraftstoffarten;0,0;%;PKWANT;Anteil am Pkw-Bestand, berechnet
46251;;;;2026-01-01;KREISE;;08421;Ulm, Stadtkreis;KLASS;;;Insgesamt;68839;Anzahl;W1;Personenkraftwagen nach Kraftstoffarten
46251;;;;2026-01-01;KREISE;;08421;;KLASS;;A1;Benzin;37516;Anzahl;W1;Personenkraftwagen nach Kraftstoffarten
46251;;;;2026-01-01;KREISE;;08421;;KLASS;;A2;Diesel;20278;Anzahl;W1;Personenkraftwagen nach Kraftstoffarten
46251;;;;2026-01-01;KREISE;;08421;;KLASS;;A3;Gas (einschl. bivalent);394;Anzahl;W1;Personenkraftwagen nach Kraftstoffarten
46251;;;;2026-01-01;KREISE;;08421;;KLASS;;A4;Hybrid;7037;Anzahl;W1;Personenkraftwagen nach Kraftstoffarten
46251;;;;2026-01-01;KREISE;;08421;;KLASS;;A5;darunter Plug-In-Hybrid;1847;Anzahl;W1;Personenkraftwagen nach Kraftstoffarten
46251;;;;2026-01-01;KREISE;;08421;;KLASS;;A6;Elektro;3602;Anzahl;W1;Personenkraftwagen nach Kraftstoffarten
46251;;;;2026-01-01;KREISE;;08421;;KLASS;;A7;sonstige Kraftstoffarten;12;Anzahl;W1;Personenkraftwagen nach Kraftstoffarten
46251;;;;2026-01-01;KREISE;;08421;;;;;;528,4;;PKWEW;Pkw je 1.000 Einwohner, berechnet
46251;;;;2026-01-01;KREISE;;08421;;KLASS;;A1;Benzin;54,5;%;PKWANT;Anteil am Pkw-Bestand, berechnet
46251;;;;2026-01-01;KREISE;;08421;;KLASS;;A2;Diesel;29,5;%;PKWANT;Anteil am Pkw-Bestand, berechnet
46251;;;;2026-01-01;KREISE;;08421;;KLASS;;A3;Gas (einschl. bivalent);0,6;%;PKWANT;Anteil am Pkw-Bestand, berechnet
46251;;;;2026-01-01;KREISE;;08421;;KLASS;;A4;Hybrid;10,2;%;PKWANT;Anteil am Pkw-Bestand, berechnet
46251;;;;2026-01-01;KREISE;;08421;;KLASS;;A5;darunter Plug-In-Hybrid;2,7;%;PKWANT;Anteil am Pkw-Bestand, berechnet
46251;;;;2026-01-01;KREISE;;08421;;KLASS;;A6;Elektro;5,2;%;PKWANT;Anteil am Pkw-Bestand, berechnet
46251;;;;2026-01-01;KREISE;;08421;;KLASS;;A7;sonstige Kraftstoffarten;0,0;%;PKWANT;Anteil am Pkw-Bestand, berechnet
46251;;;;2026-01-01;KREISE;;08425;Alb-Donau-Kreis, Landkreis;KLASS;;;Insgesamt;136027;Anzahl;W1;Personenkraftwagen nach Kraftstoffarten
46251;;;;2026-01-01;KREISE;;08425;;KLASS;;A1;Benzin;77716;Anzahl;W1;Personenkraftwagen nach Kraftstoffarten
46251;;;;2026-01-01;KREISE;;08425;;KLASS;;A2;Diesel;41969;Anzahl;W1;Personenkraftwagen nach Kraftstoffarten
46251;;;;2026-01-01;KREISE;;08425;;KLASS;;A3;Gas (einschl. bivalent);675;Anzahl;W1;Personenkraftwagen nach Kraftstoffarten
46251;;;;2026-01-01;KREISE;;08425;;KLASS;;A4;Hybrid;9924;Anzahl;W1;Personenkraftwagen nach Kraftstoffarten
46251;;;;2026-01-01;KREISE;;08425;;KLASS;;A5;darunter Plug-In-Hybrid;2462;Anzahl;W1;Personenkraftwagen nach Kraftstoffarten
46251;;;;2026-01-01;KREISE;;08425;;KLASS;;A6;Elektro;5715;Anzahl;W1;Personenkraftwagen nach Kraftstoffarten
46251;;;;2026-01-01;KREISE;;08425;;KLASS;;A7;sonstige Kraftstoffarten;28;Anzahl;W1;Personenkraftwagen nach Kraftstoffarten
46251;;;;2026-01-01;KREISE;;08425;;;;;;671,6;;PKWEW;Pkw je 1.000 Einwohner, berechnet
46251;;;;2026-01-01;KREISE;;08425;;KLASS;;A1;Benzin;57,1;%;PKWANT;Anteil am Pkw-Bestand, berechnet
46251;;;;2026-01-01;KREISE;;08425;;KLASS;;A2;Diesel;30,9;%;PKWANT;Anteil am Pkw-Bestand, berechnet
46251;;;;2026-01-01;KREISE;;08425;;KLASS;;A3;Gas (einschl. bivalent);0,5;%;PKWANT;Anteil am Pkw-Bestand, berechnet
46251;;;;2026-01-01;KREISE;;08425;;KLASS;;A4;Hybrid;7,3;%;PKWANT;Anteil am Pkw-Bestand, berechnet
46251;;;;2026-01-01;KREISE;;08425;;KLASS;;A5;darunter Plug-In-Hybrid;1,8;%;PKWANT;Anteil am Pkw-Bestand, berechnet
46251;;;;2026-01-01;KREISE;;08425;;KLASS;;A6;Elektro;4,2;%;PKWANT;Anteil am Pkw-Bestand, berechnet
46251;;;;2026-01-01;KREISE;;08425;;KLASS;;A7;sonstige Kraftstoffarten;0,0;%;PKWANT;Anteil am Pkw-Bestand, berechnet
46251;;;;2026-01-01;KREISE;;08426;Biberach, Landkreis;KLASS;;;Insgesamt;140225;Anzahl;W1;Personenkraftwagen nach Kraftstoffarten
46251;;;;2026-01-01;KREISE;;08426;;KLASS;;A1;Benzin;77017;Anzahl;W1;Personenkraftwagen nach Kraftstoffarten
46251;;;;2026-01-01;KREISE;;08426;;KLASS;;A2;Diesel;46752;Anzahl;W1;Personenkraftwagen nach Kraftstoffarten
46251;;;;2026-01-01;KREISE;;08426;;KLASS;;A3;Gas (einschl. bivalent);663;Anzahl;W1;Personenkraftwagen nach Kraftstoffarten
46251;;;;2026-01-01;KREISE;;08426;;KLASS;;A4;Hybrid;9459;Anzahl;W1;Personenkraftwagen nach Kraftstoffarten
46251;;;;2026-01-01;KREISE;;08426;;KLASS;;A5;darunter Plug-In-Hybrid;2485;Anzahl;W1;Personenkraftwagen nach Kraftstoffarten
46251;;;;2026-01-01;KREISE;;08426;;KLASS;;A6;Elektro;6321;Anzahl;W1;Personenkraftwagen nach Kraftstoffarten
46251;;;;2026-01-01;KREISE;;08426;;KLASS;;A7;sonstige Kraftstoffarten;13;Anzahl;W1;Personenkraftwagen nach Kraftstoffarten
46251;;;;2026-01-01;KREISE;;08426;;;;;;676,8;;PKWEW;Pkw je 1.000 Einwohner, berechnet
46251;;;;2026-01-01;KREISE;;08426;;KLASS;;A1;Benzin;54,9;%;PKWANT;Anteil am Pkw-Bestand, berechnet
46251;;;;2026-01-01;KREISE;;08426;;KLASS;;A2;Diesel;33,3;%;PKWANT;Anteil am Pkw-Bestand, berechnet
46251;;;;2026-01-01;KREISE;;08426;;KLASS;;A3;Gas (einschl. bivalent);0,5;%;PKWANT;Anteil am Pkw-Bestand, berechnet
46251;;;;2026-01-01;KREISE;;08426;;KLASS;;A4;Hybrid;6,7;%;PKWANT;Anteil am Pkw-Bestand, berechnet
46251;;;;2026-01-01;KREISE;;08426;;KLASS;;A5;darunter Plug-In-Hybrid;1,8;%;PKWANT;Anteil am Pkw-Bestand, berechnet
46251;;;;2026-01-01;KREISE;;08426;;KLASS;;A6;Elektro;4,5;%;PKWANT;Anteil am Pkw-Bestand, berechnet
46251;;;;2026-01-01;KREISE;;08426;;KLASS;;A7;sonstige Kraftstoffarten;0,0;%;PKWANT;Anteil am Pkw-Bestand, berechnet
46251;;;;2026-01-01;KREISE;;08435;Bodenseekreis, Landkreis;KLASS;;;Insgesamt;145223;Anzahl;W1;Personenkraftwagen nach Kraftstoffarten
46251;;;;2026-01-01;KREISE;;08435;;KLASS;;A1;Benzin;84099;Anzahl;W1;Personenkraftwagen nach Kraftstoffarten
46251;;;;2026-01-01;KREISE;;08435;;KLASS;;A2;Diesel;40050;Anzahl;W1;Personenkraftwagen nach Kraftstoffarten
46251;;;;2026-01-01;KREISE;;08435;;KLASS;;A3;Gas (einschl. bivalent);748;Anzahl;W1;Personenkraftwagen nach Kraftstoffarten
46251;;;;2026-01-01;KREISE;;08435;;KLASS;;A4;Hybrid;13914;Anzahl;W1;Personenkraftwagen nach Kraftstoffarten
46251;;;;2026-01-01;KREISE;;08435;;KLASS;;A5;darunter Plug-In-Hybrid;4288;Anzahl;W1;Personenkraftwagen nach Kraftstoffarten
46251;;;;2026-01-01;KREISE;;08435;;KLASS;;A6;Elektro;6391;Anzahl;W1;Personenkraftwagen nach Kraftstoffarten
46251;;;;2026-01-01;KREISE;;08435;;KLASS;;A7;sonstige Kraftstoffarten;21;Anzahl;W1;Personenkraftwagen nach Kraftstoffarten
46251;;;;2026-01-01;KREISE;;08435;;;;;;657,4;;PKWEW;Pkw je 1.000 Einwohner, berechnet
46251;;;;2026-01-01;KREISE;;08435;;KLASS;;A1;Benzin;57,9;%;PKWANT;Anteil am Pkw-Bestand, berechnet
46251;;;;2026-01-01;KREISE;;08435;;KLASS;;A2;Diesel;27,6;%;PKWANT;Anteil am Pkw-Bestand, berechnet
46251;;;;2026-01-01;KREISE;;08435;;KLASS;;A3;Gas (einschl. bivalent);0,5;%;PKWANT;Anteil am Pkw-Bestand, berechnet
46251;;;;2026-01-01;KREISE;;08435;;KLASS;;A4;Hybrid;9,6;%;PKWANT;Anteil am Pkw-Bestand, berechnet
46251;;;;2026-01-01;KREISE;;08435;;KLASS;;A5;darunter Plug-In-Hybrid;3,0;%;PKWANT;Anteil am Pkw-Bestand, berechnet
46251;;;;2026-01-01;KREISE;;08435;;KLASS;;A6;Elektro;4,4;%;PKWANT;Anteil am Pkw-Bestand, berechnet
46251;;;;2026-01-01;KREISE;;08435;;KLASS;;A7;sonstige Kraftstoffarten;0,0;%;PKWANT;Anteil am Pkw-Bestand, berechnet
46251;;;;2026-01-01;KREISE;;08436;Ravensburg, Landkreis;KLASS;;;Insgesamt;191010;Anzahl;W1;Personenkraftwagen nach Kraftstoffarten
46251;;;;2026-01-01;KREISE;;08436;;KLASS;;A1;Benzin;106890;Anzahl;W1;Personenkraftwagen nach Kraftstoffarten
46251;;;;2026-01-01;KREISE;;08436;;KLASS;;A2;Diesel;61782;Anzahl;W1;Personenkraftwagen nach Kraftstoffarten
46251;;;;2026-01-01;KREISE;;08436;;KLASS;;A3;Gas (einschl. bivalent);969;Anzahl;W1;Personenkraftwagen nach Kraftstoffarten
46251;;;;2026-01-01;KREISE;;08436;;KLASS;;A4;Hybrid;12950;Anzahl;W1;Personenkraftwagen nach Kraftstoffarten
46251;;;;2026-01-01;KREISE;;08436;;KLASS;;A5;darunter Plug-In-Hybrid;3630;Anzahl;W1;Personenkraftwagen nach Kraftstoffarten
46251;;;;2026-01-01;KREISE;;08436;;KLASS;;A6;Elektro;8387;Anzahl;W1;Personenkraftwagen nach Kraftstoffarten
46251;;;;2026-01-01;KREISE;;08436;;KLASS;;A7;sonstige Kraftstoffarten;32;Anzahl;W1;Personenkraftwagen nach Kraftstoffarten
46251;;;;2026-01-01;KREISE;;08436;;;;;;655,0;;PKWEW;Pkw je 1.000 Einwohner, berechnet
46251;;;;2026-01-01;KREISE;;08436;;KLASS;;A1;Benzin;56,0;%;PKWANT;Anteil am Pkw-Bestand, berechnet
46251;;;;2026-01-01;KREISE;;08436;;KLASS;;A2;Diesel;32,3;%;PKWANT;Anteil am Pkw-Bestand, berechnet
46251;;;;2026-01-01;KREISE;;08436;;KLASS;;A3;Gas (einschl. bivalent);0,5;%;PKWANT;Anteil am Pkw-Bestand, berechnet
46251;;;;2026-01-01;KREISE;;08436;;KLASS;;A4;Hybrid;6,8;%;PKWANT;Anteil am Pkw-Bestand, berechnet
46251;;;;2026-01-01;KREISE;;08436;;KLASS;;A5;darunter Plug-In-Hybrid;1,9;%;PKWANT;Anteil am Pkw-Bestand, berechnet
46251;;;;2026-01-01;KREISE;;08436;;KLASS;;A6;Elektro;4,4;%;PKWANT;Anteil am Pkw-Bestand, berechnet
46251;;;;2026-01-01;KREISE;;08436;;KLASS;;A7;sonstige Kraftstoffarten;0,0;%;PKWANT;Anteil am Pkw-Bestand, berechnet
46251;;;;2026-01-01;KREISE;;08437;Sigmaringen, Landkreis;KLASS;;;Insgesamt;90970;Anzahl;W1;Personenkraftwagen nach Kraftstoffarten
46251;;;;2026-01-01;KREISE;;08437;;KLASS;;A1;Benzin;51293;Anzahl;W1;Personenkraftwagen nach Kraftstoffarten
46251;;;;2026-01-01;KREISE;;08437;;KLASS;;A2;Diesel;28790;Anzahl;W1;Personenkraftwagen nach Kraftstoffarten
46251;;;;2026-01-01;KREISE;;08437;;KLASS;;A3;Gas (einschl. bivalent);664;Anzahl;W1;Personenkraftwagen nach Kraftstoffarten
46251;;;;2026-01-01;KREISE;;08437;;KLASS;;A4;Hybrid;6945;Anzahl;W1;Personenkraftwagen nach Kraftstoffarten
46251;;;;2026-01-01;KREISE;;08437;;KLASS;;A5;darunter Plug-In-Hybrid;1629;Anzahl;W1;Personenkraftwagen nach Kraftstoffarten
46251;;;;2026-01-01;KREISE;;08437;;KLASS;;A6;Elektro;3265;Anzahl;W1;Personenkraftwagen nach Kraftstoffarten
46251;;;;2026-01-01;KREISE;;08437;;KLASS;;A7;sonstige Kraftstoffarten;13;Anzahl;W1;Personenkraftwagen nach Kraftstoffarten
46251;;;;2026-01-01;KREISE;;08437;;;;;;689,2;;PKWEW;Pkw je 1.000 Einwohner, berechnet
46251;;;;2026-01-01;KREISE;;08437;;KLASS;;A1;Benzin;56,4;%;PKWANT;Anteil am Pkw-Bestand, berechnet
46251;;;;2026-01-01;KREISE;;08437;;KLASS;;A2;Diesel;31,6;%;PKWANT;Anteil am Pkw-Bestand, berechnet
46251;;;;2026-01-01;KREISE;;08437;;KLASS;;A3;Gas (einschl. bivalent);0,7;%;PKWANT;Anteil am Pkw-Bestand, berechnet
46251;;;;2026-01-01;KREISE;;08437;;KLASS;;A4;Hybrid;7,6;%;PKWANT;Anteil am Pkw-Bestand, berechnet
46251;;;;2026-01-01;KREISE;;08437;;KLASS;;A5;darunter Plug-In-Hybrid;1,8;%;PKWANT;Anteil am Pkw-Bestand, berechnet
46251;;;;2026-01-01;KREISE;;08437;;KLASS;;A6;Elektro;3,6;%;PKWANT;Anteil am Pkw-Bestand, berechnet
46251;;;;2026-01-01;KREISE;;08437;;KLASS;;A7;sonstige Kraftstoffarten;0,0;%;PKWANT;Anteil am Pkw-Bestand, berechnet
46251;;;;2026-01-01;KREISE;;09161;Ingolstadt, kreisfreie Stadt;KLASS;;;Insgesamt;103921;Anzahl;W1;Personenkraftwagen nach Kraftstoffarten
46251;;;;2026-01-01;KREISE;;09161;;KLASS;;A1;Benzin;54047;Anzahl;W1;Personenkraftwagen nach Kraftstoffarten
46251;;;;2026-01-01;KREISE;;09161;;KLASS;;A2;Diesel;23292;Anzahl;W1;Personenkraftwagen nach Kraftstoffarten
46251;;;;2026-01-01;KREISE;;09161;;KLASS;;A3;Gas (einschl. bivalent);401;Anzahl;W1;Personenkraftwagen nach Kraftstoffarten
46251;;;;2026-01-01;KREISE;;09161;;KLASS;;A4;Hybrid;15877;Anzahl;W1;Personenkraftwagen nach Kraftstoffarten
46251;;;;2026-01-01;KREISE;;09161;;KLASS;;A5;darunter Plug-In-Hybrid;6390;Anzahl;W1;Personenkraftwagen nach Kraftstoffarten
46251;;;;2026-01-01;KREISE;;09161;;KLASS;;A6;Elektro;10294;Anzahl;W1;Personenkraftwagen nach Kraftstoffarten
46251;;;;2026-01-01;KREISE;;09161;;KLASS;;A7;sonstige Kraftstoffarten;10;Anzahl;W1;Personenkraftwagen nach Kraftstoffarten
46251;;;;2026-01-01;KREISE;;09161;;;;;;738,1;;PKWEW;Pkw je 1.000 Einwohner, berechnet
46251;;;;2026-01-01;KREISE;;09161;;KLASS;;A1;Benzin;52,0;%;PKWANT;Anteil am Pkw-Bestand, berechnet
46251;;;;2026-01-01;KREISE;;09161;;KLASS;;A2;Diesel;22,4;%;PKWANT;Anteil am Pkw-Bestand, berechnet
46251;;;;2026-01-01;KREISE;;09161;;KLASS;;A3;Gas (einschl. bivalent);0,4;%;PKWANT;Anteil am Pkw-Bestand, berechnet
46251;;;;2026-01-01;KREISE;;09161;;KLASS;;A4;Hybrid;15,3;%;PKWANT;Anteil am Pkw-Bestand, berechnet
46251;;;;2026-01-01;KREISE;;09161;;KLASS;;A5;darunter Plug-In-Hybrid;6,1;%;PKWANT;Anteil am Pkw-Bestand, berechnet
46251;;;;2026-01-01;KREISE;;09161;;KLASS;;A6;Elektro;9,9;%;PKWANT;Anteil am Pkw-Bestand, berechnet
46251;;;;2026-01-01;KREISE;;09161;;KLASS;;A7;sonstige Kraftstoffarten;0,0;%;PKWANT;Anteil am Pkw-Bestand, berechnet
46251;;;;2026-01-01;KREISE;;09162;München, kreisfreie Stadt;KLASS;;;Insgesamt;790359;Anzahl;W1;Personenkraftwagen nach Kraftstoffarten
46251;;;;2026-01-01;KREISE;;09162;;KLASS;;A1;Benzin;405232;Anzahl;W1;Personenkraftwagen nach Kraftstoffarten
46251;;;;2026-01-01;KREISE;;09162;;KLASS;;A2;Diesel;176775;Anzahl;W1;Personenkraftwagen nach Kraftstoffarten
46251;;;;2026-01-01;KREISE;;09162;;KLASS;;A3;Gas (einschl. bivalent);3132;Anzahl;W1;Personenkraftwagen nach Kraftstoffarten
46251;;;;2026-01-01;KREISE;;09162;;KLASS;;A4;Hybrid;150364;Anzahl;W1;Personenkraftwagen nach Kraftstoffarten
46251;;;;2026-01-01;KREISE;;09162;;KLASS;;A5;darunter Plug-In-Hybrid;35499;Anzahl;W1;Personenkraftwagen nach Kraftstoffarten
46251;;;;2026-01-01;KREISE;;09162;;KLASS;;A6;Elektro;54695;Anzahl;W1;Personenkraftwagen nach Kraftstoffarten
46251;;;;2026-01-01;KREISE;;09162;;KLASS;;A7;sonstige Kraftstoffarten;161;Anzahl;W1;Personenkraftwagen nach Kraftstoffarten
46251;;;;2026-01-01;KREISE;;09162;;;;;;525,1;;PKWEW;Pkw je 1.000 Einwohner, berechnet
46251;;;;2026-01-01;KREISE;;09162;;KLASS;;A1;Benzin;51,3;%;PKWANT;Anteil am Pkw-Bestand, berechnet
46251;;;;2026-01-01;KREISE;;09162;;KLASS;;A2;Diesel;22,4;%;PKWANT;Anteil am Pkw-Bestand, berechnet
46251;;;;2026-01-01;KREISE;;09162;;KLASS;;A3;Gas (einschl. bivalent);0,4;%;PKWANT;Anteil am Pkw-Bestand, berechnet
46251;;;;2026-01-01;KREISE;;09162;;KLASS;;A4;Hybrid;19,0;%;PKWANT;Anteil am Pkw-Bestand, berechnet
46251;;;;2026-01-01;KREISE;;09162;;KLASS;;A5;darunter Plug-In-Hybrid;4,5;%;PKWANT;Anteil am Pkw-Bestand, berechnet
46251;;;;2026-01-01;KREISE;;09162;;KLASS;;A6;Elektro;6,9;%;PKWANT;Anteil am Pkw-Bestand, berechnet
46251;;;;2026-01-01;KREISE;;09162;;KLASS;;A7;sonstige Kraftstoffarten;0,0;%;PKWANT;Anteil am Pkw-Bestand, berechnet
46251;;;;2026-01-01;KREISE;;09163;Rosenheim, kreisfreie Stadt;KLASS;;;Insgesamt;36326;Anzahl;W1;Personenkraftwagen nach Kraftstoffarten
46251;;;;2026-01-01;KREISE;;09163;;KLASS;;A1;Benzin;20265;Anzahl;W1;Personenkraftwagen nach Kraftstoffarten
46251;;;;2026-01-01;KREISE;;09163;;KLASS;;A2;Diesel;11074;Anzahl;W1;Personenkraftwagen nach Kraftstoffarten
46251;;;;2026-01-01;KREISE;;09163;;KLASS;;A3;Gas (einschl. bivalent);169;Anzahl;W1;Personenkraftwagen nach Kraftstoffarten
46251;;;;2026-01-01;KREISE;;09163;;KLASS;;A4;Hybrid;3345;Anzahl;W1;Personenkraftwagen nach Kraftstoffarten
46251;;;;2026-01-01;KREISE;;09163;;KLASS;;A5;darunter Plug-In-Hybrid;743;Anzahl;W1;Personenkraftwagen nach Kraftstoffarten
46251;;;;2026-01-01;KREISE;;09163;;KLASS;;A6;Elektro;1467;Anzahl;W1;Personenkraftwagen nach Kraftstoffarten
46251;;;;2026-01-01;KREISE;;09163;;KLASS;;A7;sonstige Kraftstoffarten;6;Anzahl;W1;Personenkraftwagen nach Kraftstoffarten
46251;;;;2026-01-01;KREISE;;09163;;;;;;552,0;;PKWEW;Pkw je 1.000 Einwohner, berechnet
46251;;;;2026-01-01;KREISE;;09163;;KLASS;;A1;Benzin;55,8;%;PKWANT;Anteil am Pkw-Bestand, berechnet
46251;;;;2026-01-01;KREISE;;09163;;KLASS;;A2;Diesel;30,5;%;PKWANT;Anteil am Pkw-Bestand, berechnet
46251;;;;2026-01-01;KREISE;;09163;;KLASS;;A3;Gas (einschl. bivalent);0,5;%;PKWANT;Anteil am Pkw-Bestand, berechnet
46251;;;;2026-01-01;KREISE;;09163;;KLASS;;A4;Hybrid;9,2;%;PKWANT;Anteil am Pkw-Bestand, berechnet
46251;;;;2026-01-01;KREISE;;09163;;KLASS;;A5;darunter Plug-In-Hybrid;2,0;%;PKWANT;Anteil am Pkw-Bestand, berechnet
46251;;;;2026-01-01;KREISE;;09163;;KLASS;;A6;Elektro;4,0;%;PKWANT;Anteil am Pkw-Bestand, berechnet
46251;;;;2026-01-01;KREISE;;09163;;KLASS;;A7;sonstige Kraftstoffarten;0,0;%;PKWANT;Anteil am Pkw-Bestand, berechnet
46251;;;;2026-01-01;KREISE;;09171;Altötting, Landkreis;KLASS;;;Insgesamt;75445;Anzahl;W1;Personenkraftwagen nach Kraftstoffarten
46251;;;;2026-01-01;KREISE;;09171;;KLASS;;A1;Benzin;42608;Anzahl;W1;Personenkraftwagen nach Kraftstoffarten
46251;;;;2026-01-01;KREISE;;09171;;KLASS;;A2;Diesel;23085;Anzahl;W1;Personenkraftwagen nach Kraftstoffarten
46251;;;;2026-01-01;KREISE;;09171;;KLASS;;A3;Gas (einschl. bivalent);445;Anzahl;W1;Personenkraftwagen nach Kraftstoffarten
46251;;;;2026-01-01;KREISE;;09171;;KLASS;;A4;Hybrid;5889;Anzahl;W1;Personenkraftwagen nach Kraftstoffarten
46251;;;;2026-01-01;KREISE;;09171;;KLASS;;A5;darunter Plug-In-Hybrid;1501;Anzahl;W1;Personenkraftwagen nach Kraftstoffarten
46251;;;;2026-01-01;KREISE;;09171;;KLASS;;A6;Elektro;3411;Anzahl;W1;Personenkraftwagen nach Kraftstoffarten
46251;;;;2026-01-01;KREISE;;09171;;KLASS;;A7;sonstige Kraftstoffarten;7;Anzahl;W1;Personenkraftwagen nach Kraftstoffarten
46251;;;;2026-01-01;KREISE;;09171;;;;;;663,1;;PKWEW;Pkw je 1.000 Einwohner, berechnet
46251;;;;2026-01-01;KREISE;;09171;;KLASS;;A1;Benzin;56,5;%;PKWANT;Anteil am Pkw-Bestand, berechnet
46251;;;;2026-01-01;KREISE;;09171;;KLASS;;A2;Diesel;30,6;%;PKWANT;Anteil am Pkw-Bestand, berechnet
46251;;;;2026-01-01;KREISE;;09171;;KLASS;;A3;Gas (einschl. bivalent);0,6;%;PKWANT;Anteil am Pkw-Bestand, berechnet
46251;;;;2026-01-01;KREISE;;09171;;KLASS;;A4;Hybrid;7,8;%;PKWANT;Anteil am Pkw-Bestand, berechnet
46251;;;;2026-01-01;KREISE;;09171;;KLASS;;A5;darunter Plug-In-Hybrid;2,0;%;PKWANT;Anteil am Pkw-Bestand, berechnet
46251;;;;2026-01-01;KREISE;;09171;;KLASS;;A6;Elektro;4,5;%;PKWANT;Anteil am Pkw-Bestand, berechnet
46251;;;;2026-01-01;KREISE;;09171;;KLASS;;A7;sonstige Kraftstoffarten;0,0;%;PKWANT;Anteil am Pkw-Bestand, berechnet
46251;;;;2026-01-01;KREISE;;09172;Berchtesgadener Land, Landkreis;KLASS;;;Insgesamt;68315;Anzahl;W1;Personenkraftwagen nach Kraftstoffarten
46251;;;;2026-01-01;KREISE;;09172;;KLASS;;A1;Benzin;39479;Anzahl;W1;Personenkraftwagen nach Kraftstoffarten
46251;;;;2026-01-01;KREISE;;09172;;KLASS;;A2;Diesel;20182;Anzahl;W1;Personenkraftwagen nach Kraftstoffarten
46251;;;;2026-01-01;KREISE;;09172;;KLASS;;A3;Gas (einschl. bivalent);277;Anzahl;W1;Personenkraftwagen nach Kraftstoffarten
46251;;;;2026-01-01;KREISE;;09172;;KLASS;;A4;Hybrid;6036;Anzahl;W1;Personenkraftwagen nach Kraftstoffarten
46251;;;;2026-01-01;KREISE;;09172;;KLASS;;A5;darunter Plug-In-Hybrid;1100;Anzahl;W1;Personenkraftwagen nach Kraftstoffarten
46251;;;;2026-01-01;KREISE;;09172;;KLASS;;A6;Elektro;2335;Anzahl;W1;Personenkraftwagen nach Kraftstoffarten
46251;;;;2026-01-01;KREISE;;09172;;KLASS;;A7;sonstige Kraftstoffarten;6;Anzahl;W1;Personenkraftwagen nach Kraftstoffarten
46251;;;;2026-01-01;KREISE;;09172;;;;;;649,9;;PKWEW;Pkw je 1.000 Einwohner, berechnet
46251;;;;2026-01-01;KREISE;;09172;;KLASS;;A1;Benzin;57,8;%;PKWANT;Anteil am Pkw-Bestand, berechnet
46251;;;;2026-01-01;KREISE;;09172;;KLASS;;A2;Diesel;29,5;%;PKWANT;Anteil am Pkw-Bestand, berechnet
46251;;;;2026-01-01;KREISE;;09172;;KLASS;;A3;Gas (einschl. bivalent);0,4;%;PKWANT;Anteil am Pkw-Bestand, berechnet
46251;;;;2026-01-01;KREISE;;09172;;KLASS;;A4;Hybrid;8,8;%;PKWANT;Anteil am Pkw-Bestand, berechnet
46251;;;;2026-01-01;KREISE;;09172;;KLASS;;A5;darunter Plug-In-Hybrid;1,6;%;PKWANT;Anteil am Pkw-Bestand, berechnet
46251;;;;2026-01-01;KREISE;;09172;;KLASS;;A6;Elektro;3,4;%;PKWANT;Anteil am Pkw-Bestand, berechnet
46251;;;;2026-01-01;KREISE;;09172;;KLASS;;A7;sonstige Kraftstoffarten;0,0;%;PKWANT;Anteil am Pkw-Bestand, berechnet
46251;;;;2026-01-01;KREISE;;09173;Bad Tölz-Wolfratshausen, Landkreis;KLASS;;;Insgesamt;82874;Anzahl;W1;Personenkraftwagen nach Kraftstoffarten
46251;;;;2026-01-01;KREISE;;09173;;KLASS;;A1;Benzin;46225;Anzahl;W1;Personenkraftwagen nach Kraftstoffarten
46251;;;;2026-01-01;KREISE;;09173;;KLASS;;A2;Diesel;25779;Anzahl;W1;Personenkraftwagen nach Kraftstoffarten
46251;;;;2026-01-01;KREISE;;09173;;KLASS;;A3;Gas (einschl. bivalent);360;Anzahl;W1;Personenkraftwagen nach Kraftstoffarten
46251;;;;2026-01-01;KREISE;;09173;;KLASS;;A4;Hybrid;7035;Anzahl;W1;Personenkraftwagen nach Kraftstoffarten
46251;;;;2026-01-01;KREISE;;09173;;KLASS;;A5;darunter Plug-In-Hybrid;1568;Anzahl;W1;Personenkraftwagen nach Kraftstoffarten
46251;;;;2026-01-01;KREISE;;09173;;KLASS;;A6;Elektro;3455;Anzahl;W1;Personenkraftwagen nach Kraftstoffarten
46251;;;;2026-01-01;KREISE;;09173;;KLASS;;A7;sonstige Kraftstoffarten;20;Anzahl;W1;Personenkraftwagen nach Kraftstoffarten
46251;;;;2026-01-01;KREISE;;09173;;;;;;637,1;;PKWEW;Pkw je 1.000 Einwohner, berechnet
46251;;;;2026-01-01;KREISE;;09173;;KLASS;;A1;Benzin;55,8;%;PKWANT;Anteil am Pkw-Bestand, berechnet
46251;;;;2026-01-01;KREISE;;09173;;KLASS;;A2;Diesel;31,1;%;PKWANT;Anteil am Pkw-Bestand, berechnet
46251;;;;2026-01-01;KREISE;;09173;;KLASS;;A3;Gas (einschl. bivalent);0,4;%;PKWANT;Anteil am Pkw-Bestand, berechnet
46251;;;;2026-01-01;KREISE;;09173;;KLASS;;A4;Hybrid;8,5;%;PKWANT;Anteil am Pkw-Bestand, berechnet
46251;;;;2026-01-01;KREISE;;09173;;KLASS;;A5;darunter Plug-In-Hybrid;1,9;%;PKWANT;Anteil am Pkw-Bestand, berechnet
46251;;;;2026-01-01;KREISE;;09173;;KLASS;;A6;Elektro;4,2;%;PKWANT;Anteil am Pkw-Bestand, berechnet
46251;;;;2026-01-01;KREISE;;09173;;KLASS;;A7;sonstige Kraftstoffarten;0,0;%;PKWANT;Anteil am Pkw-Bestand, berechnet
46251;;;;2026-01-01;KREISE;;09174;Dachau, Landkreis;KLASS;;;Insgesamt;97126;Anzahl;W1;Personenkraftwagen nach Kraftstoffarten
46251;;;;2026-01-01;KREISE;;09174;;KLASS;;A1;Benzin;56830;Anzahl;W1;Personenkraftwagen nach Kraftstoffarten
46251;;;;2026-01-01;KREISE;;09174;;KLASS;;A2;Diesel;27183;Anzahl;W1;Personenkraftwagen nach Kraftstoffarten
46251;;;;2026-01-01;KREISE;;09174;;KLASS;;A3;Gas (einschl. bivalent);517;Anzahl;W1;Personenkraftwagen nach Kraftstoffarten
46251;;;;2026-01-01;KREISE;;09174;;KLASS;;A4;Hybrid;8418;Anzahl;W1;Personenkraftwagen nach Kraftstoffarten
46251;;;;2026-01-01;KREISE;;09174;;KLASS;;A5;darunter Plug-In-Hybrid;2023;Anzahl;W1;Personenkraftwagen nach Kraftstoffarten
46251;;;;2026-01-01;KREISE;;09174;;KLASS;;A6;Elektro;4165;Anzahl;W1;Personenkraftwagen nach Kraftstoffarten
46251;;;;2026-01-01;KREISE;;09174;;KLASS;;A7;sonstige Kraftstoffarten;13;Anzahl;W1;Personenkraftwagen nach Kraftstoffarten
46251;;;;2026-01-01;KREISE;;09174;;;;;;630,0;;PKWEW;Pkw je 1.000 Einwohner, berechnet
46251;;;;2026-01-01;KREISE;;09174;;KLASS;;A1;Benzin;58,5;%;PKWANT;Anteil am Pkw-Bestand, berechnet
46251;;;;2026-01-01;KREISE;;09174;;KLASS;;A2;Diesel;28,0;%;PKWANT;Anteil am Pkw-Bestand, berechnet
46251;;;;2026-01-01;KREISE;;09174;;KLASS;;A3;Gas (einschl. bivalent);0,5;%;PKWANT;Anteil am Pkw-Bestand, berechnet
46251;;;;2026-01-01;KREISE;;09174;;KLASS;;A4;Hybrid;8,7;%;PKWANT;Anteil am Pkw-Bestand, berechnet
46251;;;;2026-01-01;KREISE;;09174;;KLASS;;A5;darunter Plug-In-Hybrid;2,1;%;PKWANT;Anteil am Pkw-Bestand, berechnet
46251;;;;2026-01-01;KREISE;;09174;;KLASS;;A6;Elektro;4,3;%;PKWANT;Anteil am Pkw-Bestand, berechnet
46251;;;;2026-01-01;KREISE;;09174;;KLASS;;A7;sonstige Kraftstoffarten;0,0;%;PKWANT;Anteil am Pkw-Bestand, berechnet
46251;;;;2026-01-01;KREISE;;09175;Ebersberg, Landkreis;KLASS;;;Insgesamt;89544;Anzahl;W1;Personenkraftwagen nach Kraftstoffarten
46251;;;;2026-01-01;KREISE;;09175;;KLASS;;A1;Benzin;50716;Anzahl;W1;Personenkraftwagen nach Kraftstoffarten
46251;;;;2026-01-01;KREISE;;09175;;KLASS;;A2;Diesel;24898;Anzahl;W1;Personenkraftwagen nach Kraftstoffarten
46251;;;;2026-01-01;KREISE;;09175;;KLASS;;A3;Gas (einschl. bivalent);414;Anzahl;W1;Personenkraftwagen nach Kraftstoffarten
46251;;;;2026-01-01;KREISE;;09175;;KLASS;;A4;Hybrid;8581;Anzahl;W1;Personenkraftwagen nach Kraftstoffarten
46251;;;;2026-01-01;KREISE;;09175;;KLASS;;A5;darunter Plug-In-Hybrid;2270;Anzahl;W1;Personenkraftwagen nach Kraftstoffarten
46251;;;;2026-01-01;KREISE;;09175;;KLASS;;A6;Elektro;4923;Anzahl;W1;Personenkraftwagen nach Kraftstoffarten
46251;;;;2026-01-01;KREISE;;09175;;KLASS;;A7;sonstige Kraftstoffarten;12;Anzahl;W1;Personenkraftwagen nach Kraftstoffarten
46251;;;;2026-01-01;KREISE;;09175;;;;;;619,6;;PKWEW;Pkw je 1.000 Einwohner, berechnet
46251;;;;2026-01-01;KREISE;;09175;;KLASS;;A1;Benzin;56,6;%;PKWANT;Anteil am Pkw-Bestand, berechnet
46251;;;;2026-01-01;KREISE;;09175;;KLASS;;A2;Diesel;27,8;%;PKWANT;Anteil am Pkw-Bestand, berechnet
46251;;;;2026-01-01;KREISE;;09175;;KLASS;;A3;Gas (einschl. bivalent);0,5;%;PKWANT;Anteil am Pkw-Bestand, berechnet
46251;;;;2026-01-01;KREISE;;09175;;KLASS;;A4;Hybrid;9,6;%;PKWANT;Anteil am Pkw-Bestand, berechnet
46251;;;;2026-01-01;KREISE;;09175;;KLASS;;A5;darunter Plug-In-Hybrid;2,5;%;PKWANT;Anteil am Pkw-Bestand, berechnet
46251;;;;2026-01-01;KREISE;;09175;;KLASS;;A6;Elektro;5,5;%;PKWANT;Anteil am Pkw-Bestand, berechnet
46251;;;;2026-01-01;KREISE;;09175;;KLASS;;A7;sonstige Kraftstoffarten;0,0;%;PKWANT;Anteil am Pkw-Bestand, berechnet
46251;;;;2026-01-01;KREISE;;09176;Eichstätt, Landkreis;KLASS;;;Insgesamt;89955;Anzahl;W1;Personenkraftwagen nach Kraftstoffarten
46251;;;;2026-01-01;KREISE;;09176;;KLASS;;A1;Benzin;51086;Anzahl;W1;Personenkraftwagen nach Kraftstoffarten
46251;;;;2026-01-01;KREISE;;09176;;KLASS;;A2;Diesel;28822;Anzahl;W1;Personenkraftwagen nach Kraftstoffarten
46251;;;;2026-01-01;KREISE;;09176;;KLASS;;A3;Gas (einschl. bivalent);480;Anzahl;W1;Personenkraftwagen nach Kraftstoffarten
46251;;;;2026-01-01;KREISE;;09176;;KLASS;;A4;Hybrid;5788;Anzahl;W1;Personenkraftwagen nach Kraftstoffarten
46251;;;;2026-01-01;KREISE;;09176;;KLASS;;A5;darunter Plug-In-Hybrid;1346;Anzahl;W1;Personenkraftwagen nach Kraftstoffarten
46251;;;;2026-01-01;KREISE;;09176;;KLASS;;A6;Elektro;3771;Anzahl;W1;Personenkraftwagen nach Kraftstoffarten
46251;;;;2026-01-01;KREISE;;09176;;KLASS;;A7;sonstige Kraftstoffarten;8;Anzahl;W1;Personenkraftwagen nach Kraftstoffarten
46251;;;;2026-01-01;KREISE;;09176;;;;;;661,5;;PKWEW;Pkw je 1.000 Einwohner, berechnet
46251;;;;2026-01-01;KREISE;;09176;;KLASS;;A1;Benzin;56,8;%;PKWANT;Anteil am Pkw-Bestand, berechnet
46251;;;;2026-01-01;KREISE;;09176;;KLASS;;A2;Diesel;32,0;%;PKWANT;Anteil am Pkw-Bestand, berechnet
46251;;;;2026-01-01;KREISE;;09176;;KLASS;;A3;Gas (einschl. bivalent);0,5;%;PKWANT;Anteil am Pkw-Bestand, berechnet
46251;;;;2026-01-01;KREISE;;09176;;KLASS;;A4;Hybrid;6,4;%;PKWANT;Anteil am Pkw-Bestand, berechnet
46251;;;;2026-01-01;KREISE;;09176;;KLASS;;A5;darunter Plug-In-Hybrid;1,5;%;PKWANT;Anteil am Pkw-Bestand, berechnet
46251;;;;2026-01-01;KREISE;;09176;;KLASS;;A6;Elektro;4,2;%;PKWANT;Anteil am Pkw-Bestand, berechnet
46251;;;;2026-01-01;KREISE;;09176;;KLASS;;A7;sonstige Kraftstoffarten;0,0;%;PKWANT;Anteil am Pkw-Bestand, berechnet
46251;;;;2026-01-01;KREISE;;09177;Erding, Landkreis;KLASS;;;Insgesamt;94246;Anzahl;W1;Personenkraftwagen nach Kraftstoffarten
46251;;;;2026-01-01;KREISE;;09177;;KLASS;;A1;Benzin;52106;Anzahl;W1;Personenkraftwagen nach Kraftstoffarten
46251;;;;2026-01-01;KREISE;;09177;;KLASS;;A2;Diesel;29191;Anzahl;W1;Personenkraftwagen nach Kraftstoffarten
46251;;;;2026-01-01;KREISE;;09177;;KLASS;;A3;Gas (einschl. bivalent);429;Anzahl;W1;Personenkraftwagen nach Kraftstoffarten
46251;;;;2026-01-01;KREISE;;09177;;KLASS;;A4;Hybrid;8565;Anzahl;W1;Personenkraftwagen nach Kraftstoffarten
46251;;;;2026-01-01;KREISE;;09177;;KLASS;;A5;darunter Plug-In-Hybrid;1836;Anzahl;W1;Personenkraftwagen nach Kraftstoffarten
46251;;;;2026-01-01;KREISE;;09177;;KLASS;;A6;Elektro;3943;Anzahl;W1;Personenkraftwagen nach Kraftstoffarten
46251;;;;2026-01-01;KREISE;;09177;;KLASS;;A7;sonstige Kraftstoffarten;12;Anzahl;W1;Personenkraftwagen nach Kraftstoffarten
46251;;;;2026-01-01;KREISE;;09177;;;;;;671,0;;PKWEW;Pkw je 1.000 Einwohner, berechnet
46251;;;;2026-01-01;KREISE;;09177;;KLASS;;A1;Benzin;55,3;%;PKWANT;Anteil am Pkw-Bestand, berechnet
46251;;;;2026-01-01;KREISE;;09177;;KLASS;;A2;Diesel;31,0;%;PKWANT;Anteil am Pkw-Bestand, berechnet
46251;;;;2026-01-01;KREISE;;09177;;KLASS;;A3;Gas (einschl. bivalent);0,5;%;PKWANT;Anteil am Pkw-Bestand, berechnet
46251;;;;2026-01-01;KREISE;;09177;;KLASS;;A4;Hybrid;9,1;%;PKWANT;Anteil am Pkw-Bestand, berechnet
46251;;;;2026-01-01;KREISE;;09177;;KLASS;;A5;darunter Plug-In-Hybrid;1,9;%;PKWANT;Anteil am Pkw-Bestand, berechnet
46251;;;;2026-01-01;KREISE;;09177;;KLASS;;A6;Elektro;4,2;%;PKWANT;Anteil am Pkw-Bestand, berechnet
46251;;;;2026-01-01;KREISE;;09177;;KLASS;;A7;sonstige Kraftstoffarten;0,0;%;PKWANT;Anteil am Pkw-Bestand, berechnet
46251;;;;2026-01-01;KREISE;;09178;Freising, Landkreis;KLASS;;;Insgesamt;115281;Anzahl;W1;Personenkraftwagen nach Kraftstoffarten
46251;;;;2026-01-01;KREISE;;09178;;KLASS;;A1;Benzin;62620;Anzahl;W1;Personenkraftwagen nach Kraftstoffarten
46251;;;;2026-01-01;KREISE;;09178;;KLASS;;A2;Diesel;36566;Anzahl;W1;Personenkraftwagen nach Kraftstoffarten
46251;;;;2026-01-01;KREISE;;09178;;KLASS;;A3;Gas (einschl. bivalent);630;Anzahl;W1;Personenkraftwagen nach Kraftstoffarten
46251;;;;2026-01-01;KREISE;;09178;;KLASS;;A4;Hybrid;10145;Anzahl;W1;Personenkraftwagen nach Kraftstoffarten
46251;;;;2026-01-01;KREISE;;09178;;KLASS;;A5;darunter Plug-In-Hybrid;2428;Anzahl;W1;Personenkraftwagen nach Kraftstoffarten
46251;;;;2026-01-01;KREISE;;09178;;KLASS;;A6;Elektro;5300;Anzahl;W1;Personenkraftwagen nach Kraftstoffarten
46251;;;;2026-01-01;KREISE;;09178;;KLASS;;A7;sonstige Kraftstoffarten;20;Anzahl;W1;Personenkraftwagen nach Kraftstoffarten
46251;;;;2026-01-01;KREISE;;09178;;;;;;625,2;;PKWEW;Pkw je 1.000 Einwohner, berechnet
46251;;;;2026-01-01;KREISE;;09178;;KLASS;;A1;Benzin;54,3;%;PKWANT;Anteil am Pkw-Bestand, berechnet
46251;;;;2026-01-01;KREISE;;09178;;KLASS;;A2;Diesel;31,7;%;PKWANT;Anteil am Pkw-Bestand, berechnet
46251;;;;2026-01-01;KREISE;;09178;;KLASS;;A3;Gas (einschl. bivalent);0,5;%;PKWANT;Anteil am Pkw-Bestand, berechnet
46251;;;;2026-01-01;KREISE;;09178;;KLASS;;A4;Hybrid;8,8;%;PKWANT;Anteil am Pkw-Bestand, berechnet
46251;;;;2026-01-01;KREISE;;09178;;KLASS;;A5;darunter Plug-In-Hybrid;2,1;%;PKWANT;Anteil am Pkw-Bestand, berechnet
46251;;;;2026-01-01;KREISE;;09178;;KLASS;;A6;Elektro;4,6;%;PKWANT;Anteil am Pkw-Bestand, berechnet
46251;;;;2026-01-01;KREISE;;09178;;KLASS;;A7;sonstige Kraftstoffarten;0,0;%;PKWANT;Anteil am Pkw-Bestand, berechnet
46251;;;;2026-01-01;KREISE;;09179;Fürstenfeldbruck, Landkreis;KLASS;;;Insgesamt;127034;Anzahl;W1;Personenkraftwagen nach Kraftstoffarten
46251;;;;2026-01-01;KREISE;;09179;;KLASS;;A1;Benzin;76543;Anzahl;W1;Personenkraftwagen nach Kraftstoffarten
46251;;;;2026-01-01;KREISE;;09179;;KLASS;;A2;Diesel;33180;Anzahl;W1;Personenkraftwagen nach Kraftstoffarten
46251;;;;2026-01-01;KREISE;;09179;;KLASS;;A3;Gas (einschl. bivalent);649;Anzahl;W1;Personenkraftwagen nach Kraftstoffarten
46251;;;;2026-01-01;KREISE;;09179;;KLASS;;A4;Hybrid;11165;Anzahl;W1;Personenkraftwagen nach Kraftstoffarten
46251;;;;2026-01-01;KREISE;;09179;;KLASS;;A5;darunter Plug-In-Hybrid;2767;Anzahl;W1;Personenkraftwagen nach Kraftstoffarten
46251;;;;2026-01-01;KREISE;;09179;;KLASS;;A6;Elektro;5480;Anzahl;W1;Personenkraftwagen nach Kraftstoffarten
46251;;;;2026-01-01;KREISE;;09179;;KLASS;;A7;sonstige Kraftstoffarten;17;Anzahl;W1;Personenkraftwagen nach Kraftstoffarten
46251;;;;2026-01-01;KREISE;;09179;;;;;;581,2;;PKWEW;Pkw je 1.000 Einwohner, berechnet
46251;;;;2026-01-01;KREISE;;09179;;KLASS;;A1;Benzin;60,3;%;PKWANT;Anteil am Pkw-Bestand, berechnet
46251;;;;2026-01-01;KREISE;;09179;;KLASS;;A2;Diesel;26,1;%;PKWANT;Anteil am Pkw-Bestand, berechnet
46251;;;;2026-01-01;KREISE;;09179;;KLASS;;A3;Gas (einschl. bivalent);0,5;%;PKWANT;Anteil am Pkw-Bestand, berechnet
46251;;;;2026-01-01;KREISE;;09179;;KLASS;;A4;Hybrid;8,8;%;PKWANT;Anteil am Pkw-Bestand, berechnet
46251;;;;2026-01-01;KREISE;;09179;;KLASS;;A5;darunter Plug-In-Hybrid;2,2;%;PKWANT;Anteil am Pkw-Bestand, berechnet
46251;;;;2026-01-01;KREISE;;09179;;KLASS;;A6;Elektro;4,3;%;PKWANT;Anteil am Pkw-Bestand, berechnet
46251;;;;2026-01-01;KREISE;;09179;;KLASS;;A7;sonstige Kraftstoffarten;0,0;%;PKWANT;Anteil am Pkw-Bestand, berechnet
46251;;;;2026-01-01;KREISE;;09180;Garmisch-Partenkirchen, Landkreis;KLASS;;;Insgesamt;53892;Anzahl;W1;Personenkraftwagen nach Kraftstoffarten
46251;;;;2026-01-01;KREISE;;09180;;KLASS;;A1;Benzin;31192;Anzahl;W1;Personenkraftwagen nach Kraftstoffarten
46251;;;;2026-01-01;KREISE;;09180;;KLASS;;A2;Diesel;16284;Anzahl;W1;Personenkraftwagen nach Kraftstoffarten
46251;;;;2026-01-01;KREISE;;09180;;KLASS;;A3;Gas (einschl. bivalent);234;Anzahl;W1;Personenkraftwagen nach Kraftstoffarten
46251;;;;2026-01-01;KREISE;;09180;;KLASS;;A4;Hybrid;4268;Anzahl;W1;Personenkraftwagen nach Kraftstoffarten
46251;;;;2026-01-01;KREISE;;09180;;KLASS;;A5;darunter Plug-In-Hybrid;915;Anzahl;W1;Personenkraftwagen nach Kraftstoffarten
46251;;;;2026-01-01;KREISE;;09180;;KLASS;;A6;Elektro;1907;Anzahl;W1;Personenkraftwagen nach Kraftstoffarten
46251;;;;2026-01-01;KREISE;;09180;;KLASS;;A7;sonstige Kraftstoffarten;7;Anzahl;W1;Personenkraftwagen nach Kraftstoffarten
46251;;;;2026-01-01;KREISE;;09180;;;;;;603,2;;PKWEW;Pkw je 1.000 Einwohner, berechnet
46251;;;;2026-01-01;KREISE;;09180;;KLASS;;A1;Benzin;57,9;%;PKWANT;Anteil am Pkw-Bestand, berechnet
46251;;;;2026-01-01;KREISE;;09180;;KLASS;;A2;Diesel;30,2;%;PKWANT;Anteil am Pkw-Bestand, berechnet
46251;;;;2026-01-01;KREISE;;09180;;KLASS;;A3;Gas (einschl. bivalent);0,4;%;PKWANT;Anteil am Pkw-Bestand, berechnet
46251;;;;2026-01-01;KREISE;;09180;;KLASS;;A4;Hybrid;7,9;%;PKWANT;Anteil am Pkw-Bestand, berechnet
46251;;;;2026-01-01;KREISE;;09180;;KLASS;;A5;darunter Plug-In-Hybrid;1,7;%;PKWANT;Anteil am Pkw-Bestand, berechnet
46251;;;;2026-01-01;KREISE;;09180;;KLASS;;A6;Elektro;3,5;%;PKWANT;Anteil am Pkw-Bestand, berechnet
46251;;;;2026-01-01;KREISE;;09180;;KLASS;;A7;sonstige Kraftstoffarten;0,0;%;PKWANT;Anteil am Pkw-Bestand, berechnet
46251;;;;2026-01-01;KREISE;;09181;Landsberg am Lech, Landkreis;KLASS;;;Insgesamt;87212;Anzahl;W1;Personenkraftwagen nach Kraftstoffarten
46251;;;;2026-01-01;KREISE;;09181;;KLASS;;A1;Benzin;47515;Anzahl;W1;Personenkraftwagen nach Kraftstoffarten
46251;;;;2026-01-01;KREISE;;09181;;KLASS;;A2;Diesel;27114;Anzahl;W1;Personenkraftwagen nach Kraftstoffarten
46251;;;;2026-01-01;KREISE;;09181;;KLASS;;A3;Gas (einschl. bivalent);513;Anzahl;W1;Personenkraftwagen nach Kraftstoffarten
46251;;;;2026-01-01;KREISE;;09181;;KLASS;;A4;Hybrid;6863;Anzahl;W1;Personenkraftwagen nach Kraftstoffarten
46251;;;;2026-01-01;KREISE;;09181;;KLASS;;A5;darunter Plug-In-Hybrid;1584;Anzahl;W1;Personenkraftwagen nach Kraftstoffarten
46251;;;;2026-01-01;KREISE;;09181;;KLASS;;A6;Elektro;5196;Anzahl;W1;Personenkraftwagen nach Kraftstoffarten
46251;;;;2026-01-01;KREISE;;09181;;KLASS;;A7;sonstige Kraftstoffarten;11;Anzahl;W1;Personenkraftwagen nach Kraftstoffarten
46251;;;;2026-01-01;KREISE;;09181;;;;;;713,1;;PKWEW;Pkw je 1.000 Einwohner, berechnet
46251;;;;2026-01-01;KREISE;;09181;;KLASS;;A1;Benzin;54,5;%;PKWANT;Anteil am Pkw-Bestand, berechnet
46251;;;;2026-01-01;KREISE;;09181;;KLASS;;A2;Diesel;31,1;%;PKWANT;Anteil am Pkw-Bestand, berechnet
46251;;;;2026-01-01;KREISE;;09181;;KLASS;;A3;Gas (einschl. bivalent);0,6;%;PKWANT;Anteil am Pkw-Bestand, berechnet
46251;;;;2026-01-01;KREISE;;09181;;KLASS;;A4;Hybrid;7,9;%;PKWANT;Anteil am Pkw-Bestand, berechnet
46251;;;;2026-01-01;KREISE;;09181;;KLASS;;A5;darunter Plug-In-Hybrid;1,8;%;PKWANT;Anteil am Pkw-Bestand, berechnet
46251;;;;2026-01-01;KREISE;;09181;;KLASS;;A6;Elektro;6,0;%;PKWANT;Anteil am Pkw-Bestand, berechnet
46251;;;;2026-01-01;KREISE;;09181;;KLASS;;A7;sonstige Kraftstoffarten;0,0;%;PKWANT;Anteil am Pkw-Bestand, berechnet
46251;;;;2026-01-01;KREISE;;09182;Miesbach, Landkreis;KLASS;;;Insgesamt;68204;Anzahl;W1;Personenkraftwagen nach Kraftstoffarten
46251;;;;2026-01-01;KREISE;;09182;;KLASS;;A1;Benzin;37992;Anzahl;W1;Personenkraftwagen nach Kraftstoffarten
46251;;;;2026-01-01;KREISE;;09182;;KLASS;;A2;Diesel;20143;Anzahl;W1;Personenkraftwagen nach Kraftstoffarten
46251;;;;2026-01-01;KREISE;;09182;;KLASS;;A3;Gas (einschl. bivalent);237;Anzahl;W1;Personenkraftwagen nach Kraftstoffarten
46251;;;;2026-01-01;KREISE;;09182;;KLASS;;A4;Hybrid;6585;Anzahl;W1;Personenkraftwagen nach Kraftstoffarten
46251;;;;2026-01-01;KREISE;;09182;;KLASS;;A5;darunter Plug-In-Hybrid;1527;Anzahl;W1;Personenkraftwagen nach Kraftstoffarten
46251;;;;2026-01-01;KREISE;;09182;;KLASS;;A6;Elektro;3239;Anzahl;W1;Personenkraftwagen nach Kraftstoffarten
46251;;;;2026-01-01;KREISE;;09182;;KLASS;;A7;sonstige Kraftstoffarten;8;Anzahl;W1;Personenkraftwagen nach Kraftstoffarten
46251;;;;2026-01-01;KREISE;;09182;;;;;;703,7;;PKWEW;Pkw je 1.000 Einwohner, berechnet
46251;;;;2026-01-01;KREISE;;09182;;KLASS;;A1;Benzin;55,7;%;PKWANT;Anteil am Pkw-Bestand, berechnet
46251;;;;2026-01-01;KREISE;;09182;;KLASS;;A2;Diesel;29,5;%;PKWANT;Anteil am Pkw-Bestand, berechnet
46251;;;;2026-01-01;KREISE;;09182;;KLASS;;A3;Gas (einschl. bivalent);0,3;%;PKWANT;Anteil am Pkw-Bestand, berechnet
46251;;;;2026-01-01;KREISE;;09182;;KLASS;;A4;Hybrid;9,7;%;PKWANT;Anteil am Pkw-Bestand, berechnet
46251;;;;2026-01-01;KREISE;;09182;;KLASS;;A5;darunter Plug-In-Hybrid;2,2;%;PKWANT;Anteil am Pkw-Bestand, berechnet
46251;;;;2026-01-01;KREISE;;09182;;KLASS;;A6;Elektro;4,7;%;PKWANT;Anteil am Pkw-Bestand, berechnet
46251;;;;2026-01-01;KREISE;;09182;;KLASS;;A7;sonstige Kraftstoffarten;0,0;%;PKWANT;Anteil am Pkw-Bestand, berechnet
46251;;;;2026-01-01;KREISE;;09183;Mühldorf a.Inn, Landkreis;KLASS;;;Insgesamt;79828;Anzahl;W1;Personenkraftwagen nach Kraftstoffarten
46251;;;;2026-01-01;KREISE;;09183;;KLASS;;A1;Benzin;44305;Anzahl;W1;Personenkraftwagen nach Kraftstoffarten
46251;;;;2026-01-01;KREISE;;09183;;KLASS;;A2;Diesel;25381;Anzahl;W1;Personenkraftwagen nach Kraftstoffarten
46251;;;;2026-01-01;KREISE;;09183;;KLASS;;A3;Gas (einschl. bivalent);399;Anzahl;W1;Personenkraftwagen nach Kraftstoffarten
46251;;;;2026-01-01;KREISE;;09183;;KLASS;;A4;Hybrid;6340;Anzahl;W1;Personenkraftwagen nach Kraftstoffarten
46251;;;;2026-01-01;KREISE;;09183;;KLASS;;A5;darunter Plug-In-Hybrid;1400;Anzahl;W1;Personenkraftwagen nach Kraftstoffarten
46251;;;;2026-01-01;KREISE;;09183;;KLASS;;A6;Elektro;3395;Anzahl;W1;Personenkraftwagen nach Kraftstoffarten
46251;;;;2026-01-01;KREISE;;09183;;KLASS;;A7;sonstige Kraftstoffarten;8;Anzahl;W1;Personenkraftwagen nach Kraftstoffarten
46251;;;;2026-01-01;KREISE;;09183;;;;;;652,6;;PKWEW;Pkw je 1.000 Einwohner, berechnet
46251;;;;2026-01-01;KREISE;;09183;;KLASS;;A1;Benzin;55,5;%;PKWANT;Anteil am Pkw-Bestand, berechnet
46251;;;;2026-01-01;KREISE;;09183;;KLASS;;A2;Diesel;31,8;%;PKWANT;Anteil am Pkw-Bestand, berechnet
46251;;;;2026-01-01;KREISE;;09183;;KLASS;;A3;Gas (einschl. bivalent);0,5;%;PKWANT;Anteil am Pkw-Bestand, berechnet
46251;;;;2026-01-01;KREISE;;09183;;KLASS;;A4;Hybrid;7,9;%;PKWANT;Anteil am Pkw-Bestand, berechnet
46251;;;;2026-01-01;KREISE;;09183;;KLASS;;A5;darunter Plug-In-Hybrid;1,8;%;PKWANT;Anteil am Pkw-Bestand, berechnet
46251;;;;2026-01-01;KREISE;;09183;;KLASS;;A6;Elektro;4,3;%;PKWANT;Anteil am Pkw-Bestand, berechnet
46251;;;;2026-01-01;KREISE;;09183;;KLASS;;A7;sonstige Kraftstoffarten;0,0;%;PKWANT;Anteil am Pkw-Bestand, berechnet
46251;;;;2026-01-01;KREISE;;09184;München, Landkreis;KLASS;;;Insgesamt;250279;Anzahl;W1;Personenkraftwagen nach Kraftstoffarten
46251;;;;2026-01-01;KREISE;;09184;;KLASS;;A1;Benzin;130749;Anzahl;W1;Personenkraftwagen nach Kraftstoffarten
46251;;;;2026-01-01;KREISE;;09184;;KLASS;;A2;Diesel;60071;Anzahl;W1;Personenkraftwagen nach Kraftstoffarten
46251;;;;2026-01-01;KREISE;;09184;;KLASS;;A3;Gas (einschl. bivalent);938;Anzahl;W1;Personenkraftwagen nach Kraftstoffarten
46251;;;;2026-01-01;KREISE;;09184;;KLASS;;A4;Hybrid;39476;Anzahl;W1;Personenkraftwagen nach Kraftstoffarten
46251;;;;2026-01-01;KREISE;;09184;;KLASS;;A5;darunter Plug-In-Hybrid;11641;Anzahl;W1;Personenkraftwagen nach Kraftstoffarten
46251;;;;2026-01-01;KREISE;;09184;;KLASS;;A6;Elektro;19003;Anzahl;W1;Personenkraftwagen nach Kraftstoffarten
46251;;;;2026-01-01;KREISE;;09184;;KLASS;;A7;sonstige Kraftstoffarten;42;Anzahl;W1;Personenkraftwagen nach Kraftstoffarten
46251;;;;2026-01-01;KREISE;;09184;;;;;;707,0;;PKWEW;Pkw je 1.000 Einwohner, berechnet
46251;;;;2026-01-01;KREISE;;09184;;KLASS;;A1;Benzin;52,2;%;PKWANT;Anteil am Pkw-Bestand, berechnet
46251;;;;2026-01-01;KREISE;;09184;;KLASS;;A2;Diesel;24,0;%;PKWANT;Anteil am Pkw-Bestand, berechnet
46251;;;;2026-01-01;KREISE;;09184;;KLASS;;A3;Gas (einschl. bivalent);0,4;%;PKWANT;Anteil am Pkw-Bestand, berechnet
46251;;;;2026-01-01;KREISE;;09184;;KLASS;;A4;Hybrid;15,8;%;PKWANT;Anteil am Pkw-Bestand, berechnet
46251;;;;2026-01-01;KREISE;;09184;;KLASS;;A5;darunter Plug-In-Hybrid;4,7;%;PKWANT;Anteil am Pkw-Bestand, berechnet
46251;;;;2026-01-01;KREISE;;09184;;KLASS;;A6;Elektro;7,6;%;PKWANT;Anteil am Pkw-Bestand, berechnet
46251;;;;2026-01-01;KREISE;;09184;;KLASS;;A7;sonstige Kraftstoffarten;0,0;%;PKWANT;Anteil am Pkw-Bestand, berechnet
46251;;;;2026-01-01;KREISE;;09185;Neuburg-Schrobenhausen, Landkreis;KLASS;;;Insgesamt;68801;Anzahl;W1;Personenkraftwagen nach Kraftstoffarten
46251;;;;2026-01-01;KREISE;;09185;;KLASS;;A1;Benzin;39154;Anzahl;W1;Personenkraftwagen nach Kraftstoffarten
46251;;;;2026-01-01;KREISE;;09185;;KLASS;;A2;Diesel;22018;Anzahl;W1;Personenkraftwagen nach Kraftstoffarten
46251;;;;2026-01-01;KREISE;;09185;;KLASS;;A3;Gas (einschl. bivalent);362;Anzahl;W1;Personenkraftwagen nach Kraftstoffarten
46251;;;;2026-01-01;KREISE;;09185;;KLASS;;A4;Hybrid;4857;Anzahl;W1;Personenkraftwagen nach Kraftstoffarten
46251;;;;2026-01-01;KREISE;;09185;;KLASS;;A5;darunter Plug-In-Hybrid;1195;Anzahl;W1;Personenkraftwagen nach Kraftstoffarten
46251;;;;2026-01-01;KREISE;;09185;;KLASS;;A6;Elektro;2400;Anzahl;W1;Personenkraftwagen nach Kraftstoffarten
46251;;;;2026-01-01;KREISE;;09185;;KLASS;;A7;sonstige Kraftstoffarten;10;Anzahl;W1;Personenkraftwagen nach Kraftstoffarten
46251;;;;2026-01-01;KREISE;;09185;;;;;;692,0;;PKWEW;Pkw je 1.000 Einwohner, berechnet
46251;;;;2026-01-01;KREISE;;09185;;KLASS;;A1;Benzin;56,9;%;PKWANT;Anteil am Pkw-Bestand, berechnet
46251;;;;2026-01-01;KREISE;;09185;;KLASS;;A2;Diesel;32,0;%;PKWANT;Anteil am Pkw-Bestand, berechnet
46251;;;;2026-01-01;KREISE;;09185;;KLASS;;A3;Gas (einschl. bivalent);0,5;%;PKWANT;Anteil am Pkw-Bestand, berechnet
46251;;;;2026-01-01;KREISE;;09185;;KLASS;;A4;Hybrid;7,1;%;PKWANT;Anteil am Pkw-Bestand, berechnet
46251;;;;2026-01-01;KREISE;;09185;;KLASS;;A5;darunter Plug-In-Hybrid;1,7;%;PKWANT;Anteil am Pkw-Bestand, berechnet
46251;;;;2026-01-01;KREISE;;09185;;KLASS;;A6;Elektro;3,5;%;PKWANT;Anteil am Pkw-Bestand, berechnet
46251;;;;2026-01-01;KREISE;;09185;;KLASS;;A7;sonstige Kraftstoffarten;0,0;%;PKWANT;Anteil am Pkw-Bestand, berechnet
46251;;;;2026-01-01;KREISE;;09186;Pfaffenhofen a.d.Ilm, Landkreis;KLASS;;;Insgesamt;88684;Anzahl;W1;Personenkraftwagen nach Kraftstoffarten
46251;;;;2026-01-01;KREISE;;09186;;KLASS;;A1;Benzin;47959;Anzahl;W1;Personenkraftwagen nach Kraftstoffarten
46251;;;;2026-01-01;KREISE;;09186;;KLASS;;A2;Diesel;29404;Anzahl;W1;Personenkraftwagen nach Kraftstoffarten
46251;;;;2026-01-01;KREISE;;09186;;KLASS;;A3;Gas (einschl. bivalent);699;Anzahl;W1;Personenkraftwagen nach Kraftstoffarten
46251;;;;2026-01-01;KREISE;;09186;;KLASS;;A4;Hybrid;6497;Anzahl;W1;Personenkraftwagen nach Kraftstoffarten
46251;;;;2026-01-01;KREISE;;09186;;KLASS;;A5;darunter Plug-In-Hybrid;1520;Anzahl;W1;Personenkraftwagen nach Kraftstoffarten
46251;;;;2026-01-01;KREISE;;09186;;KLASS;;A6;Elektro;4111;Anzahl;W1;Personenkraftwagen nach Kraftstoffarten
46251;;;;2026-01-01;KREISE;;09186;;KLASS;;A7;sonstige Kraftstoffarten;14;Anzahl;W1;Personenkraftwagen nach Kraftstoffarten
46251;;;;2026-01-01;KREISE;;09186;;;;;;676,6;;PKWEW;Pkw je 1.000 Einwohner, berechnet
46251;;;;2026-01-01;KREISE;;09186;;KLASS;;A1;Benzin;54,1;%;PKWANT;Anteil am Pkw-Bestand, berechnet
46251;;;;2026-01-01;KREISE;;09186;;KLASS;;A2;Diesel;33,2;%;PKWANT;Anteil am Pkw-Bestand, berechnet
46251;;;;2026-01-01;KREISE;;09186;;KLASS;;A3;Gas (einschl. bivalent);0,8;%;PKWANT;Anteil am Pkw-Bestand, berechnet
46251;;;;2026-01-01;KREISE;;09186;;KLASS;;A4;Hybrid;7,3;%;PKWANT;Anteil am Pkw-Bestand, berechnet
46251;;;;2026-01-01;KREISE;;09186;;KLASS;;A5;darunter Plug-In-Hybrid;1,7;%;PKWANT;Anteil am Pkw-Bestand, berechnet
46251;;;;2026-01-01;KREISE;;09186;;KLASS;;A6;Elektro;4,6;%;PKWANT;Anteil am Pkw-Bestand, berechnet
46251;;;;2026-01-01;KREISE;;09186;;KLASS;;A7;sonstige Kraftstoffarten;0,0;%;PKWANT;Anteil am Pkw-Bestand, berechnet
46251;;;;2026-01-01;KREISE;;09187;Rosenheim, Landkreis;KLASS;;;Insgesamt;180473;Anzahl;W1;Personenkraftwagen nach Kraftstoffarten
46251;;;;2026-01-01;KREISE;;09187;;KLASS;;A1;Benzin;101639;Anzahl;W1;Personenkraftwagen nach Kraftstoffarten
46251;;;;2026-01-01;KREISE;;09187;;KLASS;;A2;Diesel;55147;Anzahl;W1;Personenkraftwagen nach Kraftstoffarten
46251;;;;2026-01-01;KREISE;;09187;;KLASS;;A3;Gas (einschl. bivalent);840;Anzahl;W1;Personenkraftwagen nach Kraftstoffarten
46251;;;;2026-01-01;KREISE;;09187;;KLASS;;A4;Hybrid;14504;Anzahl;W1;Personenkraftwagen nach Kraftstoffarten
46251;;;;2026-01-01;KREISE;;09187;;KLASS;;A5;darunter Plug-In-Hybrid;3497;Anzahl;W1;Personenkraftwagen nach Kraftstoffarten
46251;;;;2026-01-01;KREISE;;09187;;KLASS;;A6;Elektro;8326;Anzahl;W1;Personenkraftwagen nach Kraftstoffarten
46251;;;;2026-01-01;KREISE;;09187;;KLASS;;A7;sonstige Kraftstoffarten;17;Anzahl;W1;Personenkraftwagen nach Kraftstoffarten
46251;;;;2026-01-01;KREISE;;09187;;;;;;697,3;;PKWEW;Pkw je 1.000 Einwohner, berechnet
46251;;;;2026-01-01;KREISE;;09187;;KLASS;;A1;Benzin;56,3;%;PKWANT;Anteil am Pkw-Bestand, berechnet
46251;;;;2026-01-01;KREISE;;09187;;KLASS;;A2;Diesel;30,6;%;PKWANT;Anteil am Pkw-Bestand, berechnet
46251;;;;2026-01-01;KREISE;;09187;;KLASS;;A3;Gas (einschl. bivalent);0,5;%;PKWANT;Anteil am Pkw-Bestand, berechnet
46251;;;;2026-01-01;KREISE;;09187;;KLASS;;A4;Hybrid;8,0;%;PKWANT;Anteil am Pkw-Bestand, berechnet
46251;;;;2026-01-01;KREISE;;09187;;KLASS;;A5;darunter Plug-In-Hybrid;1,9;%;PKWANT;Anteil am Pkw-Bestand, berechnet
46251;;;;2026-01-01;KREISE;;09187;;KLASS;;A6;Elektro;4,6;%;PKWANT;Anteil am Pkw-Bestand, berechnet
46251;;;;2026-01-01;KREISE;;09187;;KLASS;;A7;sonstige Kraftstoffarten;0,0;%;PKWANT;Anteil am Pkw-Bestand, berechnet
46251;;;;2026-01-01;KREISE;;09188;Starnberg, Landkreis;KLASS;;;Insgesamt;90510;Anzahl;W1;Personenkraftwagen nach Kraftstoffarten
46251;;;;2026-01-01;KREISE;;09188;;KLASS;;A1;Benzin;51353;Anzahl;W1;Personenkraftwagen nach Kraftstoffarten
46251;;;;2026-01-01;KREISE;;09188;;KLASS;;A2;Diesel;23544;Anzahl;W1;Personenkraftwagen nach Kraftstoffarten
46251;;;;2026-01-01;KREISE;;09188;;KLASS;;A3;Gas (einschl. bivalent);385;Anzahl;W1;Personenkraftwagen nach Kraftstoffarten
46251;;;;2026-01-01;KREISE;;09188;;KLASS;;A4;Hybrid;9287;Anzahl;W1;Personenkraftwagen nach Kraftstoffarten
46251;;;;2026-01-01;KREISE;;09188;;KLASS;;A5;darunter Plug-In-Hybrid;2608;Anzahl;W1;Personenkraftwagen nach Kraftstoffarten
46251;;;;2026-01-01;KREISE;;09188;;KLASS;;A6;Elektro;5931;Anzahl;W1;Personenkraftwagen nach Kraftstoffarten
46251;;;;2026-01-01;KREISE;;09188;;KLASS;;A7;sonstige Kraftstoffarten;10;Anzahl;W1;Personenkraftwagen nach Kraftstoffarten
46251;;;;2026-01-01;KREISE;;09188;;;;;;647,8;;PKWEW;Pkw je 1.000 Einwohner, berechnet
46251;;;;2026-01-01;KREISE;;09188;;KLASS;;A1;Benzin;56,7;%;PKWANT;Anteil am Pkw-Bestand, berechnet
46251;;;;2026-01-01;KREISE;;09188;;KLASS;;A2;Diesel;26,0;%;PKWANT;Anteil am Pkw-Bestand, berechnet
46251;;;;2026-01-01;KREISE;;09188;;KLASS;;A3;Gas (einschl. bivalent);0,4;%;PKWANT;Anteil am Pkw-Bestand, berechnet
46251;;;;2026-01-01;KREISE;;09188;;KLASS;;A4;Hybrid;10,3;%;PKWANT;Anteil am Pkw-Bestand, berechnet
46251;;;;2026-01-01;KREISE;;09188;;KLASS;;A5;darunter Plug-In-Hybrid;2,9;%;PKWANT;Anteil am Pkw-Bestand, berechnet
46251;;;;2026-01-01;KREISE;;09188;;KLASS;;A6;Elektro;6,6;%;PKWANT;Anteil am Pkw-Bestand, berechnet
46251;;;;2026-01-01;KREISE;;09188;;KLASS;;A7;sonstige Kraftstoffarten;0,0;%;PKWANT;Anteil am Pkw-Bestand, berechnet
46251;;;;2026-01-01;KREISE;;09189;Traunstein, Landkreis;KLASS;;;Insgesamt;123718;Anzahl;W1;Personenkraftwagen nach Kraftstoffarten
46251;;;;2026-01-01;KREISE;;09189;;KLASS;;A1;Benzin;69507;Anzahl;W1;Personenkraftwagen nach Kraftstoffarten
46251;;;;2026-01-01;KREISE;;09189;;KLASS;;A2;Diesel;38565;Anzahl;W1;Personenkraftwagen nach Kraftstoffarten
46251;;;;2026-01-01;KREISE;;09189;;KLASS;;A3;Gas (einschl. bivalent);505;Anzahl;W1;Personenkraftwagen nach Kraftstoffarten
46251;;;;2026-01-01;KREISE;;09189;;KLASS;;A4;Hybrid;9344;Anzahl;W1;Personenkraftwagen nach Kraftstoffarten
46251;;;;2026-01-01;KREISE;;09189;;KLASS;;A5;darunter Plug-In-Hybrid;2221;Anzahl;W1;Personenkraftwagen nach Kraftstoffarten
46251;;;;2026-01-01;KREISE;;09189;;KLASS;;A6;Elektro;5780;Anzahl;W1;Personenkraftwagen nach Kraftstoffarten
46251;;;;2026-01-01;KREISE;;09189;;KLASS;;A7;sonstige Kraftstoffarten;17;Anzahl;W1;Personenkraftwagen nach Kraftstoffarten
46251;;;;2026-01-01;KREISE;;09189;;;;;;705,7;;PKWEW;Pkw je 1.000 Einwohner, berechnet
46251;;;;2026-01-01;KREISE;;09189;;KLASS;;A1;Benzin;56,2;%;PKWANT;Anteil am Pkw-Bestand, berechnet
46251;;;;2026-01-01;KREISE;;09189;;KLASS;;A2;Diesel;31,2;%;PKWANT;Anteil am Pkw-Bestand, berechnet
46251;;;;2026-01-01;KREISE;;09189;;KLASS;;A3;Gas (einschl. bivalent);0,4;%;PKWANT;Anteil am Pkw-Bestand, berechnet
46251;;;;2026-01-01;KREISE;;09189;;KLASS;;A4;Hybrid;7,6;%;PKWANT;Anteil am Pkw-Bestand, berechnet
46251;;;;2026-01-01;KREISE;;09189;;KLASS;;A5;darunter Plug-In-Hybrid;1,8;%;PKWANT;Anteil am Pkw-Bestand, berechnet
46251;;;;2026-01-01;KREISE;;09189;;KLASS;;A6;Elektro;4,7;%;PKWANT;Anteil am Pkw-Bestand, berechnet
46251;;;;2026-01-01;KREISE;;09189;;KLASS;;A7;sonstige Kraftstoffarten;0,0;%;PKWANT;Anteil am Pkw-Bestand, berechnet
46251;;;;2026-01-01;KREISE;;09190;Weilheim-Schongau, Landkreis;KLASS;;;Insgesamt;92847;Anzahl;W1;Personenkraftwagen nach Kraftstoffarten
46251;;;;2026-01-01;KREISE;;09190;;KLASS;;A1;Benzin;53729;Anzahl;W1;Personenkraftwagen nach Kraftstoffarten
46251;;;;2026-01-01;KREISE;;09190;;KLASS;;A2;Diesel;28258;Anzahl;W1;Personenkraftwagen nach Kraftstoffarten
46251;;;;2026-01-01;KREISE;;09190;;KLASS;;A3;Gas (einschl. bivalent);504;Anzahl;W1;Personenkraftwagen nach Kraftstoffarten
46251;;;;2026-01-01;KREISE;;09190;;KLASS;;A4;Hybrid;6299;Anzahl;W1;Personenkraftwagen nach Kraftstoffarten
46251;;;;2026-01-01;KREISE;;09190;;KLASS;;A5;darunter Plug-In-Hybrid;1634;Anzahl;W1;Personenkraftwagen nach Kraftstoffarten
46251;;;;2026-01-01;KREISE;;09190;;KLASS;;A6;Elektro;4044;Anzahl;W1;Personenkraftwagen nach Kraftstoffarten
46251;;;;2026-01-01;KREISE;;09190;;KLASS;;A7;sonstige Kraftstoffarten;13;Anzahl;W1;Personenkraftwagen nach Kraftstoffarten
46251;;;;2026-01-01;KREISE;;09190;;;;;;666,8;;PKWEW;Pkw je 1.000 Einwohner, berechnet
46251;;;;2026-01-01;KREISE;;09190;;KLASS;;A1;Benzin;57,9;%;PKWANT;Anteil am Pkw-Bestand, berechnet
46251;;;;2026-01-01;KREISE;;09190;;KLASS;;A2;Diesel;30,4;%;PKWANT;Anteil am Pkw-Bestand, berechnet
46251;;;;2026-01-01;KREISE;;09190;;KLASS;;A3;Gas (einschl. bivalent);0,5;%;PKWANT;Anteil am Pkw-Bestand, berechnet
46251;;;;2026-01-01;KREISE;;09190;;KLASS;;A4;Hybrid;6,8;%;PKWANT;Anteil am Pkw-Bestand, berechnet
46251;;;;2026-01-01;KREISE;;09190;;KLASS;;A5;darunter Plug-In-Hybrid;1,8;%;PKWANT;Anteil am Pkw-Bestand, berechnet
46251;;;;2026-01-01;KREISE;;09190;;KLASS;;A6;Elektro;4,4;%;PKWANT;Anteil am Pkw-Bestand, berechnet
46251;;;;2026-01-01;KREISE;;09190;;KLASS;;A7;sonstige Kraftstoffarten;0,0;%;PKWANT;Anteil am Pkw-Bestand, berechnet
46251;;;;2026-01-01;KREISE;;09261;Landshut, kreisfreie Stadt;KLASS;;;Insgesamt;40008;Anzahl;W1;Personenkraftwagen nach Kraftstoffarten
46251;;;;2026-01-01;KREISE;;09261;;KLASS;;A1;Benzin;22253;Anzahl;W1;Personenkraftwagen nach Kraftstoffarten
46251;;;;2026-01-01;KREISE;;09261;;KLASS;;A2;Diesel;12097;Anzahl;W1;Personenkraftwagen nach Kraftstoffarten
46251;;;;2026-01-01;KREISE;;09261;;KLASS;;A3;Gas (einschl. bivalent);193;Anzahl;W1;Personenkraftwagen nach Kraftstoffarten
46251;;;;2026-01-01;KREISE;;09261;;KLASS;;A4;Hybrid;3838;Anzahl;W1;Personenkraftwagen nach Kraftstoffarten
46251;;;;2026-01-01;KREISE;;09261;;KLASS;;A5;darunter Plug-In-Hybrid;923;Anzahl;W1;Personenkraftwagen nach Kraftstoffarten
46251;;;;2026-01-01;KREISE;;09261;;KLASS;;A6;Elektro;1622;Anzahl;W1;Personenkraftwagen nach Kraftstoffarten
46251;;;;2026-01-01;KREISE;;09261;;KLASS;;A7;sonstige Kraftstoffarten;5;Anzahl;W1;Personenkraftwagen nach Kraftstoffarten
46251;;;;2026-01-01;KREISE;;09261;;;;;;556,3;;PKWEW;Pkw je 1.000 Einwohner, berechnet
46251;;;;2026-01-01;KREISE;;09261;;KLASS;;A1;Benzin;55,6;%;PKWANT;Anteil am Pkw-Bestand, berechnet
46251;;;;2026-01-01;KREISE;;09261;;KLASS;;A2;Diesel;30,2;%;PKWANT;Anteil am Pkw-Bestand, berechnet
46251;;;;2026-01-01;KREISE;;09261;;KLASS;;A3;Gas (einschl. bivalent);0,5;%;PKWANT;Anteil am Pkw-Bestand, berechnet
46251;;;;2026-01-01;KREISE;;09261;;KLASS;;A4;Hybrid;9,6;%;PKWANT;Anteil am Pkw-Bestand, berechnet
46251;;;;2026-01-01;KREISE;;09261;;KLASS;;A5;darunter Plug-In-Hybrid;2,3;%;PKWANT;Anteil am Pkw-Bestand, berechnet
46251;;;;2026-01-01;KREISE;;09261;;KLASS;;A6;Elektro;4,1;%;PKWANT;Anteil am Pkw-Bestand, berechnet
46251;;;;2026-01-01;KREISE;;09261;;KLASS;;A7;sonstige Kraftstoffarten;0,0;%;PKWANT;Anteil am Pkw-Bestand, berechnet
46251;;;;2026-01-01;KREISE;;09262;Passau, kreisfreie Stadt;KLASS;;;Insgesamt;30498;Anzahl;W1;Personenkraftwagen nach Kraftstoffarten
46251;;;;2026-01-01;KREISE;;09262;;KLASS;;A1;Benzin;16840;Anzahl;W1;Personenkraftwagen nach Kraftstoffarten
46251;;;;2026-01-01;KREISE;;09262;;KLASS;;A2;Diesel;8539;Anzahl;W1;Personenkraftwagen nach Kraftstoffarten
46251;;;;2026-01-01;KREISE;;09262;;KLASS;;A3;Gas (einschl. bivalent);86;Anzahl;W1;Personenkraftwagen nach Kraftstoffarten
46251;;;;2026-01-01;KREISE;;09262;;KLASS;;A4;Hybrid;3629;Anzahl;W1;Personenkraftwagen nach Kraftstoffarten
46251;;;;2026-01-01;KREISE;;09262;;KLASS;;A5;darunter Plug-In-Hybrid;817;Anzahl;W1;Personenkraftwagen nach Kraftstoffarten
46251;;;;2026-01-01;KREISE;;09262;;KLASS;;A6;Elektro;1399;Anzahl;W1;Personenkraftwagen nach Kraftstoffarten
46251;;;;2026-01-01;KREISE;;09262;;KLASS;;A7;sonstige Kraftstoffarten;5;Anzahl;W1;Personenkraftwagen nach Kraftstoffarten
46251;;;;2026-01-01;KREISE;;09262;;;;;;569,8;;PKWEW;Pkw je 1.000 Einwohner, berechnet
46251;;;;2026-01-01;KREISE;;09262;;KLASS;;A1;Benzin;55,2;%;PKWANT;Anteil am Pkw-Bestand, berechnet
46251;;;;2026-01-01;KREISE;;09262;;KLASS;;A2;Diesel;28,0;%;PKWANT;Anteil am Pkw-Bestand, berechnet
46251;;;;2026-01-01;KREISE;;09262;;KLASS;;A3;Gas (einschl. bivalent);0,3;%;PKWANT;Anteil am Pkw-Bestand, berechnet
46251;;;;2026-01-01;KREISE;;09262;;KLASS;;A4;Hybrid;11,9;%;PKWANT;Anteil am Pkw-Bestand, berechnet
46251;;;;2026-01-01;KREISE;;09262;;KLASS;;A5;darunter Plug-In-Hybrid;2,7;%;PKWANT;Anteil am Pkw-Bestand, berechnet
46251;;;;2026-01-01;KREISE;;09262;;KLASS;;A6;Elektro;4,6;%;PKWANT;Anteil am Pkw-Bestand, berechnet
46251;;;;2026-01-01;KREISE;;09262;;KLASS;;A7;sonstige Kraftstoffarten;0,0;%;PKWANT;Anteil am Pkw-Bestand, berechnet
46251;;;;2026-01-01;KREISE;;09263;Straubing, kreisfreie Stadt;KLASS;;;Insgesamt;28529;Anzahl;W1;Personenkraftwagen nach Kraftstoffarten
46251;;;;2026-01-01;KREISE;;09263;;KLASS;;A1;Benzin;16332;Anzahl;W1;Personenkraftwagen nach Kraftstoffarten
46251;;;;2026-01-01;KREISE;;09263;;KLASS;;A2;Diesel;8392;Anzahl;W1;Personenkraftwagen nach Kraftstoffarten
46251;;;;2026-01-01;KREISE;;09263;;KLASS;;A3;Gas (einschl. bivalent);137;Anzahl;W1;Personenkraftwagen nach Kraftstoffarten
46251;;;;2026-01-01;KREISE;;09263;;KLASS;;A4;Hybrid;2652;Anzahl;W1;Personenkraftwagen nach Kraftstoffarten
46251;;;;2026-01-01;KREISE;;09263;;KLASS;;A5;darunter Plug-In-Hybrid;548;Anzahl;W1;Personenkraftwagen nach Kraftstoffarten
46251;;;;2026-01-01;KREISE;;09263;;KLASS;;A6;Elektro;1013;Anzahl;W1;Personenkraftwagen nach Kraftstoffarten
46251;;;;2026-01-01;KREISE;;09263;;KLASS;;A7;sonstige Kraftstoffarten;3;Anzahl;W1;Personenkraftwagen nach Kraftstoffarten
46251;;;;2026-01-01;KREISE;;09263;;;;;;581,5;;PKWEW;Pkw je 1.000 Einwohner, berechnet
46251;;;;2026-01-01;KREISE;;09263;;KLASS;;A1;Benzin;57,2;%;PKWANT;Anteil am Pkw-Bestand, berechnet
46251;;;;2026-01-01;KREISE;;09263;;KLASS;;A2;Diesel;29,4;%;PKWANT;Anteil am Pkw-Bestand, berechnet
46251;;;;2026-01-01;KREISE;;09263;;KLASS;;A3;Gas (einschl. bivalent);0,5;%;PKWANT;Anteil am Pkw-Bestand, berechnet
46251;;;;2026-01-01;KREISE;;09263;;KLASS;;A4;Hybrid;9,3;%;PKWANT;Anteil am Pkw-Bestand, berechnet
46251;;;;2026-01-01;KREISE;;09263;;KLASS;;A5;darunter Plug-In-Hybrid;1,9;%;PKWANT;Anteil am Pkw-Bestand, berechnet
46251;;;;2026-01-01;KREISE;;09263;;KLASS;;A6;Elektro;3,6;%;PKWANT;Anteil am Pkw-Bestand, berechnet
46251;;;;2026-01-01;KREISE;;09263;;KLASS;;A7;sonstige Kraftstoffarten;0,0;%;PKWANT;Anteil am Pkw-Bestand, berechnet
46251;;;;2026-01-01;KREISE;;09271;Deggendorf, Landkreis;KLASS;;;Insgesamt;83195;Anzahl;W1;Personenkraftwagen nach Kraftstoffarten
46251;;;;2026-01-01;KREISE;;09271;;KLASS;;A1;Benzin;45074;Anzahl;W1;Personenkraftwagen nach Kraftstoffarten
46251;;;;2026-01-01;KREISE;;09271;;KLASS;;A2;Diesel;27821;Anzahl;W1;Personenkraftwagen nach Kraftstoffarten
46251;;;;2026-01-01;KREISE;;09271;;KLASS;;A3;Gas (einschl. bivalent);368;Anzahl;W1;Personenkraftwagen nach Kraftstoffarten
46251;;;;2026-01-01;KREISE;;09271;;KLASS;;A4;Hybrid;6487;Anzahl;W1;Personenkraftwagen nach Kraftstoffarten
46251;;;;2026-01-01;KREISE;;09271;;KLASS;;A5;darunter Plug-In-Hybrid;1524;Anzahl;W1;Personenkraftwagen nach Kraftstoffarten
46251;;;;2026-01-01;KREISE;;09271;;KLASS;;A6;Elektro;3439;Anzahl;W1;Personenkraftwagen nach Kraftstoffarten
46251;;;;2026-01-01;KREISE;;09271;;KLASS;;A7;sonstige Kraftstoffarten;6;Anzahl;W1;Personenkraftwagen nach Kraftstoffarten
46251;;;;2026-01-01;KREISE;;09271;;;;;;682,6;;PKWEW;Pkw je 1.000 Einwohner, berechnet
46251;;;;2026-01-01;KREISE;;09271;;KLASS;;A1;Benzin;54,2;%;PKWANT;Anteil am Pkw-Bestand, berechnet
46251;;;;2026-01-01;KREISE;;09271;;KLASS;;A2;Diesel;33,4;%;PKWANT;Anteil am Pkw-Bestand, berechnet
46251;;;;2026-01-01;KREISE;;09271;;KLASS;;A3;Gas (einschl. bivalent);0,4;%;PKWANT;Anteil am Pkw-Bestand, berechnet
46251;;;;2026-01-01;KREISE;;09271;;KLASS;;A4;Hybrid;7,8;%;PKWANT;Anteil am Pkw-Bestand, berechnet
46251;;;;2026-01-01;KREISE;;09271;;KLASS;;A5;darunter Plug-In-Hybrid;1,8;%;PKWANT;Anteil am Pkw-Bestand, berechnet
46251;;;;2026-01-01;KREISE;;09271;;KLASS;;A6;Elektro;4,1;%;PKWANT;Anteil am Pkw-Bestand, berechnet
46251;;;;2026-01-01;KREISE;;09271;;KLASS;;A7;sonstige Kraftstoffarten;0,0;%;PKWANT;Anteil am Pkw-Bestand, berechnet
46251;;;;2026-01-01;KREISE;;09272;Freyung-Grafenau, Landkreis;KLASS;;;Insgesamt;55440;Anzahl;W1;Personenkraftwagen nach Kraftstoffarten
46251;;;;2026-01-01;KREISE;;09272;;KLASS;;A1;Benzin;30774;Anzahl;W1;Personenkraftwagen nach Kraftstoffarten
46251;;;;2026-01-01;KREISE;;09272;;KLASS;;A2;Diesel;18069;Anzahl;W1;Personenkraftwagen nach Kraftstoffarten
46251;;;;2026-01-01;KREISE;;09272;;KLASS;;A3;Gas (einschl. bivalent);174;Anzahl;W1;Personenkraftwagen nach Kraftstoffarten
46251;;;;2026-01-01;KREISE;;09272;;KLASS;;A4;Hybrid;4520;Anzahl;W1;Personenkraftwagen nach Kraftstoffarten
46251;;;;2026-01-01;KREISE;;09272;;KLASS;;A5;darunter Plug-In-Hybrid;883;Anzahl;W1;Personenkraftwagen nach Kraftstoffarten
46251;;;;2026-01-01;KREISE;;09272;;KLASS;;A6;Elektro;1898;Anzahl;W1;Personenkraftwagen nach Kraftstoffarten
46251;;;;2026-01-01;KREISE;;09272;;KLASS;;A7;sonstige Kraftstoffarten;5;Anzahl;W1;Personenkraftwagen nach Kraftstoffarten
46251;;;;2026-01-01;KREISE;;09272;;;;;;706,8;;PKWEW;Pkw je 1.000 Einwohner, berechnet
46251;;;;2026-01-01;KREISE;;09272;;KLASS;;A1;Benzin;55,5;%;PKWANT;Anteil am Pkw-Bestand, berechnet
46251;;;;2026-01-01;KREISE;;09272;;KLASS;;A2;Diesel;32,6;%;PKWANT;Anteil am Pkw-Bestand, berechnet
46251;;;;2026-01-01;KREISE;;09272;;KLASS;;A3;Gas (einschl. bivalent);0,3;%;PKWANT;Anteil am Pkw-Bestand, berechnet
46251;;;;2026-01-01;KREISE;;09272;;KLASS;;A4;Hybrid;8,2;%;PKWANT;Anteil am Pkw-Bestand, berechnet
46251;;;;2026-01-01;KREISE;;09272;;KLASS;;A5;darunter Plug-In-Hybrid;1,6;%;PKWANT;Anteil am Pkw-Bestand, berechnet
46251;;;;2026-01-01;KREISE;;09272;;KLASS;;A6;Elektro;3,4;%;PKWANT;Anteil am Pkw-Bestand, berechnet
46251;;;;2026-01-01;KREISE;;09272;;KLASS;;A7;sonstige Kraftstoffarten;0,0;%;PKWANT;Anteil am Pkw-Bestand, berechnet
46251;;;;2026-01-01;KREISE;;09273;Kelheim, Landkreis;KLASS;;;Insgesamt;85886;Anzahl;W1;Personenkraftwagen nach Kraftstoffarten
46251;;;;2026-01-01;KREISE;;09273;;KLASS;;A1;Benzin;46430;Anzahl;W1;Personenkraftwagen nach Kraftstoffarten
46251;;;;2026-01-01;KREISE;;09273;;KLASS;;A2;Diesel;29548;Anzahl;W1;Personenkraftwagen nach Kraftstoffarten
46251;;;;2026-01-01;KREISE;;09273;;KLASS;;A3;Gas (einschl. bivalent);411;Anzahl;W1;Personenkraftwagen nach Kraftstoffarten
46251;;;;2026-01-01;KREISE;;09273;;KLASS;;A4;Hybrid;6144;Anzahl;W1;Personenkraftwagen nach Kraftstoffarten
46251;;;;2026-01-01;KREISE;;09273;;KLASS;;A5;darunter Plug-In-Hybrid;1293;Anzahl;W1;Personenkraftwagen nach Kraftstoffarten
46251;;;;2026-01-01;KREISE;;09273;;KLASS;;A6;Elektro;3337;Anzahl;W1;Personenkraftwagen nach Kraftstoffarten
46251;;;;2026-01-01;KREISE;;09273;;KLASS;;A7;sonstige Kraftstoffarten;16;Anzahl;W1;Personenkraftwagen nach Kraftstoffarten
46251;;;;2026-01-01;KREISE;;09273;;;;;;679,9;;PKWEW;Pkw je 1.000 Einwohner, berechnet
46251;;;;2026-01-01;KREISE;;09273;;KLASS;;A1;Benzin;54,1;%;PKWANT;Anteil am Pkw-Bestand, berechnet
46251;;;;2026-01-01;KREISE;;09273;;KLASS;;A2;Diesel;34,4;%;PKWANT;Anteil am Pkw-Bestand, berechnet
46251;;;;2026-01-01;KREISE;;09273;;KLASS;;A3;Gas (einschl. bivalent);0,5;%;PKWANT;Anteil am Pkw-Bestand, berechnet
46251;;;;2026-01-01;KREISE;;09273;;KLASS;;A4;Hybrid;7,2;%;PKWANT;Anteil am Pkw-Bestand, berechnet
46251;;;;2026-01-01;KREISE;;09273;;KLASS;;A5;darunter Plug-In-Hybrid;1,5;%;PKWANT;Anteil am Pkw-Bestand, berechnet
46251;;;;2026-01-01;KREISE;;09273;;KLASS;;A6;Elektro;3,9;%;PKWANT;Anteil am Pkw-Bestand, berechnet
46251;;;;2026-01-01;KREISE;;09273;;KLASS;;A7;sonstige Kraftstoffarten;0,0;%;PKWANT;Anteil am Pkw-Bestand, berechnet
46251;;;;2026-01-01;KREISE;;09274;Landshut, Landkreis;KLASS;;;Insgesamt;115934;Anzahl;W1;Personenkraftwagen nach Kraftstoffarten
46251;;;;2026-01-01;KREISE;;09274;;KLASS;;A1;Benzin;60869;Anzahl;W1;Personenkraftwagen nach Kraftstoffarten
46251;;;;2026-01-01;KREISE;;09274;;KLASS;;A2;Diesel;40153;Anzahl;W1;Personenkraftwagen nach Kraftstoffarten
46251;;;;2026-01-01;KREISE;;09274;;KLASS;;A3;Gas (einschl. bivalent);546;Anzahl;W1;Personenkraftwagen nach Kraftstoffarten
46251;;;;2026-01-01;KREISE;;09274;;KLASS;;A4;Hybrid;8732;Anzahl;W1;Personenkraftwagen nach Kraftstoffarten
46251;;;;2026-01-01;KREISE;;09274;;KLASS;;A5;darunter Plug-In-Hybrid;2136;Anzahl;W1;Personenkraftwagen nach Kraftstoffarten
46251;;;;2026-01-01;KREISE;;09274;;KLASS;;A6;Elektro;5588;Anzahl;W1;Personenkraftwagen nach Kraftstoffarten
46251;;;;2026-01-01;KREISE;;09274;;KLASS;;A7;sonstige Kraftstoffarten;46;Anzahl;W1;Personenkraftwagen nach Kraftstoffarten
46251;;;;2026-01-01;KREISE;;09274;;;;;;712,9;;PKWEW;Pkw je 1.000 Einwohner, berechnet
46251;;;;2026-01-01;KREISE;;09274;;KLASS;;A1;Benzin;52,5;%;PKWANT;Anteil am Pkw-Bestand, berechnet
46251;;;;2026-01-01;KREISE;;09274;;KLASS;;A2;Diesel;34,6;%;PKWANT;Anteil am Pkw-Bestand, berechnet
46251;;;;2026-01-01;KREISE;;09274;;KLASS;;A3;Gas (einschl. bivalent);0,5;%;PKWANT;Anteil am Pkw-Bestand, berechnet
46251;;;;2026-01-01;KREISE;;09274;;KLASS;;A4;Hybrid;7,5;%;PKWANT;Anteil am Pkw-Bestand, berechnet
46251;;;;2026-01-01;KREISE;;09274;;KLASS;;A5;darunter Plug-In-Hybrid;1,8;%;PKWANT;Anteil am Pkw-Bestand, berechnet
46251;;;;2026-01-01;KREISE;;09274;;KLASS;;A6;Elektro;4,8;%;PKWANT;Anteil am Pkw-Bestand, berechnet
46251;;;;2026-01-01;KREISE;;09274;;KLASS;;A7;sonstige Kraftstoffarten;0,0;%;PKWANT;Anteil am Pkw-Bestand, berechnet
46251;;;;2026-01-01;KREISE;;09275;Passau, Landkreis;KLASS;;;Insgesamt;135822;Anzahl;W1;Personenkraftwagen nach Kraftstoffarten
46251;;;;2026-01-01;KREISE;;09275;;KLASS;;A1;Benzin;78485;Anzahl;W1;Personenkraftwagen nach Kraftstoffarten
46251;;;;2026-01-01;KREISE;;09275;;KLASS;;A2;Diesel;40543;Anzahl;W1;Personenkraftwagen nach Kraftstoffarten
46251;;;;2026-01-01;KREISE;;09275;;KLASS;;A3;Gas (einschl. bivalent);431;Anzahl;W1;Personenkraftwagen nach Kraftstoffarten
46251;;;;2026-01-01;KREISE;;09275;;KLASS;;A4;Hybrid;10702;Anzahl;W1;Personenkraftwagen nach Kraftstoffarten
46251;;;;2026-01-01;KREISE;;09275;;KLASS;;A5;darunter Plug-In-Hybrid;2353;Anzahl;W1;Personenkraftwagen nach Kraftstoffarten
46251;;;;2026-01-01;KREISE;;09275;;KLASS;;A6;Elektro;5629;Anzahl;W1;Personenkraftwagen nach Kraftstoffarten
46251;;;;2026-01-01;KREISE;;09275;;KLASS;;A7;sonstige Kraftstoffarten;32;Anzahl;W1;Personenkraftwagen nach Kraftstoffarten
46251;;;;2026-01-01;KREISE;;09275;;;;;;698,9;;PKWEW;Pkw je 1.000 Einwohner, berechnet
46251;;;;2026-01-01;KREISE;;09275;;KLASS;;A1;Benzin;57,8;%;PKWANT;Anteil am Pkw-Bestand, berechnet
46251;;;;2026-01-01;KREISE;;09275;;KLASS;;A2;Diesel;29,9;%;PKWANT;Anteil am Pkw-Bestand, berechnet
46251;;;;2026-01-01;KREISE;;09275;;KLASS;;A3;Gas (einschl. bivalent);0,3;%;PKWANT;Anteil am Pkw-Bestand, berechnet
46251;;;;2026-01-01;KREISE;;09275;;KLASS;;A4;Hybrid;7,9;%;PKWANT;Anteil am Pkw-Bestand, berechnet
46251;;;;2026-01-01;KREISE;;09275;;KLASS;;A5;darunter Plug-In-Hybrid;1,7;%;PKWANT;Anteil am Pkw-Bestand, berechnet
46251;;;;2026-01-01;KREISE;;09275;;KLASS;;A6;Elektro;4,1;%;PKWANT;Anteil am Pkw-Bestand, berechnet
46251;;;;2026-01-01;KREISE;;09275;;KLASS;;A7;sonstige Kraftstoffarten;0,0;%;PKWANT;Anteil am Pkw-Bestand, berechnet
46251;;;;2026-01-01;KREISE;;09276;Regen, Landkreis;KLASS;;;Insgesamt;52053;Anzahl;W1;Personenkraftwagen nach Kraftstoffarten
46251;;;;2026-01-01;KREISE;;09276;;KLASS;;A1;Benzin;28724;Anzahl;W1;Personenkraftwagen nach Kraftstoffarten
46251;;;;2026-01-01;KREISE;;09276;;KLASS;;A2;Diesel;16821;Anzahl;W1;Personenkraftwagen nach Kraftstoffarten
46251;;;;2026-01-01;KREISE;;09276;;KLASS;;A3;Gas (einschl. bivalent);199;Anzahl;W1;Personenkraftwagen nach Kraftstoffarten
46251;;;;2026-01-01;KREISE;;09276;;KLASS;;A4;Hybrid;4618;Anzahl;W1;Personenkraftwagen nach Kraftstoffarten
46251;;;;2026-01-01;KREISE;;09276;;KLASS;;A5;darunter Plug-In-Hybrid;1020;Anzahl;W1;Personenkraftwagen nach Kraftstoffarten
46251;;;;2026-01-01;KREISE;;09276;;KLASS;;A6;Elektro;1683;Anzahl;W1;Personenkraftwagen nach Kraftstoffarten
46251;;;;2026-01-01;KREISE;;09276;;KLASS;;A7;sonstige Kraftstoffarten;8;Anzahl;W1;Personenkraftwagen nach Kraftstoffarten
46251;;;;2026-01-01;KREISE;;09276;;;;;;675,0;;PKWEW;Pkw je 1.000 Einwohner, berechnet
46251;;;;2026-01-01;KREISE;;09276;;KLASS;;A1;Benzin;55,2;%;PKWANT;Anteil am Pkw-Bestand, berechnet
46251;;;;2026-01-01;KREISE;;09276;;KLASS;;A2;Diesel;32,3;%;PKWANT;Anteil am Pkw-Bestand, berechnet
46251;;;;2026-01-01;KREISE;;09276;;KLASS;;A3;Gas (einschl. bivalent);0,4;%;PKWANT;Anteil am Pkw-Bestand, berechnet
46251;;;;2026-01-01;KREISE;;09276;;KLASS;;A4;Hybrid;8,9;%;PKWANT;Anteil am Pkw-Bestand, berechnet
46251;;;;2026-01-01;KREISE;;09276;;KLASS;;A5;darunter Plug-In-Hybrid;2,0;%;PKWANT;Anteil am Pkw-Bestand, berechnet
46251;;;;2026-01-01;KREISE;;09276;;KLASS;;A6;Elektro;3,2;%;PKWANT;Anteil am Pkw-Bestand, berechnet
46251;;;;2026-01-01;KREISE;;09276;;KLASS;;A7;sonstige Kraftstoffarten;0,0;%;PKWANT;Anteil am Pkw-Bestand, berechnet
46251;;;;2026-01-01;KREISE;;09277;Rottal-Inn, Landkreis;KLASS;;;Insgesamt;88145;Anzahl;W1;Personenkraftwagen nach Kraftstoffarten
46251;;;;2026-01-01;KREISE;;09277;;KLASS;;A1;Benzin;48076;Anzahl;W1;Personenkraftwagen nach Kraftstoffarten
46251;;;;2026-01-01;KREISE;;09277;;KLASS;;A2;Diesel;29762;Anzahl;W1;Personenkraftwagen nach Kraftstoffarten
46251;;;;2026-01-01;KREISE;;09277;;KLASS;;A3;Gas (einschl. bivalent);381;Anzahl;W1;Personenkraftwagen nach Kraftstoffarten
46251;;;;2026-01-01;KREISE;;09277;;KLASS;;A4;Hybrid;6342;Anzahl;W1;Personenkraftwagen nach Kraftstoffarten
46251;;;;2026-01-01;KREISE;;09277;;KLASS;;A5;darunter Plug-In-Hybrid;1390;Anzahl;W1;Personenkraftwagen nach Kraftstoffarten
46251;;;;2026-01-01;KREISE;;09277;;KLASS;;A6;Elektro;3567;Anzahl;W1;Personenkraftwagen nach Kraftstoffarten
46251;;;;2026-01-01;KREISE;;09277;;KLASS;;A7;sonstige Kraftstoffarten;17;Anzahl;W1;Personenkraftwagen nach Kraftstoffarten
46251;;;;2026-01-01;KREISE;;09277;;;;;;730,7;;PKWEW;Pkw je 1.000 Einwohner, berechnet
46251;;;;2026-01-01;KREISE;;09277;;KLASS;;A1;Benzin;54,5;%;PKWANT;Anteil am Pkw-Bestand, berechnet
46251;;;;2026-01-01;KREISE;;09277;;KLASS;;A2;Diesel;33,8;%;PKWANT;Anteil am Pkw-Bestand, berechnet
46251;;;;2026-01-01;KREISE;;09277;;KLASS;;A3;Gas (einschl. bivalent);0,4;%;PKWANT;Anteil am Pkw-Bestand, berechnet
46251;;;;2026-01-01;KREISE;;09277;;KLASS;;A4;Hybrid;7,2;%;PKWANT;Anteil am Pkw-Bestand, berechnet
46251;;;;2026-01-01;KREISE;;09277;;KLASS;;A5;darunter Plug-In-Hybrid;1,6;%;PKWANT;Anteil am Pkw-Bestand, berechnet
46251;;;;2026-01-01;KREISE;;09277;;KLASS;;A6;Elektro;4,0;%;PKWANT;Anteil am Pkw-Bestand, berechnet
46251;;;;2026-01-01;KREISE;;09277;;KLASS;;A7;sonstige Kraftstoffarten;0,0;%;PKWANT;Anteil am Pkw-Bestand, berechnet
46251;;;;2026-01-01;KREISE;;09278;Straubing-Bogen, Landkreis;KLASS;;;Insgesamt;72817;Anzahl;W1;Personenkraftwagen nach Kraftstoffarten
46251;;;;2026-01-01;KREISE;;09278;;KLASS;;A1;Benzin;40340;Anzahl;W1;Personenkraftwagen nach Kraftstoffarten
46251;;;;2026-01-01;KREISE;;09278;;KLASS;;A2;Diesel;24200;Anzahl;W1;Personenkraftwagen nach Kraftstoffarten
46251;;;;2026-01-01;KREISE;;09278;;KLASS;;A3;Gas (einschl. bivalent);346;Anzahl;W1;Personenkraftwagen nach Kraftstoffarten
46251;;;;2026-01-01;KREISE;;09278;;KLASS;;A4;Hybrid;5046;Anzahl;W1;Personenkraftwagen nach Kraftstoffarten
46251;;;;2026-01-01;KREISE;;09278;;KLASS;;A5;darunter Plug-In-Hybrid;1136;Anzahl;W1;Personenkraftwagen nach Kraftstoffarten
46251;;;;2026-01-01;KREISE;;09278;;KLASS;;A6;Elektro;2876;Anzahl;W1;Personenkraftwagen nach Kraftstoffarten
46251;;;;2026-01-01;KREISE;;09278;;KLASS;;A7;sonstige Kraftstoffarten;9;Anzahl;W1;Personenkraftwagen nach Kraftstoffarten
46251;;;;2026-01-01;KREISE;;09278;;;;;;706,2;;PKWEW;Pkw je 1.000 Einwohner, berechnet
46251;;;;2026-01-01;KREISE;;09278;;KLASS;;A1;Benzin;55,4;%;PKWANT;Anteil am Pkw-Bestand, berechnet
46251;;;;2026-01-01;KREISE;;09278;;KLASS;;A2;Diesel;33,2;%;PKWANT;Anteil am Pkw-Bestand, berechnet
46251;;;;2026-01-01;KREISE;;09278;;KLASS;;A3;Gas (einschl. bivalent);0,5;%;PKWANT;Anteil am Pkw-Bestand, berechnet
46251;;;;2026-01-01;KREISE;;09278;;KLASS;;A4;Hybrid;6,9;%;PKWANT;Anteil am Pkw-Bestand, berechnet
46251;;;;2026-01-01;KREISE;;09278;;KLASS;;A5;darunter Plug-In-Hybrid;1,6;%;PKWANT;Anteil am Pkw-Bestand, berechnet
46251;;;;2026-01-01;KREISE;;09278;;KLASS;;A6;Elektro;3,9;%;PKWANT;Anteil am Pkw-Bestand, berechnet
46251;;;;2026-01-01;KREISE;;09278;;KLASS;;A7;sonstige Kraftstoffarten;0,0;%;PKWANT;Anteil am Pkw-Bestand, berechnet
46251;;;;2026-01-01;KREISE;;09279;Dingolfing-Landau, Landkreis;KLASS;;;Insgesamt;74104;Anzahl;W1;Personenkraftwagen nach Kraftstoffarten
46251;;;;2026-01-01;KREISE;;09279;;KLASS;;A1;Benzin;37762;Anzahl;W1;Personenkraftwagen nach Kraftstoffarten
46251;;;;2026-01-01;KREISE;;09279;;KLASS;;A2;Diesel;25277;Anzahl;W1;Personenkraftwagen nach Kraftstoffarten
46251;;;;2026-01-01;KREISE;;09279;;KLASS;;A3;Gas (einschl. bivalent);331;Anzahl;W1;Personenkraftwagen nach Kraftstoffarten
46251;;;;2026-01-01;KREISE;;09279;;KLASS;;A4;Hybrid;7502;Anzahl;W1;Personenkraftwagen nach Kraftstoffarten
46251;;;;2026-01-01;KREISE;;09279;;KLASS;;A5;darunter Plug-In-Hybrid;1252;Anzahl;W1;Personenkraftwagen nach Kraftstoffarten
46251;;;;2026-01-01;KREISE;;09279;;KLASS;;A6;Elektro;3227;Anzahl;W1;Personenkraftwagen nach Kraftstoffarten
46251;;;;2026-01-01;KREISE;;09279;;KLASS;;A7;sonstige Kraftstoffarten;5;Anzahl;W1;Personenkraftwagen nach Kraftstoffarten
46251;;;;2026-01-01;KREISE;;09279;;;;;;733,4;;PKWEW;Pkw je 1.000 Einwohner, berechnet
46251;;;;2026-01-01;KREISE;;09279;;KLASS;;A1;Benzin;51,0;%;PKWANT;Anteil am Pkw-Bestand, berechnet
46251;;;;2026-01-01;KREISE;;09279;;KLASS;;A2;Diesel;34,1;%;PKWANT;Anteil am Pkw-Bestand, berechnet
46251;;;;2026-01-01;KREISE;;09279;;KLASS;;A3;Gas (einschl. bivalent);0,4;%;PKWANT;Anteil am Pkw-Bestand, berechnet
46251;;;;2026-01-01;KREISE;;09279;;KLASS;;A4;Hybrid;10,1;%;PKWANT;Anteil am Pkw-Bestand, berechnet
46251;;;;2026-01-01;KREISE;;09279;;KLASS;;A5;darunter Plug-In-Hybrid;1,7;%;PKWANT;Anteil am Pkw-Bestand, berechnet
46251;;;;2026-01-01;KREISE;;09279;;KLASS;;A6;Elektro;4,4;%;PKWANT;Anteil am Pkw-Bestand, berechnet
46251;;;;2026-01-01;KREISE;;09279;;KLASS;;A7;sonstige Kraftstoffarten;0,0;%;PKWANT;Anteil am Pkw-Bestand, berechnet
46251;;;;2026-01-01;KREISE;;09361;Amberg, kreisfreie Stadt;KLASS;;;Insgesamt;25414;Anzahl;W1;Personenkraftwagen nach Kraftstoffarten
46251;;;;2026-01-01;KREISE;;09361;;KLASS;;A1;Benzin;15293;Anzahl;W1;Personenkraftwagen nach Kraftstoffarten
46251;;;;2026-01-01;KREISE;;09361;;KLASS;;A2;Diesel;6574;Anzahl;W1;Personenkraftwagen nach Kraftstoffarten
46251;;;;2026-01-01;KREISE;;09361;;KLASS;;A3;Gas (einschl. bivalent);89;Anzahl;W1;Personenkraftwagen nach Kraftstoffarten
46251;;;;2026-01-01;KREISE;;09361;;KLASS;;A4;Hybrid;2306;Anzahl;W1;Personenkraftwagen nach Kraftstoffarten
46251;;;;2026-01-01;KREISE;;09361;;KLASS;;A5;darunter Plug-In-Hybrid;604;Anzahl;W1;Personenkraftwagen nach Kraftstoffarten
46251;;;;2026-01-01;KREISE;;09361;;KLASS;;A6;Elektro;1150;Anzahl;W1;Personenkraftwagen nach Kraftstoffarten
46251;;;;2026-01-01;KREISE;;09361;;KLASS;;A7;sonstige Kraftstoffarten;2;Anzahl;W1;Personenkraftwagen nach Kraftstoffarten
46251;;;;2026-01-01;KREISE;;09361;;;;;;596,1;;PKWEW;Pkw je 1.000 Einwohner, berechnet
46251;;;;2026-01-01;KREISE;;09361;;KLASS;;A1;Benzin;60,2;%;PKWANT;Anteil am Pkw-Bestand, berechnet
46251;;;;2026-01-01;KREISE;;09361;;KLASS;;A2;Diesel;25,9;%;PKWANT;Anteil am Pkw-Bestand, berechnet
46251;;;;2026-01-01;KREISE;;09361;;KLASS;;A3;Gas (einschl. bivalent);0,4;%;PKWANT;Anteil am Pkw-Bestand, berechnet
46251;;;;2026-01-01;KREISE;;09361;;KLASS;;A4;Hybrid;9,1;%;PKWANT;Anteil am Pkw-Bestand, berechnet
46251;;;;2026-01-01;KREISE;;09361;;KLASS;;A5;darunter Plug-In-Hybrid;2,4;%;PKWANT;Anteil am Pkw-Bestand, berechnet
46251;;;;2026-01-01;KREISE;;09361;;KLASS;;A6;Elektro;4,5;%;PKWANT;Anteil am Pkw-Bestand, berechnet
46251;;;;2026-01-01;KREISE;;09361;;KLASS;;A7;sonstige Kraftstoffarten;0,0;%;PKWANT;Anteil am Pkw-Bestand, berechnet
46251;;;;2026-01-01;KREISE;;09362;Regensburg, kreisfreie Stadt;KLASS;;;Insgesamt;84123;Anzahl;W1;Personenkraftwagen nach Kraftstoffarten
46251;;;;2026-01-01;KREISE;;09362;;KLASS;;A1;Benzin;45581;Anzahl;W1;Personenkraftwagen nach Kraftstoffarten
46251;;;;2026-01-01;KREISE;;09362;;KLASS;;A2;Diesel;23246;Anzahl;W1;Personenkraftwagen nach Kraftstoffarten
46251;;;;2026-01-01;KREISE;;09362;;KLASS;;A3;Gas (einschl. bivalent);432;Anzahl;W1;Personenkraftwagen nach Kraftstoffarten
46251;;;;2026-01-01;KREISE;;09362;;KLASS;;A4;Hybrid;10098;Anzahl;W1;Personenkraftwagen nach Kraftstoffarten
46251;;;;2026-01-01;KREISE;;09362;;KLASS;;A5;darunter Plug-In-Hybrid;2549;Anzahl;W1;Personenkraftwagen nach Kraftstoffarten
46251;;;;2026-01-01;KREISE;;09362;;KLASS;;A6;Elektro;4742;Anzahl;W1;Personenkraftwagen nach Kraftstoffarten
46251;;;;2026-01-01;KREISE;;09362;;KLASS;;A7;sonstige Kraftstoffarten;24;Anzahl;W1;Personenkraftwagen nach Kraftstoffarten
46251;;;;2026-01-01;KREISE;;09362;;;;;;555,2;;PKWEW;Pkw je 1.000 Einwohner, berechnet
46251;;;;2026-01-01;KREISE;;09362;;KLASS;;A1;Benzin;54,2;%;PKWANT;Anteil am Pkw-Bestand, berechnet
46251;;;;2026-01-01;KREISE;;09362;;KLASS;;A2;Diesel;27,6;%;PKWANT;Anteil am Pkw-Bestand, berechnet
46251;;;;2026-01-01;KREISE;;09362;;KLASS;;A3;Gas (einschl. bivalent);0,5;%;PKWANT;Anteil am Pkw-Bestand, berechnet
46251;;;;2026-01-01;KREISE;;09362;;KLASS;;A4;Hybrid;12,0;%;PKWANT;Anteil am Pkw-Bestand, berechnet
46251;;;;2026-01-01;KREISE;;09362;;KLASS;;A5;darunter Plug-In-Hybrid;3,0;%;PKWANT;Anteil am Pkw-Bestand, berechnet
46251;;;;2026-01-01;KREISE;;09362;;KLASS;;A6;Elektro;5,6;%;PKWANT;Anteil am Pkw-Bestand, berechnet
46251;;;;2026-01-01;KREISE;;09362;;KLASS;;A7;sonstige Kraftstoffarten;0,0;%;PKWANT;Anteil am Pkw-Bestand, berechnet
46251;;;;2026-01-01;KREISE;;09363;Weiden i.d.OPf., kreisfreie Stadt;KLASS;;;Insgesamt;26594;Anzahl;W1;Personenkraftwagen nach Kraftstoffarten
46251;;;;2026-01-01;KREISE;;09363;;KLASS;;A1;Benzin;16021;Anzahl;W1;Personenkraftwagen nach Kraftstoffarten
46251;;;;2026-01-01;KREISE;;09363;;KLASS;;A2;Diesel;7237;Anzahl;W1;Personenkraftwagen nach Kraftstoffarten
46251;;;;2026-01-01;KREISE;;09363;;KLASS;;A3;Gas (einschl. bivalent);128;Anzahl;W1;Personenkraftwagen nach Kraftstoffarten
46251;;;;2026-01-01;KREISE;;09363;;KLASS;;A4;Hybrid;2324;Anzahl;W1;Personenkraftwagen nach Kraftstoffarten
46251;;;;2026-01-01;KREISE;;09363;;KLASS;;A5;darunter Plug-In-Hybrid;517;Anzahl;W1;Personenkraftwagen nach Kraftstoffarten
46251;;;;2026-01-01;KREISE;;09363;;KLASS;;A6;Elektro;879;Anzahl;W1;Personenkraftwagen nach Kraftstoffarten
46251;;;;2026-01-01;KREISE;;09363;;KLASS;;A7;sonstige Kraftstoffarten;5;Anzahl;W1;Personenkraftwagen nach Kraftstoffarten
46251;;;;2026-01-01;KREISE;;09363;;;;;;626,4;;PKWEW;Pkw je 1.000 Einwohner, berechnet
46251;;;;2026-01-01;KREISE;;09363;;KLASS;;A1;Benzin;60,2;%;PKWANT;Anteil am Pkw-Bestand, berechnet
46251;;;;2026-01-01;KREISE;;09363;;KLASS;;A2;Diesel;27,2;%;PKWANT;Anteil am Pkw-Bestand, berechnet
46251;;;;2026-01-01;KREISE;;09363;;KLASS;;A3;Gas (einschl. bivalent);0,5;%;PKWANT;Anteil am Pkw-Bestand, berechnet
46251;;;;2026-01-01;KREISE;;09363;;KLASS;;A4;Hybrid;8,7;%;PKWANT;Anteil am Pkw-Bestand, berechnet
46251;;;;2026-01-01;KREISE;;09363;;KLASS;;A5;darunter Plug-In-Hybrid;1,9;%;PKWANT;Anteil am Pkw-Bestand, berechnet
46251;;;;2026-01-01;KREISE;;09363;;KLASS;;A6;Elektro;3,3;%;PKWANT;Anteil am Pkw-Bestand, berechnet
46251;;;;2026-01-01;KREISE;;09363;;KLASS;;A7;sonstige Kraftstoffarten;0,0;%;PKWANT;Anteil am Pkw-Bestand, berechnet
46251;;;;2026-01-01;KREISE;;09371;Amberg-Sulzbach, Landkreis;KLASS;;;Insgesamt;72511;Anzahl;W1;Personenkraftwagen nach Kraftstoffarten
46251;;;;2026-01-01;KREISE;;09371;;KLASS;;A1;Benzin;42121;Anzahl;W1;Personenkraftwagen nach Kraftstoffarten
46251;;;;2026-01-01;KREISE;;09371;;KLASS;;A2;Diesel;22250;Anzahl;W1;Personenkraftwagen nach Kraftstoffarten
46251;;;;2026-01-01;KREISE;;09371;;KLASS;;A3;Gas (einschl. bivalent);300;Anzahl;W1;Personenkraftwagen nach Kraftstoffarten
46251;;;;2026-01-01;KREISE;;09371;;KLASS;;A4;Hybrid;4750;Anzahl;W1;Personenkraftwagen nach Kraftstoffarten
46251;;;;2026-01-01;KREISE;;09371;;KLASS;;A5;darunter Plug-In-Hybrid;1232;Anzahl;W1;Personenkraftwagen nach Kraftstoffarten
46251;;;;2026-01-01;KREISE;;09371;;KLASS;;A6;Elektro;3079;Anzahl;W1;Personenkraftwagen nach Kraftstoffarten
46251;;;;2026-01-01;KREISE;;09371;;KLASS;;A7;sonstige Kraftstoffarten;11;Anzahl;W1;Personenkraftwagen nach Kraftstoffarten
46251;;;;2026-01-01;KREISE;;09371;;;;;;698,6;;PKWEW;Pkw je 1.000 Einwohner, berechnet
46251;;;;2026-01-01;KREISE;;09371;;KLASS;;A1;Benzin;58,1;%;PKWANT;Anteil am Pkw-Bestand, berechnet
46251;;;;2026-01-01;KREISE;;09371;;KLASS;;A2;Diesel;30,7;%;PKWANT;Anteil am Pkw-Bestand, berechnet
46251;;;;2026-01-01;KREISE;;09371;;KLASS;;A3;Gas (einschl. bivalent);0,4;%;PKWANT;Anteil am Pkw-Bestand, berechnet
46251;;;;2026-01-01;KREISE;;09371;;KLASS;;A4;Hybrid;6,6;%;PKWANT;Anteil am Pkw-Bestand, berechnet
46251;;;;2026-01-01;KREISE;;09371;;KLASS;;A5;darunter Plug-In-Hybrid;1,7;%;PKWANT;Anteil am Pkw-Bestand, berechnet
46251;;;;2026-01-01;KREISE;;09371;;KLASS;;A6;Elektro;4,2;%;PKWANT;Anteil am Pkw-Bestand, berechnet
46251;;;;2026-01-01;KREISE;;09371;;KLASS;;A7;sonstige Kraftstoffarten;0,0;%;PKWANT;Anteil am Pkw-Bestand, berechnet
46251;;;;2026-01-01;KREISE;;09372;Cham, Landkreis;KLASS;;;Insgesamt;93309;Anzahl;W1;Personenkraftwagen nach Kraftstoffarten
46251;;;;2026-01-01;KREISE;;09372;;KLASS;;A1;Benzin;52273;Anzahl;W1;Personenkraftwagen nach Kraftstoffarten
46251;;;;2026-01-01;KREISE;;09372;;KLASS;;A2;Diesel;30627;Anzahl;W1;Personenkraftwagen nach Kraftstoffarten
46251;;;;2026-01-01;KREISE;;09372;;KLASS;;A3;Gas (einschl. bivalent);563;Anzahl;W1;Personenkraftwagen nach Kraftstoffarten
46251;;;;2026-01-01;KREISE;;09372;;KLASS;;A4;Hybrid;6415;Anzahl;W1;Personenkraftwagen nach Kraftstoffarten
46251;;;;2026-01-01;KREISE;;09372;;KLASS;;A5;darunter Plug-In-Hybrid;1404;Anzahl;W1;Personenkraftwagen nach Kraftstoffarten
46251;;;;2026-01-01;KREISE;;09372;;KLASS;;A6;Elektro;3418;Anzahl;W1;Personenkraftwagen nach Kraftstoffarten
46251;;;;2026-01-01;KREISE;;09372;;KLASS;;A7;sonstige Kraftstoffarten;13;Anzahl;W1;Personenkraftwagen nach Kraftstoffarten
46251;;;;2026-01-01;KREISE;;09372;;;;;;728,2;;PKWEW;Pkw je 1.000 Einwohner, berechnet
46251;;;;2026-01-01;KREISE;;09372;;KLASS;;A1;Benzin;56,0;%;PKWANT;Anteil am Pkw-Bestand, berechnet
46251;;;;2026-01-01;KREISE;;09372;;KLASS;;A2;Diesel;32,8;%;PKWANT;Anteil am Pkw-Bestand, berechnet
46251;;;;2026-01-01;KREISE;;09372;;KLASS;;A3;Gas (einschl. bivalent);0,6;%;PKWANT;Anteil am Pkw-Bestand, berechnet
46251;;;;2026-01-01;KREISE;;09372;;KLASS;;A4;Hybrid;6,9;%;PKWANT;Anteil am Pkw-Bestand, berechnet
46251;;;;2026-01-01;KREISE;;09372;;KLASS;;A5;darunter Plug-In-Hybrid;1,5;%;PKWANT;Anteil am Pkw-Bestand, berechnet
46251;;;;2026-01-01;KREISE;;09372;;KLASS;;A6;Elektro;3,7;%;PKWANT;Anteil am Pkw-Bestand, berechnet
46251;;;;2026-01-01;KREISE;;09372;;KLASS;;A7;sonstige Kraftstoffarten;0,0;%;PKWANT;Anteil am Pkw-Bestand, berechnet
46251;;;;2026-01-01;KREISE;;09373;Neumarkt i.d.OPf., Landkreis;KLASS;;;Insgesamt;94794;Anzahl;W1;Personenkraftwagen nach Kraftstoffarten
46251;;;;2026-01-01;KREISE;;09373;;KLASS;;A1;Benzin;52952;Anzahl;W1;Personenkraftwagen nach Kraftstoffarten
46251;;;;2026-01-01;KREISE;;09373;;KLASS;;A2;Diesel;30796;Anzahl;W1;Personenkraftwagen nach Kraftstoffarten
46251;;;;2026-01-01;KREISE;;09373;;KLASS;;A3;Gas (einschl. bivalent);381;Anzahl;W1;Personenkraftwagen nach Kraftstoffarten
46251;;;;2026-01-01;KREISE;;09373;;KLASS;;A4;Hybrid;6707;Anzahl;W1;Personenkraftwagen nach Kraftstoffarten
46251;;;;2026-01-01;KREISE;;09373;;KLASS;;A5;darunter Plug-In-Hybrid;1626;Anzahl;W1;Personenkraftwagen nach Kraftstoffarten
46251;;;;2026-01-01;KREISE;;09373;;KLASS;;A6;Elektro;3950;Anzahl;W1;Personenkraftwagen nach Kraftstoffarten
46251;;;;2026-01-01;KREISE;;09373;;KLASS;;A7;sonstige Kraftstoffarten;8;Anzahl;W1;Personenkraftwagen nach Kraftstoffarten
46251;;;;2026-01-01;KREISE;;09373;;;;;;682,5;;PKWEW;Pkw je 1.000 Einwohner, berechnet
46251;;;;2026-01-01;KREISE;;09373;;KLASS;;A1;Benzin;55,9;%;PKWANT;Anteil am Pkw-Bestand, berechnet
46251;;;;2026-01-01;KREISE;;09373;;KLASS;;A2;Diesel;32,5;%;PKWANT;Anteil am Pkw-Bestand, berechnet
46251;;;;2026-01-01;KREISE;;09373;;KLASS;;A3;Gas (einschl. bivalent);0,4;%;PKWANT;Anteil am Pkw-Bestand, berechnet
46251;;;;2026-01-01;KREISE;;09373;;KLASS;;A4;Hybrid;7,1;%;PKWANT;Anteil am Pkw-Bestand, berechnet
46251;;;;2026-01-01;KREISE;;09373;;KLASS;;A5;darunter Plug-In-Hybrid;1,7;%;PKWANT;Anteil am Pkw-Bestand, berechnet
46251;;;;2026-01-01;KREISE;;09373;;KLASS;;A6;Elektro;4,2;%;PKWANT;Anteil am Pkw-Bestand, berechnet
46251;;;;2026-01-01;KREISE;;09373;;KLASS;;A7;sonstige Kraftstoffarten;0,0;%;PKWANT;Anteil am Pkw-Bestand, berechnet
46251;;;;2026-01-01;KREISE;;09374;Neustadt a.d.Waldnaab, Landkreis;KLASS;;;Insgesamt;67516;Anzahl;W1;Personenkraftwagen nach Kraftstoffarten
46251;;;;2026-01-01;KREISE;;09374;;KLASS;;A1;Benzin;38996;Anzahl;W1;Personenkraftwagen nach Kraftstoffarten
46251;;;;2026-01-01;KREISE;;09374;;KLASS;;A2;Diesel;21113;Anzahl;W1;Personenkraftwagen nach Kraftstoffarten
46251;;;;2026-01-01;KREISE;;09374;;KLASS;;A3;Gas (einschl. bivalent);295;Anzahl;W1;Personenkraftwagen nach Kraftstoffarten
46251;;;;2026-01-01;KREISE;;09374;;KLASS;;A4;Hybrid;4638;Anzahl;W1;Personenkraftwagen nach Kraftstoffarten
46251;;;;2026-01-01;KREISE;;09374;;KLASS;;A5;darunter Plug-In-Hybrid;1134;Anzahl;W1;Personenkraftwagen nach Kraftstoffarten
46251;;;;2026-01-01;KREISE;;09374;;KLASS;;A6;Elektro;2465;Anzahl;W1;Personenkraftwagen nach Kraftstoffarten
46251;;;;2026-01-01;KREISE;;09374;;KLASS;;A7;sonstige Kraftstoffarten;9;Anzahl;W1;Personenkraftwagen nach Kraftstoffarten
46251;;;;2026-01-01;KREISE;;09374;;;;;;705,8;;PKWEW;Pkw je 1.000 Einwohner, berechnet
46251;;;;2026-01-01;KREISE;;09374;;KLASS;;A1;Benzin;57,8;%;PKWANT;Anteil am Pkw-Bestand, berechnet
46251;;;;2026-01-01;KREISE;;09374;;KLASS;;A2;Diesel;31,3;%;PKWANT;Anteil am Pkw-Bestand, berechnet
46251;;;;2026-01-01;KREISE;;09374;;KLASS;;A3;Gas (einschl. bivalent);0,4;%;PKWANT;Anteil am Pkw-Bestand, berechnet
46251;;;;2026-01-01;KREISE;;09374;;KLASS;;A4;Hybrid;6,9;%;PKWANT;Anteil am Pkw-Bestand, berechnet
46251;;;;2026-01-01;KREISE;;09374;;KLASS;;A5;darunter Plug-In-Hybrid;1,7;%;PKWANT;Anteil am Pkw-Bestand, berechnet
46251;;;;2026-01-01;KREISE;;09374;;KLASS;;A6;Elektro;3,7;%;PKWANT;Anteil am Pkw-Bestand, berechnet
46251;;;;2026-01-01;KREISE;;09374;;KLASS;;A7;sonstige Kraftstoffarten;0,0;%;PKWANT;Anteil am Pkw-Bestand, berechnet
46251;;;;2026-01-01;KREISE;;09375;Regensburg, Landkreis;KLASS;;;Insgesamt;133943;Anzahl;W1;Personenkraftwagen nach Kraftstoffarten
46251;;;;2026-01-01;KREISE;;09375;;KLASS;;A1;Benzin;76543;Anzahl;W1;Personenkraftwagen nach Kraftstoffarten
46251;;;;2026-01-01;KREISE;;09375;;KLASS;;A2;Diesel;39748;Anzahl;W1;Personenkraftwagen nach Kraftstoffarten
46251;;;;2026-01-01;KREISE;;09375;;KLASS;;A3;Gas (einschl. bivalent);777;Anzahl;W1;Personenkraftwagen nach Kraftstoffarten
46251;;;;2026-01-01;KREISE;;09375;;KLASS;;A4;Hybrid;10597;Anzahl;W1;Personenkraftwagen nach Kraftstoffarten
46251;;;;2026-01-01;KREISE;;09375;;KLASS;;A5;darunter Plug-In-Hybrid;2366;Anzahl;W1;Personenkraftwagen nach Kraftstoffarten
46251;;;;2026-01-01;KREISE;;09375;;KLASS;;A6;Elektro;6257;Anzahl;W1;Personenkraftwagen nach Kraftstoffarten
46251;;;;2026-01-01;KREISE;;09375;;KLASS;;A7;sonstige Kraftstoffarten;21;Anzahl;W1;Personenkraftwagen nach Kraftstoffarten
46251;;;;2026-01-01;KREISE;;09375;;;;;;682,0;;PKWEW;Pkw je 1.000 Einwohner, berechnet
46251;;;;2026-01-01;KREISE;;09375;;KLASS;;A1;Benzin;57,1;%;PKWANT;Anteil am Pkw-Bestand, berechnet
46251;;;;2026-01-01;KREISE;;09375;;KLASS;;A2;Diesel;29,7;%;PKWANT;Anteil am Pkw-Bestand, berechnet
46251;;;;2026-01-01;KREISE;;09375;;KLASS;;A3;Gas (einschl. bivalent);0,6;%;PKWANT;Anteil am Pkw-Bestand, berechnet
46251;;;;2026-01-01;KREISE;;09375;;KLASS;;A4;Hybrid;7,9;%;PKWANT;Anteil am Pkw-Bestand, berechnet
46251;;;;2026-01-01;KREISE;;09375;;KLASS;;A5;darunter Plug-In-Hybrid;1,8;%;PKWANT;Anteil am Pkw-Bestand, berechnet
46251;;;;2026-01-01;KREISE;;09375;;KLASS;;A6;Elektro;4,7;%;PKWANT;Anteil am Pkw-Bestand, berechnet
46251;;;;2026-01-01;KREISE;;09375;;KLASS;;A7;sonstige Kraftstoffarten;0,0;%;PKWANT;Anteil am Pkw-Bestand, berechnet
46251;;;;2026-01-01;KREISE;;09376;Schwandorf, Landkreis;KLASS;;;Insgesamt;106044;Anzahl;W1;Personenkraftwagen nach Kraftstoffarten
46251;;;;2026-01-01;KREISE;;09376;;KLASS;;A1;Benzin;58509;Anzahl;W1;Personenkraftwagen nach Kraftstoffarten
46251;;;;2026-01-01;KREISE;;09376;;KLASS;;A2;Diesel;35428;Anzahl;W1;Personenkraftwagen nach Kraftstoffarten
46251;;;;2026-01-01;KREISE;;09376;;KLASS;;A3;Gas (einschl. bivalent);643;Anzahl;W1;Personenkraftwagen nach Kraftstoffarten
46251;;;;2026-01-01;KREISE;;09376;;KLASS;;A4;Hybrid;7576;Anzahl;W1;Personenkraftwagen nach Kraftstoffarten
46251;;;;2026-01-01;KREISE;;09376;;KLASS;;A5;darunter Plug-In-Hybrid;1728;Anzahl;W1;Personenkraftwagen nach Kraftstoffarten
46251;;;;2026-01-01;KREISE;;09376;;KLASS;;A6;Elektro;3881;Anzahl;W1;Personenkraftwagen nach Kraftstoffarten
46251;;;;2026-01-01;KREISE;;09376;;KLASS;;A7;sonstige Kraftstoffarten;7;Anzahl;W1;Personenkraftwagen nach Kraftstoffarten
46251;;;;2026-01-01;KREISE;;09376;;;;;;710,0;;PKWEW;Pkw je 1.000 Einwohner, berechnet
46251;;;;2026-01-01;KREISE;;09376;;KLASS;;A1;Benzin;55,2;%;PKWANT;Anteil am Pkw-Bestand, berechnet
46251;;;;2026-01-01;KREISE;;09376;;KLASS;;A2;Diesel;33,4;%;PKWANT;Anteil am Pkw-Bestand, berechnet
46251;;;;2026-01-01;KREISE;;09376;;KLASS;;A3;Gas (einschl. bivalent);0,6;%;PKWANT;Anteil am Pkw-Bestand, berechnet
46251;;;;2026-01-01;KREISE;;09376;;KLASS;;A4;Hybrid;7,1;%;PKWANT;Anteil am Pkw-Bestand, berechnet
46251;;;;2026-01-01;KREISE;;09376;;KLASS;;A5;darunter Plug-In-Hybrid;1,6;%;PKWANT;Anteil am Pkw-Bestand, berechnet
46251;;;;2026-01-01;KREISE;;09376;;KLASS;;A6;Elektro;3,7;%;PKWANT;Anteil am Pkw-Bestand, berechnet
46251;;;;2026-01-01;KREISE;;09376;;KLASS;;A7;sonstige Kraftstoffarten;0,0;%;PKWANT;Anteil am Pkw-Bestand, berechnet
46251;;;;2026-01-01;KREISE;;09377;Tirschenreuth, Landkreis;KLASS;;;Insgesamt;49924;Anzahl;W1;Personenkraftwagen nach Kraftstoffarten
46251;;;;2026-01-01;KREISE;;09377;;KLASS;;A1;Benzin;29565;Anzahl;W1;Personenkraftwagen nach Kraftstoffarten
46251;;;;2026-01-01;KREISE;;09377;;KLASS;;A2;Diesel;15053;Anzahl;W1;Personenkraftwagen nach Kraftstoffarten
46251;;;;2026-01-01;KREISE;;09377;;KLASS;;A3;Gas (einschl. bivalent);199;Anzahl;W1;Personenkraftwagen nach Kraftstoffarten
46251;;;;2026-01-01;KREISE;;09377;;KLASS;;A4;Hybrid;3546;Anzahl;W1;Personenkraftwagen nach Kraftstoffarten
46251;;;;2026-01-01;KREISE;;09377;;KLASS;;A5;darunter Plug-In-Hybrid;842;Anzahl;W1;Personenkraftwagen nach Kraftstoffarten
46251;;;;2026-01-01;KREISE;;09377;;KLASS;;A6;Elektro;1555;Anzahl;W1;Personenkraftwagen nach Kraftstoffarten
46251;;;;2026-01-01;KREISE;;09377;;KLASS;;A7;sonstige Kraftstoffarten;6;Anzahl;W1;Personenkraftwagen nach Kraftstoffarten
46251;;;;2026-01-01;KREISE;;09377;;;;;;695,6;;PKWEW;Pkw je 1.000 Einwohner, berechnet
46251;;;;2026-01-01;KREISE;;09377;;KLASS;;A1;Benzin;59,2;%;PKWANT;Anteil am Pkw-Bestand, berechnet
46251;;;;2026-01-01;KREISE;;09377;;KLASS;;A2;Diesel;30,2;%;PKWANT;Anteil am Pkw-Bestand, berechnet
46251;;;;2026-01-01;KREISE;;09377;;KLASS;;A3;Gas (einschl. bivalent);0,4;%;PKWANT;Anteil am Pkw-Bestand, berechnet
46251;;;;2026-01-01;KREISE;;09377;;KLASS;;A4;Hybrid;7,1;%;PKWANT;Anteil am Pkw-Bestand, berechnet
46251;;;;2026-01-01;KREISE;;09377;;KLASS;;A5;darunter Plug-In-Hybrid;1,7;%;PKWANT;Anteil am Pkw-Bestand, berechnet
46251;;;;2026-01-01;KREISE;;09377;;KLASS;;A6;Elektro;3,1;%;PKWANT;Anteil am Pkw-Bestand, berechnet
46251;;;;2026-01-01;KREISE;;09377;;KLASS;;A7;sonstige Kraftstoffarten;0,0;%;PKWANT;Anteil am Pkw-Bestand, berechnet
46251;;;;2026-01-01;KREISE;;09461;Bamberg, kreisfreie Stadt;KLASS;;;Insgesamt;41353;Anzahl;W1;Personenkraftwagen nach Kraftstoffarten
46251;;;;2026-01-01;KREISE;;09461;;KLASS;;A1;Benzin;24037;Anzahl;W1;Personenkraftwagen nach Kraftstoffarten
46251;;;;2026-01-01;KREISE;;09461;;KLASS;;A2;Diesel;11665;Anzahl;W1;Personenkraftwagen nach Kraftstoffarten
46251;;;;2026-01-01;KREISE;;09461;;KLASS;;A3;Gas (einschl. bivalent);313;Anzahl;W1;Personenkraftwagen nach Kraftstoffarten
46251;;;;2026-01-01;KREISE;;09461;;KLASS;;A4;Hybrid;3554;Anzahl;W1;Personenkraftwagen nach Kraftstoffarten
46251;;;;2026-01-01;KREISE;;09461;;KLASS;;A5;darunter Plug-In-Hybrid;792;Anzahl;W1;Personenkraftwagen nach Kraftstoffarten
46251;;;;2026-01-01;KREISE;;09461;;KLASS;;A6;Elektro;1771;Anzahl;W1;Personenkraftwagen nach Kraftstoffarten
46251;;;;2026-01-01;KREISE;;09461;;KLASS;;A7;sonstige Kraftstoffarten;13;Anzahl;W1;Personenkraftwagen nach Kraftstoffarten
46251;;;;2026-01-01;KREISE;;09461;;;;;;535,5;;PKWEW;Pkw je 1.000 Einwohner, berechnet
46251;;;;2026-01-01;KREISE;;09461;;KLASS;;A1;Benzin;58,1;%;PKWANT;Anteil am Pkw-Bestand, berechnet
46251;;;;2026-01-01;KREISE;;09461;;KLASS;;A2;Diesel;28,2;%;PKWANT;Anteil am Pkw-Bestand, berechnet
46251;;;;2026-01-01;KREISE;;09461;;KLASS;;A3;Gas (einschl. bivalent);0,8;%;PKWANT;Anteil am Pkw-Bestand, berechnet
46251;;;;2026-01-01;KREISE;;09461;;KLASS;;A4;Hybrid;8,6;%;PKWANT;Anteil am Pkw-Bestand, berechnet
46251;;;;2026-01-01;KREISE;;09461;;KLASS;;A5;darunter Plug-In-Hybrid;1,9;%;PKWANT;Anteil am Pkw-Bestand, berechnet
46251;;;;2026-01-01;KREISE;;09461;;KLASS;;A6;Elektro;4,3;%;PKWANT;Anteil am Pkw-Bestand, berechnet
46251;;;;2026-01-01;KREISE;;09461;;KLASS;;A7;sonstige Kraftstoffarten;0,0;%;PKWANT;Anteil am Pkw-Bestand, berechnet
46251;;;;2026-01-01;KREISE;;09462;Bayreuth, kreisfreie Stadt;KLASS;;;Insgesamt;41412;Anzahl;W1;Personenkraftwagen nach Kraftstoffarten
46251;;;;2026-01-01;KREISE;;09462;;KLASS;;A1;Benzin;23675;Anzahl;W1;Personenkraftwagen nach Kraftstoffarten
46251;;;;2026-01-01;KREISE;;09462;;KLASS;;A2;Diesel;10733;Anzahl;W1;Personenkraftwagen nach Kraftstoffarten
46251;;;;2026-01-01;KREISE;;09462;;KLASS;;A3;Gas (einschl. bivalent);165;Anzahl;W1;Personenkraftwagen nach Kraftstoffarten
46251;;;;2026-01-01;KREISE;;09462;;KLASS;;A4;Hybrid;4731;Anzahl;W1;Personenkraftwagen nach Kraftstoffarten
46251;;;;2026-01-01;KREISE;;09462;;KLASS;;A5;darunter Plug-In-Hybrid;1492;Anzahl;W1;Personenkraftwagen nach Kraftstoffarten
46251;;;;2026-01-01;KREISE;;09462;;KLASS;;A6;Elektro;2103;Anzahl;W1;Personenkraftwagen nach Kraftstoffarten
46251;;;;2026-01-01;KREISE;;09462;;KLASS;;A7;sonstige Kraftstoffarten;5;Anzahl;W1;Personenkraftwagen nach Kraftstoffarten
46251;;;;2026-01-01;KREISE;;09462;;;;;;567,9;;PKWEW;Pkw je 1.000 Einwohner, berechnet
46251;;;;2026-01-01;KREISE;;09462;;KLASS;;A1;Benzin;57,2;%;PKWANT;Anteil am Pkw-Bestand, berechnet
46251;;;;2026-01-01;KREISE;;09462;;KLASS;;A2;Diesel;25,9;%;PKWANT;Anteil am Pkw-Bestand, berechnet
46251;;;;2026-01-01;KREISE;;09462;;KLASS;;A3;Gas (einschl. bivalent);0,4;%;PKWANT;Anteil am Pkw-Bestand, berechnet
46251;;;;2026-01-01;KREISE;;09462;;KLASS;;A4;Hybrid;11,4;%;PKWANT;Anteil am Pkw-Bestand, berechnet
46251;;;;2026-01-01;KREISE;;09462;;KLASS;;A5;darunter Plug-In-Hybrid;3,6;%;PKWANT;Anteil am Pkw-Bestand, berechnet
46251;;;;2026-01-01;KREISE;;09462;;KLASS;;A6;Elektro;5,1;%;PKWANT;Anteil am Pkw-Bestand, berechnet
46251;;;;2026-01-01;KREISE;;09462;;KLASS;;A7;sonstige Kraftstoffarten;0,0;%;PKWANT;Anteil am Pkw-Bestand, berechnet
46251;;;;2026-01-01;KREISE;;09463;Coburg, kreisfreie Stadt;KLASS;;;Insgesamt;25348;Anzahl;W1;Personenkraftwagen nach Kraftstoffarten
46251;;;;2026-01-01;KREISE;;09463;;KLASS;;A1;Benzin;15167;Anzahl;W1;Personenkraftwagen nach Kraftstoffarten
46251;;;;2026-01-01;KREISE;;09463;;KLASS;;A2;Diesel;6601;Anzahl;W1;Personenkraftwagen nach Kraftstoffarten
46251;;;;2026-01-01;KREISE;;09463;;KLASS;;A3;Gas (einschl. bivalent);127;Anzahl;W1;Personenkraftwagen nach Kraftstoffarten
46251;;;;2026-01-01;KREISE;;09463;;KLASS;;A4;Hybrid;2341;Anzahl;W1;Personenkraftwagen nach Kraftstoffarten
46251;;;;2026-01-01;KREISE;;09463;;KLASS;;A5;darunter Plug-In-Hybrid;514;Anzahl;W1;Personenkraftwagen nach Kraftstoffarten
46251;;;;2026-01-01;KREISE;;09463;;KLASS;;A6;Elektro;1107;Anzahl;W1;Personenkraftwagen nach Kraftstoffarten
46251;;;;2026-01-01;KREISE;;09463;;KLASS;;A7;sonstige Kraftstoffarten;5;Anzahl;W1;Personenkraftwagen nach Kraftstoffarten
46251;;;;2026-01-01;KREISE;;09463;;;;;;618,7;;PKWEW;Pkw je 1.000 Einwohner, berechnet
46251;;;;2026-01-01;KREISE;;09463;;KLASS;;A1;Benzin;59,8;%;PKWANT;Anteil am Pkw-Bestand, berechnet
46251;;;;2026-01-01;KREISE;;09463;;KLASS;;A2;Diesel;26,0;%;PKWANT;Anteil am Pkw-Bestand, berechnet
46251;;;;2026-01-01;KREISE;;09463;;KLASS;;A3;Gas (einschl. bivalent);0,5;%;PKWANT;Anteil am Pkw-Bestand, berechnet
46251;;;;2026-01-01;KREISE;;09463;;KLASS;;A4;Hybrid;9,2;%;PKWANT;Anteil am Pkw-Bestand, berechnet
46251;;;;2026-01-01;KREISE;;09463;;KLASS;;A5;darunter Plug-In-Hybrid;2,0;%;PKWANT;Anteil am Pkw-Bestand, berechnet
46251;;;;2026-01-01;KREISE;;09463;;KLASS;;A6;Elektro;4,4;%;PKWANT;Anteil am Pkw-Bestand, berechnet
46251;;;;2026-01-01;KREISE;;09463;;KLASS;;A7;sonstige Kraftstoffarten;0,0;%;PKWANT;Anteil am Pkw-Bestand, berechnet
46251;;;;2026-01-01;KREISE;;09464;Hof, kreisfreie Stadt;KLASS;;;Insgesamt;25983;Anzahl;W1;Personenkraftwagen nach Kraftstoffarten
46251;;;;2026-01-01;KREISE;;09464;;KLASS;;A1;Benzin;16669;Anzahl;W1;Personenkraftwagen nach Kraftstoffarten
46251;;;;2026-01-01;KREISE;;09464;;KLASS;;A2;Diesel;5819;Anzahl;W1;Personenkraftwagen nach Kraftstoffarten
46251;;;;2026-01-01;KREISE;;09464;;KLASS;;A3;Gas (einschl. bivalent);140;Anzahl;W1;Personenkraftwagen nach Kraftstoffarten
46251;;;;2026-01-01;KREISE;;09464;;KLASS;;A4;Hybrid;2573;Anzahl;W1;Personenkraftwagen nach Kraftstoffarten
46251;;;;2026-01-01;KREISE;;09464;;KLASS;;A5;darunter Plug-In-Hybrid;590;Anzahl;W1;Personenkraftwagen nach Kraftstoffarten
46251;;;;2026-01-01;KREISE;;09464;;KLASS;;A6;Elektro;777;Anzahl;W1;Personenkraftwagen nach Kraftstoffarten
46251;;;;2026-01-01;KREISE;;09464;;KLASS;;A7;sonstige Kraftstoffarten;5;Anzahl;W1;Personenkraftwagen nach Kraftstoffarten
46251;;;;2026-01-01;KREISE;;09464;;;;;;557,3;;PKWEW;Pkw je 1.000 Einwohner, berechnet
46251;;;;2026-01-01;KREISE;;09464;;KLASS;;A1;Benzin;64,2;%;PKWANT;Anteil am Pkw-Bestand, berechnet
46251;;;;2026-01-01;KREISE;;09464;;KLASS;;A2;Diesel;22,4;%;PKWANT;Anteil am Pkw-Bestand, berechnet
46251;;;;2026-01-01;KREISE;;09464;;KLASS;;A3;Gas (einschl. bivalent);0,5;%;PKWANT;Anteil am Pkw-Bestand, berechnet
46251;;;;2026-01-01;KREISE;;09464;;KLASS;;A4;Hybrid;9,9;%;PKWANT;Anteil am Pkw-Bestand, berechnet
46251;;;;2026-01-01;KREISE;;09464;;KLASS;;A5;darunter Plug-In-Hybrid;2,3;%;PKWANT;Anteil am Pkw-Bestand, berechnet
46251;;;;2026-01-01;KREISE;;09464;;KLASS;;A6;Elektro;3,0;%;PKWANT;Anteil am Pkw-Bestand, berechnet
46251;;;;2026-01-01;KREISE;;09464;;KLASS;;A7;sonstige Kraftstoffarten;0,0;%;PKWANT;Anteil am Pkw-Bestand, berechnet
46251;;;;2026-01-01;KREISE;;09471;Bamberg, Landkreis;KLASS;;;Insgesamt;105060;Anzahl;W1;Personenkraftwagen nach Kraftstoffarten
46251;;;;2026-01-01;KREISE;;09471;;KLASS;;A1;Benzin;61592;Anzahl;W1;Personenkraftwagen nach Kraftstoffarten
46251;;;;2026-01-01;KREISE;;09471;;KLASS;;A2;Diesel;32761;Anzahl;W1;Personenkraftwagen nach Kraftstoffarten
46251;;;;2026-01-01;KREISE;;09471;;KLASS;;A3;Gas (einschl. bivalent);529;Anzahl;W1;Personenkraftwagen nach Kraftstoffarten
46251;;;;2026-01-01;KREISE;;09471;;KLASS;;A4;Hybrid;6209;Anzahl;W1;Personenkraftwagen nach Kraftstoffarten
46251;;;;2026-01-01;KREISE;;09471;;KLASS;;A5;darunter Plug-In-Hybrid;1487;Anzahl;W1;Personenkraftwagen nach Kraftstoffarten
46251;;;;2026-01-01;KREISE;;09471;;KLASS;;A6;Elektro;3953;Anzahl;W1;Personenkraftwagen nach Kraftstoffarten
46251;;;;2026-01-01;KREISE;;09471;;KLASS;;A7;sonstige Kraftstoffarten;16;Anzahl;W1;Personenkraftwagen nach Kraftstoffarten
46251;;;;2026-01-01;KREISE;;09471;;;;;;713,1;;PKWEW;Pkw je 1.000 Einwohner, berechnet
46251;;;;2026-01-01;KREISE;;09471;;KLASS;;A1;Benzin;58,6;%;PKWANT;Anteil am Pkw-Bestand, berechnet
46251;;;;2026-01-01;KREISE;;09471;;KLASS;;A2;Diesel;31,2;%;PKWANT;Anteil am Pkw-Bestand, berechnet
46251;;;;2026-01-01;KREISE;;09471;;KLASS;;A3;Gas (einschl. bivalent);0,5;%;PKWANT;Anteil am Pkw-Bestand, berechnet
46251;;;;2026-01-01;KREISE;;09471;;KLASS;;A4;Hybrid;5,9;%;PKWANT;Anteil am Pkw-Bestand, berechnet
46251;;;;2026-01-01;KREISE;;09471;;KLASS;;A5;darunter Plug-In-Hybrid;1,4;%;PKWANT;Anteil am Pkw-Bestand, berechnet
46251;;;;2026-01-01;KREISE;;09471;;KLASS;;A6;Elektro;3,8;%;PKWANT;Anteil am Pkw-Bestand, berechnet
46251;;;;2026-01-01;KREISE;;09471;;KLASS;;A7;sonstige Kraftstoffarten;0,0;%;PKWANT;Anteil am Pkw-Bestand, berechnet
46251;;;;2026-01-01;KREISE;;09472;Bayreuth, Landkreis;KLASS;;;Insgesamt;73436;Anzahl;W1;Personenkraftwagen nach Kraftstoffarten
46251;;;;2026-01-01;KREISE;;09472;;KLASS;;A1;Benzin;43777;Anzahl;W1;Personenkraftwagen nach Kraftstoffarten
46251;;;;2026-01-01;KREISE;;09472;;KLASS;;A2;Diesel;21521;Anzahl;W1;Personenkraftwagen nach Kraftstoffarten
46251;;;;2026-01-01;KREISE;;09472;;KLASS;;A3;Gas (einschl. bivalent);358;Anzahl;W1;Personenkraftwagen nach Kraftstoffarten
46251;;;;2026-01-01;KREISE;;09472;;KLASS;;A4;Hybrid;5093;Anzahl;W1;Personenkraftwagen nach Kraftstoffarten
46251;;;;2026-01-01;KREISE;;09472;;KLASS;;A5;darunter Plug-In-Hybrid;1124;Anzahl;W1;Personenkraftwagen nach Kraftstoffarten
46251;;;;2026-01-01;KREISE;;09472;;KLASS;;A6;Elektro;2675;Anzahl;W1;Personenkraftwagen nach Kraftstoffarten
46251;;;;2026-01-01;KREISE;;09472;;KLASS;;A7;sonstige Kraftstoffarten;12;Anzahl;W1;Personenkraftwagen nach Kraftstoffarten
46251;;;;2026-01-01;KREISE;;09472;;;;;;714,7;;PKWEW;Pkw je 1.000 Einwohner, berechnet
46251;;;;2026-01-01;KREISE;;09472;;KLASS;;A1;Benzin;59,6;%;PKWANT;Anteil am Pkw-Bestand, berechnet
46251;;;;2026-01-01;KREISE;;09472;;KLASS;;A2;Diesel;29,3;%;PKWANT;Anteil am Pkw-Bestand, berechnet
46251;;;;2026-01-01;KREISE;;09472;;KLASS;;A3;Gas (einschl. bivalent);0,5;%;PKWANT;Anteil am Pkw-Bestand, berechnet
46251;;;;2026-01-01;KREISE;;09472;;KLASS;;A4;Hybrid;6,9;%;PKWANT;Anteil am Pkw-Bestand, berechnet
46251;;;;2026-01-01;KREISE;;09472;;KLASS;;A5;darunter Plug-In-Hybrid;1,5;%;PKWANT;Anteil am Pkw-Bestand, berechnet
46251;;;;2026-01-01;KREISE;;09472;;KLASS;;A6;Elektro;3,6;%;PKWANT;Anteil am Pkw-Bestand, berechnet
46251;;;;2026-01-01;KREISE;;09472;;KLASS;;A7;sonstige Kraftstoffarten;0,0;%;PKWANT;Anteil am Pkw-Bestand, berechnet
46251;;;;2026-01-01;KREISE;;09473;Coburg, Landkreis;KLASS;;;Insgesamt;60230;Anzahl;W1;Personenkraftwagen nach Kraftstoffarten
46251;;;;2026-01-01;KREISE;;09473;;KLASS;;A1;Benzin;37903;Anzahl;W1;Personenkraftwagen nach Kraftstoffarten
46251;;;;2026-01-01;KREISE;;09473;;KLASS;;A2;Diesel;15506;Anzahl;W1;Personenkraftwagen nach Kraftstoffarten
46251;;;;2026-01-01;KREISE;;09473;;KLASS;;A3;Gas (einschl. bivalent);382;Anzahl;W1;Personenkraftwagen nach Kraftstoffarten
46251;;;;2026-01-01;KREISE;;09473;;KLASS;;A4;Hybrid;4201;Anzahl;W1;Personenkraftwagen nach Kraftstoffarten
46251;;;;2026-01-01;KREISE;;09473;;KLASS;;A5;darunter Plug-In-Hybrid;1003;Anzahl;W1;Personenkraftwagen nach Kraftstoffarten
46251;;;;2026-01-01;KREISE;;09473;;KLASS;;A6;Elektro;2232;Anzahl;W1;Personenkraftwagen nach Kraftstoffarten
46251;;;;2026-01-01;KREISE;;09473;;KLASS;;A7;sonstige Kraftstoffarten;6;Anzahl;W1;Personenkraftwagen nach Kraftstoffarten
46251;;;;2026-01-01;KREISE;;09473;;;;;;719,7;;PKWEW;Pkw je 1.000 Einwohner, berechnet
46251;;;;2026-01-01;KREISE;;09473;;KLASS;;A1;Benzin;62,9;%;PKWANT;Anteil am Pkw-Bestand, berechnet
46251;;;;2026-01-01;KREISE;;09473;;KLASS;;A2;Diesel;25,7;%;PKWANT;Anteil am Pkw-Bestand, berechnet
46251;;;;2026-01-01;KREISE;;09473;;KLASS;;A3;Gas (einschl. bivalent);0,6;%;PKWANT;Anteil am Pkw-Bestand, berechnet
46251;;;;2026-01-01;KREISE;;09473;;KLASS;;A4;Hybrid;7,0;%;PKWANT;Anteil am Pkw-Bestand, berechnet
46251;;;;2026-01-01;KREISE;;09473;;KLASS;;A5;darunter Plug-In-Hybrid;1,7;%;PKWANT;Anteil am Pkw-Bestand, berechnet
46251;;;;2026-01-01;KREISE;;09473;;KLASS;;A6;Elektro;3,7;%;PKWANT;Anteil am Pkw-Bestand, berechnet
46251;;;;2026-01-01;KREISE;;09473;;KLASS;;A7;sonstige Kraftstoffarten;0,0;%;PKWANT;Anteil am Pkw-Bestand, berechnet
46251;;;;2026-01-01;KREISE;;09474;Forchheim, Landkreis;KLASS;;;Insgesamt;80100;Anzahl;W1;Personenkraftwagen nach Kraftstoffarten
46251;;;;2026-01-01;KREISE;;09474;;KLASS;;A1;Benzin;48057;Anzahl;W1;Personenkraftwagen nach Kraftstoffarten
46251;;;;2026-01-01;KREISE;;09474;;KLASS;;A2;Diesel;23037;Anzahl;W1;Personenkraftwagen nach Kraftstoffarten
46251;;;;2026-01-01;KREISE;;09474;;KLASS;;A3;Gas (einschl. bivalent);328;Anzahl;W1;Personenkraftwagen nach Kraftstoffarten
46251;;;;2026-01-01;KREISE;;09474;;KLASS;;A4;Hybrid;5292;Anzahl;W1;Personenkraftwagen nach Kraftstoffarten
46251;;;;2026-01-01;KREISE;;09474;;KLASS;;A5;darunter Plug-In-Hybrid;1319;Anzahl;W1;Personenkraftwagen nach Kraftstoffarten
46251;;;;2026-01-01;KREISE;;09474;;KLASS;;A6;Elektro;3374;Anzahl;W1;Personenkraftwagen nach Kraftstoffarten
46251;;;;2026-01-01;KREISE;;09474;;KLASS;;A7;sonstige Kraftstoffarten;12;Anzahl;W1;Personenkraftwagen nach Kraftstoffarten
46251;;;;2026-01-01;KREISE;;09474;;;;;;687,0;;PKWEW;Pkw je 1.000 Einwohner, berechnet
46251;;;;2026-01-01;KREISE;;09474;;KLASS;;A1;Benzin;60,0;%;PKWANT;Anteil am Pkw-Bestand, berechnet
46251;;;;2026-01-01;KREISE;;09474;;KLASS;;A2;Diesel;28,8;%;PKWANT;Anteil am Pkw-Bestand, berechnet
46251;;;;2026-01-01;KREISE;;09474;;KLASS;;A3;Gas (einschl. bivalent);0,4;%;PKWANT;Anteil am Pkw-Bestand, berechnet
46251;;;;2026-01-01;KREISE;;09474;;KLASS;;A4;Hybrid;6,6;%;PKWANT;Anteil am Pkw-Bestand, berechnet
46251;;;;2026-01-01;KREISE;;09474;;KLASS;;A5;darunter Plug-In-Hybrid;1,6;%;PKWANT;Anteil am Pkw-Bestand, berechnet
46251;;;;2026-01-01;KREISE;;09474;;KLASS;;A6;Elektro;4,2;%;PKWANT;Anteil am Pkw-Bestand, berechnet
46251;;;;2026-01-01;KREISE;;09474;;KLASS;;A7;sonstige Kraftstoffarten;0,0;%;PKWANT;Anteil am Pkw-Bestand, berechnet
46251;;;;2026-01-01;KREISE;;09475;Hof, Landkreis;KLASS;;;Insgesamt;64839;Anzahl;W1;Personenkraftwagen nach Kraftstoffarten
46251;;;;2026-01-01;KREISE;;09475;;KLASS;;A1;Benzin;40458;Anzahl;W1;Personenkraftwagen nach Kraftstoffarten
46251;;;;2026-01-01;KREISE;;09475;;KLASS;;A2;Diesel;16530;Anzahl;W1;Personenkraftwagen nach Kraftstoffarten
46251;;;;2026-01-01;KREISE;;09475;;KLASS;;A3;Gas (einschl. bivalent);411;Anzahl;W1;Personenkraftwagen nach Kraftstoffarten
46251;;;;2026-01-01;KREISE;;09475;;KLASS;;A4;Hybrid;5422;Anzahl;W1;Personenkraftwagen nach Kraftstoffarten
46251;;;;2026-01-01;KREISE;;09475;;KLASS;;A5;darunter Plug-In-Hybrid;1263;Anzahl;W1;Personenkraftwagen nach Kraftstoffarten
46251;;;;2026-01-01;KREISE;;09475;;KLASS;;A6;Elektro;2011;Anzahl;W1;Personenkraftwagen nach Kraftstoffarten
46251;;;;2026-01-01;KREISE;;09475;;KLASS;;A7;sonstige Kraftstoffarten;7;Anzahl;W1;Personenkraftwagen nach Kraftstoffarten
46251;;;;2026-01-01;KREISE;;09475;;;;;;708,0;;PKWEW;Pkw je 1.000 Einwohner, berechnet
46251;;;;2026-01-01;KREISE;;09475;;KLASS;;A1;Benzin;62,4;%;PKWANT;Anteil am Pkw-Bestand, berechnet
46251;;;;2026-01-01;KREISE;;09475;;KLASS;;A2;Diesel;25,5;%;PKWANT;Anteil am Pkw-Bestand, berechnet
46251;;;;2026-01-01;KREISE;;09475;;KLASS;;A3;Gas (einschl. bivalent);0,6;%;PKWANT;Anteil am Pkw-Bestand, berechnet
46251;;;;2026-01-01;KREISE;;09475;;KLASS;;A4;Hybrid;8,4;%;PKWANT;Anteil am Pkw-Bestand, berechnet
46251;;;;2026-01-01;KREISE;;09475;;KLASS;;A5;darunter Plug-In-Hybrid;1,9;%;PKWANT;Anteil am Pkw-Bestand, berechnet
46251;;;;2026-01-01;KREISE;;09475;;KLASS;;A6;Elektro;3,1;%;PKWANT;Anteil am Pkw-Bestand, berechnet
46251;;;;2026-01-01;KREISE;;09475;;KLASS;;A7;sonstige Kraftstoffarten;0,0;%;PKWANT;Anteil am Pkw-Bestand, berechnet
46251;;;;2026-01-01;KREISE;;09476;Kronach, Landkreis;KLASS;;;Insgesamt;46141;Anzahl;W1;Personenkraftwagen nach Kraftstoffarten
46251;;;;2026-01-01;KREISE;;09476;;KLASS;;A1;Benzin;29011;Anzahl;W1;Personenkraftwagen nach Kraftstoffarten
46251;;;;2026-01-01;KREISE;;09476;;KLASS;;A2;Diesel;12180;Anzahl;W1;Personenkraftwagen nach Kraftstoffarten
46251;;;;2026-01-01;KREISE;;09476;;KLASS;;A3;Gas (einschl. bivalent);212;Anzahl;W1;Personenkraftwagen nach Kraftstoffarten
46251;;;;2026-01-01;KREISE;;09476;;KLASS;;A4;Hybrid;3368;Anzahl;W1;Personenkraftwagen nach Kraftstoffarten
46251;;;;2026-01-01;KREISE;;09476;;KLASS;;A5;darunter Plug-In-Hybrid;705;Anzahl;W1;Personenkraftwagen nach Kraftstoffarten
46251;;;;2026-01-01;KREISE;;09476;;KLASS;;A6;Elektro;1361;Anzahl;W1;Personenkraftwagen nach Kraftstoffarten
46251;;;;2026-01-01;KREISE;;09476;;KLASS;;A7;sonstige Kraftstoffarten;9;Anzahl;W1;Personenkraftwagen nach Kraftstoffarten
46251;;;;2026-01-01;KREISE;;09476;;;;;;723,1;;PKWEW;Pkw je 1.000 Einwohner, berechnet
46251;;;;2026-01-01;KREISE;;09476;;KLASS;;A1;Benzin;62,9;%;PKWANT;Anteil am Pkw-Bestand, berechnet
46251;;;;2026-01-01;KREISE;;09476;;KLASS;;A2;Diesel;26,4;%;PKWANT;Anteil am Pkw-Bestand, berechnet
46251;;;;2026-01-01;KREISE;;09476;;KLASS;;A3;Gas (einschl. bivalent);0,5;%;PKWANT;Anteil am Pkw-Bestand, berechnet
46251;;;;2026-01-01;KREISE;;09476;;KLASS;;A4;Hybrid;7,3;%;PKWANT;Anteil am Pkw-Bestand, berechnet
46251;;;;2026-01-01;KREISE;;09476;;KLASS;;A5;darunter Plug-In-Hybrid;1,5;%;PKWANT;Anteil am Pkw-Bestand, berechnet
46251;;;;2026-01-01;KREISE;;09476;;KLASS;;A6;Elektro;2,9;%;PKWANT;Anteil am Pkw-Bestand, berechnet
46251;;;;2026-01-01;KREISE;;09476;;KLASS;;A7;sonstige Kraftstoffarten;0,0;%;PKWANT;Anteil am Pkw-Bestand, berechnet
46251;;;;2026-01-01;KREISE;;09477;Kulmbach, Landkreis;KLASS;;;Insgesamt;51077;Anzahl;W1;Personenkraftwagen nach Kraftstoffarten
46251;;;;2026-01-01;KREISE;;09477;;KLASS;;A1;Benzin;30565;Anzahl;W1;Personenkraftwagen nach Kraftstoffarten
46251;;;;2026-01-01;KREISE;;09477;;KLASS;;A2;Diesel;14335;Anzahl;W1;Personenkraftwagen nach Kraftstoffarten
46251;;;;2026-01-01;KREISE;;09477;;KLASS;;A3;Gas (einschl. bivalent);281;Anzahl;W1;Personenkraftwagen nach Kraftstoffarten
46251;;;;2026-01-01;KREISE;;09477;;KLASS;;A4;Hybrid;4071;Anzahl;W1;Personenkraftwagen nach Kraftstoffarten
46251;;;;2026-01-01;KREISE;;09477;;KLASS;;A5;darunter Plug-In-Hybrid;848;Anzahl;W1;Personenkraftwagen nach Kraftstoffarten
46251;;;;2026-01-01;KREISE;;09477;;KLASS;;A6;Elektro;1813;Anzahl;W1;Personenkraftwagen nach Kraftstoffarten
46251;;;;2026-01-01;KREISE;;09477;;KLASS;;A7;sonstige Kraftstoffarten;12;Anzahl;W1;Personenkraftwagen nach Kraftstoffarten
46251;;;;2026-01-01;KREISE;;09477;;;;;;719,4;;PKWEW;Pkw je 1.000 Einwohner, berechnet
46251;;;;2026-01-01;KREISE;;09477;;KLASS;;A1;Benzin;59,8;%;PKWANT;Anteil am Pkw-Bestand, berechnet
46251;;;;2026-01-01;KREISE;;09477;;KLASS;;A2;Diesel;28,1;%;PKWANT;Anteil am Pkw-Bestand, berechnet
46251;;;;2026-01-01;KREISE;;09477;;KLASS;;A3;Gas (einschl. bivalent);0,6;%;PKWANT;Anteil am Pkw-Bestand, berechnet
46251;;;;2026-01-01;KREISE;;09477;;KLASS;;A4;Hybrid;8,0;%;PKWANT;Anteil am Pkw-Bestand, berechnet
46251;;;;2026-01-01;KREISE;;09477;;KLASS;;A5;darunter Plug-In-Hybrid;1,7;%;PKWANT;Anteil am Pkw-Bestand, berechnet
46251;;;;2026-01-01;KREISE;;09477;;KLASS;;A6;Elektro;3,5;%;PKWANT;Anteil am Pkw-Bestand, berechnet
46251;;;;2026-01-01;KREISE;;09477;;KLASS;;A7;sonstige Kraftstoffarten;0,0;%;PKWANT;Anteil am Pkw-Bestand, berechnet
46251;;;;2026-01-01;KREISE;;09478;Lichtenfels, Landkreis;KLASS;;;Insgesamt;45992;Anzahl;W1;Personenkraftwagen nach Kraftstoffarten
46251;;;;2026-01-01;KREISE;;09478;;KLASS;;A1;Benzin;28017;Anzahl;W1;Personenkraftwagen nach Kraftstoffarten
46251;;;;2026-01-01;KREISE;;09478;;KLASS;;A2;Diesel;13358;Anzahl;W1;Personenkraftwagen nach Kraftstoffarten
46251;;;;2026-01-01;KREISE;;09478;;KLASS;;A3;Gas (einschl. bivalent);244;Anzahl;W1;Personenkraftwagen nach Kraftstoffarten
46251;;;;2026-01-01;KREISE;;09478;;KLASS;;A4;Hybrid;2983;Anzahl;W1;Personenkraftwagen nach Kraftstoffarten
46251;;;;2026-01-01;KREISE;;09478;;KLASS;;A5;darunter Plug-In-Hybrid;626;Anzahl;W1;Personenkraftwagen nach Kraftstoffarten
46251;;;;2026-01-01;KREISE;;09478;;KLASS;;A6;Elektro;1381;Anzahl;W1;Personenkraftwagen nach Kraftstoffarten
46251;;;;2026-01-01;KREISE;;09478;;KLASS;;A7;sonstige Kraftstoffarten;9;Anzahl;W1;Personenkraftwagen nach Kraftstoffarten
46251;;;;2026-01-01;KREISE;;09478;;;;;;685,3;;PKWEW;Pkw je 1.000 Einwohner, berechnet
46251;;;;2026-01-01;KREISE;;09478;;KLASS;;A1;Benzin;60,9;%;PKWANT;Anteil am Pkw-Bestand, berechnet
46251;;;;2026-01-01;KREISE;;09478;;KLASS;;A2;Diesel;29,0;%;PKWANT;Anteil am Pkw-Bestand, berechnet
46251;;;;2026-01-01;KREISE;;09478;;KLASS;;A3;Gas (einschl. bivalent);0,5;%;PKWANT;Anteil am Pkw-Bestand, berechnet
46251;;;;2026-01-01;KREISE;;09478;;KLASS;;A4;Hybrid;6,5;%;PKWANT;Anteil am Pkw-Bestand, berechnet
46251;;;;2026-01-01;KREISE;;09478;;KLASS;;A5;darunter Plug-In-Hybrid;1,4;%;PKWANT;Anteil am Pkw-Bestand, berechnet
46251;;;;2026-01-01;KREISE;;09478;;KLASS;;A6;Elektro;3,0;%;PKWANT;Anteil am Pkw-Bestand, berechnet
46251;;;;2026-01-01;KREISE;;09478;;KLASS;;A7;sonstige Kraftstoffarten;0,0;%;PKWANT;Anteil am Pkw-Bestand, berechnet
46251;;;;2026-01-01;KREISE;;09479;Wunsiedel i.Fichtelgebirge, Landkreis;KLASS;;;Insgesamt;47761;Anzahl;W1;Personenkraftwagen nach Kraftstoffarten
46251;;;;2026-01-01;KREISE;;09479;;KLASS;;A1;Benzin;29625;Anzahl;W1;Personenkraftwagen nach Kraftstoffarten
46251;;;;2026-01-01;KREISE;;09479;;KLASS;;A2;Diesel;12304;Anzahl;W1;Personenkraftwagen nach Kraftstoffarten
46251;;;;2026-01-01;KREISE;;09479;;KLASS;;A3;Gas (einschl. bivalent);247;Anzahl;W1;Personenkraftwagen nach Kraftstoffarten
46251;;;;2026-01-01;KREISE;;09479;;KLASS;;A4;Hybrid;4093;Anzahl;W1;Personenkraftwagen nach Kraftstoffarten
46251;;;;2026-01-01;KREISE;;09479;;KLASS;;A5;darunter Plug-In-Hybrid;884;Anzahl;W1;Personenkraftwagen nach Kraftstoffarten
46251;;;;2026-01-01;KREISE;;09479;;KLASS;;A6;Elektro;1484;Anzahl;W1;Personenkraftwagen nach Kraftstoffarten
46251;;;;2026-01-01;KREISE;;09479;;KLASS;;A7;sonstige Kraftstoffarten;8;Anzahl;W1;Personenkraftwagen nach Kraftstoffarten
46251;;;;2026-01-01;KREISE;;09479;;;;;;682,4;;PKWEW;Pkw je 1.000 Einwohner, berechnet
46251;;;;2026-01-01;KREISE;;09479;;KLASS;;A1;Benzin;62,0;%;PKWANT;Anteil am Pkw-Bestand, berechnet
46251;;;;2026-01-01;KREISE;;09479;;KLASS;;A2;Diesel;25,8;%;PKWANT;Anteil am Pkw-Bestand, berechnet
46251;;;;2026-01-01;KREISE;;09479;;KLASS;;A3;Gas (einschl. bivalent);0,5;%;PKWANT;Anteil am Pkw-Bestand, berechnet
46251;;;;2026-01-01;KREISE;;09479;;KLASS;;A4;Hybrid;8,6;%;PKWANT;Anteil am Pkw-Bestand, berechnet
46251;;;;2026-01-01;KREISE;;09479;;KLASS;;A5;darunter Plug-In-Hybrid;1,9;%;PKWANT;Anteil am Pkw-Bestand, berechnet
46251;;;;2026-01-01;KREISE;;09479;;KLASS;;A6;Elektro;3,1;%;PKWANT;Anteil am Pkw-Bestand, berechnet
46251;;;;2026-01-01;KREISE;;09479;;KLASS;;A7;sonstige Kraftstoffarten;0,0;%;PKWANT;Anteil am Pkw-Bestand, berechnet
46251;;;;2026-01-01;KREISE;;09561;Ansbach, kreisfreie Stadt;KLASS;;;Insgesamt;25987;Anzahl;W1;Personenkraftwagen nach Kraftstoffarten
46251;;;;2026-01-01;KREISE;;09561;;KLASS;;A1;Benzin;14885;Anzahl;W1;Personenkraftwagen nach Kraftstoffarten
46251;;;;2026-01-01;KREISE;;09561;;KLASS;;A2;Diesel;7271;Anzahl;W1;Personenkraftwagen nach Kraftstoffarten
46251;;;;2026-01-01;KREISE;;09561;;KLASS;;A3;Gas (einschl. bivalent);174;Anzahl;W1;Personenkraftwagen nach Kraftstoffarten
46251;;;;2026-01-01;KREISE;;09561;;KLASS;;A4;Hybrid;2597;Anzahl;W1;Personenkraftwagen nach Kraftstoffarten
46251;;;;2026-01-01;KREISE;;09561;;KLASS;;A5;darunter Plug-In-Hybrid;571;Anzahl;W1;Personenkraftwagen nach Kraftstoffarten
46251;;;;2026-01-01;KREISE;;09561;;KLASS;;A6;Elektro;1057;Anzahl;W1;Personenkraftwagen nach Kraftstoffarten
46251;;;;2026-01-01;KREISE;;09561;;KLASS;;A7;sonstige Kraftstoffarten;3;Anzahl;W1;Personenkraftwagen nach Kraftstoffarten
46251;;;;2026-01-01;KREISE;;09561;;;;;;640,8;;PKWEW;Pkw je 1.000 Einwohner, berechnet
46251;;;;2026-01-01;KREISE;;09561;;KLASS;;A1;Benzin;57,3;%;PKWANT;Anteil am Pkw-Bestand, berechnet
46251;;;;2026-01-01;KREISE;;09561;;KLASS;;A2;Diesel;28,0;%;PKWANT;Anteil am Pkw-Bestand, berechnet
46251;;;;2026-01-01;KREISE;;09561;;KLASS;;A3;Gas (einschl. bivalent);0,7;%;PKWANT;Anteil am Pkw-Bestand, berechnet
46251;;;;2026-01-01;KREISE;;09561;;KLASS;;A4;Hybrid;10,0;%;PKWANT;Anteil am Pkw-Bestand, berechnet
46251;;;;2026-01-01;KREISE;;09561;;KLASS;;A5;darunter Plug-In-Hybrid;2,2;%;PKWANT;Anteil am Pkw-Bestand, berechnet
46251;;;;2026-01-01;KREISE;;09561;;KLASS;;A6;Elektro;4,1;%;PKWANT;Anteil am Pkw-Bestand, berechnet
46251;;;;2026-01-01;KREISE;;09561;;KLASS;;A7;sonstige Kraftstoffarten;0,0;%;PKWANT;Anteil am Pkw-Bestand, berechnet
46251;;;;2026-01-01;KREISE;;09562;Erlangen, kreisfreie Stadt;KLASS;;;Insgesamt;56360;Anzahl;W1;Personenkraftwagen nach Kraftstoffarten
46251;;;;2026-01-01;KREISE;;09562;;KLASS;;A1;Benzin;33057;Anzahl;W1;Personenkraftwagen nach Kraftstoffarten
46251;;;;2026-01-01;KREISE;;09562;;KLASS;;A2;Diesel;15300;Anzahl;W1;Personenkraftwagen nach Kraftstoffarten
46251;;;;2026-01-01;KREISE;;09562;;KLASS;;A3;Gas (einschl. bivalent);296;Anzahl;W1;Personenkraftwagen nach Kraftstoffarten
46251;;;;2026-01-01;KREISE;;09562;;KLASS;;A4;Hybrid;5019;Anzahl;W1;Personenkraftwagen nach Kraftstoffarten
46251;;;;2026-01-01;KREISE;;09562;;KLASS;;A5;darunter Plug-In-Hybrid;1404;Anzahl;W1;Personenkraftwagen nach Kraftstoffarten
46251;;;;2026-01-01;KREISE;;09562;;KLASS;;A6;Elektro;2670;Anzahl;W1;Personenkraftwagen nach Kraftstoffarten
46251;;;;2026-01-01;KREISE;;09562;;KLASS;;A7;sonstige Kraftstoffarten;18;Anzahl;W1;Personenkraftwagen nach Kraftstoffarten
46251;;;;2026-01-01;KREISE;;09562;;;;;;484,0;;PKWEW;Pkw je 1.000 Einwohner, berechnet
46251;;;;2026-01-01;KREISE;;09562;;KLASS;;A1;Benzin;58,7;%;PKWANT;Anteil am Pkw-Bestand, berechnet
46251;;;;2026-01-01;KREISE;;09562;;KLASS;;A2;Diesel;27,1;%;PKWANT;Anteil am Pkw-Bestand, berechnet
46251;;;;2026-01-01;KREISE;;09562;;KLASS;;A3;Gas (einschl. bivalent);0,5;%;PKWANT;Anteil am Pkw-Bestand, berechnet
46251;;;;2026-01-01;KREISE;;09562;;KLASS;;A4;Hybrid;8,9;%;PKWANT;Anteil am Pkw-Bestand, berechnet
46251;;;;2026-01-01;KREISE;;09562;;KLASS;;A5;darunter Plug-In-Hybrid;2,5;%;PKWANT;Anteil am Pkw-Bestand, berechnet
46251;;;;2026-01-01;KREISE;;09562;;KLASS;;A6;Elektro;4,7;%;PKWANT;Anteil am Pkw-Bestand, berechnet
46251;;;;2026-01-01;KREISE;;09562;;KLASS;;A7;sonstige Kraftstoffarten;0,0;%;PKWANT;Anteil am Pkw-Bestand, berechnet
46251;;;;2026-01-01;KREISE;;09563;Fürth, kreisfreie Stadt;KLASS;;;Insgesamt;65070;Anzahl;W1;Personenkraftwagen nach Kraftstoffarten
46251;;;;2026-01-01;KREISE;;09563;;KLASS;;A1;Benzin;39213;Anzahl;W1;Personenkraftwagen nach Kraftstoffarten
46251;;;;2026-01-01;KREISE;;09563;;KLASS;;A2;Diesel;16925;Anzahl;W1;Personenkraftwagen nach Kraftstoffarten
46251;;;;2026-01-01;KREISE;;09563;;KLASS;;A3;Gas (einschl. bivalent);312;Anzahl;W1;Personenkraftwagen nach Kraftstoffarten
46251;;;;2026-01-01;KREISE;;09563;;KLASS;;A4;Hybrid;6036;Anzahl;W1;Personenkraftwagen nach Kraftstoffarten
46251;;;;2026-01-01;KREISE;;09563;;KLASS;;A5;darunter Plug-In-Hybrid;1404;Anzahl;W1;Personenkraftwagen nach Kraftstoffarten
46251;;;;2026-01-01;KREISE;;09563;;KLASS;;A6;Elektro;2575;Anzahl;W1;Personenkraftwagen nach Kraftstoffarten
46251;;;;2026-01-01;KREISE;;09563;;KLASS;;A7;sonstige Kraftstoffarten;9;Anzahl;W1;Personenkraftwagen nach Kraftstoffarten
46251;;;;2026-01-01;KREISE;;09563;;;;;;495,4;;PKWEW;Pkw je 1.000 Einwohner, berechnet
46251;;;;2026-01-01;KREISE;;09563;;KLASS;;A1;Benzin;60,3;%;PKWANT;Anteil am Pkw-Bestand, berechnet
46251;;;;2026-01-01;KREISE;;09563;;KLASS;;A2;Diesel;26,0;%;PKWANT;Anteil am Pkw-Bestand, berechnet
46251;;;;2026-01-01;KREISE;;09563;;KLASS;;A3;Gas (einschl. bivalent);0,5;%;PKWANT;Anteil am Pkw-Bestand, berechnet
46251;;;;2026-01-01;KREISE;;09563;;KLASS;;A4;Hybrid;9,3;%;PKWANT;Anteil am Pkw-Bestand, berechnet
46251;;;;2026-01-01;KREISE;;09563;;KLASS;;A5;darunter Plug-In-Hybrid;2,2;%;PKWANT;Anteil am Pkw-Bestand, berechnet
46251;;;;2026-01-01;KREISE;;09563;;KLASS;;A6;Elektro;4,0;%;PKWANT;Anteil am Pkw-Bestand, berechnet
46251;;;;2026-01-01;KREISE;;09563;;KLASS;;A7;sonstige Kraftstoffarten;0,0;%;PKWANT;Anteil am Pkw-Bestand, berechnet
46251;;;;2026-01-01;KREISE;;09564;Nürnberg, kreisfreie Stadt;KLASS;;;Insgesamt;248462;Anzahl;W1;Personenkraftwagen nach Kraftstoffarten
46251;;;;2026-01-01;KREISE;;09564;;KLASS;;A1;Benzin;142828;Anzahl;W1;Personenkraftwagen nach Kraftstoffarten
46251;;;;2026-01-01;KREISE;;09564;;KLASS;;A2;Diesel;67630;Anzahl;W1;Personenkraftwagen nach Kraftstoffarten
46251;;;;2026-01-01;KREISE;;09564;;KLASS;;A3;Gas (einschl. bivalent);1147;Anzahl;W1;Personenkraftwagen nach Kraftstoffarten
46251;;;;2026-01-01;KREISE;;09564;;KLASS;;A4;Hybrid;25992;Anzahl;W1;Personenkraftwagen nach Kraftstoffarten
46251;;;;2026-01-01;KREISE;;09564;;KLASS;;A5;darunter Plug-In-Hybrid;6140;Anzahl;W1;Personenkraftwagen nach Kraftstoffarten
46251;;;;2026-01-01;KREISE;;09564;;KLASS;;A6;Elektro;10826;Anzahl;W1;Personenkraftwagen nach Kraftstoffarten
46251;;;;2026-01-01;KREISE;;09564;;KLASS;;A7;sonstige Kraftstoffarten;39;Anzahl;W1;Personenkraftwagen nach Kraftstoffarten
46251;;;;2026-01-01;KREISE;;09564;;;;;;467,8;;PKWEW;Pkw je 1.000 Einwohner, berechnet
46251;;;;2026-01-01;KREISE;;09564;;KLASS;;A1;Benzin;57,5;%;PKWANT;Anteil am Pkw-Bestand, berechnet
46251;;;;2026-01-01;KREISE;;09564;;KLASS;;A2;Diesel;27,2;%;PKWANT;Anteil am Pkw-Bestand, berechnet
46251;;;;2026-01-01;KREISE;;09564;;KLASS;;A3;Gas (einschl. bivalent);0,5;%;PKWANT;Anteil am Pkw-Bestand, berechnet
46251;;;;2026-01-01;KREISE;;09564;;KLASS;;A4;Hybrid;10,5;%;PKWANT;Anteil am Pkw-Bestand, berechnet
46251;;;;2026-01-01;KREISE;;09564;;KLASS;;A5;darunter Plug-In-Hybrid;2,5;%;PKWANT;Anteil am Pkw-Bestand, berechnet
46251;;;;2026-01-01;KREISE;;09564;;KLASS;;A6;Elektro;4,4;%;PKWANT;Anteil am Pkw-Bestand, berechnet
46251;;;;2026-01-01;KREISE;;09564;;KLASS;;A7;sonstige Kraftstoffarten;0,0;%;PKWANT;Anteil am Pkw-Bestand, berechnet
46251;;;;2026-01-01;KREISE;;09565;Schwabach, kreisfreie Stadt;KLASS;;;Insgesamt;26301;Anzahl;W1;Personenkraftwagen nach Kraftstoffarten
46251;;;;2026-01-01;KREISE;;09565;;KLASS;;A1;Benzin;15953;Anzahl;W1;Personenkraftwagen nach Kraftstoffarten
46251;;;;2026-01-01;KREISE;;09565;;KLASS;;A2;Diesel;6572;Anzahl;W1;Personenkraftwagen nach Kraftstoffarten
46251;;;;2026-01-01;KREISE;;09565;;KLASS;;A3;Gas (einschl. bivalent);98;Anzahl;W1;Personenkraftwagen nach Kraftstoffarten
46251;;;;2026-01-01;KREISE;;09565;;KLASS;;A4;Hybrid;2652;Anzahl;W1;Personenkraftwagen nach Kraftstoffarten
46251;;;;2026-01-01;KREISE;;09565;;KLASS;;A5;darunter Plug-In-Hybrid;641;Anzahl;W1;Personenkraftwagen nach Kraftstoffarten
46251;;;;2026-01-01;KREISE;;09565;;KLASS;;A6;Elektro;1023;Anzahl;W1;Personenkraftwagen nach Kraftstoffarten
46251;;;;2026-01-01;KREISE;;09565;;KLASS;;A7;sonstige Kraftstoffarten;3;Anzahl;W1;Personenkraftwagen nach Kraftstoffarten
46251;;;;2026-01-01;KREISE;;09565;;;;;;646,2;;PKWEW;Pkw je 1.000 Einwohner, berechnet
46251;;;;2026-01-01;KREISE;;09565;;KLASS;;A1;Benzin;60,7;%;PKWANT;Anteil am Pkw-Bestand, berechnet
46251;;;;2026-01-01;KREISE;;09565;;KLASS;;A2;Diesel;25,0;%;PKWANT;Anteil am Pkw-Bestand, berechnet
46251;;;;2026-01-01;KREISE;;09565;;KLASS;;A3;Gas (einschl. bivalent);0,4;%;PKWANT;Anteil am Pkw-Bestand, berechnet
46251;;;;2026-01-01;KREISE;;09565;;KLASS;;A4;Hybrid;10,1;%;PKWANT;Anteil am Pkw-Bestand, berechnet
46251;;;;2026-01-01;KREISE;;09565;;KLASS;;A5;darunter Plug-In-Hybrid;2,4;%;PKWANT;Anteil am Pkw-Bestand, berechnet
46251;;;;2026-01-01;KREISE;;09565;;KLASS;;A6;Elektro;3,9;%;PKWANT;Anteil am Pkw-Bestand, berechnet
46251;;;;2026-01-01;KREISE;;09565;;KLASS;;A7;sonstige Kraftstoffarten;0,0;%;PKWANT;Anteil am Pkw-Bestand, berechnet
46251;;;;2026-01-01;KREISE;;09571;Ansbach, Landkreis;KLASS;;;Insgesamt;131527;Anzahl;W1;Personenkraftwagen nach Kraftstoffarten
46251;;;;2026-01-01;KREISE;;09571;;KLASS;;A1;Benzin;74703;Anzahl;W1;Personenkraftwagen nach Kraftstoffarten
46251;;;;2026-01-01;KREISE;;09571;;KLASS;;A2;Diesel;42778;Anzahl;W1;Personenkraftwagen nach Kraftstoffarten
46251;;;;2026-01-01;KREISE;;09571;;KLASS;;A3;Gas (einschl. bivalent);795;Anzahl;W1;Personenkraftwagen nach Kraftstoffarten
46251;;;;2026-01-01;KREISE;;09571;;KLASS;;A4;Hybrid;7919;Anzahl;W1;Personenkraftwagen nach Kraftstoffarten
46251;;;;2026-01-01;KREISE;;09571;;KLASS;;A5;darunter Plug-In-Hybrid;2134;Anzahl;W1;Personenkraftwagen nach Kraftstoffarten
46251;;;;2026-01-01;KREISE;;09571;;KLASS;;A6;Elektro;5308;Anzahl;W1;Personenkraftwagen nach Kraftstoffarten
46251;;;;2026-01-01;KREISE;;09571;;KLASS;;A7;sonstige Kraftstoffarten;24;Anzahl;W1;Personenkraftwagen nach Kraftstoffarten
46251;;;;2026-01-01;KREISE;;09571;;;;;;701,5;;PKWEW;Pkw je 1.000 Einwohner, berechnet
46251;;;;2026-01-01;KREISE;;09571;;KLASS;;A1;Benzin;56,8;%;PKWANT;Anteil am Pkw-Bestand, berechnet
46251;;;;2026-01-01;KREISE;;09571;;KLASS;;A2;Diesel;32,5;%;PKWANT;Anteil am Pkw-Bestand, berechnet
46251;;;;2026-01-01;KREISE;;09571;;KLASS;;A3;Gas (einschl. bivalent);0,6;%;PKWANT;Anteil am Pkw-Bestand, berechnet
46251;;;;2026-01-01;KREISE;;09571;;KLASS;;A4;Hybrid;6,0;%;PKWANT;Anteil am Pkw-Bestand, berechnet
46251;;;;2026-01-01;KREISE;;09571;;KLASS;;A5;darunter Plug-In-Hybrid;1,6;%;PKWANT;Anteil am Pkw-Bestand, berechnet
46251;;;;2026-01-01;KREISE;;09571;;KLASS;;A6;Elektro;4,0;%;PKWANT;Anteil am Pkw-Bestand, berechnet
46251;;;;2026-01-01;KREISE;;09571;;KLASS;;A7;sonstige Kraftstoffarten;0,0;%;PKWANT;Anteil am Pkw-Bestand, berechnet
46251;;;;2026-01-01;KREISE;;09572;Erlangen-Höchstadt, Landkreis;KLASS;;;Insgesamt;95766;Anzahl;W1;Personenkraftwagen nach Kraftstoffarten
46251;;;;2026-01-01;KREISE;;09572;;KLASS;;A1;Benzin;55025;Anzahl;W1;Personenkraftwagen nach Kraftstoffarten
46251;;;;2026-01-01;KREISE;;09572;;KLASS;;A2;Diesel;26350;Anzahl;W1;Personenkraftwagen nach Kraftstoffarten
46251;;;;2026-01-01;KREISE;;09572;;KLASS;;A3;Gas (einschl. bivalent);401;Anzahl;W1;Personenkraftwagen nach Kraftstoffarten
46251;;;;2026-01-01;KREISE;;09572;;KLASS;;A4;Hybrid;7916;Anzahl;W1;Personenkraftwagen nach Kraftstoffarten
46251;;;;2026-01-01;KREISE;;09572;;KLASS;;A5;darunter Plug-In-Hybrid;2560;Anzahl;W1;Personenkraftwagen nach Kraftstoffarten
46251;;;;2026-01-01;KREISE;;09572;;KLASS;;A6;Elektro;6053;Anzahl;W1;Personenkraftwagen nach Kraftstoffarten
46251;;;;2026-01-01;KREISE;;09572;;KLASS;;A7;sonstige Kraftstoffarten;21;Anzahl;W1;Personenkraftwagen nach Kraftstoffarten
46251;;;;2026-01-01;KREISE;;09572;;;;;;692,1;;PKWEW;Pkw je 1.000 Einwohner, berechnet
46251;;;;2026-01-01;KREISE;;09572;;KLASS;;A1;Benzin;57,5;%;PKWANT;Anteil am Pkw-Bestand, berechnet
46251;;;;2026-01-01;KREISE;;09572;;KLASS;;A2;Diesel;27,5;%;PKWANT;Anteil am Pkw-Bestand, berechnet
46251;;;;2026-01-01;KREISE;;09572;;KLASS;;A3;Gas (einschl. bivalent);0,4;%;PKWANT;Anteil am Pkw-Bestand, berechnet
46251;;;;2026-01-01;KREISE;;09572;;KLASS;;A4;Hybrid;8,3;%;PKWANT;Anteil am Pkw-Bestand, berechnet
46251;;;;2026-01-01;KREISE;;09572;;KLASS;;A5;darunter Plug-In-Hybrid;2,7;%;PKWANT;Anteil am Pkw-Bestand, berechnet
46251;;;;2026-01-01;KREISE;;09572;;KLASS;;A6;Elektro;6,3;%;PKWANT;Anteil am Pkw-Bestand, berechnet
46251;;;;2026-01-01;KREISE;;09572;;KLASS;;A7;sonstige Kraftstoffarten;0,0;%;PKWANT;Anteil am Pkw-Bestand, berechnet
46251;;;;2026-01-01;KREISE;;09573;Fürth, Landkreis;KLASS;;;Insgesamt;79024;Anzahl;W1;Personenkraftwagen nach Kraftstoffarten
46251;;;;2026-01-01;KREISE;;09573;;KLASS;;A1;Benzin;49332;Anzahl;W1;Personenkraftwagen nach Kraftstoffarten
46251;;;;2026-01-01;KREISE;;09573;;KLASS;;A2;Diesel;19687;Anzahl;W1;Personenkraftwagen nach Kraftstoffarten
46251;;;;2026-01-01;KREISE;;09573;;KLASS;;A3;Gas (einschl. bivalent);312;Anzahl;W1;Personenkraftwagen nach Kraftstoffarten
46251;;;;2026-01-01;KREISE;;09573;;KLASS;;A4;Hybrid;6181;Anzahl;W1;Personenkraftwagen nach Kraftstoffarten
46251;;;;2026-01-01;KREISE;;09573;;KLASS;;A5;darunter Plug-In-Hybrid;1493;Anzahl;W1;Personenkraftwagen nach Kraftstoffarten
46251;;;;2026-01-01;KREISE;;09573;;KLASS;;A6;Elektro;3499;Anzahl;W1;Personenkraftwagen nach Kraftstoffarten
46251;;;;2026-01-01;KREISE;;09573;;KLASS;;A7;sonstige Kraftstoffarten;13;Anzahl;W1;Personenkraftwagen nach Kraftstoffarten
46251;;;;2026-01-01;KREISE;;09573;;;;;;670,9;;PKWEW;Pkw je 1.000 Einwohner, berechnet
46251;;;;2026-01-01;KREISE;;09573;;KLASS;;A1;Benzin;62,4;%;PKWANT;Anteil am Pkw-Bestand, berechnet
46251;;;;2026-01-01;KREISE;;09573;;KLASS;;A2;Diesel;24,9;%;PKWANT;Anteil am Pkw-Bestand, berechnet
46251;;;;2026-01-01;KREISE;;09573;;KLASS;;A3;Gas (einschl. bivalent);0,4;%;PKWANT;Anteil am Pkw-Bestand, berechnet
46251;;;;2026-01-01;KREISE;;09573;;KLASS;;A4;Hybrid;7,8;%;PKWANT;Anteil am Pkw-Bestand, berechnet
46251;;;;2026-01-01;KREISE;;09573;;KLASS;;A5;darunter Plug-In-Hybrid;1,9;%;PKWANT;Anteil am Pkw-Bestand, berechnet
46251;;;;2026-01-01;KREISE;;09573;;KLASS;;A6;Elektro;4,4;%;PKWANT;Anteil am Pkw-Bestand, berechnet
46251;;;;2026-01-01;KREISE;;09573;;KLASS;;A7;sonstige Kraftstoffarten;0,0;%;PKWANT;Anteil am Pkw-Bestand, berechnet
46251;;;;2026-01-01;KREISE;;09574;Nürnberger Land, Landkreis;KLASS;;;Insgesamt;113998;Anzahl;W1;Personenkraftwagen nach Kraftstoffarten
46251;;;;2026-01-01;KREISE;;09574;;KLASS;;A1;Benzin;68084;Anzahl;W1;Personenkraftwagen nach Kraftstoffarten
46251;;;;2026-01-01;KREISE;;09574;;KLASS;;A2;Diesel;30732;Anzahl;W1;Personenkraftwagen nach Kraftstoffarten
46251;;;;2026-01-01;KREISE;;09574;;KLASS;;A3;Gas (einschl. bivalent);457;Anzahl;W1;Personenkraftwagen nach Kraftstoffarten
46251;;;;2026-01-01;KREISE;;09574;;KLASS;;A4;Hybrid;9389;Anzahl;W1;Personenkraftwagen nach Kraftstoffarten
46251;;;;2026-01-01;KREISE;;09574;;KLASS;;A5;darunter Plug-In-Hybrid;2217;Anzahl;W1;Personenkraftwagen nach Kraftstoffarten
46251;;;;2026-01-01;KREISE;;09574;;KLASS;;A6;Elektro;5324;Anzahl;W1;Personenkraftwagen nach Kraftstoffarten
46251;;;;2026-01-01;KREISE;;09574;;KLASS;;A7;sonstige Kraftstoffarten;12;Anzahl;W1;Personenkraftwagen nach Kraftstoffarten
46251;;;;2026-01-01;KREISE;;09574;;;;;;677,4;;PKWEW;Pkw je 1.000 Einwohner, berechnet
46251;;;;2026-01-01;KREISE;;09574;;KLASS;;A1;Benzin;59,7;%;PKWANT;Anteil am Pkw-Bestand, berechnet
46251;;;;2026-01-01;KREISE;;09574;;KLASS;;A2;Diesel;27,0;%;PKWANT;Anteil am Pkw-Bestand, berechnet
46251;;;;2026-01-01;KREISE;;09574;;KLASS;;A3;Gas (einschl. bivalent);0,4;%;PKWANT;Anteil am Pkw-Bestand, berechnet
46251;;;;2026-01-01;KREISE;;09574;;KLASS;;A4;Hybrid;8,2;%;PKWANT;Anteil am Pkw-Bestand, berechnet
46251;;;;2026-01-01;KREISE;;09574;;KLASS;;A5;darunter Plug-In-Hybrid;1,9;%;PKWANT;Anteil am Pkw-Bestand, berechnet
46251;;;;2026-01-01;KREISE;;09574;;KLASS;;A6;Elektro;4,7;%;PKWANT;Anteil am Pkw-Bestand, berechnet
46251;;;;2026-01-01;KREISE;;09574;;KLASS;;A7;sonstige Kraftstoffarten;0,0;%;PKWANT;Anteil am Pkw-Bestand, berechnet
46251;;;;2026-01-01;KREISE;;09575;Neustadt a.d.Aisch-Bad Windsheim, Landkreis;KLASS;;;Insgesamt;70882;Anzahl;W1;Personenkraftwagen nach Kraftstoffarten
46251;;;;2026-01-01;KREISE;;09575;;KLASS;;A1;Benzin;39221;Anzahl;W1;Personenkraftwagen nach Kraftstoffarten
46251;;;;2026-01-01;KREISE;;09575;;KLASS;;A2;Diesel;23874;Anzahl;W1;Personenkraftwagen nach Kraftstoffarten
46251;;;;2026-01-01;KREISE;;09575;;KLASS;;A3;Gas (einschl. bivalent);380;Anzahl;W1;Personenkraftwagen nach Kraftstoffarten
46251;;;;2026-01-01;KREISE;;09575;;KLASS;;A4;Hybrid;4206;Anzahl;W1;Personenkraftwagen nach Kraftstoffarten
46251;;;;2026-01-01;KREISE;;09575;;KLASS;;A5;darunter Plug-In-Hybrid;1187;Anzahl;W1;Personenkraftwagen nach Kraftstoffarten
46251;;;;2026-01-01;KREISE;;09575;;KLASS;;A6;Elektro;3185;Anzahl;W1;Personenkraftwagen nach Kraftstoffarten
46251;;;;2026-01-01;KREISE;;09575;;KLASS;;A7;sonstige Kraftstoffarten;16;Anzahl;W1;Personenkraftwagen nach Kraftstoffarten
46251;;;;2026-01-01;KREISE;;09575;;;;;;703,4;;PKWEW;Pkw je 1.000 Einwohner, berechnet
46251;;;;2026-01-01;KREISE;;09575;;KLASS;;A1;Benzin;55,3;%;PKWANT;Anteil am Pkw-Bestand, berechnet
46251;;;;2026-01-01;KREISE;;09575;;KLASS;;A2;Diesel;33,7;%;PKWANT;Anteil am Pkw-Bestand, berechnet
46251;;;;2026-01-01;KREISE;;09575;;KLASS;;A3;Gas (einschl. bivalent);0,5;%;PKWANT;Anteil am Pkw-Bestand, berechnet
46251;;;;2026-01-01;KREISE;;09575;;KLASS;;A4;Hybrid;5,9;%;PKWANT;Anteil am Pkw-Bestand, berechnet
46251;;;;2026-01-01;KREISE;;09575;;KLASS;;A5;darunter Plug-In-Hybrid;1,7;%;PKWANT;Anteil am Pkw-Bestand, berechnet
46251;;;;2026-01-01;KREISE;;09575;;KLASS;;A6;Elektro;4,5;%;PKWANT;Anteil am Pkw-Bestand, berechnet
46251;;;;2026-01-01;KREISE;;09575;;KLASS;;A7;sonstige Kraftstoffarten;0,0;%;PKWANT;Anteil am Pkw-Bestand, berechnet
46251;;;;2026-01-01;KREISE;;09576;Roth, Landkreis;KLASS;;;Insgesamt;90146;Anzahl;W1;Personenkraftwagen nach Kraftstoffarten
46251;;;;2026-01-01;KREISE;;09576;;KLASS;;A1;Benzin;51620;Anzahl;W1;Personenkraftwagen nach Kraftstoffarten
46251;;;;2026-01-01;KREISE;;09576;;KLASS;;A2;Diesel;27577;Anzahl;W1;Personenkraftwagen nach Kraftstoffarten
46251;;;;2026-01-01;KREISE;;09576;;KLASS;;A3;Gas (einschl. bivalent);332;Anzahl;W1;Personenkraftwagen nach Kraftstoffarten
46251;;;;2026-01-01;KREISE;;09576;;KLASS;;A4;Hybrid;6896;Anzahl;W1;Personenkraftwagen nach Kraftstoffarten
46251;;;;2026-01-01;KREISE;;09576;;KLASS;;A5;darunter Plug-In-Hybrid;1766;Anzahl;W1;Personenkraftwagen nach Kraftstoffarten
46251;;;;2026-01-01;KREISE;;09576;;KLASS;;A6;Elektro;3710;Anzahl;W1;Personenkraftwagen nach Kraftstoffarten
46251;;;;2026-01-01;KREISE;;09576;;KLASS;;A7;sonstige Kraftstoffarten;11;Anzahl;W1;Personenkraftwagen nach Kraftstoffarten
46251;;;;2026-01-01;KREISE;;09576;;;;;;703,1;;PKWEW;Pkw je 1.000 Einwohner, berechnet
46251;;;;2026-01-01;KREISE;;09576;;KLASS;;A1;Benzin;57,3;%;PKWANT;Anteil am Pkw-Bestand, berechnet
46251;;;;2026-01-01;KREISE;;09576;;KLASS;;A2;Diesel;30,6;%;PKWANT;Anteil am Pkw-Bestand, berechnet
46251;;;;2026-01-01;KREISE;;09576;;KLASS;;A3;Gas (einschl. bivalent);0,4;%;PKWANT;Anteil am Pkw-Bestand, berechnet
46251;;;;2026-01-01;KREISE;;09576;;KLASS;;A4;Hybrid;7,6;%;PKWANT;Anteil am Pkw-Bestand, berechnet
46251;;;;2026-01-01;KREISE;;09576;;KLASS;;A5;darunter Plug-In-Hybrid;2,0;%;PKWANT;Anteil am Pkw-Bestand, berechnet
46251;;;;2026-01-01;KREISE;;09576;;KLASS;;A6;Elektro;4,1;%;PKWANT;Anteil am Pkw-Bestand, berechnet
46251;;;;2026-01-01;KREISE;;09576;;KLASS;;A7;sonstige Kraftstoffarten;0,0;%;PKWANT;Anteil am Pkw-Bestand, berechnet
46251;;;;2026-01-01;KREISE;;09577;Weißenburg-Gunzenhausen, Landkreis;KLASS;;;Insgesamt;65210;Anzahl;W1;Personenkraftwagen nach Kraftstoffarten
46251;;;;2026-01-01;KREISE;;09577;;KLASS;;A1;Benzin;37243;Anzahl;W1;Personenkraftwagen nach Kraftstoffarten
46251;;;;2026-01-01;KREISE;;09577;;KLASS;;A2;Diesel;21030;Anzahl;W1;Personenkraftwagen nach Kraftstoffarten
46251;;;;2026-01-01;KREISE;;09577;;KLASS;;A3;Gas (einschl. bivalent);372;Anzahl;W1;Personenkraftwagen nach Kraftstoffarten
46251;;;;2026-01-01;KREISE;;09577;;KLASS;;A4;Hybrid;4013;Anzahl;W1;Personenkraftwagen nach Kraftstoffarten
46251;;;;2026-01-01;KREISE;;09577;;KLASS;;A5;darunter Plug-In-Hybrid;1027;Anzahl;W1;Personenkraftwagen nach Kraftstoffarten
46251;;;;2026-01-01;KREISE;;09577;;KLASS;;A6;Elektro;2541;Anzahl;W1;Personenkraftwagen nach Kraftstoffarten
46251;;;;2026-01-01;KREISE;;09577;;KLASS;;A7;sonstige Kraftstoffarten;11;Anzahl;W1;Personenkraftwagen nach Kraftstoffarten
46251;;;;2026-01-01;KREISE;;09577;;;;;;690,7;;PKWEW;Pkw je 1.000 Einwohner, berechnet
46251;;;;2026-01-01;KREISE;;09577;;KLASS;;A1;Benzin;57,1;%;PKWANT;Anteil am Pkw-Bestand, berechnet
46251;;;;2026-01-01;KREISE;;09577;;KLASS;;A2;Diesel;32,2;%;PKWANT;Anteil am Pkw-Bestand, berechnet
46251;;;;2026-01-01;KREISE;;09577;;KLASS;;A3;Gas (einschl. bivalent);0,6;%;PKWANT;Anteil am Pkw-Bestand, berechnet
46251;;;;2026-01-01;KREISE;;09577;;KLASS;;A4;Hybrid;6,2;%;PKWANT;Anteil am Pkw-Bestand, berechnet
46251;;;;2026-01-01;KREISE;;09577;;KLASS;;A5;darunter Plug-In-Hybrid;1,6;%;PKWANT;Anteil am Pkw-Bestand, berechnet
46251;;;;2026-01-01;KREISE;;09577;;KLASS;;A6;Elektro;3,9;%;PKWANT;Anteil am Pkw-Bestand, berechnet
46251;;;;2026-01-01;KREISE;;09577;;KLASS;;A7;sonstige Kraftstoffarten;0,0;%;PKWANT;Anteil am Pkw-Bestand, berechnet
46251;;;;2026-01-01;KREISE;;09661;Aschaffenburg, kreisfreie Stadt;KLASS;;;Insgesamt;44447;Anzahl;W1;Personenkraftwagen nach Kraftstoffarten
46251;;;;2026-01-01;KREISE;;09661;;KLASS;;A1;Benzin;25979;Anzahl;W1;Personenkraftwagen nach Kraftstoffarten
46251;;;;2026-01-01;KREISE;;09661;;KLASS;;A2;Diesel;11258;Anzahl;W1;Personenkraftwagen nach Kraftstoffarten
46251;;;;2026-01-01;KREISE;;09661;;KLASS;;A3;Gas (einschl. bivalent);325;Anzahl;W1;Personenkraftwagen nach Kraftstoffarten
46251;;;;2026-01-01;KREISE;;09661;;KLASS;;A4;Hybrid;4370;Anzahl;W1;Personenkraftwagen nach Kraftstoffarten
46251;;;;2026-01-01;KREISE;;09661;;KLASS;;A5;darunter Plug-In-Hybrid;1415;Anzahl;W1;Personenkraftwagen nach Kraftstoffarten
46251;;;;2026-01-01;KREISE;;09661;;KLASS;;A6;Elektro;2508;Anzahl;W1;Personenkraftwagen nach Kraftstoffarten
46251;;;;2026-01-01;KREISE;;09661;;KLASS;;A7;sonstige Kraftstoffarten;7;Anzahl;W1;Personenkraftwagen nach Kraftstoffarten
46251;;;;2026-01-01;KREISE;;09661;;;;;;606,2;;PKWEW;Pkw je 1.000 Einwohner, berechnet
46251;;;;2026-01-01;KREISE;;09661;;KLASS;;A1;Benzin;58,4;%;PKWANT;Anteil am Pkw-Bestand, berechnet
46251;;;;2026-01-01;KREISE;;09661;;KLASS;;A2;Diesel;25,3;%;PKWANT;Anteil am Pkw-Bestand, berechnet
46251;;;;2026-01-01;KREISE;;09661;;KLASS;;A3;Gas (einschl. bivalent);0,7;%;PKWANT;Anteil am Pkw-Bestand, berechnet
46251;;;;2026-01-01;KREISE;;09661;;KLASS;;A4;Hybrid;9,8;%;PKWANT;Anteil am Pkw-Bestand, berechnet
46251;;;;2026-01-01;KREISE;;09661;;KLASS;;A5;darunter Plug-In-Hybrid;3,2;%;PKWANT;Anteil am Pkw-Bestand, berechnet
46251;;;;2026-01-01;KREISE;;09661;;KLASS;;A6;Elektro;5,6;%;PKWANT;Anteil am Pkw-Bestand, berechnet
46251;;;;2026-01-01;KREISE;;09661;;KLASS;;A7;sonstige Kraftstoffarten;0,0;%;PKWANT;Anteil am Pkw-Bestand, berechnet
46251;;;;2026-01-01;KREISE;;09662;Schweinfurt, kreisfreie Stadt;KLASS;;;Insgesamt;30121;Anzahl;W1;Personenkraftwagen nach Kraftstoffarten
46251;;;;2026-01-01;KREISE;;09662;;KLASS;;A1;Benzin;16349;Anzahl;W1;Personenkraftwagen nach Kraftstoffarten
46251;;;;2026-01-01;KREISE;;09662;;KLASS;;A2;Diesel;9139;Anzahl;W1;Personenkraftwagen nach Kraftstoffarten
46251;;;;2026-01-01;KREISE;;09662;;KLASS;;A3;Gas (einschl. bivalent);219;Anzahl;W1;Personenkraftwagen nach Kraftstoffarten
46251;;;;2026-01-01;KREISE;;09662;;KLASS;;A4;Hybrid;3118;Anzahl;W1;Personenkraftwagen nach Kraftstoffarten
46251;;;;2026-01-01;KREISE;;09662;;KLASS;;A5;darunter Plug-In-Hybrid;1224;Anzahl;W1;Personenkraftwagen nach Kraftstoffarten
46251;;;;2026-01-01;KREISE;;09662;;KLASS;;A6;Elektro;1293;Anzahl;W1;Personenkraftwagen nach Kraftstoffarten
46251;;;;2026-01-01;KREISE;;09662;;KLASS;;A7;sonstige Kraftstoffarten;3;Anzahl;W1;Personenkraftwagen nach Kraftstoffarten
46251;;;;2026-01-01;KREISE;;09662;;;;;;552,3;;PKWEW;Pkw je 1.000 Einwohner, berechnet
46251;;;;2026-01-01;KREISE;;09662;;KLASS;;A1;Benzin;54,3;%;PKWANT;Anteil am Pkw-Bestand, berechnet
46251;;;;2026-01-01;KREISE;;09662;;KLASS;;A2;Diesel;30,3;%;PKWANT;Anteil am Pkw-Bestand, berechnet
46251;;;;2026-01-01;KREISE;;09662;;KLASS;;A3;Gas (einschl. bivalent);0,7;%;PKWANT;Anteil am Pkw-Bestand, berechnet
46251;;;;2026-01-01;KREISE;;09662;;KLASS;;A4;Hybrid;10,4;%;PKWANT;Anteil am Pkw-Bestand, berechnet
46251;;;;2026-01-01;KREISE;;09662;;KLASS;;A5;darunter Plug-In-Hybrid;4,1;%;PKWANT;Anteil am Pkw-Bestand, berechnet
46251;;;;2026-01-01;KREISE;;09662;;KLASS;;A6;Elektro;4,3;%;PKWANT;Anteil am Pkw-Bestand, berechnet
46251;;;;2026-01-01;KREISE;;09662;;KLASS;;A7;sonstige Kraftstoffarten;0,0;%;PKWANT;Anteil am Pkw-Bestand, berechnet
46251;;;;2026-01-01;KREISE;;09663;Würzburg, kreisfreie Stadt;KLASS;;;Insgesamt;64650;Anzahl;W1;Personenkraftwagen nach Kraftstoffarten
46251;;;;2026-01-01;KREISE;;09663;;KLASS;;A1;Benzin;36556;Anzahl;W1;Personenkraftwagen nach Kraftstoffarten
46251;;;;2026-01-01;KREISE;;09663;;KLASS;;A2;Diesel;18091;Anzahl;W1;Personenkraftwagen nach Kraftstoffarten
46251;;;;2026-01-01;KREISE;;09663;;KLASS;;A3;Gas (einschl. bivalent);566;Anzahl;W1;Personenkraftwagen nach Kraftstoffarten
46251;;;;2026-01-01;KREISE;;09663;;KLASS;;A4;Hybrid;6153;Anzahl;W1;Personenkraftwagen nach Kraftstoffarten
46251;;;;2026-01-01;KREISE;;09663;;KLASS;;A5;darunter Plug-In-Hybrid;1592;Anzahl;W1;Personenkraftwagen nach Kraftstoffarten
46251;;;;2026-01-01;KREISE;;09663;;KLASS;;A6;Elektro;3265;Anzahl;W1;Personenkraftwagen nach Kraftstoffarten
46251;;;;2026-01-01;KREISE;;09663;;KLASS;;A7;sonstige Kraftstoffarten;19;Anzahl;W1;Personenkraftwagen nach Kraftstoffarten
46251;;;;2026-01-01;KREISE;;09663;;;;;;483,4;;PKWEW;Pkw je 1.000 Einwohner, berechnet
46251;;;;2026-01-01;KREISE;;09663;;KLASS;;A1;Benzin;56,5;%;PKWANT;Anteil am Pkw-Bestand, berechnet
46251;;;;2026-01-01;KREISE;;09663;;KLASS;;A2;Diesel;28,0;%;PKWANT;Anteil am Pkw-Bestand, berechnet
46251;;;;2026-01-01;KREISE;;09663;;KLASS;;A3;Gas (einschl. bivalent);0,9;%;PKWANT;Anteil am Pkw-Bestand, berechnet
46251;;;;2026-01-01;KREISE;;09663;;KLASS;;A4;Hybrid;9,5;%;PKWANT;Anteil am Pkw-Bestand, berechnet
46251;;;;2026-01-01;KREISE;;09663;;KLASS;;A5;darunter Plug-In-Hybrid;2,5;%;PKWANT;Anteil am Pkw-Bestand, berechnet
46251;;;;2026-01-01;KREISE;;09663;;KLASS;;A6;Elektro;5,1;%;PKWANT;Anteil am Pkw-Bestand, berechnet
46251;;;;2026-01-01;KREISE;;09663;;KLASS;;A7;sonstige Kraftstoffarten;0,0;%;PKWANT;Anteil am Pkw-Bestand, berechnet
46251;;;;2026-01-01;KREISE;;09671;Aschaffenburg, Landkreis;KLASS;;;Insgesamt;120342;Anzahl;W1;Personenkraftwagen nach Kraftstoffarten
46251;;;;2026-01-01;KREISE;;09671;;KLASS;;A1;Benzin;72047;Anzahl;W1;Personenkraftwagen nach Kraftstoffarten
46251;;;;2026-01-01;KREISE;;09671;;KLASS;;A2;Diesel;32559;Anzahl;W1;Personenkraftwagen nach Kraftstoffarten
46251;;;;2026-01-01;KREISE;;09671;;KLASS;;A3;Gas (einschl. bivalent);764;Anzahl;W1;Personenkraftwagen nach Kraftstoffarten
46251;;;;2026-01-01;KREISE;;09671;;KLASS;;A4;Hybrid;9517;Anzahl;W1;Personenkraftwagen nach Kraftstoffarten
46251;;;;2026-01-01;KREISE;;09671;;KLASS;;A5;darunter Plug-In-Hybrid;2627;Anzahl;W1;Personenkraftwagen nach Kraftstoffarten
46251;;;;2026-01-01;KREISE;;09671;;KLASS;;A6;Elektro;5441;Anzahl;W1;Personenkraftwagen nach Kraftstoffarten
46251;;;;2026-01-01;KREISE;;09671;;KLASS;;A7;sonstige Kraftstoffarten;14;Anzahl;W1;Personenkraftwagen nach Kraftstoffarten
46251;;;;2026-01-01;KREISE;;09671;;;;;;707,4;;PKWEW;Pkw je 1.000 Einwohner, berechnet
46251;;;;2026-01-01;KREISE;;09671;;KLASS;;A1;Benzin;59,9;%;PKWANT;Anteil am Pkw-Bestand, berechnet
46251;;;;2026-01-01;KREISE;;09671;;KLASS;;A2;Diesel;27,1;%;PKWANT;Anteil am Pkw-Bestand, berechnet
46251;;;;2026-01-01;KREISE;;09671;;KLASS;;A3;Gas (einschl. bivalent);0,6;%;PKWANT;Anteil am Pkw-Bestand, berechnet
46251;;;;2026-01-01;KREISE;;09671;;KLASS;;A4;Hybrid;7,9;%;PKWANT;Anteil am Pkw-Bestand, berechnet
46251;;;;2026-01-01;KREISE;;09671;;KLASS;;A5;darunter Plug-In-Hybrid;2,2;%;PKWANT;Anteil am Pkw-Bestand, berechnet
46251;;;;2026-01-01;KREISE;;09671;;KLASS;;A6;Elektro;4,5;%;PKWANT;Anteil am Pkw-Bestand, berechnet
46251;;;;2026-01-01;KREISE;;09671;;KLASS;;A7;sonstige Kraftstoffarten;0,0;%;PKWANT;Anteil am Pkw-Bestand, berechnet
46251;;;;2026-01-01;KREISE;;09672;Bad Kissingen, Landkreis;KLASS;;;Insgesamt;72694;Anzahl;W1;Personenkraftwagen nach Kraftstoffarten
46251;;;;2026-01-01;KREISE;;09672;;KLASS;;A1;Benzin;39928;Anzahl;W1;Personenkraftwagen nach Kraftstoffarten
46251;;;;2026-01-01;KREISE;;09672;;KLASS;;A2;Diesel;25298;Anzahl;W1;Personenkraftwagen nach Kraftstoffarten
46251;;;;2026-01-01;KREISE;;09672;;KLASS;;A3;Gas (einschl. bivalent);478;Anzahl;W1;Personenkraftwagen nach Kraftstoffarten
46251;;;;2026-01-01;KREISE;;09672;;KLASS;;A4;Hybrid;4156;Anzahl;W1;Personenkraftwagen nach Kraftstoffarten
46251;;;;2026-01-01;KREISE;;09672;;KLASS;;A5;darunter Plug-In-Hybrid;1082;Anzahl;W1;Personenkraftwagen nach Kraftstoffarten
46251;;;;2026-01-01;KREISE;;09672;;KLASS;;A6;Elektro;2824;Anzahl;W1;Personenkraftwagen nach Kraftstoffarten
46251;;;;2026-01-01;KREISE;;09672;;KLASS;;A7;sonstige Kraftstoffarten;10;Anzahl;W1;Personenkraftwagen nach Kraftstoffarten
46251;;;;2026-01-01;KREISE;;09672;;;;;;706,1;;PKWEW;Pkw je 1.000 Einwohner, berechnet
46251;;;;2026-01-01;KREISE;;09672;;KLASS;;A1;Benzin;54,9;%;PKWANT;Anteil am Pkw-Bestand, berechnet
46251;;;;2026-01-01;KREISE;;09672;;KLASS;;A2;Diesel;34,8;%;PKWANT;Anteil am Pkw-Bestand, berechnet
46251;;;;2026-01-01;KREISE;;09672;;KLASS;;A3;Gas (einschl. bivalent);0,7;%;PKWANT;Anteil am Pkw-Bestand, berechnet
46251;;;;2026-01-01;KREISE;;09672;;KLASS;;A4;Hybrid;5,7;%;PKWANT;Anteil am Pkw-Bestand, berechnet
46251;;;;2026-01-01;KREISE;;09672;;KLASS;;A5;darunter Plug-In-Hybrid;1,5;%;PKWANT;Anteil am Pkw-Bestand, berechnet
46251;;;;2026-01-01;KREISE;;09672;;KLASS;;A6;Elektro;3,9;%;PKWANT;Anteil am Pkw-Bestand, berechnet
46251;;;;2026-01-01;KREISE;;09672;;KLASS;;A7;sonstige Kraftstoffarten;0,0;%;PKWANT;Anteil am Pkw-Bestand, berechnet
46251;;;;2026-01-01;KREISE;;09673;Rhön-Grabfeld, Landkreis;KLASS;;;Insgesamt;56161;Anzahl;W1;Personenkraftwagen nach Kraftstoffarten
46251;;;;2026-01-01;KREISE;;09673;;KLASS;;A1;Benzin;29107;Anzahl;W1;Personenkraftwagen nach Kraftstoffarten
46251;;;;2026-01-01;KREISE;;09673;;KLASS;;A2;Diesel;21212;Anzahl;W1;Personenkraftwagen nach Kraftstoffarten
46251;;;;2026-01-01;KREISE;;09673;;KLASS;;A3;Gas (einschl. bivalent);365;Anzahl;W1;Personenkraftwagen nach Kraftstoffarten
46251;;;;2026-01-01;KREISE;;09673;;KLASS;;A4;Hybrid;3257;Anzahl;W1;Personenkraftwagen nach Kraftstoffarten
46251;;;;2026-01-01;KREISE;;09673;;KLASS;;A5;darunter Plug-In-Hybrid;900;Anzahl;W1;Personenkraftwagen nach Kraftstoffarten
46251;;;;2026-01-01;KREISE;;09673;;KLASS;;A6;Elektro;2204;Anzahl;W1;Personenkraftwagen nach Kraftstoffarten
46251;;;;2026-01-01;KREISE;;09673;;KLASS;;A7;sonstige Kraftstoffarten;16;Anzahl;W1;Personenkraftwagen nach Kraftstoffarten
46251;;;;2026-01-01;KREISE;;09673;;;;;;711,8;;PKWEW;Pkw je 1.000 Einwohner, berechnet
46251;;;;2026-01-01;KREISE;;09673;;KLASS;;A1;Benzin;51,8;%;PKWANT;Anteil am Pkw-Bestand, berechnet
46251;;;;2026-01-01;KREISE;;09673;;KLASS;;A2;Diesel;37,8;%;PKWANT;Anteil am Pkw-Bestand, berechnet
46251;;;;2026-01-01;KREISE;;09673;;KLASS;;A3;Gas (einschl. bivalent);0,6;%;PKWANT;Anteil am Pkw-Bestand, berechnet
46251;;;;2026-01-01;KREISE;;09673;;KLASS;;A4;Hybrid;5,8;%;PKWANT;Anteil am Pkw-Bestand, berechnet
46251;;;;2026-01-01;KREISE;;09673;;KLASS;;A5;darunter Plug-In-Hybrid;1,6;%;PKWANT;Anteil am Pkw-Bestand, berechnet
46251;;;;2026-01-01;KREISE;;09673;;KLASS;;A6;Elektro;3,9;%;PKWANT;Anteil am Pkw-Bestand, berechnet
46251;;;;2026-01-01;KREISE;;09673;;KLASS;;A7;sonstige Kraftstoffarten;0,0;%;PKWANT;Anteil am Pkw-Bestand, berechnet
46251;;;;2026-01-01;KREISE;;09674;Haßberge, Landkreis;KLASS;;;Insgesamt;60161;Anzahl;W1;Personenkraftwagen nach Kraftstoffarten
46251;;;;2026-01-01;KREISE;;09674;;KLASS;;A1;Benzin;31545;Anzahl;W1;Personenkraftwagen nach Kraftstoffarten
46251;;;;2026-01-01;KREISE;;09674;;KLASS;;A2;Diesel;22745;Anzahl;W1;Personenkraftwagen nach Kraftstoffarten
46251;;;;2026-01-01;KREISE;;09674;;KLASS;;A3;Gas (einschl. bivalent);464;Anzahl;W1;Personenkraftwagen nach Kraftstoffarten
46251;;;;2026-01-01;KREISE;;09674;;KLASS;;A4;Hybrid;3026;Anzahl;W1;Personenkraftwagen nach Kraftstoffarten
46251;;;;2026-01-01;KREISE;;09674;;KLASS;;A5;darunter Plug-In-Hybrid;834;Anzahl;W1;Personenkraftwagen nach Kraftstoffarten
46251;;;;2026-01-01;KREISE;;09674;;KLASS;;A6;Elektro;2367;Anzahl;W1;Personenkraftwagen nach Kraftstoffarten
46251;;;;2026-01-01;KREISE;;09674;;KLASS;;A7;sonstige Kraftstoffarten;14;Anzahl;W1;Personenkraftwagen nach Kraftstoffarten
46251;;;;2026-01-01;KREISE;;09674;;;;;;721,4;;PKWEW;Pkw je 1.000 Einwohner, berechnet
46251;;;;2026-01-01;KREISE;;09674;;KLASS;;A1;Benzin;52,4;%;PKWANT;Anteil am Pkw-Bestand, berechnet
46251;;;;2026-01-01;KREISE;;09674;;KLASS;;A2;Diesel;37,8;%;PKWANT;Anteil am Pkw-Bestand, berechnet
46251;;;;2026-01-01;KREISE;;09674;;KLASS;;A3;Gas (einschl. bivalent);0,8;%;PKWANT;Anteil am Pkw-Bestand, berechnet
46251;;;;2026-01-01;KREISE;;09674;;KLASS;;A4;Hybrid;5,0;%;PKWANT;Anteil am Pkw-Bestand, berechnet
46251;;;;2026-01-01;KREISE;;09674;;KLASS;;A5;darunter Plug-In-Hybrid;1,4;%;PKWANT;Anteil am Pkw-Bestand, berechnet
46251;;;;2026-01-01;KREISE;;09674;;KLASS;;A6;Elektro;3,9;%;PKWANT;Anteil am Pkw-Bestand, berechnet
46251;;;;2026-01-01;KREISE;;09674;;KLASS;;A7;sonstige Kraftstoffarten;0,0;%;PKWANT;Anteil am Pkw-Bestand, berechnet
46251;;;;2026-01-01;KREISE;;09675;Kitzingen, Landkreis;KLASS;;;Insgesamt;64217;Anzahl;W1;Personenkraftwagen nach Kraftstoffarten
46251;;;;2026-01-01;KREISE;;09675;;KLASS;;A1;Benzin;36082;Anzahl;W1;Personenkraftwagen nach Kraftstoffarten
46251;;;;2026-01-01;KREISE;;09675;;KLASS;;A2;Diesel;20589;Anzahl;W1;Personenkraftwagen nach Kraftstoffarten
46251;;;;2026-01-01;KREISE;;09675;;KLASS;;A3;Gas (einschl. bivalent);427;Anzahl;W1;Personenkraftwagen nach Kraftstoffarten
46251;;;;2026-01-01;KREISE;;09675;;KLASS;;A4;Hybrid;4188;Anzahl;W1;Personenkraftwagen nach Kraftstoffarten
46251;;;;2026-01-01;KREISE;;09675;;KLASS;;A5;darunter Plug-In-Hybrid;1026;Anzahl;W1;Personenkraftwagen nach Kraftstoffarten
46251;;;;2026-01-01;KREISE;;09675;;KLASS;;A6;Elektro;2923;Anzahl;W1;Personenkraftwagen nach Kraftstoffarten
46251;;;;2026-01-01;KREISE;;09675;;KLASS;;A7;sonstige Kraftstoffarten;8;Anzahl;W1;Personenkraftwagen nach Kraftstoffarten
46251;;;;2026-01-01;KREISE;;09675;;;;;;702,0;;PKWEW;Pkw je 1.000 Einwohner, berechnet
46251;;;;2026-01-01;KREISE;;09675;;KLASS;;A1;Benzin;56,2;%;PKWANT;Anteil am Pkw-Bestand, berechnet
46251;;;;2026-01-01;KREISE;;09675;;KLASS;;A2;Diesel;32,1;%;PKWANT;Anteil am Pkw-Bestand, berechnet
46251;;;;2026-01-01;KREISE;;09675;;KLASS;;A3;Gas (einschl. bivalent);0,7;%;PKWANT;Anteil am Pkw-Bestand, berechnet
46251;;;;2026-01-01;KREISE;;09675;;KLASS;;A4;Hybrid;6,5;%;PKWANT;Anteil am Pkw-Bestand, berechnet
46251;;;;2026-01-01;KREISE;;09675;;KLASS;;A5;darunter Plug-In-Hybrid;1,6;%;PKWANT;Anteil am Pkw-Bestand, berechnet
46251;;;;2026-01-01;KREISE;;09675;;KLASS;;A6;Elektro;4,6;%;PKWANT;Anteil am Pkw-Bestand, berechnet
46251;;;;2026-01-01;KREISE;;09675;;KLASS;;A7;sonstige Kraftstoffarten;0,0;%;PKWANT;Anteil am Pkw-Bestand, berechnet
46251;;;;2026-01-01;KREISE;;09676;Miltenberg, Landkreis;KLASS;;;Insgesamt;88088;Anzahl;W1;Personenkraftwagen nach Kraftstoffarten
46251;;;;2026-01-01;KREISE;;09676;;KLASS;;A1;Benzin;50538;Anzahl;W1;Personenkraftwagen nach Kraftstoffarten
46251;;;;2026-01-01;KREISE;;09676;;KLASS;;A2;Diesel;26512;Anzahl;W1;Personenkraftwagen nach Kraftstoffarten
46251;;;;2026-01-01;KREISE;;09676;;KLASS;;A3;Gas (einschl. bivalent);457;Anzahl;W1;Personenkraftwagen nach Kraftstoffarten
46251;;;;2026-01-01;KREISE;;09676;;KLASS;;A4;Hybrid;7587;Anzahl;W1;Personenkraftwagen nach Kraftstoffarten
46251;;;;2026-01-01;KREISE;;09676;;KLASS;;A5;darunter Plug-In-Hybrid;1837;Anzahl;W1;Personenkraftwagen nach Kraftstoffarten
46251;;;;2026-01-01;KREISE;;09676;;KLASS;;A6;Elektro;2981;Anzahl;W1;Personenkraftwagen nach Kraftstoffarten
46251;;;;2026-01-01;KREISE;;09676;;KLASS;;A7;sonstige Kraftstoffarten;13;Anzahl;W1;Personenkraftwagen nach Kraftstoffarten
46251;;;;2026-01-01;KREISE;;09676;;;;;;695,0;;PKWEW;Pkw je 1.000 Einwohner, berechnet
46251;;;;2026-01-01;KREISE;;09676;;KLASS;;A1;Benzin;57,4;%;PKWANT;Anteil am Pkw-Bestand, berechnet
46251;;;;2026-01-01;KREISE;;09676;;KLASS;;A2;Diesel;30,1;%;PKWANT;Anteil am Pkw-Bestand, berechnet
46251;;;;2026-01-01;KREISE;;09676;;KLASS;;A3;Gas (einschl. bivalent);0,5;%;PKWANT;Anteil am Pkw-Bestand, berechnet
46251;;;;2026-01-01;KREISE;;09676;;KLASS;;A4;Hybrid;8,6;%;PKWANT;Anteil am Pkw-Bestand, berechnet
46251;;;;2026-01-01;KREISE;;09676;;KLASS;;A5;darunter Plug-In-Hybrid;2,1;%;PKWANT;Anteil am Pkw-Bestand, berechnet
46251;;;;2026-01-01;KREISE;;09676;;KLASS;;A6;Elektro;3,4;%;PKWANT;Anteil am Pkw-Bestand, berechnet
46251;;;;2026-01-01;KREISE;;09676;;KLASS;;A7;sonstige Kraftstoffarten;0,0;%;PKWANT;Anteil am Pkw-Bestand, berechnet
46251;;;;2026-01-01;KREISE;;09677;Main-Spessart, Landkreis;KLASS;;;Insgesamt;87622;Anzahl;W1;Personenkraftwagen nach Kraftstoffarten
46251;;;;2026-01-01;KREISE;;09677;;KLASS;;A1;Benzin;49588;Anzahl;W1;Personenkraftwagen nach Kraftstoffarten
46251;;;;2026-01-01;KREISE;;09677;;KLASS;;A2;Diesel;27910;Anzahl;W1;Personenkraftwagen nach Kraftstoffarten
46251;;;;2026-01-01;KREISE;;09677;;KLASS;;A3;Gas (einschl. bivalent);611;Anzahl;W1;Personenkraftwagen nach Kraftstoffarten
46251;;;;2026-01-01;KREISE;;09677;;KLASS;;A4;Hybrid;6127;Anzahl;W1;Personenkraftwagen nach Kraftstoffarten
46251;;;;2026-01-01;KREISE;;09677;;KLASS;;A5;darunter Plug-In-Hybrid;1633;Anzahl;W1;Personenkraftwagen nach Kraftstoffarten
46251;;;;2026-01-01;KREISE;;09677;;KLASS;;A6;Elektro;3367;Anzahl;W1;Personenkraftwagen nach Kraftstoffarten
46251;;;;2026-01-01;KREISE;;09677;;KLASS;;A7;sonstige Kraftstoffarten;19;Anzahl;W1;Personenkraftwagen nach Kraftstoffarten
46251;;;;2026-01-01;KREISE;;09677;;;;;;704,8;;PKWEW;Pkw je 1.000 Einwohner, berechnet
46251;;;;2026-01-01;KREISE;;09677;;KLASS;;A1;Benzin;56,6;%;PKWANT;Anteil am Pkw-Bestand, berechnet
46251;;;;2026-01-01;KREISE;;09677;;KLASS;;A2;Diesel;31,9;%;PKWANT;Anteil am Pkw-Bestand, berechnet
46251;;;;2026-01-01;KREISE;;09677;;KLASS;;A3;Gas (einschl. bivalent);0,7;%;PKWANT;Anteil am Pkw-Bestand, berechnet
46251;;;;2026-01-01;KREISE;;09677;;KLASS;;A4;Hybrid;7,0;%;PKWANT;Anteil am Pkw-Bestand, berechnet
46251;;;;2026-01-01;KREISE;;09677;;KLASS;;A5;darunter Plug-In-Hybrid;1,9;%;PKWANT;Anteil am Pkw-Bestand, berechnet
46251;;;;2026-01-01;KREISE;;09677;;KLASS;;A6;Elektro;3,8;%;PKWANT;Anteil am Pkw-Bestand, berechnet
46251;;;;2026-01-01;KREISE;;09677;;KLASS;;A7;sonstige Kraftstoffarten;0,0;%;PKWANT;Anteil am Pkw-Bestand, berechnet
46251;;;;2026-01-01;KREISE;;09678;Schweinfurt, Landkreis;KLASS;;;Insgesamt;79747;Anzahl;W1;Personenkraftwagen nach Kraftstoffarten
46251;;;;2026-01-01;KREISE;;09678;;KLASS;;A1;Benzin;44873;Anzahl;W1;Personenkraftwagen nach Kraftstoffarten
46251;;;;2026-01-01;KREISE;;09678;;KLASS;;A2;Diesel;25780;Anzahl;W1;Personenkraftwagen nach Kraftstoffarten
46251;;;;2026-01-01;KREISE;;09678;;KLASS;;A3;Gas (einschl. bivalent);576;Anzahl;W1;Personenkraftwagen nach Kraftstoffarten
46251;;;;2026-01-01;KREISE;;09678;;KLASS;;A4;Hybrid;4905;Anzahl;W1;Personenkraftwagen nach Kraftstoffarten
46251;;;;2026-01-01;KREISE;;09678;;KLASS;;A5;darunter Plug-In-Hybrid;1362;Anzahl;W1;Personenkraftwagen nach Kraftstoffarten
46251;;;;2026-01-01;KREISE;;09678;;KLASS;;A6;Elektro;3595;Anzahl;W1;Personenkraftwagen nach Kraftstoffarten
46251;;;;2026-01-01;KREISE;;09678;;KLASS;;A7;sonstige Kraftstoffarten;18;Anzahl;W1;Personenkraftwagen nach Kraftstoffarten
46251;;;;2026-01-01;KREISE;;09678;;;;;;701,9;;PKWEW;Pkw je 1.000 Einwohner, berechnet
46251;;;;2026-01-01;KREISE;;09678;;KLASS;;A1;Benzin;56,3;%;PKWANT;Anteil am Pkw-Bestand, berechnet
46251;;;;2026-01-01;KREISE;;09678;;KLASS;;A2;Diesel;32,3;%;PKWANT;Anteil am Pkw-Bestand, berechnet
46251;;;;2026-01-01;KREISE;;09678;;KLASS;;A3;Gas (einschl. bivalent);0,7;%;PKWANT;Anteil am Pkw-Bestand, berechnet
46251;;;;2026-01-01;KREISE;;09678;;KLASS;;A4;Hybrid;6,2;%;PKWANT;Anteil am Pkw-Bestand, berechnet
46251;;;;2026-01-01;KREISE;;09678;;KLASS;;A5;darunter Plug-In-Hybrid;1,7;%;PKWANT;Anteil am Pkw-Bestand, berechnet
46251;;;;2026-01-01;KREISE;;09678;;KLASS;;A6;Elektro;4,5;%;PKWANT;Anteil am Pkw-Bestand, berechnet
46251;;;;2026-01-01;KREISE;;09678;;KLASS;;A7;sonstige Kraftstoffarten;0,0;%;PKWANT;Anteil am Pkw-Bestand, berechnet
46251;;;;2026-01-01;KREISE;;09679;Würzburg, Landkreis;KLASS;;;Insgesamt;109536;Anzahl;W1;Personenkraftwagen nach Kraftstoffarten
46251;;;;2026-01-01;KREISE;;09679;;KLASS;;A1;Benzin;63242;Anzahl;W1;Personenkraftwagen nach Kraftstoffarten
46251;;;;2026-01-01;KREISE;;09679;;KLASS;;A2;Diesel;31768;Anzahl;W1;Personenkraftwagen nach Kraftstoffarten
46251;;;;2026-01-01;KREISE;;09679;;KLASS;;A3;Gas (einschl. bivalent);972;Anzahl;W1;Personenkraftwagen nach Kraftstoffarten
46251;;;;2026-01-01;KREISE;;09679;;KLASS;;A4;Hybrid;8091;Anzahl;W1;Personenkraftwagen nach Kraftstoffarten
46251;;;;2026-01-01;KREISE;;09679;;KLASS;;A5;darunter Plug-In-Hybrid;2163;Anzahl;W1;Personenkraftwagen nach Kraftstoffarten
46251;;;;2026-01-01;KREISE;;09679;;KLASS;;A6;Elektro;5444;Anzahl;W1;Personenkraftwagen nach Kraftstoffarten
46251;;;;2026-01-01;KREISE;;09679;;KLASS;;A7;sonstige Kraftstoffarten;19;Anzahl;W1;Personenkraftwagen nach Kraftstoffarten
46251;;;;2026-01-01;KREISE;;09679;;;;;;677,9;;PKWEW;Pkw je 1.000 Einwohner, berechnet
46251;;;;2026-01-01;KREISE;;09679;;KLASS;;A1;Benzin;57,7;%;PKWANT;Anteil am Pkw-Bestand, berechnet
46251;;;;2026-01-01;KREISE;;09679;;KLASS;;A2;Diesel;29,0;%;PKWANT;Anteil am Pkw-Bestand, berechnet
46251;;;;2026-01-01;KREISE;;09679;;KLASS;;A3;Gas (einschl. bivalent);0,9;%;PKWANT;Anteil am Pkw-Bestand, berechnet
46251;;;;2026-01-01;KREISE;;09679;;KLASS;;A4;Hybrid;7,4;%;PKWANT;Anteil am Pkw-Bestand, berechnet
46251;;;;2026-01-01;KREISE;;09679;;KLASS;;A5;darunter Plug-In-Hybrid;2,0;%;PKWANT;Anteil am Pkw-Bestand, berechnet
46251;;;;2026-01-01;KREISE;;09679;;KLASS;;A6;Elektro;5,0;%;PKWANT;Anteil am Pkw-Bestand, berechnet
46251;;;;2026-01-01;KREISE;;09679;;KLASS;;A7;sonstige Kraftstoffarten;0,0;%;PKWANT;Anteil am Pkw-Bestand, berechnet
46251;;;;2026-01-01;KREISE;;09761;Augsburg, kreisfreie Stadt;KLASS;;;Insgesamt;142329;Anzahl;W1;Personenkraftwagen nach Kraftstoffarten
46251;;;;2026-01-01;KREISE;;09761;;KLASS;;A1;Benzin;84728;Anzahl;W1;Personenkraftwagen nach Kraftstoffarten
46251;;;;2026-01-01;KREISE;;09761;;KLASS;;A2;Diesel;36107;Anzahl;W1;Personenkraftwagen nach Kraftstoffarten
46251;;;;2026-01-01;KREISE;;09761;;KLASS;;A3;Gas (einschl. bivalent);1002;Anzahl;W1;Personenkraftwagen nach Kraftstoffarten
46251;;;;2026-01-01;KREISE;;09761;;KLASS;;A4;Hybrid;15203;Anzahl;W1;Personenkraftwagen nach Kraftstoffarten
46251;;;;2026-01-01;KREISE;;09761;;KLASS;;A5;darunter Plug-In-Hybrid;3478;Anzahl;W1;Personenkraftwagen nach Kraftstoffarten
46251;;;;2026-01-01;KREISE;;09761;;KLASS;;A6;Elektro;5262;Anzahl;W1;Personenkraftwagen nach Kraftstoffarten
46251;;;;2026-01-01;KREISE;;09761;;KLASS;;A7;sonstige Kraftstoffarten;27;Anzahl;W1;Personenkraftwagen nach Kraftstoffarten
46251;;;;2026-01-01;KREISE;;09761;;;;;;471,6;;PKWEW;Pkw je 1.000 Einwohner, berechnet
46251;;;;2026-01-01;KREISE;;09761;;KLASS;;A1;Benzin;59,5;%;PKWANT;Anteil am Pkw-Bestand, berechnet
46251;;;;2026-01-01;KREISE;;09761;;KLASS;;A2;Diesel;25,4;%;PKWANT;Anteil am Pkw-Bestand, berechnet
46251;;;;2026-01-01;KREISE;;09761;;KLASS;;A3;Gas (einschl. bivalent);0,7;%;PKWANT;Anteil am Pkw-Bestand, berechnet
46251;;;;2026-01-01;KREISE;;09761;;KLASS;;A4;Hybrid;10,7;%;PKWANT;Anteil am Pkw-Bestand, berechnet
46251;;;;2026-01-01;KREISE;;09761;;KLASS;;A5;darunter Plug-In-Hybrid;2,4;%;PKWANT;Anteil am Pkw-Bestand, berechnet
46251;;;;2026-01-01;KREISE;;09761;;KLASS;;A6;Elektro;3,7;%;PKWANT;Anteil am Pkw-Bestand, berechnet
46251;;;;2026-01-01;KREISE;;09761;;KLASS;;A7;sonstige Kraftstoffarten;0,0;%;PKWANT;Anteil am Pkw-Bestand, berechnet
46251;;;;2026-01-01;KREISE;;09762;Kaufbeuren, kreisfreie Stadt;KLASS;;;Insgesamt;27020;Anzahl;W1;Personenkraftwagen nach Kraftstoffarten
46251;;;;2026-01-01;KREISE;;09762;;KLASS;;A1;Benzin;16395;Anzahl;W1;Personenkraftwagen nach Kraftstoffarten
46251;;;;2026-01-01;KREISE;;09762;;KLASS;;A2;Diesel;7108;Anzahl;W1;Personenkraftwagen nach Kraftstoffarten
46251;;;;2026-01-01;KREISE;;09762;;KLASS;;A3;Gas (einschl. bivalent);168;Anzahl;W1;Personenkraftwagen nach Kraftstoffarten
46251;;;;2026-01-01;KREISE;;09762;;KLASS;;A4;Hybrid;2359;Anzahl;W1;Personenkraftwagen nach Kraftstoffarten
46251;;;;2026-01-01;KREISE;;09762;;KLASS;;A5;darunter Plug-In-Hybrid;468;Anzahl;W1;Personenkraftwagen nach Kraftstoffarten
46251;;;;2026-01-01;KREISE;;09762;;KLASS;;A6;Elektro;987;Anzahl;W1;Personenkraftwagen nach Kraftstoffarten
46251;;;;2026-01-01;KREISE;;09762;;KLASS;;A7;sonstige Kraftstoffarten;3;Anzahl;W1;Personenkraftwagen nach Kraftstoffarten
46251;;;;2026-01-01;KREISE;;09762;;;;;;583,8;;PKWEW;Pkw je 1.000 Einwohner, berechnet
46251;;;;2026-01-01;KREISE;;09762;;KLASS;;A1;Benzin;60,7;%;PKWANT;Anteil am Pkw-Bestand, berechnet
46251;;;;2026-01-01;KREISE;;09762;;KLASS;;A2;Diesel;26,3;%;PKWANT;Anteil am Pkw-Bestand, berechnet
46251;;;;2026-01-01;KREISE;;09762;;KLASS;;A3;Gas (einschl. bivalent);0,6;%;PKWANT;Anteil am Pkw-Bestand, berechnet
46251;;;;2026-01-01;KREISE;;09762;;KLASS;;A4;Hybrid;8,7;%;PKWANT;Anteil am Pkw-Bestand, berechnet
46251;;;;2026-01-01;KREISE;;09762;;KLASS;;A5;darunter Plug-In-Hybrid;1,7;%;PKWANT;Anteil am Pkw-Bestand, berechnet
46251;;;;2026-01-01;KREISE;;09762;;KLASS;;A6;Elektro;3,7;%;PKWANT;Anteil am Pkw-Bestand, berechnet
46251;;;;2026-01-01;KREISE;;09762;;KLASS;;A7;sonstige Kraftstoffarten;0,0;%;PKWANT;Anteil am Pkw-Bestand, berechnet
46251;;;;2026-01-01;KREISE;;09763;Kempten (Allgäu), kreisfreie Stadt;KLASS;;;Insgesamt;41265;Anzahl;W1;Personenkraftwagen nach Kraftstoffarten
46251;;;;2026-01-01;KREISE;;09763;;KLASS;;A1;Benzin;23179;Anzahl;W1;Personenkraftwagen nach Kraftstoffarten
46251;;;;2026-01-01;KREISE;;09763;;KLASS;;A2;Diesel;11573;Anzahl;W1;Personenkraftwagen nach Kraftstoffarten
46251;;;;2026-01-01;KREISE;;09763;;KLASS;;A3;Gas (einschl. bivalent);204;Anzahl;W1;Personenkraftwagen nach Kraftstoffarten
46251;;;;2026-01-01;KREISE;;09763;;KLASS;;A4;Hybrid;3902;Anzahl;W1;Personenkraftwagen nach Kraftstoffarten
46251;;;;2026-01-01;KREISE;;09763;;KLASS;;A5;darunter Plug-In-Hybrid;888;Anzahl;W1;Personenkraftwagen nach Kraftstoffarten
46251;;;;2026-01-01;KREISE;;09763;;KLASS;;A6;Elektro;2400;Anzahl;W1;Personenkraftwagen nach Kraftstoffarten
46251;;;;2026-01-01;KREISE;;09763;;KLASS;;A7;sonstige Kraftstoffarten;7;Anzahl;W1;Personenkraftwagen nach Kraftstoffarten
46251;;;;2026-01-01;KREISE;;09763;;;;;;607,6;;PKWEW;Pkw je 1.000 Einwohner, berechnet
46251;;;;2026-01-01;KREISE;;09763;;KLASS;;A1;Benzin;56,2;%;PKWANT;Anteil am Pkw-Bestand, berechnet
46251;;;;2026-01-01;KREISE;;09763;;KLASS;;A2;Diesel;28,0;%;PKWANT;Anteil am Pkw-Bestand, berechnet
46251;;;;2026-01-01;KREISE;;09763;;KLASS;;A3;Gas (einschl. bivalent);0,5;%;PKWANT;Anteil am Pkw-Bestand, berechnet
46251;;;;2026-01-01;KREISE;;09763;;KLASS;;A4;Hybrid;9,5;%;PKWANT;Anteil am Pkw-Bestand, berechnet
46251;;;;2026-01-01;KREISE;;09763;;KLASS;;A5;darunter Plug-In-Hybrid;2,2;%;PKWANT;Anteil am Pkw-Bestand, berechnet
46251;;;;2026-01-01;KREISE;;09763;;KLASS;;A6;Elektro;5,8;%;PKWANT;Anteil am Pkw-Bestand, berechnet
46251;;;;2026-01-01;KREISE;;09763;;KLASS;;A7;sonstige Kraftstoffarten;0,0;%;PKWANT;Anteil am Pkw-Bestand, berechnet
46251;;;;2026-01-01;KREISE;;09764;Memmingen, kreisfreie Stadt;KLASS;;;Insgesamt;27927;Anzahl;W1;Personenkraftwagen nach Kraftstoffarten
46251;;;;2026-01-01;KREISE;;09764;;KLASS;;A1;Benzin;15918;Anzahl;W1;Personenkraftwagen nach Kraftstoffarten
46251;;;;2026-01-01;KREISE;;09764;;KLASS;;A2;Diesel;8328;Anzahl;W1;Personenkraftwagen nach Kraftstoffarten
46251;;;;2026-01-01;KREISE;;09764;;KLASS;;A3;Gas (einschl. bivalent);145;Anzahl;W1;Personenkraftwagen nach Kraftstoffarten
46251;;;;2026-01-01;KREISE;;09764;;KLASS;;A4;Hybrid;2479;Anzahl;W1;Personenkraftwagen nach Kraftstoffarten
46251;;;;2026-01-01;KREISE;;09764;;KLASS;;A5;darunter Plug-In-Hybrid;583;Anzahl;W1;Personenkraftwagen nach Kraftstoffarten
46251;;;;2026-01-01;KREISE;;09764;;KLASS;;A6;Elektro;1053;Anzahl;W1;Personenkraftwagen nach Kraftstoffarten
46251;;;;2026-01-01;KREISE;;09764;;KLASS;;A7;sonstige Kraftstoffarten;4;Anzahl;W1;Personenkraftwagen nach Kraftstoffarten
46251;;;;2026-01-01;KREISE;;09764;;;;;;629,3;;PKWEW;Pkw je 1.000 Einwohner, berechnet
46251;;;;2026-01-01;KREISE;;09764;;KLASS;;A1;Benzin;57,0;%;PKWANT;Anteil am Pkw-Bestand, berechnet
46251;;;;2026-01-01;KREISE;;09764;;KLASS;;A2;Diesel;29,8;%;PKWANT;Anteil am Pkw-Bestand, berechnet
46251;;;;2026-01-01;KREISE;;09764;;KLASS;;A3;Gas (einschl. bivalent);0,5;%;PKWANT;Anteil am Pkw-Bestand, berechnet
46251;;;;2026-01-01;KREISE;;09764;;KLASS;;A4;Hybrid;8,9;%;PKWANT;Anteil am Pkw-Bestand, berechnet
46251;;;;2026-01-01;KREISE;;09764;;KLASS;;A5;darunter Plug-In-Hybrid;2,1;%;PKWANT;Anteil am Pkw-Bestand, berechnet
46251;;;;2026-01-01;KREISE;;09764;;KLASS;;A6;Elektro;3,8;%;PKWANT;Anteil am Pkw-Bestand, berechnet
46251;;;;2026-01-01;KREISE;;09764;;KLASS;;A7;sonstige Kraftstoffarten;0,0;%;PKWANT;Anteil am Pkw-Bestand, berechnet
46251;;;;2026-01-01;KREISE;;09771;Aichach-Friedberg, Landkreis;KLASS;;;Insgesamt;91963;Anzahl;W1;Personenkraftwagen nach Kraftstoffarten
46251;;;;2026-01-01;KREISE;;09771;;KLASS;;A1;Benzin;53511;Anzahl;W1;Personenkraftwagen nach Kraftstoffarten
46251;;;;2026-01-01;KREISE;;09771;;KLASS;;A2;Diesel;26503;Anzahl;W1;Personenkraftwagen nach Kraftstoffarten
46251;;;;2026-01-01;KREISE;;09771;;KLASS;;A3;Gas (einschl. bivalent);576;Anzahl;W1;Personenkraftwagen nach Kraftstoffarten
46251;;;;2026-01-01;KREISE;;09771;;KLASS;;A4;Hybrid;7335;Anzahl;W1;Personenkraftwagen nach Kraftstoffarten
46251;;;;2026-01-01;KREISE;;09771;;KLASS;;A5;darunter Plug-In-Hybrid;1736;Anzahl;W1;Personenkraftwagen nach Kraftstoffarten
46251;;;;2026-01-01;KREISE;;09771;;KLASS;;A6;Elektro;4026;Anzahl;W1;Personenkraftwagen nach Kraftstoffarten
46251;;;;2026-01-01;KREISE;;09771;;KLASS;;A7;sonstige Kraftstoffarten;12;Anzahl;W1;Personenkraftwagen nach Kraftstoffarten
46251;;;;2026-01-01;KREISE;;09771;;;;;;669,9;;PKWEW;Pkw je 1.000 Einwohner, berechnet
46251;;;;2026-01-01;KREISE;;09771;;KLASS;;A1;Benzin;58,2;%;PKWANT;Anteil am Pkw-Bestand, berechnet
46251;;;;2026-01-01;KREISE;;09771;;KLASS;;A2;Diesel;28,8;%;PKWANT;Anteil am Pkw-Bestand, berechnet
46251;;;;2026-01-01;KREISE;;09771;;KLASS;;A3;Gas (einschl. bivalent);0,6;%;PKWANT;Anteil am Pkw-Bestand, berechnet
46251;;;;2026-01-01;KREISE;;09771;;KLASS;;A4;Hybrid;8,0;%;PKWANT;Anteil am Pkw-Bestand, berechnet
46251;;;;2026-01-01;KREISE;;09771;;KLASS;;A5;darunter Plug-In-Hybrid;1,9;%;PKWANT;Anteil am Pkw-Bestand, berechnet
46251;;;;2026-01-01;KREISE;;09771;;KLASS;;A6;Elektro;4,4;%;PKWANT;Anteil am Pkw-Bestand, berechnet
46251;;;;2026-01-01;KREISE;;09771;;KLASS;;A7;sonstige Kraftstoffarten;0,0;%;PKWANT;Anteil am Pkw-Bestand, berechnet
46251;;;;2026-01-01;KREISE;;09772;Augsburg, Landkreis;KLASS;;;Insgesamt;175173;Anzahl;W1;Personenkraftwagen nach Kraftstoffarten
46251;;;;2026-01-01;KREISE;;09772;;KLASS;;A1;Benzin;104970;Anzahl;W1;Personenkraftwagen nach Kraftstoffarten
46251;;;;2026-01-01;KREISE;;09772;;KLASS;;A2;Diesel;46145;Anzahl;W1;Personenkraftwagen nach Kraftstoffarten
46251;;;;2026-01-01;KREISE;;09772;;KLASS;;A3;Gas (einschl. bivalent);923;Anzahl;W1;Personenkraftwagen nach Kraftstoffarten
46251;;;;2026-01-01;KREISE;;09772;;KLASS;;A4;Hybrid;15653;Anzahl;W1;Personenkraftwagen nach Kraftstoffarten
46251;;;;2026-01-01;KREISE;;09772;;KLASS;;A5;darunter Plug-In-Hybrid;3828;Anzahl;W1;Personenkraftwagen nach Kraftstoffarten
46251;;;;2026-01-01;KREISE;;09772;;KLASS;;A6;Elektro;7458;Anzahl;W1;Personenkraftwagen nach Kraftstoffarten
46251;;;;2026-01-01;KREISE;;09772;;KLASS;;A7;sonstige Kraftstoffarten;24;Anzahl;W1;Personenkraftwagen nach Kraftstoffarten
46251;;;;2026-01-01;KREISE;;09772;;;;;;665,1;;PKWEW;Pkw je 1.000 Einwohner, berechnet
46251;;;;2026-01-01;KREISE;;09772;;KLASS;;A1;Benzin;59,9;%;PKWANT;Anteil am Pkw-Bestand, berechnet
46251;;;;2026-01-01;KREISE;;09772;;KLASS;;A2;Diesel;26,3;%;PKWANT;Anteil am Pkw-Bestand, berechnet
46251;;;;2026-01-01;KREISE;;09772;;KLASS;;A3;Gas (einschl. bivalent);0,5;%;PKWANT;Anteil am Pkw-Bestand, berechnet
46251;;;;2026-01-01;KREISE;;09772;;KLASS;;A4;Hybrid;8,9;%;PKWANT;Anteil am Pkw-Bestand, berechnet
46251;;;;2026-01-01;KREISE;;09772;;KLASS;;A5;darunter Plug-In-Hybrid;2,2;%;PKWANT;Anteil am Pkw-Bestand, berechnet
46251;;;;2026-01-01;KREISE;;09772;;KLASS;;A6;Elektro;4,3;%;PKWANT;Anteil am Pkw-Bestand, berechnet
46251;;;;2026-01-01;KREISE;;09772;;KLASS;;A7;sonstige Kraftstoffarten;0,0;%;PKWANT;Anteil am Pkw-Bestand, berechnet
46251;;;;2026-01-01;KREISE;;09773;Dillingen a.d.Donau, Landkreis;KLASS;;;Insgesamt;69171;Anzahl;W1;Personenkraftwagen nach Kraftstoffarten
46251;;;;2026-01-01;KREISE;;09773;;KLASS;;A1;Benzin;39895;Anzahl;W1;Personenkraftwagen nach Kraftstoffarten
46251;;;;2026-01-01;KREISE;;09773;;KLASS;;A2;Diesel;21384;Anzahl;W1;Personenkraftwagen nach Kraftstoffarten
46251;;;;2026-01-01;KREISE;;09773;;KLASS;;A3;Gas (einschl. bivalent);368;Anzahl;W1;Personenkraftwagen nach Kraftstoffarten
46251;;;;2026-01-01;KREISE;;09773;;KLASS;;A4;Hybrid;5259;Anzahl;W1;Personenkraftwagen nach Kraftstoffarten
46251;;;;2026-01-01;KREISE;;09773;;KLASS;;A5;darunter Plug-In-Hybrid;1212;Anzahl;W1;Personenkraftwagen nach Kraftstoffarten
46251;;;;2026-01-01;KREISE;;09773;;KLASS;;A6;Elektro;2254;Anzahl;W1;Personenkraftwagen nach Kraftstoffarten
46251;;;;2026-01-01;KREISE;;09773;;KLASS;;A7;sonstige Kraftstoffarten;11;Anzahl;W1;Personenkraftwagen nach Kraftstoffarten
46251;;;;2026-01-01;KREISE;;09773;;;;;;699,6;;PKWEW;Pkw je 1.000 Einwohner, berechnet
46251;;;;2026-01-01;KREISE;;09773;;KLASS;;A1;Benzin;57,7;%;PKWANT;Anteil am Pkw-Bestand, berechnet
46251;;;;2026-01-01;KREISE;;09773;;KLASS;;A2;Diesel;30,9;%;PKWANT;Anteil am Pkw-Bestand, berechnet
46251;;;;2026-01-01;KREISE;;09773;;KLASS;;A3;Gas (einschl. bivalent);0,5;%;PKWANT;Anteil am Pkw-Bestand, berechnet
46251;;;;2026-01-01;KREISE;;09773;;KLASS;;A4;Hybrid;7,6;%;PKWANT;Anteil am Pkw-Bestand, berechnet
46251;;;;2026-01-01;KREISE;;09773;;KLASS;;A5;darunter Plug-In-Hybrid;1,8;%;PKWANT;Anteil am Pkw-Bestand, berechnet
46251;;;;2026-01-01;KREISE;;09773;;KLASS;;A6;Elektro;3,3;%;PKWANT;Anteil am Pkw-Bestand, berechnet
46251;;;;2026-01-01;KREISE;;09773;;KLASS;;A7;sonstige Kraftstoffarten;0,0;%;PKWANT;Anteil am Pkw-Bestand, berechnet
46251;;;;2026-01-01;KREISE;;09774;Günzburg, Landkreis;KLASS;;;Insgesamt;89536;Anzahl;W1;Personenkraftwagen nach Kraftstoffarten
46251;;;;2026-01-01;KREISE;;09774;;KLASS;;A1;Benzin;50844;Anzahl;W1;Personenkraftwagen nach Kraftstoffarten
46251;;;;2026-01-01;KREISE;;09774;;KLASS;;A2;Diesel;27916;Anzahl;W1;Personenkraftwagen nach Kraftstoffarten
46251;;;;2026-01-01;KREISE;;09774;;KLASS;;A3;Gas (einschl. bivalent);335;Anzahl;W1;Personenkraftwagen nach Kraftstoffarten
46251;;;;2026-01-01;KREISE;;09774;;KLASS;;A4;Hybrid;6864;Anzahl;W1;Personenkraftwagen nach Kraftstoffarten
46251;;;;2026-01-01;KREISE;;09774;;KLASS;;A5;darunter Plug-In-Hybrid;1750;Anzahl;W1;Personenkraftwagen nach Kraftstoffarten
46251;;;;2026-01-01;KREISE;;09774;;KLASS;;A6;Elektro;3565;Anzahl;W1;Personenkraftwagen nach Kraftstoffarten
46251;;;;2026-01-01;KREISE;;09774;;KLASS;;A7;sonstige Kraftstoffarten;12;Anzahl;W1;Personenkraftwagen nach Kraftstoffarten
46251;;;;2026-01-01;KREISE;;09774;;;;;;691,0;;PKWEW;Pkw je 1.000 Einwohner, berechnet
46251;;;;2026-01-01;KREISE;;09774;;KLASS;;A1;Benzin;56,8;%;PKWANT;Anteil am Pkw-Bestand, berechnet
46251;;;;2026-01-01;KREISE;;09774;;KLASS;;A2;Diesel;31,2;%;PKWANT;Anteil am Pkw-Bestand, berechnet
46251;;;;2026-01-01;KREISE;;09774;;KLASS;;A3;Gas (einschl. bivalent);0,4;%;PKWANT;Anteil am Pkw-Bestand, berechnet
46251;;;;2026-01-01;KREISE;;09774;;KLASS;;A4;Hybrid;7,7;%;PKWANT;Anteil am Pkw-Bestand, berechnet
46251;;;;2026-01-01;KREISE;;09774;;KLASS;;A5;darunter Plug-In-Hybrid;2,0;%;PKWANT;Anteil am Pkw-Bestand, berechnet
46251;;;;2026-01-01;KREISE;;09774;;KLASS;;A6;Elektro;4,0;%;PKWANT;Anteil am Pkw-Bestand, berechnet
46251;;;;2026-01-01;KREISE;;09774;;KLASS;;A7;sonstige Kraftstoffarten;0,0;%;PKWANT;Anteil am Pkw-Bestand, berechnet
46251;;;;2026-01-01;KREISE;;09775;Neu-Ulm, Landkreis;KLASS;;;Insgesamt;115694;Anzahl;W1;Personenkraftwagen nach Kraftstoffarten
46251;;;;2026-01-01;KREISE;;09775;;KLASS;;A1;Benzin;68814;Anzahl;W1;Personenkraftwagen nach Kraftstoffarten
46251;;;;2026-01-01;KREISE;;09775;;KLASS;;A2;Diesel;32224;Anzahl;W1;Personenkraftwagen nach Kraftstoffarten
46251;;;;2026-01-01;KREISE;;09775;;KLASS;;A3;Gas (einschl. bivalent);575;Anzahl;W1;Personenkraftwagen nach Kraftstoffarten
46251;;;;2026-01-01;KREISE;;09775;;KLASS;;A4;Hybrid;9698;Anzahl;W1;Personenkraftwagen nach Kraftstoffarten
46251;;;;2026-01-01;KREISE;;09775;;KLASS;;A5;darunter Plug-In-Hybrid;2340;Anzahl;W1;Personenkraftwagen nach Kraftstoffarten
46251;;;;2026-01-01;KREISE;;09775;;KLASS;;A6;Elektro;4362;Anzahl;W1;Personenkraftwagen nach Kraftstoffarten
46251;;;;2026-01-01;KREISE;;09775;;KLASS;;A7;sonstige Kraftstoffarten;21;Anzahl;W1;Personenkraftwagen nach Kraftstoffarten
46251;;;;2026-01-01;KREISE;;09775;;;;;;629,4;;PKWEW;Pkw je 1.000 Einwohner, berechnet
46251;;;;2026-01-01;KREISE;;09775;;KLASS;;A1;Benzin;59,5;%;PKWANT;Anteil am Pkw-Bestand, berechnet
46251;;;;2026-01-01;KREISE;;09775;;KLASS;;A2;Diesel;27,9;%;PKWANT;Anteil am Pkw-Bestand, berechnet
46251;;;;2026-01-01;KREISE;;09775;;KLASS;;A3;Gas (einschl. bivalent);0,5;%;PKWANT;Anteil am Pkw-Bestand, berechnet
46251;;;;2026-01-01;KREISE;;09775;;KLASS;;A4;Hybrid;8,4;%;PKWANT;Anteil am Pkw-Bestand, berechnet
46251;;;;2026-01-01;KREISE;;09775;;KLASS;;A5;darunter Plug-In-Hybrid;2,0;%;PKWANT;Anteil am Pkw-Bestand, berechnet
46251;;;;2026-01-01;KREISE;;09775;;KLASS;;A6;Elektro;3,8;%;PKWANT;Anteil am Pkw-Bestand, berechnet
46251;;;;2026-01-01;KREISE;;09775;;KLASS;;A7;sonstige Kraftstoffarten;0,0;%;PKWANT;Anteil am Pkw-Bestand, berechnet
46251;;;;2026-01-01;KREISE;;09776;Lindau (Bodensee), Landkreis;KLASS;;;Insgesamt;54740;Anzahl;W1;Personenkraftwagen nach Kraftstoffarten
46251;;;;2026-01-01;KREISE;;09776;;KLASS;;A1;Benzin;32146;Anzahl;W1;Personenkraftwagen nach Kraftstoffarten
46251;;;;2026-01-01;KREISE;;09776;;KLASS;;A2;Diesel;16170;Anzahl;W1;Personenkraftwagen nach Kraftstoffarten
46251;;;;2026-01-01;KREISE;;09776;;KLASS;;A3;Gas (einschl. bivalent);297;Anzahl;W1;Personenkraftwagen nach Kraftstoffarten
46251;;;;2026-01-01;KREISE;;09776;;KLASS;;A4;Hybrid;3903;Anzahl;W1;Personenkraftwagen nach Kraftstoffarten
46251;;;;2026-01-01;KREISE;;09776;;KLASS;;A5;darunter Plug-In-Hybrid;975;Anzahl;W1;Personenkraftwagen nach Kraftstoffarten
46251;;;;2026-01-01;KREISE;;09776;;KLASS;;A6;Elektro;2221;Anzahl;W1;Personenkraftwagen nach Kraftstoffarten
46251;;;;2026-01-01;KREISE;;09776;;KLASS;;A7;sonstige Kraftstoffarten;3;Anzahl;W1;Personenkraftwagen nach Kraftstoffarten
46251;;;;2026-01-01;KREISE;;09776;;;;;;664,3;;PKWEW;Pkw je 1.000 Einwohner, berechnet
46251;;;;2026-01-01;KREISE;;09776;;KLASS;;A1;Benzin;58,7;%;PKWANT;Anteil am Pkw-Bestand, berechnet
46251;;;;2026-01-01;KREISE;;09776;;KLASS;;A2;Diesel;29,5;%;PKWANT;Anteil am Pkw-Bestand, berechnet
46251;;;;2026-01-01;KREISE;;09776;;KLASS;;A3;Gas (einschl. bivalent);0,5;%;PKWANT;Anteil am Pkw-Bestand, berechnet
46251;;;;2026-01-01;KREISE;;09776;;KLASS;;A4;Hybrid;7,1;%;PKWANT;Anteil am Pkw-Bestand, berechnet
46251;;;;2026-01-01;KREISE;;09776;;KLASS;;A5;darunter Plug-In-Hybrid;1,8;%;PKWANT;Anteil am Pkw-Bestand, berechnet
46251;;;;2026-01-01;KREISE;;09776;;KLASS;;A6;Elektro;4,1;%;PKWANT;Anteil am Pkw-Bestand, berechnet
46251;;;;2026-01-01;KREISE;;09776;;KLASS;;A7;sonstige Kraftstoffarten;0,0;%;PKWANT;Anteil am Pkw-Bestand, berechnet
46251;;;;2026-01-01;KREISE;;09777;Ostallgäu, Landkreis;KLASS;;;Insgesamt;97809;Anzahl;W1;Personenkraftwagen nach Kraftstoffarten
46251;;;;2026-01-01;KREISE;;09777;;KLASS;;A1;Benzin;57162;Anzahl;W1;Personenkraftwagen nach Kraftstoffarten
46251;;;;2026-01-01;KREISE;;09777;;KLASS;;A2;Diesel;29349;Anzahl;W1;Personenkraftwagen nach Kraftstoffarten
46251;;;;2026-01-01;KREISE;;09777;;KLASS;;A3;Gas (einschl. bivalent);591;Anzahl;W1;Personenkraftwagen nach Kraftstoffarten
46251;;;;2026-01-01;KREISE;;09777;;KLASS;;A4;Hybrid;6618;Anzahl;W1;Personenkraftwagen nach Kraftstoffarten
46251;;;;2026-01-01;KREISE;;09777;;KLASS;;A5;darunter Plug-In-Hybrid;1651;Anzahl;W1;Personenkraftwagen nach Kraftstoffarten
46251;;;;2026-01-01;KREISE;;09777;;KLASS;;A6;Elektro;4077;Anzahl;W1;Personenkraftwagen nach Kraftstoffarten
46251;;;;2026-01-01;KREISE;;09777;;KLASS;;A7;sonstige Kraftstoffarten;12;Anzahl;W1;Personenkraftwagen nach Kraftstoffarten
46251;;;;2026-01-01;KREISE;;09777;;;;;;688,5;;PKWEW;Pkw je 1.000 Einwohner, berechnet
46251;;;;2026-01-01;KREISE;;09777;;KLASS;;A1;Benzin;58,4;%;PKWANT;Anteil am Pkw-Bestand, berechnet
46251;;;;2026-01-01;KREISE;;09777;;KLASS;;A2;Diesel;30,0;%;PKWANT;Anteil am Pkw-Bestand, berechnet
46251;;;;2026-01-01;KREISE;;09777;;KLASS;;A3;Gas (einschl. bivalent);0,6;%;PKWANT;Anteil am Pkw-Bestand, berechnet
46251;;;;2026-01-01;KREISE;;09777;;KLASS;;A4;Hybrid;6,8;%;PKWANT;Anteil am Pkw-Bestand, berechnet
46251;;;;2026-01-01;KREISE;;09777;;KLASS;;A5;darunter Plug-In-Hybrid;1,7;%;PKWANT;Anteil am Pkw-Bestand, berechnet
46251;;;;2026-01-01;KREISE;;09777;;KLASS;;A6;Elektro;4,2;%;PKWANT;Anteil am Pkw-Bestand, berechnet
46251;;;;2026-01-01;KREISE;;09777;;KLASS;;A7;sonstige Kraftstoffarten;0,0;%;PKWANT;Anteil am Pkw-Bestand, berechnet
46251;;;;2026-01-01;KREISE;;09778;Unterallgäu, Landkreis;KLASS;;;Insgesamt;106303;Anzahl;W1;Personenkraftwagen nach Kraftstoffarten
46251;;;;2026-01-01;KREISE;;09778;;KLASS;;A1;Benzin;61304;Anzahl;W1;Personenkraftwagen nach Kraftstoffarten
46251;;;;2026-01-01;KREISE;;09778;;KLASS;;A2;Diesel;33635;Anzahl;W1;Personenkraftwagen nach Kraftstoffarten
46251;;;;2026-01-01;KREISE;;09778;;KLASS;;A3;Gas (einschl. bivalent);563;Anzahl;W1;Personenkraftwagen nach Kraftstoffarten
46251;;;;2026-01-01;KREISE;;09778;;KLASS;;A4;Hybrid;6707;Anzahl;W1;Personenkraftwagen nach Kraftstoffarten
46251;;;;2026-01-01;KREISE;;09778;;KLASS;;A5;darunter Plug-In-Hybrid;1666;Anzahl;W1;Personenkraftwagen nach Kraftstoffarten
46251;;;;2026-01-01;KREISE;;09778;;KLASS;;A6;Elektro;4083;Anzahl;W1;Personenkraftwagen nach Kraftstoffarten
46251;;;;2026-01-01;KREISE;;09778;;KLASS;;A7;sonstige Kraftstoffarten;11;Anzahl;W1;Personenkraftwagen nach Kraftstoffarten
46251;;;;2026-01-01;KREISE;;09778;;;;;;721,3;;PKWEW;Pkw je 1.000 Einwohner, berechnet
46251;;;;2026-01-01;KREISE;;09778;;KLASS;;A1;Benzin;57,7;%;PKWANT;Anteil am Pkw-Bestand, berechnet
46251;;;;2026-01-01;KREISE;;09778;;KLASS;;A2;Diesel;31,6;%;PKWANT;Anteil am Pkw-Bestand, berechnet
46251;;;;2026-01-01;KREISE;;09778;;KLASS;;A3;Gas (einschl. bivalent);0,5;%;PKWANT;Anteil am Pkw-Bestand, berechnet
46251;;;;2026-01-01;KREISE;;09778;;KLASS;;A4;Hybrid;6,3;%;PKWANT;Anteil am Pkw-Bestand, berechnet
46251;;;;2026-01-01;KREISE;;09778;;KLASS;;A5;darunter Plug-In-Hybrid;1,6;%;PKWANT;Anteil am Pkw-Bestand, berechnet
46251;;;;2026-01-01;KREISE;;09778;;KLASS;;A6;Elektro;3,8;%;PKWANT;Anteil am Pkw-Bestand, berechnet
46251;;;;2026-01-01;KREISE;;09778;;KLASS;;A7;sonstige Kraftstoffarten;0,0;%;PKWANT;Anteil am Pkw-Bestand, berechnet
46251;;;;2026-01-01;KREISE;;09779;Donau-Ries, Landkreis;KLASS;;;Insgesamt;96578;Anzahl;W1;Personenkraftwagen nach Kraftstoffarten
46251;;;;2026-01-01;KREISE;;09779;;KLASS;;A1;Benzin;53884;Anzahl;W1;Personenkraftwagen nach Kraftstoffarten
46251;;;;2026-01-01;KREISE;;09779;;KLASS;;A2;Diesel;30905;Anzahl;W1;Personenkraftwagen nach Kraftstoffarten
46251;;;;2026-01-01;KREISE;;09779;;KLASS;;A3;Gas (einschl. bivalent);504;Anzahl;W1;Personenkraftwagen nach Kraftstoffarten
46251;;;;2026-01-01;KREISE;;09779;;KLASS;;A4;Hybrid;7513;Anzahl;W1;Personenkraftwagen nach Kraftstoffarten
46251;;;;2026-01-01;KREISE;;09779;;KLASS;;A5;darunter Plug-In-Hybrid;1878;Anzahl;W1;Personenkraftwagen nach Kraftstoffarten
46251;;;;2026-01-01;KREISE;;09779;;KLASS;;A6;Elektro;3761;Anzahl;W1;Personenkraftwagen nach Kraftstoffarten
46251;;;;2026-01-01;KREISE;;09779;;KLASS;;A7;sonstige Kraftstoffarten;11;Anzahl;W1;Personenkraftwagen nach Kraftstoffarten
46251;;;;2026-01-01;KREISE;;09779;;;;;;714,0;;PKWEW;Pkw je 1.000 Einwohner, berechnet
46251;;;;2026-01-01;KREISE;;09779;;KLASS;;A1;Benzin;55,8;%;PKWANT;Anteil am Pkw-Bestand, berechnet
46251;;;;2026-01-01;KREISE;;09779;;KLASS;;A2;Diesel;32,0;%;PKWANT;Anteil am Pkw-Bestand, berechnet
46251;;;;2026-01-01;KREISE;;09779;;KLASS;;A3;Gas (einschl. bivalent);0,5;%;PKWANT;Anteil am Pkw-Bestand, berechnet
46251;;;;2026-01-01;KREISE;;09779;;KLASS;;A4;Hybrid;7,8;%;PKWANT;Anteil am Pkw-Bestand, berechnet
46251;;;;2026-01-01;KREISE;;09779;;KLASS;;A5;darunter Plug-In-Hybrid;1,9;%;PKWANT;Anteil am Pkw-Bestand, berechnet
46251;;;;2026-01-01;KREISE;;09779;;KLASS;;A6;Elektro;3,9;%;PKWANT;Anteil am Pkw-Bestand, berechnet
46251;;;;2026-01-01;KREISE;;09779;;KLASS;;A7;sonstige Kraftstoffarten;0,0;%;PKWANT;Anteil am Pkw-Bestand, berechnet
46251;;;;2026-01-01;KREISE;;09780;Oberallgäu, Landkreis;KLASS;;;Insgesamt;106022;Anzahl;W1;Personenkraftwagen nach Kraftstoffarten
46251;;;;2026-01-01;KREISE;;09780;;KLASS;;A1;Benzin;60320;Anzahl;W1;Personenkraftwagen nach Kraftstoffarten
46251;;;;2026-01-01;KREISE;;09780;;KLASS;;A2;Diesel;33007;Anzahl;W1;Personenkraftwagen nach Kraftstoffarten
46251;;;;2026-01-01;KREISE;;09780;;KLASS;;A3;Gas (einschl. bivalent);451;Anzahl;W1;Personenkraftwagen nach Kraftstoffarten
46251;;;;2026-01-01;KREISE;;09780;;KLASS;;A4;Hybrid;7722;Anzahl;W1;Personenkraftwagen nach Kraftstoffarten
46251;;;;2026-01-01;KREISE;;09780;;KLASS;;A5;darunter Plug-In-Hybrid;1748;Anzahl;W1;Personenkraftwagen nach Kraftstoffarten
46251;;;;2026-01-01;KREISE;;09780;;KLASS;;A6;Elektro;4512;Anzahl;W1;Personenkraftwagen nach Kraftstoffarten
46251;;;;2026-01-01;KREISE;;09780;;KLASS;;A7;sonstige Kraftstoffarten;10;Anzahl;W1;Personenkraftwagen nach Kraftstoffarten
46251;;;;2026-01-01;KREISE;;09780;;;;;;682,2;;PKWEW;Pkw je 1.000 Einwohner, berechnet
46251;;;;2026-01-01;KREISE;;09780;;KLASS;;A1;Benzin;56,9;%;PKWANT;Anteil am Pkw-Bestand, berechnet
46251;;;;2026-01-01;KREISE;;09780;;KLASS;;A2;Diesel;31,1;%;PKWANT;Anteil am Pkw-Bestand, berechnet
46251;;;;2026-01-01;KREISE;;09780;;KLASS;;A3;Gas (einschl. bivalent);0,4;%;PKWANT;Anteil am Pkw-Bestand, berechnet
46251;;;;2026-01-01;KREISE;;09780;;KLASS;;A4;Hybrid;7,3;%;PKWANT;Anteil am Pkw-Bestand, berechnet
46251;;;;2026-01-01;KREISE;;09780;;KLASS;;A5;darunter Plug-In-Hybrid;1,6;%;PKWANT;Anteil am Pkw-Bestand, berechnet
46251;;;;2026-01-01;KREISE;;09780;;KLASS;;A6;Elektro;4,3;%;PKWANT;Anteil am Pkw-Bestand, berechnet
46251;;;;2026-01-01;KREISE;;09780;;KLASS;;A7;sonstige Kraftstoffarten;0,0;%;PKWANT;Anteil am Pkw-Bestand, berechnet
46251;;;;2026-01-01;KREISE;;10041;Saarbrücken, Regionalverband;KLASS;;;Insgesamt;194511;Anzahl;W1;Personenkraftwagen nach Kraftstoffarten
46251;;;;2026-01-01;KREISE;;10041;;KLASS;;A1;Benzin;121761;Anzahl;W1;Personenkraftwagen nach Kraftstoffarten
46251;;;;2026-01-01;KREISE;;10041;;KLASS;;A2;Diesel;47028;Anzahl;W1;Personenkraftwagen nach Kraftstoffarten
46251;;;;2026-01-01;KREISE;;10041;;KLASS;;A3;Gas (einschl. bivalent);754;Anzahl;W1;Personenkraftwagen nach Kraftstoffarten
46251;;;;2026-01-01;KREISE;;10041;;KLASS;;A4;Hybrid;18616;Anzahl;W1;Personenkraftwagen nach Kraftstoffarten
46251;;;;2026-01-01;KREISE;;10041;;KLASS;;A5;darunter Plug-In-Hybrid;4229;Anzahl;W1;Personenkraftwagen nach Kraftstoffarten
46251;;;;2026-01-01;KREISE;;10041;;KLASS;;A6;Elektro;6316;Anzahl;W1;Personenkraftwagen nach Kraftstoffarten
46251;;;;2026-01-01;KREISE;;10041;;KLASS;;A7;sonstige Kraftstoffarten;36;Anzahl;W1;Personenkraftwagen nach Kraftstoffarten
46251;;;;2026-01-01;KREISE;;10041;;;;;;585,9;;PKWEW;Pkw je 1.000 Einwohner, berechnet
46251;;;;2026-01-01;KREISE;;10041;;KLASS;;A1;Benzin;62,6;%;PKWANT;Anteil am Pkw-Bestand, berechnet
46251;;;;2026-01-01;KREISE;;10041;;KLASS;;A2;Diesel;24,2;%;PKWANT;Anteil am Pkw-Bestand, berechnet
46251;;;;2026-01-01;KREISE;;10041;;KLASS;;A3;Gas (einschl. bivalent);0,4;%;PKWANT;Anteil am Pkw-Bestand, berechnet
46251;;;;2026-01-01;KREISE;;10041;;KLASS;;A4;Hybrid;9,6;%;PKWANT;Anteil am Pkw-Bestand, berechnet
46251;;;;2026-01-01;KREISE;;10041;;KLASS;;A5;darunter Plug-In-Hybrid;2,2;%;PKWANT;Anteil am Pkw-Bestand, berechnet
46251;;;;2026-01-01;KREISE;;10041;;KLASS;;A6;Elektro;3,2;%;PKWANT;Anteil am Pkw-Bestand, berechnet
46251;;;;2026-01-01;KREISE;;10041;;KLASS;;A7;sonstige Kraftstoffarten;0,0;%;PKWANT;Anteil am Pkw-Bestand, berechnet
46251;;;;2026-01-01;KREISE;;10041100;Saarbrücken, Landeshauptstadt;KLASS;;;Insgesamt;96810;Anzahl;W1;Personenkraftwagen nach Kraftstoffarten
46251;;;;2026-01-01;KREISE;;10041100;;KLASS;;A1;Benzin;59423;Anzahl;W1;Personenkraftwagen nach Kraftstoffarten
46251;;;;2026-01-01;KREISE;;10041100;;KLASS;;A2;Diesel;23725;Anzahl;W1;Personenkraftwagen nach Kraftstoffarten
46251;;;;2026-01-01;KREISE;;10041100;;KLASS;;A3;Gas (einschl. bivalent);401;Anzahl;W1;Personenkraftwagen nach Kraftstoffarten
46251;;;;2026-01-01;KREISE;;10041100;;KLASS;;A4;Hybrid;9673;Anzahl;W1;Personenkraftwagen nach Kraftstoffarten
46251;;;;2026-01-01;KREISE;;10041100;;KLASS;;A5;darunter Plug-In-Hybrid;2445;Anzahl;W1;Personenkraftwagen nach Kraftstoffarten
46251;;;;2026-01-01;KREISE;;10041100;;KLASS;;A6;Elektro;3567;Anzahl;W1;Personenkraftwagen nach Kraftstoffarten
46251;;;;2026-01-01;KREISE;;10041100;;KLASS;;A7;sonstige Kraftstoffarten;21;Anzahl;W1;Personenkraftwagen nach Kraftstoffarten
46251;;;;2026-01-01;KREISE;;10041100;;;;;;529,4;;PKWEW;Pkw je 1.000 Einwohner, berechnet
46251;;;;2026-01-01;KREISE;;10041100;;KLASS;;A1;Benzin;61,4;%;PKWANT;Anteil am Pkw-Bestand, berechnet
46251;;;;2026-01-01;KREISE;;10041100;;KLASS;;A2;Diesel;24,5;%;PKWANT;Anteil am Pkw-Bestand, berechnet
46251;;;;2026-01-01;KREISE;;10041100;;KLASS;;A3;Gas (einschl. bivalent);0,4;%;PKWANT;Anteil am Pkw-Bestand, berechnet
46251;;;;2026-01-01;KREISE;;10041100;;KLASS;;A4;Hybrid;10,0;%;PKWANT;Anteil am Pkw-Bestand, berechnet
46251;;;;2026-01-01;KREISE;;10041100;;KLASS;;A5;darunter Plug-In-Hybrid;2,5;%;PKWANT;Anteil am Pkw-Bestand, berechnet
46251;;;;2026-01-01;KREISE;;10041100;;KLASS;;A6;Elektro;3,7;%;PKWANT;Anteil am Pkw-Bestand, berechnet
46251;;;;2026-01-01;KREISE;;10041100;;KLASS;;A7;sonstige Kraftstoffarten;0,0;%;PKWANT;Anteil am Pkw-Bestand, berechnet
46251;;;;2026-01-01;KREISE;;10042;Merzig-Wadern, Landkreis;KLASS;;;Insgesamt;73696;Anzahl;W1;Personenkraftwagen nach Kraftstoffarten
46251;;;;2026-01-01;KREISE;;10042;;KLASS;;A1;Benzin;43321;Anzahl;W1;Personenkraftwagen nach Kraftstoffarten
46251;;;;2026-01-01;KREISE;;10042;;KLASS;;A2;Diesel;21641;Anzahl;W1;Personenkraftwagen nach Kraftstoffarten
46251;;;;2026-01-01;KREISE;;10042;;KLASS;;A3;Gas (einschl. bivalent);286;Anzahl;W1;Personenkraftwagen nach Kraftstoffarten
46251;;;;2026-01-01;KREISE;;10042;;KLASS;;A4;Hybrid;6182;Anzahl;W1;Personenkraftwagen nach Kraftstoffarten
46251;;;;2026-01-01;KREISE;;10042;;KLASS;;A5;darunter Plug-In-Hybrid;1179;Anzahl;W1;Personenkraftwagen nach Kraftstoffarten
46251;;;;2026-01-01;KREISE;;10042;;KLASS;;A6;Elektro;2258;Anzahl;W1;Personenkraftwagen nach Kraftstoffarten
46251;;;;2026-01-01;KREISE;;10042;;KLASS;;A7;sonstige Kraftstoffarten;8;Anzahl;W1;Personenkraftwagen nach Kraftstoffarten
46251;;;;2026-01-01;KREISE;;10042;;;;;;682,5;;PKWEW;Pkw je 1.000 Einwohner, berechnet
46251;;;;2026-01-01;KREISE;;10042;;KLASS;;A1;Benzin;58,8;%;PKWANT;Anteil am Pkw-Bestand, berechnet
46251;;;;2026-01-01;KREISE;;10042;;KLASS;;A2;Diesel;29,4;%;PKWANT;Anteil am Pkw-Bestand, berechnet
46251;;;;2026-01-01;KREISE;;10042;;KLASS;;A3;Gas (einschl. bivalent);0,4;%;PKWANT;Anteil am Pkw-Bestand, berechnet
46251;;;;2026-01-01;KREISE;;10042;;KLASS;;A4;Hybrid;8,4;%;PKWANT;Anteil am Pkw-Bestand, berechnet
46251;;;;2026-01-01;KREISE;;10042;;KLASS;;A5;darunter Plug-In-Hybrid;1,6;%;PKWANT;Anteil am Pkw-Bestand, berechnet
46251;;;;2026-01-01;KREISE;;10042;;KLASS;;A6;Elektro;3,1;%;PKWANT;Anteil am Pkw-Bestand, berechnet
46251;;;;2026-01-01;KREISE;;10042;;KLASS;;A7;sonstige Kraftstoffarten;0,0;%;PKWANT;Anteil am Pkw-Bestand, berechnet
46251;;;;2026-01-01;KREISE;;10043;Neunkirchen, Landkreis;KLASS;;;Insgesamt;87568;Anzahl;W1;Personenkraftwagen nach Kraftstoffarten
46251;;;;2026-01-01;KREISE;;10043;;KLASS;;A1;Benzin;55827;Anzahl;W1;Personenkraftwagen nach Kraftstoffarten
46251;;;;2026-01-01;KREISE;;10043;;KLASS;;A2;Diesel;20863;Anzahl;W1;Personenkraftwagen nach Kraftstoffarten
46251;;;;2026-01-01;KREISE;;10043;;KLASS;;A3;Gas (einschl. bivalent);420;Anzahl;W1;Personenkraftwagen nach Kraftstoffarten
46251;;;;2026-01-01;KREISE;;10043;;KLASS;;A4;Hybrid;7801;Anzahl;W1;Personenkraftwagen nach Kraftstoffarten
46251;;;;2026-01-01;KREISE;;10043;;KLASS;;A5;darunter Plug-In-Hybrid;1696;Anzahl;W1;Personenkraftwagen nach Kraftstoffarten
46251;;;;2026-01-01;KREISE;;10043;;KLASS;;A6;Elektro;2645;Anzahl;W1;Personenkraftwagen nach Kraftstoffarten
46251;;;;2026-01-01;KREISE;;10043;;KLASS;;A7;sonstige Kraftstoffarten;12;Anzahl;W1;Personenkraftwagen nach Kraftstoffarten
46251;;;;2026-01-01;KREISE;;10043;;;;;;660,4;;PKWEW;Pkw je 1.000 Einwohner, berechnet
46251;;;;2026-01-01;KREISE;;10043;;KLASS;;A1;Benzin;63,8;%;PKWANT;Anteil am Pkw-Bestand, berechnet
46251;;;;2026-01-01;KREISE;;10043;;KLASS;;A2;Diesel;23,8;%;PKWANT;Anteil am Pkw-Bestand, berechnet
46251;;;;2026-01-01;KREISE;;10043;;KLASS;;A3;Gas (einschl. bivalent);0,5;%;PKWANT;Anteil am Pkw-Bestand, berechnet
46251;;;;2026-01-01;KREISE;;10043;;KLASS;;A4;Hybrid;8,9;%;PKWANT;Anteil am Pkw-Bestand, berechnet
46251;;;;2026-01-01;KREISE;;10043;;KLASS;;A5;darunter Plug-In-Hybrid;1,9;%;PKWANT;Anteil am Pkw-Bestand, berechnet
46251;;;;2026-01-01;KREISE;;10043;;KLASS;;A6;Elektro;3,0;%;PKWANT;Anteil am Pkw-Bestand, berechnet
46251;;;;2026-01-01;KREISE;;10043;;KLASS;;A7;sonstige Kraftstoffarten;0,0;%;PKWANT;Anteil am Pkw-Bestand, berechnet
46251;;;;2026-01-01;KREISE;;10044;Saarlouis, Landkreis;KLASS;;;Insgesamt;135518;Anzahl;W1;Personenkraftwagen nach Kraftstoffarten
46251;;;;2026-01-01;KREISE;;10044;;KLASS;;A1;Benzin;85762;Anzahl;W1;Personenkraftwagen nach Kraftstoffarten
46251;;;;2026-01-01;KREISE;;10044;;KLASS;;A2;Diesel;33180;Anzahl;W1;Personenkraftwagen nach Kraftstoffarten
46251;;;;2026-01-01;KREISE;;10044;;KLASS;;A3;Gas (einschl. bivalent);548;Anzahl;W1;Personenkraftwagen nach Kraftstoffarten
46251;;;;2026-01-01;KREISE;;10044;;KLASS;;A4;Hybrid;11708;Anzahl;W1;Personenkraftwagen nach Kraftstoffarten
46251;;;;2026-01-01;KREISE;;10044;;KLASS;;A5;darunter Plug-In-Hybrid;2816;Anzahl;W1;Personenkraftwagen nach Kraftstoffarten
46251;;;;2026-01-01;KREISE;;10044;;KLASS;;A6;Elektro;4294;Anzahl;W1;Personenkraftwagen nach Kraftstoffarten
46251;;;;2026-01-01;KREISE;;10044;;KLASS;;A7;sonstige Kraftstoffarten;26;Anzahl;W1;Personenkraftwagen nach Kraftstoffarten
46251;;;;2026-01-01;KREISE;;10044;;;;;;664,0;;PKWEW;Pkw je 1.000 Einwohner, berechnet
46251;;;;2026-01-01;KREISE;;10044;;KLASS;;A1;Benzin;63,3;%;PKWANT;Anteil am Pkw-Bestand, berechnet
46251;;;;2026-01-01;KREISE;;10044;;KLASS;;A2;Diesel;24,5;%;PKWANT;Anteil am Pkw-Bestand, berechnet
46251;;;;2026-01-01;KREISE;;10044;;KLASS;;A3;Gas (einschl. bivalent);0,4;%;PKWANT;Anteil am Pkw-Bestand, berechnet
46251;;;;2026-01-01;KREISE;;10044;;KLASS;;A4;Hybrid;8,6;%;PKWANT;Anteil am Pkw-Bestand, berechnet
46251;;;;2026-01-01;KREISE;;10044;;KLASS;;A5;darunter Plug-In-Hybrid;2,1;%;PKWANT;Anteil am Pkw-Bestand, berechnet
46251;;;;2026-01-01;KREISE;;10044;;KLASS;;A6;Elektro;3,2;%;PKWANT;Anteil am Pkw-Bestand, berechnet
46251;;;;2026-01-01;KREISE;;10044;;KLASS;;A7;sonstige Kraftstoffarten;0,0;%;PKWANT;Anteil am Pkw-Bestand, berechnet
46251;;;;2026-01-01;KREISE;;10045;Saarpfalz-Kreis;KLASS;;;Insgesamt;99640;Anzahl;W1;Personenkraftwagen nach Kraftstoffarten
46251;;;;2026-01-01;KREISE;;10045;;KLASS;;A1;Benzin;61772;Anzahl;W1;Personenkraftwagen nach Kraftstoffarten
46251;;;;2026-01-01;KREISE;;10045;;KLASS;;A2;Diesel;25389;Anzahl;W1;Personenkraftwagen nach Kraftstoffarten
46251;;;;2026-01-01;KREISE;;10045;;KLASS;;A3;Gas (einschl. bivalent);502;Anzahl;W1;Personenkraftwagen nach Kraftstoffarten
46251;;;;2026-01-01;KREISE;;10045;;KLASS;;A4;Hybrid;8480;Anzahl;W1;Personenkraftwagen nach Kraftstoffarten
46251;;;;2026-01-01;KREISE;;10045;;KLASS;;A5;darunter Plug-In-Hybrid;1982;Anzahl;W1;Personenkraftwagen nach Kraftstoffarten
46251;;;;2026-01-01;KREISE;;10045;;KLASS;;A6;Elektro;3469;Anzahl;W1;Personenkraftwagen nach Kraftstoffarten
46251;;;;2026-01-01;KREISE;;10045;;KLASS;;A7;sonstige Kraftstoffarten;28;Anzahl;W1;Personenkraftwagen nach Kraftstoffarten
46251;;;;2026-01-01;KREISE;;10045;;;;;;695,3;;PKWEW;Pkw je 1.000 Einwohner, berechnet
46251;;;;2026-01-01;KREISE;;10045;;KLASS;;A1;Benzin;62,0;%;PKWANT;Anteil am Pkw-Bestand, berechnet
46251;;;;2026-01-01;KREISE;;10045;;KLASS;;A2;Diesel;25,5;%;PKWANT;Anteil am Pkw-Bestand, berechnet
46251;;;;2026-01-01;KREISE;;10045;;KLASS;;A3;Gas (einschl. bivalent);0,5;%;PKWANT;Anteil am Pkw-Bestand, berechnet
46251;;;;2026-01-01;KREISE;;10045;;KLASS;;A4;Hybrid;8,5;%;PKWANT;Anteil am Pkw-Bestand, berechnet
46251;;;;2026-01-01;KREISE;;10045;;KLASS;;A5;darunter Plug-In-Hybrid;2,0;%;PKWANT;Anteil am Pkw-Bestand, berechnet
46251;;;;2026-01-01;KREISE;;10045;;KLASS;;A6;Elektro;3,5;%;PKWANT;Anteil am Pkw-Bestand, berechnet
46251;;;;2026-01-01;KREISE;;10045;;KLASS;;A7;sonstige Kraftstoffarten;0,0;%;PKWANT;Anteil am Pkw-Bestand, berechnet
46251;;;;2026-01-01;KREISE;;10046;St. Wendel, Landkreis;KLASS;;;Insgesamt;63083;Anzahl;W1;Personenkraftwagen nach Kraftstoffarten
46251;;;;2026-01-01;KREISE;;10046;;KLASS;;A1;Benzin;38627;Anzahl;W1;Personenkraftwagen nach Kraftstoffarten
46251;;;;2026-01-01;KREISE;;10046;;KLASS;;A2;Diesel;16490;Anzahl;W1;Personenkraftwagen nach Kraftstoffarten
46251;;;;2026-01-01;KREISE;;10046;;KLASS;;A3;Gas (einschl. bivalent);328;Anzahl;W1;Personenkraftwagen nach Kraftstoffarten
46251;;;;2026-01-01;KREISE;;10046;;KLASS;;A4;Hybrid;5557;Anzahl;W1;Personenkraftwagen nach Kraftstoffarten
46251;;;;2026-01-01;KREISE;;10046;;KLASS;;A5;darunter Plug-In-Hybrid;1160;Anzahl;W1;Personenkraftwagen nach Kraftstoffarten
46251;;;;2026-01-01;KREISE;;10046;;KLASS;;A6;Elektro;2074;Anzahl;W1;Personenkraftwagen nach Kraftstoffarten
46251;;;;2026-01-01;KREISE;;10046;;KLASS;;A7;sonstige Kraftstoffarten;7;Anzahl;W1;Personenkraftwagen nach Kraftstoffarten
46251;;;;2026-01-01;KREISE;;10046;;;;;;722,0;;PKWEW;Pkw je 1.000 Einwohner, berechnet
46251;;;;2026-01-01;KREISE;;10046;;KLASS;;A1;Benzin;61,2;%;PKWANT;Anteil am Pkw-Bestand, berechnet
46251;;;;2026-01-01;KREISE;;10046;;KLASS;;A2;Diesel;26,1;%;PKWANT;Anteil am Pkw-Bestand, berechnet
46251;;;;2026-01-01;KREISE;;10046;;KLASS;;A3;Gas (einschl. bivalent);0,5;%;PKWANT;Anteil am Pkw-Bestand, berechnet
46251;;;;2026-01-01;KREISE;;10046;;KLASS;;A4;Hybrid;8,8;%;PKWANT;Anteil am Pkw-Bestand, berechnet
46251;;;;2026-01-01;KREISE;;10046;;KLASS;;A5;darunter Plug-In-Hybrid;1,8;%;PKWANT;Anteil am Pkw-Bestand, berechnet
46251;;;;2026-01-01;KREISE;;10046;;KLASS;;A6;Elektro;3,3;%;PKWANT;Anteil am Pkw-Bestand, berechnet
46251;;;;2026-01-01;KREISE;;10046;;KLASS;;A7;sonstige Kraftstoffarten;0,0;%;PKWANT;Anteil am Pkw-Bestand, berechnet
46251;;;;2026-01-01;KREISE;;11000;Berlin;KLASS;;;Insgesamt;1222641;Anzahl;W1;Personenkraftwagen nach Kraftstoffarten
46251;;;;2026-01-01;KREISE;;11000;;KLASS;;A1;Benzin;779715;Anzahl;W1;Personenkraftwagen nach Kraftstoffarten
46251;;;;2026-01-01;KREISE;;11000;;KLASS;;A2;Diesel;242671;Anzahl;W1;Personenkraftwagen nach Kraftstoffarten
46251;;;;2026-01-01;KREISE;;11000;;KLASS;;A3;Gas (einschl. bivalent);10521;Anzahl;W1;Personenkraftwagen nach Kraftstoffarten
46251;;;;2026-01-01;KREISE;;11000;;KLASS;;A4;Hybrid;140450;Anzahl;W1;Personenkraftwagen nach Kraftstoffarten
46251;;;;2026-01-01;KREISE;;11000;;KLASS;;A5;darunter Plug-In-Hybrid;32396;Anzahl;W1;Personenkraftwagen nach Kraftstoffarten
46251;;;;2026-01-01;KREISE;;11000;;KLASS;;A6;Elektro;48888;Anzahl;W1;Personenkraftwagen nach Kraftstoffarten
46251;;;;2026-01-01;KREISE;;11000;;KLASS;;A7;sonstige Kraftstoffarten;396;Anzahl;W1;Personenkraftwagen nach Kraftstoffarten
46251;;;;2026-01-01;KREISE;;11000;;;;;;330,4;;PKWEW;Pkw je 1.000 Einwohner, berechnet
46251;;;;2026-01-01;KREISE;;11000;;KLASS;;A1;Benzin;63,8;%;PKWANT;Anteil am Pkw-Bestand, berechnet
46251;;;;2026-01-01;KREISE;;11000;;KLASS;;A2;Diesel;19,8;%;PKWANT;Anteil am Pkw-Bestand, berechnet
46251;;;;2026-01-01;KREISE;;11000;;KLASS;;A3;Gas (einschl. bivalent);0,9;%;PKWANT;Anteil am Pkw-Bestand, berechnet
46251;;;;2026-01-01;KREISE;;11000;;KLASS;;A4;Hybrid;11,5;%;PKWANT;Anteil am Pkw-Bestand, berechnet
46251;;;;2026-01-01;KREISE;;11000;;KLASS;;A5;darunter Plug-In-Hybrid;2,6;%;PKWANT;Anteil am Pkw-Bestand, berechnet
46251;;;;2026-01-01;KREISE;;11000;;KLASS;;A6;Elektro;4,0;%;PKWANT;Anteil am Pkw-Bestand, berechnet
46251;;;;2026-01-01;KREISE;;11000;;KLASS;;A7;sonstige Kraftstoffarten;0,0;%;PKWANT;Anteil am Pkw-Bestand, berechnet
46251;;;;2026-01-01;KREISE;;11001001;Berlin-Mitte;KLASS;;;Insgesamt;.;Anzahl;W1;Personenkraftwagen nach Kraftstoffarten
46251;;;;2026-01-01;KREISE;;11001001;;KLASS;;A1;Benzin;.;Anzahl;W1;Personenkraftwagen nach Kraftstoffarten
46251;;;;2026-01-01;KREISE;;11001001;;KLASS;;A2;Diesel;.;Anzahl;W1;Personenkraftwagen nach Kraftstoffarten
46251;;;;2026-01-01;KREISE;;11001001;;KLASS;;A3;Gas (einschl. bivalent);.;Anzahl;W1;Personenkraftwagen nach Kraftstoffarten
46251;;;;2026-01-01;KREISE;;11001001;;KLASS;;A4;Hybrid;.;Anzahl;W1;Personenkraftwagen nach Kraftstoffarten
46251;;;;2026-01-01;KREISE;;11001001;;KLASS;;A5;darunter Plug-In-Hybrid;.;Anzahl;W1;Personenkraftwagen nach Kraftstoffarten
46251;;;;2026-01-01;KREISE;;11001001;;KLASS;;A6;Elektro;.;Anzahl;W1;Personenkraftwagen nach Kraftstoffarten
46251;;;;2026-01-01;KREISE;;11001001;;KLASS;;A7;sonstige Kraftstoffarten;.;Anzahl;W1;Personenkraftwagen nach Kraftstoffarten
46251;;;;2026-01-01;KREISE;;11002002;Berlin-Friedrichshain-Kreuzberg;KLASS;;;Insgesamt;.;Anzahl;W1;Personenkraftwagen nach Kraftstoffarten
46251;;;;2026-01-01;KREISE;;11002002;;KLASS;;A1;Benzin;.;Anzahl;W1;Personenkraftwagen nach Kraftstoffarten
46251;;;;2026-01-01;KREISE;;11002002;;KLASS;;A2;Diesel;.;Anzahl;W1;Personenkraftwagen nach Kraftstoffarten
46251;;;;2026-01-01;KREISE;;11002002;;KLASS;;A3;Gas (einschl. bivalent);.;Anzahl;W1;Personenkraftwagen nach Kraftstoffarten
46251;;;;2026-01-01;KREISE;;11002002;;KLASS;;A4;Hybrid;.;Anzahl;W1;Personenkraftwagen nach Kraftstoffarten
46251;;;;2026-01-01;KREISE;;11002002;;KLASS;;A5;darunter Plug-In-Hybrid;.;Anzahl;W1;Personenkraftwagen nach Kraftstoffarten
46251;;;;2026-01-01;KREISE;;11002002;;KLASS;;A6;Elektro;.;Anzahl;W1;Personenkraftwagen nach Kraftstoffarten
46251;;;;2026-01-01;KREISE;;11002002;;KLASS;;A7;sonstige Kraftstoffarten;.;Anzahl;W1;Personenkraftwagen nach Kraftstoffarten
46251;;;;2026-01-01;KREISE;;11003003;Berlin-Pankow;KLASS;;;Insgesamt;.;Anzahl;W1;Personenkraftwagen nach Kraftstoffarten
46251;;;;2026-01-01;KREISE;;11003003;;KLASS;;A1;Benzin;.;Anzahl;W1;Personenkraftwagen nach Kraftstoffarten
46251;;;;2026-01-01;KREISE;;11003003;;KLASS;;A2;Diesel;.;Anzahl;W1;Personenkraftwagen nach Kraftstoffarten
46251;;;;2026-01-01;KREISE;;11003003;;KLASS;;A3;Gas (einschl. bivalent);.;Anzahl;W1;Personenkraftwagen nach Kraftstoffarten
46251;;;;2026-01-01;KREISE;;11003003;;KLASS;;A4;Hybrid;.;Anzahl;W1;Personenkraftwagen nach Kraftstoffarten
46251;;;;2026-01-01;KREISE;;11003003;;KLASS;;A5;darunter Plug-In-Hybrid;.;Anzahl;W1;Personenkraftwagen nach Kraftstoffarten
46251;;;;2026-01-01;KREISE;;11003003;;KLASS;;A6;Elektro;.;Anzahl;W1;Personenkraftwagen nach Kraftstoffarten
46251;;;;2026-01-01;KREISE;;11003003;;KLASS;;A7;sonstige Kraftstoffarten;.;Anzahl;W1;Personenkraftwagen nach Kraftstoffarten
46251;;;;2026-01-01;KREISE;;11004004;Berlin-Charlottenburg-Wilmersdorf;KLASS;;;Insgesamt;.;Anzahl;W1;Personenkraftwagen nach Kraftstoffarten
46251;;;;2026-01-01;KREISE;;11004004;;KLASS;;A1;Benzin;.;Anzahl;W1;Personenkraftwagen nach Kraftstoffarten
46251;;;;2026-01-01;KREISE;;11004004;;KLASS;;A2;Diesel;.;Anzahl;W1;Personenkraftwagen nach Kraftstoffarten
46251;;;;2026-01-01;KREISE;;11004004;;KLASS;;A3;Gas (einschl. bivalent);.;Anzahl;W1;Personenkraftwagen nach Kraftstoffarten
46251;;;;2026-01-01;KREISE;;11004004;;KLASS;;A4;Hybrid;.;Anzahl;W1;Personenkraftwagen nach Kraftstoffarten
46251;;;;2026-01-01;KREISE;;11004004;;KLASS;;A5;darunter Plug-In-Hybrid;.;Anzahl;W1;Personenkraftwagen nach Kraftstoffarten
46251;;;;2026-01-01;KREISE;;11004004;;KLASS;;A6;Elektro;.;Anzahl;W1;Personenkraftwagen nach Kraftstoffarten
46251;;;;2026-01-01;KREISE;;11004004;;KLASS;;A7;sonstige Kraftstoffarten;.;Anzahl;W1;Personenkraftwagen nach Kraftstoffarten
46251;;;;2026-01-01;KREISE;;11005005;Berlin-Spandau;KLASS;;;Insgesamt;.;Anzahl;W1;Personenkraftwagen nach Kraftstoffarten
46251;;;;2026-01-01;KREISE;;11005005;;KLASS;;A1;Benzin;.;Anzahl;W1;Personenkraftwagen nach Kraftstoffarten
46251;;;;2026-01-01;KREISE;;11005005;;KLASS;;A2;Diesel;.;Anzahl;W1;Personenkraftwagen nach Kraftstoffarten
46251;;;;2026-01-01;KREISE;;11005005;;KLASS;;A3;Gas (einschl. bivalent);.;Anzahl;W1;Personenkraftwagen nach Kraftstoffarten
46251;;;;2026-01-01;KREISE;;11005005;;KLASS;;A4;Hybrid;.;Anzahl;W1;Personenkraftwagen nach Kraftstoffarten
46251;;;;2026-01-01;KREISE;;11005005;;KLASS;;A5;darunter Plug-In-Hybrid;.;Anzahl;W1;Personenkraftwagen nach Kraftstoffarten
46251;;;;2026-01-01;KREISE;;11005005;;KLASS;;A6;Elektro;.;Anzahl;W1;Personenkraftwagen nach Kraftstoffarten
46251;;;;2026-01-01;KREISE;;11005005;;KLASS;;A7;sonstige Kraftstoffarten;.;Anzahl;W1;Personenkraftwagen nach Kraftstoffarten
46251;;;;2026-01-01;KREISE;;11006006;Berlin-Steglitz-Zehlendorf;KLASS;;;Insgesamt;.;Anzahl;W1;Personenkraftwagen nach Kraftstoffarten
46251;;;;2026-01-01;KREISE;;11006006;;KLASS;;A1;Benzin;.;Anzahl;W1;Personenkraftwagen nach Kraftstoffarten
46251;;;;2026-01-01;KREISE;;11006006;;KLASS;;A2;Diesel;.;Anzahl;W1;Personenkraftwagen nach Kraftstoffarten
46251;;;;2026-01-01;KREISE;;11006006;;KLASS;;A3;Gas (einschl. bivalent);.;Anzahl;W1;Personenkraftwagen nach Kraftstoffarten
46251;;;;2026-01-01;KREISE;;11006006;;KLASS;;A4;Hybrid;.;Anzahl;W1;Personenkraftwagen nach Kraftstoffarten
46251;;;;2026-01-01;KREISE;;11006006;;KLASS;;A5;darunter Plug-In-Hybrid;.;Anzahl;W1;Personenkraftwagen nach Kraftstoffarten
46251;;;;2026-01-01;KREISE;;11006006;;KLASS;;A6;Elektro;.;Anzahl;W1;Personenkraftwagen nach Kraftstoffarten
46251;;;;2026-01-01;KREISE;;11006006;;KLASS;;A7;sonstige Kraftstoffarten;.;Anzahl;W1;Personenkraftwagen nach Kraftstoffarten
46251;;;;2026-01-01;KREISE;;11007007;Berlin-Tempelhof-Schöneberg;KLASS;;;Insgesamt;.;Anzahl;W1;Personenkraftwagen nach Kraftstoffarten
46251;;;;2026-01-01;KREISE;;11007007;;KLASS;;A1;Benzin;.;Anzahl;W1;Personenkraftwagen nach Kraftstoffarten
46251;;;;2026-01-01;KREISE;;11007007;;KLASS;;A2;Diesel;.;Anzahl;W1;Personenkraftwagen nach Kraftstoffarten
46251;;;;2026-01-01;KREISE;;11007007;;KLASS;;A3;Gas (einschl. bivalent);.;Anzahl;W1;Personenkraftwagen nach Kraftstoffarten
46251;;;;2026-01-01;KREISE;;11007007;;KLASS;;A4;Hybrid;.;Anzahl;W1;Personenkraftwagen nach Kraftstoffarten
46251;;;;2026-01-01;KREISE;;11007007;;KLASS;;A5;darunter Plug-In-Hybrid;.;Anzahl;W1;Personenkraftwagen nach Kraftstoffarten
46251;;;;2026-01-01;KREISE;;11007007;;KLASS;;A6;Elektro;.;Anzahl;W1;Personenkraftwagen nach Kraftstoffarten
46251;;;;2026-01-01;KREISE;;11007007;;KLASS;;A7;sonstige Kraftstoffarten;.;Anzahl;W1;Personenkraftwagen nach Kraftstoffarten
46251;;;;2026-01-01;KREISE;;11008008;Berlin-Neukölln;KLASS;;;Insgesamt;.;Anzahl;W1;Personenkraftwagen nach Kraftstoffarten
46251;;;;2026-01-01;KREISE;;11008008;;KLASS;;A1;Benzin;.;Anzahl;W1;Personenkraftwagen nach Kraftstoffarten
46251;;;;2026-01-01;KREISE;;11008008;;KLASS;;A2;Diesel;.;Anzahl;W1;Personenkraftwagen nach Kraftstoffarten
46251;;;;2026-01-01;KREISE;;11008008;;KLASS;;A3;Gas (einschl. bivalent);.;Anzahl;W1;Personenkraftwagen nach Kraftstoffarten
46251;;;;2026-01-01;KREISE;;11008008;;KLASS;;A4;Hybrid;.;Anzahl;W1;Personenkraftwagen nach Kraftstoffarten
46251;;;;2026-01-01;KREISE;;11008008;;KLASS;;A5;darunter Plug-In-Hybrid;.;Anzahl;W1;Personenkraftwagen nach Kraftstoffarten
46251;;;;2026-01-01;KREISE;;11008008;;KLASS;;A6;Elektro;.;Anzahl;W1;Personenkraftwagen nach Kraftstoffarten
46251;;;;2026-01-01;KREISE;;11008008;;KLASS;;A7;sonstige Kraftstoffarten;.;Anzahl;W1;Personenkraftwagen nach Kraftstoffarten
46251;;;;2026-01-01;KREISE;;11009009;Berlin-Treptow-Köpenick;KLASS;;;Insgesamt;.;Anzahl;W1;Personenkraftwagen nach Kraftstoffarten
46251;;;;2026-01-01;KREISE;;11009009;;KLASS;;A1;Benzin;.;Anzahl;W1;Personenkraftwagen nach Kraftstoffarten
46251;;;;2026-01-01;KREISE;;11009009;;KLASS;;A2;Diesel;.;Anzahl;W1;Personenkraftwagen nach Kraftstoffarten
46251;;;;2026-01-01;KREISE;;11009009;;KLASS;;A3;Gas (einschl. bivalent);.;Anzahl;W1;Personenkraftwagen nach Kraftstoffarten
46251;;;;2026-01-01;KREISE;;11009009;;KLASS;;A4;Hybrid;.;Anzahl;W1;Personenkraftwagen nach Kraftstoffarten
46251;;;;2026-01-01;KREISE;;11009009;;KLASS;;A5;darunter Plug-In-Hybrid;.;Anzahl;W1;Personenkraftwagen nach Kraftstoffarten
46251;;;;2026-01-01;KREISE;;11009009;;KLASS;;A6;Elektro;.;Anzahl;W1;Personenkraftwagen nach Kraftstoffarten
46251;;;;2026-01-01;KREISE;;11009009;;KLASS;;A7;sonstige Kraftstoffarten;.;Anzahl;W1;Personenkraftwagen nach Kraftstoffarten
46251;;;;2026-01-01;KREISE;;11010010;Berlin-Marzahn-Hellersdorf;KLASS;;;Insgesamt;.;Anzahl;W1;Personenkraftwagen nach Kraftstoffarten
46251;;;;2026-01-01;KREISE;;11010010;;KLASS;;A1;Benzin;.;Anzahl;W1;Personenkraftwagen nach Kraftstoffarten
46251;;;;2026-01-01;KREISE;;11010010;;KLASS;;A2;Diesel;.;Anzahl;W1;Personenkraftwagen nach Kraftstoffarten
46251;;;;2026-01-01;KREISE;;11010010;;KLASS;;A3;Gas (einschl. bivalent);.;Anzahl;W1;Personenkraftwagen nach Kraftstoffarten
46251;;;;2026-01-01;KREISE;;11010010;;KLASS;;A4;Hybrid;.;Anzahl;W1;Personenkraftwagen nach Kraftstoffarten
46251;;;;2026-01-01;KREISE;;11010010;;KLASS;;A5;darunter Plug-In-Hybrid;.;Anzahl;W1;Personenkraftwagen nach Kraftstoffarten
46251;;;;2026-01-01;KREISE;;11010010;;KLASS;;A6;Elektro;.;Anzahl;W1;Personenkraftwagen nach Kraftstoffarten
46251;;;;2026-01-01;KREISE;;11010010;;KLASS;;A7;sonstige Kraftstoffarten;.;Anzahl;W1;Personenkraftwagen nach Kraftstoffarten
46251;;;;2026-01-01;KREISE;;11011011;Berlin-Lichtenberg;KLASS;;;Insgesamt;.;Anzahl;W1;Personenkraftwagen nach Kraftstoffarten
46251;;;;2026-01-01;KREISE;;11011011;;KLASS;;A1;Benzin;.;Anzahl;W1;Personenkraftwagen nach Kraftstoffarten
46251;;;;2026-01-01;KREISE;;11011011;;KLASS;;A2;Diesel;.;Anzahl;W1;Personenkraftwagen nach Kraftstoffarten
46251;;;;2026-01-01;KREISE;;11011011;;KLASS;;A3;Gas (einschl. bivalent);.;Anzahl;W1;Personenkraftwagen nach Kraftstoffarten
46251;;;;2026-01-01;KREISE;;11011011;;KLASS;;A4;Hybrid;.;Anzahl;W1;Personenkraftwagen nach Kraftstoffarten
46251;;;;2026-01-01;KREISE;;11011011;;KLASS;;A5;darunter Plug-In-Hybrid;.;Anzahl;W1;Personenkraftwagen nach Kraftstoffarten
46251;;;;2026-01-01;KREISE;;11011011;;KLASS;;A6;Elektro;.;Anzahl;W1;Personenkraftwagen nach Kraftstoffarten
46251;;;;2026-01-01;KREISE;;11011011;;KLASS;;A7;sonstige Kraftstoffarten;.;Anzahl;W1;Personenkraftwagen nach Kraftstoffarten
46251;;;;2026-01-01;KREISE;;11012012;Berlin-Reinickendorf;KLASS;;;Insgesamt;.;Anzahl;W1;Personenkraftwagen nach Kraftstoffarten
46251;;;;2026-01-01;KREISE;;11012012;;KLASS;;A1;Benzin;.;Anzahl;W1;Personenkraftwagen nach Kraftstoffarten
46251;;;;2026-01-01;KREISE;;11012012;;KLASS;;A2;Diesel;.;Anzahl;W1;Personenkraftwagen nach Kraftstoffarten
46251;;;;2026-01-01;KREISE;;11012012;;KLASS;;A3;Gas (einschl. bivalent);.;Anzahl;W1;Personenkraftwagen nach Kraftstoffarten
46251;;;;2026-01-01;KREISE;;11012012;;KLASS;;A4;Hybrid;.;Anzahl;W1;Personenkraftwagen nach Kraftstoffarten
46251;;;;2026-01-01;KREISE;;11012012;;KLASS;;A5;darunter Plug-In-Hybrid;.;Anzahl;W1;Personenkraftwagen nach Kraftstoffarten
46251;;;;2026-01-01;KREISE;;11012012;;KLASS;;A6;Elektro;.;Anzahl;W1;Personenkraftwagen nach Kraftstoffarten
46251;;;;2026-01-01;KREISE;;11012012;;KLASS;;A7;sonstige Kraftstoffarten;.;Anzahl;W1;Personenkraftwagen nach Kraftstoffarten
46251;;;;2026-01-01;KREISE;;12051;Brandenburg an der Havel, kreisfreie Stadt;KLASS;;;Insgesamt;35099;Anzahl;W1;Personenkraftwagen nach Kraftstoffarten
46251;;;;2026-01-01;KREISE;;12051;;KLASS;;A1;Benzin;22859;Anzahl;W1;Personenkraftwagen nach Kraftstoffarten
46251;;;;2026-01-01;KREISE;;12051;;KLASS;;A2;Diesel;7977;Anzahl;W1;Personenkraftwagen nach Kraftstoffarten
46251;;;;2026-01-01;KREISE;;12051;;KLASS;;A3;Gas (einschl. bivalent);196;Anzahl;W1;Personenkraftwagen nach Kraftstoffarten
46251;;;;2026-01-01;KREISE;;12051;;KLASS;;A4;Hybrid;3168;Anzahl;W1;Personenkraftwagen nach Kraftstoffarten
46251;;;;2026-01-01;KREISE;;12051;;KLASS;;A5;darunter Plug-In-Hybrid;672;Anzahl;W1;Personenkraftwagen nach Kraftstoffarten
46251;;;;2026-01-01;KREISE;;12051;;KLASS;;A6;Elektro;893;Anzahl;W1;Personenkraftwagen nach Kraftstoffarten
46251;;;;2026-01-01;KREISE;;12051;;KLASS;;A7;sonstige Kraftstoffarten;6;Anzahl;W1;Personenkraftwagen nach Kraftstoffarten
46251;;;;2026-01-01;KREISE;;12051;;;;;;474,7;;PKWEW;Pkw je 1.000 Einwohner, berechnet
46251;;;;2026-01-01;KREISE;;12051;;KLASS;;A1;Benzin;65,1;%;PKWANT;Anteil am Pkw-Bestand, berechnet
46251;;;;2026-01-01;KREISE;;12051;;KLASS;;A2;Diesel;22,7;%;PKWANT;Anteil am Pkw-Bestand, berechnet
46251;;;;2026-01-01;KREISE;;12051;;KLASS;;A3;Gas (einschl. bivalent);0,6;%;PKWANT;Anteil am Pkw-Bestand, berechnet
46251;;;;2026-01-01;KREISE;;12051;;KLASS;;A4;Hybrid;9,0;%;PKWANT;Anteil am Pkw-Bestand, berechnet
46251;;;;2026-01-01;KREISE;;12051;;KLASS;;A5;darunter Plug-In-Hybrid;1,9;%;PKWANT;Anteil am Pkw-Bestand, berechnet
46251;;;;2026-01-01;KREISE;;12051;;KLASS;;A6;Elektro;2,5;%;PKWANT;Anteil am Pkw-Bestand, berechnet
46251;;;;2026-01-01;KREISE;;12051;;KLASS;;A7;sonstige Kraftstoffarten;0,0;%;PKWANT;Anteil am Pkw-Bestand, berechnet
46251;;;;2026-01-01;KREISE;;12052;Cottbus, kreisfreie Stadt;KLASS;;;Insgesamt;48416;Anzahl;W1;Personenkraftwagen nach Kraftstoffarten
46251;;;;2026-01-01;KREISE;;12052;;KLASS;;A1;Benzin;32313;Anzahl;W1;Personenkraftwagen nach Kraftstoffarten
46251;;;;2026-01-01;KREISE;;12052;;KLASS;;A2;Diesel;10416;Anzahl;W1;Personenkraftwagen nach Kraftstoffarten
46251;;;;2026-01-01;KREISE;;12052;;KLASS;;A3;Gas (einschl. bivalent);260;Anzahl;W1;Personenkraftwagen nach Kraftstoffarten
46251;;;;2026-01-01;KREISE;;12052;;KLASS;;A4;Hybrid;4419;Anzahl;W1;Personenkraftwagen nach Kraftstoffarten
46251;;;;2026-01-01;KREISE;;12052;;KLASS;;A5;darunter Plug-In-Hybrid;862;Anzahl;W1;Personenkraftwagen nach Kraftstoffarten
46251;;;;2026-01-01;KREISE;;12052;;KLASS;;A6;Elektro;993;Anzahl;W1;Personenkraftwagen nach Kraftstoffarten
46251;;;;2026-01-01;KREISE;;12052;;KLASS;;A7;sonstige Kraftstoffarten;15;Anzahl;W1;Personenkraftwagen nach Kraftstoffarten
46251;;;;2026-01-01;KREISE;;12052;;;;;;508,9;;PKWEW;Pkw je 1.000 Einwohner, berechnet
46251;;;;2026-01-01;KREISE;;12052;;KLASS;;A1;Benzin;66,7;%;PKWANT;Anteil am Pkw-Bestand, berechnet
46251;;;;2026-01-01;KREISE;;12052;;KLASS;;A2;Diesel;21,5;%;PKWANT;Anteil am Pkw-Bestand, berechnet
46251;;;;2026-01-01;KREISE;;12052;;KLASS;;A3;Gas (einschl. bivalent);0,5;%;PKWANT;Anteil am Pkw-Bestand, berechnet
46251;;;;2026-01-01;KREISE;;12052;;KLASS;;A4;Hybrid;9,1;%;PKWANT;Anteil am Pkw-Bestand, berechnet
46251;;;;2026-01-01;KREISE;;12052;;KLASS;;A5;darunter Plug-In-Hybrid;1,8;%;PKWANT;Anteil am Pkw-Bestand, berechnet
46251;;;;2026-01-01;KREISE;;12052;;KLASS;;A6;Elektro;2,1;%;PKWANT;Anteil am Pkw-Bestand, berechnet
46251;;;;2026-01-01;KREISE;;12052;;KLASS;;A7;sonstige Kraftstoffarten;0,0;%;PKWANT;Anteil am Pkw-Bestand, berechnet
46251;;;;2026-01-01;KREISE;;12053;Frankfurt (Oder), kreisfreie Stadt;KLASS;;;Insgesamt;28103;Anzahl;W1;Personenkraftwagen nach Kraftstoffarten
46251;;;;2026-01-01;KREISE;;12053;;KLASS;;A1;Benzin;19096;Anzahl;W1;Personenkraftwagen nach Kraftstoffarten
46251;;;;2026-01-01;KREISE;;12053;;KLASS;;A2;Diesel;5679;Anzahl;W1;Personenkraftwagen nach Kraftstoffarten
46251;;;;2026-01-01;KREISE;;12053;;KLASS;;A3;Gas (einschl. bivalent);242;Anzahl;W1;Personenkraftwagen nach Kraftstoffarten
46251;;;;2026-01-01;KREISE;;12053;;KLASS;;A4;Hybrid;2529;Anzahl;W1;Personenkraftwagen nach Kraftstoffarten
46251;;;;2026-01-01;KREISE;;12053;;KLASS;;A5;darunter Plug-In-Hybrid;447;Anzahl;W1;Personenkraftwagen nach Kraftstoffarten
46251;;;;2026-01-01;KREISE;;12053;;KLASS;;A6;Elektro;542;Anzahl;W1;Personenkraftwagen nach Kraftstoffarten
46251;;;;2026-01-01;KREISE;;12053;;KLASS;;A7;sonstige Kraftstoffarten;15;Anzahl;W1;Personenkraftwagen nach Kraftstoffarten
46251;;;;2026-01-01;KREISE;;12053;;;;;;496,6;;PKWEW;Pkw je 1.000 Einwohner, berechnet
46251;;;;2026-01-01;KREISE;;12053;;KLASS;;A1;Benzin;68,0;%;PKWANT;Anteil am Pkw-Bestand, berechnet
46251;;;;2026-01-01;KREISE;;12053;;KLASS;;A2;Diesel;20,2;%;PKWANT;Anteil am Pkw-Bestand, berechnet
46251;;;;2026-01-01;KREISE;;12053;;KLASS;;A3;Gas (einschl. bivalent);0,9;%;PKWANT;Anteil am Pkw-Bestand, berechnet
46251;;;;2026-01-01;KREISE;;12053;;KLASS;;A4;Hybrid;9,0;%;PKWANT;Anteil am Pkw-Bestand, berechnet
46251;;;;2026-01-01;KREISE;;12053;;KLASS;;A5;darunter Plug-In-Hybrid;1,6;%;PKWANT;Anteil am Pkw-Bestand, berechnet
46251;;;;2026-01-01;KREISE;;12053;;KLASS;;A6;Elektro;1,9;%;PKWANT;Anteil am Pkw-Bestand, berechnet
46251;;;;2026-01-01;KREISE;;12053;;KLASS;;A7;sonstige Kraftstoffarten;0,1;%;PKWANT;Anteil am Pkw-Bestand, berechnet
46251;;;;2026-01-01;KREISE;;12054;Potsdam, kreisfreie Stadt;KLASS;;;Insgesamt;77649;Anzahl;W1;Personenkraftwagen nach Kraftstoffarten
46251;;;;2026-01-01;KREISE;;12054;;KLASS;;A1;Benzin;48312;Anzahl;W1;Personenkraftwagen nach Kraftstoffarten
46251;;;;2026-01-01;KREISE;;12054;;KLASS;;A2;Diesel;18276;Anzahl;W1;Personenkraftwagen nach Kraftstoffarten
46251;;;;2026-01-01;KREISE;;12054;;KLASS;;A3;Gas (einschl. bivalent);607;Anzahl;W1;Personenkraftwagen nach Kraftstoffarten
46251;;;;2026-01-01;KREISE;;12054;;KLASS;;A4;Hybrid;7701;Anzahl;W1;Personenkraftwagen nach Kraftstoffarten
46251;;;;2026-01-01;KREISE;;12054;;KLASS;;A5;darunter Plug-In-Hybrid;1836;Anzahl;W1;Personenkraftwagen nach Kraftstoffarten
46251;;;;2026-01-01;KREISE;;12054;;KLASS;;A6;Elektro;2723;Anzahl;W1;Personenkraftwagen nach Kraftstoffarten
46251;;;;2026-01-01;KREISE;;12054;;KLASS;;A7;sonstige Kraftstoffarten;30;Anzahl;W1;Personenkraftwagen nach Kraftstoffarten
46251;;;;2026-01-01;KREISE;;12054;;;;;;419,4;;PKWEW;Pkw je 1.000 Einwohner, berechnet
46251;;;;2026-01-01;KREISE;;12054;;KLASS;;A1;Benzin;62,2;%;PKWANT;Anteil am Pkw-Bestand, berechnet
46251;;;;2026-01-01;KREISE;;12054;;KLASS;;A2;Diesel;23,5;%;PKWANT;Anteil am Pkw-Bestand, berechnet
46251;;;;2026-01-01;KREISE;;12054;;KLASS;;A3;Gas (einschl. bivalent);0,8;%;PKWANT;Anteil am Pkw-Bestand, berechnet
46251;;;;2026-01-01;KREISE;;12054;;KLASS;;A4;Hybrid;9,9;%;PKWANT;Anteil am Pkw-Bestand, berechnet
46251;;;;2026-01-01;KREISE;;12054;;KLASS;;A5;darunter Plug-In-Hybrid;2,4;%;PKWANT;Anteil am Pkw-Bestand, berechnet
46251;;;;2026-01-01;KREISE;;12054;;KLASS;;A6;Elektro;3,5;%;PKWANT;Anteil am Pkw-Bestand, berechnet
46251;;;;2026-01-01;KREISE;;12054;;KLASS;;A7;sonstige Kraftstoffarten;0,0;%;PKWANT;Anteil am Pkw-Bestand, berechnet
46251;;;;2026-01-01;KREISE;;12060;Barnim, Landkreis;KLASS;;;Insgesamt;113295;Anzahl;W1;Personenkraftwagen nach Kraftstoffarten
46251;;;;2026-01-01;KREISE;;12060;;KLASS;;A1;Benzin;71979;Anzahl;W1;Personenkraftwagen nach Kraftstoffarten
46251;;;;2026-01-01;KREISE;;12060;;KLASS;;A2;Diesel;27275;Anzahl;W1;Personenkraftwagen nach Kraftstoffarten
46251;;;;2026-01-01;KREISE;;12060;;KLASS;;A3;Gas (einschl. bivalent);1056;Anzahl;W1;Personenkraftwagen nach Kraftstoffarten
46251;;;;2026-01-01;KREISE;;12060;;KLASS;;A4;Hybrid;9549;Anzahl;W1;Personenkraftwagen nach Kraftstoffarten
46251;;;;2026-01-01;KREISE;;12060;;KLASS;;A5;darunter Plug-In-Hybrid;2116;Anzahl;W1;Personenkraftwagen nach Kraftstoffarten
46251;;;;2026-01-01;KREISE;;12060;;KLASS;;A6;Elektro;3407;Anzahl;W1;Personenkraftwagen nach Kraftstoffarten
46251;;;;2026-01-01;KREISE;;12060;;KLASS;;A7;sonstige Kraftstoffarten;29;Anzahl;W1;Personenkraftwagen nach Kraftstoffarten
46251;;;;2026-01-01;KREISE;;12060;;;;;;581,3;;PKWEW;Pkw je 1.000 Einwohner, berechnet
46251;;;;2026-01-01;KREISE;;12060;;KLASS;;A1;Benzin;63,5;%;PKWANT;Anteil am Pkw-Bestand, berechnet
46251;;;;2026-01-01;KREISE;;12060;;KLASS;;A2;Diesel;24,1;%;PKWANT;Anteil am Pkw-Bestand, berechnet
46251;;;;2026-01-01;KREISE;;12060;;KLASS;;A3;Gas (einschl. bivalent);0,9;%;PKWANT;Anteil am Pkw-Bestand, berechnet
46251;;;;2026-01-01;KREISE;;12060;;KLASS;;A4;Hybrid;8,4;%;PKWANT;Anteil am Pkw-Bestand, berechnet
46251;;;;2026-01-01;KREISE;;12060;;KLASS;;A5;darunter Plug-In-Hybrid;1,9;%;PKWANT;Anteil am Pkw-Bestand, berechnet
46251;;;;2026-01-01;KREISE;;12060;;KLASS;;A6;Elektro;3,0;%;PKWANT;Anteil am Pkw-Bestand, berechnet
46251;;;;2026-01-01;KREISE;;12060;;KLASS;;A7;sonstige Kraftstoffarten;0,0;%;PKWANT;Anteil am Pkw-Bestand, berechnet
46251;;;;2026-01-01;KREISE;;12061;Dahme-Spreewald, Landkreis;KLASS;;;Insgesamt;111784;Anzahl;W1;Personenkraftwagen nach Kraftstoffarten
46251;;;;2026-01-01;KREISE;;12061;;KLASS;;A1;Benzin;67683;Anzahl;W1;Personenkraftwagen nach Kraftstoffarten
46251;;;;2026-01-01;KREISE;;12061;;KLASS;;A2;Diesel;29388;Anzahl;W1;Personenkraftwagen nach Kraftstoffarten
46251;;;;2026-01-01;KREISE;;12061;;KLASS;;A3;Gas (einschl. bivalent);1004;Anzahl;W1;Personenkraftwagen nach Kraftstoffarten
46251;;;;2026-01-01;KREISE;;12061;;KLASS;;A4;Hybrid;10093;Anzahl;W1;Personenkraftwagen nach Kraftstoffarten
46251;;;;2026-01-01;KREISE;;12061;;KLASS;;A5;darunter Plug-In-Hybrid;2261;Anzahl;W1;Personenkraftwagen nach Kraftstoffarten
46251;;;;2026-01-01;KREISE;;12061;;KLASS;;A6;Elektro;3589;Anzahl;W1;Personenkraftwagen nach Kraftstoffarten
46251;;;;2026-01-01;KREISE;;12061;;KLASS;;A7;sonstige Kraftstoffarten;27;Anzahl;W1;Personenkraftwagen nach Kraftstoffarten
46251;;;;2026-01-01;KREISE;;12061;;;;;;622,8;;PKWEW;Pkw je 1.000 Einwohner, berechnet
46251;;;;2026-01-01;KREISE;;12061;;KLASS;;A1;Benzin;60,5;%;PKWANT;Anteil am Pkw-Bestand, berechnet
46251;;;;2026-01-01;KREISE;;12061;;KLASS;;A2;Diesel;26,3;%;PKWANT;Anteil am Pkw-Bestand, berechnet
46251;;;;2026-01-01;KREISE;;12061;;KLASS;;A3;Gas (einschl. bivalent);0,9;%;PKWANT;Anteil am Pkw-Bestand, berechnet
46251;;;;2026-01-01;KREISE;;12061;;KLASS;;A4;Hybrid;9,0;%;PKWANT;Anteil am Pkw-Bestand, berechnet
46251;;;;2026-01-01;KREISE;;12061;;KLASS;;A5;darunter Plug-In-Hybrid;2,0;%;PKWANT;Anteil am Pkw-Bestand, berechnet
46251;;;;2026-01-01;KREISE;;12061;;KLASS;;A6;Elektro;3,2;%;PKWANT;Anteil am Pkw-Bestand, berechnet
46251;;;;2026-01-01;KREISE;;12061;;KLASS;;A7;sonstige Kraftstoffarten;0,0;%;PKWANT;Anteil am Pkw-Bestand, berechnet
46251;;;;2026-01-01;KREISE;;12062;Elbe-Elster, Landkreis;KLASS;;;Insgesamt;63574;Anzahl;W1;Personenkraftwagen nach Kraftstoffarten
46251;;;;2026-01-01;KREISE;;12062;;KLASS;;A1;Benzin;39746;Anzahl;W1;Personenkraftwagen nach Kraftstoffarten
46251;;;;2026-01-01;KREISE;;12062;;KLASS;;A2;Diesel;18676;Anzahl;W1;Personenkraftwagen nach Kraftstoffarten
46251;;;;2026-01-01;KREISE;;12062;;KLASS;;A3;Gas (einschl. bivalent);483;Anzahl;W1;Personenkraftwagen nach Kraftstoffarten
46251;;;;2026-01-01;KREISE;;12062;;KLASS;;A4;Hybrid;3679;Anzahl;W1;Personenkraftwagen nach Kraftstoffarten
46251;;;;2026-01-01;KREISE;;12062;;KLASS;;A5;darunter Plug-In-Hybrid;745;Anzahl;W1;Personenkraftwagen nach Kraftstoffarten
46251;;;;2026-01-01;KREISE;;12062;;KLASS;;A6;Elektro;956;Anzahl;W1;Personenkraftwagen nach Kraftstoffarten
46251;;;;2026-01-01;KREISE;;12062;;KLASS;;A7;sonstige Kraftstoffarten;34;Anzahl;W1;Personenkraftwagen nach Kraftstoffarten
46251;;;;2026-01-01;KREISE;;12062;;;;;;655,3;;PKWEW;Pkw je 1.000 Einwohner, berechnet
46251;;;;2026-01-01;KREISE;;12062;;KLASS;;A1;Benzin;62,5;%;PKWANT;Anteil am Pkw-Bestand, berechnet
46251;;;;2026-01-01;KREISE;;12062;;KLASS;;A2;Diesel;29,4;%;PKWANT;Anteil am Pkw-Bestand, berechnet
46251;;;;2026-01-01;KREISE;;12062;;KLASS;;A3;Gas (einschl. bivalent);0,8;%;PKWANT;Anteil am Pkw-Bestand, berechnet
46251;;;;2026-01-01;KREISE;;12062;;KLASS;;A4;Hybrid;5,8;%;PKWANT;Anteil am Pkw-Bestand, berechnet
46251;;;;2026-01-01;KREISE;;12062;;KLASS;;A5;darunter Plug-In-Hybrid;1,2;%;PKWANT;Anteil am Pkw-Bestand, berechnet
46251;;;;2026-01-01;KREISE;;12062;;KLASS;;A6;Elektro;1,5;%;PKWANT;Anteil am Pkw-Bestand, berechnet
46251;;;;2026-01-01;KREISE;;12062;;KLASS;;A7;sonstige Kraftstoffarten;0,1;%;PKWANT;Anteil am Pkw-Bestand, berechnet
46251;;;;2026-01-01;KREISE;;12063;Havelland, Landkreis;KLASS;;;Insgesamt;100461;Anzahl;W1;Personenkraftwagen nach Kraftstoffarten
46251;;;;2026-01-01;KREISE;;12063;;KLASS;;A1;Benzin;62363;Anzahl;W1;Personenkraftwagen nach Kraftstoffarten
46251;;;;2026-01-01;KREISE;;12063;;KLASS;;A2;Diesel;25035;Anzahl;W1;Personenkraftwagen nach Kraftstoffarten
46251;;;;2026-01-01;KREISE;;12063;;KLASS;;A3;Gas (einschl. bivalent);708;Anzahl;W1;Personenkraftwagen nach Kraftstoffarten
46251;;;;2026-01-01;KREISE;;12063;;KLASS;;A4;Hybrid;8886;Anzahl;W1;Personenkraftwagen nach Kraftstoffarten
46251;;;;2026-01-01;KREISE;;12063;;KLASS;;A5;darunter Plug-In-Hybrid;2027;Anzahl;W1;Personenkraftwagen nach Kraftstoffarten
46251;;;;2026-01-01;KREISE;;12063;;KLASS;;A6;Elektro;3448;Anzahl;W1;Personenkraftwagen nach Kraftstoffarten
46251;;;;2026-01-01;KREISE;;12063;;KLASS;;A7;sonstige Kraftstoffarten;21;Anzahl;W1;Personenkraftwagen nach Kraftstoffarten
46251;;;;2026-01-01;KREISE;;12063;;;;;;588,2;;PKWEW;Pkw je 1.000 Einwohner, berechnet
46251;;;;2026-01-01;KREISE;;12063;;KLASS;;A1;Benzin;62,1;%;PKWANT;Anteil am Pkw-Bestand, berechnet
46251;;;;2026-01-01;KREISE;;12063;;KLASS;;A2;Diesel;24,9;%;PKWANT;Anteil am Pkw-Bestand, berechnet
46251;;;;2026-01-01;KREISE;;12063;;KLASS;;A3;Gas (einschl. bivalent);0,7;%;PKWANT;Anteil am Pkw-Bestand, berechnet
46251;;;;2026-01-01;KREISE;;12063;;KLASS;;A4;Hybrid;8,8;%;PKWANT;Anteil am Pkw-Bestand, berechnet
46251;;;;2026-01-01;KREISE;;12063;;KLASS;;A5;darunter Plug-In-Hybrid;2,0;%;PKWANT;Anteil am Pkw-Bestand, berechnet
46251;;;;2026-01-01;KREISE;;12063;;KLASS;;A6;Elektro;3,4;%;PKWANT;Anteil am Pkw-Bestand, berechnet
46251;;;;2026-01-01;KREISE;;12063;;KLASS;;A7;sonstige Kraftstoffarten;0,0;%;PKWANT;Anteil am Pkw-Bestand, berechnet
46251;;;;2026-01-01;KREISE;;12064;Märkisch-Oderland, Landkreis;KLASS;;;Insgesamt;123573;Anzahl;W1;Personenkraftwagen nach Kraftstoffarten
46251;;;;2026-01-01;KREISE;;12064;;KLASS;;A1;Benzin;78341;Anzahl;W1;Personenkraftwagen nach Kraftstoffarten
46251;;;;2026-01-01;KREISE;;12064;;KLASS;;A2;Diesel;30606;Anzahl;W1;Personenkraftwagen nach Kraftstoffarten
46251;;;;2026-01-01;KREISE;;12064;;KLASS;;A3;Gas (einschl. bivalent);1125;Anzahl;W1;Personenkraftwagen nach Kraftstoffarten
46251;;;;2026-01-01;KREISE;;12064;;KLASS;;A4;Hybrid;10112;Anzahl;W1;Personenkraftwagen nach Kraftstoffarten
46251;;;;2026-01-01;KREISE;;12064;;KLASS;;A5;darunter Plug-In-Hybrid;2227;Anzahl;W1;Personenkraftwagen nach Kraftstoffarten
46251;;;;2026-01-01;KREISE;;12064;;KLASS;;A6;Elektro;3342;Anzahl;W1;Personenkraftwagen nach Kraftstoffarten
46251;;;;2026-01-01;KREISE;;12064;;KLASS;;A7;sonstige Kraftstoffarten;47;Anzahl;W1;Personenkraftwagen nach Kraftstoffarten
46251;;;;2026-01-01;KREISE;;12064;;;;;;626,7;;PKWEW;Pkw je 1.000 Einwohner, berechnet
46251;;;;2026-01-01;KREISE;;12064;;KLASS;;A1;Benzin;63,4;%;PKWANT;Anteil am Pkw-Bestand, berechnet
46251;;;;2026-01-01;KREISE;;12064;;KLASS;;A2;Diesel;24,8;%;PKWANT;Anteil am Pkw-Bestand, berechnet
46251;;;;2026-01-01;KREISE;;12064;;KLASS;;A3;Gas (einschl. bivalent);0,9;%;PKWANT;Anteil am Pkw-Bestand, berechnet
46251;;;;2026-01-01;KREISE;;12064;;KLASS;;A4;Hybrid;8,2;%;PKWANT;Anteil am Pkw-Bestand, berechnet
46251;;;;2026-01-01;KREISE;;12064;;KLASS;;A5;darunter Plug-In-Hybrid;1,8;%;PKWANT;Anteil am Pkw-Bestand, berechnet
46251;;;;2026-01-01;KREISE;;12064;;KLASS;;A6;Elektro;2,7;%;PKWANT;Anteil am Pkw-Bestand, berechnet
46251;;;;2026-01-01;KREISE;;12064;;KLASS;;A7;sonstige Kraftstoffarten;0,0;%;PKWANT;Anteil am Pkw-Bestand, berechnet
46251;;;;2026-01-01;KREISE;;12065;Oberhavel, Landkreis;KLASS;;;Insgesamt;129211;Anzahl;W1;Personenkraftwagen nach Kraftstoffarten
46251;;;;2026-01-01;KREISE;;12065;;KLASS;;A1;Benzin;81790;Anzahl;W1;Personenkraftwagen nach Kraftstoffarten
46251;;;;2026-01-01;KREISE;;12065;;KLASS;;A2;Diesel;30797;Anzahl;W1;Personenkraftwagen nach Kraftstoffarten
46251;;;;2026-01-01;KREISE;;12065;;KLASS;;A3;Gas (einschl. bivalent);1236;Anzahl;W1;Personenkraftwagen nach Kraftstoffarten
46251;;;;2026-01-01;KREISE;;12065;;KLASS;;A4;Hybrid;11056;Anzahl;W1;Personenkraftwagen nach Kraftstoffarten
46251;;;;2026-01-01;KREISE;;12065;;KLASS;;A5;darunter Plug-In-Hybrid;2637;Anzahl;W1;Personenkraftwagen nach Kraftstoffarten
46251;;;;2026-01-01;KREISE;;12065;;KLASS;;A6;Elektro;4298;Anzahl;W1;Personenkraftwagen nach Kraftstoffarten
46251;;;;2026-01-01;KREISE;;12065;;KLASS;;A7;sonstige Kraftstoffarten;34;Anzahl;W1;Personenkraftwagen nach Kraftstoffarten
46251;;;;2026-01-01;KREISE;;12065;;;;;;593,1;;PKWEW;Pkw je 1.000 Einwohner, berechnet
46251;;;;2026-01-01;KREISE;;12065;;KLASS;;A1;Benzin;63,3;%;PKWANT;Anteil am Pkw-Bestand, berechnet
46251;;;;2026-01-01;KREISE;;12065;;KLASS;;A2;Diesel;23,8;%;PKWANT;Anteil am Pkw-Bestand, berechnet
46251;;;;2026-01-01;KREISE;;12065;;KLASS;;A3;Gas (einschl. bivalent);1,0;%;PKWANT;Anteil am Pkw-Bestand, berechnet
46251;;;;2026-01-01;KREISE;;12065;;KLASS;;A4;Hybrid;8,6;%;PKWANT;Anteil am Pkw-Bestand, berechnet
46251;;;;2026-01-01;KREISE;;12065;;KLASS;;A5;darunter Plug-In-Hybrid;2,0;%;PKWANT;Anteil am Pkw-Bestand, berechnet
46251;;;;2026-01-01;KREISE;;12065;;KLASS;;A6;Elektro;3,3;%;PKWANT;Anteil am Pkw-Bestand, berechnet
46251;;;;2026-01-01;KREISE;;12065;;KLASS;;A7;sonstige Kraftstoffarten;0,0;%;PKWANT;Anteil am Pkw-Bestand, berechnet
46251;;;;2026-01-01;KREISE;;12066;Oberspreewald-Lausitz, Landkreis;KLASS;;;Insgesamt;65348;Anzahl;W1;Personenkraftwagen nach Kraftstoffarten
46251;;;;2026-01-01;KREISE;;12066;;KLASS;;A1;Benzin;41630;Anzahl;W1;Personenkraftwagen nach Kraftstoffarten
46251;;;;2026-01-01;KREISE;;12066;;KLASS;;A2;Diesel;17946;Anzahl;W1;Personenkraftwagen nach Kraftstoffarten
46251;;;;2026-01-01;KREISE;;12066;;KLASS;;A3;Gas (einschl. bivalent);446;Anzahl;W1;Personenkraftwagen nach Kraftstoffarten
46251;;;;2026-01-01;KREISE;;12066;;KLASS;;A4;Hybrid;4279;Anzahl;W1;Personenkraftwagen nach Kraftstoffarten
46251;;;;2026-01-01;KREISE;;12066;;KLASS;;A5;darunter Plug-In-Hybrid;871;Anzahl;W1;Personenkraftwagen nach Kraftstoffarten
46251;;;;2026-01-01;KREISE;;12066;;KLASS;;A6;Elektro;1021;Anzahl;W1;Personenkraftwagen nach Kraftstoffarten
46251;;;;2026-01-01;KREISE;;12066;;KLASS;;A7;sonstige Kraftstoffarten;26;Anzahl;W1;Personenkraftwagen nach Kraftstoffarten
46251;;;;2026-01-01;KREISE;;12066;;;;;;612,2;;PKWEW;Pkw je 1.000 Einwohner, berechnet
46251;;;;2026-01-01;KREISE;;12066;;KLASS;;A1;Benzin;63,7;%;PKWANT;Anteil am Pkw-Bestand, berechnet
46251;;;;2026-01-01;KREISE;;12066;;KLASS;;A2;Diesel;27,5;%;PKWANT;Anteil am Pkw-Bestand, berechnet
46251;;;;2026-01-01;KREISE;;12066;;KLASS;;A3;Gas (einschl. bivalent);0,7;%;PKWANT;Anteil am Pkw-Bestand, berechnet
46251;;;;2026-01-01;KREISE;;12066;;KLASS;;A4;Hybrid;6,5;%;PKWANT;Anteil am Pkw-Bestand, berechnet
46251;;;;2026-01-01;KREISE;;12066;;KLASS;;A5;darunter Plug-In-Hybrid;1,3;%;PKWANT;Anteil am Pkw-Bestand, berechnet
46251;;;;2026-01-01;KREISE;;12066;;KLASS;;A6;Elektro;1,6;%;PKWANT;Anteil am Pkw-Bestand, berechnet
46251;;;;2026-01-01;KREISE;;12066;;KLASS;;A7;sonstige Kraftstoffarten;0,0;%;PKWANT;Anteil am Pkw-Bestand, berechnet
46251;;;;2026-01-01;KREISE;;12067;Oder-Spree, Landkreis;KLASS;;;Insgesamt;110943;Anzahl;W1;Personenkraftwagen nach Kraftstoffarten
46251;;;;2026-01-01;KREISE;;12067;;KLASS;;A1;Benzin;70071;Anzahl;W1;Personenkraftwagen nach Kraftstoffarten
46251;;;;2026-01-01;KREISE;;12067;;KLASS;;A2;Diesel;28555;Anzahl;W1;Personenkraftwagen nach Kraftstoffarten
46251;;;;2026-01-01;KREISE;;12067;;KLASS;;A3;Gas (einschl. bivalent);847;Anzahl;W1;Personenkraftwagen nach Kraftstoffarten
46251;;;;2026-01-01;KREISE;;12067;;KLASS;;A4;Hybrid;8339;Anzahl;W1;Personenkraftwagen nach Kraftstoffarten
46251;;;;2026-01-01;KREISE;;12067;;KLASS;;A5;darunter Plug-In-Hybrid;1768;Anzahl;W1;Personenkraftwagen nach Kraftstoffarten
46251;;;;2026-01-01;KREISE;;12067;;KLASS;;A6;Elektro;3108;Anzahl;W1;Personenkraftwagen nach Kraftstoffarten
46251;;;;2026-01-01;KREISE;;12067;;KLASS;;A7;sonstige Kraftstoffarten;23;Anzahl;W1;Personenkraftwagen nach Kraftstoffarten
46251;;;;2026-01-01;KREISE;;12067;;;;;;619,3;;PKWEW;Pkw je 1.000 Einwohner, berechnet
46251;;;;2026-01-01;KREISE;;12067;;KLASS;;A1;Benzin;63,2;%;PKWANT;Anteil am Pkw-Bestand, berechnet
46251;;;;2026-01-01;KREISE;;12067;;KLASS;;A2;Diesel;25,7;%;PKWANT;Anteil am Pkw-Bestand, berechnet
46251;;;;2026-01-01;KREISE;;12067;;KLASS;;A3;Gas (einschl. bivalent);0,8;%;PKWANT;Anteil am Pkw-Bestand, berechnet
46251;;;;2026-01-01;KREISE;;12067;;KLASS;;A4;Hybrid;7,5;%;PKWANT;Anteil am Pkw-Bestand, berechnet
46251;;;;2026-01-01;KREISE;;12067;;KLASS;;A5;darunter Plug-In-Hybrid;1,6;%;PKWANT;Anteil am Pkw-Bestand, berechnet
46251;;;;2026-01-01;KREISE;;12067;;KLASS;;A6;Elektro;2,8;%;PKWANT;Anteil am Pkw-Bestand, berechnet
46251;;;;2026-01-01;KREISE;;12067;;KLASS;;A7;sonstige Kraftstoffarten;0,0;%;PKWANT;Anteil am Pkw-Bestand, berechnet
46251;;;;2026-01-01;KREISE;;12068;Ostprignitz-Ruppin, Landkreis;KLASS;;;Insgesamt;59729;Anzahl;W1;Personenkraftwagen nach Kraftstoffarten
46251;;;;2026-01-01;KREISE;;12068;;KLASS;;A1;Benzin;36247;Anzahl;W1;Personenkraftwagen nach Kraftstoffarten
46251;;;;2026-01-01;KREISE;;12068;;KLASS;;A2;Diesel;18433;Anzahl;W1;Personenkraftwagen nach Kraftstoffarten
46251;;;;2026-01-01;KREISE;;12068;;KLASS;;A3;Gas (einschl. bivalent);513;Anzahl;W1;Personenkraftwagen nach Kraftstoffarten
46251;;;;2026-01-01;KREISE;;12068;;KLASS;;A4;Hybrid;3383;Anzahl;W1;Personenkraftwagen nach Kraftstoffarten
46251;;;;2026-01-01;KREISE;;12068;;KLASS;;A5;darunter Plug-In-Hybrid;791;Anzahl;W1;Personenkraftwagen nach Kraftstoffarten
46251;;;;2026-01-01;KREISE;;12068;;KLASS;;A6;Elektro;1131;Anzahl;W1;Personenkraftwagen nach Kraftstoffarten
46251;;;;2026-01-01;KREISE;;12068;;KLASS;;A7;sonstige Kraftstoffarten;22;Anzahl;W1;Personenkraftwagen nach Kraftstoffarten
46251;;;;2026-01-01;KREISE;;12068;;;;;;605,1;;PKWEW;Pkw je 1.000 Einwohner, berechnet
46251;;;;2026-01-01;KREISE;;12068;;KLASS;;A1;Benzin;60,7;%;PKWANT;Anteil am Pkw-Bestand, berechnet
46251;;;;2026-01-01;KREISE;;12068;;KLASS;;A2;Diesel;30,9;%;PKWANT;Anteil am Pkw-Bestand, berechnet
46251;;;;2026-01-01;KREISE;;12068;;KLASS;;A3;Gas (einschl. bivalent);0,9;%;PKWANT;Anteil am Pkw-Bestand, berechnet
46251;;;;2026-01-01;KREISE;;12068;;KLASS;;A4;Hybrid;5,7;%;PKWANT;Anteil am Pkw-Bestand, berechnet
46251;;;;2026-01-01;KREISE;;12068;;KLASS;;A5;darunter Plug-In-Hybrid;1,3;%;PKWANT;Anteil am Pkw-Bestand, berechnet
46251;;;;2026-01-01;KREISE;;12068;;KLASS;;A6;Elektro;1,9;%;PKWANT;Anteil am Pkw-Bestand, berechnet
46251;;;;2026-01-01;KREISE;;12068;;KLASS;;A7;sonstige Kraftstoffarten;0,0;%;PKWANT;Anteil am Pkw-Bestand, berechnet
46251;;;;2026-01-01;KREISE;;12069;Potsdam-Mittelmark, Landkreis;KLASS;;;Insgesamt;135811;Anzahl;W1;Personenkraftwagen nach Kraftstoffarten
46251;;;;2026-01-01;KREISE;;12069;;KLASS;;A1;Benzin;81071;Anzahl;W1;Personenkraftwagen nach Kraftstoffarten
46251;;;;2026-01-01;KREISE;;12069;;KLASS;;A2;Diesel;37548;Anzahl;W1;Personenkraftwagen nach Kraftstoffarten
46251;;;;2026-01-01;KREISE;;12069;;KLASS;;A3;Gas (einschl. bivalent);980;Anzahl;W1;Personenkraftwagen nach Kraftstoffarten
46251;;;;2026-01-01;KREISE;;12069;;KLASS;;A4;Hybrid;11012;Anzahl;W1;Personenkraftwagen nach Kraftstoffarten
46251;;;;2026-01-01;KREISE;;12069;;KLASS;;A5;darunter Plug-In-Hybrid;2882;Anzahl;W1;Personenkraftwagen nach Kraftstoffarten
46251;;;;2026-01-01;KREISE;;12069;;KLASS;;A6;Elektro;5164;Anzahl;W1;Personenkraftwagen nach Kraftstoffarten
46251;;;;2026-01-01;KREISE;;12069;;KLASS;;A7;sonstige Kraftstoffarten;36;Anzahl;W1;Personenkraftwagen nach Kraftstoffarten
46251;;;;2026-01-01;KREISE;;12069;;;;;;613,6;;PKWEW;Pkw je 1.000 Einwohner, berechnet
46251;;;;2026-01-01;KREISE;;12069;;KLASS;;A1;Benzin;59,7;%;PKWANT;Anteil am Pkw-Bestand, berechnet
46251;;;;2026-01-01;KREISE;;12069;;KLASS;;A2;Diesel;27,6;%;PKWANT;Anteil am Pkw-Bestand, berechnet
46251;;;;2026-01-01;KREISE;;12069;;KLASS;;A3;Gas (einschl. bivalent);0,7;%;PKWANT;Anteil am Pkw-Bestand, berechnet
46251;;;;2026-01-01;KREISE;;12069;;KLASS;;A4;Hybrid;8,1;%;PKWANT;Anteil am Pkw-Bestand, berechnet
46251;;;;2026-01-01;KREISE;;12069;;KLASS;;A5;darunter Plug-In-Hybrid;2,1;%;PKWANT;Anteil am Pkw-Bestand, berechnet
46251;;;;2026-01-01;KREISE;;12069;;KLASS;;A6;Elektro;3,8;%;PKWANT;Anteil am Pkw-Bestand, berechnet
46251;;;;2026-01-01;KREISE;;12069;;KLASS;;A7;sonstige Kraftstoffarten;0,0;%;PKWANT;Anteil am Pkw-Bestand, berechnet
46251;;;;2026-01-01;KREISE;;12070;Prignitz, Landkreis;KLASS;;;Insgesamt;46220;Anzahl;W1;Personenkraftwagen nach Kraftstoffarten
46251;;;;2026-01-01;KREISE;;12070;;KLASS;;A1;Benzin;27688;Anzahl;W1;Personenkraftwagen nach Kraftstoffarten
46251;;;;2026-01-01;KREISE;;12070;;KLASS;;A2;Diesel;14577;Anzahl;W1;Personenkraftwagen nach Kraftstoffarten
46251;;;;2026-01-01;KREISE;;12070;;KLASS;;A3;Gas (einschl. bivalent);333;Anzahl;W1;Personenkraftwagen nach Kraftstoffarten
46251;;;;2026-01-01;KREISE;;12070;;KLASS;;A4;Hybrid;2854;Anzahl;W1;Personenkraftwagen nach Kraftstoffarten
46251;;;;2026-01-01;KREISE;;12070;;KLASS;;A5;darunter Plug-In-Hybrid;630;Anzahl;W1;Personenkraftwagen nach Kraftstoffarten
46251;;;;2026-01-01;KREISE;;12070;;KLASS;;A6;Elektro;756;Anzahl;W1;Personenkraftwagen nach Kraftstoffarten
46251;;;;2026-01-01;KREISE;;12070;;KLASS;;A7;sonstige Kraftstoffarten;12;Anzahl;W1;Personenkraftwagen nach Kraftstoffarten
46251;;;;2026-01-01;KREISE;;12070;;;;;;616,7;;PKWEW;Pkw je 1.000 Einwohner, berechnet
46251;;;;2026-01-01;KREISE;;12070;;KLASS;;A1;Benzin;59,9;%;PKWANT;Anteil am Pkw-Bestand, berechnet
46251;;;;2026-01-01;KREISE;;12070;;KLASS;;A2;Diesel;31,5;%;PKWANT;Anteil am Pkw-Bestand, berechnet
46251;;;;2026-01-01;KREISE;;12070;;KLASS;;A3;Gas (einschl. bivalent);0,7;%;PKWANT;Anteil am Pkw-Bestand, berechnet
46251;;;;2026-01-01;KREISE;;12070;;KLASS;;A4;Hybrid;6,2;%;PKWANT;Anteil am Pkw-Bestand, berechnet
46251;;;;2026-01-01;KREISE;;12070;;KLASS;;A5;darunter Plug-In-Hybrid;1,4;%;PKWANT;Anteil am Pkw-Bestand, berechnet
46251;;;;2026-01-01;KREISE;;12070;;KLASS;;A6;Elektro;1,6;%;PKWANT;Anteil am Pkw-Bestand, berechnet
46251;;;;2026-01-01;KREISE;;12070;;KLASS;;A7;sonstige Kraftstoffarten;0,0;%;PKWANT;Anteil am Pkw-Bestand, berechnet
46251;;;;2026-01-01;KREISE;;12071;Spree-Neiße, Landkreis;KLASS;;;Insgesamt;70684;Anzahl;W1;Personenkraftwagen nach Kraftstoffarten
46251;;;;2026-01-01;KREISE;;12071;;KLASS;;A1;Benzin;46491;Anzahl;W1;Personenkraftwagen nach Kraftstoffarten
46251;;;;2026-01-01;KREISE;;12071;;KLASS;;A2;Diesel;18245;Anzahl;W1;Personenkraftwagen nach Kraftstoffarten
46251;;;;2026-01-01;KREISE;;12071;;KLASS;;A3;Gas (einschl. bivalent);408;Anzahl;W1;Personenkraftwagen nach Kraftstoffarten
46251;;;;2026-01-01;KREISE;;12071;;KLASS;;A4;Hybrid;4348;Anzahl;W1;Personenkraftwagen nach Kraftstoffarten
46251;;;;2026-01-01;KREISE;;12071;;KLASS;;A5;darunter Plug-In-Hybrid;924;Anzahl;W1;Personenkraftwagen nach Kraftstoffarten
46251;;;;2026-01-01;KREISE;;12071;;KLASS;;A6;Elektro;1169;Anzahl;W1;Personenkraftwagen nach Kraftstoffarten
46251;;;;2026-01-01;KREISE;;12071;;KLASS;;A7;sonstige Kraftstoffarten;23;Anzahl;W1;Personenkraftwagen nach Kraftstoffarten
46251;;;;2026-01-01;KREISE;;12071;;;;;;651,0;;PKWEW;Pkw je 1.000 Einwohner, berechnet
46251;;;;2026-01-01;KREISE;;12071;;KLASS;;A1;Benzin;65,8;%;PKWANT;Anteil am Pkw-Bestand, berechnet
46251;;;;2026-01-01;KREISE;;12071;;KLASS;;A2;Diesel;25,8;%;PKWANT;Anteil am Pkw-Bestand, berechnet
46251;;;;2026-01-01;KREISE;;12071;;KLASS;;A3;Gas (einschl. bivalent);0,6;%;PKWANT;Anteil am Pkw-Bestand, berechnet
46251;;;;2026-01-01;KREISE;;12071;;KLASS;;A4;Hybrid;6,2;%;PKWANT;Anteil am Pkw-Bestand, berechnet
46251;;;;2026-01-01;KREISE;;12071;;KLASS;;A5;darunter Plug-In-Hybrid;1,3;%;PKWANT;Anteil am Pkw-Bestand, berechnet
46251;;;;2026-01-01;KREISE;;12071;;KLASS;;A6;Elektro;1,7;%;PKWANT;Anteil am Pkw-Bestand, berechnet
46251;;;;2026-01-01;KREISE;;12071;;KLASS;;A7;sonstige Kraftstoffarten;0,0;%;PKWANT;Anteil am Pkw-Bestand, berechnet
46251;;;;2026-01-01;KREISE;;12072;Teltow-Fläming, Landkreis;KLASS;;;Insgesamt;112792;Anzahl;W1;Personenkraftwagen nach Kraftstoffarten
46251;;;;2026-01-01;KREISE;;12072;;KLASS;;A1;Benzin;68241;Anzahl;W1;Personenkraftwagen nach Kraftstoffarten
46251;;;;2026-01-01;KREISE;;12072;;KLASS;;A2;Diesel;29796;Anzahl;W1;Personenkraftwagen nach Kraftstoffarten
46251;;;;2026-01-01;KREISE;;12072;;KLASS;;A3;Gas (einschl. bivalent);952;Anzahl;W1;Personenkraftwagen nach Kraftstoffarten
46251;;;;2026-01-01;KREISE;;12072;;KLASS;;A4;Hybrid;9912;Anzahl;W1;Personenkraftwagen nach Kraftstoffarten
46251;;;;2026-01-01;KREISE;;12072;;KLASS;;A5;darunter Plug-In-Hybrid;2168;Anzahl;W1;Personenkraftwagen nach Kraftstoffarten
46251;;;;2026-01-01;KREISE;;12072;;KLASS;;A6;Elektro;3855;Anzahl;W1;Personenkraftwagen nach Kraftstoffarten
46251;;;;2026-01-01;KREISE;;12072;;KLASS;;A7;sonstige Kraftstoffarten;36;Anzahl;W1;Personenkraftwagen nach Kraftstoffarten
46251;;;;2026-01-01;KREISE;;12072;;;;;;633,7;;PKWEW;Pkw je 1.000 Einwohner, berechnet
46251;;;;2026-01-01;KREISE;;12072;;KLASS;;A1;Benzin;60,5;%;PKWANT;Anteil am Pkw-Bestand, berechnet
46251;;;;2026-01-01;KREISE;;12072;;KLASS;;A2;Diesel;26,4;%;PKWANT;Anteil am Pkw-Bestand, berechnet
46251;;;;2026-01-01;KREISE;;12072;;KLASS;;A3;Gas (einschl. bivalent);0,8;%;PKWANT;Anteil am Pkw-Bestand, berechnet
46251;;;;2026-01-01;KREISE;;12072;;KLASS;;A4;Hybrid;8,8;%;PKWANT;Anteil am Pkw-Bestand, berechnet
46251;;;;2026-01-01;KREISE;;12072;;KLASS;;A5;darunter Plug-In-Hybrid;1,9;%;PKWANT;Anteil am Pkw-Bestand, berechnet
46251;;;;2026-01-01;KREISE;;12072;;KLASS;;A6;Elektro;3,4;%;PKWANT;Anteil am Pkw-Bestand, berechnet
46251;;;;2026-01-01;KREISE;;12072;;KLASS;;A7;sonstige Kraftstoffarten;0,0;%;PKWANT;Anteil am Pkw-Bestand, berechnet
46251;;;;2026-01-01;KREISE;;12073;Uckermark, Landkreis;KLASS;;;Insgesamt;68399;Anzahl;W1;Personenkraftwagen nach Kraftstoffarten
46251;;;;2026-01-01;KREISE;;12073;;KLASS;;A1;Benzin;44037;Anzahl;W1;Personenkraftwagen nach Kraftstoffarten
46251;;;;2026-01-01;KREISE;;12073;;KLASS;;A2;Diesel;18271;Anzahl;W1;Personenkraftwagen nach Kraftstoffarten
46251;;;;2026-01-01;KREISE;;12073;;KLASS;;A3;Gas (einschl. bivalent);454;Anzahl;W1;Personenkraftwagen nach Kraftstoffarten
46251;;;;2026-01-01;KREISE;;12073;;KLASS;;A4;Hybrid;4349;Anzahl;W1;Personenkraftwagen nach Kraftstoffarten
46251;;;;2026-01-01;KREISE;;12073;;KLASS;;A5;darunter Plug-In-Hybrid;822;Anzahl;W1;Personenkraftwagen nach Kraftstoffarten
46251;;;;2026-01-01;KREISE;;12073;;KLASS;;A6;Elektro;1258;Anzahl;W1;Personenkraftwagen nach Kraftstoffarten
46251;;;;2026-01-01;KREISE;;12073;;KLASS;;A7;sonstige Kraftstoffarten;30;Anzahl;W1;Personenkraftwagen nach Kraftstoffarten
46251;;;;2026-01-01;KREISE;;12073;;;;;;587,5;;PKWEW;Pkw je 1.000 Einwohner, berechnet
46251;;;;2026-01-01;KREISE;;12073;;KLASS;;A1;Benzin;64,4;%;PKWANT;Anteil am Pkw-Bestand, berechnet
46251;;;;2026-01-01;KREISE;;12073;;KLASS;;A2;Diesel;26,7;%;PKWANT;Anteil am Pkw-Bestand, berechnet
46251;;;;2026-01-01;KREISE;;12073;;KLASS;;A3;Gas (einschl. bivalent);0,7;%;PKWANT;Anteil am Pkw-Bestand, berechnet
46251;;;;2026-01-01;KREISE;;12073;;KLASS;;A4;Hybrid;6,4;%;PKWANT;Anteil am Pkw-Bestand, berechnet
46251;;;;2026-01-01;KREISE;;12073;;KLASS;;A5;darunter Plug-In-Hybrid;1,2;%;PKWANT;Anteil am Pkw-Bestand, berechnet
46251;;;;2026-01-01;KREISE;;12073;;KLASS;;A6;Elektro;1,8;%;PKWANT;Anteil am Pkw-Bestand, berechnet
46251;;;;2026-01-01;KREISE;;12073;;KLASS;;A7;sonstige Kraftstoffarten;0,0;%;PKWANT;Anteil am Pkw-Bestand, berechnet
46251;;;;2026-01-01;KREISE;;13001;Greifswald, Hansestadt, kreisfreie Stadt;KLASS;;;Insgesamt;-;Anzahl;W1;Personenkraftwagen nach Kraftstoffarten
46251;;;;2026-01-01;KREISE;;13001;;KLASS;;A1;Benzin;-;Anzahl;W1;Personenkraftwagen nach Kraftstoffarten
46251;;;;2026-01-01;KREISE;;13001;;KLASS;;A2;Diesel;-;Anzahl;W1;Personenkraftwagen nach Kraftstoffarten
46251;;;;2026-01-01;KREISE;;13001;;KLASS;;A3;Gas (einschl. bivalent);-;Anzahl;W1;Personenkraftwagen nach Kraftstoffarten
46251;;;;2026-01-01;KREISE;;13001;;KLASS;;A4;Hybrid;-;Anzahl;W1;Personenkraftwagen nach Kraftstoffarten
46251;;;;2026-01-01;KREISE;;13001;;KLASS;;A5;darunter Plug-In-Hybrid;-;Anzahl;W1;Personenkraftwagen nach Kraftstoffarten
46251;;;;2026-01-01;KREISE;;13001;;KLASS;;A6;Elektro;-;Anzahl;W1;Personenkraftwagen nach Kraftstoffarten
46251;;;;2026-01-01;KREISE;;13001;;KLASS;;A7;sonstige Kraftstoffarten;-;Anzahl;W1;Personenkraftwagen nach Kraftstoffarten
46251;;;;2026-01-01;KREISE;;13002;Neubrandenburg, Stadt, kreisfreie Stadt;KLASS;;;Insgesamt;-;Anzahl;W1;Personenkraftwagen nach Kraftstoffarten
46251;;;;2026-01-01;KREISE;;13002;;KLASS;;A1;Benzin;-;Anzahl;W1;Personenkraftwagen nach Kraftstoffarten
46251;;;;2026-01-01;KREISE;;13002;;KLASS;;A2;Diesel;-;Anzahl;W1;Personenkraftwagen nach Kraftstoffarten
46251;;;;2026-01-01;KREISE;;13002;;KLASS;;A3;Gas (einschl. bivalent);-;Anzahl;W1;Personenkraftwagen nach Kraftstoffarten
46251;;;;2026-01-01;KREISE;;13002;;KLASS;;A4;Hybrid;-;Anzahl;W1;Personenkraftwagen nach Kraftstoffarten
46251;;;;2026-01-01;KREISE;;13002;;KLASS;;A5;darunter Plug-In-Hybrid;-;Anzahl;W1;Personenkraftwagen nach Kraftstoffarten
46251;;;;2026-01-01;KREISE;;13002;;KLASS;;A6;Elektro;-;Anzahl;W1;Personenkraftwagen nach Kraftstoffarten
46251;;;;2026-01-01;KREISE;;13002;;KLASS;;A7;sonstige Kraftstoffarten;-;Anzahl;W1;Personenkraftwagen nach Kraftstoffarten
46251;;;;2026-01-01;KREISE;;13003;Rostock, kreisfreie Stadt;KLASS;;;Insgesamt;86483;Anzahl;W1;Personenkraftwagen nach Kraftstoffarten
46251;;;;2026-01-01;KREISE;;13003;;KLASS;;A1;Benzin;54107;Anzahl;W1;Personenkraftwagen nach Kraftstoffarten
46251;;;;2026-01-01;KREISE;;13003;;KLASS;;A2;Diesel;21738;Anzahl;W1;Personenkraftwagen nach Kraftstoffarten
46251;;;;2026-01-01;KREISE;;13003;;KLASS;;A3;Gas (einschl. bivalent);460;Anzahl;W1;Personenkraftwagen nach Kraftstoffarten
46251;;;;2026-01-01;KREISE;;13003;;KLASS;;A4;Hybrid;7852;Anzahl;W1;Personenkraftwagen nach Kraftstoffarten
46251;;;;2026-01-01;KREISE;;13003;;KLASS;;A5;darunter Plug-In-Hybrid;1525;Anzahl;W1;Personenkraftwagen nach Kraftstoffarten
46251;;;;2026-01-01;KREISE;;13003;;KLASS;;A6;Elektro;2291;Anzahl;W1;Personenkraftwagen nach Kraftstoffarten
46251;;;;2026-01-01;KREISE;;13003;;KLASS;;A7;sonstige Kraftstoffarten;35;Anzahl;W1;Personenkraftwagen nach Kraftstoffarten
46251;;;;2026-01-01;KREISE;;13003;;;;;;422,0;;PKWEW;Pkw je 1.000 Einwohner, berechnet
46251;;;;2026-01-01;KREISE;;13003;;KLASS;;A1;Benzin;62,6;%;PKWANT;Anteil am Pkw-Bestand, berechnet
46251;;;;2026-01-01;KREISE;;13003;;KLASS;;A2;Diesel;25,1;%;PKWANT;Anteil am Pkw-Bestand, berechnet
46251;;;;2026-01-01;KREISE;;13003;;KLASS;;A3;Gas (einschl. bivalent);0,5;%;PKWANT;Anteil am Pkw-Bestand, berechnet
46251;;;;2026-01-01;KREISE;;13003;;KLASS;;A4;Hybrid;9,1;%;PKWANT;Anteil am Pkw-Bestand, berechnet
46251;;;;2026-01-01;KREISE;;13003;;KLASS;;A5;darunter Plug-In-Hybrid;1,8;%;PKWANT;Anteil am Pkw-Bestand, berechnet
46251;;;;2026-01-01;KREISE;;13003;;KLASS;;A6;Elektro;2,6;%;PKWANT;Anteil am Pkw-Bestand, berechnet
46251;;;;2026-01-01;KREISE;;13003;;KLASS;;A7;sonstige Kraftstoffarten;0,0;%;PKWANT;Anteil am Pkw-Bestand, berechnet
46251;;;;2026-01-01;KREISE;;13004;Schwerin, kreisfreie Stadt;KLASS;;;Insgesamt;45354;Anzahl;W1;Personenkraftwagen nach Kraftstoffarten
46251;;;;2026-01-01;KREISE;;13004;;KLASS;;A1;Benzin;27451;Anzahl;W1;Personenkraftwagen nach Kraftstoffarten
46251;;;;2026-01-01;KREISE;;13004;;KLASS;;A2;Diesel;12213;Anzahl;W1;Personenkraftwagen nach Kraftstoffarten
46251;;;;2026-01-01;KREISE;;13004;;KLASS;;A3;Gas (einschl. bivalent);309;Anzahl;W1;Personenkraftwagen nach Kraftstoffarten
46251;;;;2026-01-01;KREISE;;13004;;KLASS;;A4;Hybrid;4152;Anzahl;W1;Personenkraftwagen nach Kraftstoffarten
46251;;;;2026-01-01;KREISE;;13004;;KLASS;;A5;darunter Plug-In-Hybrid;816;Anzahl;W1;Personenkraftwagen nach Kraftstoffarten
46251;;;;2026-01-01;KREISE;;13004;;KLASS;;A6;Elektro;1216;Anzahl;W1;Personenkraftwagen nach Kraftstoffarten
46251;;;;2026-01-01;KREISE;;13004;;KLASS;;A7;sonstige Kraftstoffarten;13;Anzahl;W1;Personenkraftwagen nach Kraftstoffarten
46251;;;;2026-01-01;KREISE;;13004;;;;;;463,2;;PKWEW;Pkw je 1.000 Einwohner, berechnet
46251;;;;2026-01-01;KREISE;;13004;;KLASS;;A1;Benzin;60,5;%;PKWANT;Anteil am Pkw-Bestand, berechnet
46251;;;;2026-01-01;KREISE;;13004;;KLASS;;A2;Diesel;26,9;%;PKWANT;Anteil am Pkw-Bestand, berechnet
46251;;;;2026-01-01;KREISE;;13004;;KLASS;;A3;Gas (einschl. bivalent);0,7;%;PKWANT;Anteil am Pkw-Bestand, berechnet
46251;;;;2026-01-01;KREISE;;13004;;KLASS;;A4;Hybrid;9,2;%;PKWANT;Anteil am Pkw-Bestand, berechnet
46251;;;;2026-01-01;KREISE;;13004;;KLASS;;A5;darunter Plug-In-Hybrid;1,8;%;PKWANT;Anteil am Pkw-Bestand, berechnet
46251;;;;2026-01-01;KREISE;;13004;;KLASS;;A6;Elektro;2,7;%;PKWANT;Anteil am Pkw-Bestand, berechnet
46251;;;;2026-01-01;KREISE;;13004;;KLASS;;A7;sonstige Kraftstoffarten;0,0;%;PKWANT;Anteil am Pkw-Bestand, berechnet
46251;;;;2026-01-01;KREISE;;13005;Stralsund, Hansestadt, kreisfreie Stadt;KLASS;;;Insgesamt;-;Anzahl;W1;Personenkraftwagen nach Kraftstoffarten
46251;;;;2026-01-01;KREISE;;13005;;KLASS;;A1;Benzin;-;Anzahl;W1;Personenkraftwagen nach Kraftstoffarten
46251;;;;2026-01-01;KREISE;;13005;;KLASS;;A2;Diesel;-;Anzahl;W1;Personenkraftwagen nach Kraftstoffarten
46251;;;;2026-01-01;KREISE;;13005;;KLASS;;A3;Gas (einschl. bivalent);-;Anzahl;W1;Personenkraftwagen nach Kraftstoffarten
46251;;;;2026-01-01;KREISE;;13005;;KLASS;;A4;Hybrid;-;Anzahl;W1;Personenkraftwagen nach Kraftstoffarten
46251;;;;2026-01-01;KREISE;;13005;;KLASS;;A5;darunter Plug-In-Hybrid;-;Anzahl;W1;Personenkraftwagen nach Kraftstoffarten
46251;;;;2026-01-01;KREISE;;13005;;KLASS;;A6;Elektro;-;Anzahl;W1;Personenkraftwagen nach Kraftstoffarten
46251;;;;2026-01-01;KREISE;;13005;;KLASS;;A7;sonstige Kraftstoffarten;-;Anzahl;W1;Personenkraftwagen nach Kraftstoffarten
46251;;;;2026-01-01;KREISE;;13006;Wismar, Hansestadt, kreisfreie Stadt;KLASS;;;Insgesamt;-;Anzahl;W1;Personenkraftwagen nach Kraftstoffarten
46251;;;;2026-01-01;KREISE;;13006;;KLASS;;A1;Benzin;-;Anzahl;W1;Personenkraftwagen nach Kraftstoffarten
46251;;;;2026-01-01;KREISE;;13006;;KLASS;;A2;Diesel;-;Anzahl;W1;Personenkraftwagen nach Kraftstoffarten
46251;;;;2026-01-01;KREISE;;13006;;KLASS;;A3;Gas (einschl. bivalent);-;Anzahl;W1;Personenkraftwagen nach Kraftstoffarten
46251;;;;2026-01-01;KREISE;;13006;;KLASS;;A4;Hybrid;-;Anzahl;W1;Personenkraftwagen nach Kraftstoffarten
46251;;;;2026-01-01;KREISE;;13006;;KLASS;;A5;darunter Plug-In-Hybrid;-;Anzahl;W1;Personenkraftwagen nach Kraftstoffarten
46251;;;;2026-01-01;KREISE;;13006;;KLASS;;A6;Elektro;-;Anzahl;W1;Personenkraftwagen nach Kraftstoffarten
46251;;;;2026-01-01;KREISE;;13006;;KLASS;;A7;sonstige Kraftstoffarten;-;Anzahl;W1;Personenkraftwagen nach Kraftstoffarten
46251;;;;2026-01-01;KREISE;;13051;Bad Doberan, Landkreis;KLASS;;;Insgesamt;-;Anzahl;W1;Personenkraftwagen nach Kraftstoffarten
46251;;;;2026-01-01;KREISE;;13051;;KLASS;;A1;Benzin;-;Anzahl;W1;Personenkraftwagen nach Kraftstoffarten
46251;;;;2026-01-01;KREISE;;13051;;KLASS;;A2;Diesel;-;Anzahl;W1;Personenkraftwagen nach Kraftstoffarten
46251;;;;2026-01-01;KREISE;;13051;;KLASS;;A3;Gas (einschl. bivalent);-;Anzahl;W1;Personenkraftwagen nach Kraftstoffarten
46251;;;;2026-01-01;KREISE;;13051;;KLASS;;A4;Hybrid;-;Anzahl;W1;Personenkraftwagen nach Kraftstoffarten
46251;;;;2026-01-01;KREISE;;13051;;KLASS;;A5;darunter Plug-In-Hybrid;-;Anzahl;W1;Personenkraftwagen nach Kraftstoffarten
46251;;;;2026-01-01;KREISE;;13051;;KLASS;;A6;Elektro;-;Anzahl;W1;Personenkraftwagen nach Kraftstoffarten
46251;;;;2026-01-01;KREISE;;13051;;KLASS;;A7;sonstige Kraftstoffarten;-;Anzahl;W1;Personenkraftwagen nach Kraftstoffarten
46251;;;;2026-01-01;KREISE;;13052;Landkreis Demmin;KLASS;;;Insgesamt;-;Anzahl;W1;Personenkraftwagen nach Kraftstoffarten
46251;;;;2026-01-01;KREISE;;13052;;KLASS;;A1;Benzin;-;Anzahl;W1;Personenkraftwagen nach Kraftstoffarten
46251;;;;2026-01-01;KREISE;;13052;;KLASS;;A2;Diesel;-;Anzahl;W1;Personenkraftwagen nach Kraftstoffarten
46251;;;;2026-01-01;KREISE;;13052;;KLASS;;A3;Gas (einschl. bivalent);-;Anzahl;W1;Personenkraftwagen nach Kraftstoffarten
46251;;;;2026-01-01;KREISE;;13052;;KLASS;;A4;Hybrid;-;Anzahl;W1;Personenkraftwagen nach Kraftstoffarten
46251;;;;2026-01-01;KREISE;;13052;;KLASS;;A5;darunter Plug-In-Hybrid;-;Anzahl;W1;Personenkraftwagen nach Kraftstoffarten
46251;;;;2026-01-01;KREISE;;13052;;KLASS;;A6;Elektro;-;Anzahl;W1;Personenkraftwagen nach Kraftstoffarten
46251;;;;2026-01-01;KREISE;;13052;;KLASS;;A7;sonstige Kraftstoffarten;-;Anzahl;W1;Personenkraftwagen nach Kraftstoffarten
46251;;;;2026-01-01;KREISE;;13053;Güstrow, Landkreis;KLASS;;;Insgesamt;-;Anzahl;W1;Personenkraftwagen nach Kraftstoffarten
46251;;;;2026-01-01;KREISE;;13053;;KLASS;;A1;Benzin;-;Anzahl;W1;Personenkraftwagen nach Kraftstoffarten
46251;;;;2026-01-01;KREISE;;13053;;KLASS;;A2;Diesel;-;Anzahl;W1;Personenkraftwagen nach Kraftstoffarten
46251;;;;2026-01-01;KREISE;;13053;;KLASS;;A3;Gas (einschl. bivalent);-;Anzahl;W1;Personenkraftwagen nach Kraftstoffarten
46251;;;;2026-01-01;KREISE;;13053;;KLASS;;A4;Hybrid;-;Anzahl;W1;Personenkraftwagen nach Kraftstoffarten
46251;;;;2026-01-01;KREISE;;13053;;KLASS;;A5;darunter Plug-In-Hybrid;-;Anzahl;W1;Personenkraftwagen nach Kraftstoffarten
46251;;;;2026-01-01;KREISE;;13053;;KLASS;;A6;Elektro;-;Anzahl;W1;Personenkraftwagen nach Kraftstoffarten
46251;;;;2026-01-01;KREISE;;13053;;KLASS;;A7;sonstige Kraftstoffarten;-;Anzahl;W1;Personenkraftwagen nach Kraftstoffarten
46251;;;;2026-01-01;KREISE;;13054;Landkreis Ludwigslust;KLASS;;;Insgesamt;-;Anzahl;W1;Personenkraftwagen nach Kraftstoffarten
46251;;;;2026-01-01;KREISE;;13054;;KLASS;;A1;Benzin;-;Anzahl;W1;Personenkraftwagen nach Kraftstoffarten
46251;;;;2026-01-01;KREISE;;13054;;KLASS;;A2;Diesel;-;Anzahl;W1;Personenkraftwagen nach Kraftstoffarten
46251;;;;2026-01-01;KREISE;;13054;;KLASS;;A3;Gas (einschl. bivalent);-;Anzahl;W1;Personenkraftwagen nach Kraftstoffarten
46251;;;;2026-01-01;KREISE;;13054;;KLASS;;A4;Hybrid;-;Anzahl;W1;Personenkraftwagen nach Kraftstoffarten
46251;;;;2026-01-01;KREISE;;13054;;KLASS;;A5;darunter Plug-In-Hybrid;-;Anzahl;W1;Personenkraftwagen nach Kraftstoffarten
46251;;;;2026-01-01;KREISE;;13054;;KLASS;;A6;Elektro;-;Anzahl;W1;Personenkraftwagen nach Kraftstoffarten
46251;;;;2026-01-01;KREISE;;13054;;KLASS;;A7;sonstige Kraftstoffarten;-;Anzahl;W1;Personenkraftwagen nach Kraftstoffarten
46251;;;;2026-01-01;KREISE;;13055;Mecklenburg-Strelitz, Landkreis;KLASS;;;Insgesamt;-;Anzahl;W1;Personenkraftwagen nach Kraftstoffarten
46251;;;;2026-01-01;KREISE;;13055;;KLASS;;A1;Benzin;-;Anzahl;W1;Personenkraftwagen nach Kraftstoffarten
46251;;;;2026-01-01;KREISE;;13055;;KLASS;;A2;Diesel;-;Anzahl;W1;Personenkraftwagen nach Kraftstoffarten
46251;;;;2026-01-01;KREISE;;13055;;KLASS;;A3;Gas (einschl. bivalent);-;Anzahl;W1;Personenkraftwagen nach Kraftstoffarten
46251;;;;2026-01-01;KREISE;;13055;;KLASS;;A4;Hybrid;-;Anzahl;W1;Personenkraftwagen nach Kraftstoffarten
46251;;;;2026-01-01;KREISE;;13055;;KLASS;;A5;darunter Plug-In-Hybrid;-;Anzahl;W1;Personenkraftwagen nach Kraftstoffarten
46251;;;;2026-01-01;KREISE;;13055;;KLASS;;A6;Elektro;-;Anzahl;W1;Personenkraftwagen nach Kraftstoffarten
46251;;;;2026-01-01;KREISE;;13055;;KLASS;;A7;sonstige Kraftstoffarten;-;Anzahl;W1;Personenkraftwagen nach Kraftstoffarten
46251;;;;2026-01-01;KREISE;;13056;Landkreis Müritz;KLASS;;;Insgesamt;-;Anzahl;W1;Personenkraftwagen nach Kraftstoffarten
46251;;;;2026-01-01;KREISE;;13056;;KLASS;;A1;Benzin;-;Anzahl;W1;Personenkraftwagen nach Kraftstoffarten
46251;;;;2026-01-01;KREISE;;13056;;KLASS;;A2;Diesel;-;Anzahl;W1;Personenkraftwagen nach Kraftstoffarten
46251;;;;2026-01-01;KREISE;;13056;;KLASS;;A3;Gas (einschl. bivalent);-;Anzahl;W1;Personenkraftwagen nach Kraftstoffarten
46251;;;;2026-01-01;KREISE;;13056;;KLASS;;A4;Hybrid;-;Anzahl;W1;Personenkraftwagen nach Kraftstoffarten
46251;;;;2026-01-01;KREISE;;13056;;KLASS;;A5;darunter Plug-In-Hybrid;-;Anzahl;W1;Personenkraftwagen nach Kraftstoffarten
46251;;;;2026-01-01;KREISE;;13056;;KLASS;;A6;Elektro;-;Anzahl;W1;Personenkraftwagen nach Kraftstoffarten
46251;;;;2026-01-01;KREISE;;13056;;KLASS;;A7;sonstige Kraftstoffarten;-;Anzahl;W1;Personenkraftwagen nach Kraftstoffarten
46251;;;;2026-01-01;KREISE;;13057;Nordvorpommern, Landkreis;KLASS;;;Insgesamt;-;Anzahl;W1;Personenkraftwagen nach Kraftstoffarten
46251;;;;2026-01-01;KREISE;;13057;;KLASS;;A1;Benzin;-;Anzahl;W1;Personenkraftwagen nach Kraftstoffarten
46251;;;;2026-01-01;KREISE;;13057;;KLASS;;A2;Diesel;-;Anzahl;W1;Personenkraftwagen nach Kraftstoffarten
46251;;;;2026-01-01;KREISE;;13057;;KLASS;;A3;Gas (einschl. bivalent);-;Anzahl;W1;Personenkraftwagen nach Kraftstoffarten
46251;;;;2026-01-01;KREISE;;13057;;KLASS;;A4;Hybrid;-;Anzahl;W1;Personenkraftwagen nach Kraftstoffarten
46251;;;;2026-01-01;KREISE;;13057;;KLASS;;A5;darunter Plug-In-Hybrid;-;Anzahl;W1;Personenkraftwagen nach Kraftstoffarten
46251;;;;2026-01-01;KREISE;;13057;;KLASS;;A6;Elektro;-;Anzahl;W1;Personenkraftwagen nach Kraftstoffarten
46251;;;;2026-01-01;KREISE;;13057;;KLASS;;A7;sonstige Kraftstoffarten;-;Anzahl;W1;Personenkraftwagen nach Kraftstoffarten
46251;;;;2026-01-01;KREISE;;13058;Landkreis Nordwestmecklenburg;KLASS;;;Insgesamt;-;Anzahl;W1;Personenkraftwagen nach Kraftstoffarten
46251;;;;2026-01-01;KREISE;;13058;;KLASS;;A1;Benzin;-;Anzahl;W1;Personenkraftwagen nach Kraftstoffarten
46251;;;;2026-01-01;KREISE;;13058;;KLASS;;A2;Diesel;-;Anzahl;W1;Personenkraftwagen nach Kraftstoffarten
46251;;;;2026-01-01;KREISE;;13058;;KLASS;;A3;Gas (einschl. bivalent);-;Anzahl;W1;Personenkraftwagen nach Kraftstoffarten
46251;;;;2026-01-01;KREISE;;13058;;KLASS;;A4;Hybrid;-;Anzahl;W1;Personenkraftwagen nach Kraftstoffarten
46251;;;;2026-01-01;KREISE;;13058;;KLASS;;A5;darunter Plug-In-Hybrid;-;Anzahl;W1;Personenkraftwagen nach Kraftstoffarten
46251;;;;2026-01-01;KREISE;;13058;;KLASS;;A6;Elektro;-;Anzahl;W1;Personenkraftwagen nach Kraftstoffarten
46251;;;;2026-01-01;KREISE;;13058;;KLASS;;A7;sonstige Kraftstoffarten;-;Anzahl;W1;Personenkraftwagen nach Kraftstoffarten
46251;;;;2026-01-01;KREISE;;13059;Ostvorpommern, Landkreis;KLASS;;;Insgesamt;-;Anzahl;W1;Personenkraftwagen nach Kraftstoffarten
46251;;;;2026-01-01;KREISE;;13059;;KLASS;;A1;Benzin;-;Anzahl;W1;Personenkraftwagen nach Kraftstoffarten
46251;;;;2026-01-01;KREISE;;13059;;KLASS;;A2;Diesel;-;Anzahl;W1;Personenkraftwagen nach Kraftstoffarten
46251;;;;2026-01-01;KREISE;;13059;;KLASS;;A3;Gas (einschl. bivalent);-;Anzahl;W1;Personenkraftwagen nach Kraftstoffarten
46251;;;;2026-01-01;KREISE;;13059;;KLASS;;A4;Hybrid;-;Anzahl;W1;Personenkraftwagen nach Kraftstoffarten
46251;;;;2026-01-01;KREISE;;13059;;KLASS;;A5;darunter Plug-In-Hybrid;-;Anzahl;W1;Personenkraftwagen nach Kraftstoffarten
46251;;;;2026-01-01;KREISE;;13059;;KLASS;;A6;Elektro;-;Anzahl;W1;Personenkraftwagen nach Kraftstoffarten
46251;;;;2026-01-01;KREISE;;13059;;KLASS;;A7;sonstige Kraftstoffarten;-;Anzahl;W1;Personenkraftwagen nach Kraftstoffarten
46251;;;;2026-01-01;KREISE;;13060;Landkreis Parchim;KLASS;;;Insgesamt;-;Anzahl;W1;Personenkraftwagen nach Kraftstoffarten
46251;;;;2026-01-01;KREISE;;13060;;KLASS;;A1;Benzin;-;Anzahl;W1;Personenkraftwagen nach Kraftstoffarten
46251;;;;2026-01-01;KREISE;;13060;;KLASS;;A2;Diesel;-;Anzahl;W1;Personenkraftwagen nach Kraftstoffarten
46251;;;;2026-01-01;KREISE;;13060;;KLASS;;A3;Gas (einschl. bivalent);-;Anzahl;W1;Personenkraftwagen nach Kraftstoffarten
46251;;;;2026-01-01;KREISE;;13060;;KLASS;;A4;Hybrid;-;Anzahl;W1;Personenkraftwagen nach Kraftstoffarten
46251;;;;2026-01-01;KREISE;;13060;;KLASS;;A5;darunter Plug-In-Hybrid;-;Anzahl;W1;Personenkraftwagen nach Kraftstoffarten
46251;;;;2026-01-01;KREISE;;13060;;KLASS;;A6;Elektro;-;Anzahl;W1;Personenkraftwagen nach Kraftstoffarten
46251;;;;2026-01-01;KREISE;;13060;;KLASS;;A7;sonstige Kraftstoffarten;-;Anzahl;W1;Personenkraftwagen nach Kraftstoffarten
46251;;;;2026-01-01;KREISE;;13061;Rügen, Landkreis;KLASS;;;Insgesamt;-;Anzahl;W1;Personenkraftwagen nach Kraftstoffarten
46251;;;;2026-01-01;KREISE;;13061;;KLASS;;A1;Benzin;-;Anzahl;W1;Personenkraftwagen nach Kraftstoffarten
46251;;;;2026-01-01;KREISE;;13061;;KLASS;;A2;Diesel;-;Anzahl;W1;Personenkraftwagen nach Kraftstoffarten
46251;;;;2026-01-01;KREISE;;13061;;KLASS;;A3;Gas (einschl. bivalent);-;Anzahl;W1;Personenkraftwagen nach Kraftstoffarten
46251;;;;2026-01-01;KREISE;;13061;;KLASS;;A4;Hybrid;-;Anzahl;W1;Personenkraftwagen nach Kraftstoffarten
46251;;;;2026-01-01;KREISE;;13061;;KLASS;;A5;darunter Plug-In-Hybrid;-;Anzahl;W1;Personenkraftwagen nach Kraftstoffarten
46251;;;;2026-01-01;KREISE;;13061;;KLASS;;A6;Elektro;-;Anzahl;W1;Personenkraftwagen nach Kraftstoffarten
46251;;;;2026-01-01;KREISE;;13061;;KLASS;;A7;sonstige Kraftstoffarten;-;Anzahl;W1;Personenkraftwagen nach Kraftstoffarten
46251;;;;2026-01-01;KREISE;;13062;Landkreis Uecker-Randow;KLASS;;;Insgesamt;-;Anzahl;W1;Personenkraftwagen nach Kraftstoffarten
46251;;;;2026-01-01;KREISE;;13062;;KLASS;;A1;Benzin;-;Anzahl;W1;Personenkraftwagen nach Kraftstoffarten
46251;;;;2026-01-01;KREISE;;13062;;KLASS;;A2;Diesel;-;Anzahl;W1;Personenkraftwagen nach Kraftstoffarten
46251;;;;2026-01-01;KREISE;;13062;;KLASS;;A3;Gas (einschl. bivalent);-;Anzahl;W1;Personenkraftwagen nach Kraftstoffarten
46251;;;;2026-01-01;KREISE;;13062;;KLASS;;A4;Hybrid;-;Anzahl;W1;Personenkraftwagen nach Kraftstoffarten
46251;;;;2026-01-01;KREISE;;13062;;KLASS;;A5;darunter Plug-In-Hybrid;-;Anzahl;W1;Personenkraftwagen nach Kraftstoffarten
46251;;;;2026-01-01;KREISE;;13062;;KLASS;;A6;Elektro;-;Anzahl;W1;Personenkraftwagen nach Kraftstoffarten
46251;;;;2026-01-01;KREISE;;13062;;KLASS;;A7;sonstige Kraftstoffarten;-;Anzahl;W1;Personenkraftwagen nach Kraftstoffarten
46251;;;;2026-01-01;KREISE;;13071;Mecklenburgische Seenplatte, Landkreis;KLASS;;;Insgesamt;147938;Anzahl;W1;Personenkraftwagen nach Kraftstoffarten
46251;;;;2026-01-01;KREISE;;13071;;KLASS;;A1;Benzin;88587;Anzahl;W1;Personenkraftwagen nach Kraftstoffarten
46251;;;;2026-01-01;KREISE;;13071;;KLASS;;A2;Diesel;45839;Anzahl;W1;Personenkraftwagen nach Kraftstoffarten
46251;;;;2026-01-01;KREISE;;13071;;KLASS;;A3;Gas (einschl. bivalent);812;Anzahl;W1;Personenkraftwagen nach Kraftstoffarten
46251;;;;2026-01-01;KREISE;;13071;;KLASS;;A4;Hybrid;10221;Anzahl;W1;Personenkraftwagen nach Kraftstoffarten
46251;;;;2026-01-01;KREISE;;13071;;KLASS;;A5;darunter Plug-In-Hybrid;2046;Anzahl;W1;Personenkraftwagen nach Kraftstoffarten
46251;;;;2026-01-01;KREISE;;13071;;KLASS;;A6;Elektro;2444;Anzahl;W1;Personenkraftwagen nach Kraftstoffarten
46251;;;;2026-01-01;KREISE;;13071;;KLASS;;A7;sonstige Kraftstoffarten;35;Anzahl;W1;Personenkraftwagen nach Kraftstoffarten
46251;;;;2026-01-01;KREISE;;13071;;;;;;601,4;;PKWEW;Pkw je 1.000 Einwohner, berechnet
46251;;;;2026-01-01;KREISE;;13071;;KLASS;;A1;Benzin;59,9;%;PKWANT;Anteil am Pkw-Bestand, berechnet
46251;;;;2026-01-01;KREISE;;13071;;KLASS;;A2;Diesel;31,0;%;PKWANT;Anteil am Pkw-Bestand, berechnet
46251;;;;2026-01-01;KREISE;;13071;;KLASS;;A3;Gas (einschl. bivalent);0,5;%;PKWANT;Anteil am Pkw-Bestand, berechnet
46251;;;;2026-01-01;KREISE;;13071;;KLASS;;A4;Hybrid;6,9;%;PKWANT;Anteil am Pkw-Bestand, berechnet
46251;;;;2026-01-01;KREISE;;13071;;KLASS;;A5;darunter Plug-In-Hybrid;1,4;%;PKWANT;Anteil am Pkw-Bestand, berechnet
46251;;;;2026-01-01;KREISE;;13071;;KLASS;;A6;Elektro;1,7;%;PKWANT;Anteil am Pkw-Bestand, berechnet
46251;;;;2026-01-01;KREISE;;13071;;KLASS;;A7;sonstige Kraftstoffarten;0,0;%;PKWANT;Anteil am Pkw-Bestand, berechnet
46251;;;;2026-01-01;KREISE;;13072;Landkreis Rostock;KLASS;;;Insgesamt;131255;Anzahl;W1;Personenkraftwagen nach Kraftstoffarten
46251;;;;2026-01-01;KREISE;;13072;;KLASS;;A1;Benzin;74722;Anzahl;W1;Personenkraftwagen nach Kraftstoffarten
46251;;;;2026-01-01;KREISE;;13072;;KLASS;;A2;Diesel;43047;Anzahl;W1;Personenkraftwagen nach Kraftstoffarten
46251;;;;2026-01-01;KREISE;;13072;;KLASS;;A3;Gas (einschl. bivalent);689;Anzahl;W1;Personenkraftwagen nach Kraftstoffarten
46251;;;;2026-01-01;KREISE;;13072;;KLASS;;A4;Hybrid;9563;Anzahl;W1;Personenkraftwagen nach Kraftstoffarten
46251;;;;2026-01-01;KREISE;;13072;;KLASS;;A5;darunter Plug-In-Hybrid;2054;Anzahl;W1;Personenkraftwagen nach Kraftstoffarten
46251;;;;2026-01-01;KREISE;;13072;;KLASS;;A6;Elektro;3202;Anzahl;W1;Personenkraftwagen nach Kraftstoffarten
46251;;;;2026-01-01;KREISE;;13072;;KLASS;;A7;sonstige Kraftstoffarten;32;Anzahl;W1;Personenkraftwagen nach Kraftstoffarten
46251;;;;2026-01-01;KREISE;;13072;;;;;;601,7;;PKWEW;Pkw je 1.000 Einwohner, berechnet
46251;;;;2026-01-01;KREISE;;13072;;KLASS;;A1;Benzin;56,9;%;PKWANT;Anteil am Pkw-Bestand, berechnet
46251;;;;2026-01-01;KREISE;;13072;;KLASS;;A2;Diesel;32,8;%;PKWANT;Anteil am Pkw-Bestand, berechnet
46251;;;;2026-01-01;KREISE;;13072;;KLASS;;A3;Gas (einschl. bivalent);0,5;%;PKWANT;Anteil am Pkw-Bestand, berechnet
46251;;;;2026-01-01;KREISE;;13072;;KLASS;;A4;Hybrid;7,3;%;PKWANT;Anteil am Pkw-Bestand, berechnet
46251;;;;2026-01-01;KREISE;;13072;;KLASS;;A5;darunter Plug-In-Hybrid;1,6;%;PKWANT;Anteil am Pkw-Bestand, berechnet
46251;;;;2026-01-01;KREISE;;13072;;KLASS;;A6;Elektro;2,4;%;PKWANT;Anteil am Pkw-Bestand, berechnet
46251;;;;2026-01-01;KREISE;;13072;;KLASS;;A7;sonstige Kraftstoffarten;0,0;%;PKWANT;Anteil am Pkw-Bestand, berechnet
46251;;;;2026-01-01;KREISE;;13073;Vorpommern-Rügen, Landkreis;KLASS;;;Insgesamt;127441;Anzahl;W1;Personenkraftwagen nach Kraftstoffarten
46251;;;;2026-01-01;KREISE;;13073;;KLASS;;A1;Benzin;76183;Anzahl;W1;Personenkraftwagen nach Kraftstoffarten
46251;;;;2026-01-01;KREISE;;13073;;KLASS;;A2;Diesel;39100;Anzahl;W1;Personenkraftwagen nach Kraftstoffarten
46251;;;;2026-01-01;KREISE;;13073;;KLASS;;A3;Gas (einschl. bivalent);754;Anzahl;W1;Personenkraftwagen nach Kraftstoffarten
46251;;;;2026-01-01;KREISE;;13073;;KLASS;;A4;Hybrid;8950;Anzahl;W1;Personenkraftwagen nach Kraftstoffarten
46251;;;;2026-01-01;KREISE;;13073;;KLASS;;A5;darunter Plug-In-Hybrid;1667;Anzahl;W1;Personenkraftwagen nach Kraftstoffarten
46251;;;;2026-01-01;KREISE;;13073;;KLASS;;A6;Elektro;2422;Anzahl;W1;Personenkraftwagen nach Kraftstoffarten
46251;;;;2026-01-01;KREISE;;13073;;KLASS;;A7;sonstige Kraftstoffarten;32;Anzahl;W1;Personenkraftwagen nach Kraftstoffarten
46251;;;;2026-01-01;KREISE;;13073;;;;;;585,1;;PKWEW;Pkw je 1.000 Einwohner, berechnet
46251;;;;2026-01-01;KREISE;;13073;;KLASS;;A1;Benzin;59,8;%;PKWANT;Anteil am Pkw-Bestand, berechnet
46251;;;;2026-01-01;KREISE;;13073;;KLASS;;A2;Diesel;30,7;%;PKWANT;Anteil am Pkw-Bestand, berechnet
46251;;;;2026-01-01;KREISE;;13073;;KLASS;;A3;Gas (einschl. bivalent);0,6;%;PKWANT;Anteil am Pkw-Bestand, berechnet
46251;;;;2026-01-01;KREISE;;13073;;KLASS;;A4;Hybrid;7,0;%;PKWANT;Anteil am Pkw-Bestand, berechnet
46251;;;;2026-01-01;KREISE;;13073;;KLASS;;A5;darunter Plug-In-Hybrid;1,3;%;PKWANT;Anteil am Pkw-Bestand, berechnet
46251;;;;2026-01-01;KREISE;;13073;;KLASS;;A6;Elektro;1,9;%;PKWANT;Anteil am Pkw-Bestand, berechnet
46251;;;;2026-01-01;KREISE;;13073;;KLASS;;A7;sonstige Kraftstoffarten;0,0;%;PKWANT;Anteil am Pkw-Bestand, berechnet
46251;;;;2026-01-01;KREISE;;13074;Nordwestmecklenburg, Landkreis;KLASS;;;Insgesamt;93447;Anzahl;W1;Personenkraftwagen nach Kraftstoffarten
46251;;;;2026-01-01;KREISE;;13074;;KLASS;;A1;Benzin;54829;Anzahl;W1;Personenkraftwagen nach Kraftstoffarten
46251;;;;2026-01-01;KREISE;;13074;;KLASS;;A2;Diesel;29657;Anzahl;W1;Personenkraftwagen nach Kraftstoffarten
46251;;;;2026-01-01;KREISE;;13074;;KLASS;;A3;Gas (einschl. bivalent);713;Anzahl;W1;Personenkraftwagen nach Kraftstoffarten
46251;;;;2026-01-01;KREISE;;13074;;KLASS;;A4;Hybrid;5977;Anzahl;W1;Personenkraftwagen nach Kraftstoffarten
46251;;;;2026-01-01;KREISE;;13074;;KLASS;;A5;darunter Plug-In-Hybrid;1299;Anzahl;W1;Personenkraftwagen nach Kraftstoffarten
46251;;;;2026-01-01;KREISE;;13074;;KLASS;;A6;Elektro;2256;Anzahl;W1;Personenkraftwagen nach Kraftstoffarten
46251;;;;2026-01-01;KREISE;;13074;;KLASS;;A7;sonstige Kraftstoffarten;15;Anzahl;W1;Personenkraftwagen nach Kraftstoffarten
46251;;;;2026-01-01;KREISE;;13074;;;;;;599,5;;PKWEW;Pkw je 1.000 Einwohner, berechnet
46251;;;;2026-01-01;KREISE;;13074;;KLASS;;A1;Benzin;58,7;%;PKWANT;Anteil am Pkw-Bestand, berechnet
46251;;;;2026-01-01;KREISE;;13074;;KLASS;;A2;Diesel;31,7;%;PKWANT;Anteil am Pkw-Bestand, berechnet
46251;;;;2026-01-01;KREISE;;13074;;KLASS;;A3;Gas (einschl. bivalent);0,8;%;PKWANT;Anteil am Pkw-Bestand, berechnet
46251;;;;2026-01-01;KREISE;;13074;;KLASS;;A4;Hybrid;6,4;%;PKWANT;Anteil am Pkw-Bestand, berechnet
46251;;;;2026-01-01;KREISE;;13074;;KLASS;;A5;darunter Plug-In-Hybrid;1,4;%;PKWANT;Anteil am Pkw-Bestand, berechnet
46251;;;;2026-01-01;KREISE;;13074;;KLASS;;A6;Elektro;2,4;%;PKWANT;Anteil am Pkw-Bestand, berechnet
46251;;;;2026-01-01;KREISE;;13074;;KLASS;;A7;sonstige Kraftstoffarten;0,0;%;PKWANT;Anteil am Pkw-Bestand, berechnet
46251;;;;2026-01-01;KREISE;;13075;Vorpommern-Greifswald, Landkreis;KLASS;;;Insgesamt;128259;Anzahl;W1;Personenkraftwagen nach Kraftstoffarten
46251;;;;2026-01-01;KREISE;;13075;;KLASS;;A1;Benzin;78989;Anzahl;W1;Personenkraftwagen nach Kraftstoffarten
46251;;;;2026-01-01;KREISE;;13075;;KLASS;;A2;Diesel;37179;Anzahl;W1;Personenkraftwagen nach Kraftstoffarten
46251;;;;2026-01-01;KREISE;;13075;;KLASS;;A3;Gas (einschl. bivalent);840;Anzahl;W1;Personenkraftwagen nach Kraftstoffarten
46251;;;;2026-01-01;KREISE;;13075;;KLASS;;A4;Hybrid;9125;Anzahl;W1;Personenkraftwagen nach Kraftstoffarten
46251;;;;2026-01-01;KREISE;;13075;;KLASS;;A5;darunter Plug-In-Hybrid;1550;Anzahl;W1;Personenkraftwagen nach Kraftstoffarten
46251;;;;2026-01-01;KREISE;;13075;;KLASS;;A6;Elektro;2097;Anzahl;W1;Personenkraftwagen nach Kraftstoffarten
46251;;;;2026-01-01;KREISE;;13075;;KLASS;;A7;sonstige Kraftstoffarten;29;Anzahl;W1;Personenkraftwagen nach Kraftstoffarten
46251;;;;2026-01-01;KREISE;;13075;;;;;;567,9;;PKWEW;Pkw je 1.000 Einwohner, berechnet
46251;;;;2026-01-01;KREISE;;13075;;KLASS;;A1;Benzin;61,6;%;PKWANT;Anteil am Pkw-Bestand, berechnet
46251;;;;2026-01-01;KREISE;;13075;;KLASS;;A2;Diesel;29,0;%;PKWANT;Anteil am Pkw-Bestand, berechnet
46251;;;;2026-01-01;KREISE;;13075;;KLASS;;A3;Gas (einschl. bivalent);0,7;%;PKWANT;Anteil am Pkw-Bestand, berechnet
46251;;;;2026-01-01;KREISE;;13075;;KLASS;;A4;Hybrid;7,1;%;PKWANT;Anteil am Pkw-Bestand, berechnet
46251;;;;2026-01-01;KREISE;;13075;;KLASS;;A5;darunter Plug-In-Hybrid;1,2;%;PKWANT;Anteil am Pkw-Bestand, berechnet
46251;;;;2026-01-01;KREISE;;13075;;KLASS;;A6;Elektro;1,6;%;PKWANT;Anteil am Pkw-Bestand, berechnet
46251;;;;2026-01-01;KREISE;;13075;;KLASS;;A7;sonstige Kraftstoffarten;0,0;%;PKWANT;Anteil am Pkw-Bestand, berechnet
46251;;;;2026-01-01;KREISE;;13076;Ludwigslust-Parchim, Landkreis;KLASS;;;Insgesamt;130862;Anzahl;W1;Personenkraftwagen nach Kraftstoffarten
46251;;;;2026-01-01;KREISE;;13076;;KLASS;;A1;Benzin;76113;Anzahl;W1;Personenkraftwagen nach Kraftstoffarten
46251;;;;2026-01-01;KREISE;;13076;;KLASS;;A2;Diesel;43915;Anzahl;W1;Personenkraftwagen nach Kraftstoffarten
46251;;;;2026-01-01;KREISE;;13076;;KLASS;;A3;Gas (einschl. bivalent);889;Anzahl;W1;Personenkraftwagen nach Kraftstoffarten
46251;;;;2026-01-01;KREISE;;13076;;KLASS;;A4;Hybrid;7483;Anzahl;W1;Personenkraftwagen nach Kraftstoffarten
46251;;;;2026-01-01;KREISE;;13076;;KLASS;;A5;darunter Plug-In-Hybrid;1520;Anzahl;W1;Personenkraftwagen nach Kraftstoffarten
46251;;;;2026-01-01;KREISE;;13076;;KLASS;;A6;Elektro;2419;Anzahl;W1;Personenkraftwagen nach Kraftstoffarten
46251;;;;2026-01-01;KREISE;;13076;;KLASS;;A7;sonstige Kraftstoffarten;43;Anzahl;W1;Personenkraftwagen nach Kraftstoffarten
46251;;;;2026-01-01;KREISE;;13076;;;;;;631,7;;PKWEW;Pkw je 1.000 Einwohner, berechnet
46251;;;;2026-01-01;KREISE;;13076;;KLASS;;A1;Benzin;58,2;%;PKWANT;Anteil am Pkw-Bestand, berechnet
46251;;;;2026-01-01;KREISE;;13076;;KLASS;;A2;Diesel;33,6;%;PKWANT;Anteil am Pkw-Bestand, berechnet
46251;;;;2026-01-01;KREISE;;13076;;KLASS;;A3;Gas (einschl. bivalent);0,7;%;PKWANT;Anteil am Pkw-Bestand, berechnet
46251;;;;2026-01-01;KREISE;;13076;;KLASS;;A4;Hybrid;5,7;%;PKWANT;Anteil am Pkw-Bestand, berechnet
46251;;;;2026-01-01;KREISE;;13076;;KLASS;;A5;darunter Plug-In-Hybrid;1,2;%;PKWANT;Anteil am Pkw-Bestand, berechnet
46251;;;;2026-01-01;KREISE;;13076;;KLASS;;A6;Elektro;1,8;%;PKWANT;Anteil am Pkw-Bestand, berechnet
46251;;;;2026-01-01;KREISE;;13076;;KLASS;;A7;sonstige Kraftstoffarten;0,0;%;PKWANT;Anteil am Pkw-Bestand, berechnet
46251;;;;2026-01-01;KREISE;;14161;Chemnitz, kreisfreie Stadt;KLASS;;;Insgesamt;-;Anzahl;W1;Personenkraftwagen nach Kraftstoffarten
46251;;;;2026-01-01;KREISE;;14161;;KLASS;;A1;Benzin;-;Anzahl;W1;Personenkraftwagen nach Kraftstoffarten
46251;;;;2026-01-01;KREISE;;14161;;KLASS;;A2;Diesel;-;Anzahl;W1;Personenkraftwagen nach Kraftstoffarten
46251;;;;2026-01-01;KREISE;;14161;;KLASS;;A3;Gas (einschl. bivalent);-;Anzahl;W1;Personenkraftwagen nach Kraftstoffarten
46251;;;;2026-01-01;KREISE;;14161;;KLASS;;A4;Hybrid;-;Anzahl;W1;Personenkraftwagen nach Kraftstoffarten
46251;;;;2026-01-01;KREISE;;14161;;KLASS;;A5;darunter Plug-In-Hybrid;-;Anzahl;W1;Personenkraftwagen nach Kraftstoffarten
46251;;;;2026-01-01;KREISE;;14161;;KLASS;;A6;Elektro;-;Anzahl;W1;Personenkraftwagen nach Kraftstoffarten
46251;;;;2026-01-01;KREISE;;14161;;KLASS;;A7;sonstige Kraftstoffarten;-;Anzahl;W1;Personenkraftwagen nach Kraftstoffarten
46251;;;;2026-01-01;KREISE;;14166;Plauen, kreisfreie Stadt;KLASS;;;Insgesamt;-;Anzahl;W1;Personenkraftwagen nach Kraftstoffarten
46251;;;;2026-01-01;KREISE;;14166;;KLASS;;A1;Benzin;-;Anzahl;W1;Personenkraftwagen nach Kraftstoffarten
46251;;;;2026-01-01;KREISE;;14166;;KLASS;;A2;Diesel;-;Anzahl;W1;Personenkraftwagen nach Kraftstoffarten
46251;;;;2026-01-01;KREISE;;14166;;KLASS;;A3;Gas (einschl. bivalent);-;Anzahl;W1;Personenkraftwagen nach Kraftstoffarten
46251;;;;2026-01-01;KREISE;;14166;;KLASS;;A4;Hybrid;-;Anzahl;W1;Personenkraftwagen nach Kraftstoffarten
46251;;;;2026-01-01;KREISE;;14166;;KLASS;;A5;darunter Plug-In-Hybrid;-;Anzahl;W1;Personenkraftwagen nach Kraftstoffarten
46251;;;;2026-01-01;KREISE;;14166;;KLASS;;A6;Elektro;-;Anzahl;W1;Personenkraftwagen nach Kraftstoffarten
46251;;;;2026-01-01;KREISE;;14166;;KLASS;;A7;sonstige Kraftstoffarten;-;Anzahl;W1;Personenkraftwagen nach Kraftstoffarten
46251;;;;2026-01-01;KREISE;;14167;Zwickau, kreisfreie Stadt;KLASS;;;Insgesamt;-;Anzahl;W1;Personenkraftwagen nach Kraftstoffarten
46251;;;;2026-01-01;KREISE;;14167;;KLASS;;A1;Benzin;-;Anzahl;W1;Personenkraftwagen nach Kraftstoffarten
46251;;;;2026-01-01;KREISE;;14167;;KLASS;;A2;Diesel;-;Anzahl;W1;Personenkraftwagen nach Kraftstoffarten
46251;;;;2026-01-01;KREISE;;14167;;KLASS;;A3;Gas (einschl. bivalent);-;Anzahl;W1;Personenkraftwagen nach Kraftstoffarten
46251;;;;2026-01-01;KREISE;;14167;;KLASS;;A4;Hybrid;-;Anzahl;W1;Personenkraftwagen nach Kraftstoffarten
46251;;;;2026-01-01;KREISE;;14167;;KLASS;;A5;darunter Plug-In-Hybrid;-;Anzahl;W1;Personenkraftwagen nach Kraftstoffarten
46251;;;;2026-01-01;KREISE;;14167;;KLASS;;A6;Elektro;-;Anzahl;W1;Personenkraftwagen nach Kraftstoffarten
46251;;;;2026-01-01;KREISE;;14167;;KLASS;;A7;sonstige Kraftstoffarten;-;Anzahl;W1;Personenkraftwagen nach Kraftstoffarten
46251;;;;2026-01-01;KREISE;;14171;Annaberg, Landkreis;KLASS;;;Insgesamt;-;Anzahl;W1;Personenkraftwagen nach Kraftstoffarten
46251;;;;2026-01-01;KREISE;;14171;;KLASS;;A1;Benzin;-;Anzahl;W1;Personenkraftwagen nach Kraftstoffarten
46251;;;;2026-01-01;KREISE;;14171;;KLASS;;A2;Diesel;-;Anzahl;W1;Personenkraftwagen nach Kraftstoffarten
46251;;;;2026-01-01;KREISE;;14171;;KLASS;;A3;Gas (einschl. bivalent);-;Anzahl;W1;Personenkraftwagen nach Kraftstoffarten
46251;;;;2026-01-01;KREISE;;14171;;KLASS;;A4;Hybrid;-;Anzahl;W1;Personenkraftwagen nach Kraftstoffarten
46251;;;;2026-01-01;KREISE;;14171;;KLASS;;A5;darunter Plug-In-Hybrid;-;Anzahl;W1;Personenkraftwagen nach Kraftstoffarten
46251;;;;2026-01-01;KREISE;;14171;;KLASS;;A6;Elektro;-;Anzahl;W1;Personenkraftwagen nach Kraftstoffarten
46251;;;;2026-01-01;KREISE;;14171;;KLASS;;A7;sonstige Kraftstoffarten;-;Anzahl;W1;Personenkraftwagen nach Kraftstoffarten
46251;;;;2026-01-01;KREISE;;14173;Chemnitzer Land, Landkreis;KLASS;;;Insgesamt;-;Anzahl;W1;Personenkraftwagen nach Kraftstoffarten
46251;;;;2026-01-01;KREISE;;14173;;KLASS;;A1;Benzin;-;Anzahl;W1;Personenkraftwagen nach Kraftstoffarten
46251;;;;2026-01-01;KREISE;;14173;;KLASS;;A2;Diesel;-;Anzahl;W1;Personenkraftwagen nach Kraftstoffarten
46251;;;;2026-01-01;KREISE;;14173;;KLASS;;A3;Gas (einschl. bivalent);-;Anzahl;W1;Personenkraftwagen nach Kraftstoffarten
46251;;;;2026-01-01;KREISE;;14173;;KLASS;;A4;Hybrid;-;Anzahl;W1;Personenkraftwagen nach Kraftstoffarten
46251;;;;2026-01-01;KREISE;;14173;;KLASS;;A5;darunter Plug-In-Hybrid;-;Anzahl;W1;Personenkraftwagen nach Kraftstoffarten
46251;;;;2026-01-01;KREISE;;14173;;KLASS;;A6;Elektro;-;Anzahl;W1;Personenkraftwagen nach Kraftstoffarten
46251;;;;2026-01-01;KREISE;;14173;;KLASS;;A7;sonstige Kraftstoffarten;-;Anzahl;W1;Personenkraftwagen nach Kraftstoffarten
46251;;;;2026-01-01;KREISE;;14177;Freiberg, Landkreis;KLASS;;;Insgesamt;-;Anzahl;W1;Personenkraftwagen nach Kraftstoffarten
46251;;;;2026-01-01;KREISE;;14177;;KLASS;;A1;Benzin;-;Anzahl;W1;Personenkraftwagen nach Kraftstoffarten
46251;;;;2026-01-01;KREISE;;14177;;KLASS;;A2;Diesel;-;Anzahl;W1;Personenkraftwagen nach Kraftstoffarten
46251;;;;2026-01-01;KREISE;;14177;;KLASS;;A3;Gas (einschl. bivalent);-;Anzahl;W1;Personenkraftwagen nach Kraftstoffarten
46251;;;;2026-01-01;KREISE;;14177;;KLASS;;A4;Hybrid;-;Anzahl;W1;Personenkraftwagen nach Kraftstoffarten
46251;;;;2026-01-01;KREISE;;14177;;KLASS;;A5;darunter Plug-In-Hybrid;-;Anzahl;W1;Personenkraftwagen nach Kraftstoffarten
46251;;;;2026-01-01;KREISE;;14177;;KLASS;;A6;Elektro;-;Anzahl;W1;Personenkraftwagen nach Kraftstoffarten
46251;;;;2026-01-01;KREISE;;14177;;KLASS;;A7;sonstige Kraftstoffarten;-;Anzahl;W1;Personenkraftwagen nach Kraftstoffarten
46251;;;;2026-01-01;KREISE;;14178;Vogtlandkreis;KLASS;;;Insgesamt;-;Anzahl;W1;Personenkraftwagen nach Kraftstoffarten
46251;;;;2026-01-01;KREISE;;14178;;KLASS;;A1;Benzin;-;Anzahl;W1;Personenkraftwagen nach Kraftstoffarten
46251;;;;2026-01-01;KREISE;;14178;;KLASS;;A2;Diesel;-;Anzahl;W1;Personenkraftwagen nach Kraftstoffarten
46251;;;;2026-01-01;KREISE;;14178;;KLASS;;A3;Gas (einschl. bivalent);-;Anzahl;W1;Personenkraftwagen nach Kraftstoffarten
46251;;;;2026-01-01;KREISE;;14178;;KLASS;;A4;Hybrid;-;Anzahl;W1;Personenkraftwagen nach Kraftstoffarten
46251;;;;2026-01-01;KREISE;;14178;;KLASS;;A5;darunter Plug-In-Hybrid;-;Anzahl;W1;Personenkraftwagen nach Kraftstoffarten
46251;;;;2026-01-01;KREISE;;14178;;KLASS;;A6;Elektro;-;Anzahl;W1;Personenkraftwagen nach Kraftstoffarten
46251;;;;2026-01-01;KREISE;;14178;;KLASS;;A7;sonstige Kraftstoffarten;-;Anzahl;W1;Personenkraftwagen nach Kraftstoffarten
46251;;;;2026-01-01;KREISE;;14181;Mittlerer Erzgebirgskreis;KLASS;;;Insgesamt;-;Anzahl;W1;Personenkraftwagen nach Kraftstoffarten
46251;;;;2026-01-01;KREISE;;14181;;KLASS;;A1;Benzin;-;Anzahl;W1;Personenkraftwagen nach Kraftstoffarten
46251;;;;2026-01-01;KREISE;;14181;;KLASS;;A2;Diesel;-;Anzahl;W1;Personenkraftwagen nach Kraftstoffarten
46251;;;;2026-01-01;KREISE;;14181;;KLASS;;A3;Gas (einschl. bivalent);-;Anzahl;W1;Personenkraftwagen nach Kraftstoffarten
46251;;;;2026-01-01;KREISE;;14181;;KLASS;;A4;Hybrid;-;Anzahl;W1;Personenkraftwagen nach Kraftstoffarten
46251;;;;2026-01-01;KREISE;;14181;;KLASS;;A5;darunter Plug-In-Hybrid;-;Anzahl;W1;Personenkraftwagen nach Kraftstoffarten
46251;;;;2026-01-01;KREISE;;14181;;KLASS;;A6;Elektro;-;Anzahl;W1;Personenkraftwagen nach Kraftstoffarten
46251;;;;2026-01-01;KREISE;;14181;;KLASS;;A7;sonstige Kraftstoffarten;-;Anzahl;W1;Personenkraftwagen nach Kraftstoffarten
46251;;;;2026-01-01;KREISE;;14182;Mittweida, Landkreis;KLASS;;;Insgesamt;-;Anzahl;W1;Personenkraftwagen nach Kraftstoffarten
46251;;;;2026-01-01;KREISE;;14182;;KLASS;;A1;Benzin;-;Anzahl;W1;Personenkraftwagen nach Kraftstoffarten
46251;;;;2026-01-01;KREISE;;14182;;KLASS;;A2;Diesel;-;Anzahl;W1;Personenkraftwagen nach Kraftstoffarten
46251;;;;2026-01-01;KREISE;;14182;;KLASS;;A3;Gas (einschl. bivalent);-;Anzahl;W1;Personenkraftwagen nach Kraftstoffarten
46251;;;;2026-01-01;KREISE;;14182;;KLASS;;A4;Hybrid;-;Anzahl;W1;Personenkraftwagen nach Kraftstoffarten
46251;;;;2026-01-01;KREISE;;14182;;KLASS;;A5;darunter Plug-In-Hybrid;-;Anzahl;W1;Personenkraftwagen nach Kraftstoffarten
46251;;;;2026-01-01;KREISE;;14182;;KLASS;;A6;Elektro;-;Anzahl;W1;Personenkraftwagen nach Kraftstoffarten
46251;;;;2026-01-01;KREISE;;14182;;KLASS;;A7;sonstige Kraftstoffarten;-;Anzahl;W1;Personenkraftwagen nach Kraftstoffarten
46251;;;;2026-01-01;KREISE;;14188;Stollberg, Landkreis;KLASS;;;Insgesamt;-;Anzahl;W1;Personenkraftwagen nach Kraftstoffarten
46251;;;;2026-01-01;KREISE;;14188;;KLASS;;A1;Benzin;-;Anzahl;W1;Personenkraftwagen nach Kraftstoffarten
46251;;;;2026-01-01;KREISE;;14188;;KLASS;;A2;Diesel;-;Anzahl;W1;Personenkraftwagen nach Kraftstoffarten
46251;;;;2026-01-01;KREISE;;14188;;KLASS;;A3;Gas (einschl. bivalent);-;Anzahl;W1;Personenkraftwagen nach Kraftstoffarten
46251;;;;2026-01-01;KREISE;;14188;;KLASS;;A4;Hybrid;-;Anzahl;W1;Personenkraftwagen nach Kraftstoffarten
46251;;;;2026-01-01;KREISE;;14188;;KLASS;;A5;darunter Plug-In-Hybrid;-;Anzahl;W1;Personenkraftwagen nach Kraftstoffarten
46251;;;;2026-01-01;KREISE;;14188;;KLASS;;A6;Elektro;-;Anzahl;W1;Personenkraftwagen nach Kraftstoffarten
46251;;;;2026-01-01;KREISE;;14188;;KLASS;;A7;sonstige Kraftstoffarten;-;Anzahl;W1;Personenkraftwagen nach Kraftstoffarten
46251;;;;2026-01-01;KREISE;;14191;Aue-Schwarzenberg, Landkreis;KLASS;;;Insgesamt;-;Anzahl;W1;Personenkraftwagen nach Kraftstoffarten
46251;;;;2026-01-01;KREISE;;14191;;KLASS;;A1;Benzin;-;Anzahl;W1;Personenkraftwagen nach Kraftstoffarten
46251;;;;2026-01-01;KREISE;;14191;;KLASS;;A2;Diesel;-;Anzahl;W1;Personenkraftwagen nach Kraftstoffarten
46251;;;;2026-01-01;KREISE;;14191;;KLASS;;A3;Gas (einschl. bivalent);-;Anzahl;W1;Personenkraftwagen nach Kraftstoffarten
46251;;;;2026-01-01;KREISE;;14191;;KLASS;;A4;Hybrid;-;Anzahl;W1;Personenkraftwagen nach Kraftstoffarten
46251;;;;2026-01-01;KREISE;;14191;;KLASS;;A5;darunter Plug-In-Hybrid;-;Anzahl;W1;Personenkraftwagen nach Kraftstoffarten
46251;;;;2026-01-01;KREISE;;14191;;KLASS;;A6;Elektro;-;Anzahl;W1;Personenkraftwagen nach Kraftstoffarten
46251;;;;2026-01-01;KREISE;;14191;;KLASS;;A7;sonstige Kraftstoffarten;-;Anzahl;W1;Personenkraftwagen nach Kraftstoffarten
46251;;;;2026-01-01;KREISE;;14193;Zwickauer Land, Landkreis;KLASS;;;Insgesamt;-;Anzahl;W1;Personenkraftwagen nach Kraftstoffarten
46251;;;;2026-01-01;KREISE;;14193;;KLASS;;A1;Benzin;-;Anzahl;W1;Personenkraftwagen nach Kraftstoffarten
46251;;;;2026-01-01;KREISE;;14193;;KLASS;;A2;Diesel;-;Anzahl;W1;Personenkraftwagen nach Kraftstoffarten
46251;;;;2026-01-01;KREISE;;14193;;KLASS;;A3;Gas (einschl. bivalent);-;Anzahl;W1;Personenkraftwagen nach Kraftstoffarten
46251;;;;2026-01-01;KREISE;;14193;;KLASS;;A4;Hybrid;-;Anzahl;W1;Personenkraftwagen nach Kraftstoffarten
46251;;;;2026-01-01;KREISE;;14193;;KLASS;;A5;darunter Plug-In-Hybrid;-;Anzahl;W1;Personenkraftwagen nach Kraftstoffarten
46251;;;;2026-01-01;KREISE;;14193;;KLASS;;A6;Elektro;-;Anzahl;W1;Personenkraftwagen nach Kraftstoffarten
46251;;;;2026-01-01;KREISE;;14193;;KLASS;;A7;sonstige Kraftstoffarten;-;Anzahl;W1;Personenkraftwagen nach Kraftstoffarten
46251;;;;2026-01-01;KREISE;;14262;Dresden, kreisfreie Stadt;KLASS;;;Insgesamt;-;Anzahl;W1;Personenkraftwagen nach Kraftstoffarten
46251;;;;2026-01-01;KREISE;;14262;;KLASS;;A1;Benzin;-;Anzahl;W1;Personenkraftwagen nach Kraftstoffarten
46251;;;;2026-01-01;KREISE;;14262;;KLASS;;A2;Diesel;-;Anzahl;W1;Personenkraftwagen nach Kraftstoffarten
46251;;;;2026-01-01;KREISE;;14262;;KLASS;;A3;Gas (einschl. bivalent);-;Anzahl;W1;Personenkraftwagen nach Kraftstoffarten
46251;;;;2026-01-01;KREISE;;14262;;KLASS;;A4;Hybrid;-;Anzahl;W1;Personenkraftwagen nach Kraftstoffarten
46251;;;;2026-01-01;KREISE;;14262;;KLASS;;A5;darunter Plug-In-Hybrid;-;Anzahl;W1;Personenkraftwagen nach Kraftstoffarten
46251;;;;2026-01-01;KREISE;;14262;;KLASS;;A6;Elektro;-;Anzahl;W1;Personenkraftwagen nach Kraftstoffarten
46251;;;;2026-01-01;KREISE;;14262;;KLASS;;A7;sonstige Kraftstoffarten;-;Anzahl;W1;Personenkraftwagen nach Kraftstoffarten
46251;;;;2026-01-01;KREISE;;14263;Görlitz, kreisfreie Stadt;KLASS;;;Insgesamt;-;Anzahl;W1;Personenkraftwagen nach Kraftstoffarten
46251;;;;2026-01-01;KREISE;;14263;;KLASS;;A1;Benzin;-;Anzahl;W1;Personenkraftwagen nach Kraftstoffarten
46251;;;;2026-01-01;KREISE;;14263;;KLASS;;A2;Diesel;-;Anzahl;W1;Personenkraftwagen nach Kraftstoffarten
46251;;;;2026-01-01;KREISE;;14263;;KLASS;;A3;Gas (einschl. bivalent);-;Anzahl;W1;Personenkraftwagen nach Kraftstoffarten
46251;;;;2026-01-01;KREISE;;14263;;KLASS;;A4;Hybrid;-;Anzahl;W1;Personenkraftwagen nach Kraftstoffarten
46251;;;;2026-01-01;KREISE;;14263;;KLASS;;A5;darunter Plug-In-Hybrid;-;Anzahl;W1;Personenkraftwagen nach Kraftstoffarten
46251;;;;2026-01-01;KREISE;;14263;;KLASS;;A6;Elektro;-;Anzahl;W1;Personenkraftwagen nach Kraftstoffarten
46251;;;;2026-01-01;KREISE;;14263;;KLASS;;A7;sonstige Kraftstoffarten;-;Anzahl;W1;Personenkraftwagen nach Kraftstoffarten
46251;;;;2026-01-01;KREISE;;14264;Hoyerswerda, kreisfreie Stadt;KLASS;;;Insgesamt;-;Anzahl;W1;Personenkraftwagen nach Kraftstoffarten
46251;;;;2026-01-01;KREISE;;14264;;KLASS;;A1;Benzin;-;Anzahl;W1;Personenkraftwagen nach Kraftstoffarten
46251;;;;2026-01-01;KREISE;;14264;;KLASS;;A2;Diesel;-;Anzahl;W1;Personenkraftwagen nach Kraftstoffarten
46251;;;;2026-01-01;KREISE;;14264;;KLASS;;A3;Gas (einschl. bivalent);-;Anzahl;W1;Personenkraftwagen nach Kraftstoffarten
46251;;;;2026-01-01;KREISE;;14264;;KLASS;;A4;Hybrid;-;Anzahl;W1;Personenkraftwagen nach Kraftstoffarten
46251;;;;2026-01-01;KREISE;;14264;;KLASS;;A5;darunter Plug-In-Hybrid;-;Anzahl;W1;Personenkraftwagen nach Kraftstoffarten
46251;;;;2026-01-01;KREISE;;14264;;KLASS;;A6;Elektro;-;Anzahl;W1;Personenkraftwagen nach Kraftstoffarten
46251;;;;2026-01-01;KREISE;;14264;;KLASS;;A7;sonstige Kraftstoffarten;-;Anzahl;W1;Personenkraftwagen nach Kraftstoffarten
46251;;;;2026-01-01;KREISE;;14272;Bautzen, Landkreis;KLASS;;;Insgesamt;-;Anzahl;W1;Personenkraftwagen nach Kraftstoffarten
46251;;;;2026-01-01;KREISE;;14272;;KLASS;;A1;Benzin;-;Anzahl;W1;Personenkraftwagen nach Kraftstoffarten
46251;;;;2026-01-01;KREISE;;14272;;KLASS;;A2;Diesel;-;Anzahl;W1;Personenkraftwagen nach Kraftstoffarten
46251;;;;2026-01-01;KREISE;;14272;;KLASS;;A3;Gas (einschl. bivalent);-;Anzahl;W1;Personenkraftwagen nach Kraftstoffarten
46251;;;;2026-01-01;KREISE;;14272;;KLASS;;A4;Hybrid;-;Anzahl;W1;Personenkraftwagen nach Kraftstoffarten
46251;;;;2026-01-01;KREISE;;14272;;KLASS;;A5;darunter Plug-In-Hybrid;-;Anzahl;W1;Personenkraftwagen nach Kraftstoffarten
46251;;;;2026-01-01;KREISE;;14272;;KLASS;;A6;Elektro;-;Anzahl;W1;Personenkraftwagen nach Kraftstoffarten
46251;;;;2026-01-01;KREISE;;14272;;KLASS;;A7;sonstige Kraftstoffarten;-;Anzahl;W1;Personenkraftwagen nach Kraftstoffarten
46251;;;;2026-01-01;KREISE;;14280;Meißen, Landkreis;KLASS;;;Insgesamt;-;Anzahl;W1;Personenkraftwagen nach Kraftstoffarten
46251;;;;2026-01-01;KREISE;;14280;;KLASS;;A1;Benzin;-;Anzahl;W1;Personenkraftwagen nach Kraftstoffarten
46251;;;;2026-01-01;KREISE;;14280;;KLASS;;A2;Diesel;-;Anzahl;W1;Personenkraftwagen nach Kraftstoffarten
46251;;;;2026-01-01;KREISE;;14280;;KLASS;;A3;Gas (einschl. bivalent);-;Anzahl;W1;Personenkraftwagen nach Kraftstoffarten
46251;;;;2026-01-01;KREISE;;14280;;KLASS;;A4;Hybrid;-;Anzahl;W1;Personenkraftwagen nach Kraftstoffarten
46251;;;;2026-01-01;KREISE;;14280;;KLASS;;A5;darunter Plug-In-Hybrid;-;Anzahl;W1;Personenkraftwagen nach Kraftstoffarten
46251;;;;2026-01-01;KREISE;;14280;;KLASS;;A6;Elektro;-;Anzahl;W1;Personenkraftwagen nach Kraftstoffarten
46251;;;;2026-01-01;KREISE;;14280;;KLASS;;A7;sonstige Kraftstoffarten;-;Anzahl;W1;Personenkraftwagen nach Kraftstoffarten
46251;;;;2026-01-01;KREISE;;14284;Niederschlesischer Oberlausitzkreis;KLASS;;;Insgesamt;-;Anzahl;W1;Personenkraftwagen nach Kraftstoffarten
46251;;;;2026-01-01;KREISE;;14284;;KLASS;;A1;Benzin;-;Anzahl;W1;Personenkraftwagen nach Kraftstoffarten
46251;;;;2026-01-01;KREISE;;14284;;KLASS;;A2;Diesel;-;Anzahl;W1;Personenkraftwagen nach Kraftstoffarten
46251;;;;2026-01-01;KREISE;;14284;;KLASS;;A3;Gas (einschl. bivalent);-;Anzahl;W1;Personenkraftwagen nach Kraftstoffarten
46251;;;;2026-01-01;KREISE;;14284;;KLASS;;A4;Hybrid;-;Anzahl;W1;Personenkraftwagen nach Kraftstoffarten
46251;;;;2026-01-01;KREISE;;14284;;KLASS;;A5;darunter Plug-In-Hybrid;-;Anzahl;W1;Personenkraftwagen nach Kraftstoffarten
46251;;;;2026-01-01;KREISE;;14284;;KLASS;;A6;Elektro;-;Anzahl;W1;Personenkraftwagen nach Kraftstoffarten
46251;;;;2026-01-01;KREISE;;14284;;KLASS;;A7;sonstige Kraftstoffarten;-;Anzahl;W1;Personenkraftwagen nach Kraftstoffarten
46251;;;;2026-01-01;KREISE;;14285;Riesa-Großenhain, Landkreis;KLASS;;;Insgesamt;-;Anzahl;W1;Personenkraftwagen nach Kraftstoffarten
46251;;;;2026-01-01;KREISE;;14285;;KLASS;;A1;Benzin;-;Anzahl;W1;Personenkraftwagen nach Kraftstoffarten
46251;;;;2026-01-01;KREISE;;14285;;KLASS;;A2;Diesel;-;Anzahl;W1;Personenkraftwagen nach Kraftstoffarten
46251;;;;2026-01-01;KREISE;;14285;;KLASS;;A3;Gas (einschl. bivalent);-;Anzahl;W1;Personenkraftwagen nach Kraftstoffarten
46251;;;;2026-01-01;KREISE;;14285;;KLASS;;A4;Hybrid;-;Anzahl;W1;Personenkraftwagen nach Kraftstoffarten
46251;;;;2026-01-01;KREISE;;14285;;KLASS;;A5;darunter Plug-In-Hybrid;-;Anzahl;W1;Personenkraftwagen nach Kraftstoffarten
46251;;;;2026-01-01;KREISE;;14285;;KLASS;;A6;Elektro;-;Anzahl;W1;Personenkraftwagen nach Kraftstoffarten
46251;;;;2026-01-01;KREISE;;14285;;KLASS;;A7;sonstige Kraftstoffarten;-;Anzahl;W1;Personenkraftwagen nach Kraftstoffarten
46251;;;;2026-01-01;KREISE;;14286;Löbau-Zittau, Landkreis;KLASS;;;Insgesamt;-;Anzahl;W1;Personenkraftwagen nach Kraftstoffarten
46251;;;;2026-01-01;KREISE;;14286;;KLASS;;A1;Benzin;-;Anzahl;W1;Personenkraftwagen nach Kraftstoffarten
46251;;;;2026-01-01;KREISE;;14286;;KLASS;;A2;Diesel;-;Anzahl;W1;Personenkraftwagen nach Kraftstoffarten
46251;;;;2026-01-01;KREISE;;14286;;KLASS;;A3;Gas (einschl. bivalent);-;Anzahl;W1;Personenkraftwagen nach Kraftstoffarten
46251;;;;2026-01-01;KREISE;;14286;;KLASS;;A4;Hybrid;-;Anzahl;W1;Personenkraftwagen nach Kraftstoffarten
46251;;;;2026-01-01;KREISE;;14286;;KLASS;;A5;darunter Plug-In-Hybrid;-;Anzahl;W1;Personenkraftwagen nach Kraftstoffarten
46251;;;;2026-01-01;KREISE;;14286;;KLASS;;A6;Elektro;-;Anzahl;W1;Personenkraftwagen nach Kraftstoffarten
46251;;;;2026-01-01;KREISE;;14286;;KLASS;;A7;sonstige Kraftstoffarten;-;Anzahl;W1;Personenkraftwagen nach Kraftstoffarten
46251;;;;2026-01-01;KREISE;;14287;Sächsische Schweiz, Landkreis;KLASS;;;Insgesamt;-;Anzahl;W1;Personenkraftwagen nach Kraftstoffarten
46251;;;;2026-01-01;KREISE;;14287;;KLASS;;A1;Benzin;-;Anzahl;W1;Personenkraftwagen nach Kraftstoffarten
46251;;;;2026-01-01;KREISE;;14287;;KLASS;;A2;Diesel;-;Anzahl;W1;Personenkraftwagen nach Kraftstoffarten
46251;;;;2026-01-01;KREISE;;14287;;KLASS;;A3;Gas (einschl. bivalent);-;Anzahl;W1;Personenkraftwagen nach Kraftstoffarten
46251;;;;2026-01-01;KREISE;;14287;;KLASS;;A4;Hybrid;-;Anzahl;W1;Personenkraftwagen nach Kraftstoffarten
46251;;;;2026-01-01;KREISE;;14287;;KLASS;;A5;darunter Plug-In-Hybrid;-;Anzahl;W1;Personenkraftwagen nach Kraftstoffarten
46251;;;;2026-01-01;KREISE;;14287;;KLASS;;A6;Elektro;-;Anzahl;W1;Personenkraftwagen nach Kraftstoffarten
46251;;;;2026-01-01;KREISE;;14287;;KLASS;;A7;sonstige Kraftstoffarten;-;Anzahl;W1;Personenkraftwagen nach Kraftstoffarten
46251;;;;2026-01-01;KREISE;;14290;Weißeritzkreis;KLASS;;;Insgesamt;-;Anzahl;W1;Personenkraftwagen nach Kraftstoffarten
46251;;;;2026-01-01;KREISE;;14290;;KLASS;;A1;Benzin;-;Anzahl;W1;Personenkraftwagen nach Kraftstoffarten
46251;;;;2026-01-01;KREISE;;14290;;KLASS;;A2;Diesel;-;Anzahl;W1;Personenkraftwagen nach Kraftstoffarten
46251;;;;2026-01-01;KREISE;;14290;;KLASS;;A3;Gas (einschl. bivalent);-;Anzahl;W1;Personenkraftwagen nach Kraftstoffarten
46251;;;;2026-01-01;KREISE;;14290;;KLASS;;A4;Hybrid;-;Anzahl;W1;Personenkraftwagen nach Kraftstoffarten
46251;;;;2026-01-01;KREISE;;14290;;KLASS;;A5;darunter Plug-In-Hybrid;-;Anzahl;W1;Personenkraftwagen nach Kraftstoffarten
46251;;;;2026-01-01;KREISE;;14290;;KLASS;;A6;Elektro;-;Anzahl;W1;Personenkraftwagen nach Kraftstoffarten
46251;;;;2026-01-01;KREISE;;14290;;KLASS;;A7;sonstige Kraftstoffarten;-;Anzahl;W1;Personenkraftwagen nach Kraftstoffarten
46251;;;;2026-01-01;KREISE;;14292;Kamenz, Landkreis;KLASS;;;Insgesamt;-;Anzahl;W1;Personenkraftwagen nach Kraftstoffarten
46251;;;;2026-01-01;KREISE;;14292;;KLASS;;A1;Benzin;-;Anzahl;W1;Personenkraftwagen nach Kraftstoffarten
46251;;;;2026-01-01;KREISE;;14292;;KLASS;;A2;Diesel;-;Anzahl;W1;Personenkraftwagen nach Kraftstoffarten
46251;;;;2026-01-01;KREISE;;14292;;KLASS;;A3;Gas (einschl. bivalent);-;Anzahl;W1;Personenkraftwagen nach Kraftstoffarten
46251;;;;2026-01-01;KREISE;;14292;;KLASS;;A4;Hybrid;-;Anzahl;W1;Personenkraftwagen nach Kraftstoffarten
46251;;;;2026-01-01;KREISE;;14292;;KLASS;;A5;darunter Plug-In-Hybrid;-;Anzahl;W1;Personenkraftwagen nach Kraftstoffarten
46251;;;;2026-01-01;KREISE;;14292;;KLASS;;A6;Elektro;-;Anzahl;W1;Personenkraftwagen nach Kraftstoffarten
46251;;;;2026-01-01;KREISE;;14292;;KLASS;;A7;sonstige Kraftstoffarten;-;Anzahl;W1;Personenkraftwagen nach Kraftstoffarten
46251;;;;2026-01-01;KREISE;;14365;Leipzig, kreisfreie Stadt;KLASS;;;Insgesamt;-;Anzahl;W1;Personenkraftwagen nach Kraftstoffarten
46251;;;;2026-01-01;KREISE;;14365;;KLASS;;A1;Benzin;-;Anzahl;W1;Personenkraftwagen nach Kraftstoffarten
46251;;;;2026-01-01;KREISE;;14365;;KLASS;;A2;Diesel;-;Anzahl;W1;Personenkraftwagen nach Kraftstoffarten
46251;;;;2026-01-01;KREISE;;14365;;KLASS;;A3;Gas (einschl. bivalent);-;Anzahl;W1;Personenkraftwagen nach Kraftstoffarten
46251;;;;2026-01-01;KREISE;;14365;;KLASS;;A4;Hybrid;-;Anzahl;W1;Personenkraftwagen nach Kraftstoffarten
46251;;;;2026-01-01;KREISE;;14365;;KLASS;;A5;darunter Plug-In-Hybrid;-;Anzahl;W1;Personenkraftwagen nach Kraftstoffarten
46251;;;;2026-01-01;KREISE;;14365;;KLASS;;A6;Elektro;-;Anzahl;W1;Personenkraftwagen nach Kraftstoffarten
46251;;;;2026-01-01;KREISE;;14365;;KLASS;;A7;sonstige Kraftstoffarten;-;Anzahl;W1;Personenkraftwagen nach Kraftstoffarten
46251;;;;2026-01-01;KREISE;;14374;Delitzsch, Landkreis;KLASS;;;Insgesamt;-;Anzahl;W1;Personenkraftwagen nach Kraftstoffarten
46251;;;;2026-01-01;KREISE;;14374;;KLASS;;A1;Benzin;-;Anzahl;W1;Personenkraftwagen nach Kraftstoffarten
46251;;;;2026-01-01;KREISE;;14374;;KLASS;;A2;Diesel;-;Anzahl;W1;Personenkraftwagen nach Kraftstoffarten
46251;;;;2026-01-01;KREISE;;14374;;KLASS;;A3;Gas (einschl. bivalent);-;Anzahl;W1;Personenkraftwagen nach Kraftstoffarten
46251;;;;2026-01-01;KREISE;;14374;;KLASS;;A4;Hybrid;-;Anzahl;W1;Personenkraftwagen nach Kraftstoffarten
46251;;;;2026-01-01;KREISE;;14374;;KLASS;;A5;darunter Plug-In-Hybrid;-;Anzahl;W1;Personenkraftwagen nach Kraftstoffarten
46251;;;;2026-01-01;KREISE;;14374;;KLASS;;A6;Elektro;-;Anzahl;W1;Personenkraftwagen nach Kraftstoffarten
46251;;;;2026-01-01;KREISE;;14374;;KLASS;;A7;sonstige Kraftstoffarten;-;Anzahl;W1;Personenkraftwagen nach Kraftstoffarten
46251;;;;2026-01-01;KREISE;;14375;Döbeln, Landkreis;KLASS;;;Insgesamt;-;Anzahl;W1;Personenkraftwagen nach Kraftstoffarten
46251;;;;2026-01-01;KREISE;;14375;;KLASS;;A1;Benzin;-;Anzahl;W1;Personenkraftwagen nach Kraftstoffarten
46251;;;;2026-01-01;KREISE;;14375;;KLASS;;A2;Diesel;-;Anzahl;W1;Personenkraftwagen nach Kraftstoffarten
46251;;;;2026-01-01;KREISE;;14375;;KLASS;;A3;Gas (einschl. bivalent);-;Anzahl;W1;Personenkraftwagen nach Kraftstoffarten
46251;;;;2026-01-01;KREISE;;14375;;KLASS;;A4;Hybrid;-;Anzahl;W1;Personenkraftwagen nach Kraftstoffarten
46251;;;;2026-01-01;KREISE;;14375;;KLASS;;A5;darunter Plug-In-Hybrid;-;Anzahl;W1;Personenkraftwagen nach Kraftstoffarten
46251;;;;2026-01-01;KREISE;;14375;;KLASS;;A6;Elektro;-;Anzahl;W1;Personenkraftwagen nach Kraftstoffarten
46251;;;;2026-01-01;KREISE;;14375;;KLASS;;A7;sonstige Kraftstoffarten;-;Anzahl;W1;Personenkraftwagen nach Kraftstoffarten
46251;;;;2026-01-01;KREISE;;14379;Leipziger Land, Landkreis;KLASS;;;Insgesamt;-;Anzahl;W1;Personenkraftwagen nach Kraftstoffarten
46251;;;;2026-01-01;KREISE;;14379;;KLASS;;A1;Benzin;-;Anzahl;W1;Personenkraftwagen nach Kraftstoffarten
46251;;;;2026-01-01;KREISE;;14379;;KLASS;;A2;Diesel;-;Anzahl;W1;Personenkraftwagen nach Kraftstoffarten
46251;;;;2026-01-01;KREISE;;14379;;KLASS;;A3;Gas (einschl. bivalent);-;Anzahl;W1;Personenkraftwagen nach Kraftstoffarten
46251;;;;2026-01-01;KREISE;;14379;;KLASS;;A4;Hybrid;-;Anzahl;W1;Personenkraftwagen nach Kraftstoffarten
46251;;;;2026-01-01;KREISE;;14379;;KLASS;;A5;darunter Plug-In-Hybrid;-;Anzahl;W1;Personenkraftwagen nach Kraftstoffarten
46251;;;;2026-01-01;KREISE;;14379;;KLASS;;A6;Elektro;-;Anzahl;W1;Personenkraftwagen nach Kraftstoffarten
46251;;;;2026-01-01;KREISE;;14379;;KLASS;;A7;sonstige Kraftstoffarten;-;Anzahl;W1;Personenkraftwagen nach Kraftstoffarten
46251;;;;2026-01-01;KREISE;;14383;Muldentalkreis;KLASS;;;Insgesamt;-;Anzahl;W1;Personenkraftwagen nach Kraftstoffarten
46251;;;;2026-01-01;KREISE;;14383;;KLASS;;A1;Benzin;-;Anzahl;W1;Personenkraftwagen nach Kraftstoffarten
46251;;;;2026-01-01;KREISE;;14383;;KLASS;;A2;Diesel;-;Anzahl;W1;Personenkraftwagen nach Kraftstoffarten
46251;;;;2026-01-01;KREISE;;14383;;KLASS;;A3;Gas (einschl. bivalent);-;Anzahl;W1;Personenkraftwagen nach Kraftstoffarten
46251;;;;2026-01-01;KREISE;;14383;;KLASS;;A4;Hybrid;-;Anzahl;W1;Personenkraftwagen nach Kraftstoffarten
46251;;;;2026-01-01;KREISE;;14383;;KLASS;;A5;darunter Plug-In-Hybrid;-;Anzahl;W1;Personenkraftwagen nach Kraftstoffarten
46251;;;;2026-01-01;KREISE;;14383;;KLASS;;A6;Elektro;-;Anzahl;W1;Personenkraftwagen nach Kraftstoffarten
46251;;;;2026-01-01;KREISE;;14383;;KLASS;;A7;sonstige Kraftstoffarten;-;Anzahl;W1;Personenkraftwagen nach Kraftstoffarten
46251;;;;2026-01-01;KREISE;;14389;Torgau-Oschatz, Landkreis;KLASS;;;Insgesamt;-;Anzahl;W1;Personenkraftwagen nach Kraftstoffarten
46251;;;;2026-01-01;KREISE;;14389;;KLASS;;A1;Benzin;-;Anzahl;W1;Personenkraftwagen nach Kraftstoffarten
46251;;;;2026-01-01;KREISE;;14389;;KLASS;;A2;Diesel;-;Anzahl;W1;Personenkraftwagen nach Kraftstoffarten
46251;;;;2026-01-01;KREISE;;14389;;KLASS;;A3;Gas (einschl. bivalent);-;Anzahl;W1;Personenkraftwagen nach Kraftstoffarten
46251;;;;2026-01-01;KREISE;;14389;;KLASS;;A4;Hybrid;-;Anzahl;W1;Personenkraftwagen nach Kraftstoffarten
46251;;;;2026-01-01;KREISE;;14389;;KLASS;;A5;darunter Plug-In-Hybrid;-;Anzahl;W1;Personenkraftwagen nach Kraftstoffarten
46251;;;;2026-01-01;KREISE;;14389;;KLASS;;A6;Elektro;-;Anzahl;W1;Personenkraftwagen nach Kraftstoffarten
46251;;;;2026-01-01;KREISE;;14389;;KLASS;;A7;sonstige Kraftstoffarten;-;Anzahl;W1;Personenkraftwagen nach Kraftstoffarten
46251;;;;2026-01-01;KREISE;;14511;Chemnitz, kreisfreie Stadt;KLASS;;;Insgesamt;125972;Anzahl;W1;Personenkraftwagen nach Kraftstoffarten
46251;;;;2026-01-01;KREISE;;14511;;KLASS;;A1;Benzin;81122;Anzahl;W1;Personenkraftwagen nach Kraftstoffarten
46251;;;;2026-01-01;KREISE;;14511;;KLASS;;A2;Diesel;29521;Anzahl;W1;Personenkraftwagen nach Kraftstoffarten
46251;;;;2026-01-01;KREISE;;14511;;KLASS;;A3;Gas (einschl. bivalent);806;Anzahl;W1;Personenkraftwagen nach Kraftstoffarten
46251;;;;2026-01-01;KREISE;;14511;;KLASS;;A4;Hybrid;11196;Anzahl;W1;Personenkraftwagen nach Kraftstoffarten
46251;;;;2026-01-01;KREISE;;14511;;KLASS;;A5;darunter Plug-In-Hybrid;2345;Anzahl;W1;Personenkraftwagen nach Kraftstoffarten
46251;;;;2026-01-01;KREISE;;14511;;KLASS;;A6;Elektro;3279;Anzahl;W1;Personenkraftwagen nach Kraftstoffarten
46251;;;;2026-01-01;KREISE;;14511;;KLASS;;A7;sonstige Kraftstoffarten;48;Anzahl;W1;Personenkraftwagen nach Kraftstoffarten
46251;;;;2026-01-01;KREISE;;14511;;;;;;509,5;;PKWEW;Pkw je 1.000 Einwohner, berechnet
46251;;;;2026-01-01;KREISE;;14511;;KLASS;;A1;Benzin;64,4;%;PKWANT;Anteil am Pkw-Bestand, berechnet
46251;;;;2026-01-01;KREISE;;14511;;KLASS;;A2;Diesel;23,4;%;PKWANT;Anteil am Pkw-Bestand, berechnet
46251;;;;2026-01-01;KREISE;;14511;;KLASS;;A3;Gas (einschl. bivalent);0,6;%;PKWANT;Anteil am Pkw-Bestand, berechnet
46251;;;;2026-01-01;KREISE;;14511;;KLASS;;A4;Hybrid;8,9;%;PKWANT;Anteil am Pkw-Bestand, berechnet
46251;;;;2026-01-01;KREISE;;14511;;KLASS;;A5;darunter Plug-In-Hybrid;1,9;%;PKWANT;Anteil am Pkw-Bestand, berechnet
46251;;;;2026-01-01;KREISE;;14511;;KLASS;;A6;Elektro;2,6;%;PKWANT;Anteil am Pkw-Bestand, berechnet
46251;;;;2026-01-01;KREISE;;14511;;KLASS;;A7;sonstige Kraftstoffarten;0,0;%;PKWANT;Anteil am Pkw-Bestand, berechnet
46251;;;;2026-01-01;KREISE;;14521;Erzgebirgskreis;KLASS;;;Insgesamt;202937;Anzahl;W1;Personenkraftwagen nach Kraftstoffarten
46251;;;;2026-01-01;KREISE;;14521;;KLASS;;A1;Benzin;133022;Anzahl;W1;Personenkraftwagen nach Kraftstoffarten
46251;;;;2026-01-01;KREISE;;14521;;KLASS;;A2;Diesel;51369;Anzahl;W1;Personenkraftwagen nach Kraftstoffarten
46251;;;;2026-01-01;KREISE;;14521;;KLASS;;A3;Gas (einschl. bivalent);1002;Anzahl;W1;Personenkraftwagen nach Kraftstoffarten
46251;;;;2026-01-01;KREISE;;14521;;KLASS;;A4;Hybrid;13918;Anzahl;W1;Personenkraftwagen nach Kraftstoffarten
46251;;;;2026-01-01;KREISE;;14521;;KLASS;;A5;darunter Plug-In-Hybrid;2510;Anzahl;W1;Personenkraftwagen nach Kraftstoffarten
46251;;;;2026-01-01;KREISE;;14521;;KLASS;;A6;Elektro;3582;Anzahl;W1;Personenkraftwagen nach Kraftstoffarten
46251;;;;2026-01-01;KREISE;;14521;;KLASS;;A7;sonstige Kraftstoffarten;44;Anzahl;W1;Personenkraftwagen nach Kraftstoffarten
46251;;;;2026-01-01;KREISE;;14521;;;;;;643,7;;PKWEW;Pkw je 1.000 Einwohner, berechnet
46251;;;;2026-01-01;KREISE;;14521;;KLASS;;A1;Benzin;65,5;%;PKWANT;Anteil am Pkw-Bestand, berechnet
46251;;;;2026-01-01;KREISE;;14521;;KLASS;;A2;Diesel;25,3;%;PKWANT;Anteil am Pkw-Bestand, berechnet
46251;;;;2026-01-01;KREISE;;14521;;KLASS;;A3;Gas (einschl. bivalent);0,5;%;PKWANT;Anteil am Pkw-Bestand, berechnet
46251;;;;2026-01-01;KREISE;;14521;;KLASS;;A4;Hybrid;6,9;%;PKWANT;Anteil am Pkw-Bestand, berechnet
46251;;;;2026-01-01;KREISE;;14521;;KLASS;;A5;darunter Plug-In-Hybrid;1,2;%;PKWANT;Anteil am Pkw-Bestand, berechnet
46251;;;;2026-01-01;KREISE;;14521;;KLASS;;A6;Elektro;1,8;%;PKWANT;Anteil am Pkw-Bestand, berechnet
46251;;;;2026-01-01;KREISE;;14521;;KLASS;;A7;sonstige Kraftstoffarten;0,0;%;PKWANT;Anteil am Pkw-Bestand, berechnet
46251;;;;2026-01-01;KREISE;;14522;Mittelsachsen, Landkreis;KLASS;;;Insgesamt;180779;Anzahl;W1;Personenkraftwagen nach Kraftstoffarten
46251;;;;2026-01-01;KREISE;;14522;;KLASS;;A1;Benzin;116141;Anzahl;W1;Personenkraftwagen nach Kraftstoffarten
46251;;;;2026-01-01;KREISE;;14522;;KLASS;;A2;Diesel;48801;Anzahl;W1;Personenkraftwagen nach Kraftstoffarten
46251;;;;2026-01-01;KREISE;;14522;;KLASS;;A3;Gas (einschl. bivalent);1194;Anzahl;W1;Personenkraftwagen nach Kraftstoffarten
46251;;;;2026-01-01;KREISE;;14522;;KLASS;;A4;Hybrid;11431;Anzahl;W1;Personenkraftwagen nach Kraftstoffarten
46251;;;;2026-01-01;KREISE;;14522;;KLASS;;A5;darunter Plug-In-Hybrid;2317;Anzahl;W1;Personenkraftwagen nach Kraftstoffarten
46251;;;;2026-01-01;KREISE;;14522;;KLASS;;A6;Elektro;3151;Anzahl;W1;Personenkraftwagen nach Kraftstoffarten
46251;;;;2026-01-01;KREISE;;14522;;KLASS;;A7;sonstige Kraftstoffarten;61;Anzahl;W1;Personenkraftwagen nach Kraftstoffarten
46251;;;;2026-01-01;KREISE;;14522;;;;;;614,8;;PKWEW;Pkw je 1.000 Einwohner, berechnet
46251;;;;2026-01-01;KREISE;;14522;;KLASS;;A1;Benzin;64,2;%;PKWANT;Anteil am Pkw-Bestand, berechnet
46251;;;;2026-01-01;KREISE;;14522;;KLASS;;A2;Diesel;27,0;%;PKWANT;Anteil am Pkw-Bestand, berechnet
46251;;;;2026-01-01;KREISE;;14522;;KLASS;;A3;Gas (einschl. bivalent);0,7;%;PKWANT;Anteil am Pkw-Bestand, berechnet
46251;;;;2026-01-01;KREISE;;14522;;KLASS;;A4;Hybrid;6,3;%;PKWANT;Anteil am Pkw-Bestand, berechnet
46251;;;;2026-01-01;KREISE;;14522;;KLASS;;A5;darunter Plug-In-Hybrid;1,3;%;PKWANT;Anteil am Pkw-Bestand, berechnet
46251;;;;2026-01-01;KREISE;;14522;;KLASS;;A6;Elektro;1,7;%;PKWANT;Anteil am Pkw-Bestand, berechnet
46251;;;;2026-01-01;KREISE;;14522;;KLASS;;A7;sonstige Kraftstoffarten;0,0;%;PKWANT;Anteil am Pkw-Bestand, berechnet
46251;;;;2026-01-01;KREISE;;14523;Vogtlandkreis;KLASS;;;Insgesamt;136531;Anzahl;W1;Personenkraftwagen nach Kraftstoffarten
46251;;;;2026-01-01;KREISE;;14523;;KLASS;;A1;Benzin;89257;Anzahl;W1;Personenkraftwagen nach Kraftstoffarten
46251;;;;2026-01-01;KREISE;;14523;;KLASS;;A2;Diesel;33888;Anzahl;W1;Personenkraftwagen nach Kraftstoffarten
46251;;;;2026-01-01;KREISE;;14523;;KLASS;;A3;Gas (einschl. bivalent);665;Anzahl;W1;Personenkraftwagen nach Kraftstoffarten
46251;;;;2026-01-01;KREISE;;14523;;KLASS;;A4;Hybrid;10270;Anzahl;W1;Personenkraftwagen nach Kraftstoffarten
46251;;;;2026-01-01;KREISE;;14523;;KLASS;;A5;darunter Plug-In-Hybrid;1808;Anzahl;W1;Personenkraftwagen nach Kraftstoffarten
46251;;;;2026-01-01;KREISE;;14523;;KLASS;;A6;Elektro;2421;Anzahl;W1;Personenkraftwagen nach Kraftstoffarten
46251;;;;2026-01-01;KREISE;;14523;;KLASS;;A7;sonstige Kraftstoffarten;30;Anzahl;W1;Personenkraftwagen nach Kraftstoffarten
46251;;;;2026-01-01;KREISE;;14523;;;;;;631,0;;PKWEW;Pkw je 1.000 Einwohner, berechnet
46251;;;;2026-01-01;KREISE;;14523;;KLASS;;A1;Benzin;65,4;%;PKWANT;Anteil am Pkw-Bestand, berechnet
46251;;;;2026-01-01;KREISE;;14523;;KLASS;;A2;Diesel;24,8;%;PKWANT;Anteil am Pkw-Bestand, berechnet
46251;;;;2026-01-01;KREISE;;14523;;KLASS;;A3;Gas (einschl. bivalent);0,5;%;PKWANT;Anteil am Pkw-Bestand, berechnet
46251;;;;2026-01-01;KREISE;;14523;;KLASS;;A4;Hybrid;7,5;%;PKWANT;Anteil am Pkw-Bestand, berechnet
46251;;;;2026-01-01;KREISE;;14523;;KLASS;;A5;darunter Plug-In-Hybrid;1,3;%;PKWANT;Anteil am Pkw-Bestand, berechnet
46251;;;;2026-01-01;KREISE;;14523;;KLASS;;A6;Elektro;1,8;%;PKWANT;Anteil am Pkw-Bestand, berechnet
46251;;;;2026-01-01;KREISE;;14523;;KLASS;;A7;sonstige Kraftstoffarten;0,0;%;PKWANT;Anteil am Pkw-Bestand, berechnet
46251;;;;2026-01-01;KREISE;;14524;Zwickau, Landkreis;KLASS;;;Insgesamt;186741;Anzahl;W1;Personenkraftwagen nach Kraftstoffarten
46251;;;;2026-01-01;KREISE;;14524;;KLASS;;A1;Benzin;122929;Anzahl;W1;Personenkraftwagen nach Kraftstoffarten
46251;;;;2026-01-01;KREISE;;14524;;KLASS;;A2;Diesel;44785;Anzahl;W1;Personenkraftwagen nach Kraftstoffarten
46251;;;;2026-01-01;KREISE;;14524;;KLASS;;A3;Gas (einschl. bivalent);1151;Anzahl;W1;Personenkraftwagen nach Kraftstoffarten
46251;;;;2026-01-01;KREISE;;14524;;KLASS;;A4;Hybrid;13667;Anzahl;W1;Personenkraftwagen nach Kraftstoffarten
46251;;;;2026-01-01;KREISE;;14524;;KLASS;;A5;darunter Plug-In-Hybrid;2791;Anzahl;W1;Personenkraftwagen nach Kraftstoffarten
46251;;;;2026-01-01;KREISE;;14524;;KLASS;;A6;Elektro;4157;Anzahl;W1;Personenkraftwagen nach Kraftstoffarten
46251;;;;2026-01-01;KREISE;;14524;;KLASS;;A7;sonstige Kraftstoffarten;52;Anzahl;W1;Personenkraftwagen nach Kraftstoffarten
46251;;;;2026-01-01;KREISE;;14524;;;;;;615,0;;PKWEW;Pkw je 1.000 Einwohner, berechnet
46251;;;;2026-01-01;KREISE;;14524;;KLASS;;A1;Benzin;65,8;%;PKWANT;Anteil am Pkw-Bestand, berechnet
46251;;;;2026-01-01;KREISE;;14524;;KLASS;;A2;Diesel;24,0;%;PKWANT;Anteil am Pkw-Bestand, berechnet
46251;;;;2026-01-01;KREISE;;14524;;KLASS;;A3;Gas (einschl. bivalent);0,6;%;PKWANT;Anteil am Pkw-Bestand, berechnet
46251;;;;2026-01-01;KREISE;;14524;;KLASS;;A4;Hybrid;7,3;%;PKWANT;Anteil am Pkw-Bestand, berechnet
46251;;;;2026-01-01;KREISE;;14524;;KLASS;;A5;darunter Plug-In-Hybrid;1,5;%;PKWANT;Anteil am Pkw-Bestand, berechnet
46251;;;;2026-01-01;KREISE;;14524;;KLASS;;A6;Elektro;2,2;%;PKWANT;Anteil am Pkw-Bestand, berechnet
46251;;;;2026-01-01;KREISE;;14524;;KLASS;;A7;sonstige Kraftstoffarten;0,0;%;PKWANT;Anteil am Pkw-Bestand, berechnet
46251;;;;2026-01-01;KREISE;;14612;Dresden, kreisfreie Stadt;KLASS;;;Insgesamt;229638;Anzahl;W1;Personenkraftwagen nach Kraftstoffarten
46251;;;;2026-01-01;KREISE;;14612;;KLASS;;A1;Benzin;141948;Anzahl;W1;Personenkraftwagen nach Kraftstoffarten
46251;;;;2026-01-01;KREISE;;14612;;KLASS;;A2;Diesel;58030;Anzahl;W1;Personenkraftwagen nach Kraftstoffarten
46251;;;;2026-01-01;KREISE;;14612;;KLASS;;A3;Gas (einschl. bivalent);1427;Anzahl;W1;Personenkraftwagen nach Kraftstoffarten
46251;;;;2026-01-01;KREISE;;14612;;KLASS;;A4;Hybrid;21560;Anzahl;W1;Personenkraftwagen nach Kraftstoffarten
46251;;;;2026-01-01;KREISE;;14612;;KLASS;;A5;darunter Plug-In-Hybrid;4678;Anzahl;W1;Personenkraftwagen nach Kraftstoffarten
46251;;;;2026-01-01;KREISE;;14612;;KLASS;;A6;Elektro;6591;Anzahl;W1;Personenkraftwagen nach Kraftstoffarten
46251;;;;2026-01-01;KREISE;;14612;;KLASS;;A7;sonstige Kraftstoffarten;82;Anzahl;W1;Personenkraftwagen nach Kraftstoffarten
46251;;;;2026-01-01;KREISE;;14612;;;;;;408,1;;PKWEW;Pkw je 1.000 Einwohner, berechnet
46251;;;;2026-01-01;KREISE;;14612;;KLASS;;A1;Benzin;61,8;%;PKWANT;Anteil am Pkw-Bestand, berechnet
46251;;;;2026-01-01;KREISE;;14612;;KLASS;;A2;Diesel;25,3;%;PKWANT;Anteil am Pkw-Bestand, berechnet
46251;;;;2026-01-01;KREISE;;14612;;KLASS;;A3;Gas (einschl. bivalent);0,6;%;PKWANT;Anteil am Pkw-Bestand, berechnet
46251;;;;2026-01-01;KREISE;;14612;;KLASS;;A4;Hybrid;9,4;%;PKWANT;Anteil am Pkw-Bestand, berechnet
46251;;;;2026-01-01;KREISE;;14612;;KLASS;;A5;darunter Plug-In-Hybrid;2,0;%;PKWANT;Anteil am Pkw-Bestand, berechnet
46251;;;;2026-01-01;KREISE;;14612;;KLASS;;A6;Elektro;2,9;%;PKWANT;Anteil am Pkw-Bestand, berechnet
46251;;;;2026-01-01;KREISE;;14612;;KLASS;;A7;sonstige Kraftstoffarten;0,0;%;PKWANT;Anteil am Pkw-Bestand, berechnet
46251;;;;2026-01-01;KREISE;;14625;Bautzen, Landkreis;KLASS;;;Insgesamt;181962;Anzahl;W1;Personenkraftwagen nach Kraftstoffarten
46251;;;;2026-01-01;KREISE;;14625;;KLASS;;A1;Benzin;117963;Anzahl;W1;Personenkraftwagen nach Kraftstoffarten
46251;;;;2026-01-01;KREISE;;14625;;KLASS;;A2;Diesel;48014;Anzahl;W1;Personenkraftwagen nach Kraftstoffarten
46251;;;;2026-01-01;KREISE;;14625;;KLASS;;A3;Gas (einschl. bivalent);1088;Anzahl;W1;Personenkraftwagen nach Kraftstoffarten
46251;;;;2026-01-01;KREISE;;14625;;KLASS;;A4;Hybrid;11505;Anzahl;W1;Personenkraftwagen nach Kraftstoffarten
46251;;;;2026-01-01;KREISE;;14625;;KLASS;;A5;darunter Plug-In-Hybrid;2463;Anzahl;W1;Personenkraftwagen nach Kraftstoffarten
46251;;;;2026-01-01;KREISE;;14625;;KLASS;;A6;Elektro;3310;Anzahl;W1;Personenkraftwagen nach Kraftstoffarten
46251;;;;2026-01-01;KREISE;;14625;;KLASS;;A7;sonstige Kraftstoffarten;82;Anzahl;W1;Personenkraftwagen nach Kraftstoffarten
46251;;;;2026-01-01;KREISE;;14625;;;;;;626,1;;PKWEW;Pkw je 1.000 Einwohner, berechnet
46251;;;;2026-01-01;KREISE;;14625;;KLASS;;A1;Benzin;64,8;%;PKWANT;Anteil am Pkw-Bestand, berechnet
46251;;;;2026-01-01;KREISE;;14625;;KLASS;;A2;Diesel;26,4;%;PKWANT;Anteil am Pkw-Bestand, berechnet
46251;;;;2026-01-01;KREISE;;14625;;KLASS;;A3;Gas (einschl. bivalent);0,6;%;PKWANT;Anteil am Pkw-Bestand, berechnet
46251;;;;2026-01-01;KREISE;;14625;;KLASS;;A4;Hybrid;6,3;%;PKWANT;Anteil am Pkw-Bestand, berechnet
46251;;;;2026-01-01;KREISE;;14625;;KLASS;;A5;darunter Plug-In-Hybrid;1,4;%;PKWANT;Anteil am Pkw-Bestand, berechnet
46251;;;;2026-01-01;KREISE;;14625;;KLASS;;A6;Elektro;1,8;%;PKWANT;Anteil am Pkw-Bestand, berechnet
46251;;;;2026-01-01;KREISE;;14625;;KLASS;;A7;sonstige Kraftstoffarten;0,0;%;PKWANT;Anteil am Pkw-Bestand, berechnet
46251;;;;2026-01-01;KREISE;;14626;Görlitz, Landkreis;KLASS;;;Insgesamt;143337;Anzahl;W1;Personenkraftwagen nach Kraftstoffarten
46251;;;;2026-01-01;KREISE;;14626;;KLASS;;A1;Benzin;98022;Anzahl;W1;Personenkraftwagen nach Kraftstoffarten
46251;;;;2026-01-01;KREISE;;14626;;KLASS;;A2;Diesel;33996;Anzahl;W1;Personenkraftwagen nach Kraftstoffarten
46251;;;;2026-01-01;KREISE;;14626;;KLASS;;A3;Gas (einschl. bivalent);935;Anzahl;W1;Personenkraftwagen nach Kraftstoffarten
46251;;;;2026-01-01;KREISE;;14626;;KLASS;;A4;Hybrid;8550;Anzahl;W1;Personenkraftwagen nach Kraftstoffarten
46251;;;;2026-01-01;KREISE;;14626;;KLASS;;A5;darunter Plug-In-Hybrid;1579;Anzahl;W1;Personenkraftwagen nach Kraftstoffarten
46251;;;;2026-01-01;KREISE;;14626;;KLASS;;A6;Elektro;1783;Anzahl;W1;Personenkraftwagen nach Kraftstoffarten
46251;;;;2026-01-01;KREISE;;14626;;KLASS;;A7;sonstige Kraftstoffarten;51;Anzahl;W1;Personenkraftwagen nach Kraftstoffarten
46251;;;;2026-01-01;KREISE;;14626;;;;;;592,9;;PKWEW;Pkw je 1.000 Einwohner, berechnet
46251;;;;2026-01-01;KREISE;;14626;;KLASS;;A1;Benzin;68,4;%;PKWANT;Anteil am Pkw-Bestand, berechnet
46251;;;;2026-01-01;KREISE;;14626;;KLASS;;A2;Diesel;23,7;%;PKWANT;Anteil am Pkw-Bestand, berechnet
46251;;;;2026-01-01;KREISE;;14626;;KLASS;;A3;Gas (einschl. bivalent);0,7;%;PKWANT;Anteil am Pkw-Bestand, berechnet
46251;;;;2026-01-01;KREISE;;14626;;KLASS;;A4;Hybrid;6,0;%;PKWANT;Anteil am Pkw-Bestand, berechnet
46251;;;;2026-01-01;KREISE;;14626;;KLASS;;A5;darunter Plug-In-Hybrid;1,1;%;PKWANT;Anteil am Pkw-Bestand, berechnet
46251;;;;2026-01-01;KREISE;;14626;;KLASS;;A6;Elektro;1,2;%;PKWANT;Anteil am Pkw-Bestand, berechnet
46251;;;;2026-01-01;KREISE;;14626;;KLASS;;A7;sonstige Kraftstoffarten;0,0;%;PKWANT;Anteil am Pkw-Bestand, berechnet
46251;;;;2026-01-01;KREISE;;14627;Meißen, Landkreis;KLASS;;;Insgesamt;141934;Anzahl;W1;Personenkraftwagen nach Kraftstoffarten
46251;;;;2026-01-01;KREISE;;14627;;KLASS;;A1;Benzin;89773;Anzahl;W1;Personenkraftwagen nach Kraftstoffarten
46251;;;;2026-01-01;KREISE;;14627;;KLASS;;A2;Diesel;38371;Anzahl;W1;Personenkraftwagen nach Kraftstoffarten
46251;;;;2026-01-01;KREISE;;14627;;KLASS;;A3;Gas (einschl. bivalent);853;Anzahl;W1;Personenkraftwagen nach Kraftstoffarten
46251;;;;2026-01-01;KREISE;;14627;;KLASS;;A4;Hybrid;10005;Anzahl;W1;Personenkraftwagen nach Kraftstoffarten
46251;;;;2026-01-01;KREISE;;14627;;KLASS;;A5;darunter Plug-In-Hybrid;2098;Anzahl;W1;Personenkraftwagen nach Kraftstoffarten
46251;;;;2026-01-01;KREISE;;14627;;KLASS;;A6;Elektro;2871;Anzahl;W1;Personenkraftwagen nach Kraftstoffarten
46251;;;;2026-01-01;KREISE;;14627;;KLASS;;A7;sonstige Kraftstoffarten;61;Anzahl;W1;Personenkraftwagen nach Kraftstoffarten
46251;;;;2026-01-01;KREISE;;14627;;;;;;595,5;;PKWEW;Pkw je 1.000 Einwohner, berechnet
46251;;;;2026-01-01;KREISE;;14627;;KLASS;;A1;Benzin;63,2;%;PKWANT;Anteil am Pkw-Bestand, berechnet
46251;;;;2026-01-01;KREISE;;14627;;KLASS;;A2;Diesel;27,0;%;PKWANT;Anteil am Pkw-Bestand, berechnet
46251;;;;2026-01-01;KREISE;;14627;;KLASS;;A3;Gas (einschl. bivalent);0,6;%;PKWANT;Anteil am Pkw-Bestand, berechnet
46251;;;;2026-01-01;KREISE;;14627;;KLASS;;A4;Hybrid;7,0;%;PKWANT;Anteil am Pkw-Bestand, berechnet
46251;;;;2026-01-01;KREISE;;14627;;KLASS;;A5;darunter Plug-In-Hybrid;1,5;%;PKWANT;Anteil am Pkw-Bestand, berechnet
46251;;;;2026-01-01;KREISE;;14627;;KLASS;;A6;Elektro;2,0;%;PKWANT;Anteil am Pkw-Bestand, berechnet
46251;;;;2026-01-01;KREISE;;14627;;KLASS;;A7;sonstige Kraftstoffarten;0,0;%;PKWANT;Anteil am Pkw-Bestand, berechnet
46251;;;;2026-01-01;KREISE;;14628;Sächsische Schweiz-Osterzgebirge, Landkreis;KLASS;;;Insgesamt;147082;Anzahl;W1;Personenkraftwagen nach Kraftstoffarten
46251;;;;2026-01-01;KREISE;;14628;;KLASS;;A1;Benzin;94394;Anzahl;W1;Personenkraftwagen nach Kraftstoffarten
46251;;;;2026-01-01;KREISE;;14628;;KLASS;;A2;Diesel;38354;Anzahl;W1;Personenkraftwagen nach Kraftstoffarten
46251;;;;2026-01-01;KREISE;;14628;;KLASS;;A3;Gas (einschl. bivalent);923;Anzahl;W1;Personenkraftwagen nach Kraftstoffarten
46251;;;;2026-01-01;KREISE;;14628;;KLASS;;A4;Hybrid;10451;Anzahl;W1;Personenkraftwagen nach Kraftstoffarten
46251;;;;2026-01-01;KREISE;;14628;;KLASS;;A5;darunter Plug-In-Hybrid;2069;Anzahl;W1;Personenkraftwagen nach Kraftstoffarten
46251;;;;2026-01-01;KREISE;;14628;;KLASS;;A6;Elektro;2907;Anzahl;W1;Personenkraftwagen nach Kraftstoffarten
46251;;;;2026-01-01;KREISE;;14628;;KLASS;;A7;sonstige Kraftstoffarten;53;Anzahl;W1;Personenkraftwagen nach Kraftstoffarten
46251;;;;2026-01-01;KREISE;;14628;;;;;;606,6;;PKWEW;Pkw je 1.000 Einwohner, berechnet
46251;;;;2026-01-01;KREISE;;14628;;KLASS;;A1;Benzin;64,2;%;PKWANT;Anteil am Pkw-Bestand, berechnet
46251;;;;2026-01-01;KREISE;;14628;;KLASS;;A2;Diesel;26,1;%;PKWANT;Anteil am Pkw-Bestand, berechnet
46251;;;;2026-01-01;KREISE;;14628;;KLASS;;A3;Gas (einschl. bivalent);0,6;%;PKWANT;Anteil am Pkw-Bestand, berechnet
46251;;;;2026-01-01;KREISE;;14628;;KLASS;;A4;Hybrid;7,1;%;PKWANT;Anteil am Pkw-Bestand, berechnet
46251;;;;2026-01-01;KREISE;;14628;;KLASS;;A5;darunter Plug-In-Hybrid;1,4;%;PKWANT;Anteil am Pkw-Bestand, berechnet
46251;;;;2026-01-01;KREISE;;14628;;KLASS;;A6;Elektro;2,0;%;PKWANT;Anteil am Pkw-Bestand, berechnet
46251;;;;2026-01-01;KREISE;;14628;;KLASS;;A7;sonstige Kraftstoffarten;0,0;%;PKWANT;Anteil am Pkw-Bestand, berechnet
46251;;;;2026-01-01;KREISE;;14713;Leipzig, kreisfreie Stadt;KLASS;;;Insgesamt;233738;Anzahl;W1;Personenkraftwagen nach Kraftstoffarten
46251;;;;2026-01-01;KREISE;;14713;;KLASS;;A1;Benzin;149667;Anzahl;W1;Personenkraftwagen nach Kraftstoffarten
46251;;;;2026-01-01;KREISE;;14713;;KLASS;;A2;Diesel;51072;Anzahl;W1;Personenkraftwagen nach Kraftstoffarten
46251;;;;2026-01-01;KREISE;;14713;;KLASS;;A3;Gas (einschl. bivalent);1732;Anzahl;W1;Personenkraftwagen nach Kraftstoffarten
46251;;;;2026-01-01;KREISE;;14713;;KLASS;;A4;Hybrid;23876;Anzahl;W1;Personenkraftwagen nach Kraftstoffarten
46251;;;;2026-01-01;KREISE;;14713;;KLASS;;A5;darunter Plug-In-Hybrid;5042;Anzahl;W1;Personenkraftwagen nach Kraftstoffarten
46251;;;;2026-01-01;KREISE;;14713;;KLASS;;A6;Elektro;7279;Anzahl;W1;Personenkraftwagen nach Kraftstoffarten
46251;;;;2026-01-01;KREISE;;14713;;KLASS;;A7;sonstige Kraftstoffarten;112;Anzahl;W1;Personenkraftwagen nach Kraftstoffarten
46251;;;;2026-01-01;KREISE;;14713;;;;;;379,5;;PKWEW;Pkw je 1.000 Einwohner, berechnet
46251;;;;2026-01-01;KREISE;;14713;;KLASS;;A1;Benzin;64,0;%;PKWANT;Anteil am Pkw-Bestand, berechnet
46251;;;;2026-01-01;KREISE;;14713;;KLASS;;A2;Diesel;21,9;%;PKWANT;Anteil am Pkw-Bestand, berechnet
46251;;;;2026-01-01;KREISE;;14713;;KLASS;;A3;Gas (einschl. bivalent);0,7;%;PKWANT;Anteil am Pkw-Bestand, berechnet
46251;;;;2026-01-01;KREISE;;14713;;KLASS;;A4;Hybrid;10,2;%;PKWANT;Anteil am Pkw-Bestand, berechnet
46251;;;;2026-01-01;KREISE;;14713;;KLASS;;A5;darunter Plug-In-Hybrid;2,2;%;PKWANT;Anteil am Pkw-Bestand, berechnet
46251;;;;2026-01-01;KREISE;;14713;;KLASS;;A6;Elektro;3,1;%;PKWANT;Anteil am Pkw-Bestand, berechnet
46251;;;;2026-01-01;KREISE;;14713;;KLASS;;A7;sonstige Kraftstoffarten;0,0;%;PKWANT;Anteil am Pkw-Bestand, berechnet
46251;;;;2026-01-01;KREISE;;14729;Leipzig, Landkreis;KLASS;;;Insgesamt;158893;Anzahl;W1;Personenkraftwagen nach Kraftstoffarten
46251;;;;2026-01-01;KREISE;;14729;;KLASS;;A1;Benzin;100565;Anzahl;W1;Personenkraftwagen nach Kraftstoffarten
46251;;;;2026-01-01;KREISE;;14729;;KLASS;;A2;Diesel;41742;Anzahl;W1;Personenkraftwagen nach Kraftstoffarten
46251;;;;2026-01-01;KREISE;;14729;;KLASS;;A3;Gas (einschl. bivalent);1096;Anzahl;W1;Personenkraftwagen nach Kraftstoffarten
46251;;;;2026-01-01;KREISE;;14729;;KLASS;;A4;Hybrid;11495;Anzahl;W1;Personenkraftwagen nach Kraftstoffarten
46251;;;;2026-01-01;KREISE;;14729;;KLASS;;A5;darunter Plug-In-Hybrid;2609;Anzahl;W1;Personenkraftwagen nach Kraftstoffarten
46251;;;;2026-01-01;KREISE;;14729;;KLASS;;A6;Elektro;3942;Anzahl;W1;Personenkraftwagen nach Kraftstoffarten
46251;;;;2026-01-01;KREISE;;14729;;KLASS;;A7;sonstige Kraftstoffarten;53;Anzahl;W1;Personenkraftwagen nach Kraftstoffarten
46251;;;;2026-01-01;KREISE;;14729;;;;;;612,3;;PKWEW;Pkw je 1.000 Einwohner, berechnet
46251;;;;2026-01-01;KREISE;;14729;;KLASS;;A1;Benzin;63,3;%;PKWANT;Anteil am Pkw-Bestand, berechnet
46251;;;;2026-01-01;KREISE;;14729;;KLASS;;A2;Diesel;26,3;%;PKWANT;Anteil am Pkw-Bestand, berechnet
46251;;;;2026-01-01;KREISE;;14729;;KLASS;;A3;Gas (einschl. bivalent);0,7;%;PKWANT;Anteil am Pkw-Bestand, berechnet
46251;;;;2026-01-01;KREISE;;14729;;KLASS;;A4;Hybrid;7,2;%;PKWANT;Anteil am Pkw-Bestand, berechnet
46251;;;;2026-01-01;KREISE;;14729;;KLASS;;A5;darunter Plug-In-Hybrid;1,6;%;PKWANT;Anteil am Pkw-Bestand, berechnet
46251;;;;2026-01-01;KREISE;;14729;;KLASS;;A6;Elektro;2,5;%;PKWANT;Anteil am Pkw-Bestand, berechnet
46251;;;;2026-01-01;KREISE;;14729;;KLASS;;A7;sonstige Kraftstoffarten;0,0;%;PKWANT;Anteil am Pkw-Bestand, berechnet
46251;;;;2026-01-01;KREISE;;14730;Nordsachsen, Landkreis;KLASS;;;Insgesamt;118975;Anzahl;W1;Personenkraftwagen nach Kraftstoffarten
46251;;;;2026-01-01;KREISE;;14730;;KLASS;;A1;Benzin;75594;Anzahl;W1;Personenkraftwagen nach Kraftstoffarten
46251;;;;2026-01-01;KREISE;;14730;;KLASS;;A2;Diesel;31843;Anzahl;W1;Personenkraftwagen nach Kraftstoffarten
46251;;;;2026-01-01;KREISE;;14730;;KLASS;;A3;Gas (einschl. bivalent);725;Anzahl;W1;Personenkraftwagen nach Kraftstoffarten
46251;;;;2026-01-01;KREISE;;14730;;KLASS;;A4;Hybrid;8380;Anzahl;W1;Personenkraftwagen nach Kraftstoffarten
46251;;;;2026-01-01;KREISE;;14730;;KLASS;;A5;darunter Plug-In-Hybrid;1890;Anzahl;W1;Personenkraftwagen nach Kraftstoffarten
46251;;;;2026-01-01;KREISE;;14730;;KLASS;;A6;Elektro;2395;Anzahl;W1;Personenkraftwagen nach Kraftstoffarten
46251;;;;2026-01-01;KREISE;;14730;;KLASS;;A7;sonstige Kraftstoffarten;38;Anzahl;W1;Personenkraftwagen nach Kraftstoffarten
46251;;;;2026-01-01;KREISE;;14730;;;;;;599,0;;PKWEW;Pkw je 1.000 Einwohner, berechnet
46251;;;;2026-01-01;KREISE;;14730;;KLASS;;A1;Benzin;63,5;%;PKWANT;Anteil am Pkw-Bestand, berechnet
46251;;;;2026-01-01;KREISE;;14730;;KLASS;;A2;Diesel;26,8;%;PKWANT;Anteil am Pkw-Bestand, berechnet
46251;;;;2026-01-01;KREISE;;14730;;KLASS;;A3;Gas (einschl. bivalent);0,6;%;PKWANT;Anteil am Pkw-Bestand, berechnet
46251;;;;2026-01-01;KREISE;;14730;;KLASS;;A4;Hybrid;7,0;%;PKWANT;Anteil am Pkw-Bestand, berechnet
46251;;;;2026-01-01;KREISE;;14730;;KLASS;;A5;darunter Plug-In-Hybrid;1,6;%;PKWANT;Anteil am Pkw-Bestand, berechnet
46251;;;;2026-01-01;KREISE;;14730;;KLASS;;A6;Elektro;2,0;%;PKWANT;Anteil am Pkw-Bestand, berechnet
46251;;;;2026-01-01;KREISE;;14730;;KLASS;;A7;sonstige Kraftstoffarten;0,0;%;PKWANT;Anteil am Pkw-Bestand, berechnet
46251;;;;2026-01-01;KREISE;;15001;Dessau-Roßlau, kreisfreie Stadt;KLASS;;;Insgesamt;41348;Anzahl;W1;Personenkraftwagen nach Kraftstoffarten
46251;;;;2026-01-01;KREISE;;15001;;KLASS;;A1;Benzin;27734;Anzahl;W1;Personenkraftwagen nach Kraftstoffarten
46251;;;;2026-01-01;KREISE;;15001;;KLASS;;A2;Diesel;8978;Anzahl;W1;Personenkraftwagen nach Kraftstoffarten
46251;;;;2026-01-01;KREISE;;15001;;KLASS;;A3;Gas (einschl. bivalent);218;Anzahl;W1;Personenkraftwagen nach Kraftstoffarten
46251;;;;2026-01-01;KREISE;;15001;;KLASS;;A4;Hybrid;3520;Anzahl;W1;Personenkraftwagen nach Kraftstoffarten
46251;;;;2026-01-01;KREISE;;15001;;KLASS;;A5;darunter Plug-In-Hybrid;676;Anzahl;W1;Personenkraftwagen nach Kraftstoffarten
46251;;;;2026-01-01;KREISE;;15001;;KLASS;;A6;Elektro;887;Anzahl;W1;Personenkraftwagen nach Kraftstoffarten
46251;;;;2026-01-01;KREISE;;15001;;KLASS;;A7;sonstige Kraftstoffarten;11;Anzahl;W1;Personenkraftwagen nach Kraftstoffarten
46251;;;;2026-01-01;KREISE;;15001;;;;;;551,0;;PKWEW;Pkw je 1.000 Einwohner, berechnet
46251;;;;2026-01-01;KREISE;;15001;;KLASS;;A1;Benzin;67,1;%;PKWANT;Anteil am Pkw-Bestand, berechnet
46251;;;;2026-01-01;KREISE;;15001;;KLASS;;A2;Diesel;21,7;%;PKWANT;Anteil am Pkw-Bestand, berechnet
46251;;;;2026-01-01;KREISE;;15001;;KLASS;;A3;Gas (einschl. bivalent);0,5;%;PKWANT;Anteil am Pkw-Bestand, berechnet
46251;;;;2026-01-01;KREISE;;15001;;KLASS;;A4;Hybrid;8,5;%;PKWANT;Anteil am Pkw-Bestand, berechnet
46251;;;;2026-01-01;KREISE;;15001;;KLASS;;A5;darunter Plug-In-Hybrid;1,6;%;PKWANT;Anteil am Pkw-Bestand, berechnet
46251;;;;2026-01-01;KREISE;;15001;;KLASS;;A6;Elektro;2,1;%;PKWANT;Anteil am Pkw-Bestand, berechnet
46251;;;;2026-01-01;KREISE;;15001;;KLASS;;A7;sonstige Kraftstoffarten;0,0;%;PKWANT;Anteil am Pkw-Bestand, berechnet
46251;;;;2026-01-01;KREISE;;15002;Halle (Saale), kreisfreie Stadt;KLASS;;;Insgesamt;95134;Anzahl;W1;Personenkraftwagen nach Kraftstoffarten
46251;;;;2026-01-01;KREISE;;15002;;KLASS;;A1;Benzin;63855;Anzahl;W1;Personenkraftwagen nach Kraftstoffarten
46251;;;;2026-01-01;KREISE;;15002;;KLASS;;A2;Diesel;20267;Anzahl;W1;Personenkraftwagen nach Kraftstoffarten
46251;;;;2026-01-01;KREISE;;15002;;KLASS;;A3;Gas (einschl. bivalent);669;Anzahl;W1;Personenkraftwagen nach Kraftstoffarten
46251;;;;2026-01-01;KREISE;;15002;;KLASS;;A4;Hybrid;8241;Anzahl;W1;Personenkraftwagen nach Kraftstoffarten
46251;;;;2026-01-01;KREISE;;15002;;KLASS;;A5;darunter Plug-In-Hybrid;1464;Anzahl;W1;Personenkraftwagen nach Kraftstoffarten
46251;;;;2026-01-01;KREISE;;15002;;KLASS;;A6;Elektro;2070;Anzahl;W1;Personenkraftwagen nach Kraftstoffarten
46251;;;;2026-01-01;KREISE;;15002;;KLASS;;A7;sonstige Kraftstoffarten;32;Anzahl;W1;Personenkraftwagen nach Kraftstoffarten
46251;;;;2026-01-01;KREISE;;15002;;;;;;420,6;;PKWEW;Pkw je 1.000 Einwohner, berechnet
46251;;;;2026-01-01;KREISE;;15002;;KLASS;;A1;Benzin;67,1;%;PKWANT;Anteil am Pkw-Bestand, berechnet
46251;;;;2026-01-01;KREISE;;15002;;KLASS;;A2;Diesel;21,3;%;PKWANT;Anteil am Pkw-Bestand, berechnet
46251;;;;2026-01-01;KREISE;;15002;;KLASS;;A3;Gas (einschl. bivalent);0,7;%;PKWANT;Anteil am Pkw-Bestand, berechnet
46251;;;;2026-01-01;KREISE;;15002;;KLASS;;A4;Hybrid;8,7;%;PKWANT;Anteil am Pkw-Bestand, berechnet
46251;;;;2026-01-01;KREISE;;15002;;KLASS;;A5;darunter Plug-In-Hybrid;1,5;%;PKWANT;Anteil am Pkw-Bestand, berechnet
46251;;;;2026-01-01;KREISE;;15002;;KLASS;;A6;Elektro;2,2;%;PKWANT;Anteil am Pkw-Bestand, berechnet
46251;;;;2026-01-01;KREISE;;15002;;KLASS;;A7;sonstige Kraftstoffarten;0,0;%;PKWANT;Anteil am Pkw-Bestand, berechnet
46251;;;;2026-01-01;KREISE;;15003;Magdeburg, kreisfreie Stadt, Landeshauptstadt;KLASS;;;Insgesamt;112378;Anzahl;W1;Personenkraftwagen nach Kraftstoffarten
46251;;;;2026-01-01;KREISE;;15003;;KLASS;;A1;Benzin;72602;Anzahl;W1;Personenkraftwagen nach Kraftstoffarten
46251;;;;2026-01-01;KREISE;;15003;;KLASS;;A2;Diesel;26210;Anzahl;W1;Personenkraftwagen nach Kraftstoffarten
46251;;;;2026-01-01;KREISE;;15003;;KLASS;;A3;Gas (einschl. bivalent);536;Anzahl;W1;Personenkraftwagen nach Kraftstoffarten
46251;;;;2026-01-01;KREISE;;15003;;KLASS;;A4;Hybrid;9980;Anzahl;W1;Personenkraftwagen nach Kraftstoffarten
46251;;;;2026-01-01;KREISE;;15003;;KLASS;;A5;darunter Plug-In-Hybrid;2330;Anzahl;W1;Personenkraftwagen nach Kraftstoffarten
46251;;;;2026-01-01;KREISE;;15003;;KLASS;;A6;Elektro;3020;Anzahl;W1;Personenkraftwagen nach Kraftstoffarten
46251;;;;2026-01-01;KREISE;;15003;;KLASS;;A7;sonstige Kraftstoffarten;30;Anzahl;W1;Personenkraftwagen nach Kraftstoffarten
46251;;;;2026-01-01;KREISE;;15003;;;;;;459,6;;PKWEW;Pkw je 1.000 Einwohner, berechnet
46251;;;;2026-01-01;KREISE;;15003;;KLASS;;A1;Benzin;64,6;%;PKWANT;Anteil am Pkw-Bestand, berechnet
46251;;;;2026-01-01;KREISE;;15003;;KLASS;;A2;Diesel;23,3;%;PKWANT;Anteil am Pkw-Bestand, berechnet
46251;;;;2026-01-01;KREISE;;15003;;KLASS;;A3;Gas (einschl. bivalent);0,5;%;PKWANT;Anteil am Pkw-Bestand, berechnet
46251;;;;2026-01-01;KREISE;;15003;;KLASS;;A4;Hybrid;8,9;%;PKWANT;Anteil am Pkw-Bestand, berechnet
46251;;;;2026-01-01;KREISE;;15003;;KLASS;;A5;darunter Plug-In-Hybrid;2,1;%;PKWANT;Anteil am Pkw-Bestand, berechnet
46251;;;;2026-01-01;KREISE;;15003;;KLASS;;A6;Elektro;2,7;%;PKWANT;Anteil am Pkw-Bestand, berechnet
46251;;;;2026-01-01;KREISE;;15003;;KLASS;;A7;sonstige Kraftstoffarten;0,0;%;PKWANT;Anteil am Pkw-Bestand, berechnet
46251;;;;2026-01-01;KREISE;;15081;Altmarkkreis Salzwedel;KLASS;;;Insgesamt;50644;Anzahl;W1;Personenkraftwagen nach Kraftstoffarten
46251;;;;2026-01-01;KREISE;;15081;;KLASS;;A1;Benzin;29268;Anzahl;W1;Personenkraftwagen nach Kraftstoffarten
46251;;;;2026-01-01;KREISE;;15081;;KLASS;;A2;Diesel;17454;Anzahl;W1;Personenkraftwagen nach Kraftstoffarten
46251;;;;2026-01-01;KREISE;;15081;;KLASS;;A3;Gas (einschl. bivalent);285;Anzahl;W1;Personenkraftwagen nach Kraftstoffarten
46251;;;;2026-01-01;KREISE;;15081;;KLASS;;A4;Hybrid;2612;Anzahl;W1;Personenkraftwagen nach Kraftstoffarten
46251;;;;2026-01-01;KREISE;;15081;;KLASS;;A5;darunter Plug-In-Hybrid;640;Anzahl;W1;Personenkraftwagen nach Kraftstoffarten
46251;;;;2026-01-01;KREISE;;15081;;KLASS;;A6;Elektro;1013;Anzahl;W1;Personenkraftwagen nach Kraftstoffarten
46251;;;;2026-01-01;KREISE;;15081;;KLASS;;A7;sonstige Kraftstoffarten;12;Anzahl;W1;Personenkraftwagen nach Kraftstoffarten
46251;;;;2026-01-01;KREISE;;15081;;;;;;637,4;;PKWEW;Pkw je 1.000 Einwohner, berechnet
46251;;;;2026-01-01;KREISE;;15081;;KLASS;;A1;Benzin;57,8;%;PKWANT;Anteil am Pkw-Bestand, berechnet
46251;;;;2026-01-01;KREISE;;15081;;KLASS;;A2;Diesel;34,5;%;PKWANT;Anteil am Pkw-Bestand, berechnet
46251;;;;2026-01-01;KREISE;;15081;;KLASS;;A3;Gas (einschl. bivalent);0,6;%;PKWANT;Anteil am Pkw-Bestand, berechnet
46251;;;;2026-01-01;KREISE;;15081;;KLASS;;A4;Hybrid;5,2;%;PKWANT;Anteil am Pkw-Bestand, berechnet
46251;;;;2026-01-01;KREISE;;15081;;KLASS;;A5;darunter Plug-In-Hybrid;1,3;%;PKWANT;Anteil am Pkw-Bestand, berechnet
46251;;;;2026-01-01;KREISE;;15081;;KLASS;;A6;Elektro;2,0;%;PKWANT;Anteil am Pkw-Bestand, berechnet
46251;;;;2026-01-01;KREISE;;15081;;KLASS;;A7;sonstige Kraftstoffarten;0,0;%;PKWANT;Anteil am Pkw-Bestand, berechnet
46251;;;;2026-01-01;KREISE;;15082;Anhalt-Bitterfeld, Landkreis;KLASS;;;Insgesamt;93196;Anzahl;W1;Personenkraftwagen nach Kraftstoffarten
46251;;;;2026-01-01;KREISE;;15082;;KLASS;;A1;Benzin;61802;Anzahl;W1;Personenkraftwagen nach Kraftstoffarten
46251;;;;2026-01-01;KREISE;;15082;;KLASS;;A2;Diesel;22642;Anzahl;W1;Personenkraftwagen nach Kraftstoffarten
46251;;;;2026-01-01;KREISE;;15082;;KLASS;;A3;Gas (einschl. bivalent);474;Anzahl;W1;Personenkraftwagen nach Kraftstoffarten
46251;;;;2026-01-01;KREISE;;15082;;KLASS;;A4;Hybrid;6622;Anzahl;W1;Personenkraftwagen nach Kraftstoffarten
46251;;;;2026-01-01;KREISE;;15082;;KLASS;;A5;darunter Plug-In-Hybrid;1325;Anzahl;W1;Personenkraftwagen nach Kraftstoffarten
46251;;;;2026-01-01;KREISE;;15082;;KLASS;;A6;Elektro;1632;Anzahl;W1;Personenkraftwagen nach Kraftstoffarten
46251;;;;2026-01-01;KREISE;;15082;;KLASS;;A7;sonstige Kraftstoffarten;24;Anzahl;W1;Personenkraftwagen nach Kraftstoffarten
46251;;;;2026-01-01;KREISE;;15082;;;;;;615,8;;PKWEW;Pkw je 1.000 Einwohner, berechnet
46251;;;;2026-01-01;KREISE;;15082;;KLASS;;A1;Benzin;66,3;%;PKWANT;Anteil am Pkw-Bestand, berechnet
46251;;;;2026-01-01;KREISE;;15082;;KLASS;;A2;Diesel;24,3;%;PKWANT;Anteil am Pkw-Bestand, berechnet
46251;;;;2026-01-01;KREISE;;15082;;KLASS;;A3;Gas (einschl. bivalent);0,5;%;PKWANT;Anteil am Pkw-Bestand, berechnet
46251;;;;2026-01-01;KREISE;;15082;;KLASS;;A4;Hybrid;7,1;%;PKWANT;Anteil am Pkw-Bestand, berechnet
46251;;;;2026-01-01;KREISE;;15082;;KLASS;;A5;darunter Plug-In-Hybrid;1,4;%;PKWANT;Anteil am Pkw-Bestand, berechnet
46251;;;;2026-01-01;KREISE;;15082;;KLASS;;A6;Elektro;1,8;%;PKWANT;Anteil am Pkw-Bestand, berechnet
46251;;;;2026-01-01;KREISE;;15082;;KLASS;;A7;sonstige Kraftstoffarten;0,0;%;PKWANT;Anteil am Pkw-Bestand, berechnet
46251;;;;2026-01-01;KREISE;;15083;Börde, Landkreis;KLASS;;;Insgesamt;108044;Anzahl;W1;Personenkraftwagen nach Kraftstoffarten
46251;;;;2026-01-01;KREISE;;15083;;KLASS;;A1;Benzin;66393;Anzahl;W1;Personenkraftwagen nach Kraftstoffarten
46251;;;;2026-01-01;KREISE;;15083;;KLASS;;A2;Diesel;32125;Anzahl;W1;Personenkraftwagen nach Kraftstoffarten
46251;;;;2026-01-01;KREISE;;15083;;KLASS;;A3;Gas (einschl. bivalent);583;Anzahl;W1;Personenkraftwagen nach Kraftstoffarten
46251;;;;2026-01-01;KREISE;;15083;;KLASS;;A4;Hybrid;6542;Anzahl;W1;Personenkraftwagen nach Kraftstoffarten
46251;;;;2026-01-01;KREISE;;15083;;KLASS;;A5;darunter Plug-In-Hybrid;1433;Anzahl;W1;Personenkraftwagen nach Kraftstoffarten
46251;;;;2026-01-01;KREISE;;15083;;KLASS;;A6;Elektro;2379;Anzahl;W1;Personenkraftwagen nach Kraftstoffarten
46251;;;;2026-01-01;KREISE;;15083;;KLASS;;A7;sonstige Kraftstoffarten;22;Anzahl;W1;Personenkraftwagen nach Kraftstoffarten
46251;;;;2026-01-01;KREISE;;15083;;;;;;645,8;;PKWEW;Pkw je 1.000 Einwohner, berechnet
46251;;;;2026-01-01;KREISE;;15083;;KLASS;;A1;Benzin;61,4;%;PKWANT;Anteil am Pkw-Bestand, berechnet
46251;;;;2026-01-01;KREISE;;15083;;KLASS;;A2;Diesel;29,7;%;PKWANT;Anteil am Pkw-Bestand, berechnet
46251;;;;2026-01-01;KREISE;;15083;;KLASS;;A3;Gas (einschl. bivalent);0,5;%;PKWANT;Anteil am Pkw-Bestand, berechnet
46251;;;;2026-01-01;KREISE;;15083;;KLASS;;A4;Hybrid;6,1;%;PKWANT;Anteil am Pkw-Bestand, berechnet
46251;;;;2026-01-01;KREISE;;15083;;KLASS;;A5;darunter Plug-In-Hybrid;1,3;%;PKWANT;Anteil am Pkw-Bestand, berechnet
46251;;;;2026-01-01;KREISE;;15083;;KLASS;;A6;Elektro;2,2;%;PKWANT;Anteil am Pkw-Bestand, berechnet
46251;;;;2026-01-01;KREISE;;15083;;KLASS;;A7;sonstige Kraftstoffarten;0,0;%;PKWANT;Anteil am Pkw-Bestand, berechnet
46251;;;;2026-01-01;KREISE;;15084;Burgenlandkreis;KLASS;;;Insgesamt;102989;Anzahl;W1;Personenkraftwagen nach Kraftstoffarten
46251;;;;2026-01-01;KREISE;;15084;;KLASS;;A1;Benzin;67314;Anzahl;W1;Personenkraftwagen nach Kraftstoffarten
46251;;;;2026-01-01;KREISE;;15084;;KLASS;;A2;Diesel;25829;Anzahl;W1;Personenkraftwagen nach Kraftstoffarten
46251;;;;2026-01-01;KREISE;;15084;;KLASS;;A3;Gas (einschl. bivalent);707;Anzahl;W1;Personenkraftwagen nach Kraftstoffarten
46251;;;;2026-01-01;KREISE;;15084;;KLASS;;A4;Hybrid;7320;Anzahl;W1;Personenkraftwagen nach Kraftstoffarten
46251;;;;2026-01-01;KREISE;;15084;;KLASS;;A5;darunter Plug-In-Hybrid;1545;Anzahl;W1;Personenkraftwagen nach Kraftstoffarten
46251;;;;2026-01-01;KREISE;;15084;;KLASS;;A6;Elektro;1779;Anzahl;W1;Personenkraftwagen nach Kraftstoffarten
46251;;;;2026-01-01;KREISE;;15084;;KLASS;;A7;sonstige Kraftstoffarten;40;Anzahl;W1;Personenkraftwagen nach Kraftstoffarten
46251;;;;2026-01-01;KREISE;;15084;;;;;;600,4;;PKWEW;Pkw je 1.000 Einwohner, berechnet
46251;;;;2026-01-01;KREISE;;15084;;KLASS;;A1;Benzin;65,4;%;PKWANT;Anteil am Pkw-Bestand, berechnet
46251;;;;2026-01-01;KREISE;;15084;;KLASS;;A2;Diesel;25,1;%;PKWANT;Anteil am Pkw-Bestand, berechnet
46251;;;;2026-01-01;KREISE;;15084;;KLASS;;A3;Gas (einschl. bivalent);0,7;%;PKWANT;Anteil am Pkw-Bestand, berechnet
46251;;;;2026-01-01;KREISE;;15084;;KLASS;;A4;Hybrid;7,1;%;PKWANT;Anteil am Pkw-Bestand, berechnet
46251;;;;2026-01-01;KREISE;;15084;;KLASS;;A5;darunter Plug-In-Hybrid;1,5;%;PKWANT;Anteil am Pkw-Bestand, berechnet
46251;;;;2026-01-01;KREISE;;15084;;KLASS;;A6;Elektro;1,7;%;PKWANT;Anteil am Pkw-Bestand, berechnet
46251;;;;2026-01-01;KREISE;;15084;;KLASS;;A7;sonstige Kraftstoffarten;0,0;%;PKWANT;Anteil am Pkw-Bestand, berechnet
46251;;;;2026-01-01;KREISE;;15085;Harz, Landkreis;KLASS;;;Insgesamt;123776;Anzahl;W1;Personenkraftwagen nach Kraftstoffarten
46251;;;;2026-01-01;KREISE;;15085;;KLASS;;A1;Benzin;76579;Anzahl;W1;Personenkraftwagen nach Kraftstoffarten
46251;;;;2026-01-01;KREISE;;15085;;KLASS;;A2;Diesel;34694;Anzahl;W1;Personenkraftwagen nach Kraftstoffarten
46251;;;;2026-01-01;KREISE;;15085;;KLASS;;A3;Gas (einschl. bivalent);979;Anzahl;W1;Personenkraftwagen nach Kraftstoffarten
46251;;;;2026-01-01;KREISE;;15085;;KLASS;;A4;Hybrid;8991;Anzahl;W1;Personenkraftwagen nach Kraftstoffarten
46251;;;;2026-01-01;KREISE;;15085;;KLASS;;A5;darunter Plug-In-Hybrid;1821;Anzahl;W1;Personenkraftwagen nach Kraftstoffarten
46251;;;;2026-01-01;KREISE;;15085;;KLASS;;A6;Elektro;2492;Anzahl;W1;Personenkraftwagen nach Kraftstoffarten
46251;;;;2026-01-01;KREISE;;15085;;KLASS;;A7;sonstige Kraftstoffarten;41;Anzahl;W1;Personenkraftwagen nach Kraftstoffarten
46251;;;;2026-01-01;KREISE;;15085;;;;;;611,0;;PKWEW;Pkw je 1.000 Einwohner, berechnet
46251;;;;2026-01-01;KREISE;;15085;;KLASS;;A1;Benzin;61,9;%;PKWANT;Anteil am Pkw-Bestand, berechnet
46251;;;;2026-01-01;KREISE;;15085;;KLASS;;A2;Diesel;28,0;%;PKWANT;Anteil am Pkw-Bestand, berechnet
46251;;;;2026-01-01;KREISE;;15085;;KLASS;;A3;Gas (einschl. bivalent);0,8;%;PKWANT;Anteil am Pkw-Bestand, berechnet
46251;;;;2026-01-01;KREISE;;15085;;KLASS;;A4;Hybrid;7,3;%;PKWANT;Anteil am Pkw-Bestand, berechnet
46251;;;;2026-01-01;KREISE;;15085;;KLASS;;A5;darunter Plug-In-Hybrid;1,5;%;PKWANT;Anteil am Pkw-Bestand, berechnet
46251;;;;2026-01-01;KREISE;;15085;;KLASS;;A6;Elektro;2,0;%;PKWANT;Anteil am Pkw-Bestand, berechnet
46251;;;;2026-01-01;KREISE;;15085;;KLASS;;A7;sonstige Kraftstoffarten;0,0;%;PKWANT;Anteil am Pkw-Bestand, berechnet
46251;;;;2026-01-01;KREISE;;15086;Jerichower Land, Landkreis;KLASS;;;Insgesamt;54965;Anzahl;W1;Personenkraftwagen nach Kraftstoffarten
46251;;;;2026-01-01;KREISE;;15086;;KLASS;;A1;Benzin;33767;Anzahl;W1;Personenkraftwagen nach Kraftstoffarten
46251;;;;2026-01-01;KREISE;;15086;;KLASS;;A2;Diesel;15991;Anzahl;W1;Personenkraftwagen nach Kraftstoffarten
46251;;;;2026-01-01;KREISE;;15086;;KLASS;;A3;Gas (einschl. bivalent);308;Anzahl;W1;Personenkraftwagen nach Kraftstoffarten
46251;;;;2026-01-01;KREISE;;15086;;KLASS;;A4;Hybrid;3729;Anzahl;W1;Personenkraftwagen nach Kraftstoffarten
46251;;;;2026-01-01;KREISE;;15086;;KLASS;;A5;darunter Plug-In-Hybrid;756;Anzahl;W1;Personenkraftwagen nach Kraftstoffarten
46251;;;;2026-01-01;KREISE;;15086;;KLASS;;A6;Elektro;1158;Anzahl;W1;Personenkraftwagen nach Kraftstoffarten
46251;;;;2026-01-01;KREISE;;15086;;KLASS;;A7;sonstige Kraftstoffarten;12;Anzahl;W1;Personenkraftwagen nach Kraftstoffarten
46251;;;;2026-01-01;KREISE;;15086;;;;;;622,1;;PKWEW;Pkw je 1.000 Einwohner, berechnet
46251;;;;2026-01-01;KREISE;;15086;;KLASS;;A1;Benzin;61,4;%;PKWANT;Anteil am Pkw-Bestand, berechnet
46251;;;;2026-01-01;KREISE;;15086;;KLASS;;A2;Diesel;29,1;%;PKWANT;Anteil am Pkw-Bestand, berechnet
46251;;;;2026-01-01;KREISE;;15086;;KLASS;;A3;Gas (einschl. bivalent);0,6;%;PKWANT;Anteil am Pkw-Bestand, berechnet
46251;;;;2026-01-01;KREISE;;15086;;KLASS;;A4;Hybrid;6,8;%;PKWANT;Anteil am Pkw-Bestand, berechnet
46251;;;;2026-01-01;KREISE;;15086;;KLASS;;A5;darunter Plug-In-Hybrid;1,4;%;PKWANT;Anteil am Pkw-Bestand, berechnet
46251;;;;2026-01-01;KREISE;;15086;;KLASS;;A6;Elektro;2,1;%;PKWANT;Anteil am Pkw-Bestand, berechnet
46251;;;;2026-01-01;KREISE;;15086;;KLASS;;A7;sonstige Kraftstoffarten;0,0;%;PKWANT;Anteil am Pkw-Bestand, berechnet
46251;;;;2026-01-01;KREISE;;15087;Mansfeld-Südharz, Landkreis;KLASS;;;Insgesamt;79242;Anzahl;W1;Personenkraftwagen nach Kraftstoffarten
46251;;;;2026-01-01;KREISE;;15087;;KLASS;;A1;Benzin;51214;Anzahl;W1;Personenkraftwagen nach Kraftstoffarten
46251;;;;2026-01-01;KREISE;;15087;;KLASS;;A2;Diesel;20804;Anzahl;W1;Personenkraftwagen nach Kraftstoffarten
46251;;;;2026-01-01;KREISE;;15087;;KLASS;;A3;Gas (einschl. bivalent);300;Anzahl;W1;Personenkraftwagen nach Kraftstoffarten
46251;;;;2026-01-01;KREISE;;15087;;KLASS;;A4;Hybrid;5629;Anzahl;W1;Personenkraftwagen nach Kraftstoffarten
46251;;;;2026-01-01;KREISE;;15087;;KLASS;;A5;darunter Plug-In-Hybrid;943;Anzahl;W1;Personenkraftwagen nach Kraftstoffarten
46251;;;;2026-01-01;KREISE;;15087;;KLASS;;A6;Elektro;1270;Anzahl;W1;Personenkraftwagen nach Kraftstoffarten
46251;;;;2026-01-01;KREISE;;15087;;KLASS;;A7;sonstige Kraftstoffarten;25;Anzahl;W1;Personenkraftwagen nach Kraftstoffarten
46251;;;;2026-01-01;KREISE;;15087;;;;;;620,7;;PKWEW;Pkw je 1.000 Einwohner, berechnet
46251;;;;2026-01-01;KREISE;;15087;;KLASS;;A1;Benzin;64,6;%;PKWANT;Anteil am Pkw-Bestand, berechnet
46251;;;;2026-01-01;KREISE;;15087;;KLASS;;A2;Diesel;26,3;%;PKWANT;Anteil am Pkw-Bestand, berechnet
46251;;;;2026-01-01;KREISE;;15087;;KLASS;;A3;Gas (einschl. bivalent);0,4;%;PKWANT;Anteil am Pkw-Bestand, berechnet
46251;;;;2026-01-01;KREISE;;15087;;KLASS;;A4;Hybrid;7,1;%;PKWANT;Anteil am Pkw-Bestand, berechnet
46251;;;;2026-01-01;KREISE;;15087;;KLASS;;A5;darunter Plug-In-Hybrid;1,2;%;PKWANT;Anteil am Pkw-Bestand, berechnet
46251;;;;2026-01-01;KREISE;;15087;;KLASS;;A6;Elektro;1,6;%;PKWANT;Anteil am Pkw-Bestand, berechnet
46251;;;;2026-01-01;KREISE;;15087;;KLASS;;A7;sonstige Kraftstoffarten;0,0;%;PKWANT;Anteil am Pkw-Bestand, berechnet
46251;;;;2026-01-01;KREISE;;15088;Saalekreis;KLASS;;;Insgesamt;116431;Anzahl;W1;Personenkraftwagen nach Kraftstoffarten
46251;;;;2026-01-01;KREISE;;15088;;KLASS;;A1;Benzin;75235;Anzahl;W1;Personenkraftwagen nach Kraftstoffarten
46251;;;;2026-01-01;KREISE;;15088;;KLASS;;A2;Diesel;28864;Anzahl;W1;Personenkraftwagen nach Kraftstoffarten
46251;;;;2026-01-01;KREISE;;15088;;KLASS;;A3;Gas (einschl. bivalent);712;Anzahl;W1;Personenkraftwagen nach Kraftstoffarten
46251;;;;2026-01-01;KREISE;;15088;;KLASS;;A4;Hybrid;9208;Anzahl;W1;Personenkraftwagen nach Kraftstoffarten
46251;;;;2026-01-01;KREISE;;15088;;KLASS;;A5;darunter Plug-In-Hybrid;1919;Anzahl;W1;Personenkraftwagen nach Kraftstoffarten
46251;;;;2026-01-01;KREISE;;15088;;KLASS;;A6;Elektro;2382;Anzahl;W1;Personenkraftwagen nach Kraftstoffarten
46251;;;;2026-01-01;KREISE;;15088;;KLASS;;A7;sonstige Kraftstoffarten;30;Anzahl;W1;Personenkraftwagen nach Kraftstoffarten
46251;;;;2026-01-01;KREISE;;15088;;;;;;642,1;;PKWEW;Pkw je 1.000 Einwohner, berechnet
46251;;;;2026-01-01;KREISE;;15088;;KLASS;;A1;Benzin;64,6;%;PKWANT;Anteil am Pkw-Bestand, berechnet
46251;;;;2026-01-01;KREISE;;15088;;KLASS;;A2;Diesel;24,8;%;PKWANT;Anteil am Pkw-Bestand, berechnet
46251;;;;2026-01-01;KREISE;;15088;;KLASS;;A3;Gas (einschl. bivalent);0,6;%;PKWANT;Anteil am Pkw-Bestand, berechnet
46251;;;;2026-01-01;KREISE;;15088;;KLASS;;A4;Hybrid;7,9;%;PKWANT;Anteil am Pkw-Bestand, berechnet
46251;;;;2026-01-01;KREISE;;15088;;KLASS;;A5;darunter Plug-In-Hybrid;1,6;%;PKWANT;Anteil am Pkw-Bestand, berechnet
46251;;;;2026-01-01;KREISE;;15088;;KLASS;;A6;Elektro;2,0;%;PKWANT;Anteil am Pkw-Bestand, berechnet
46251;;;;2026-01-01;KREISE;;15088;;KLASS;;A7;sonstige Kraftstoffarten;0,0;%;PKWANT;Anteil am Pkw-Bestand, berechnet
46251;;;;2026-01-01;KREISE;;15089;Salzlandkreis;KLASS;;;Insgesamt;104857;Anzahl;W1;Personenkraftwagen nach Kraftstoffarten
46251;;;;2026-01-01;KREISE;;15089;;KLASS;;A1;Benzin;68525;Anzahl;W1;Personenkraftwagen nach Kraftstoffarten
46251;;;;2026-01-01;KREISE;;15089;;KLASS;;A2;Diesel;26942;Anzahl;W1;Personenkraftwagen nach Kraftstoffarten
46251;;;;2026-01-01;KREISE;;15089;;KLASS;;A3;Gas (einschl. bivalent);636;Anzahl;W1;Personenkraftwagen nach Kraftstoffarten
46251;;;;2026-01-01;KREISE;;15089;;KLASS;;A4;Hybrid;7016;Anzahl;W1;Personenkraftwagen nach Kraftstoffarten
46251;;;;2026-01-01;KREISE;;15089;;KLASS;;A5;darunter Plug-In-Hybrid;1328;Anzahl;W1;Personenkraftwagen nach Kraftstoffarten
46251;;;;2026-01-01;KREISE;;15089;;KLASS;;A6;Elektro;1704;Anzahl;W1;Personenkraftwagen nach Kraftstoffarten
46251;;;;2026-01-01;KREISE;;15089;;KLASS;;A7;sonstige Kraftstoffarten;34;Anzahl;W1;Personenkraftwagen nach Kraftstoffarten
46251;;;;2026-01-01;KREISE;;15089;;;;;;586,5;;PKWEW;Pkw je 1.000 Einwohner, berechnet
46251;;;;2026-01-01;KREISE;;15089;;KLASS;;A1;Benzin;65,4;%;PKWANT;Anteil am Pkw-Bestand, berechnet
46251;;;;2026-01-01;KREISE;;15089;;KLASS;;A2;Diesel;25,7;%;PKWANT;Anteil am Pkw-Bestand, berechnet
46251;;;;2026-01-01;KREISE;;15089;;KLASS;;A3;Gas (einschl. bivalent);0,6;%;PKWANT;Anteil am Pkw-Bestand, berechnet
46251;;;;2026-01-01;KREISE;;15089;;KLASS;;A4;Hybrid;6,7;%;PKWANT;Anteil am Pkw-Bestand, berechnet
46251;;;;2026-01-01;KREISE;;15089;;KLASS;;A5;darunter Plug-In-Hybrid;1,3;%;PKWANT;Anteil am Pkw-Bestand, berechnet
46251;;;;2026-01-01;KREISE;;15089;;KLASS;;A6;Elektro;1,6;%;PKWANT;Anteil am Pkw-Bestand, berechnet
46251;;;;2026-01-01;KREISE;;15089;;KLASS;;A7;sonstige Kraftstoffarten;0,0;%;PKWANT;Anteil am Pkw-Bestand, berechnet
46251;;;;2026-01-01;KREISE;;15090;Stendal, Landkreis;KLASS;;;Insgesamt;63897;Anzahl;W1;Personenkraftwagen nach Kraftstoffarten
46251;;;;2026-01-01;KREISE;;15090;;KLASS;;A1;Benzin;37586;Anzahl;W1;Personenkraftwagen nach Kraftstoffarten
46251;;;;2026-01-01;KREISE;;15090;;KLASS;;A2;Diesel;21123;Anzahl;W1;Personenkraftwagen nach Kraftstoffarten
46251;;;;2026-01-01;KREISE;;15090;;KLASS;;A3;Gas (einschl. bivalent);312;Anzahl;W1;Personenkraftwagen nach Kraftstoffarten
46251;;;;2026-01-01;KREISE;;15090;;KLASS;;A4;Hybrid;3694;Anzahl;W1;Personenkraftwagen nach Kraftstoffarten
46251;;;;2026-01-01;KREISE;;15090;;KLASS;;A5;darunter Plug-In-Hybrid;812;Anzahl;W1;Personenkraftwagen nach Kraftstoffarten
46251;;;;2026-01-01;KREISE;;15090;;KLASS;;A6;Elektro;1166;Anzahl;W1;Personenkraftwagen nach Kraftstoffarten
46251;;;;2026-01-01;KREISE;;15090;;KLASS;;A7;sonstige Kraftstoffarten;16;Anzahl;W1;Personenkraftwagen nach Kraftstoffarten
46251;;;;2026-01-01;KREISE;;15090;;;;;;603,9;;PKWEW;Pkw je 1.000 Einwohner, berechnet
46251;;;;2026-01-01;KREISE;;15090;;KLASS;;A1;Benzin;58,8;%;PKWANT;Anteil am Pkw-Bestand, berechnet
46251;;;;2026-01-01;KREISE;;15090;;KLASS;;A2;Diesel;33,1;%;PKWANT;Anteil am Pkw-Bestand, berechnet
46251;;;;2026-01-01;KREISE;;15090;;KLASS;;A3;Gas (einschl. bivalent);0,5;%;PKWANT;Anteil am Pkw-Bestand, berechnet
46251;;;;2026-01-01;KREISE;;15090;;KLASS;;A4;Hybrid;5,8;%;PKWANT;Anteil am Pkw-Bestand, berechnet
46251;;;;2026-01-01;KREISE;;15090;;KLASS;;A5;darunter Plug-In-Hybrid;1,3;%;PKWANT;Anteil am Pkw-Bestand, berechnet
46251;;;;2026-01-01;KREISE;;15090;;KLASS;;A6;Elektro;1,8;%;PKWANT;Anteil am Pkw-Bestand, berechnet
46251;;;;2026-01-01;KREISE;;15090;;KLASS;;A7;sonstige Kraftstoffarten;0,0;%;PKWANT;Anteil am Pkw-Bestand, berechnet
46251;;;;2026-01-01;KREISE;;15091;Wittenberg, Landkreis;KLASS;;;Insgesamt;75929;Anzahl;W1;Personenkraftwagen nach Kraftstoffarten
46251;;;;2026-01-01;KREISE;;15091;;KLASS;;A1;Benzin;49560;Anzahl;W1;Personenkraftwagen nach Kraftstoffarten
46251;;;;2026-01-01;KREISE;;15091;;KLASS;;A2;Diesel;19270;Anzahl;W1;Personenkraftwagen nach Kraftstoffarten
46251;;;;2026-01-01;KREISE;;15091;;KLASS;;A3;Gas (einschl. bivalent);508;Anzahl;W1;Personenkraftwagen nach Kraftstoffarten
46251;;;;2026-01-01;KREISE;;15091;;KLASS;;A4;Hybrid;5259;Anzahl;W1;Personenkraftwagen nach Kraftstoffarten
46251;;;;2026-01-01;KREISE;;15091;;KLASS;;A5;darunter Plug-In-Hybrid;1097;Anzahl;W1;Personenkraftwagen nach Kraftstoffarten
46251;;;;2026-01-01;KREISE;;15091;;KLASS;;A6;Elektro;1295;Anzahl;W1;Personenkraftwagen nach Kraftstoffarten
46251;;;;2026-01-01;KREISE;;15091;;KLASS;;A7;sonstige Kraftstoffarten;37;Anzahl;W1;Personenkraftwagen nach Kraftstoffarten
46251;;;;2026-01-01;KREISE;;15091;;;;;;630,8;;PKWEW;Pkw je 1.000 Einwohner, berechnet
46251;;;;2026-01-01;KREISE;;15091;;KLASS;;A1;Benzin;65,3;%;PKWANT;Anteil am Pkw-Bestand, berechnet
46251;;;;2026-01-01;KREISE;;15091;;KLASS;;A2;Diesel;25,4;%;PKWANT;Anteil am Pkw-Bestand, berechnet
46251;;;;2026-01-01;KREISE;;15091;;KLASS;;A3;Gas (einschl. bivalent);0,7;%;PKWANT;Anteil am Pkw-Bestand, berechnet
46251;;;;2026-01-01;KREISE;;15091;;KLASS;;A4;Hybrid;6,9;%;PKWANT;Anteil am Pkw-Bestand, berechnet
46251;;;;2026-01-01;KREISE;;15091;;KLASS;;A5;darunter Plug-In-Hybrid;1,4;%;PKWANT;Anteil am Pkw-Bestand, berechnet
46251;;;;2026-01-01;KREISE;;15091;;KLASS;;A6;Elektro;1,7;%;PKWANT;Anteil am Pkw-Bestand, berechnet
46251;;;;2026-01-01;KREISE;;15091;;KLASS;;A7;sonstige Kraftstoffarten;0,0;%;PKWANT;Anteil am Pkw-Bestand, berechnet
46251;;;;2026-01-01;KREISE;;15101;Dessau, kreisfreie Stadt;KLASS;;;Insgesamt;-;Anzahl;W1;Personenkraftwagen nach Kraftstoffarten
46251;;;;2026-01-01;KREISE;;15101;;KLASS;;A1;Benzin;-;Anzahl;W1;Personenkraftwagen nach Kraftstoffarten
46251;;;;2026-01-01;KREISE;;15101;;KLASS;;A2;Diesel;-;Anzahl;W1;Personenkraftwagen nach Kraftstoffarten
46251;;;;2026-01-01;KREISE;;15101;;KLASS;;A3;Gas (einschl. bivalent);-;Anzahl;W1;Personenkraftwagen nach Kraftstoffarten
46251;;;;2026-01-01;KREISE;;15101;;KLASS;;A4;Hybrid;-;Anzahl;W1;Personenkraftwagen nach Kraftstoffarten
46251;;;;2026-01-01;KREISE;;15101;;KLASS;;A5;darunter Plug-In-Hybrid;-;Anzahl;W1;Personenkraftwagen nach Kraftstoffarten
46251;;;;2026-01-01;KREISE;;15101;;KLASS;;A6;Elektro;-;Anzahl;W1;Personenkraftwagen nach Kraftstoffarten
46251;;;;2026-01-01;KREISE;;15101;;KLASS;;A7;sonstige Kraftstoffarten;-;Anzahl;W1;Personenkraftwagen nach Kraftstoffarten
46251;;;;2026-01-01;KREISE;;15151;Anhalt-Zerbst, Kreis;KLASS;;;Insgesamt;-;Anzahl;W1;Personenkraftwagen nach Kraftstoffarten
46251;;;;2026-01-01;KREISE;;15151;;KLASS;;A1;Benzin;-;Anzahl;W1;Personenkraftwagen nach Kraftstoffarten
46251;;;;2026-01-01;KREISE;;15151;;KLASS;;A2;Diesel;-;Anzahl;W1;Personenkraftwagen nach Kraftstoffarten
46251;;;;2026-01-01;KREISE;;15151;;KLASS;;A3;Gas (einschl. bivalent);-;Anzahl;W1;Personenkraftwagen nach Kraftstoffarten
46251;;;;2026-01-01;KREISE;;15151;;KLASS;;A4;Hybrid;-;Anzahl;W1;Personenkraftwagen nach Kraftstoffarten
46251;;;;2026-01-01;KREISE;;15151;;KLASS;;A5;darunter Plug-In-Hybrid;-;Anzahl;W1;Personenkraftwagen nach Kraftstoffarten
46251;;;;2026-01-01;KREISE;;15151;;KLASS;;A6;Elektro;-;Anzahl;W1;Personenkraftwagen nach Kraftstoffarten
46251;;;;2026-01-01;KREISE;;15151;;KLASS;;A7;sonstige Kraftstoffarten;-;Anzahl;W1;Personenkraftwagen nach Kraftstoffarten
46251;;;;2026-01-01;KREISE;;15153;Bernburg, Kreis;KLASS;;;Insgesamt;-;Anzahl;W1;Personenkraftwagen nach Kraftstoffarten
46251;;;;2026-01-01;KREISE;;15153;;KLASS;;A1;Benzin;-;Anzahl;W1;Personenkraftwagen nach Kraftstoffarten
46251;;;;2026-01-01;KREISE;;15153;;KLASS;;A2;Diesel;-;Anzahl;W1;Personenkraftwagen nach Kraftstoffarten
46251;;;;2026-01-01;KREISE;;15153;;KLASS;;A3;Gas (einschl. bivalent);-;Anzahl;W1;Personenkraftwagen nach Kraftstoffarten
46251;;;;2026-01-01;KREISE;;15153;;KLASS;;A4;Hybrid;-;Anzahl;W1;Personenkraftwagen nach Kraftstoffarten
46251;;;;2026-01-01;KREISE;;15153;;KLASS;;A5;darunter Plug-In-Hybrid;-;Anzahl;W1;Personenkraftwagen nach Kraftstoffarten
46251;;;;2026-01-01;KREISE;;15153;;KLASS;;A6;Elektro;-;Anzahl;W1;Personenkraftwagen nach Kraftstoffarten
46251;;;;2026-01-01;KREISE;;15153;;KLASS;;A7;sonstige Kraftstoffarten;-;Anzahl;W1;Personenkraftwagen nach Kraftstoffarten
46251;;;;2026-01-01;KREISE;;15154;Bitterfeld, Kreis;KLASS;;;Insgesamt;-;Anzahl;W1;Personenkraftwagen nach Kraftstoffarten
46251;;;;2026-01-01;KREISE;;15154;;KLASS;;A1;Benzin;-;Anzahl;W1;Personenkraftwagen nach Kraftstoffarten
46251;;;;2026-01-01;KREISE;;15154;;KLASS;;A2;Diesel;-;Anzahl;W1;Personenkraftwagen nach Kraftstoffarten
46251;;;;2026-01-01;KREISE;;15154;;KLASS;;A3;Gas (einschl. bivalent);-;Anzahl;W1;Personenkraftwagen nach Kraftstoffarten
46251;;;;2026-01-01;KREISE;;15154;;KLASS;;A4;Hybrid;-;Anzahl;W1;Personenkraftwagen nach Kraftstoffarten
46251;;;;2026-01-01;KREISE;;15154;;KLASS;;A5;darunter Plug-In-Hybrid;-;Anzahl;W1;Personenkraftwagen nach Kraftstoffarten
46251;;;;2026-01-01;KREISE;;15154;;KLASS;;A6;Elektro;-;Anzahl;W1;Personenkraftwagen nach Kraftstoffarten
46251;;;;2026-01-01;KREISE;;15154;;KLASS;;A7;sonstige Kraftstoffarten;-;Anzahl;W1;Personenkraftwagen nach Kraftstoffarten
46251;;;;2026-01-01;KREISE;;15159;Köthen, Kreis;KLASS;;;Insgesamt;-;Anzahl;W1;Personenkraftwagen nach Kraftstoffarten
46251;;;;2026-01-01;KREISE;;15159;;KLASS;;A1;Benzin;-;Anzahl;W1;Personenkraftwagen nach Kraftstoffarten
46251;;;;2026-01-01;KREISE;;15159;;KLASS;;A2;Diesel;-;Anzahl;W1;Personenkraftwagen nach Kraftstoffarten
46251;;;;2026-01-01;KREISE;;15159;;KLASS;;A3;Gas (einschl. bivalent);-;Anzahl;W1;Personenkraftwagen nach Kraftstoffarten
46251;;;;2026-01-01;KREISE;;15159;;KLASS;;A4;Hybrid;-;Anzahl;W1;Personenkraftwagen nach Kraftstoffarten
46251;;;;2026-01-01;KREISE;;15159;;KLASS;;A5;darunter Plug-In-Hybrid;-;Anzahl;W1;Personenkraftwagen nach Kraftstoffarten
46251;;;;2026-01-01;KREISE;;15159;;KLASS;;A6;Elektro;-;Anzahl;W1;Personenkraftwagen nach Kraftstoffarten
46251;;;;2026-01-01;KREISE;;15159;;KLASS;;A7;sonstige Kraftstoffarten;-;Anzahl;W1;Personenkraftwagen nach Kraftstoffarten
46251;;;;2026-01-01;KREISE;;15171;Wittenberg, Kreis;KLASS;;;Insgesamt;-;Anzahl;W1;Personenkraftwagen nach Kraftstoffarten
46251;;;;2026-01-01;KREISE;;15171;;KLASS;;A1;Benzin;-;Anzahl;W1;Personenkraftwagen nach Kraftstoffarten
46251;;;;2026-01-01;KREISE;;15171;;KLASS;;A2;Diesel;-;Anzahl;W1;Personenkraftwagen nach Kraftstoffarten
46251;;;;2026-01-01;KREISE;;15171;;KLASS;;A3;Gas (einschl. bivalent);-;Anzahl;W1;Personenkraftwagen nach Kraftstoffarten
46251;;;;2026-01-01;KREISE;;15171;;KLASS;;A4;Hybrid;-;Anzahl;W1;Personenkraftwagen nach Kraftstoffarten
46251;;;;2026-01-01;KREISE;;15171;;KLASS;;A5;darunter Plug-In-Hybrid;-;Anzahl;W1;Personenkraftwagen nach Kraftstoffarten
46251;;;;2026-01-01;KREISE;;15171;;KLASS;;A6;Elektro;-;Anzahl;W1;Personenkraftwagen nach Kraftstoffarten
46251;;;;2026-01-01;KREISE;;15171;;KLASS;;A7;sonstige Kraftstoffarten;-;Anzahl;W1;Personenkraftwagen nach Kraftstoffarten
46251;;;;2026-01-01;KREISE;;15202;Halle (Saale), kreisfreie Stadt;KLASS;;;Insgesamt;-;Anzahl;W1;Personenkraftwagen nach Kraftstoffarten
46251;;;;2026-01-01;KREISE;;15202;;KLASS;;A1;Benzin;-;Anzahl;W1;Personenkraftwagen nach Kraftstoffarten
46251;;;;2026-01-01;KREISE;;15202;;KLASS;;A2;Diesel;-;Anzahl;W1;Personenkraftwagen nach Kraftstoffarten
46251;;;;2026-01-01;KREISE;;15202;;KLASS;;A3;Gas (einschl. bivalent);-;Anzahl;W1;Personenkraftwagen nach Kraftstoffarten
46251;;;;2026-01-01;KREISE;;15202;;KLASS;;A4;Hybrid;-;Anzahl;W1;Personenkraftwagen nach Kraftstoffarten
46251;;;;2026-01-01;KREISE;;15202;;KLASS;;A5;darunter Plug-In-Hybrid;-;Anzahl;W1;Personenkraftwagen nach Kraftstoffarten
46251;;;;2026-01-01;KREISE;;15202;;KLASS;;A6;Elektro;-;Anzahl;W1;Personenkraftwagen nach Kraftstoffarten
46251;;;;2026-01-01;KREISE;;15202;;KLASS;;A7;sonstige Kraftstoffarten;-;Anzahl;W1;Personenkraftwagen nach Kraftstoffarten
46251;;;;2026-01-01;KREISE;;15256;Burgenlandkreis;KLASS;;;Insgesamt;-;Anzahl;W1;Personenkraftwagen nach Kraftstoffarten
46251;;;;2026-01-01;KREISE;;15256;;KLASS;;A1;Benzin;-;Anzahl;W1;Personenkraftwagen nach Kraftstoffarten
46251;;;;2026-01-01;KREISE;;15256;;KLASS;;A2;Diesel;-;Anzahl;W1;Personenkraftwagen nach Kraftstoffarten
46251;;;;2026-01-01;KREISE;;15256;;KLASS;;A3;Gas (einschl. bivalent);-;Anzahl;W1;Personenkraftwagen nach Kraftstoffarten
46251;;;;2026-01-01;KREISE;;15256;;KLASS;;A4;Hybrid;-;Anzahl;W1;Personenkraftwagen nach Kraftstoffarten
46251;;;;2026-01-01;KREISE;;15256;;KLASS;;A5;darunter Plug-In-Hybrid;-;Anzahl;W1;Personenkraftwagen nach Kraftstoffarten
46251;;;;2026-01-01;KREISE;;15256;;KLASS;;A6;Elektro;-;Anzahl;W1;Personenkraftwagen nach Kraftstoffarten
46251;;;;2026-01-01;KREISE;;15256;;KLASS;;A7;sonstige Kraftstoffarten;-;Anzahl;W1;Personenkraftwagen nach Kraftstoffarten
46251;;;;2026-01-01;KREISE;;15260;Mansfelder Land, Kreis;KLASS;;;Insgesamt;-;Anzahl;W1;Personenkraftwagen nach Kraftstoffarten
46251;;;;2026-01-01;KREISE;;15260;;KLASS;;A1;Benzin;-;Anzahl;W1;Personenkraftwagen nach Kraftstoffarten
46251;;;;2026-01-01;KREISE;;15260;;KLASS;;A2;Diesel;-;Anzahl;W1;Personenkraftwagen nach Kraftstoffarten
46251;;;;2026-01-01;KREISE;;15260;;KLASS;;A3;Gas (einschl. bivalent);-;Anzahl;W1;Personenkraftwagen nach Kraftstoffarten
46251;;;;2026-01-01;KREISE;;15260;;KLASS;;A4;Hybrid;-;Anzahl;W1;Personenkraftwagen nach Kraftstoffarten
46251;;;;2026-01-01;KREISE;;15260;;KLASS;;A5;darunter Plug-In-Hybrid;-;Anzahl;W1;Personenkraftwagen nach Kraftstoffarten
46251;;;;2026-01-01;KREISE;;15260;;KLASS;;A6;Elektro;-;Anzahl;W1;Personenkraftwagen nach Kraftstoffarten
46251;;;;2026-01-01;KREISE;;15260;;KLASS;;A7;sonstige Kraftstoffarten;-;Anzahl;W1;Personenkraftwagen nach Kraftstoffarten
46251;;;;2026-01-01;KREISE;;15261;Merseburg-Querfurt, Kreis;KLASS;;;Insgesamt;-;Anzahl;W1;Personenkraftwagen nach Kraftstoffarten
46251;;;;2026-01-01;KREISE;;15261;;KLASS;;A1;Benzin;-;Anzahl;W1;Personenkraftwagen nach Kraftstoffarten
46251;;;;2026-01-01;KREISE;;15261;;KLASS;;A2;Diesel;-;Anzahl;W1;Personenkraftwagen nach Kraftstoffarten
46251;;;;2026-01-01;KREISE;;15261;;KLASS;;A3;Gas (einschl. bivalent);-;Anzahl;W1;Personenkraftwagen nach Kraftstoffarten
46251;;;;2026-01-01;KREISE;;15261;;KLASS;;A4;Hybrid;-;Anzahl;W1;Personenkraftwagen nach Kraftstoffarten
46251;;;;2026-01-01;KREISE;;15261;;KLASS;;A5;darunter Plug-In-Hybrid;-;Anzahl;W1;Personenkraftwagen nach Kraftstoffarten
46251;;;;2026-01-01;KREISE;;15261;;KLASS;;A6;Elektro;-;Anzahl;W1;Personenkraftwagen nach Kraftstoffarten
46251;;;;2026-01-01;KREISE;;15261;;KLASS;;A7;sonstige Kraftstoffarten;-;Anzahl;W1;Personenkraftwagen nach Kraftstoffarten
46251;;;;2026-01-01;KREISE;;15265;Saalkreis;KLASS;;;Insgesamt;-;Anzahl;W1;Personenkraftwagen nach Kraftstoffarten
46251;;;;2026-01-01;KREISE;;15265;;KLASS;;A1;Benzin;-;Anzahl;W1;Personenkraftwagen nach Kraftstoffarten
46251;;;;2026-01-01;KREISE;;15265;;KLASS;;A2;Diesel;-;Anzahl;W1;Personenkraftwagen nach Kraftstoffarten
46251;;;;2026-01-01;KREISE;;15265;;KLASS;;A3;Gas (einschl. bivalent);-;Anzahl;W1;Personenkraftwagen nach Kraftstoffarten
46251;;;;2026-01-01;KREISE;;15265;;KLASS;;A4;Hybrid;-;Anzahl;W1;Personenkraftwagen nach Kraftstoffarten
46251;;;;2026-01-01;KREISE;;15265;;KLASS;;A5;darunter Plug-In-Hybrid;-;Anzahl;W1;Personenkraftwagen nach Kraftstoffarten
46251;;;;2026-01-01;KREISE;;15265;;KLASS;;A6;Elektro;-;Anzahl;W1;Personenkraftwagen nach Kraftstoffarten
46251;;;;2026-01-01;KREISE;;15265;;KLASS;;A7;sonstige Kraftstoffarten;-;Anzahl;W1;Personenkraftwagen nach Kraftstoffarten
46251;;;;2026-01-01;KREISE;;15266;Sangerhausen, Kreis;KLASS;;;Insgesamt;-;Anzahl;W1;Personenkraftwagen nach Kraftstoffarten
46251;;;;2026-01-01;KREISE;;15266;;KLASS;;A1;Benzin;-;Anzahl;W1;Personenkraftwagen nach Kraftstoffarten
46251;;;;2026-01-01;KREISE;;15266;;KLASS;;A2;Diesel;-;Anzahl;W1;Personenkraftwagen nach Kraftstoffarten
46251;;;;2026-01-01;KREISE;;15266;;KLASS;;A3;Gas (einschl. bivalent);-;Anzahl;W1;Personenkraftwagen nach Kraftstoffarten
46251;;;;2026-01-01;KREISE;;15266;;KLASS;;A4;Hybrid;-;Anzahl;W1;Personenkraftwagen nach Kraftstoffarten
46251;;;;2026-01-01;KREISE;;15266;;KLASS;;A5;darunter Plug-In-Hybrid;-;Anzahl;W1;Personenkraftwagen nach Kraftstoffarten
46251;;;;2026-01-01;KREISE;;15266;;KLASS;;A6;Elektro;-;Anzahl;W1;Personenkraftwagen nach Kraftstoffarten
46251;;;;2026-01-01;KREISE;;15266;;KLASS;;A7;sonstige Kraftstoffarten;-;Anzahl;W1;Personenkraftwagen nach Kraftstoffarten
46251;;;;2026-01-01;KREISE;;15268;Weißenfels, Kreis;KLASS;;;Insgesamt;-;Anzahl;W1;Personenkraftwagen nach Kraftstoffarten
46251;;;;2026-01-01;KREISE;;15268;;KLASS;;A1;Benzin;-;Anzahl;W1;Personenkraftwagen nach Kraftstoffarten
46251;;;;2026-01-01;KREISE;;15268;;KLASS;;A2;Diesel;-;Anzahl;W1;Personenkraftwagen nach Kraftstoffarten
46251;;;;2026-01-01;KREISE;;15268;;KLASS;;A3;Gas (einschl. bivalent);-;Anzahl;W1;Personenkraftwagen nach Kraftstoffarten
46251;;;;2026-01-01;KREISE;;15268;;KLASS;;A4;Hybrid;-;Anzahl;W1;Personenkraftwagen nach Kraftstoffarten
46251;;;;2026-01-01;KREISE;;15268;;KLASS;;A5;darunter Plug-In-Hybrid;-;Anzahl;W1;Personenkraftwagen nach Kraftstoffarten
46251;;;;2026-01-01;KREISE;;15268;;KLASS;;A6;Elektro;-;Anzahl;W1;Personenkraftwagen nach Kraftstoffarten
46251;;;;2026-01-01;KREISE;;15268;;KLASS;;A7;sonstige Kraftstoffarten;-;Anzahl;W1;Personenkraftwagen nach Kraftstoffarten
46251;;;;2026-01-01;KREISE;;15303;Magdeburg, kreisfreie Stadt;KLASS;;;Insgesamt;-;Anzahl;W1;Personenkraftwagen nach Kraftstoffarten
46251;;;;2026-01-01;KREISE;;15303;;KLASS;;A1;Benzin;-;Anzahl;W1;Personenkraftwagen nach Kraftstoffarten
46251;;;;2026-01-01;KREISE;;15303;;KLASS;;A2;Diesel;-;Anzahl;W1;Personenkraftwagen nach Kraftstoffarten
46251;;;;2026-01-01;KREISE;;15303;;KLASS;;A3;Gas (einschl. bivalent);-;Anzahl;W1;Personenkraftwagen nach Kraftstoffarten
46251;;;;2026-01-01;KREISE;;15303;;KLASS;;A4;Hybrid;-;Anzahl;W1;Personenkraftwagen nach Kraftstoffarten
46251;;;;2026-01-01;KREISE;;15303;;KLASS;;A5;darunter Plug-In-Hybrid;-;Anzahl;W1;Personenkraftwagen nach Kraftstoffarten
46251;;;;2026-01-01;KREISE;;15303;;KLASS;;A6;Elektro;-;Anzahl;W1;Personenkraftwagen nach Kraftstoffarten
46251;;;;2026-01-01;KREISE;;15303;;KLASS;;A7;sonstige Kraftstoffarten;-;Anzahl;W1;Personenkraftwagen nach Kraftstoffarten
46251;;;;2026-01-01;KREISE;;15352;Aschersleben-Staßfurt, Kreis;KLASS;;;Insgesamt;-;Anzahl;W1;Personenkraftwagen nach Kraftstoffarten
46251;;;;2026-01-01;KREISE;;15352;;KLASS;;A1;Benzin;-;Anzahl;W1;Personenkraftwagen nach Kraftstoffarten
46251;;;;2026-01-01;KREISE;;15352;;KLASS;;A2;Diesel;-;Anzahl;W1;Personenkraftwagen nach Kraftstoffarten
46251;;;;2026-01-01;KREISE;;15352;;KLASS;;A3;Gas (einschl. bivalent);-;Anzahl;W1;Personenkraftwagen nach Kraftstoffarten
46251;;;;2026-01-01;KREISE;;15352;;KLASS;;A4;Hybrid;-;Anzahl;W1;Personenkraftwagen nach Kraftstoffarten
46251;;;;2026-01-01;KREISE;;15352;;KLASS;;A5;darunter Plug-In-Hybrid;-;Anzahl;W1;Personenkraftwagen nach Kraftstoffarten
46251;;;;2026-01-01;KREISE;;15352;;KLASS;;A6;Elektro;-;Anzahl;W1;Personenkraftwagen nach Kraftstoffarten
46251;;;;2026-01-01;KREISE;;15352;;KLASS;;A7;sonstige Kraftstoffarten;-;Anzahl;W1;Personenkraftwagen nach Kraftstoffarten
46251;;;;2026-01-01;KREISE;;15355;Bördekreis;KLASS;;;Insgesamt;-;Anzahl;W1;Personenkraftwagen nach Kraftstoffarten
46251;;;;2026-01-01;KREISE;;15355;;KLASS;;A1;Benzin;-;Anzahl;W1;Personenkraftwagen nach Kraftstoffarten
46251;;;;2026-01-01;KREISE;;15355;;KLASS;;A2;Diesel;-;Anzahl;W1;Personenkraftwagen nach Kraftstoffarten
46251;;;;2026-01-01;KREISE;;15355;;KLASS;;A3;Gas (einschl. bivalent);-;Anzahl;W1;Personenkraftwagen nach Kraftstoffarten
46251;;;;2026-01-01;KREISE;;15355;;KLASS;;A4;Hybrid;-;Anzahl;W1;Personenkraftwagen nach Kraftstoffarten
46251;;;;2026-01-01;KREISE;;15355;;KLASS;;A5;darunter Plug-In-Hybrid;-;Anzahl;W1;Personenkraftwagen nach Kraftstoffarten
46251;;;;2026-01-01;KREISE;;15355;;KLASS;;A6;Elektro;-;Anzahl;W1;Personenkraftwagen nach Kraftstoffarten
46251;;;;2026-01-01;KREISE;;15355;;KLASS;;A7;sonstige Kraftstoffarten;-;Anzahl;W1;Personenkraftwagen nach Kraftstoffarten
46251;;;;2026-01-01;KREISE;;15357;Halberstadt, Kreis;KLASS;;;Insgesamt;-;Anzahl;W1;Personenkraftwagen nach Kraftstoffarten
46251;;;;2026-01-01;KREISE;;15357;;KLASS;;A1;Benzin;-;Anzahl;W1;Personenkraftwagen nach Kraftstoffarten
46251;;;;2026-01-01;KREISE;;15357;;KLASS;;A2;Diesel;-;Anzahl;W1;Personenkraftwagen nach Kraftstoffarten
46251;;;;2026-01-01;KREISE;;15357;;KLASS;;A3;Gas (einschl. bivalent);-;Anzahl;W1;Personenkraftwagen nach Kraftstoffarten
46251;;;;2026-01-01;KREISE;;15357;;KLASS;;A4;Hybrid;-;Anzahl;W1;Personenkraftwagen nach Kraftstoffarten
46251;;;;2026-01-01;KREISE;;15357;;KLASS;;A5;darunter Plug-In-Hybrid;-;Anzahl;W1;Personenkraftwagen nach Kraftstoffarten
46251;;;;2026-01-01;KREISE;;15357;;KLASS;;A6;Elektro;-;Anzahl;W1;Personenkraftwagen nach Kraftstoffarten
46251;;;;2026-01-01;KREISE;;15357;;KLASS;;A7;sonstige Kraftstoffarten;-;Anzahl;W1;Personenkraftwagen nach Kraftstoffarten
46251;;;;2026-01-01;KREISE;;15358;Jerichower Land, Kreis;KLASS;;;Insgesamt;-;Anzahl;W1;Personenkraftwagen nach Kraftstoffarten
46251;;;;2026-01-01;KREISE;;15358;;KLASS;;A1;Benzin;-;Anzahl;W1;Personenkraftwagen nach Kraftstoffarten
46251;;;;2026-01-01;KREISE;;15358;;KLASS;;A2;Diesel;-;Anzahl;W1;Personenkraftwagen nach Kraftstoffarten
46251;;;;2026-01-01;KREISE;;15358;;KLASS;;A3;Gas (einschl. bivalent);-;Anzahl;W1;Personenkraftwagen nach Kraftstoffarten
46251;;;;2026-01-01;KREISE;;15358;;KLASS;;A4;Hybrid;-;Anzahl;W1;Personenkraftwagen nach Kraftstoffarten
46251;;;;2026-01-01;KREISE;;15358;;KLASS;;A5;darunter Plug-In-Hybrid;-;Anzahl;W1;Personenkraftwagen nach Kraftstoffarten
46251;;;;2026-01-01;KREISE;;15358;;KLASS;;A6;Elektro;-;Anzahl;W1;Personenkraftwagen nach Kraftstoffarten
46251;;;;2026-01-01;KREISE;;15358;;KLASS;;A7;sonstige Kraftstoffarten;-;Anzahl;W1;Personenkraftwagen nach Kraftstoffarten
46251;;;;2026-01-01;KREISE;;15362;Ohrekreis;KLASS;;;Insgesamt;-;Anzahl;W1;Personenkraftwagen nach Kraftstoffarten
46251;;;;2026-01-01;KREISE;;15362;;KLASS;;A1;Benzin;-;Anzahl;W1;Personenkraftwagen nach Kraftstoffarten
46251;;;;2026-01-01;KREISE;;15362;;KLASS;;A2;Diesel;-;Anzahl;W1;Personenkraftwagen nach Kraftstoffarten
46251;;;;2026-01-01;KREISE;;15362;;KLASS;;A3;Gas (einschl. bivalent);-;Anzahl;W1;Personenkraftwagen nach Kraftstoffarten
46251;;;;2026-01-01;KREISE;;15362;;KLASS;;A4;Hybrid;-;Anzahl;W1;Personenkraftwagen nach Kraftstoffarten
46251;;;;2026-01-01;KREISE;;15362;;KLASS;;A5;darunter Plug-In-Hybrid;-;Anzahl;W1;Personenkraftwagen nach Kraftstoffarten
46251;;;;2026-01-01;KREISE;;15362;;KLASS;;A6;Elektro;-;Anzahl;W1;Personenkraftwagen nach Kraftstoffarten
46251;;;;2026-01-01;KREISE;;15362;;KLASS;;A7;sonstige Kraftstoffarten;-;Anzahl;W1;Personenkraftwagen nach Kraftstoffarten
46251;;;;2026-01-01;KREISE;;15363;Stendal, Kreis;KLASS;;;Insgesamt;-;Anzahl;W1;Personenkraftwagen nach Kraftstoffarten
46251;;;;2026-01-01;KREISE;;15363;;KLASS;;A1;Benzin;-;Anzahl;W1;Personenkraftwagen nach Kraftstoffarten
46251;;;;2026-01-01;KREISE;;15363;;KLASS;;A2;Diesel;-;Anzahl;W1;Personenkraftwagen nach Kraftstoffarten
46251;;;;2026-01-01;KREISE;;15363;;KLASS;;A3;Gas (einschl. bivalent);-;Anzahl;W1;Personenkraftwagen nach Kraftstoffarten
46251;;;;2026-01-01;KREISE;;15363;;KLASS;;A4;Hybrid;-;Anzahl;W1;Personenkraftwagen nach Kraftstoffarten
46251;;;;2026-01-01;KREISE;;15363;;KLASS;;A5;darunter Plug-In-Hybrid;-;Anzahl;W1;Personenkraftwagen nach Kraftstoffarten
46251;;;;2026-01-01;KREISE;;15363;;KLASS;;A6;Elektro;-;Anzahl;W1;Personenkraftwagen nach Kraftstoffarten
46251;;;;2026-01-01;KREISE;;15363;;KLASS;;A7;sonstige Kraftstoffarten;-;Anzahl;W1;Personenkraftwagen nach Kraftstoffarten
46251;;;;2026-01-01;KREISE;;15364;Quedlinburg, Kreis;KLASS;;;Insgesamt;-;Anzahl;W1;Personenkraftwagen nach Kraftstoffarten
46251;;;;2026-01-01;KREISE;;15364;;KLASS;;A1;Benzin;-;Anzahl;W1;Personenkraftwagen nach Kraftstoffarten
46251;;;;2026-01-01;KREISE;;15364;;KLASS;;A2;Diesel;-;Anzahl;W1;Personenkraftwagen nach Kraftstoffarten
46251;;;;2026-01-01;KREISE;;15364;;KLASS;;A3;Gas (einschl. bivalent);-;Anzahl;W1;Personenkraftwagen nach Kraftstoffarten
46251;;;;2026-01-01;KREISE;;15364;;KLASS;;A4;Hybrid;-;Anzahl;W1;Personenkraftwagen nach Kraftstoffarten
46251;;;;2026-01-01;KREISE;;15364;;KLASS;;A5;darunter Plug-In-Hybrid;-;Anzahl;W1;Personenkraftwagen nach Kraftstoffarten
46251;;;;2026-01-01;KREISE;;15364;;KLASS;;A6;Elektro;-;Anzahl;W1;Personenkraftwagen nach Kraftstoffarten
46251;;;;2026-01-01;KREISE;;15364;;KLASS;;A7;sonstige Kraftstoffarten;-;Anzahl;W1;Personenkraftwagen nach Kraftstoffarten
46251;;;;2026-01-01;KREISE;;15367;Schönebeck, Kreis;KLASS;;;Insgesamt;-;Anzahl;W1;Personenkraftwagen nach Kraftstoffarten
46251;;;;2026-01-01;KREISE;;15367;;KLASS;;A1;Benzin;-;Anzahl;W1;Personenkraftwagen nach Kraftstoffarten
46251;;;;2026-01-01;KREISE;;15367;;KLASS;;A2;Diesel;-;Anzahl;W1;Personenkraftwagen nach Kraftstoffarten
46251;;;;2026-01-01;KREISE;;15367;;KLASS;;A3;Gas (einschl. bivalent);-;Anzahl;W1;Personenkraftwagen nach Kraftstoffarten
46251;;;;2026-01-01;KREISE;;15367;;KLASS;;A4;Hybrid;-;Anzahl;W1;Personenkraftwagen nach Kraftstoffarten
46251;;;;2026-01-01;KREISE;;15367;;KLASS;;A5;darunter Plug-In-Hybrid;-;Anzahl;W1;Personenkraftwagen nach Kraftstoffarten
46251;;;;2026-01-01;KREISE;;15367;;KLASS;;A6;Elektro;-;Anzahl;W1;Personenkraftwagen nach Kraftstoffarten
46251;;;;2026-01-01;KREISE;;15367;;KLASS;;A7;sonstige Kraftstoffarten;-;Anzahl;W1;Personenkraftwagen nach Kraftstoffarten
46251;;;;2026-01-01;KREISE;;15369;Wernigerode, Kreis;KLASS;;;Insgesamt;-;Anzahl;W1;Personenkraftwagen nach Kraftstoffarten
46251;;;;2026-01-01;KREISE;;15369;;KLASS;;A1;Benzin;-;Anzahl;W1;Personenkraftwagen nach Kraftstoffarten
46251;;;;2026-01-01;KREISE;;15369;;KLASS;;A2;Diesel;-;Anzahl;W1;Personenkraftwagen nach Kraftstoffarten
46251;;;;2026-01-01;KREISE;;15369;;KLASS;;A3;Gas (einschl. bivalent);-;Anzahl;W1;Personenkraftwagen nach Kraftstoffarten
46251;;;;2026-01-01;KREISE;;15369;;KLASS;;A4;Hybrid;-;Anzahl;W1;Personenkraftwagen nach Kraftstoffarten
46251;;;;2026-01-01;KREISE;;15369;;KLASS;;A5;darunter Plug-In-Hybrid;-;Anzahl;W1;Personenkraftwagen nach Kraftstoffarten
46251;;;;2026-01-01;KREISE;;15369;;KLASS;;A6;Elektro;-;Anzahl;W1;Personenkraftwagen nach Kraftstoffarten
46251;;;;2026-01-01;KREISE;;15369;;KLASS;;A7;sonstige Kraftstoffarten;-;Anzahl;W1;Personenkraftwagen nach Kraftstoffarten
46251;;;;2026-01-01;KREISE;;15370;Altmarkkreis Salzwedel, Kreis;KLASS;;;Insgesamt;-;Anzahl;W1;Personenkraftwagen nach Kraftstoffarten
46251;;;;2026-01-01;KREISE;;15370;;KLASS;;A1;Benzin;-;Anzahl;W1;Personenkraftwagen nach Kraftstoffarten
46251;;;;2026-01-01;KREISE;;15370;;KLASS;;A2;Diesel;-;Anzahl;W1;Personenkraftwagen nach Kraftstoffarten
46251;;;;2026-01-01;KREISE;;15370;;KLASS;;A3;Gas (einschl. bivalent);-;Anzahl;W1;Personenkraftwagen nach Kraftstoffarten
46251;;;;2026-01-01;KREISE;;15370;;KLASS;;A4;Hybrid;-;Anzahl;W1;Personenkraftwagen nach Kraftstoffarten
46251;;;;2026-01-01;KREISE;;15370;;KLASS;;A5;darunter Plug-In-Hybrid;-;Anzahl;W1;Personenkraftwagen nach Kraftstoffarten
46251;;;;2026-01-01;KREISE;;15370;;KLASS;;A6;Elektro;-;Anzahl;W1;Personenkraftwagen nach Kraftstoffarten
46251;;;;2026-01-01;KREISE;;15370;;KLASS;;A7;sonstige Kraftstoffarten;-;Anzahl;W1;Personenkraftwagen nach Kraftstoffarten
46251;;;;2026-01-01;KREISE;;16051;Erfurt, kreisfreie Stadt;KLASS;;;Insgesamt;98561;Anzahl;W1;Personenkraftwagen nach Kraftstoffarten
46251;;;;2026-01-01;KREISE;;16051;;KLASS;;A1;Benzin;60192;Anzahl;W1;Personenkraftwagen nach Kraftstoffarten
46251;;;;2026-01-01;KREISE;;16051;;KLASS;;A2;Diesel;25271;Anzahl;W1;Personenkraftwagen nach Kraftstoffarten
46251;;;;2026-01-01;KREISE;;16051;;KLASS;;A3;Gas (einschl. bivalent);520;Anzahl;W1;Personenkraftwagen nach Kraftstoffarten
46251;;;;2026-01-01;KREISE;;16051;;KLASS;;A4;Hybrid;9225;Anzahl;W1;Personenkraftwagen nach Kraftstoffarten
46251;;;;2026-01-01;KREISE;;16051;;KLASS;;A5;darunter Plug-In-Hybrid;1976;Anzahl;W1;Personenkraftwagen nach Kraftstoffarten
46251;;;;2026-01-01;KREISE;;16051;;KLASS;;A6;Elektro;3325;Anzahl;W1;Personenkraftwagen nach Kraftstoffarten
46251;;;;2026-01-01;KREISE;;16051;;KLASS;;A7;sonstige Kraftstoffarten;28;Anzahl;W1;Personenkraftwagen nach Kraftstoffarten
46251;;;;2026-01-01;KREISE;;16051;;;;;;453,9;;PKWEW;Pkw je 1.000 Einwohner, berechnet
46251;;;;2026-01-01;KREISE;;16051;;KLASS;;A1;Benzin;61,1;%;PKWANT;Anteil am Pkw-Bestand, berechnet
46251;;;;2026-01-01;KREISE;;16051;;KLASS;;A2;Diesel;25,6;%;PKWANT;Anteil am Pkw-Bestand, berechnet
46251;;;;2026-01-01;KREISE;;16051;;KLASS;;A3;Gas (einschl. bivalent);0,5;%;PKWANT;Anteil am Pkw-Bestand, berechnet
46251;;;;2026-01-01;KREISE;;16051;;KLASS;;A4;Hybrid;9,4;%;PKWANT;Anteil am Pkw-Bestand, berechnet
46251;;;;2026-01-01;KREISE;;16051;;KLASS;;A5;darunter Plug-In-Hybrid;2,0;%;PKWANT;Anteil am Pkw-Bestand, berechnet
46251;;;;2026-01-01;KREISE;;16051;;KLASS;;A6;Elektro;3,4;%;PKWANT;Anteil am Pkw-Bestand, berechnet
46251;;;;2026-01-01;KREISE;;16051;;KLASS;;A7;sonstige Kraftstoffarten;0,0;%;PKWANT;Anteil am Pkw-Bestand, berechnet
46251;;;;2026-01-01;KREISE;;16052;Gera, kreisfreie Stadt;KLASS;;;Insgesamt;45803;Anzahl;W1;Personenkraftwagen nach Kraftstoffarten
46251;;;;2026-01-01;KREISE;;16052;;KLASS;;A1;Benzin;29436;Anzahl;W1;Personenkraftwagen nach Kraftstoffarten
46251;;;;2026-01-01;KREISE;;16052;;KLASS;;A2;Diesel;10900;Anzahl;W1;Personenkraftwagen nach Kraftstoffarten
46251;;;;2026-01-01;KREISE;;16052;;KLASS;;A3;Gas (einschl. bivalent);204;Anzahl;W1;Personenkraftwagen nach Kraftstoffarten
46251;;;;2026-01-01;KREISE;;16052;;KLASS;;A4;Hybrid;4323;Anzahl;W1;Personenkraftwagen nach Kraftstoffarten
46251;;;;2026-01-01;KREISE;;16052;;KLASS;;A5;darunter Plug-In-Hybrid;712;Anzahl;W1;Personenkraftwagen nach Kraftstoffarten
46251;;;;2026-01-01;KREISE;;16052;;KLASS;;A6;Elektro;928;Anzahl;W1;Personenkraftwagen nach Kraftstoffarten
46251;;;;2026-01-01;KREISE;;16052;;KLASS;;A7;sonstige Kraftstoffarten;12;Anzahl;W1;Personenkraftwagen nach Kraftstoffarten
46251;;;;2026-01-01;KREISE;;16052;;;;;;481,3;;PKWEW;Pkw je 1.000 Einwohner, berechnet
46251;;;;2026-01-01;KREISE;;16052;;KLASS;;A1;Benzin;64,3;%;PKWANT;Anteil am Pkw-Bestand, berechnet
46251;;;;2026-01-01;KREISE;;16052;;KLASS;;A2;Diesel;23,8;%;PKWANT;Anteil am Pkw-Bestand, berechnet
46251;;;;2026-01-01;KREISE;;16052;;KLASS;;A3;Gas (einschl. bivalent);0,4;%;PKWANT;Anteil am Pkw-Bestand, berechnet
46251;;;;2026-01-01;KREISE;;16052;;KLASS;;A4;Hybrid;9,4;%;PKWANT;Anteil am Pkw-Bestand, berechnet
46251;;;;2026-01-01;KREISE;;16052;;KLASS;;A5;darunter Plug-In-Hybrid;1,6;%;PKWANT;Anteil am Pkw-Bestand, berechnet
46251;;;;2026-01-01;KREISE;;16052;;KLASS;;A6;Elektro;2,0;%;PKWANT;Anteil am Pkw-Bestand, berechnet
46251;;;;2026-01-01;KREISE;;16052;;KLASS;;A7;sonstige Kraftstoffarten;0,0;%;PKWANT;Anteil am Pkw-Bestand, berechnet
46251;;;;2026-01-01;KREISE;;16053;Jena, kreisfreie Stadt;KLASS;;;Insgesamt;44928;Anzahl;W1;Personenkraftwagen nach Kraftstoffarten
46251;;;;2026-01-01;KREISE;;16053;;KLASS;;A1;Benzin;26791;Anzahl;W1;Personenkraftwagen nach Kraftstoffarten
46251;;;;2026-01-01;KREISE;;16053;;KLASS;;A2;Diesel;11929;Anzahl;W1;Personenkraftwagen nach Kraftstoffarten
46251;;;;2026-01-01;KREISE;;16053;;KLASS;;A3;Gas (einschl. bivalent);224;Anzahl;W1;Personenkraftwagen nach Kraftstoffarten
46251;;;;2026-01-01;KREISE;;16053;;KLASS;;A4;Hybrid;4538;Anzahl;W1;Personenkraftwagen nach Kraftstoffarten
46251;;;;2026-01-01;KREISE;;16053;;KLASS;;A5;darunter Plug-In-Hybrid;968;Anzahl;W1;Personenkraftwagen nach Kraftstoffarten
46251;;;;2026-01-01;KREISE;;16053;;KLASS;;A6;Elektro;1434;Anzahl;W1;Personenkraftwagen nach Kraftstoffarten
46251;;;;2026-01-01;KREISE;;16053;;KLASS;;A7;sonstige Kraftstoffarten;12;Anzahl;W1;Personenkraftwagen nach Kraftstoffarten
46251;;;;2026-01-01;KREISE;;16053;;;;;;410,9;;PKWEW;Pkw je 1.000 Einwohner, berechnet
46251;;;;2026-01-01;KREISE;;16053;;KLASS;;A1;Benzin;59,6;%;PKWANT;Anteil am Pkw-Bestand, berechnet
46251;;;;2026-01-01;KREISE;;16053;;KLASS;;A2;Diesel;26,6;%;PKWANT;Anteil am Pkw-Bestand, berechnet
46251;;;;2026-01-01;KREISE;;16053;;KLASS;;A3;Gas (einschl. bivalent);0,5;%;PKWANT;Anteil am Pkw-Bestand, berechnet
46251;;;;2026-01-01;KREISE;;16053;;KLASS;;A4;Hybrid;10,1;%;PKWANT;Anteil am Pkw-Bestand, berechnet
46251;;;;2026-01-01;KREISE;;16053;;KLASS;;A5;darunter Plug-In-Hybrid;2,2;%;PKWANT;Anteil am Pkw-Bestand, berechnet
46251;;;;2026-01-01;KREISE;;16053;;KLASS;;A6;Elektro;3,2;%;PKWANT;Anteil am Pkw-Bestand, berechnet
46251;;;;2026-01-01;KREISE;;16053;;KLASS;;A7;sonstige Kraftstoffarten;0,0;%;PKWANT;Anteil am Pkw-Bestand, berechnet
46251;;;;2026-01-01;KREISE;;16054;Suhl, kreisfreie Stadt;KLASS;;;Insgesamt;19208;Anzahl;W1;Personenkraftwagen nach Kraftstoffarten
46251;;;;2026-01-01;KREISE;;16054;;KLASS;;A1;Benzin;11815;Anzahl;W1;Personenkraftwagen nach Kraftstoffarten
46251;;;;2026-01-01;KREISE;;16054;;KLASS;;A2;Diesel;4930;Anzahl;W1;Personenkraftwagen nach Kraftstoffarten
46251;;;;2026-01-01;KREISE;;16054;;KLASS;;A3;Gas (einschl. bivalent);104;Anzahl;W1;Personenkraftwagen nach Kraftstoffarten
46251;;;;2026-01-01;KREISE;;16054;;KLASS;;A4;Hybrid;1932;Anzahl;W1;Personenkraftwagen nach Kraftstoffarten
46251;;;;2026-01-01;KREISE;;16054;;KLASS;;A5;darunter Plug-In-Hybrid;304;Anzahl;W1;Personenkraftwagen nach Kraftstoffarten
46251;;;;2026-01-01;KREISE;;16054;;KLASS;;A6;Elektro;421;Anzahl;W1;Personenkraftwagen nach Kraftstoffarten
46251;;;;2026-01-01;KREISE;;16054;;KLASS;;A7;sonstige Kraftstoffarten;6;Anzahl;W1;Personenkraftwagen nach Kraftstoffarten
46251;;;;2026-01-01;KREISE;;16054;;;;;;565,3;;PKWEW;Pkw je 1.000 Einwohner, berechnet
46251;;;;2026-01-01;KREISE;;16054;;KLASS;;A1;Benzin;61,5;%;PKWANT;Anteil am Pkw-Bestand, berechnet
46251;;;;2026-01-01;KREISE;;16054;;KLASS;;A2;Diesel;25,7;%;PKWANT;Anteil am Pkw-Bestand, berechnet
46251;;;;2026-01-01;KREISE;;16054;;KLASS;;A3;Gas (einschl. bivalent);0,5;%;PKWANT;Anteil am Pkw-Bestand, berechnet
46251;;;;2026-01-01;KREISE;;16054;;KLASS;;A4;Hybrid;10,1;%;PKWANT;Anteil am Pkw-Bestand, berechnet
46251;;;;2026-01-01;KREISE;;16054;;KLASS;;A5;darunter Plug-In-Hybrid;1,6;%;PKWANT;Anteil am Pkw-Bestand, berechnet
46251;;;;2026-01-01;KREISE;;16054;;KLASS;;A6;Elektro;2,2;%;PKWANT;Anteil am Pkw-Bestand, berechnet
46251;;;;2026-01-01;KREISE;;16054;;KLASS;;A7;sonstige Kraftstoffarten;0,0;%;PKWANT;Anteil am Pkw-Bestand, berechnet
46251;;;;2026-01-01;KREISE;;16055;Weimar, kreisfreie Stadt;KLASS;;;Insgesamt;30307;Anzahl;W1;Personenkraftwagen nach Kraftstoffarten
46251;;;;2026-01-01;KREISE;;16055;;KLASS;;A1;Benzin;18614;Anzahl;W1;Personenkraftwagen nach Kraftstoffarten
46251;;;;2026-01-01;KREISE;;16055;;KLASS;;A2;Diesel;7830;Anzahl;W1;Personenkraftwagen nach Kraftstoffarten
46251;;;;2026-01-01;KREISE;;16055;;KLASS;;A3;Gas (einschl. bivalent);159;Anzahl;W1;Personenkraftwagen nach Kraftstoffarten
46251;;;;2026-01-01;KREISE;;16055;;KLASS;;A4;Hybrid;2621;Anzahl;W1;Personenkraftwagen nach Kraftstoffarten
46251;;;;2026-01-01;KREISE;;16055;;KLASS;;A5;darunter Plug-In-Hybrid;573;Anzahl;W1;Personenkraftwagen nach Kraftstoffarten
46251;;;;2026-01-01;KREISE;;16055;;KLASS;;A6;Elektro;1075;Anzahl;W1;Personenkraftwagen nach Kraftstoffarten
46251;;;;2026-01-01;KREISE;;16055;;KLASS;;A7;sonstige Kraftstoffarten;8;Anzahl;W1;Personenkraftwagen nach Kraftstoffarten
46251;;;;2026-01-01;KREISE;;16055;;;;;;462,2;;PKWEW;Pkw je 1.000 Einwohner, berechnet
46251;;;;2026-01-01;KREISE;;16055;;KLASS;;A1;Benzin;61,4;%;PKWANT;Anteil am Pkw-Bestand, berechnet
46251;;;;2026-01-01;KREISE;;16055;;KLASS;;A2;Diesel;25,8;%;PKWANT;Anteil am Pkw-Bestand, berechnet
46251;;;;2026-01-01;KREISE;;16055;;KLASS;;A3;Gas (einschl. bivalent);0,5;%;PKWANT;Anteil am Pkw-Bestand, berechnet
46251;;;;2026-01-01;KREISE;;16055;;KLASS;;A4;Hybrid;8,6;%;PKWANT;Anteil am Pkw-Bestand, berechnet
46251;;;;2026-01-01;KREISE;;16055;;KLASS;;A5;darunter Plug-In-Hybrid;1,9;%;PKWANT;Anteil am Pkw-Bestand, berechnet
46251;;;;2026-01-01;KREISE;;16055;;KLASS;;A6;Elektro;3,5;%;PKWANT;Anteil am Pkw-Bestand, berechnet
46251;;;;2026-01-01;KREISE;;16055;;KLASS;;A7;sonstige Kraftstoffarten;0,0;%;PKWANT;Anteil am Pkw-Bestand, berechnet
46251;;;;2026-01-01;KREISE;;16056;Eisenach, kreisfreie Stadt;KLASS;;;Insgesamt;-;Anzahl;W1;Personenkraftwagen nach Kraftstoffarten
46251;;;;2026-01-01;KREISE;;16056;;KLASS;;A1;Benzin;-;Anzahl;W1;Personenkraftwagen nach Kraftstoffarten
46251;;;;2026-01-01;KREISE;;16056;;KLASS;;A2;Diesel;-;Anzahl;W1;Personenkraftwagen nach Kraftstoffarten
46251;;;;2026-01-01;KREISE;;16056;;KLASS;;A3;Gas (einschl. bivalent);-;Anzahl;W1;Personenkraftwagen nach Kraftstoffarten
46251;;;;2026-01-01;KREISE;;16056;;KLASS;;A4;Hybrid;-;Anzahl;W1;Personenkraftwagen nach Kraftstoffarten
46251;;;;2026-01-01;KREISE;;16056;;KLASS;;A5;darunter Plug-In-Hybrid;-;Anzahl;W1;Personenkraftwagen nach Kraftstoffarten
46251;;;;2026-01-01;KREISE;;16056;;KLASS;;A6;Elektro;-;Anzahl;W1;Personenkraftwagen nach Kraftstoffarten
46251;;;;2026-01-01;KREISE;;16056;;KLASS;;A7;sonstige Kraftstoffarten;-;Anzahl;W1;Personenkraftwagen nach Kraftstoffarten
46251;;;;2026-01-01;KREISE;;16061;Eichsfeld, Landkreis;KLASS;;;Insgesamt;65134;Anzahl;W1;Personenkraftwagen nach Kraftstoffarten
46251;;;;2026-01-01;KREISE;;16061;;KLASS;;A1;Benzin;37876;Anzahl;W1;Personenkraftwagen nach Kraftstoffarten
46251;;;;2026-01-01;KREISE;;16061;;KLASS;;A2;Diesel;20442;Anzahl;W1;Personenkraftwagen nach Kraftstoffarten
46251;;;;2026-01-01;KREISE;;16061;;KLASS;;A3;Gas (einschl. bivalent);401;Anzahl;W1;Personenkraftwagen nach Kraftstoffarten
46251;;;;2026-01-01;KREISE;;16061;;KLASS;;A4;Hybrid;4450;Anzahl;W1;Personenkraftwagen nach Kraftstoffarten
46251;;;;2026-01-01;KREISE;;16061;;KLASS;;A5;darunter Plug-In-Hybrid;1166;Anzahl;W1;Personenkraftwagen nach Kraftstoffarten
46251;;;;2026-01-01;KREISE;;16061;;KLASS;;A6;Elektro;1952;Anzahl;W1;Personenkraftwagen nach Kraftstoffarten
46251;;;;2026-01-01;KREISE;;16061;;KLASS;;A7;sonstige Kraftstoffarten;13;Anzahl;W1;Personenkraftwagen nach Kraftstoffarten
46251;;;;2026-01-01;KREISE;;16061;;;;;;633,8;;PKWEW;Pkw je 1.000 Einwohner, berechnet
46251;;;;2026-01-01;KREISE;;16061;;KLASS;;A1;Benzin;58,2;%;PKWANT;Anteil am Pkw-Bestand, berechnet
46251;;;;2026-01-01;KREISE;;16061;;KLASS;;A2;Diesel;31,4;%;PKWANT;Anteil am Pkw-Bestand, berechnet
46251;;;;2026-01-01;KREISE;;16061;;KLASS;;A3;Gas (einschl. bivalent);0,6;%;PKWANT;Anteil am Pkw-Bestand, berechnet
46251;;;;2026-01-01;KREISE;;16061;;KLASS;;A4;Hybrid;6,8;%;PKWANT;Anteil am Pkw-Bestand, berechnet
46251;;;;2026-01-01;KREISE;;16061;;KLASS;;A5;darunter Plug-In-Hybrid;1,8;%;PKWANT;Anteil am Pkw-Bestand, berechnet
46251;;;;2026-01-01;KREISE;;16061;;KLASS;;A6;Elektro;3,0;%;PKWANT;Anteil am Pkw-Bestand, berechnet
46251;;;;2026-01-01;KREISE;;16061;;KLASS;;A7;sonstige Kraftstoffarten;0,0;%;PKWANT;Anteil am Pkw-Bestand, berechnet
46251;;;;2026-01-01;KREISE;;16062;Nordhausen, Landkreis;KLASS;;;Insgesamt;47358;Anzahl;W1;Personenkraftwagen nach Kraftstoffarten
46251;;;;2026-01-01;KREISE;;16062;;KLASS;;A1;Benzin;30057;Anzahl;W1;Personenkraftwagen nach Kraftstoffarten
46251;;;;2026-01-01;KREISE;;16062;;KLASS;;A2;Diesel;12789;Anzahl;W1;Personenkraftwagen nach Kraftstoffarten
46251;;;;2026-01-01;KREISE;;16062;;KLASS;;A3;Gas (einschl. bivalent);198;Anzahl;W1;Personenkraftwagen nach Kraftstoffarten
46251;;;;2026-01-01;KREISE;;16062;;KLASS;;A4;Hybrid;3405;Anzahl;W1;Personenkraftwagen nach Kraftstoffarten
46251;;;;2026-01-01;KREISE;;16062;;KLASS;;A5;darunter Plug-In-Hybrid;641;Anzahl;W1;Personenkraftwagen nach Kraftstoffarten
46251;;;;2026-01-01;KREISE;;16062;;KLASS;;A6;Elektro;888;Anzahl;W1;Personenkraftwagen nach Kraftstoffarten
46251;;;;2026-01-01;KREISE;;16062;;KLASS;;A7;sonstige Kraftstoffarten;21;Anzahl;W1;Personenkraftwagen nach Kraftstoffarten
46251;;;;2026-01-01;KREISE;;16062;;;;;;594,2;;PKWEW;Pkw je 1.000 Einwohner, berechnet
46251;;;;2026-01-01;KREISE;;16062;;KLASS;;A1;Benzin;63,5;%;PKWANT;Anteil am Pkw-Bestand, berechnet
46251;;;;2026-01-01;KREISE;;16062;;KLASS;;A2;Diesel;27,0;%;PKWANT;Anteil am Pkw-Bestand, berechnet
46251;;;;2026-01-01;KREISE;;16062;;KLASS;;A3;Gas (einschl. bivalent);0,4;%;PKWANT;Anteil am Pkw-Bestand, berechnet
46251;;;;2026-01-01;KREISE;;16062;;KLASS;;A4;Hybrid;7,2;%;PKWANT;Anteil am Pkw-Bestand, berechnet
46251;;;;2026-01-01;KREISE;;16062;;KLASS;;A5;darunter Plug-In-Hybrid;1,4;%;PKWANT;Anteil am Pkw-Bestand, berechnet
46251;;;;2026-01-01;KREISE;;16062;;KLASS;;A6;Elektro;1,9;%;PKWANT;Anteil am Pkw-Bestand, berechnet
46251;;;;2026-01-01;KREISE;;16062;;KLASS;;A7;sonstige Kraftstoffarten;0,0;%;PKWANT;Anteil am Pkw-Bestand, berechnet
46251;;;;2026-01-01;KREISE;;16063;Wartburgkreis;KLASS;;;Insgesamt;95367;Anzahl;W1;Personenkraftwagen nach Kraftstoffarten
46251;;;;2026-01-01;KREISE;;16063;;KLASS;;A1;Benzin;59502;Anzahl;W1;Personenkraftwagen nach Kraftstoffarten
46251;;;;2026-01-01;KREISE;;16063;;KLASS;;A2;Diesel;26274;Anzahl;W1;Personenkraftwagen nach Kraftstoffarten
46251;;;;2026-01-01;KREISE;;16063;;KLASS;;A3;Gas (einschl. bivalent);535;Anzahl;W1;Personenkraftwagen nach Kraftstoffarten
46251;;;;2026-01-01;KREISE;;16063;;KLASS;;A4;Hybrid;7150;Anzahl;W1;Personenkraftwagen nach Kraftstoffarten
46251;;;;2026-01-01;KREISE;;16063;;KLASS;;A5;darunter Plug-In-Hybrid;1442;Anzahl;W1;Personenkraftwagen nach Kraftstoffarten
46251;;;;2026-01-01;KREISE;;16063;;KLASS;;A6;Elektro;1885;Anzahl;W1;Personenkraftwagen nach Kraftstoffarten
46251;;;;2026-01-01;KREISE;;16063;;KLASS;;A7;sonstige Kraftstoffarten;21;Anzahl;W1;Personenkraftwagen nach Kraftstoffarten
46251;;;;2026-01-01;KREISE;;16063;;;;;;621,9;;PKWEW;Pkw je 1.000 Einwohner, berechnet
46251;;;;2026-01-01;KREISE;;16063;;KLASS;;A1;Benzin;62,4;%;PKWANT;Anteil am Pkw-Bestand, berechnet
46251;;;;2026-01-01;KREISE;;16063;;KLASS;;A2;Diesel;27,6;%;PKWANT;Anteil am Pkw-Bestand, berechnet
46251;;;;2026-01-01;KREISE;;16063;;KLASS;;A3;Gas (einschl. bivalent);0,6;%;PKWANT;Anteil am Pkw-Bestand, berechnet
46251;;;;2026-01-01;KREISE;;16063;;KLASS;;A4;Hybrid;7,5;%;PKWANT;Anteil am Pkw-Bestand, berechnet
46251;;;;2026-01-01;KREISE;;16063;;KLASS;;A5;darunter Plug-In-Hybrid;1,5;%;PKWANT;Anteil am Pkw-Bestand, berechnet
46251;;;;2026-01-01;KREISE;;16063;;KLASS;;A6;Elektro;2,0;%;PKWANT;Anteil am Pkw-Bestand, berechnet
46251;;;;2026-01-01;KREISE;;16063;;KLASS;;A7;sonstige Kraftstoffarten;0,0;%;PKWANT;Anteil am Pkw-Bestand, berechnet
46251;;;;2026-01-01;KREISE;;16064;Unstrut-Hainich-Kreis;KLASS;;;Insgesamt;53992;Anzahl;W1;Personenkraftwagen nach Kraftstoffarten
46251;;;;2026-01-01;KREISE;;16064;;KLASS;;A1;Benzin;33409;Anzahl;W1;Personenkraftwagen nach Kraftstoffarten
46251;;;;2026-01-01;KREISE;;16064;;KLASS;;A2;Diesel;15367;Anzahl;W1;Personenkraftwagen nach Kraftstoffarten
46251;;;;2026-01-01;KREISE;;16064;;KLASS;;A3;Gas (einschl. bivalent);260;Anzahl;W1;Personenkraftwagen nach Kraftstoffarten
46251;;;;2026-01-01;KREISE;;16064;;KLASS;;A4;Hybrid;3642;Anzahl;W1;Personenkraftwagen nach Kraftstoffarten
46251;;;;2026-01-01;KREISE;;16064;;KLASS;;A5;darunter Plug-In-Hybrid;962;Anzahl;W1;Personenkraftwagen nach Kraftstoffarten
46251;;;;2026-01-01;KREISE;;16064;;KLASS;;A6;Elektro;1306;Anzahl;W1;Personenkraftwagen nach Kraftstoffarten
46251;;;;2026-01-01;KREISE;;16064;;KLASS;;A7;sonstige Kraftstoffarten;8;Anzahl;W1;Personenkraftwagen nach Kraftstoffarten
46251;;;;2026-01-01;KREISE;;16064;;;;;;577,1;;PKWEW;Pkw je 1.000 Einwohner, berechnet
46251;;;;2026-01-01;KREISE;;16064;;KLASS;;A1;Benzin;61,9;%;PKWANT;Anteil am Pkw-Bestand, berechnet
46251;;;;2026-01-01;KREISE;;16064;;KLASS;;A2;Diesel;28,5;%;PKWANT;Anteil am Pkw-Bestand, berechnet
46251;;;;2026-01-01;KREISE;;16064;;KLASS;;A3;Gas (einschl. bivalent);0,5;%;PKWANT;Anteil am Pkw-Bestand, berechnet
46251;;;;2026-01-01;KREISE;;16064;;KLASS;;A4;Hybrid;6,7;%;PKWANT;Anteil am Pkw-Bestand, berechnet
46251;;;;2026-01-01;KREISE;;16064;;KLASS;;A5;darunter Plug-In-Hybrid;1,8;%;PKWANT;Anteil am Pkw-Bestand, berechnet
46251;;;;2026-01-01;KREISE;;16064;;KLASS;;A6;Elektro;2,4;%;PKWANT;Anteil am Pkw-Bestand, berechnet
46251;;;;2026-01-01;KREISE;;16064;;KLASS;;A7;sonstige Kraftstoffarten;0,0;%;PKWANT;Anteil am Pkw-Bestand, berechnet
46251;;;;2026-01-01;KREISE;;16065;Kyffhäuserkreis;KLASS;;;Insgesamt;44001;Anzahl;W1;Personenkraftwagen nach Kraftstoffarten
46251;;;;2026-01-01;KREISE;;16065;;KLASS;;A1;Benzin;28184;Anzahl;W1;Personenkraftwagen nach Kraftstoffarten
46251;;;;2026-01-01;KREISE;;16065;;KLASS;;A2;Diesel;12225;Anzahl;W1;Personenkraftwagen nach Kraftstoffarten
46251;;;;2026-01-01;KREISE;;16065;;KLASS;;A3;Gas (einschl. bivalent);194;Anzahl;W1;Personenkraftwagen nach Kraftstoffarten
46251;;;;2026-01-01;KREISE;;16065;;KLASS;;A4;Hybrid;2732;Anzahl;W1;Personenkraftwagen nach Kraftstoffarten
46251;;;;2026-01-01;KREISE;;16065;;KLASS;;A5;darunter Plug-In-Hybrid;523;Anzahl;W1;Personenkraftwagen nach Kraftstoffarten
46251;;;;2026-01-01;KREISE;;16065;;KLASS;;A6;Elektro;658;Anzahl;W1;Personenkraftwagen nach Kraftstoffarten
46251;;;;2026-01-01;KREISE;;16065;;KLASS;;A7;sonstige Kraftstoffarten;8;Anzahl;W1;Personenkraftwagen nach Kraftstoffarten
46251;;;;2026-01-01;KREISE;;16065;;;;;;622,9;;PKWEW;Pkw je 1.000 Einwohner, berechnet
46251;;;;2026-01-01;KREISE;;16065;;KLASS;;A1;Benzin;64,1;%;PKWANT;Anteil am Pkw-Bestand, berechnet
46251;;;;2026-01-01;KREISE;;16065;;KLASS;;A2;Diesel;27,8;%;PKWANT;Anteil am Pkw-Bestand, berechnet
46251;;;;2026-01-01;KREISE;;16065;;KLASS;;A3;Gas (einschl. bivalent);0,4;%;PKWANT;Anteil am Pkw-Bestand, berechnet
46251;;;;2026-01-01;KREISE;;16065;;KLASS;;A4;Hybrid;6,2;%;PKWANT;Anteil am Pkw-Bestand, berechnet
46251;;;;2026-01-01;KREISE;;16065;;KLASS;;A5;darunter Plug-In-Hybrid;1,2;%;PKWANT;Anteil am Pkw-Bestand, berechnet
46251;;;;2026-01-01;KREISE;;16065;;KLASS;;A6;Elektro;1,5;%;PKWANT;Anteil am Pkw-Bestand, berechnet
46251;;;;2026-01-01;KREISE;;16065;;KLASS;;A7;sonstige Kraftstoffarten;0,0;%;PKWANT;Anteil am Pkw-Bestand, berechnet
46251;;;;2026-01-01;KREISE;;16066;Schmalkalden-Meiningen, Landkreis;KLASS;;;Insgesamt;75859;Anzahl;W1;Personenkraftwagen nach Kraftstoffarten
46251;;;;2026-01-01;KREISE;;16066;;KLASS;;A1;Benzin;45837;Anzahl;W1;Personenkraftwagen nach Kraftstoffarten
46251;;;;2026-01-01;KREISE;;16066;;KLASS;;A2;Diesel;22382;Anzahl;W1;Personenkraftwagen nach Kraftstoffarten
46251;;;;2026-01-01;KREISE;;16066;;KLASS;;A3;Gas (einschl. bivalent);414;Anzahl;W1;Personenkraftwagen nach Kraftstoffarten
46251;;;;2026-01-01;KREISE;;16066;;KLASS;;A4;Hybrid;5776;Anzahl;W1;Personenkraftwagen nach Kraftstoffarten
46251;;;;2026-01-01;KREISE;;16066;;KLASS;;A5;darunter Plug-In-Hybrid;1114;Anzahl;W1;Personenkraftwagen nach Kraftstoffarten
46251;;;;2026-01-01;KREISE;;16066;;KLASS;;A6;Elektro;1432;Anzahl;W1;Personenkraftwagen nach Kraftstoffarten
46251;;;;2026-01-01;KREISE;;16066;;KLASS;;A7;sonstige Kraftstoffarten;18;Anzahl;W1;Personenkraftwagen nach Kraftstoffarten
46251;;;;2026-01-01;KREISE;;16066;;;;;;637,9;;PKWEW;Pkw je 1.000 Einwohner, berechnet
46251;;;;2026-01-01;KREISE;;16066;;KLASS;;A1;Benzin;60,4;%;PKWANT;Anteil am Pkw-Bestand, berechnet
46251;;;;2026-01-01;KREISE;;16066;;KLASS;;A2;Diesel;29,5;%;PKWANT;Anteil am Pkw-Bestand, berechnet
46251;;;;2026-01-01;KREISE;;16066;;KLASS;;A3;Gas (einschl. bivalent);0,5;%;PKWANT;Anteil am Pkw-Bestand, berechnet
46251;;;;2026-01-01;KREISE;;16066;;KLASS;;A4;Hybrid;7,6;%;PKWANT;Anteil am Pkw-Bestand, berechnet
46251;;;;2026-01-01;KREISE;;16066;;KLASS;;A5;darunter Plug-In-Hybrid;1,5;%;PKWANT;Anteil am Pkw-Bestand, berechnet
46251;;;;2026-01-01;KREISE;;16066;;KLASS;;A6;Elektro;1,9;%;PKWANT;Anteil am Pkw-Bestand, berechnet
46251;;;;2026-01-01;KREISE;;16066;;KLASS;;A7;sonstige Kraftstoffarten;0,0;%;PKWANT;Anteil am Pkw-Bestand, berechnet
46251;;;;2026-01-01;KREISE;;16067;Gotha, Landkreis;KLASS;;;Insgesamt;76676;Anzahl;W1;Personenkraftwagen nach Kraftstoffarten
46251;;;;2026-01-01;KREISE;;16067;;KLASS;;A1;Benzin;47397;Anzahl;W1;Personenkraftwagen nach Kraftstoffarten
46251;;;;2026-01-01;KREISE;;16067;;KLASS;;A2;Diesel;20661;Anzahl;W1;Personenkraftwagen nach Kraftstoffarten
46251;;;;2026-01-01;KREISE;;16067;;KLASS;;A3;Gas (einschl. bivalent);393;Anzahl;W1;Personenkraftwagen nach Kraftstoffarten
46251;;;;2026-01-01;KREISE;;16067;;KLASS;;A4;Hybrid;6454;Anzahl;W1;Personenkraftwagen nach Kraftstoffarten
46251;;;;2026-01-01;KREISE;;16067;;KLASS;;A5;darunter Plug-In-Hybrid;1274;Anzahl;W1;Personenkraftwagen nach Kraftstoffarten
46251;;;;2026-01-01;KREISE;;16067;;KLASS;;A6;Elektro;1753;Anzahl;W1;Personenkraftwagen nach Kraftstoffarten
46251;;;;2026-01-01;KREISE;;16067;;KLASS;;A7;sonstige Kraftstoffarten;18;Anzahl;W1;Personenkraftwagen nach Kraftstoffarten
46251;;;;2026-01-01;KREISE;;16067;;;;;;570,3;;PKWEW;Pkw je 1.000 Einwohner, berechnet
46251;;;;2026-01-01;KREISE;;16067;;KLASS;;A1;Benzin;61,8;%;PKWANT;Anteil am Pkw-Bestand, berechnet
46251;;;;2026-01-01;KREISE;;16067;;KLASS;;A2;Diesel;26,9;%;PKWANT;Anteil am Pkw-Bestand, berechnet
46251;;;;2026-01-01;KREISE;;16067;;KLASS;;A3;Gas (einschl. bivalent);0,5;%;PKWANT;Anteil am Pkw-Bestand, berechnet
46251;;;;2026-01-01;KREISE;;16067;;KLASS;;A4;Hybrid;8,4;%;PKWANT;Anteil am Pkw-Bestand, berechnet
46251;;;;2026-01-01;KREISE;;16067;;KLASS;;A5;darunter Plug-In-Hybrid;1,7;%;PKWANT;Anteil am Pkw-Bestand, berechnet
46251;;;;2026-01-01;KREISE;;16067;;KLASS;;A6;Elektro;2,3;%;PKWANT;Anteil am Pkw-Bestand, berechnet
46251;;;;2026-01-01;KREISE;;16067;;KLASS;;A7;sonstige Kraftstoffarten;0,0;%;PKWANT;Anteil am Pkw-Bestand, berechnet
46251;;;;2026-01-01;KREISE;;16068;Sömmerda, Landkreis;KLASS;;;Insgesamt;40646;Anzahl;W1;Personenkraftwagen nach Kraftstoffarten
46251;;;;2026-01-01;KREISE;;16068;;KLASS;;A1;Benzin;25311;Anzahl;W1;Personenkraftwagen nach Kraftstoffarten
46251;;;;2026-01-01;KREISE;;16068;;KLASS;;A2;Diesel;11703;Anzahl;W1;Personenkraftwagen nach Kraftstoffarten
46251;;;;2026-01-01;KREISE;;16068;;KLASS;;A3;Gas (einschl. bivalent);175;Anzahl;W1;Personenkraftwagen nach Kraftstoffarten
46251;;;;2026-01-01;KREISE;;16068;;KLASS;;A4;Hybrid;2622;Anzahl;W1;Personenkraftwagen nach Kraftstoffarten
46251;;;;2026-01-01;KREISE;;16068;;KLASS;;A5;darunter Plug-In-Hybrid;561;Anzahl;W1;Personenkraftwagen nach Kraftstoffarten
46251;;;;2026-01-01;KREISE;;16068;;KLASS;;A6;Elektro;826;Anzahl;W1;Personenkraftwagen nach Kraftstoffarten
46251;;;;2026-01-01;KREISE;;16068;;KLASS;;A7;sonstige Kraftstoffarten;9;Anzahl;W1;Personenkraftwagen nach Kraftstoffarten
46251;;;;2026-01-01;KREISE;;16068;;;;;;605,7;;PKWEW;Pkw je 1.000 Einwohner, berechnet
46251;;;;2026-01-01;KREISE;;16068;;KLASS;;A1;Benzin;62,3;%;PKWANT;Anteil am Pkw-Bestand, berechnet
46251;;;;2026-01-01;KREISE;;16068;;KLASS;;A2;Diesel;28,8;%;PKWANT;Anteil am Pkw-Bestand, berechnet
46251;;;;2026-01-01;KREISE;;16068;;KLASS;;A3;Gas (einschl. bivalent);0,4;%;PKWANT;Anteil am Pkw-Bestand, berechnet
46251;;;;2026-01-01;KREISE;;16068;;KLASS;;A4;Hybrid;6,5;%;PKWANT;Anteil am Pkw-Bestand, berechnet
46251;;;;2026-01-01;KREISE;;16068;;KLASS;;A5;darunter Plug-In-Hybrid;1,4;%;PKWANT;Anteil am Pkw-Bestand, berechnet
46251;;;;2026-01-01;KREISE;;16068;;KLASS;;A6;Elektro;2,0;%;PKWANT;Anteil am Pkw-Bestand, berechnet
46251;;;;2026-01-01;KREISE;;16068;;KLASS;;A7;sonstige Kraftstoffarten;0,0;%;PKWANT;Anteil am Pkw-Bestand, berechnet
46251;;;;2026-01-01;KREISE;;16069;Hildburghausen, Landkreis;KLASS;;;Insgesamt;38820;Anzahl;W1;Personenkraftwagen nach Kraftstoffarten
46251;;;;2026-01-01;KREISE;;16069;;KLASS;;A1;Benzin;23365;Anzahl;W1;Personenkraftwagen nach Kraftstoffarten
46251;;;;2026-01-01;KREISE;;16069;;KLASS;;A2;Diesel;12051;Anzahl;W1;Personenkraftwagen nach Kraftstoffarten
46251;;;;2026-01-01;KREISE;;16069;;KLASS;;A3;Gas (einschl. bivalent);155;Anzahl;W1;Personenkraftwagen nach Kraftstoffarten
46251;;;;2026-01-01;KREISE;;16069;;KLASS;;A4;Hybrid;2520;Anzahl;W1;Personenkraftwagen nach Kraftstoffarten
46251;;;;2026-01-01;KREISE;;16069;;KLASS;;A5;darunter Plug-In-Hybrid;451;Anzahl;W1;Personenkraftwagen nach Kraftstoffarten
46251;;;;2026-01-01;KREISE;;16069;;KLASS;;A6;Elektro;716;Anzahl;W1;Personenkraftwagen nach Kraftstoffarten
46251;;;;2026-01-01;KREISE;;16069;;KLASS;;A7;sonstige Kraftstoffarten;13;Anzahl;W1;Personenkraftwagen nach Kraftstoffarten
46251;;;;2026-01-01;KREISE;;16069;;;;;;654,8;;PKWEW;Pkw je 1.000 Einwohner, berechnet
46251;;;;2026-01-01;KREISE;;16069;;KLASS;;A1;Benzin;60,2;%;PKWANT;Anteil am Pkw-Bestand, berechnet
46251;;;;2026-01-01;KREISE;;16069;;KLASS;;A2;Diesel;31,0;%;PKWANT;Anteil am Pkw-Bestand, berechnet
46251;;;;2026-01-01;KREISE;;16069;;KLASS;;A3;Gas (einschl. bivalent);0,4;%;PKWANT;Anteil am Pkw-Bestand, berechnet
46251;;;;2026-01-01;KREISE;;16069;;KLASS;;A4;Hybrid;6,5;%;PKWANT;Anteil am Pkw-Bestand, berechnet
46251;;;;2026-01-01;KREISE;;16069;;KLASS;;A5;darunter Plug-In-Hybrid;1,2;%;PKWANT;Anteil am Pkw-Bestand, berechnet
46251;;;;2026-01-01;KREISE;;16069;;KLASS;;A6;Elektro;1,8;%;PKWANT;Anteil am Pkw-Bestand, berechnet
46251;;;;2026-01-01;KREISE;;16069;;KLASS;;A7;sonstige Kraftstoffarten;0,0;%;PKWANT;Anteil am Pkw-Bestand, berechnet
46251;;;;2026-01-01;KREISE;;16070;Ilm-Kreis;KLASS;;;Insgesamt;58975;Anzahl;W1;Personenkraftwagen nach Kraftstoffarten
46251;;;;2026-01-01;KREISE;;16070;;KLASS;;A1;Benzin;35904;Anzahl;W1;Personenkraftwagen nach Kraftstoffarten
46251;;;;2026-01-01;KREISE;;16070;;KLASS;;A2;Diesel;16285;Anzahl;W1;Personenkraftwagen nach Kraftstoffarten
46251;;;;2026-01-01;KREISE;;16070;;KLASS;;A3;Gas (einschl. bivalent);441;Anzahl;W1;Personenkraftwagen nach Kraftstoffarten
46251;;;;2026-01-01;KREISE;;16070;;KLASS;;A4;Hybrid;4814;Anzahl;W1;Personenkraftwagen nach Kraftstoffarten
46251;;;;2026-01-01;KREISE;;16070;;KLASS;;A5;darunter Plug-In-Hybrid;935;Anzahl;W1;Personenkraftwagen nach Kraftstoffarten
46251;;;;2026-01-01;KREISE;;16070;;KLASS;;A6;Elektro;1520;Anzahl;W1;Personenkraftwagen nach Kraftstoffarten
46251;;;;2026-01-01;KREISE;;16070;;KLASS;;A7;sonstige Kraftstoffarten;11;Anzahl;W1;Personenkraftwagen nach Kraftstoffarten
46251;;;;2026-01-01;KREISE;;16070;;;;;;556,3;;PKWEW;Pkw je 1.000 Einwohner, berechnet
46251;;;;2026-01-01;KREISE;;16070;;KLASS;;A1;Benzin;60,9;%;PKWANT;Anteil am Pkw-Bestand, berechnet
46251;;;;2026-01-01;KREISE;;16070;;KLASS;;A2;Diesel;27,6;%;PKWANT;Anteil am Pkw-Bestand, berechnet
46251;;;;2026-01-01;KREISE;;16070;;KLASS;;A3;Gas (einschl. bivalent);0,7;%;PKWANT;Anteil am Pkw-Bestand, berechnet
46251;;;;2026-01-01;KREISE;;16070;;KLASS;;A4;Hybrid;8,2;%;PKWANT;Anteil am Pkw-Bestand, berechnet
46251;;;;2026-01-01;KREISE;;16070;;KLASS;;A5;darunter Plug-In-Hybrid;1,6;%;PKWANT;Anteil am Pkw-Bestand, berechnet
46251;;;;2026-01-01;KREISE;;16070;;KLASS;;A6;Elektro;2,6;%;PKWANT;Anteil am Pkw-Bestand, berechnet
46251;;;;2026-01-01;KREISE;;16070;;KLASS;;A7;sonstige Kraftstoffarten;0,0;%;PKWANT;Anteil am Pkw-Bestand, berechnet
46251;;;;2026-01-01;KREISE;;16071;Weimarer Land, Landkreis;KLASS;;;Insgesamt;49638;Anzahl;W1;Personenkraftwagen nach Kraftstoffarten
46251;;;;2026-01-01;KREISE;;16071;;KLASS;;A1;Benzin;30443;Anzahl;W1;Personenkraftwagen nach Kraftstoffarten
46251;;;;2026-01-01;KREISE;;16071;;KLASS;;A2;Diesel;13935;Anzahl;W1;Personenkraftwagen nach Kraftstoffarten
46251;;;;2026-01-01;KREISE;;16071;;KLASS;;A3;Gas (einschl. bivalent);252;Anzahl;W1;Personenkraftwagen nach Kraftstoffarten
46251;;;;2026-01-01;KREISE;;16071;;KLASS;;A4;Hybrid;3790;Anzahl;W1;Personenkraftwagen nach Kraftstoffarten
46251;;;;2026-01-01;KREISE;;16071;;KLASS;;A5;darunter Plug-In-Hybrid;838;Anzahl;W1;Personenkraftwagen nach Kraftstoffarten
46251;;;;2026-01-01;KREISE;;16071;;KLASS;;A6;Elektro;1209;Anzahl;W1;Personenkraftwagen nach Kraftstoffarten
46251;;;;2026-01-01;KREISE;;16071;;KLASS;;A7;sonstige Kraftstoffarten;9;Anzahl;W1;Personenkraftwagen nach Kraftstoffarten
46251;;;;2026-01-01;KREISE;;16071;;;;;;607,1;;PKWEW;Pkw je 1.000 Einwohner, berechnet
46251;;;;2026-01-01;KREISE;;16071;;KLASS;;A1;Benzin;61,3;%;PKWANT;Anteil am Pkw-Bestand, berechnet
46251;;;;2026-01-01;KREISE;;16071;;KLASS;;A2;Diesel;28,1;%;PKWANT;Anteil am Pkw-Bestand, berechnet
46251;;;;2026-01-01;KREISE;;16071;;KLASS;;A3;Gas (einschl. bivalent);0,5;%;PKWANT;Anteil am Pkw-Bestand, berechnet
46251;;;;2026-01-01;KREISE;;16071;;KLASS;;A4;Hybrid;7,6;%;PKWANT;Anteil am Pkw-Bestand, berechnet
46251;;;;2026-01-01;KREISE;;16071;;KLASS;;A5;darunter Plug-In-Hybrid;1,7;%;PKWANT;Anteil am Pkw-Bestand, berechnet
46251;;;;2026-01-01;KREISE;;16071;;KLASS;;A6;Elektro;2,4;%;PKWANT;Anteil am Pkw-Bestand, berechnet
46251;;;;2026-01-01;KREISE;;16071;;KLASS;;A7;sonstige Kraftstoffarten;0,0;%;PKWANT;Anteil am Pkw-Bestand, berechnet
46251;;;;2026-01-01;KREISE;;16072;Sonneberg, Landkreis;KLASS;;;Insgesamt;34344;Anzahl;W1;Personenkraftwagen nach Kraftstoffarten
46251;;;;2026-01-01;KREISE;;16072;;KLASS;;A1;Benzin;22605;Anzahl;W1;Personenkraftwagen nach Kraftstoffarten
46251;;;;2026-01-01;KREISE;;16072;;KLASS;;A2;Diesel;8009;Anzahl;W1;Personenkraftwagen nach Kraftstoffarten
46251;;;;2026-01-01;KREISE;;16072;;KLASS;;A3;Gas (einschl. bivalent);164;Anzahl;W1;Personenkraftwagen nach Kraftstoffarten
46251;;;;2026-01-01;KREISE;;16072;;KLASS;;A4;Hybrid;2973;Anzahl;W1;Personenkraftwagen nach Kraftstoffarten
46251;;;;2026-01-01;KREISE;;16072;;KLASS;;A5;darunter Plug-In-Hybrid;487;Anzahl;W1;Personenkraftwagen nach Kraftstoffarten
46251;;;;2026-01-01;KREISE;;16072;;KLASS;;A6;Elektro;580;Anzahl;W1;Personenkraftwagen nach Kraftstoffarten
46251;;;;2026-01-01;KREISE;;16072;;KLASS;;A7;sonstige Kraftstoffarten;13;Anzahl;W1;Personenkraftwagen nach Kraftstoffarten
46251;;;;2026-01-01;KREISE;;16072;;;;;;633,1;;PKWEW;Pkw je 1.000 Einwohner, berechnet
46251;;;;2026-01-01;KREISE;;16072;;KLASS;;A1;Benzin;65,8;%;PKWANT;Anteil am Pkw-Bestand, berechnet
46251;;;;2026-01-01;KREISE;;16072;;KLASS;;A2;Diesel;23,3;%;PKWANT;Anteil am Pkw-Bestand, berechnet
46251;;;;2026-01-01;KREISE;;16072;;KLASS;;A3;Gas (einschl. bivalent);0,5;%;PKWANT;Anteil am Pkw-Bestand, berechnet
46251;;;;2026-01-01;KREISE;;16072;;KLASS;;A4;Hybrid;8,7;%;PKWANT;Anteil am Pkw-Bestand, berechnet
46251;;;;2026-01-01;KREISE;;16072;;KLASS;;A5;darunter Plug-In-Hybrid;1,4;%;PKWANT;Anteil am Pkw-Bestand, berechnet
46251;;;;2026-01-01;KREISE;;16072;;KLASS;;A6;Elektro;1,7;%;PKWANT;Anteil am Pkw-Bestand, berechnet
46251;;;;2026-01-01;KREISE;;16072;;KLASS;;A7;sonstige Kraftstoffarten;0,0;%;PKWANT;Anteil am Pkw-Bestand, berechnet
46251;;;;2026-01-01;KREISE;;16073;Saalfeld-Rudolstadt, Landkreis;KLASS;;;Insgesamt;59487;Anzahl;W1;Personenkraftwagen nach Kraftstoffarten
46251;;;;2026-01-01;KREISE;;16073;;KLASS;;A1;Benzin;37190;Anzahl;W1;Personenkraftwagen nach Kraftstoffarten
46251;;;;2026-01-01;KREISE;;16073;;KLASS;;A2;Diesel;16135;Anzahl;W1;Personenkraftwagen nach Kraftstoffarten
46251;;;;2026-01-01;KREISE;;16073;;KLASS;;A3;Gas (einschl. bivalent);469;Anzahl;W1;Personenkraftwagen nach Kraftstoffarten
46251;;;;2026-01-01;KREISE;;16073;;KLASS;;A4;Hybrid;4507;Anzahl;W1;Personenkraftwagen nach Kraftstoffarten
46251;;;;2026-01-01;KREISE;;16073;;KLASS;;A5;darunter Plug-In-Hybrid;840;Anzahl;W1;Personenkraftwagen nach Kraftstoffarten
46251;;;;2026-01-01;KREISE;;16073;;KLASS;;A6;Elektro;1171;Anzahl;W1;Personenkraftwagen nach Kraftstoffarten
46251;;;;2026-01-01;KREISE;;16073;;KLASS;;A7;sonstige Kraftstoffarten;15;Anzahl;W1;Personenkraftwagen nach Kraftstoffarten
46251;;;;2026-01-01;KREISE;;16073;;;;;;604,6;;PKWEW;Pkw je 1.000 Einwohner, berechnet
46251;;;;2026-01-01;KREISE;;16073;;KLASS;;A1;Benzin;62,5;%;PKWANT;Anteil am Pkw-Bestand, berechnet
46251;;;;2026-01-01;KREISE;;16073;;KLASS;;A2;Diesel;27,1;%;PKWANT;Anteil am Pkw-Bestand, berechnet
46251;;;;2026-01-01;KREISE;;16073;;KLASS;;A3;Gas (einschl. bivalent);0,8;%;PKWANT;Anteil am Pkw-Bestand, berechnet
46251;;;;2026-01-01;KREISE;;16073;;KLASS;;A4;Hybrid;7,6;%;PKWANT;Anteil am Pkw-Bestand, berechnet
46251;;;;2026-01-01;KREISE;;16073;;KLASS;;A5;darunter Plug-In-Hybrid;1,4;%;PKWANT;Anteil am Pkw-Bestand, berechnet
46251;;;;2026-01-01;KREISE;;16073;;KLASS;;A6;Elektro;2,0;%;PKWANT;Anteil am Pkw-Bestand, berechnet
46251;;;;2026-01-01;KREISE;;16073;;KLASS;;A7;sonstige Kraftstoffarten;0,0;%;PKWANT;Anteil am Pkw-Bestand, berechnet
46251;;;;2026-01-01;KREISE;;16074;Saale-Holzland-Kreis;KLASS;;;Insgesamt;49867;Anzahl;W1;Personenkraftwagen nach Kraftstoffarten
46251;;;;2026-01-01;KREISE;;16074;;KLASS;;A1;Benzin;30616;Anzahl;W1;Personenkraftwagen nach Kraftstoffarten
46251;;;;2026-01-01;KREISE;;16074;;KLASS;;A2;Diesel;13878;Anzahl;W1;Personenkraftwagen nach Kraftstoffarten
46251;;;;2026-01-01;KREISE;;16074;;KLASS;;A3;Gas (einschl. bivalent);334;Anzahl;W1;Personenkraftwagen nach Kraftstoffarten
46251;;;;2026-01-01;KREISE;;16074;;KLASS;;A4;Hybrid;3858;Anzahl;W1;Personenkraftwagen nach Kraftstoffarten
46251;;;;2026-01-01;KREISE;;16074;;KLASS;;A5;darunter Plug-In-Hybrid;752;Anzahl;W1;Personenkraftwagen nach Kraftstoffarten
46251;;;;2026-01-01;KREISE;;16074;;KLASS;;A6;Elektro;1170;Anzahl;W1;Personenkraftwagen nach Kraftstoffarten
46251;;;;2026-01-01;KREISE;;16074;;KLASS;;A7;sonstige Kraftstoffarten;11;Anzahl;W1;Personenkraftwagen nach Kraftstoffarten
46251;;;;2026-01-01;KREISE;;16074;;;;;;606,9;;PKWEW;Pkw je 1.000 Einwohner, berechnet
46251;;;;2026-01-01;KREISE;;16074;;KLASS;;A1;Benzin;61,4;%;PKWANT;Anteil am Pkw-Bestand, berechnet
46251;;;;2026-01-01;KREISE;;16074;;KLASS;;A2;Diesel;27,8;%;PKWANT;Anteil am Pkw-Bestand, berechnet
46251;;;;2026-01-01;KREISE;;16074;;KLASS;;A3;Gas (einschl. bivalent);0,7;%;PKWANT;Anteil am Pkw-Bestand, berechnet
46251;;;;2026-01-01;KREISE;;16074;;KLASS;;A4;Hybrid;7,7;%;PKWANT;Anteil am Pkw-Bestand, berechnet
46251;;;;2026-01-01;KREISE;;16074;;KLASS;;A5;darunter Plug-In-Hybrid;1,5;%;PKWANT;Anteil am Pkw-Bestand, berechnet
46251;;;;2026-01-01;KREISE;;16074;;KLASS;;A6;Elektro;2,3;%;PKWANT;Anteil am Pkw-Bestand, berechnet
46251;;;;2026-01-01;KREISE;;16074;;KLASS;;A7;sonstige Kraftstoffarten;0,0;%;PKWANT;Anteil am Pkw-Bestand, berechnet
46251;;;;2026-01-01;KREISE;;16075;Saale-Orla-Kreis;KLASS;;;Insgesamt;49901;Anzahl;W1;Personenkraftwagen nach Kraftstoffarten
46251;;;;2026-01-01;KREISE;;16075;;KLASS;;A1;Benzin;30953;Anzahl;W1;Personenkraftwagen nach Kraftstoffarten
46251;;;;2026-01-01;KREISE;;16075;;KLASS;;A2;Diesel;14909;Anzahl;W1;Personenkraftwagen nach Kraftstoffarten
46251;;;;2026-01-01;KREISE;;16075;;KLASS;;A3;Gas (einschl. bivalent);334;Anzahl;W1;Personenkraftwagen nach Kraftstoffarten
46251;;;;2026-01-01;KREISE;;16075;;KLASS;;A4;Hybrid;2896;Anzahl;W1;Personenkraftwagen nach Kraftstoffarten
46251;;;;2026-01-01;KREISE;;16075;;KLASS;;A5;darunter Plug-In-Hybrid;562;Anzahl;W1;Personenkraftwagen nach Kraftstoffarten
46251;;;;2026-01-01;KREISE;;16075;;KLASS;;A6;Elektro;790;Anzahl;W1;Personenkraftwagen nach Kraftstoffarten
46251;;;;2026-01-01;KREISE;;16075;;KLASS;;A7;sonstige Kraftstoffarten;19;Anzahl;W1;Personenkraftwagen nach Kraftstoffarten
46251;;;;2026-01-01;KREISE;;16075;;;;;;655,0;;PKWEW;Pkw je 1.000 Einwohner, berechnet
46251;;;;2026-01-01;KREISE;;16075;;KLASS;;A1;Benzin;62,0;%;PKWANT;Anteil am Pkw-Bestand, berechnet
46251;;;;2026-01-01;KREISE;;16075;;KLASS;;A2;Diesel;29,9;%;PKWANT;Anteil am Pkw-Bestand, berechnet
46251;;;;2026-01-01;KREISE;;16075;;KLASS;;A3;Gas (einschl. bivalent);0,7;%;PKWANT;Anteil am Pkw-Bestand, berechnet
46251;;;;2026-01-01;KREISE;;16075;;KLASS;;A4;Hybrid;5,8;%;PKWANT;Anteil am Pkw-Bestand, berechnet
46251;;;;2026-01-01;KREISE;;16075;;KLASS;;A5;darunter Plug-In-Hybrid;1,1;%;PKWANT;Anteil am Pkw-Bestand, berechnet
46251;;;;2026-01-01;KREISE;;16075;;KLASS;;A6;Elektro;1,6;%;PKWANT;Anteil am Pkw-Bestand, berechnet
46251;;;;2026-01-01;KREISE;;16075;;KLASS;;A7;sonstige Kraftstoffarten;0,0;%;PKWANT;Anteil am Pkw-Bestand, berechnet
46251;;;;2026-01-01;KREISE;;16076;Greiz, Landkreis;KLASS;;;Insgesamt;59984;Anzahl;W1;Personenkraftwagen nach Kraftstoffarten
46251;;;;2026-01-01;KREISE;;16076;;KLASS;;A1;Benzin;37714;Anzahl;W1;Personenkraftwagen nach Kraftstoffarten
46251;;;;2026-01-01;KREISE;;16076;;KLASS;;A2;Diesel;16510;Anzahl;W1;Personenkraftwagen nach Kraftstoffarten
46251;;;;2026-01-01;KREISE;;16076;;KLASS;;A3;Gas (einschl. bivalent);311;Anzahl;W1;Personenkraftwagen nach Kraftstoffarten
46251;;;;2026-01-01;KREISE;;16076;;KLASS;;A4;Hybrid;4358;Anzahl;W1;Personenkraftwagen nach Kraftstoffarten
46251;;;;2026-01-01;KREISE;;16076;;KLASS;;A5;darunter Plug-In-Hybrid;766;Anzahl;W1;Personenkraftwagen nach Kraftstoffarten
46251;;;;2026-01-01;KREISE;;16076;;KLASS;;A6;Elektro;1079;Anzahl;W1;Personenkraftwagen nach Kraftstoffarten
46251;;;;2026-01-01;KREISE;;16076;;KLASS;;A7;sonstige Kraftstoffarten;12;Anzahl;W1;Personenkraftwagen nach Kraftstoffarten
46251;;;;2026-01-01;KREISE;;16076;;;;;;648,6;;PKWEW;Pkw je 1.000 Einwohner, berechnet
46251;;;;2026-01-01;KREISE;;16076;;KLASS;;A1;Benzin;62,9;%;PKWANT;Anteil am Pkw-Bestand, berechnet
46251;;;;2026-01-01;KREISE;;16076;;KLASS;;A2;Diesel;27,5;%;PKWANT;Anteil am Pkw-Bestand, berechnet
46251;;;;2026-01-01;KREISE;;16076;;KLASS;;A3;Gas (einschl. bivalent);0,5;%;PKWANT;Anteil am Pkw-Bestand, berechnet
46251;;;;2026-01-01;KREISE;;16076;;KLASS;;A4;Hybrid;7,3;%;PKWANT;Anteil am Pkw-Bestand, berechnet
46251;;;;2026-01-01;KREISE;;16076;;KLASS;;A5;darunter Plug-In-Hybrid;1,3;%;PKWANT;Anteil am Pkw-Bestand, berechnet
46251;;;;2026-01-01;KREISE;;16076;;KLASS;;A6;Elektro;1,8;%;PKWANT;Anteil am Pkw-Bestand, berechnet
46251;;;;2026-01-01;KREISE;;16076;;KLASS;;A7;sonstige Kraftstoffarten;0,0;%;PKWANT;Anteil am Pkw-Bestand, berechnet
46251;;;;2026-01-01;KREISE;;16077;Altenburger Land, Landkreis;KLASS;;;Insgesamt;51194;Anzahl;W1;Personenkraftwagen nach Kraftstoffarten
46251;;;;2026-01-01;KREISE;;16077;;KLASS;;A1;Benzin;34056;Anzahl;W1;Personenkraftwagen nach Kraftstoffarten
46251;;;;2026-01-01;KREISE;;16077;;KLASS;;A2;Diesel;12066;Anzahl;W1;Personenkraftwagen nach Kraftstoffarten
46251;;;;2026-01-01;KREISE;;16077;;KLASS;;A3;Gas (einschl. bivalent);248;Anzahl;W1;Personenkraftwagen nach Kraftstoffarten
46251;;;;2026-01-01;KREISE;;16077;;KLASS;;A4;Hybrid;3990;Anzahl;W1;Personenkraftwagen nach Kraftstoffarten
46251;;;;2026-01-01;KREISE;;16077;;KLASS;;A5;darunter Plug-In-Hybrid;737;Anzahl;W1;Personenkraftwagen nach Kraftstoffarten
46251;;;;2026-01-01;KREISE;;16077;;KLASS;;A6;Elektro;819;Anzahl;W1;Personenkraftwagen nach Kraftstoffarten
46251;;;;2026-01-01;KREISE;;16077;;KLASS;;A7;sonstige Kraftstoffarten;15;Anzahl;W1;Personenkraftwagen nach Kraftstoffarten
46251;;;;2026-01-01;KREISE;;16077;;;;;;590,4;;PKWEW;Pkw je 1.000 Einwohner, berechnet
46251;;;;2026-01-01;KREISE;;16077;;KLASS;;A1;Benzin;66,5;%;PKWANT;Anteil am Pkw-Bestand, berechnet
46251;;;;2026-01-01;KREISE;;16077;;KLASS;;A2;Diesel;23,6;%;PKWANT;Anteil am Pkw-Bestand, berechnet
46251;;;;2026-01-01;KREISE;;16077;;KLASS;;A3;Gas (einschl. bivalent);0,5;%;PKWANT;Anteil am Pkw-Bestand, berechnet
46251;;;;2026-01-01;KREISE;;16077;;KLASS;;A4;Hybrid;7,8;%;PKWANT;Anteil am Pkw-Bestand, berechnet
46251;;;;2026-01-01;KREISE;;16077;;KLASS;;A5;darunter Plug-In-Hybrid;1,4;%;PKWANT;Anteil am Pkw-Bestand, berechnet
46251;;;;2026-01-01;KREISE;;16077;;KLASS;;A6;Elektro;1,6;%;PKWANT;Anteil am Pkw-Bestand, berechnet
46251;;;;2026-01-01;KREISE;;16077;;KLASS;;A7;sonstige Kraftstoffarten;0,0;%;PKWANT;Anteil am Pkw-Bestand, berechnet
